time,seconds_elapsed,z,y,x
1696965594283725800,0.190725830078125,0.2514162063598633,0.06952345371246338,0.10072609037160873
1696965594293741600,0.200741455078125,-0.9465742111206055,-0.010462641716003418,0.08857236057519913
1696965594303759600,0.210759521484375,-0.8038911819458008,0.4432520270347595,0.8122388124465942
1696965594313779700,0.22077978515625,1.5071907043457031,0.7766112089157104,0.4934099316596985
1696965594323801300,0.23080126953125,1.0420703887939453,0.147335946559906,0.051479458808898926
1696965594333824500,0.240824462890625,-1.7460355758666992,-0.3177488148212433,-0.01566256582736969
1696965594343848400,0.250848388671875,-0.5833902359008789,0.4968160390853882,0.6590589284896851
1696965594353872600,0.26087255859375,1.8335838317871094,0.6720653772354126,0.4211452007293701
1696965594363897000,0.27089697265625,0.183746337890625,0.0391727089881897,-0.17853617668151855
1696965594373912300,0.280912353515625,-1.0978927612304688,-0.36571675539016724,0.03733271360397339
1696965594383926300,0.29092626953125,-0.7088260650634766,0.3125230669975281,0.6339249610900879
1696965594393940200,0.300940185546875,1.4566307067871094,0.552242636680603,0.393392413854599
1696965594403954200,0.3109541015625,0.9539241790771484,0.14503741264343262,-0.28991568088531494
1696965594413968100,0.320968017578125,-1.7829413414001465,-0.3659094274044037,-0.06668795645236969
1696965594423982300,0.330982421875,-0.5873994827270508,0.38140106201171875,0.598131537437439
1696965594433996300,0.340996337890625,1.8245773315429688,0.4748843312263489,0.36881816387176514
1696965594444010200,0.35101025390625,0.1695556640625,-0.21772730350494385,-0.2701302468776703
1696965594454024200,0.361024169921875,-1.2972345352172852,-0.24170640110969543,-0.01280142366886139
1696965594464038400,0.371038330078125,-0.5064859390258789,0.37750691175460815,0.5496493577957153
1696965594474052400,0.38105224609375,1.5951080322265625,0.47055667638778687,0.17070269584655762
1696965594484066300,0.39106640625,0.7215023040771484,-0.08478277921676636,-0.2870958149433136
1696965594494080300,0.401080322265625,-1.9005985260009766,-0.480959415435791,0.017652809619903564
1696965594504094200,0.41109423828125,-0.30942630767822266,0.3303702473640442,0.6216708421707153
1696965594514108400,0.4211083984375,1.9698162078857422,0.4581466317176819,0.18275785446166992
1696965594524122400,0.431122314453125,-0.017744064331054688,-0.2639298141002655,-0.4164244532585144
1696965594534136300,0.44113623046875,-1.319188117980957,-0.28862425684928894,-0.05280765891075134
1696965594544150300,0.451150390625,-0.2949247360229492,0.18196725845336914,0.5759190320968628
1696965594554164500,0.46116455078125,1.6275959014892578,0.3634011745452881,0.14226800203323364
1696965594564178400,0.471178466796875,0.4976463317871094,-0.1990196704864502,-0.30786508321762085
1696965594574192400,0.4811923828125,-1.9691100120544434,-0.3993467390537262,-0.007419198751449585
1696965594584206300,0.491206298828125,-0.05617713928222656,0.2716028094291687,0.5276088118553162
1696965594594220500,0.501220458984375,1.8417139053344727,0.29657185077667236,0.05484768748283386
1696965594604234500,0.511234375,-0.04467296600341797,-0.3949227035045624,-0.2872961759567261
1696965594614248400,0.52124853515625,-1.4045486450195312,-0.4227360486984253,0.031146377325057983
1696965594624262400,0.531262451171875,-0.04300498962402344,0.2068014144897461,0.4080713391304016
1696965594634276400,0.5412763671875,1.6809587478637695,0.20126330852508545,0.09245523810386658
1696965594644290600,0.55129052734375,0.27117347717285156,-0.3388805091381073,-0.2890543043613434
1696965594654304500,0.561304443359375,-1.9843358993530273,-0.42586684226989746,0.08726423978805542
1696965594664318500,0.571318359375,0.0787200927734375,0.1911090612411499,0.4105062186717987
1696965594674332400,0.58133251953125,2.178685188293457,0.2846933603286743,0.14714565873146057
1696965594684346600,0.5913466796875,-0.30606555938720703,-0.3385903537273407,-0.31936830282211304
1696965594694360600,0.601360595703125,-1.703744888305664,-0.4162362217903137,0.02331969141960144
1696965594704374500,0.61137451171875,0.2600088119506836,0.32718533277511597,0.47176435589790344
1696965594714388500,0.621388427734375,1.8432893753051758,0.11605942249298096,0.0768134593963623
1696965594724402400,0.63140234375,-0.2361440658569336,-0.009072542190551758,-0.37231943011283875
1696965594734416600,0.641416748046875,-1.2896156311035156,-0.49058860540390015,0.05296093225479126
1696965594744430600,0.6514306640625,-0.8194732666015625,0.5330085754394531,0.4775201082229614
1696965594754444500,0.661444580078125,3.204230308532715,0.30066990852355957,0.0850379467010498
1696965594764458500,0.67145849609375,-1.3609867095947266,-0.1746056079864502,-0.39839208126068115
1696965594774472700,0.68147265625,-1.3422327041625977,-0.1745682954788208,0.11757603287696838
1696965594784486700,0.691486572265625,0.3806896209716797,0.5167008638381958,0.4310775399208069
1696965594794500600,0.70150048828125,1.6134347915649414,0.4119938015937805,-0.035499632358551025
1696965594804514600,0.7115146484375,-0.36379432678222656,-0.10586845874786377,-0.30332350730895996
1696965594814528800,0.72152880859375,-2.0029520988464355,-0.057140469551086426,0.19988906383514404
1696965594824542700,0.731542724609375,0.7397785186767578,0.5925449132919312,0.48170867562294006
1696965594834556700,0.741556640625,1.8790569305419922,0.36795300245285034,0.020770281553268433
1696965594844570600,0.751570556640625,-1.0933008193969727,-0.285421222448349,-0.37108463048934937
1696965594854584600,0.76158447265625,-1.289078712463379,0.10671985149383545,0.25090280175209045
1696965594864598800,0.771598876953125,0.8868589401245117,0.4229394793510437,0.5245227813720703
1696965594874612700,0.78161279296875,1.3695182800292969,0.2445949912071228,-0.07895369827747345
1696965594884626700,0.791626708984375,-0.737156867980957,-0.23686301708221436,-0.36120739579200745
1696965594894641000,0.801640869140625,-1.6900367736816406,-0.029807984828948975,0.2144562304019928
1696965594904654800,0.81165478515625,0.9881887435913086,0.426910400390625,0.39404726028442383
1696965594914668800,0.821668701171875,1.6595849990844727,0.12998682260513306,-0.16937345266342163
1696965594924683000,0.83168310546875,-1.2549467086791992,-0.4351380169391632,-0.38033950328826904
1696965594934697000,0.841697021484375,-1.2711257934570312,-0.04037833213806152,0.24237984418869019
1696965594944711200,0.851711181640625,1.0052738189697266,0.2642057538032532,0.3564380407333374
1696965594954725000,0.86172509765625,1.2568740844726562,0.017630934715270996,-0.2884513735771179
1696965594964739300,0.8717392578125,-0.943934440612793,-0.41034141182899475,-0.3230951428413391
1696965594974753300,0.881753173828125,-1.6318473815917969,-0.04914093017578125,0.3084248900413513
1696965594984767200,0.891767333984375,1.704690933227539,0.5772860050201416,0.5869549512863159
1696965594994781400,0.901781494140625,1.4139652252197266,0.3050939440727234,-0.1357526034116745
1696965595004795400,0.91179541015625,-1.3715295791625977,-0.2151758074760437,-0.16277249157428741
1696965595014809600,0.9218095703125,-0.6827621459960938,0.776725709438324,0.31610292196273804
1696965595024823600,0.931823486328125,-0.17279052734375,1.8833435773849487,0.0917482078075409
1696965595034837800,0.941837646484375,1.642512321472168,0.9221518635749817,-0.1043565422296524
1696965595044851700,0.951851806640625,-1.4161872863769531,-0.34676048159599304,0.32942405343055725
1696965595054865700,0.96186572265625,-0.6374292373657227,0.0710708498954773,0.23348358273506165
1696965595064879900,0.9718798828125,-0.26042938232421875,0.644598126411438,0.3687211871147156
1696965595074893800,0.981893798828125,1.452235221862793,1.2408218383789062,0.15147244930267334
1696965595084908000,0.991907958984375,0.820591926574707,1.375880479812622,-0.8740766644477844
1696965595094922000,1.001921875,-1.98858642578125,1.1399871110916138,0.12226980924606323
1696965595104936200,1.011936279296875,2.037238121032715,-0.8637763261795044,1.172938346862793
1696965595114950100,1.0219501953125,-1.6573829650878906,0.27917516231536865,0.09920799732208252
1696965595124964400,1.03196435546875,0.0810699462890625,0.653765857219696,-0.2309267818927765
1696965595134978300,1.041978271484375,-1.7493610382080078,1.3242212533950806,-0.05869758129119873
1696965595144992300,1.0519921875,2.544919967651367,0.7095515727996826,0.5287407636642456
1696965595155006500,1.06200634765625,0.5607175827026367,0.40230345726013184,0.13524597883224487
1696965595165020400,1.0720205078125,-2.2234067916870117,-0.685508131980896,-0.268267422914505
1696965595175034600,1.08203466796875,-0.7023630142211914,0.7048212289810181,0.5117472410202026
1696965595185048600,1.092048583984375,0.9268522262573242,0.6184951066970825,0.686326265335083
1696965595195062800,1.102062744140625,0.3151826858520508,0.34213006496429443,-0.3208538293838501
1696965595205076700,1.11207666015625,-0.019884109497070312,0.10455495119094849,-0.6003551483154297
1696965595215090700,1.122090576171875,-1.020669937133789,0.5122314691543579,0.2669525146484375
1696965595225105000,1.13210498046875,0.2797412872314453,0.7536429762840271,0.9148789644241333
1696965595235118800,1.142118896484375,0.7705268859863281,0.5078794360160828,0.0315362811088562
1696965595245133000,1.152133056640625,-0.07191181182861328,0.24111485481262207,-0.36697497963905334
1696965595255147000,1.16214697265625,-1.0963134765625,0.40009748935699463,-0.1545395404100418
1696965595265161200,1.1721611328125,-0.1083984375,0.5106538534164429,0.5210009217262268
1696965595275175200,1.182175048828125,1.629812240600586,0.6815173625946045,0.06189870834350586
1696965595285189000,1.192189208984375,-0.09383296966552734,0.5626761317253113,-0.3152572214603424
1696965595295203300,1.202203369140625,-1.6976385116577148,0.36880773305892944,0.09366071224212646
1696965595305217300,1.21221728515625,0.7816476821899414,0.48064738512039185,0.41063570976257324
1696965595315231500,1.2222314453125,1.1973562240600586,0.3457513451576233,-0.1254967302083969
1696965595325245400,1.232245361328125,-0.7695131301879883,0.04208791255950928,-0.48964983224868774
1696965595335259600,1.242259765625,-1.1948919296264648,0.29351937770843506,0.13577866554260254
1696965595345273600,1.252273681640625,0.25442028045654297,0.6198878288269043,0.5142477750778198
1696965595355287600,1.26228759765625,1.477585792541504,0.45251166820526123,-0.04760780930519104
1696965595365301800,1.2723017578125,-0.33033180236816406,-0.08108365535736084,-0.4592509865760803
1696965595375315700,1.282315673828125,-1.728902816772461,0.0958869457244873,-0.1429165154695511
1696965595385330000,1.292329833984375,0.49930572509765625,0.6813684701919556,0.488461434841156
1696965595395344000,1.30234375,1.0889759063720703,0.3281221389770508,0.10784044861793518
1696965595405358000,1.312358154296875,-0.2645254135131836,-0.09890532493591309,-0.33920127153396606
1696965595415372000,1.3223720703125,-1.2934207916259766,0.30559659004211426,-0.15198008716106415
1696965595425386000,1.332385986328125,0.17581653594970703,0.6374914646148682,0.5039029717445374
1696965595435400200,1.342400146484375,1.4621877670288086,0.5850123167037964,0.15490558743476868
1696965595445414100,1.3524140625,0.23408222198486328,-0.12129783630371094,-0.33909738063812256
1696965595455428400,1.362428466796875,-2.239253520965576,-0.03508436679840088,-0.20855100452899933
1696965595465442300,1.3724423828125,0.6063337326049805,0.7667181491851807,0.546054482460022
1696965595475456500,1.38245654296875,1.6426801681518555,0.4736349582672119,0.31757652759552
1696965595485470500,1.392470458984375,-0.5185556411743164,-0.18854176998138428,-0.3872503340244293
1696965595495484400,1.402484375,-1.6080102920532227,0.03676486015319824,-0.11932022869586945
1696965595505498600,1.41249853515625,0.3391590118408203,0.532683253288269,0.484050452709198
1696965595515512600,1.4225126953125,1.5489978790283203,0.4471747875213623,0.2882656455039978
1696965595525526800,1.43252685546875,0.0969085693359375,-0.3012692928314209,-0.3590410649776459
1696965595535540700,1.442540771484375,-2.333712577819824,-0.09444332122802734,-0.1430370956659317
1696965595545555000,1.452554931640625,0.8172340393066406,0.7031939029693604,0.6206557154655457
1696965595555569000,1.46256884765625,1.0253076553344727,0.35816729068756104,0.31632667779922485
1696965595565582800,1.472582763671875,-0.07119178771972656,-0.2541496753692627,-0.3614533543586731
1696965595575597000,1.48259716796875,-1.1977977752685547,0.022621512413024902,-0.19725412130355835
1696965595585611000,1.492611083984375,-0.01926136016845703,0.5289032459259033,0.5775167942047119
1696965595595625200,1.502625244140625,1.6742477416992188,0.49604034423828125,0.34273484349250793
1696965595605639200,1.51263916015625,-0.07840633392333984,-0.22413814067840576,-0.3475930988788605
1696965595615653400,1.5226533203125,-1.8998537063598633,-0.06526076793670654,-0.1895407736301422
1696965595625667300,1.532667236328125,0.5537843704223633,0.6942964792251587,0.6186070442199707
1696965595635681500,1.542681640625,1.758467674255371,0.4403873682022095,0.2653089463710785
1696965595645695500,1.552695556640625,-0.48488807678222656,-0.23611044883728027,-0.32506173849105835
1696965595655709400,1.56270947265625,-1.490260124206543,-0.12961041927337646,-0.19118675589561462
1696965595665723600,1.5727236328125,-0.024292945861816406,0.5828276872634888,0.584309458732605
1696965595675737600,1.582737548828125,2.340913772583008,0.392450213432312,0.1968245506286621
1696965595685751800,1.592751708984375,-0.4535989761352539,-0.17566239833831787,-0.36335304379463196
1696965595695765800,1.602765869140625,-2.3160505294799805,-0.26450204849243164,-0.1734943389892578
1696965595705780000,1.612780029296875,0.5068874359130859,0.711927056312561,0.6013833284378052
1696965595715794000,1.6227939453125,2.407485008239746,0.4476121664047241,0.21561148762702942
1696965595725807900,1.632807861328125,-1.068171501159668,-0.30599749088287354,-0.4415090084075928
1696965595735822000,1.642822021484375,-2.008470058441162,0.020892977714538574,0.0009044408798217773
1696965595745836000,1.6528359375,1.1124849319458008,0.6333117485046387,0.5802526473999023
1696965595755850200,1.662850341796875,2.405198097229004,0.6206327676773071,-0.04336932301521301
1696965595765864200,1.6728642578125,-2.1892690658569336,-0.16320347785949707,-0.47509312629699707
1696965595775878400,1.68287841796875,-2.1519007682800293,0.0036003589630126953,0.3711896538734436
1696965595785892400,1.692892333984375,3.036376953125,0.9250525236129761,0.430132120847702
1696965595795906300,1.70290625,1.0661497116088867,0.4964555501937866,-0.20490866899490356
1696965595805920500,1.71292041015625,-3.8778815269470215,-0.18634045124053955,-0.45353689789772034
1696965595815934500,1.7229345703125,1.406834602355957,0.4635474681854248,0.6885597705841064
1696965595825948700,1.73294873046875,2.9035348892211914,0.815520167350769,0.0068129003047943115
1696965595835962600,1.742962646484375,-3.3992743492126465,0.2632589340209961,-0.5568134784698486
1696965595845976800,1.752976806640625,-0.4745330810546875,0.002725362777709961,0.34908077120780945
1696965595855990800,1.76299072265625,3.3477745056152344,0.7761977910995483,0.35826510190963745
1696965595866004700,1.773004638671875,-1.86714506149292,0.7205082178115845,-0.34374797344207764
1696965595876019000,1.78301904296875,-2.0566654205322266,-0.03833138942718506,-0.005659371614456177
1696965595886033000,1.793032958984375,3.518294334411621,0.8139452934265137,0.4274584949016571
1696965595896047000,1.803047119140625,-1.5024242401123047,0.8332787752151489,-0.094002366065979
1696965595906061000,1.81306103515625,-2.165858745574951,0.16903042793273926,-0.16625197231769562
1696965595916075300,1.8230751953125,3.967531204223633,0.6952738761901855,0.41950562596321106
1696965595926089200,1.833089111328125,-2.2706217765808105,0.7874400615692139,0.08832597732543945
1696965595936103200,1.843103271484375,-1.0626211166381836,0.37612664699554443,-0.1661667376756668
1696965595946117400,1.853117431640625,3.093111038208008,0.8308510780334473,0.2834392488002777
1696965595956131300,1.86313134765625,-2.988267421722412,0.8601986169815063,0.01162111759185791
1696965595966145500,1.8731455078125,1.4491090774536133,0.6507673263549805,-0.022576212882995605
1696965595976159500,1.883159423828125,0.27945518493652344,0.7955195903778076,0.2958196997642517
1696965595986173700,1.893173583984375,-1.9948348999023438,0.9704424142837524,0.008729398250579834
1696965595996187600,1.903187744140625,2.5903663635253906,0.8813462257385254,0.2510850727558136
1696965596006201600,1.91320166015625,-2.6214728355407715,0.9384160041809082,-0.14909155666828156
1696965596016215800,1.9232158203125,1.6379737854003906,0.9992101192474365,0.21211525797843933
1696965596026229800,1.933229736328125,0.019469261169433594,0.7463964223861694,0.2825393080711365
1696965596036244000,1.943243896484375,-1.600881576538086,0.9836611747741699,-0.0007969141006469727
1696965596046258000,1.9532578125,2.515810012817383,1.140872836112976,0.41315269470214844
1696965596056272100,1.963272216796875,-2.829484462738037,0.8586573600769043,-0.16854327917099
1696965596066286000,1.9732861328125,1.7031793594360352,1.2994917631149292,0.3589816391468048
1696965596076300300,1.98330029296875,-1.1547574996948242,0.6884020566940308,0.1050260066986084
1696965596086314200,1.993314208984375,-0.27675819396972656,1.3894095420837402,0.07760229706764221
1696965596096328200,2.003328125,1.1839542388916016,0.8306295871734619,0.4662187993526459
1696965596106342400,2.01334228515625,-2.9018306732177734,1.1655614376068115,-0.17780078947544098
1696965596116356600,2.023356689453125,3.0282649993896484,1.2010252475738525,0.5761920213699341
1696965596126370600,2.03337060546875,-2.830010414123535,0.8734934329986572,-0.117849200963974
1696965596136384800,2.043384765625,1.3977899551391602,1.5597556829452515,0.46346068382263184
1696965596146399000,2.05339892578125,-0.4816131591796875,0.6894594430923462,-0.04257407784461975
1696965596156413000,2.063412841796875,-0.9321022033691406,1.5380795001983643,0.18710923194885254
1696965596166427100,2.07342724609375,1.4328584671020508,0.8329949378967285,0.3120993375778198
1696965596176441000,2.083441162109375,-2.3398618698120117,1.3906277418136597,-0.15109410881996155
1696965596186455300,2.093455322265625,1.7669382095336914,1.1542189121246338,0.6218568086624146
1696965596196469500,2.103469482421875,-1.3923053741455078,1.2534071207046509,-0.18535447120666504
1696965596206483500,2.1134833984375,0.3833484649658203,1.1866739988327026,0.3895913064479828
1696965596216497700,2.12349755859375,0.0006341934204101562,1.209692358970642,0.08399185538291931
1696965596226512000,2.133511962890625,-0.3472099304199219,1.1281248331069946,0.2824958860874176
1696965596236525800,2.14352587890625,0.32721614837646484,1.2382700443267822,-0.005270808935165405
1696965596246540000,2.1535400390625,-1.2284317016601562,0.9274976253509521,0.01810583472251892
1696965596256554200,2.16355419921875,1.2045183181762695,1.0852996110916138,0.06008920073509216
1696965596266568200,2.173568115234375,-1.6805133819580078,0.5630216598510742,-0.21247032284736633
1696965596276582400,2.18358251953125,0.17727088928222656,0.6816304922103882,0.011399984359741211
1696965596286596400,2.193596435546875,0.0006742477416992188,0.6388229131698608,-0.03165876865386963
1696965596296610600,2.203610595703125,-0.6956281661987305,0.9583674669265747,-0.13207808136940002
1696965596306624800,2.213624755859375,0.20456886291503906,1.013035535812378,0.04474908113479614
1696965596316638700,2.223638671875,-0.4112892150878906,0.7901643514633179,-0.018622219562530518
1696965596326653000,2.23365283203125,-0.15174007415771484,0.6198081970214844,-0.09562617540359497
1696965596336667100,2.243667236328125,0.2646293640136719,0.7537599802017212,-0.055336952209472656
1696965596346681000,2.25368115234375,-0.8002185821533203,0.7674421072006226,0.025299131870269775
1696965596356695300,2.2636953125,0.5921916961669922,1.123855710029602,0.2849907875061035
1696965596366709500,2.27370947265625,-0.6983213424682617,1.2214068174362183,0.14125096797943115
1696965596376723500,2.283723388671875,0.8223953247070312,0.7918074131011963,0.21515095233917236
1696965596386737700,2.293737548828125,-1.1459112167358398,0.593342661857605,-0.05495750904083252
1696965596396751600,2.303751708984375,1.1590042114257812,0.8869537115097046,0.306673526763916
1696965596406765800,2.313765869140625,-0.9632358551025391,0.6429016590118408,0.009282708168029785
1696965596416780000,2.323780029296875,0.3537607192993164,0.8945248126983643,0.15286004543304443
1696965596426794000,2.3337939453125,-0.6772708892822266,0.6959105730056763,0.21147960424423218
1696965596436808200,2.34380810546875,0.3574342727661133,0.6540333032608032,0.268638551235199
1696965596446822400,2.353822509765625,0.04820823669433594,0.5003417730331421,0.03215306997299194
1696965596456836400,2.36383642578125,-0.3213825225830078,0.23782289028167725,0.10870277881622314
1696965596466850600,2.3738505859375,0.2552175521850586,0.3904685974121094,0.30522269010543823
1696965596476864800,2.38386474609375,0.41414451599121094,1.0298339128494263,0.4164310097694397
1696965596486878700,2.393878662109375,-0.24260520935058594,1.1515690088272095,0.5706166625022888
1696965596496893000,2.403892822265625,0.7647590637207031,1.381597638130188,0.6778028607368469
1696965596506907000,2.413906982421875,-0.751399040222168,0.9837855100631714,0.3357754349708557
1696965596516921000,2.423921142578125,0.19953155517578125,1.2018381357192993,0.29087185859680176
1696965596526935300,2.433935302734375,0.27878284454345703,1.6790000200271606,0.5437638163566589
1696965596536949200,2.44394921875,-0.2433185577392578,1.529140591621399,0.46117138862609863
1696965596546963500,2.45396337890625,0.10434913635253906,1.9781361818313599,0.8611553907394409
1696965596556977700,2.463977783203125,-0.47899436950683594,1.8809326887130737,0.6979943513870239
1696965596566991600,2.47399169921875,-0.23345470428466797,1.7215920686721802,0.5279234051704407
1696965596577005800,2.484005859375,0.0637664794921875,1.553330659866333,0.5037803649902344
1696965596587019800,2.494019775390625,-0.16107463836669922,1.4670671224594116,0.5271902084350586
1696965596597034000,2.504033935546875,-0.5853433609008789,1.25859534740448,0.5809996724128723
1696965596607048200,2.514048095703125,0.8392314910888672,1.7121537923812866,0.8447927236557007
1696965596617062100,2.524062255859375,-0.6095609664916992,1.219282865524292,0.5542615056037903
1696965596627076400,2.534076416015625,0.2948455810546875,1.5252647399902344,0.9066957235336304
1696965596637090600,2.544090576171875,0.05030250549316406,1.4519189596176147,0.8605353832244873
1696965596647104500,2.5541044921875,-0.28867149353027344,1.6083167791366577,0.8997950553894043
1696965596657118700,2.56411865234375,0.39983177185058594,1.4815144538879395,1.300736665725708
1696965596667132700,2.574132568359375,-0.12680530548095703,1.201500654220581,0.4419448971748352
1696965596677146600,2.584146728515625,-0.1836071014404297,0.53740394115448,0.09860259294509888
1696965596687160800,2.594160888671875,0.4473094940185547,1.3248172998428345,0.3234784007072449
1696965596697174800,2.6041748046875,-0.19865989685058594,0.3161700963973999,-0.03828263282775879
1696965596707189000,2.61418896484375,-0.025869369506835938,1.0236095190048218,0.2929227948188782
1696965596717203000,2.624202880859375,-0.32137012481689453,0.3737550973892212,0.06263279914855957
1696965596727217200,2.634217041015625,0.18100833892822266,1.1962395906448364,0.40839987993240356
1696965596737231000,2.644231201171875,-0.0008974075317382812,0.4593229293823242,-0.2591424584388733
1696965596747245000,2.6542451171875,-0.4825448989868164,1.0332716703414917,0.2373865246772766
1696965596757259300,2.66425927734375,0.2591838836669922,0.4503357410430908,0.03705251216888428
1696965596767273200,2.674273193359375,-0.7295150756835938,1.0194849967956543,0.3769930601119995
1696965596777287400,2.684287353515625,0.22316837310791016,0.32726311683654785,-0.04900527000427246
1696965596787301400,2.69430126953125,-0.4695243835449219,1.2123303413391113,0.30961596965789795
1696965596797315600,2.704315673828125,0.17192745208740234,0.4239436388015747,0.032099902629852295
1696965596807329500,2.71432958984375,-0.4872760772705078,0.8938717842102051,0.3765142560005188
1696965596817343500,2.724343505859375,0.449951171875,0.5078147649765015,0.07685256004333496
1696965596827357700,2.734357666015625,-0.6779184341430664,0.8867859840393066,0.6724867820739746
1696965596837371600,2.74437158203125,0.7610502243041992,0.3242795467376709,0.23473531007766724
1696965596847385900,2.7543857421875,-0.39222145080566406,0.9999728202819824,0.3802114725112915
1696965596857399800,2.76439990234375,0.31089115142822266,0.2554816007614136,0.17038798332214355
1696965596867414000,2.7744140625,-0.1868877410888672,0.9556347131729126,0.5026757121086121
1696965596877428000,2.784427978515625,0.1669149398803711,0.2632969617843628,0.2470536231994629
1696965596887442000,2.79444189453125,0.19001102447509766,0.6242549419403076,0.27336692810058594
1696965596897456000,2.8044560546875,0.2226715087890625,0.37185871601104736,0.17158526182174683
1696965596907470000,2.814469970703125,0.0643930435180664,0.45536911487579346,0.28683674335479736
1696965596917484300,2.824484375,1.3003549575805664,0.5612107515335083,-0.3577430844306946
1696965596927498200,2.834498291015625,-0.6515512466430664,0.26644372940063477,0.2193533182144165
1696965596937512400,2.844512451171875,1.1793527603149414,-0.051772236824035645,0.27202844619750977
1696965596947526400,2.8545263671875,0.2156972885131836,0.49518585205078125,-0.036229729652404785
1696965596957540600,2.86454052734375,1.093658447265625,0.22844302654266357,-0.3702085614204407
1696965596967554600,2.874554443359375,0.6942863464355469,0.16296136379241943,0.3143352270126343
1696965596977568800,2.88456884765625,1.1551132202148438,0.29276859760284424,-0.07014232873916626
1696965596987583000,2.8945830078125,-0.1945018768310547,-0.025857210159301758,-0.1833564043045044
1696965596997597000,2.904596923828125,2.208059310913086,0.48610901832580566,-0.03942328691482544
1696965597007611100,2.914611083984375,-0.11890125274658203,-0.006547093391418457,0.24791312217712402
1696965597017625000,2.924625,1.3237371444702148,-0.07751142978668213,-0.2515183687210083
1696965597027639300,2.934639404296875,0.6803674697875977,0.24326932430267334,-0.14466524124145508
1696965597037653500,2.944653564453125,1.1850614547729492,0.2222670316696167,-0.1207316517829895
1696965597047667500,2.95466748046875,0.981353759765625,-0.19801104068756104,0.07723003625869751
1696965597057681700,2.964681640625,0.9408540725708008,0.24417459964752197,-0.26047223806381226
1696965597067695900,2.97469580078125,0.05550193786621094,-0.3343660831451416,-0.13942360877990723
1696965597077709800,2.984709716796875,2.0618467330932617,0.15032804012298584,-0.21885478496551514
1696965597087724000,2.99472412109375,-0.3357515335083008,-0.20919859409332275,-0.14767777919769287
1696965597097738200,3.00473828125,1.5432891845703125,0.002103447914123535,-0.2802380323410034
1696965597107752200,3.014752197265625,0.7233667373657227,-0.23411870002746582,0.09109753370285034
1696965597117766400,3.024766357421875,0.3551769256591797,-0.45459961891174316,-0.4051845073699951
1696965597127780400,3.0347802734375,0.9431676864624023,-0.42241764068603516,0.26262760162353516
1696965597137794600,3.044794677734375,0.9998445510864258,-0.36333906650543213,-0.025848448276519775
1696965597147808800,3.054808837890625,0.8696823120117188,-0.509564995765686,0.4790151119232178
1696965597157822700,3.06482275390625,1.5906295776367188,-0.3235424757003784,0.26772254705429077
1696965597167837000,3.0748369140625,0.5804214477539062,-1.1271636486053467,0.30002325773239136
1696965597177851100,3.08485107421875,1.4077863693237305,-0.40136194229125977,0.49537694454193115
1696965597187865000,3.094864990234375,0.5992507934570312,-1.227217674255371,0.07507586479187012
1696965597197879300,3.10487939453125,1.2791805267333984,-0.2938704490661621,0.37589776515960693
1696965597207893500,3.1148935546875,1.0322799682617188,-1.3153314590454102,-0.22966724634170532
1696965597217907500,3.124907470703125,1.6063804626464844,-0.09968698024749756,0.6815034747123718
1696965597227921700,3.134921630859375,0.7302923202514648,-1.1268972158432007,-0.27690088748931885
1696965597237935600,3.144935546875,0.49903011322021484,-0.20796501636505127,0.28001296520233154
1696965597247949800,3.15494970703125,1.470799446105957,-1.0113959312438965,-0.28835684061050415
1696965597257964000,3.164964111328125,0.13287830352783203,0.18891966342926025,-0.013958752155303955
1696965597267978000,3.17497802734375,0.5722179412841797,-0.5690323114395142,-0.261727511882782
1696965597277992200,3.1849921875,0.2453451156616211,-0.004146218299865723,0.48781710863113403
1696965597288006400,3.19500634765625,-0.13219833374023438,-0.2801476716995239,-0.27479565143585205
1696965597298020400,3.205020263671875,-0.7809906005859375,0.3902902603149414,0.3381165862083435
1696965597308034600,3.21503466796875,0.1044921875,0.24782705307006836,0.33997470140457153
1696965597318048800,3.225048828125,-1.4723014831542969,0.4611353874206543,0.17103147506713867
1696965597328062700,3.235062744140625,-0.7891950607299805,0.27230334281921387,-0.023299455642700195
1696965597338077000,3.245076904296875,-1.593317985534668,0.48128414154052734,0.36232107877731323
1696965597348091000,3.2550908203125,-0.8056707382202148,0.7036590576171875,0.3483174443244934
1696965597358105000,3.26510498046875,-2.0220346450805664,0.28685808181762695,0.3982117176055908
1696965597368119300,3.275119384765625,-1.477121353149414,0.7353513240814209,-0.04197657108306885
1696965597378133200,3.28513330078125,-1.8129353523254395,0.39168596267700195,-0.444429874420166
1696965597388147500,3.2951474609375,-2.0904994010925293,0.7994446754455566,-0.5971419811248779
1696965597398161700,3.30516162109375,-2.118710517883301,0.5924398899078369,0.11240434646606445
1696965597408175600,3.315175537109375,-2.5098605155944824,0.9825520515441895,0.18636876344680786
1696965597418189800,3.32518994140625,-2.6240673065185547,0.49689602851867676,-0.17141729593276978
1696965597428204000,3.3352041015625,-2.685913562774658,0.9962325096130371,-0.15878552198410034
1696965597438218000,3.345218017578125,-3.000596523284912,0.7621974945068359,-0.4811941981315613
1696965597448232200,3.355232177734375,-2.684138298034668,1.2551045417785645,-0.3514549136161804
1696965597458246100,3.36524609375,-2.661092758178711,0.636962890625,-0.6442962288856506
1696965597468260400,3.37526025390625,-3.6076645851135254,1.0962836742401123,-0.4328591227531433
1696965597478274600,3.385274658203125,-2.1635985374450684,0.30078649520874023,-0.36334776878356934
1696965597488288500,3.39528857421875,-3.6426773071289062,1.2477660179138184,-0.12674480676651
1696965597498302700,3.405302734375,-2.3562440872192383,0.841672420501709,-0.5136011838912964
1696965597508317200,3.415317138671875,-3.587254047393799,1.3704614639282227,-0.9985220432281494
1696965597518331400,3.425331298828125,-4.060510158538818,0.5479698181152344,-0.9505752921104431
1696965597528345600,3.435345703125,-3.7010750770568848,1.212134838104248,-0.16294503211975098
1696965597538359800,3.44535986328125,-3.854231834411621,0.29254698753356934,-0.18874770402908325
1696965597548374000,3.4553740234375,-3.8033957481384277,-0.041033029556274414,-0.3471601605415344
1696965597558388000,3.465387939453125,-3.1929574012756348,-0.19273924827575684,-0.22581124305725098
1696965597568402000,3.47540185546875,-3.057884693145752,-0.11206865310668945,-0.3193645477294922
1696965597578416000,3.485416015625,-3.478091239929199,0.00734710693359375,-0.27778005599975586
1696965597588430000,3.49543017578125,-2.8661227226257324,0.033606529235839844,-0.16237860918045044
1696965597598444300,3.5054443359375,-4.066735744476318,-0.4178858995437622,-0.43543291091918945
1696965597608458200,3.515458251953125,-3.009336471557617,-0.08124947547912598,-0.3260243535041809
1696965597618472400,3.525472412109375,-3.6745033264160156,-0.31814706325531006,-0.23935788869857788
1696965597628486400,3.535486328125,-2.6574106216430664,0.09792160987854004,-0.16575336456298828
1696965597638500400,3.545500244140625,-2.4984374046325684,0.38605785369873047,0.004533350467681885
1696965597648514600,3.5555146484375,-2.1339659690856934,0.5305659770965576,0.09706580638885498
1696965597658528500,3.565528564453125,-1.7327208518981934,0.7440837621688843,0.30820584297180176
1696965597668542700,3.575542724609375,-1.3656091690063477,2.3555548191070557,1.1672894954681396
1696965597678556700,3.585556640625,-1.9260554313659668,5.101532936096191,3.1070449352264404
1696965597688571000,3.59557080078125,0.6794519424438477,2.676694393157959,4.297801971435547
1696965597698584800,3.605584716796875,0.017152786254882812,0.08352434635162354,2.347426414489746
1696965597708598800,3.615598876953125,-0.5691614151000977,-0.47389328479766846,1.491003155708313
1696965597718613000,3.625613037109375,0.7458763122558594,0.02111637592315674,1.1075743436813354
1696965597728627000,3.635626953125,1.3574228286743164,-0.6990853548049927,0.4700181484222412
1696965597738641200,3.64564111328125,1.727560043334961,-0.28504669666290283,0.9992637634277344
1696965597748655000,3.655655029296875,0.6186914443969727,-0.7716231346130371,0.7952865362167358
1696965597758669300,3.66566943359375,2.0394582748413086,-0.4149435758590698,0.6508280038833618
1696965597768683300,3.675683349609375,2.146270751953125,-0.46727097034454346,0.729989767074585
1696965597778697500,3.685697509765625,1.9054498672485352,-0.9781391620635986,0.3858546018600464
1696965597788711400,3.69571142578125,2.6455039978027344,-0.3054492473602295,0.3367652893066406
1696965597798725400,3.705725341796875,2.270496368408203,-0.7914268970489502,0.3261207342147827
1696965597808739600,3.715739501953125,3.5393505096435547,-0.24984359741210938,0.601847231388092
1696965597818753500,3.72575341796875,1.7722034454345703,-0.48772525787353516,1.0619361400604248
1696965597828767700,3.735767822265625,3.2538042068481445,-1.0739316940307617,0.9266538023948669
1696965597838781700,3.74578173828125,3.6033716201782227,0.06723308563232422,1.3042712211608887
1696965597848796000,3.7557958984375,2.6154518127441406,-0.9466567039489746,0.8453773260116577
1696965597858809900,3.765809814453125,4.338598251342773,-0.693717360496521,0.38444364070892334
1696965597868823800,3.77582373046875,2.0262603759765625,-0.7799481153488159,0.3484318256378174
1696965597878838000,3.785838134765625,4.592964172363281,-1.0852800607681274,-0.023799479007720947
1696965597888852000,3.79585205078125,3.287639617919922,-0.3282451629638672,-0.21408170461654663
1696965597898866200,3.8058662109375,1.7289199829101562,-1.8647847175598145,-0.4806327819824219
1696965597908880100,3.815880126953125,5.647605895996094,-1.1227079629898071,-1.831102967262268
1696965597918894300,3.825894287109375,1.655522346496582,-1.1694175004959106,-1.5736322402954102
1696965597928908300,3.835908203125,4.225139617919922,-1.8858410120010376,-1.913677453994751
1696965597938922500,3.845922607421875,3.934551239013672,-0.7251259088516235,-1.3919267654418945
1696965597948936400,3.8559365234375,1.9793224334716797,-1.425630807876587,-0.16870301961898804
1696965597958950700,3.86595068359375,3.816847801208496,-1.1864538192749023,0.11362266540527344
1696965597968964900,3.87596484375,2.926786422729492,-0.5950709581375122,0.8387114405632019
1696965597978978800,3.885978759765625,1.6386890411376953,-1.28842294216156,0.6757137775421143
1696965597988993000,3.895992919921875,4.303166389465332,-1.0400346517562866,-0.7177346348762512
1696965597999007200,3.90600732421875,0.47395801544189453,-1.128721833229065,-0.13192027807235718
1696965598009021200,3.916021240234375,2.025782585144043,-1.7018342018127441,-0.6289613246917725
1696965598019035400,3.926035400390625,3.571621894836426,-0.7774311304092407,-0.5544378757476807
1696965598029049600,3.936049560546875,-0.5132331848144531,-1.3579668998718262,0.16588836908340454
1696965598039063600,3.9460634765625,2.745856285095215,-1.6399123668670654,-0.9002246260643005
1696965598049077800,3.956077880859375,0.992645263671875,-1.08781099319458,-0.805210530757904
1696965598059091700,3.966091796875,-0.0662698745727539,-0.9455760717391968,-0.30342113971710205
1696965598069106000,3.97610595703125,2.1108531951904297,-1.3306082487106323,-0.5724998116493225
1696965598079120100,3.9861201171875,0.8520622253417969,-0.8013520240783691,0.23707449436187744
1696965598089134000,3.996134033203125,-0.2691326141357422,-1.7054476737976074,0.15932738780975342
1696965598099148300,4.006148193359375,2.2852096557617188,-0.879448652267456,-0.27447980642318726
1696965598109162500,4.01616259765625,-0.665898323059082,-1.1250085830688477,-0.0692671537399292
1696965598119176400,4.026176513671875,0.5336647033691406,-1.5812907218933105,-0.4351491332054138
1696965598129190700,4.036190673828125,1.1176376342773438,-1.1386022567749023,-0.08305764198303223
1696965598139204900,4.046204833984375,-0.4734029769897461,-1.097083330154419,0.024104833602905273
1696965598149218800,4.05621875,0.5336093902587891,-1.6128605604171753,-0.25542277097702026
1696965598159233000,4.06623291015625,-0.33036231994628906,-1.099639892578125,-0.057575106620788574
1696965598169247000,4.0762470703125,-0.4655580520629883,-1.0124027729034424,-0.04092848300933838
1696965598179261200,4.08626123046875,-0.5149526596069336,-0.9465839862823486,0.13302713632583618
1696965598189275400,4.096275390625,-0.5351495742797852,-0.7786126136779785,-0.10975897312164307
1696965598199289300,4.106289306640625,-1.673583984375,-1.4202734231948853,-0.3331255316734314
1696965598209303600,4.116303466796875,-0.8454513549804688,-0.927714467048645,-0.45718976855278015
1696965598219317800,4.12631787109375,-1.1706047058105469,-0.7579097151756287,-0.7678238749504089
1696965598229331700,4.136331787109375,-1.6384735107421875,-1.1219912767410278,-0.5325788855552673
1696965598239346000,4.146345947265625,-1.063385009765625,-0.8412762880325317,-0.7387841939926147
1696965598249360100,4.156360107421875,-1.4162445068359375,-0.9155160784721375,-0.33171188831329346
1696965598259374000,4.1663740234375,-1.6394529342651367,-1.2045228481292725,-0.446330189704895
1696965598269388300,4.17638818359375,-1.1210546493530273,-1.0734344720840454,-0.3003954589366913
1696965598279402200,4.18640234375,-1.167647361755371,-1.1929408311843872,-0.2842050790786743
1696965598289416400,4.19641650390625,-1.9309325218200684,-1.0827592611312866,-0.3398478031158447
1696965598299430700,4.2064306640625,-0.7138652801513672,-1.1714136600494385,-0.4758305847644806
1696965598309444600,4.216444580078125,-1.8172245025634766,-1.0891484022140503,-0.1957499384880066
1696965598319458800,4.226458740234375,-1.4841346740722656,-1.3139857053756714,-0.38751649856567383
1696965598329473000,4.23647314453125,-1.3477210998535156,-1.0623719692230225,-0.7204698920249939
1696965598339487000,4.246487060546875,-1.2352924346923828,-1.4774177074432373,-0.5332863330841064
1696965598349501200,4.256501220703125,-1.9974102973937988,-1.2527132034301758,-0.5880264043807983
1696965598359515400,4.266515380859375,-1.3620424270629883,-1.3069181442260742,-0.37529557943344116
1696965598369529300,4.276529296875,-0.6801271438598633,-0.7810639142990112,-0.04043412208557129
1696965598379543600,4.28654345703125,-1.7487859725952148,-1.5488473176956177,-0.5966298580169678
1696965598389557500,4.2965576171875,-1.4383821487426758,-1.4892380237579346,-0.8349204659461975
1696965598399571700,4.30657177734375,-1.142622947692871,-1.1026954650878906,-0.31251639127731323
1696965598409586000,4.3165859375,-1.8940691947937012,-1.4989089965820312,-0.5924018621444702
1696965598419600000,4.326599853515625,-0.8320808410644531,-1.7902982234954834,-0.40222981572151184
1696965598429614000,4.336614013671875,-0.747187614440918,-1.771114706993103,-0.14558827877044678
1696965598439628300,4.346628173828125,-1.221695899963379,-1.0437630414962769,-0.1239439845085144
1696965598449642200,4.356642333984375,0.38886451721191406,-1.0785362720489502,0.15473335981369019
1696965598459656400,4.366656494140625,-0.29334545135498047,-1.569786548614502,-0.1286577582359314
1696965598469670400,4.37667041015625,-2.2066149711608887,-2.1523890495300293,-0.36850348114967346
1696965598479684600,4.3866845703125,0.8505487442016602,-0.8957239985466003,0.24204134941101074
1696965598489698800,4.39669873046875,-0.8640851974487305,-1.273017406463623,-0.29836606979370117
1696965598499712800,4.406712646484375,-1.0399131774902344,-1.753886103630066,-0.6390440464019775
1696965598509727000,4.41672705078125,0.122650146484375,-0.3331989645957947,-0.04971283674240112
1696965598519741200,4.4267412109375,-0.20768260955810547,-0.6318055391311646,0.06281852722167969
1696965598529755100,4.436755126953125,-0.3658609390258789,-1.204053521156311,-0.3705475926399231
1696965598539769300,4.446769287109375,-0.1690826416015625,-0.8175250291824341,0.012216448783874512
1696965598549783300,4.456783203125,0.2899904251098633,-0.8257965445518494,-0.28282493352890015
1696965598559797500,4.466797607421875,-0.6515922546386719,-0.6354537010192871,-0.07456904649734497
1696965598569811500,4.4768115234375,1.582376480102539,-0.1414632797241211,0.8084127306938171
1696965598579825400,4.486825439453125,-0.9584026336669922,-0.7149273157119751,0.2645900249481201
1696965598589839600,4.496839599609375,0.18648910522460938,-0.5907285213470459,0.23201453685760498
1696965598599853600,4.506853515625,0.7030267715454102,-0.1866624355316162,0.6079343557357788
1696965598609867800,4.51686767578125,-0.4832592010498047,-0.35066282749176025,0.48312878608703613
1696965598619881700,4.5268818359375,0.6365127563476562,-0.0008122920989990234,0.33293962478637695
1696965598629896000,4.53689599609375,-0.052459716796875,-0.2018657922744751,0.9577522873878479
1696965598639910000,4.546909912109375,-0.35346126556396484,0.07357382774353027,0.5561055541038513
1696965598649923800,4.556923828125,0.8945207595825195,0.08713686466217041,-0.016427040100097656
1696965598659938000,4.56693798828125,0.4096202850341797,0.7936216592788696,0.9064715504646301
1696965598669952000,4.576951904296875,0.7321882247924805,2.714271068572998,1.0586655139923096
1696965598679966200,4.58696630859375,0.9297389984130859,1.4514293670654297,0.17096644639968872
1696965598689980200,4.596980224609375,0.45321083068847656,1.3893007040023804,1.0215563774108887
1696965598699994400,4.606994384765625,0.7030906677246094,1.7786612510681152,0.42023617029190063
1696965598710008300,4.61700830078125,1.6218070983886719,1.2602049112319946,0.20035260915756226
1696965598720022500,4.6270224609375,0.9136886596679688,1.227820873260498,0.17786365747451782
1696965598730036500,4.637036376953125,2.2750988006591797,0.16208434104919434,-0.26097095012664795
1696965598740050400,4.647050537109375,1.0002851486206055,-0.36021971702575684,-0.3950559198856354
1696965598750064600,4.657064697265625,1.0574884414672852,-0.9409602880477905,-0.5242700576782227
1696965598760078600,4.66707861328125,1.3426856994628906,-1.2190085649490356,-0.7143210768699646
1696965598770092800,4.6770927734375,1.7705726623535156,-0.9885481595993042,-0.53000807762146
1696965598780106800,4.687106689453125,0.9496936798095703,-0.24896681308746338,-0.43951132893562317
1696965598790121000,4.697120849609375,1.936354637145996,-0.35384953022003174,-0.525050699710846
1696965598800135000,4.707135009765625,0.5311832427978516,0.22049200534820557,-0.312067449092865
1696965598810148900,4.71714892578125,1.1502857208251953,-0.04295659065246582,-0.3973035216331482
1696965598820163000,4.7271630859375,1.5916690826416016,-0.1594243049621582,-0.1001463532447815
1696965598830177000,4.737177001953125,0.0674123764038086,0.47699522972106934,0.14334428310394287
1696965598840191200,4.747191162109375,1.4997549057006836,0.13879382610321045,0.060864269733428955
1696965598850205200,4.757205078125,1.0032672882080078,0.18134212493896484,0.13732391595840454
1696965598860219400,4.767219482421875,0.40214061737060547,0.030472636222839355,0.026699841022491455
1696965598870233300,4.7772333984375,0.9920787811279297,-0.2676624059677124,0.06449967622756958
1696965598880247300,4.787247314453125,-0.6698598861694336,-0.08814632892608643,0.21215826272964478
1696965598890261500,4.797261474609375,0.7159280776977539,-0.7521147727966309,0.1515030860900879
1696965598900275500,4.807275390625,0.13452720642089844,-0.5755850076675415,0.3532560467720032
1696965598910289700,4.81728955078125,-0.4358787536621094,-0.23639845848083496,0.4624828100204468
1696965598920303600,4.8273037109375,0.4616565704345703,0.0982656478881836,0.6307987570762634
1696965598930317800,4.83731787109375,-0.4727907180786133,0.3717721700668335,0.6107770204544067
1696965598940331800,4.847331787109375,-1.266648292541504,0.05082380771636963,0.31929564476013184
1696965598950345700,4.857345703125,0.6658773422241211,-0.4584512710571289,0.29266345500946045
1696965598960360000,4.86735986328125,-1.0384187698364258,-0.17794013023376465,0.5620307326316833
1696965598970374100,4.8773740234375,-0.1099863052368164,-0.6056641340255737,0.3243911862373352
1696965598980388000,4.88738818359375,-0.40226173400878906,-0.960718035697937,0.20806866884231567
1696965598990402300,4.89740234375,-0.6790428161621094,-1.0923711061477661,0.10038703680038452
1696965599000416300,4.907416259765625,0.0190887451171875,-1.369246244430542,-0.03153449296951294
1696965599010430500,4.917430419921875,-0.20022201538085938,-1.5258150100708008,-0.34713214635849
1696965599020444700,4.927444580078125,-0.5155544281005859,-1.5211749076843262,-0.4728105068206787
1696965599030458600,4.937458740234375,0.37806224822998047,-1.38271164894104,-0.35993456840515137
1696965599040472800,4.947472900390625,-0.16928577423095703,-0.536462664604187,0.022329866886138916
1696965599050487000,4.957487060546875,-0.4430818557739258,-0.4201723337173462,0.033135414123535156
1696965599060501000,4.9675009765625,0.10104179382324219,-0.8704296350479126,0.10475176572799683
1696965599070515200,4.97751513671875,-0.1149740219116211,-1.05812406539917,-0.02130603790283203
1696965599080529200,4.987529052734375,-1.0048112869262695,-1.3434031009674072,-0.1633344292640686
1696965599090543400,4.99754345703125,0.9616680145263672,-2.009974718093872,-0.8552984595298767
1696965599100557600,5.0075576171875,-1.2773704528808594,-1.7288539409637451,-0.8253017067909241
1696965599110571500,5.017571533203125,0.6752414703369141,-1.8920713663101196,-0.7918922305107117
1696965599120585700,5.027585693359375,0.16787338256835938,-0.6749491691589355,0.03329664468765259
1696965599130600000,5.037599853515625,-1.0943832397460938,-0.6852712631225586,0.1192854642868042
1696965599140614000,5.04761376953125,0.7054824829101562,-1.3377752304077148,-0.012184619903564453
1696965599150628000,5.057628173828125,-0.7959690093994141,-0.6200958490371704,0.13503605127334595
1696965599160642300,5.067642333984375,-0.3974180221557617,-1.0324078798294067,0.005635321140289307
1696965599170656300,5.07765625,0.3501596450805664,-0.8277171850204468,0.009347915649414062
1696965599180670500,5.08767041015625,-1.4042377471923828,-0.7399629354476929,-0.0019467473030090332
1696965599190684400,5.097684326171875,0.46837615966796875,-1.1450343132019043,-0.27295058965682983
1696965599200698600,5.10769873046875,-0.6979084014892578,-0.39916694164276123,-0.12063664197921753
1696965599210712800,5.117712890625,0.002010345458984375,-0.9046218395233154,-0.16747695207595825
1696965599220726800,5.127726806640625,-0.3458843231201172,-0.7945019006729126,-0.4183766841888428
1696965599230741000,5.137740966796875,0.24336910247802734,-0.993518590927124,-0.6901987195014954
1696965599240755200,5.147755126953125,-0.11939144134521484,-0.8203138113021851,-0.24558570981025696
1696965599250769200,5.15776904296875,0.47900962829589844,-0.8090755939483643,-0.1381511092185974
1696965599260783400,5.167783447265625,1.2197399139404297,-0.3738412857055664,-0.1073307991027832
1696965599270797600,5.177797607421875,0.14730262756347656,-0.5039370059967041,0.26055216789245605
1696965599280811500,5.1878115234375,0.4581136703491211,-0.5642355680465698,-0.11516737937927246
1696965599290825700,5.19782568359375,0.6441335678100586,-0.2910623550415039,0.05881232023239136
1696965599300839700,5.207839599609375,0.6957216262817383,-0.5294179916381836,-0.13892430067062378
1696965599310854000,5.21785400390625,0.5941553115844727,-0.30768394470214844,-0.06882023811340332
1696965599320868000,5.2278681640625,0.12509632110595703,-0.2167668342590332,-0.1763671636581421
1696965599330882000,5.237882080078125,0.6795072555541992,-0.12372720241546631,0.2759920060634613
1696965599340896300,5.247896240234375,0.15300750732421875,-0.4016709327697754,-0.17741745710372925
1696965599350910500,5.257910400390625,0.3295764923095703,-0.3310469388961792,0.06606283783912659
1696965599360924400,5.26792431640625,0.9700384140014648,-0.12062978744506836,0.10872596502304077
1696965599370938600,5.277938720703125,-0.948481559753418,-0.5053216218948364,-0.2515205144882202
1696965599380952800,5.287952880859375,0.999079704284668,-0.22864282131195068,-0.04729321599006653
1696965599390966800,5.297966796875,-0.5895891189575195,-0.26918506622314453,0.1253054141998291
1696965599400981000,5.30798095703125,1.0318822860717773,-0.4264390468597412,-0.33629047870635986
1696965599410995000,5.317994873046875,-0.19363880157470703,-0.016658425331115723,0.10212051868438721
1696965599421009200,5.328009033203125,0.7385473251342773,-0.4316682815551758,0.1321638524532318
1696965599431023400,5.3380234375,-0.3524656295776367,-0.16035151481628418,-0.09927412867546082
1696965599441037300,5.348037353515625,-0.07969474792480469,-0.5972123146057129,0.13749411702156067
1696965599451051500,5.358051513671875,0.9339494705200195,-0.3151897192001343,0.19794034957885742
1696965599461065700,5.368065673828125,-0.33011913299560547,-0.4721637964248657,-0.16866642236709595
1696965599471079700,5.37807958984375,-0.2814655303955078,-0.4613933563232422,0.3517932593822479
1696965599481094000,5.388093994140625,0.6127099990844727,-0.05844283103942871,0.0860738456249237
1696965599491108000,5.398108154296875,-0.8175849914550781,-0.48907625675201416,0.09458166360855103
1696965599501122000,5.4081220703125,-0.1086578369140625,-0.7155282497406006,0.15423548221588135
1696965599511136300,5.41813623046875,-0.2324533462524414,-0.3467291593551636,-0.16212069988250732
1696965599521150200,5.428150146484375,-0.2704782485961914,-0.4636261463165283,0.08395218849182129
1696965599531164400,5.438164306640625,0.1652231216430664,-0.3868563175201416,-0.41325944662094116
1696965599541178400,5.448178466796875,-0.47103309631347656,-0.26490581035614014,0.08464369177818298
1696965599551192600,5.458192626953125,0.2375640869140625,-0.27923154830932617,-0.21235200762748718
1696965599561206500,5.46820654296875,-1.129934310913086,-0.30132782459259033,-0.041075050830841064
1696965599571220700,5.478220703125,0.5310468673706055,-0.5146516561508179,-0.217990905046463
1696965599581234700,5.488234619140625,-1.0759391784667969,-0.360370397567749,-0.1571323275566101
1696965599591249000,5.498248779296875,0.5035066604614258,-0.17098617553710938,-0.22910307347774506
1696965599601262800,5.508262939453125,-0.5870771408081055,-0.08083713054656982,-0.11124798655509949
1696965599611277000,5.518277099609375,0.1355581283569336,-0.4075580835342407,-0.03924065828323364
1696965599621291000,5.528291015625,-0.2085409164428711,-0.3648494482040405,0.025481849908828735
1696965599631305000,5.538304931640625,-0.6434097290039062,-0.6718630790710449,-0.0783848762512207
1696965599641319200,5.548319091796875,0.792057991027832,-0.43164098262786865,-0.13756069540977478
1696965599651333000,5.5583330078125,-1.1120681762695312,-0.1333235502243042,-0.4151988625526428
1696965599661347300,5.568347412109375,0.9885044097900391,-0.5186452865600586,0.0865710973739624
1696965599671361300,5.578361328125,-0.07950115203857422,-0.11165571212768555,-0.17837688326835632
1696965599681375500,5.58837548828125,-0.18448829650878906,-0.836958646774292,0.08323195576667786
1696965599691389400,5.598389404296875,0.6905059814453125,-0.3037989139556885,0.24876028299331665
1696965599701403400,5.6084033203125,-0.10441780090332031,-0.5184017419815063,-0.09245359897613525
1696965599711417600,5.61841748046875,0.8754940032958984,-0.3062403202056885,0.37981486320495605
1696965599721431600,5.628431640625,0.6393842697143555,-0.24469494819641113,0.37821730971336365
1696965599731445800,5.63844580078125,-0.1410236358642578,-0.9000630378723145,-0.12855494022369385
1696965599741459700,5.648459716796875,0.22736167907714844,-0.2810283899307251,0.6009917855262756
1696965599751474000,5.658473876953125,1.0299997329711914,-0.5507478713989258,-0.02439802885055542
1696965599761488000,5.66848779296875,-1.2613410949707031,-0.3357781171798706,0.14512699842453003
1696965599771501800,5.678501708984375,1.6091747283935547,-0.7275259494781494,-0.07235634326934814
1696965599781516000,5.68851611328125,-1.194371223449707,-0.5870965719223022,-0.32931438088417053
1696965599791530000,5.698530029296875,0.6005268096923828,-0.3361687660217285,0.14087486267089844
1696965599801544200,5.708544189453125,-0.10724544525146484,-0.4506995677947998,-0.18724602460861206
1696965599811558100,5.71855810546875,0.03630638122558594,-0.30078649520874023,0.24780809879302979
1696965599821572400,5.728572265625,0.3525543212890625,-0.634607195854187,0.11044257879257202
1696965599831586300,5.73858642578125,-0.3173542022705078,-0.2940157651901245,0.1391924023628235
1696965599841600300,5.748600341796875,0.5921220779418945,-0.5599082708358765,-0.0966234803199768
1696965599851614500,5.758614501953125,-0.3219318389892578,-0.2345585823059082,0.5239806175231934
1696965599861628400,5.76862841796875,1.2179698944091797,-0.2649010419845581,0.5914449095726013
1696965599871642600,5.778642578125,-0.05110645294189453,-0.26693475246429443,0.24659186601638794
1696965599881656600,5.788656494140625,0.44612598419189453,-0.420634388923645,0.215251624584198
1696965599891670800,5.7986708984375,-0.7589702606201172,-0.35018622875213623,0.3972501754760742
1696965599901684700,5.808684814453125,1.4553070068359375,-0.2584313154220581,0.24386006593704224
1696965599911698700,5.81869873046875,-1.0661487579345703,-0.4916146993637085,-0.0336819589138031
1696965599921713000,5.828712890625,0.728123664855957,-0.17314767837524414,0.5440860986709595
1696965599931726800,5.838726806640625,-0.6875667572021484,-0.33994829654693604,0.07556462287902832
1696965599941741000,5.848740966796875,-0.2802772521972656,-0.29342472553253174,0.0030848681926727295
1696965599951755000,5.858755126953125,0.0030422210693359375,-0.43053674697875977,0.02684035897254944
1696965599961769200,5.868769287109375,-1.3355216979980469,-0.30355167388916016,-0.26605474948883057
1696965599971783200,5.878783203125,0.2547149658203125,-0.28981804847717285,0.0823613703250885
1696965599981797000,5.888797119140625,-0.9215669631958008,-0.39006006717681885,-0.24051733314990997
1696965599991811300,5.898811279296875,-0.41737937927246094,-0.480002760887146,-0.32737869024276733
1696965600001825500,5.908825439453125,0.4677543640136719,-0.2538895606994629,-0.08813926577568054
1696965600011839500,5.918839599609375,0.07977104187011719,-0.7184722423553467,-0.5374811291694641
1696965600021853700,5.928853759765625,-0.030271530151367188,-0.23337769508361816,-0.25285229086875916
1696965600031867600,5.93886767578125,0.32828807830810547,-0.7347869873046875,0.4019220471382141
1696965600041881900,5.9488818359375,0.7576055526733398,-0.054059624671936035,0.08880582451820374
1696965600051896000,5.95889599609375,0.7508926391601562,-0.32623159885406494,0.22290027141571045
1696965600061910000,5.968909912109375,0.9164676666259766,-0.48407697677612305,0.1308574676513672
1696965600071924200,5.97892431640625,0.6320896148681641,-0.33911871910095215,0.04582071304321289
1696965600081938400,5.9889384765625,0.16706466674804688,-0.7168736457824707,0.14715361595153809
1696965600091952400,5.998952392578125,0.5439167022705078,-0.5036109685897827,0.05275830626487732
1696965600101966600,6.008966552734375,0.44709205627441406,-0.3647269010543823,0.4022873044013977
1696965600111980800,6.018980712890625,0.6035432815551758,-0.6171512603759766,-0.39389458298683167
1696965600121994800,6.028994873046875,-0.5207576751708984,-0.511736273765564,0.05500796437263489
1696965600132009000,6.039009033203125,0.4600229263305664,-0.8395172357559204,-0.2441689670085907
1696965600142023000,6.04902294921875,-0.5585870742797852,-0.3807239532470703,-0.040626347064971924
1696965600152037000,6.059037109375,-0.2754983901977539,-0.7462114095687866,-0.07835444808006287
1696965600162051300,6.06905126953125,0.7960243225097656,-0.44951581954956055,-0.15199309587478638
1696965600172065300,6.079065185546875,-0.5630559921264648,-0.39134252071380615,0.08550024032592773
1696965600182079500,6.08907958984375,0.4228801727294922,-0.7439192533493042,0.05994904041290283
1696965600192093700,6.09909375,-0.8921689987182617,-0.3508070707321167,0.11941608786582947
1696965600202107600,6.109107666015625,0.2663116455078125,-0.3529548645019531,0.09488460421562195
1696965600212121900,6.119121826171875,0.08902454376220703,-0.4387338161468506,-0.026770085096359253
1696965600222136000,6.129135986328125,-0.7334489822387695,-0.37375593185424805,0.011294126510620117
1696965600232150000,6.13914990234375,0.15253829956054688,-0.6546045541763306,0.019430845975875854
1696965600242164200,6.149164306640625,-1.2339982986450195,-0.3978404998779297,0.30053651332855225
1696965600252178200,6.15917822265625,0.4366464614868164,-0.538390040397644,-0.024908125400543213
1696965600262192400,6.1691923828125,-1.4569807052612305,-0.27808427810668945,0.08826619386672974
1696965600272206600,6.17920654296875,-0.2830085754394531,-0.7185573577880859,-0.12217551469802856
1696965600282220500,6.189220458984375,-0.3398323059082031,-0.5815541744232178,-0.2468312382698059
1696965600292234800,6.19923486328125,-0.6449785232543945,-0.8697882890701294,-0.1391369104385376
1696965600302249000,6.2092490234375,-0.34749317169189453,-0.6257150173187256,-0.08694452047348022
1696965600312263000,6.219262939453125,-0.21751976013183594,-0.49423468112945557,-0.13854700326919556
1696965600322277000,6.229277099609375,-0.5806102752685547,-0.5659754276275635,-0.011300086975097656
1696965600332291300,6.239291259765625,0.2668342590332031,-0.8505303859710693,-0.22595781087875366
1696965600342305300,6.24930517578125,-0.011292457580566406,-0.6546006202697754,0.011059045791625977
1696965600352319500,6.259319580078125,0.16107463836669922,-0.9587570428848267,-0.19060605764389038
1696965600362333400,6.26933349609375,0.4184846878051758,-0.2703331708908081,0.06983566284179688
1696965600372347600,6.27934765625,0.43706607818603516,-0.7442647218704224,-0.002428412437438965
1696965600382361900,6.28936181640625,-0.19501209259033203,-0.4297746419906616,0.042639076709747314
1696965600392375800,6.299375732421875,1.3878183364868164,-0.7172319889068604,0.12926936149597168
1696965600402390000,6.30939013671875,-1.0001001358032227,-0.7874935865402222,0.16826581954956055
1696965600412404200,6.319404296875,2.343008041381836,-0.3267167806625366,0.21374857425689697
1696965600422418200,6.329418212890625,-0.6297111511230469,-0.7030450105667114,0.12345236539840698
1696965600432432400,6.339432373046875,0.13164424896240234,-0.37069737911224365,0.11266088485717773
1696965600442446600,6.349446533203125,1.2120933532714844,-0.1966264247894287,0.257662832736969
1696965600452460500,6.35946044921875,-0.28164005279541016,-0.2552154064178467,0.21274107694625854
1696965600462474800,6.369474853515625,1.1006813049316406,-0.33827638626098633,0.13375550508499146
1696965600472488700,6.37948876953125,-0.19184398651123047,-0.14476490020751953,0.44327306747436523
1696965600482503000,6.3895029296875,0.5497751235961914,-0.1657869815826416,0.4843710660934448
1696965600492517000,6.39951708984375,0.5535717010498047,0.13792729377746582,0.6696022152900696
1696965600502531000,6.409531005859375,0.6528205871582031,-0.21385622024536133,0.6127588152885437
1696965600512545300,6.419545166015625,0.7232131958007812,-0.10598444938659668,0.6027264595031738
1696965600522559500,6.4295595703125,-0.07636356353759766,-0.0756678581237793,0.6383001208305359
1696965600532573400,6.439573486328125,0.9560260772705078,-0.11038494110107422,0.5461456179618835
1696965600542587600,6.449587646484375,0.6577615737915039,-0.23350191116333008,0.7966057658195496
1696965600552601600,6.4596015625,-0.2281179428100586,-0.8987411260604858,0.4951990246772766
1696965600562615800,6.46961572265625,-0.1651630401611328,-0.5457679033279419,0.6886398792266846
1696965600572630000,6.479630126953125,-0.6141376495361328,-0.36891210079193115,0.4880518913269043
1696965600582644000,6.48964404296875,-0.8467168807983398,-0.26930010318756104,0.4236360788345337
1696965600592658200,6.499658203125,0.9280509948730469,0.08033442497253418,0.48121756315231323
1696965600602672400,6.50967236328125,-0.6794948577880859,-0.2536231279373169,0.34357285499572754
1696965600612686300,6.519686279296875,0.6070451736450195,-0.32719528675079346,0.41603487730026245
1696965600622700500,6.529700439453125,-0.2013406753540039,-0.5323476791381836,0.24377191066741943
1696965600632714500,6.539714599609375,-1.219583511352539,-0.1789391040802002,0.22042590379714966
1696965600642728400,6.549728515625,1.5697669982910156,-0.2998378276824951,0.4088268280029297
1696965600652742700,6.55974267578125,-1.7030792236328125,-0.01306140422821045,0.019884586334228516
1696965600662756600,6.569756591796875,-0.24653148651123047,-0.44096922874450684,0.07100749015808105
1696965600672770800,6.579770751953125,0.1458110809326172,-0.26794111728668213,-0.18880611658096313
1696965600682784800,6.58978466796875,-1.5223989486694336,-0.2582167387008667,-0.426120787858963
1696965600692799000,6.599799072265625,0.25839805603027344,-0.6935234069824219,-0.4067012667655945
1696965600702813000,6.60981298828125,-0.25319385528564453,-0.3688986301422119,-0.8277840614318848
1696965600712827000,6.619826904296875,-1.113387107849121,-0.3360724449157715,-0.22150391340255737
1696965600722841000,6.629841064453125,1.3983030319213867,-0.8558427095413208,-0.9184738397598267
1696965600732855000,6.63985498046875,-0.6314992904663086,-0.2176753282546997,-0.3866021931171417
1696965600742869200,6.649869140625,0.20652389526367188,-0.6428320407867432,-0.7549147009849548
1696965600752883200,6.65988330078125,-0.29608821868896484,-0.4146651029586792,-0.11262857913970947
1696965600762897400,6.6698974609375,1.4923276901245117,-0.30555713176727295,-0.4431077837944031
1696965600772911400,6.679911376953125,-1.703627586364746,-0.739861249923706,-0.03308531641960144
1696965600782925300,6.68992529296875,2.228518486022949,-0.4351074695587158,-0.31200551986694336
1696965600792939500,6.699939453125,-0.3377857208251953,-0.20905983448028564,-0.15099334716796875
1696965600802953500,6.709953369140625,-0.3756828308105469,-0.6260677576065063,0.031818896532058716
1696965600812967700,6.7199677734375,1.8762006759643555,-0.08554339408874512,0.15355071425437927
1696965600822981600,6.729981689453125,-0.5702733993530273,-0.5221556425094604,0.30182233452796936
1696965600832995800,6.739995849609375,-0.038819313049316406,-0.5141055583953857,0.07433226704597473
1696965600843009800,6.750009765625,1.280186653137207,-0.2937312126159668,0.4461914300918579
1696965600853023700,6.760023681640625,-1.8003406524658203,-0.47673845291137695,0.30157670378685
1696965600863038000,6.770037841796875,1.1612777709960938,-0.5044575929641724,0.17445531487464905
1696965600873052000,6.780052001953125,0.42806053161621094,-0.7331756353378296,-0.1279507875442505
1696965600883066000,6.790066162109375,-1.7671804428100586,-0.4127776622772217,0.5154714584350586
1696965600893080000,6.800080078125,1.568246841430664,-1.0533571243286133,-0.18092617392539978
1696965600903094300,6.81009423828125,-0.8250160217285156,-0.04315829277038574,0.3399062752723694
1696965600913108200,6.820108154296875,1.0025901794433594,-0.7124522924423218,0.14473849534988403
1696965600923122200,6.8301220703125,-0.48130226135253906,-0.5203264951705933,0.2739625573158264
1696965600933136400,6.840136474609375,1.9476642608642578,-0.42412662506103516,0.12641501426696777
1696965600943150300,6.850150390625,-0.8809843063354492,-0.49352526664733887,0.11547103524208069
1696965600953164500,6.86016455078125,0.6931171417236328,-0.6005492210388184,0.2659855782985687
1696965600963178500,6.870178466796875,0.7447834014892578,-0.1739671230316162,0.0777428150177002
1696965600973192700,6.880192626953125,-1.259568214416504,-0.5699367523193359,0.007046937942504883
1696965600983207000,6.89020703125,1.5825300216674805,-0.2884213924407959,0.03673434257507324
1696965600993220900,6.900220947265625,-0.6669168472290039,-0.052956461906433105,-0.08246085047721863
1696965601003235000,6.910235107421875,-0.9997138977050781,-0.5836910009384155,-0.14922675490379333
1696965601013249300,6.920249267578125,0.9336957931518555,-0.07762706279754639,-0.1659189760684967
1696965601023263200,6.93026318359375,-1.2804803848266602,-0.38801872730255127,-0.3108500838279724
1696965601033277400,6.94027734375,-0.4747142791748047,-0.7057883739471436,-0.231987863779068
1696965601043291400,6.95029150390625,0.7220287322998047,-0.21664094924926758,-0.4334160089492798
1696965601053305600,6.9603056640625,-2.0322203636169434,-0.3654599189758301,-0.2854352593421936
1696965601063319800,6.97031982421875,0.4915304183959961,-0.29358649253845215,-0.3428102731704712
1696965601073333800,6.980333740234375,-0.9188718795776367,-0.10029733180999756,-0.501737117767334
1696965601083348000,6.990347900390625,-1.6189165115356445,-0.3819725513458252,-0.30330538749694824
1696965601093362200,7.000362060546875,0.21074295043945312,-0.03702116012573242,-0.19799089431762695
1696965601103376100,7.010376220703125,-1.418787956237793,-0.23082375526428223,-0.5600384473800659
1696965601113390300,7.020390380859375,-1.5159082412719727,-0.09370648860931396,-0.27900800108909607
1696965601123404500,7.030404541015625,0.041248321533203125,0.2216789722442627,-0.15244880318641663
1696965601133418500,7.04041845703125,-1.9612722396850586,0.19844448566436768,-0.16011333465576172
1696965601143432700,7.0504326171875,-0.6665506362915039,-0.3574138879776001,0.12068063020706177
1696965601153446700,7.06044677734375,-0.12513446807861328,0.14273405075073242,0.42006298899650574
1696965601163460900,7.0704609375,-0.2639780044555664,-0.12156045436859131,0.863407552242279
1696965601173475000,7.08047509765625,0.49085140228271484,-0.4562755823135376,0.8040722608566284
1696965601183489000,7.090489013671875,0.12109565734863281,-0.04057574272155762,1.2751778364181519
1696965601193503200,7.100503173828125,0.8362016677856445,-0.8085108995437622,1.1958421468734741
1696965601203517400,7.110517333984375,0.651702880859375,-0.7698856592178345,0.5877630114555359
1696965601213531400,7.120531494140625,-0.8804664611816406,-0.605021595954895,1.2028968334197998
1696965601223545600,7.130545654296875,-0.10549354553222656,-0.052872538566589355,0.46565166115760803
1696965601233559800,7.140559814453125,0.9640283584594727,0.22018086910247803,0.8608646392822266
1696965601243573800,7.15057373046875,2.1125354766845703,0.5852839946746826,0.7966880202293396
1696965601253588000,7.160587890625,-3.307983875274658,-0.7992163896560669,0.14966556429862976
1696965601263602000,7.170601806640625,0.9563655853271484,-2.153736114501953,0.9194320440292358
1696965601273616100,7.1806162109375,2.946504592895508,-0.4713941812515259,-1.2536863088607788
1696965601283630300,7.19063037109375,0.38622093200683594,-0.8907198905944824,0.30797240138053894
1696965601293644300,7.200644287109375,2.597078323364258,0.4007760286331177,-1.0669281482696533
1696965601303658500,7.210658447265625,0.3970489501953125,-1.2063562870025635,1.4170523881912231
1696965601313672700,7.220672607421875,0.6575031280517578,0.6622391939163208,0.2340991199016571
1696965601323686700,7.230686767578125,0.6086626052856445,-0.04172670841217041,-0.6105697751045227
1696965601333700900,7.240700927734375,-3.7284207344055176,-1.35288405418396,0.8844094276428223
1696965601343715000,7.250715087890625,3.7446680068969727,-1.3126710653305054,-1.4661582708358765
1696965601353729000,7.26072900390625,1.5371589660644531,-0.22597932815551758,-1.2708091735839844
1696965601363743200,7.2707431640625,0.5864791870117188,-1.5985534191131592,-1.1828904151916504
1696965601373757200,7.280757080078125,3.1177167892456055,1.3685554265975952,0.3671776056289673
1696965601383771400,7.290771484375,0.720829963684082,0.29059064388275146,-0.015986502170562744
1696965601393785600,7.30078564453125,-2.6744866371154785,-2.0160024166107178,0.3641621470451355
1696965601403799600,7.310799560546875,3.745062828063965,-1.1586897373199463,0.22300449013710022
1696965601413813800,7.320813720703125,-1.142552375793457,-1.6087749004364014,-1.65678870677948
1696965601423828000,7.330827880859375,1.1102590560913086,-0.9401242733001709,-0.36599022150039673
1696965601433842000,7.340842041015625,6.436821937561035,0.1061253547668457,-0.4428326487541199
1696965601443856100,7.350856201171875,-0.9472866058349609,-0.6430761814117432,-0.6567007303237915
1696965601453870300,7.360870361328125,1.496917724609375,-1.4923521280288696,-0.537639856338501
1696965601463884300,7.37088427734375,-0.14916229248046875,-0.8262102603912354,0.28122612833976746
1696965601473898500,7.3808984375,-2.5476112365722656,-0.9265855550765991,-0.38150835037231445
1696965601483912400,7.390912353515625,1.2012519836425781,-0.09740447998046875,-1.0937020778656006
1696965601493926700,7.4009267578125,-0.38692188262939453,-0.025429368019104004,-0.24722489714622498
1696965601503940900,7.41094091796875,-0.18493366241455078,-0.6829677820205688,-0.262160062789917
1696965601513954800,7.420954833984375,0.8441915512084961,0.15193617343902588,-0.6064320802688599
1696965601523969000,7.430968994140625,-1.8283886909484863,-0.14168334007263184,-0.15646584331989288
1696965601533983200,7.440983154296875,-0.22696399688720703,-0.5709887742996216,-0.11897124350070953
1696965601543997200,7.4509970703125,-0.7178096771240234,-0.24031686782836914,0.20027360320091248
1696965601554011400,7.461011474609375,-1.212143898010254,-0.6851701736450195,-0.10208983719348907
1696965601564025600,7.471025634765625,-1.3043012619018555,-0.8291993141174316,-0.12210623919963837
1696965601574039600,7.48103955078125,-0.22978496551513672,-0.10080599784851074,-0.051359981298446655
1696965601584053800,7.4910537109375,-1.2034568786621094,-0.3437403440475464,-0.09519071877002716
1696965601594067700,7.501067626953125,-0.11055946350097656,0.39640629291534424,-0.16376550495624542
1696965601604082000,7.51108203125,0.5403366088867188,-0.2828705310821533,0.15654000639915466
1696965601614096100,7.52109619140625,-1.8308334350585938,-0.7968136072158813,-0.6007236838340759
1696965601624110000,7.531110107421875,-0.7701444625854492,-0.4981139898300171,-0.007188022136688232
1696965601634124300,7.541124267578125,0.41753578186035156,0.08276307582855225,-0.3959405720233917
1696965601644138500,7.551138427734375,-2.2548909187316895,-0.21360933780670166,0.17118343710899353
1696965601654152400,7.56115234375,1.0098981857299805,-0.12143599987030029,-0.1116190105676651
1696965601664166700,7.571166748046875,-1.6923131942749023,-0.21886169910430908,-0.24374866485595703
1696965601674180600,7.5811806640625,-0.7707843780517578,-0.35938560962677,-0.5178653597831726
1696965601684194800,7.59119482421875,-0.4869041442871094,-0.43908393383026123,-0.7151584625244141
1696965601694209000,7.601208984375,-0.6434202194213867,-0.5126477479934692,-0.07050138711929321
1696965601704223000,7.611222900390625,2.592679023742676,-0.5435646772384644,1.4391188621520996
1696965601714237200,7.6212373046875,2.185140609741211,-0.8884289264678955,0.10530424118041992
1696965601724251400,7.63125146484375,-0.7596883773803711,-2.002143144607544,1.1596181392669678
1696965601734265300,7.641265380859375,1.802988052368164,-1.4916859865188599,0.78997802734375
1696965601744279600,7.651279541015625,0.6612443923950195,-0.5819149017333984,-0.6038001775741577
1696965601754293800,7.661293701171875,2.5180892944335938,0.9088913202285767,1.5932371616363525
1696965601764307700,7.6713076171875,-0.7751712799072266,1.0185459852218628,-0.757900059223175
1696965601774322000,7.681322021484375,-4.845094680786133,0.024851322174072266,0.39316678047180176
1696965601784336000,7.6913359375,0.533595085144043,-1.5858714580535889,-0.11233960092067719
1696965601794350000,7.70135009765625,-3.0705623626708984,-2.205106496810913,-1.9732136726379395
1696965601804364300,7.7113642578125,2.059401512145996,-0.43574023246765137,0.07752335071563721
1696965601814378200,7.721378173828125,0.7697257995605469,0.15695345401763916,0.574285626411438
1696965601824392400,7.731392333984375,-0.07400989532470703,1.709226131439209,-0.7581782341003418
1696965601834406700,7.74140673828125,2.780470848083496,-0.046382904052734375,1.1159526109695435
1696965601844420600,7.751420654296875,-1.872537612915039,-0.6238186359405518,1.3304271697998047
1696965601854434800,7.761434814453125,-2.119507312774658,-0.8233036994934082,1.2697796821594238
1696965601864449000,7.771448974609375,-5.996248722076416,-2.580228328704834,0.7639064788818359
1696965601874463000,7.781462890625,6.706989288330078,-0.684346079826355,0.06549552083015442
1696965601884477200,7.791477294921875,0.7795562744140625,1.1030529737472534,0.008387982845306396
1696965601894491100,7.8014912109375,4.032115936279297,-1.1440808773040771,0.04923731088638306
1696965601904505300,7.81150537109375,1.4568367004394531,-0.8624870777130127,1.308109998703003
1696965601914519600,7.82151953125,0.18274688720703125,-1.0256088972091675,1.6070984601974487
1696965601924533500,7.831533447265625,-0.7779655456542969,-1.9591343402862549,1.1677839756011963
1696965601934547700,7.841547607421875,0.562774658203125,-2.0757968425750732,0.7022655010223389
1696965601944562000,7.85156201171875,2.0530576705932617,-0.09927582740783691,0.8429189920425415
1696965601954576000,7.861575927734375,2.316521644592285,0.5036300420761108,0.270407110452652
1696965601964590000,7.871590087890625,1.580946922302246,0.9878815412521362,0.4629201889038086
1696965601974604300,7.881604248046875,0.2685699462890625,-3.1436991691589355,-1.022624135017395
1696965601984618200,7.8916181640625,-2.32565975189209,-1.5875715017318726,-0.664574384689331
1696965601994632400,7.901632568359375,-0.3164510726928711,-0.46395885944366455,-0.6244461536407471
1696965602004646400,7.911646484375,-1.350834846496582,0.8203034400939941,-0.8958324193954468
1696965602014660600,7.92166064453125,-0.4006671905517578,-0.9496508836746216,0.617403507232666
1696965602024674600,7.931674560546875,1.4176902770996094,-1.7546616792678833,0.28562110662460327
1696965602034688800,7.941688720703125,-4.811609268188477,0.029570460319519043,-0.401995450258255
1696965602044702700,7.95170263671875,3.7738218307495117,1.2752561569213867,-0.8219819068908691
1696965602054716700,7.961716552734375,-2.125840187072754,0.2553253173828125,-1.0665138959884644
1696965602064731000,7.97173095703125,-4.20487642288208,-0.7547270059585571,-0.9724681973457336
1696965602074744800,7.981744873046875,-1.5604248046875,-0.13102149963378906,-1.1252107620239258
1696965602084759000,7.991759033203125,2.1995506286621094,0.7633906602859497,-0.38023948669433594
1696965602094773000,8.00177294921875,-0.7249994277954102,-0.0470196008682251,0.5904264450073242
1696965602104787200,8.011787109375,-2.373025417327881,-0.9634995460510254,1.1849286556243896
1696965602114801200,8.02180126953125,0.4764251708984375,0.6816691160202026,-0.7599689364433289
1696965602124815000,8.031815185546876,0.5845680236816406,0.25701773166656494,-0.5662745833396912
1696965602134829300,8.041829345703125,-1.7015666961669922,-0.04777204990386963,-0.12254031002521515
1696965602144843300,8.05184326171875,-0.9295778274536133,-0.5447283983230591,1.2160251140594482
1696965602154857500,8.061857421875,1.4851207733154297,-0.06015121936798096,-0.15835818648338318
1696965602164871400,8.071871337890625,0.41951847076416016,0.4135909080505371,-1.0006935596466064
1696965602174885600,8.0818857421875,-0.9402084350585938,-0.8352168798446655,0.6046233177185059
1696965602184899600,8.091899658203126,0.7428493499755859,-0.7575514316558838,0.440792977809906
1696965602194913500,8.10191357421875,-0.7034368515014648,-0.2465440034866333,-0.82332843542099
1696965602204927700,8.111927734375,-0.8608016967773438,0.2984210252761841,-0.9723851680755615
1696965602214941700,8.121941650390625,-0.25339508056640625,-0.45111286640167236,0.5877063274383545
1696965602224956000,8.131955810546875,0.32903194427490234,-0.8241372108459473,-0.1489868462085724
1696965602234969900,8.141969970703125,-1.8474106788635254,-0.7327593564987183,-0.6377147436141968
1696965602244984000,8.151984130859375,-0.39618587493896484,-0.5203797817230225,-0.09378665685653687
1696965602254998000,8.161998046875,-0.22928237915039062,-0.12278330326080322,-0.06037743389606476
1696965602265012000,8.172011962890625,0.36751556396484375,-0.7307878732681274,-0.2500048875808716
1696965602275026200,8.182026123046874,-0.5330295562744141,-0.49108028411865234,-0.49681562185287476
1696965602285040000,8.1920400390625,1.0201654434204102,-0.6862479448318481,-0.1424424797296524
1696965602295054300,8.202054443359375,0.2664794921875,-0.21476948261260986,-0.1264399290084839
1696965602305068300,8.212068359375,0.05452728271484375,-1.4113930463790894,-0.28426846861839294
1696965602315082500,8.22208251953125,-0.03253459930419922,-0.31153738498687744,-0.3821783661842346
1696965602325096700,8.2320966796875,1.3667669296264648,-0.39433109760284424,-0.6055791974067688
1696965602335110700,8.242110595703124,1.5252180099487305,-0.5559611320495605,-0.31940746307373047
1696965602345124900,8.252124755859375,-0.09930610656738281,-0.7694377899169922,-0.42721864581108093
1696965602355139000,8.26213916015625,0.7366971969604492,-0.5770094394683838,-0.06797559559345245
1696965602365153000,8.272153076171875,0.18008804321289062,-0.5293684005737305,-0.23246616125106812
1696965602375167200,8.282167236328124,-0.4036293029785156,-0.8893970251083374,-0.9167109727859497
1696965602385181200,8.29218115234375,-0.03978252410888672,-0.4873237609863281,-0.27376991510391235
1696965602395195400,8.3021953125,0.8442420959472656,-0.21207594871520996,-0.2753227949142456
1696965602405209600,8.312209716796875,-0.5006093978881836,-0.7665518522262573,-0.8041860461235046
1696965602415223600,8.3222236328125,-0.8530960083007812,-0.6768653392791748,-0.6433026790618896
1696965602425237800,8.33223779296875,0.014224052429199219,-0.3556244373321533,-0.08839964866638184
1696965602435252000,8.342251953125,-0.07680511474609375,-0.5770944356918335,0.612892210483551
1696965602445266000,8.352265869140625,1.161184310913086,-2.0618104934692383,-0.10370326042175293
1696965602455280000,8.362280029296874,-0.37572193145751953,-1.6931405067443848,0.4652615189552307
1696965602465294300,8.37229443359375,0.4848442077636719,0.007677793502807617,1.8088001012802124
1696965602475308300,8.382308349609374,1.9364280700683594,0.4470837116241455,1.6584219932556152
1696965602485322500,8.392322509765625,-0.38655567169189453,0.33348000049591064,0.7960987091064453
1696965602495336400,8.40233642578125,0.12555408477783203,-0.09648275375366211,-0.5115675926208496
1696965602505350700,8.4123505859375,-4.610954284667969,-1.3603456020355225,-1.7570770978927612
1696965602515364900,8.42236474609375,0.35063743591308594,-0.6853009462356567,-1.1181591749191284
1696965602525378800,8.43237890625,-1.6186399459838867,0.26059162616729736,-1.343337059020996
1696965602535393000,8.44239306640625,0.6497278213500977,-0.5158462524414062,1.6068592071533203
1696965602545407200,8.4524072265625,2.2254257202148438,-0.7591584920883179,2.255920171737671
1696965602555421200,8.462421142578124,-0.31319713592529297,-0.8274405002593994,1.87281334400177
1696965602565435400,8.472435302734375,-0.3888826370239258,0.19212007522583008,0.43704742193222046
1696965602575449600,8.48244970703125,1.1455755233764648,0.35297441482543945,-0.004628598690032959
1696965602585463600,8.492463623046875,1.5442819595336914,-0.8535510301589966,-0.2179224193096161
1696965602595477800,8.502477783203124,-1.0786066055297852,-1.9736354351043701,-0.03893670439720154
1696965602605491700,8.51249169921875,1.265385627746582,1.2452361583709717,0.39497053623199463
1696965602615506000,8.522505859375,2.7723817825317383,-0.230523943901062,1.3395915031433105
1696965602625520000,8.53252001953125,0.05560493469238281,-1.9547306299209595,0.3662596642971039
1696965602635534000,8.5425341796875,-0.4131612777709961,-1.1456530094146729,-0.19319570064544678
1696965602645548300,8.55254833984375,0.48126983642578125,1.1718820333480835,-0.07052111625671387
1696965602655562500,8.5625625,1.6937971115112305,-0.5320302248001099,-0.02787262201309204
1696965602665576400,8.572576416015625,0.5040569305419922,-1.3312761783599854,-0.0027910321950912476
1696965602675590700,8.582590576171874,-0.09963798522949219,-0.6521604061126709,0.12308593094348907
1696965602685604900,8.59260498046875,0.7842063903808594,0.609859824180603,-0.04126088321208954
1696965602695618800,8.602618896484374,0.9205417633056641,-0.48376429080963135,0.1931319236755371
1696965602705633000,8.612633056640625,-0.8982534408569336,-1.1527546644210815,0.34165817499160767
1696965602715647000,8.62264697265625,0.37447547912597656,0.12203621864318848,-0.15465794503688812
1696965602725661200,8.6326611328125,0.49265480041503906,0.04327058792114258,-0.42151182889938354
1696965602735675400,8.64267529296875,-0.46504688262939453,-0.06603336334228516,-0.44053083658218384
1696965602745689300,8.652689453125,-0.3305807113647461,-0.7304718494415283,0.06934060156345367
1696965602755703600,8.66270361328125,-1.076035499572754,-0.12527692317962646,-0.29339396953582764
1696965602765717800,8.6727177734375,-0.6627368927001953,-0.34148919582366943,-0.5663825869560242
1696965602775731700,8.682731689453124,-0.7860574722290039,-0.3726527690887451,-0.4811875820159912
1696965602785746000,8.692745849609375,-0.7031841278076172,-0.7222750186920166,-0.2863544225692749
1696965602795760000,8.702760009765624,0.229888916015625,-0.19449889659881592,-0.26819464564323425
1696965602805774000,8.712774169921875,-1.3668766021728516,-0.5899609327316284,-0.8781516551971436
1696965602815788300,8.722788330078124,-0.6233406066894531,-0.630893349647522,-0.5191643238067627
1696965602825802200,8.73280224609375,0.07118892669677734,-0.7436164617538452,-0.2821977734565735
1696965602835816400,8.74281640625,-1.2147293090820312,-0.8785940408706665,-0.4209212064743042
1696965602845830700,8.75283056640625,0.9531431198120117,0.07076752185821533,-0.16993777453899384
1696965602855844600,8.7628447265625,0.109710693359375,-0.44585585594177246,0.32215750217437744
1696965602865858800,8.77285888671875,0.22406864166259766,-1.017605185508728,0.24912799894809723
1696965602875873000,8.782873046875,0.4387369155883789,-0.5768471956253052,-0.08122314512729645
1696965602885887000,8.792886962890625,-0.36028289794921875,-0.6390794515609741,0.2974253296852112
1696965602895901200,8.802901123046874,0.6584892272949219,-0.5656983852386475,0.6903822422027588
1696965602905915400,8.812915283203125,0.9152307510375977,-0.5150332450866699,0.2765166461467743
1696965602915929300,8.822929443359374,-1.0031471252441406,-0.26761162281036377,-0.03934192657470703
1696965602925943600,8.832943603515625,0.19415569305419922,-0.03837692737579346,0.4936079978942871
1696965602935957500,8.84295751953125,0.30398082733154297,-0.48615002632141113,0.31171590089797974
1696965602945971700,8.8529716796875,-1.2257194519042969,-0.7553435564041138,-0.21462300419807434
1696965602955986000,8.86298583984375,-0.6536579132080078,-0.3781859874725342,-0.26774805784225464
1696965602965999900,8.872999755859375,-0.5130634307861328,-0.22701072692871094,0.041395679116249084
1696965602976014000,8.88301416015625,0.11470985412597656,-0.4831439256668091,0.03991295397281647
1696965602986028300,8.8930283203125,-1.380746841430664,-0.04661858081817627,-0.12841059267520905
1696965602996042200,8.903042236328124,0.4771871566772461,-0.31100380420684814,0.3194945454597473
1696965603006056400,8.913056396484375,0.29517555236816406,-0.32061922550201416,0.46725785732269287
1696965603016070400,8.9230703125,-0.17827510833740234,-0.8535029888153076,-0.2846839725971222
1696965603026084600,8.933084716796875,0.08566951751708984,0.1240544319152832,0.5226496458053589
1696965603036098800,8.943098876953124,2.188455581665039,-0.01268148422241211,0.7491104006767273
1696965603046112800,8.95311279296875,-0.0002574920654296875,-0.47727012634277344,0.2537224292755127
1696965603056127000,8.963126953125,0.5064878463745117,-0.33460378646850586,0.4517030119895935
1696965603066141200,8.97314111328125,1.2990102767944336,0.20663702487945557,0.6303451061248779
1696965603076155100,8.983155029296874,0.5791187286376953,-0.2935357093811035,0.30460458993911743
1696965603086169300,8.99316943359375,0.25788211822509766,-0.569292426109314,-0.26481425762176514
1696965603096183600,9.00318359375,0.27649879455566406,0.1758478879928589,0.09317056834697723
1696965603106197500,9.013197509765625,0.9689960479736328,-0.2433152198791504,0.12314662337303162
1696965603116211700,9.023211669921874,-0.20392608642578125,-0.728740930557251,-0.40418195724487305
1696965603126225700,9.0332255859375,-0.8004255294799805,-0.6104787588119507,-0.24457722902297974
1696965603136239900,9.043239990234374,0.974639892578125,-0.2947124242782593,0.008804023265838623
1696965603146254000,9.053254150390625,0.6095695495605469,-0.15031957626342773,-0.2685232162475586
1696965603156268000,9.06326806640625,-0.5672636032104492,-0.721240758895874,-0.35820695757865906
1696965603166282200,9.0732822265625,0.7964849472045898,-0.3395196199417114,0.3346976637840271
1696965603176296400,9.08329638671875,0.8474817276000977,-0.1270664930343628,0.4590027928352356
1696965603186310400,9.093310302734375,-0.5112638473510742,-0.33214449882507324,-0.4028376340866089
1696965603196324600,9.10332470703125,-1.202723503112793,-0.1031731367111206,0.17844322323799133
1696965603206338800,9.1133388671875,1.5054397583007812,-0.14355731010437012,0.027723446488380432
1696965603216352800,9.123352783203124,-0.8536357879638672,-0.20107221603393555,-0.3666461110115051
1696965603226367000,9.133366943359375,-0.9948234558105469,-0.12431478500366211,-0.5006542205810547
1696965603236381000,9.143380859375,0.5134592056274414,0.20740044116973877,-0.0701466053724289
1696965603246395100,9.15339501953125,-1.0740652084350586,-0.159021258354187,-0.05726677179336548
1696965603256409300,9.163409423828124,-1.5205316543579102,0.03699767589569092,-0.11129777133464813
1696965603266423300,9.17342333984375,0.7389822006225586,0.007910490036010742,-0.0723944753408432
1696965603276437500,9.1834375,0.06845664978027344,-0.1667499542236328,0.002009093761444092
1696965603286451500,9.193451416015625,-1.1217784881591797,-0.2947481870651245,-0.17393282055854797
1696965603296465700,9.203465576171874,1.1845426559448242,-0.1176156997680664,-0.23532196879386902
1696965603306479600,9.213479736328125,-0.7298355102539062,-0.08999800682067871,0.24308903515338898
1696965603316493800,9.223493896484374,0.7006645202636719,0.0741572380065918,0.159122034907341
1696965603326507800,9.2335078125,-0.02718830108642578,-0.11023521423339844,0.06947171688079834
1696965603336521700,9.243521728515624,0.3070974349975586,0.0020265579223632812,0.4251769185066223
1696965603346536000,9.253535888671875,0.8370485305786133,-0.42549681663513184,-0.36766183376312256
1696965603356550000,9.2635498046875,-0.011141777038574219,0.126481294631958,-0.42167139053344727
1696965603366564000,9.273564208984375,-0.1733074188232422,-0.29147231578826904,-0.08400668948888779
1696965603376578000,9.283578125,0.6869878768920898,0.09374070167541504,-0.20410102605819702
1696965603386592300,9.29359228515625,0.6140499114990234,0.13371050357818604,0.41232019662857056
1696965603396606200,9.303606201171876,-1.2036361694335938,-0.2767869234085083,-0.2275080382823944
1696965603406620200,9.3136201171875,0.4768028259277344,0.2595500946044922,0.271861732006073
1696965603416634400,9.32363427734375,0.25591564178466797,-0.004876136779785156,-0.14550834894180298
1696965603426648300,9.3336484375,-0.45204925537109375,-0.24309170246124268,0.038384005427360535
1696965603436662500,9.34366259765625,0.5814294815063477,-0.0565265417098999,0.1990772783756256
1696965603446676500,9.353676513671875,-0.25157928466796875,0.015504002571105957,0.18355785310268402
1696965603456690700,9.363690673828126,0.537684440612793,0.091400146484375,0.1623001992702484
1696965603466704600,9.37370458984375,-0.5533018112182617,0.2778581380844116,0.01348981261253357
1696965603476718600,9.383718505859376,0.021531105041503906,0.18188369274139404,0.07983425259590149
1696965603486732800,9.39373291015625,-0.599797248840332,-0.20567572116851807,-0.11592349410057068
1696965603496746800,9.403746826171876,-0.4358787536621094,0.139540433883667,0.027077704668045044
1696965603506761000,9.413760986328125,0.4207019805908203,0.22468256950378418,-0.04873563349246979
1696965603516775000,9.42377490234375,-1.491795539855957,0.12272131443023682,-0.4028393030166626
1696965603526789000,9.4337890625,0.2656431198120117,0.2292006015777588,-0.10252881050109863
1696965603536803000,9.443802978515626,-0.5662384033203125,-0.1942082643508911,-0.06067267060279846
1696965603546817000,9.453817138671875,-0.12062358856201172,0.23366963863372803,-0.19527463614940643
1696965603556831200,9.463831298828126,-0.17717933654785156,0.06748080253601074,-0.08895114809274673
1696965603566845200,9.47384521484375,-0.8413619995117188,0.2659337520599365,0.16456207633018494
1696965603576859400,9.483859375,1.7608671188354492,0.3967803716659546,0.28542816638946533
1696965603586873300,9.493873291015625,-2.0810813903808594,-0.04856443405151367,-0.010968133807182312
1696965603596887600,9.503887451171876,1.8762874603271484,0.39670073986053467,0.7613691091537476
1696965603606901500,9.513901611328125,-0.47939491271972656,0.25948822498321533,0.5417664051055908
1696965603616915700,9.523915771484376,0.6446132659912109,0.030864238739013672,0.47655054926872253
1696965603626930000,9.533929931640625,0.5572404861450195,0.12872755527496338,0.4396263360977173
1696965603636944000,9.54394384765625,-0.6868457794189453,0.12898993492126465,0.3993017077445984
1696965603646958000,9.5539580078125,1.6040534973144531,0.3332977294921875,0.6927623152732849
1696965603656972000,9.563971923828126,-1.0139350891113281,-0.1281135082244873,-0.09219850599765778
1696965603666986200,9.573986328125,0.7328920364379883,0.08722138404846191,0.545567512512207
1696965603677000400,9.58400048828125,-0.1527557373046875,-0.0017453432083129883,0.20301884412765503
1696965603687014400,9.594014404296875,-0.2287273406982422,0.12611496448516846,-0.11556804180145264
1696965603697028600,9.604028564453126,-0.012770652770996094,0.06604325771331787,0.13245683908462524
1696965603707042800,9.614042724609375,0.2168140411376953,0.06927752494812012,0.3767975866794586
1696965603717056800,9.624056884765626,0.16411590576171875,0.22398030757904053,0.37388044595718384
1696965603727071000,9.634071044921875,0.45546913146972656,0.19274401664733887,0.11094240844249725
1696965603737085200,9.644085205078126,0.6984195709228516,0.5768357515335083,0.5155534744262695
1696965603747099100,9.65409912109375,-0.03902626037597656,-0.043413400650024414,0.2535349726676941
1696965603757113300,9.66411328125,0.2241373062133789,0.6001570224761963,0.6736212968826294
1696965603767127300,9.674127197265625,-0.06788921356201172,0.06721413135528564,0.5896287560462952
1696965603777141500,9.6841416015625,0.5918912887573242,0.7060341835021973,0.056545957922935486
1696965603787155700,9.69415576171875,-1.2159700393676758,-0.14736223220825195,0.021042585372924805
1696965603797169700,9.704169677734376,0.8801593780517578,0.4793151617050171,-0.3100816011428833
1696965603807184000,9.714183837890625,-0.751439094543457,0.017127037048339844,-0.1676039695739746
1696965603817198000,9.724197998046876,-0.9314413070678711,0.1862809658050537,-0.5340473651885986
1696965603827212000,9.7342119140625,0.15571117401123047,0.06589639186859131,0.04420118033885956
1696965603837226200,9.744226318359376,-0.6142644882202148,0.6977747678756714,-0.5098578929901123
1696965603847240200,9.754240234375,0.04671764373779297,0.03215157985687256,0.20828256011009216
1696965603857254400,9.76425439453125,-0.4938373565673828,0.1445600986480713,-0.21844732761383057
1696965603867268600,9.7742685546875,0.23375797271728516,0.3741910457611084,0.4443624019622803
1696965603877282600,9.784282470703126,-1.1581430435180664,0.5684378147125244,0.31968802213668823
1696965603887296800,9.794296875,1.3344287872314453,0.3675193786621094,-0.3640027642250061
1696965603897311000,9.80431103515625,-1.2357549667358398,-0.03610587120056152,-0.19182541966438293
1696965603907325000,9.814324951171875,0.5831060409545898,0.22866582870483398,-0.24409717321395874
1696965603917339100,9.824339111328126,-0.44148731231689453,0.14495670795440674,-0.40290355682373047
1696965603927353300,9.834353271484375,-0.32106685638427734,0.15568768978118896,-0.32329118251800537
1696965603937367300,9.8443671875,-0.4449434280395508,-0.35773980617523193,0.19464018940925598
1696965603947381500,9.854381591796875,0.8941001892089844,0.5479046106338501,-0.5666900873184204
1696965603957395500,9.8643955078125,-0.7950286865234375,0.0252993106842041,-0.20942513644695282
1696965603967409700,9.87440966796875,1.0847511291503906,0.3193228244781494,-0.4903595745563507
1696965603977424000,9.884423828125,-0.07413482666015625,-0.2092576026916504,0.5920051336288452
1696965603987437800,9.894437744140625,0.6855745315551758,0.26663386821746826,-0.0716264545917511
1696965603997452000,9.9044521484375,1.109579086303711,0.2966955900192261,-0.0540989488363266
1696965604007466200,9.91446630859375,-0.48471832275390625,0.5071368217468262,0.48148655891418457
1696965604017480200,9.924480224609376,1.2370319366455078,0.11302483081817627,0.2520853281021118
1696965604027494400,9.934494384765625,-0.3717184066772461,0.021077632904052734,-0.42513540387153625
1696965604037508600,9.944508544921876,-0.2989206314086914,-0.004145503044128418,-0.05222189426422119
1696965604047522600,9.9545224609375,1.0637216567993164,0.8616589307785034,0.4215850234031677
1696965604057536800,9.964536865234376,-0.7018070220947266,-0.5833587646484375,-0.295875608921051
1696965604067550700,9.97455078125,-0.3707132339477539,0.7499463558197021,0.14301177859306335
1696965604077565000,9.98456494140625,1.5187063217163086,-0.11808955669403076,-0.22562724351882935
1696965604087579100,9.9945791015625,-2.0982794761657715,0.5010578632354736,-0.14580945670604706
1696965604097593000,10.004593017578125,1.7593135833740234,-0.3208533525466919,0.015391558408737183
1696965604107607300,10.014607177734375,-0.3859395980834961,0.3671572208404541,0.053610607981681824
1696965604117621500,10.02462158203125,-0.021327972412109375,0.15302908420562744,0.318204790353775
1696965604127635500,10.034635498046875,0.6622505187988281,0.05101728439331055,-0.14876627922058105
1696965604137649700,10.044649658203125,0.0924234390258789,0.6016854047775269,0.4032323360443115
1696965604147664000,10.054663818359375,0.5654211044311523,0.03010427951812744,0.09586004912853241
1696965604157677800,10.064677734375,-0.49157238006591797,0.6282024383544922,0.6048318147659302
1696965604167692000,10.074692138671875,0.6805534362792969,-0.1532045602798462,0.5020649433135986
1696965604177706000,10.0847060546875,0.48349571228027344,0.3205721378326416,0.31120219826698303
1696965604187720200,10.09472021484375,-1.300034523010254,-0.18880629539489746,-0.29449111223220825
1696965604197734400,10.104734375,0.8923664093017578,0.4779850244522095,0.5518082976341248
1696965604207748400,10.114748291015625,-0.47615909576416016,0.4155672788619995,-0.21217834949493408
1696965604217762600,10.124762451171875,-1.100581169128418,0.2970985174179077,0.277233362197876
1696965604227776800,10.13477685546875,0.006247520446777344,-0.22583222389221191,-0.10333342850208282
1696965604237790700,10.144790771484375,-0.4470539093017578,0.8118427991867065,0.0936819463968277
1696965604247805000,10.154804931640625,-0.1497058868408203,0.16026008129119873,0.8158014416694641
1696965604257819100,10.164819091796875,0.7353391647338867,0.5429762601852417,0.4404667615890503
1696965604267833000,10.1748330078125,-0.29879283905029297,0.19749045372009277,0.6900647282600403
1696965604277847300,10.184847412109375,0.815913200378418,0.06450414657592773,0.6514267921447754
1696965604287861200,10.194861328125,-1.0260334014892578,0.12580156326293945,0.1579117774963379
1696965604297875500,10.20487548828125,1.0365476608276367,0.15662014484405518,0.4087066054344177
1696965604307889700,10.2148896484375,-0.49045848846435547,0.5947144031524658,0.8092172145843506
1696965604317903600,10.224903564453125,0.48113441467285156,-0.13072454929351807,0.5641264319419861
1696965604327917800,10.234917724609375,-0.6574373245239258,0.4854283332824707,0.34195858240127563
1696965604337932000,10.24493212890625,0.47711658477783203,0.18071043491363525,0.0668725073337555
1696965604347946000,10.254946044921875,0.050444602966308594,0.3766735792160034,0.3824681341648102
1696965604357960200,10.264960205078125,1.264617919921875,-0.2105565071105957,0.09124094247817993
1696965604367974400,10.274974365234375,-0.35861778259277344,-0.03366100788116455,-0.01961846649646759
1696965604377988400,10.28498828125,1.2817840576171875,0.20294153690338135,0.5604227185249329
1696965604388002600,10.29500244140625,-0.21700000762939453,0.5252915620803833,0.18056121468544006
1696965604398016500,10.3050166015625,-0.4120597839355469,0.17756354808807373,0.07454431056976318
1696965604408030700,10.31503076171875,-0.3344564437866211,0.19016993045806885,-0.13575604557991028
1696965604418045000,10.325044921875,-0.7296772003173828,0.4773303270339966,-0.43017762899398804
1696965604428059000,10.335058837890625,-0.46036624908447266,0.2186521291732788,-0.12909597158432007
1696965604438073000,10.345072998046875,0.05303382873535156,-0.7295112609863281,-0.9711878299713135
1696965604448087300,10.35508740234375,-1.4813652038574219,0.8749995231628418,0.2858346700668335
1696965604458101200,10.365101318359375,1.4095964431762695,-0.016630887985229492,-0.17772427201271057
1696965604468115500,10.375115478515625,-2.4982757568359375,0.5087467432022095,-0.11238317936658859
1696965604478129700,10.385129638671875,0.3183622360229492,0.3666635751724243,0.10544264316558838
1696965604488143600,10.3951435546875,-1.909153938293457,0.3684145212173462,0.33117538690567017
1696965604498157800,10.40515771484375,0.17439842224121094,0.4015160799026489,0.17707397043704987
1696965604508172800,10.4151728515625,-0.28443431854248047,0.13471698760986328,0.6526017189025879
1696965604518186500,10.4251865234375,-1.4402751922607422,0.20122575759887695,0.06642299890518188
1696965604528200200,10.4352001953125,0.17398834228515625,0.49095022678375244,0.45141103863716125
1696965604538214000,10.4452138671875,0.3265409469604492,0.41237807273864746,0.40735697746276855
1696965604548227600,10.4552275390625,-0.8401756286621094,-0.06338238716125488,-0.36313778162002563
1696965604558241300,10.4652412109375,0.5955686569213867,-0.07273924350738525,-0.583513617515564
1696965604568255200,10.475255126953124,-0.19408416748046875,0.20676958560943604,0.20298171043395996
1696965604578269000,10.48526904296875,0.5854263305664062,0.21534371376037598,-0.7233611345291138
1696965604588283000,10.495282958984374,-0.29016590118408203,-0.17035233974456787,0.07097157090902328
1696965604598296800,10.505296875,-0.3657817840576172,0.11146795749664307,-0.23350729048252106
1696965604608310800,10.515310791015626,0.6964445114135742,0.29514777660369873,0.45826584100723267
1696965604618325000,10.525324951171875,0.4321451187133789,0.24501895904541016,-0.11543966084718704
1696965604628339200,10.535339111328126,1.7935400009155273,-0.13618230819702148,0.6959735155105591
1696965604638353700,10.545353759765625,-0.3369932174682617,0.21879494190216064,-0.04458225518465042
1696965604648367900,10.555367919921874,1.2125043869018555,0.3407938480377197,0.4706995487213135
1696965604658382300,10.56538232421875,0.9856348037719727,0.26322805881500244,0.061256855726242065
1696965604668396800,10.575396728515624,-0.8516101837158203,-0.18411338329315186,0.5331653356552124
1696965604678411000,10.585410888671875,1.3588886260986328,0.20972931385040283,-0.4522583782672882
1696965604688425500,10.595425537109374,-0.9855728149414062,0.4584989547729492,0.09564849734306335
1696965604698440000,10.60543994140625,1.540384292602539,0.1548781394958496,0.287686288356781
1696965604708454400,10.615454345703125,-0.8473749160766602,0.05845236778259277,0.09945634007453918
1696965604718468600,10.625468505859375,0.22521495819091797,-0.08024048805236816,0.17177893221378326
1696965604728482800,10.63548291015625,-0.027910232543945312,0.4504917860031128,-0.05911344289779663
1696965604738496800,10.645496826171875,0.15375995635986328,0.33950328826904297,-0.355726957321167
1696965604748511000,10.655510986328125,-0.7731418609619141,0.0529177188873291,0.3358573615550995
1696965604758526700,10.665526611328126,-0.0017843246459960938,0.2964634895324707,-0.21461381018161774
1696965604768539100,10.6755390625,-1.143702507019043,0.10795021057128906,0.318379670381546
1696965604778551600,10.685551513671875,0.9045839309692383,0.3990499973297119,-0.021834760904312134
1696965604788564200,10.695564208984376,-0.8848342895507812,0.09609878063201904,0.4626085162162781
1696965604798577200,10.7055771484375,0.4506254196166992,0.5313215255737305,0.13169538974761963
1696965604808590000,10.715590087890625,-0.4583864212036133,0.41951513290405273,0.01447322964668274
1696965604818603300,10.725603271484376,-0.28046131134033203,0.06508851051330566,-0.296011745929718
1696965604828616700,10.73561669921875,-2.411245346069336,-0.1969301700592041,0.14847330749034882
1696965604838630400,10.74563037109375,1.2022275924682617,0.5487160682678223,0.3688846230506897
1696965604848644600,10.75564453125,-0.6257429122924805,0.1470344066619873,-0.012520745396614075
1696965604858658800,10.765658935546876,-1.6766319274902344,-0.2476506233215332,0.2215886265039444
1696965604868673500,10.775673583984375,1.4437437057495117,0.31976234912872314,0.38346511125564575
1696965604878688300,10.785688232421874,-1.2797422409057617,-0.18826425075531006,0.28768792748451233
1696965604888703200,10.795703125,1.4045019149780273,0.5337203741073608,0.24277760088443756
1696965604898718500,10.805718505859375,-1.485860824584961,-0.17262601852416992,0.28538763523101807
1696965604908733700,10.815733642578126,0.04203605651855469,0.011377692222595215,0.6392026543617249
1696965604918749000,10.8257490234375,-0.5604619979858398,0.12748563289642334,-0.010929301381111145
1696965604928764200,10.83576416015625,0.8168516159057617,0.40715718269348145,0.333768367767334
1696965604938779100,10.845779052734375,-0.5518703460693359,0.0805734395980835,0.33187180757522583
1696965604948793000,10.85579296875,1.1261444091796875,0.43889951705932617,0.6255966424942017
1696965604958807300,10.865807373046875,0.5071325302124023,0.7226691246032715,0.513453483581543
1696965604968821500,10.875821533203125,0.9924850463867188,0.8835304975509644,0.7563578486442566
1696965604978835500,10.88583544921875,0.8896942138671875,0.7135865688323975,0.18707872927188873
1696965604988849700,10.895849609375,-0.6994571685791016,-0.11813986301422119,-0.11543069779872894
1696965604998863600,10.905863525390625,0.5875444412231445,0.3569784164428711,0.09739115834236145
1696965605008877600,10.915877685546874,-0.2884035110473633,-0.29931557178497314,-0.1544702649116516
1696965605018891800,10.925891845703125,-0.06338214874267578,0.16223394870758057,-0.005366146564483643
1696965605028905700,10.93590576171875,0.5583162307739258,0.5472103357315063,0.39992275834083557
1696965605038920000,10.945919921875,0.04047966003417969,0.4139465093612671,1.0407049655914307
1696965605048934000,10.955933837890624,0.3038816452026367,-0.13662266731262207,-0.578877329826355
1696965605058948000,10.965947998046875,-1.3174219131469727,0.1393723487854004,0.83596271276474
1696965605068962000,10.975962158203124,1.3673162460327148,0.5705267190933228,0.07369112968444824
1696965605078976000,10.98597607421875,-1.5895748138427734,-0.023043513298034668,0.4650748074054718
1696965605088990200,10.995990234375,0.5079250335693359,-0.11167025566101074,-0.014468878507614136
1696965605099004200,11.006004150390625,-0.9320497512817383,0.5492790937423706,0.2041931301355362
1696965605109018400,11.016018310546874,0.30867671966552734,0.4527932405471802,0.027589276432991028
1696965605119032300,11.0260322265625,-1.3936614990234375,-0.216217041015625,0.37158113718032837
1696965605129046500,11.036046630859374,-0.19492340087890625,-0.02789485454559326,0.27050602436065674
1696965605139060500,11.046060546875,-0.18050575256347656,0.5906603336334229,-0.11978988349437714
1696965605149074400,11.056074462890624,-0.767298698425293,0.28962111473083496,0.23858344554901123
1696965605159088600,11.066088623046875,0.5481748580932617,0.6890031099319458,-0.12509460747241974
1696965605169102600,11.0761025390625,-1.0248632431030273,-0.16663801670074463,0.19170160591602325
1696965605179116800,11.08611669921875,0.25273990631103516,0.32654666900634766,0.2631463408470154
1696965605189130800,11.096130859375,-0.0008001327514648438,0.3047947883605957,0.35569682717323303
1696965605199145000,11.10614501953125,0.5002889633178711,0.6855406761169434,0.037031665444374084
1696965605209159000,11.116158935546874,-0.7194643020629883,-0.14340782165527344,-0.11580462753772736
1696965605219172900,11.1261728515625,-0.8425531387329102,0.42005884647369385,0.5940158367156982
1696965605229187000,11.13618701171875,1.4577140808105469,0.06382834911346436,0.19375085830688477
1696965605239201000,11.146200927734375,-1.4275093078613281,0.6555789709091187,-0.09169115126132965
1696965605249215200,11.15621533203125,1.1890220642089844,-0.42381584644317627,0.8501485586166382
1696965605259230000,11.16622998046875,0.15882015228271484,0.8949285745620728,0.299588143825531
1696965605269244400,11.176244384765624,0.2530632019042969,-0.2009587287902832,0.5692805051803589
1696965605279259000,11.1862587890625,-0.24451065063476562,0.11010551452636719,0.05694296956062317
1696965605289272800,11.19627294921875,0.7205371856689453,0.20603632926940918,0.5374888777732849
1696965605299287000,11.206287109375,-0.07437992095947266,0.2189558744430542,-0.16590002179145813
1696965605309301000,11.216301025390624,0.0684356689453125,-0.020841479301452637,0.24089834094047546
1696965605319315200,11.226315185546875,0.20216846466064453,0.13673532009124756,-0.05112642049789429
1696965605329329400,11.236329345703124,0.07693862915039062,-0.05672800540924072,0.06256610155105591
1696965605339343400,11.24634326171875,0.44470882415771484,0.3742713928222656,0.12744073569774628
1696965605349357600,11.256357666015624,0.09470367431640625,-0.047295451164245605,-0.19985482096672058
1696965605359371500,11.26637158203125,0.40482044219970703,0.2708463668823242,0.8397731184959412
1696965605369385700,11.2763857421875,1.3024110794067383,0.024898171424865723,0.07329860329627991
1696965605379399700,11.286399658203125,-1.2336769104003906,0.20229554176330566,0.021938487887382507
1696965605389413600,11.29641357421875,1.0011672973632812,-0.16649222373962402,0.3322461247444153
1696965605399427800,11.306427734375,-0.2724447250366211,0.1350085735321045,0.8984320163726807
1696965605409441800,11.31644189453125,0.6413259506225586,-0.21678853034973145,-0.09260272234678268
1696965605419456000,11.3264560546875,-0.5978965759277344,0.35671722888946533,0.4485945403575897
1696965605429470000,11.336469970703124,0.9235458374023438,0.21547281742095947,0.43991270661354065
1696965605439484200,11.346484130859375,-0.9995603561401367,-0.43739426136016846,0.4917539954185486
1696965605449498000,11.356498046875,0.26952552795410156,0.3367501497268677,0.09953916072845459
1696965605459512300,11.36651220703125,0.10663890838623047,0.3912855386734009,0.21070526540279388
1696965605469526300,11.3765263671875,-0.5766105651855469,-0.18565106391906738,0.4467160105705261
1696965605479540200,11.386540283203125,-0.05906391143798828,-0.09002745151519775,0.15487505495548248
1696965605489554400,11.396554443359374,-1.2196245193481445,0.3992290496826172,0.5208865404129028
1696965605499568400,11.406568359375,0.39841747283935547,0.5809708833694458,0.12624959647655487
1696965605509582600,11.41658251953125,-1.0405044555664062,-0.09709954261779785,0.6580882668495178
1696965605519596500,11.426596435546875,-0.20659923553466797,-0.03868067264556885,0.1807113140821457
1696965605529610800,11.43661083984375,-1.534348487854004,0.35195791721343994,0.4089595675468445
1696965605539624700,11.446624755859375,1.1787433624267578,0.6399950981140137,0.12228022515773773
1696965605549638700,11.456638671875,-1.3328323364257812,-0.3381553888320923,0.36515700817108154
1696965605559652900,11.46665283203125,0.12768077850341797,0.3674808740615845,0.5925437211990356
1696965605569666800,11.476666748046876,-0.4080486297607422,0.22423624992370605,0.24254050850868225
1696965605579681000,11.486680908203125,0.1090402603149414,0.36736857891082764,0.39079320430755615
1696965605589695000,11.496695068359376,-0.8284540176391602,-0.19903147220611572,0.3501501679420471
1696965605599709200,11.506709228515625,0.3253774642944336,0.10722970962524414,0.4728044271469116
1696965605609723100,11.51672314453125,0.5006265640258789,0.460074782371521,0.3738069236278534
1696965605619737000,11.526737060546875,0.09830665588378906,-0.05936098098754883,0.08361761271953583
1696965605629751300,11.536751220703126,0.4556598663330078,0.11282289028167725,0.6874515414237976
1696965605639765500,11.546765625,-0.31435489654541016,0.05677497386932373,-0.039590463042259216
1696965605649779500,11.556779541015626,0.4836406707763672,-0.024412155151367188,-0.10281837731599808
1696965605659793700,11.566793701171875,0.32523441314697266,0.14990460872650146,0.13324859738349915
1696965605669807900,11.576807861328126,0.1279277801513672,-0.21086788177490234,0.15112733840942383
1696965605679821800,11.58682177734375,0.7205657958984375,0.1320044994354248,0.5310976505279541
1696965605689836000,11.5968359375,0.8522243499755859,0.5729014873504639,0.23144687712192535
1696965605699850000,11.60685009765625,0.12903499603271484,-0.3541680574417114,0.8093125820159912
1696965605709864200,11.6168642578125,0.3913116455078125,0.3118274211883545,0.2224844992160797
1696965605719878400,11.62687841796875,-0.5506801605224609,-0.03094160556793213,0.6779745817184448
1696965605729892400,11.636892333984376,1.3335676193237305,0.11656129360198975,-0.08272538334131241
1696965605739906600,11.646906494140625,-2.2440619468688965,0.3868192434310913,0.7278236150741577
1696965605749920800,11.656920654296876,1.5654077529907227,0.09921789169311523,0.10353375971317291
1696965605759934700,11.666934814453125,-1.5012836456298828,-0.16686749458312988,0.4311978220939636
1696965605769949000,11.676948974609376,0.8296775817871094,0.024710774421691895,-0.18017086386680603
1696965605779963100,11.686963134765625,-1.0405073165893555,0.28013479709625244,0.918481171131134
1696965605789977000,11.69697705078125,0.9595460891723633,0.26530683040618896,0.017412245273590088
1696965605799991300,11.7069912109375,-0.6528797149658203,-0.1876741647720337,0.25501522421836853
1696965605810005200,11.717005126953126,-0.5319328308105469,0.16727328300476074,0.4001486897468567
1696965605820019500,11.72701953125,0.7596845626831055,0.4342780113220215,0.4616926908493042
1696965605830033700,11.73703369140625,-0.4080028533935547,-0.37142157554626465,0.053024739027023315
1696965605840047600,11.747047607421875,0.7348308563232422,-0.024531126022338867,0.41242778301239014
1696965605850061800,11.757061767578126,0.10738945007324219,0.3073763847351074,0.4184896945953369
1696965605860076000,11.767075927734375,0.1497974395751953,-0.45636069774627686,0.3280836045742035
1696965605870090000,11.777090087890626,-0.14181900024414062,0.15973031520843506,0.056403085589408875
1696965605880104200,11.787104248046875,0.035274505615234375,-0.19398891925811768,0.19274020195007324
1696965605890118400,11.797118408203126,-0.9780492782592773,-0.21655607223510742,0.31836432218551636
1696965605900132400,11.80713232421875,1.423257827758789,-0.21029448509216309,-0.004068970680236816
1696965605910146600,11.817146484375,-0.8789024353027344,-0.2959810495376587,0.44543060660362244
1696965605920160500,11.827160400390625,0.5950956344604492,-0.1416836977005005,0.08329214155673981
1696965605930174700,11.8371748046875,-0.04230308532714844,0.16670560836791992,0.5735034942626953
1696965605940189000,11.84718896484375,0.4264030456542969,0.13118493556976318,-0.04034747928380966
1696965605950203000,11.857202880859376,-1.2334861755371094,-0.142899751663208,0.1363857537508011
1696965605960217000,11.867217041015625,0.6859779357910156,-0.08986806869506836,0.29660969972610474
1696965605970231300,11.877231201171876,-0.16200828552246094,0.04665219783782959,0.5121393203735352
1696965605980245200,11.887245361328125,-0.7731351852416992,-0.04021155834197998,0.23363471031188965
1696965605990259500,11.897259521484376,-0.02159595489501953,0.007134795188903809,0.4613224267959595
1696965606000273700,11.907273681640625,-1.1872272491455078,0.20128858089447021,0.15576626360416412
1696965606010287600,11.91728759765625,-0.07152557373046875,-0.2533547878265381,0.38926929235458374
1696965606020301800,11.9273017578125,-1.0220699310302734,0.009076118469238281,0.24068373441696167
1696965606030315800,11.937315673828126,0.8818321228027344,-0.07295429706573486,0.47481441497802734
1696965606040330000,11.947330078125,-0.20491790771484375,0.050530076026916504,0.8422927856445312
1696965606050344200,11.95734423828125,0.383087158203125,-0.34483444690704346,0.5936343669891357
1696965606060358100,11.967358154296875,0.10505485534667969,-0.06692445278167725,0.9117242693901062
1696965606070372400,11.977372314453126,0.47265148162841797,0.22492671012878418,0.9058534502983093
1696965606080386600,11.987386474609375,0.2038745880126953,-0.0959700345993042,0.8457885980606079
1696965606090400500,11.997400390625,0.12707901000976562,0.01746988296508789,0.7987924814224243
1696965606100414700,12.007414794921875,0.11229419708251953,-0.1493682861328125,1.1254310607910156
1696965606110429000,12.017428955078126,0.8244714736938477,-0.1518418788909912,0.030581548810005188
1696965606120443000,12.02744287109375,-0.7307262420654297,-0.3956519365310669,0.19532689452171326
1696965606130457000,12.03745703125,0.853419303894043,-0.15886199474334717,0.14695680141448975
1696965606140471000,12.047470947265625,-0.39113521575927734,-0.1832336187362671,0.27202653884887695
1696965606150485200,12.0574853515625,0.7190475463867188,0.1010211706161499,0.33110544085502625
1696965606160499500,12.06749951171875,0.13437271118164062,-0.3210650682449341,0.18439285457134247
1696965606170513400,12.077513427734376,0.2254314422607422,0.14950096607208252,0.3077714145183563
1696965606180527600,12.087527587890625,-0.11905860900878906,-0.20102202892303467,0.5194092392921448
1696965606190541800,12.097541748046876,1.1289453506469727,0.15080344676971436,0.6590715646743774
1696965606200555800,12.1075556640625,0.2662372589111328,-0.22465837001800537,0.563166618347168
1696965606210570000,12.117570068359376,0.16570377349853516,-0.0693356990814209,0.8365182280540466
1696965606220584200,12.127584228515625,0.3471946716308594,-0.234083890914917,0.23623907566070557
1696965606230598100,12.13759814453125,-0.24097824096679688,-0.08840024471282959,0.33826470375061035
1696965606240612400,12.1476123046875,0.7443361282348633,0.024396538734436035,0.28959882259368896
1696965606250626300,12.157626220703126,-0.7049150466918945,-0.1707000732421875,0.6255456805229187
1696965606260640500,12.167640625,1.108229637145996,-0.08107411861419678,0.3907179534435272
1696965606270654700,12.17765478515625,-0.738551139831543,0.08698678016662598,0.2780047655105591
1696965606280668700,12.187668701171875,1.170083999633789,-0.05706191062927246,0.02484680712223053
1696965606290683000,12.197682861328126,-1.3984193801879883,0.07251214981079102,0.14557164907455444
1696965606300697000,12.207697021484375,0.7936220169067383,-0.03201878070831299,0.5242502093315125
1696965606310711000,12.2177109375,-0.4885854721069336,0.05561840534210205,0.7833005785942078
1696965606320725200,12.227725341796875,0.18156909942626953,-0.03983020782470703,0.7145954370498657
1696965606330739500,12.237739501953126,-0.4924497604370117,-0.07010126113891602,0.7265940308570862
1696965606340753400,12.24775341796875,0.35944557189941406,0.010755419731140137,0.2756415605545044
1696965606350767600,12.257767578125,-0.9413061141967773,0.2686518430709839,0.4608856439590454
1696965606360781600,12.267781494140625,0.4040060043334961,-0.2634580135345459,-0.06557101756334305
1696965606370795800,12.277795654296876,-0.9877862930297852,0.10608172416687012,0.6442147493362427
1696965606380810000,12.28781005859375,0.9885091781616211,-0.35913026332855225,0.2191232442855835
1696965606390824000,12.297823974609376,-1.2219696044921875,-0.2617558240890503,0.6474248170852661
1696965606400838100,12.307838134765625,1.873133659362793,-0.042343735694885254,-0.22603970766067505
1696965606410852400,12.317852294921876,-1.2231931686401367,-0.13493013381958008,0.711984395980835
1696965606420866300,12.3278662109375,1.3794727325439453,-0.12486577033996582,0.09735797345638275
1696965606430880500,12.337880615234376,-0.6260347366333008,-0.18379688262939453,0.9069527387619019
1696965606440894500,12.34789453125,0.9240007400512695,-0.10327768325805664,0.34283363819122314
1696965606450908700,12.35790869140625,-0.7649269104003906,-0.08143746852874756,0.5377592444419861
1696965606460923000,12.3679228515625,0.8189554214477539,-0.33122992515563965,-0.24028100073337555
1696965606470936800,12.377936767578126,0.43961143493652344,-0.17905843257904053,0.48700177669525146
1696965606480951000,12.387950927734375,0.6781740188598633,-0.47991085052490234,-0.2644411027431488
1696965606490965200,12.39796533203125,-0.02593994140625,-0.02545607089996338,0.32105833292007446
1696965606500979200,12.407979248046875,0.677520751953125,-0.22247552871704102,-0.6563159227371216
1696965606510993400,12.417993408203126,-1.4697341918945312,-0.22795486450195312,0.3724764585494995
1696965606521007600,12.428007568359375,0.8571376800537109,-0.08817052841186523,-0.14639291167259216
1696965606531021600,12.438021484375,-1.4624509811401367,0.07703065872192383,0.07859310507774353
1696965606541035800,12.448035888671875,0.5535860061645508,-0.14091205596923828,-0.13229867815971375
1696965606551049700,12.4580498046875,-0.6517095565795898,-0.22429025173187256,0.18841001391410828
1696965606561064000,12.46806396484375,0.1007089614868164,0.007543683052062988,-0.0055825114250183105
1696965606571078100,12.478078125,-0.6926183700561523,-0.14695286750793457,-0.1385476291179657
1696965606581092000,12.488092041015625,-0.5567770004272461,0.195953369140625,0.03943890333175659
1696965606591106300,12.498106201171876,0.21886157989501953,-0.2830526828765869,0.33914560079574585
1696965606601120500,12.50812060546875,-1.396632194519043,0.16024422645568848,0.09057772159576416
1696965606611134500,12.518134521484376,-0.07930850982666016,0.1905883550643921,0.2331743687391281
1696965606621148700,12.528148681640625,0.0644378662109375,0.15573489665985107,0.22547751665115356
1696965606631163000,12.538162841796876,-0.3470325469970703,-0.04360926151275635,0.2754712998867035
1696965606641176800,12.5481767578125,0.4470834732055664,-0.02396070957183838,0.5897925496101379
1696965606651191000,12.55819091796875,-0.055869102478027344,-0.45867979526519775,0.7287275195121765
1696965606661205000,12.568205078125,0.0680990219116211,-0.005826473236083984,0.5045907497406006
1696965606671219200,12.57821923828125,-0.15184974670410156,0.26139819622039795,0.0644942969083786
1696965606681233400,12.5882333984375,-0.0707387924194336,-0.05644023418426514,0.47786617279052734
1696965606691247400,12.598247314453126,0.6701688766479492,-0.16621172428131104,0.061713531613349915
1696965606701261600,12.608261474609375,-0.3593320846557617,-0.23540687561035156,0.4020932912826538
1696965606711275800,12.61827587890625,0.9701642990112305,0.06117355823516846,-0.2770425081253052
1696965606721289700,12.628289794921875,0.24106884002685547,-0.3196299076080322,0.4788373112678528
1696965606731304000,12.638303955078126,-0.05559349060058594,-0.32972943782806396,-0.19331438839435577
1696965606741318100,12.648318115234375,-0.47630786895751953,-0.20267772674560547,0.6763584613800049
1696965606751332000,12.65833203125,1.221567153930664,0.07407867908477783,0.2875673174858093
1696965606761346300,12.66834619140625,-0.9701986312866211,-0.3038506507873535,0.4186576306819916
1696965606771360300,12.6783603515625,0.43739986419677734,-0.036405205726623535,0.37421631813049316
1696965606781374500,12.68837451171875,-0.6676120758056641,-0.06509912014007568,0.6642242670059204
1696965606791388700,12.698388671875,0.8156442642211914,0.1828371286392212,0.25234299898147583
1696965606801402600,12.708402587890625,0.38349056243896484,-0.17605233192443848,0.6441536545753479
1696965606811416800,12.718416748046875,-0.6205854415893555,-0.29809999465942383,-0.09294116497039795
1696965606821431000,12.72843115234375,-0.27079010009765625,0.15547966957092285,0.36023515462875366
1696965606831445000,12.738445068359376,0.734034538269043,-0.025356292724609375,0.31704676151275635
1696965606841459200,12.748459228515625,-1.5335302352905273,-0.32358109951019287,0.5064259767532349
1696965606851473400,12.758473388671876,0.6542978286743164,0.45131397247314453,0.3916493356227875
1696965606861487400,12.7684873046875,-0.9293832778930664,-0.3613091707229614,0.313462495803833
1696965606871501600,12.77850146484375,-0.0431671142578125,-0.20613181591033936,0.2605210542678833
1696965606881515500,12.788515625,0.23860549926757812,-0.05591237545013428,-0.018281713128089905
1696965606891529700,12.79852978515625,-0.3594951629638672,0.15076828002929688,0.25169891119003296
1696965606901544000,12.8085439453125,0.9742727279663086,-0.42059123516082764,0.11817076802253723
1696965606911558000,12.818557861328125,-0.9731569290161133,-0.46731579303741455,0.30975833535194397
1696965606921572000,12.828572021484375,0.6009292602539062,0.043848633766174316,-0.16641956567764282
1696965606931586300,12.83858642578125,0.049643516540527344,0.3609318733215332,1.0658695697784424
1696965606941600300,12.848600341796875,1.1005048751831055,-0.21177983283996582,-0.5612742900848389
1696965606951614500,12.858614501953125,-0.48895931243896484,-0.21486711502075195,1.072277307510376
1696965606961628700,12.868628662109375,1.4138288497924805,-0.264712929725647,-0.25379133224487305
1696965606971642600,12.878642578125,-1.5189666748046875,-0.15047228336334229,0.29967913031578064
1696965606981656800,12.88865673828125,1.2750043869018555,-0.16983485221862793,-0.2519376873970032
1696965606991670800,12.8986708984375,-1.41351318359375,-0.24823284149169922,0.29581522941589355
1696965607001685000,12.90868505859375,0.8256559371948242,0.049301743507385254,-0.3142484128475189
1696965607011699200,12.91869921875,0.2363758087158203,-0.23139381408691406,0.05337238311767578
1696965607021713200,12.928713134765625,0.04893207550048828,-0.18021130561828613,-0.0011504441499710083
1696965607031727400,12.938727294921875,0.6320228576660156,-0.17111384868621826,0.3638554513454437
1696965607041741600,12.948741455078125,0.023693084716796875,-0.19580590724945068,0.04819619655609131
1696965607051755500,12.958755615234375,-0.7553930282592773,-0.12320065498352051,0.24293206632137299
1696965607061769700,12.968769775390625,0.48448753356933594,-0.3539257049560547,-0.10034169256687164
1696965607071784000,12.978783935546875,-0.5823450088500977,-0.13859105110168457,0.12946176528930664
1696965607081798000,12.9887978515625,-0.566187858581543,-0.07827615737915039,0.5473650693893433
1696965607091812000,12.99881201171875,0.2140045166015625,0.31941497325897217,0.28833362460136414
1696965607101826000,13.008825927734375,-0.5601558685302734,0.1910632848739624,0.24491716921329498
1696965607111840300,13.01884033203125,-0.16248321533203125,-0.30444955825805664,0.1164005771279335
1696965607121854500,13.0288544921875,-1.1985673904418945,-0.04871261119842529,-0.26675236225128174
1696965607131868400,13.038868408203125,0.3425579071044922,-0.3506009578704834,-0.14781223237514496
1696965607141882600,13.048882568359375,-0.6707935333251953,0.21547996997833252,0.07832321524620056
1696965607151896800,13.058896728515625,-0.636505126953125,-0.4111058712005615,0.5973877310752869
1696965607161910800,13.068910888671875,0.6030969619750977,0.24342215061187744,0.5380588173866272
1696965607171925000,13.078925048828125,0.4290475845336914,0.01124727725982666,0.3387274444103241
1696965607181939000,13.08893896484375,-0.5035943984985352,-0.3728330135345459,0.06047266721725464
1696965607191953200,13.098953125,1.2794981002807617,-0.3296116590499878,0.35961028933525085
1696965607201967000,13.108967041015624,0.029436111450195312,-0.13540947437286377,0.37820184230804443
1696965607211981300,13.118981201171875,1.156606674194336,-0.7006412744522095,0.023068487644195557
1696965607221995300,13.128995361328125,0.040721893310546875,0.35938048362731934,0.7796157598495483
1696965607232009200,13.13900927734375,1.2253847122192383,-0.600312352180481,-0.199530228972435
1696965607242023400,13.1490234375,-0.3684206008911133,0.10976850986480713,0.13978391885757446
1696965607252037400,13.159037353515625,1.1612558364868164,-0.10772645473480225,0.1106354147195816
1696965607262051600,13.169051513671874,0.33731937408447266,-0.524112343788147,0.41933050751686096
1696965607272065500,13.1790654296875,-0.5240068435668945,-0.02919590473175049,0.26502326130867004
1696965607282079700,13.189079833984374,1.212569236755371,-0.07521378993988037,0.7979089617729187
1696965607292093700,13.19909375,-0.3001365661621094,-0.37461328506469727,-0.2486322522163391
1696965607302107600,13.209107666015624,0.2644519805908203,-0.07683813571929932,0.3252699077129364
1696965607312121900,13.219121826171875,0.25988292694091797,-0.13000428676605225,-0.3500382900238037
1696965607322135800,13.2291357421875,0.1252288818359375,0.05308794975280762,0.5503016710281372
1696965607332150000,13.23914990234375,0.6945924758911133,-0.30199742317199707,-0.18477974832057953
1696965607342164000,13.2491640625,-0.8985424041748047,0.2052518129348755,0.5237671136856079
1696965607352178200,13.25917822265625,0.48077869415283203,-0.1007683277130127,0.1373261660337448
1696965607362192100,13.269192138671874,-0.6721582412719727,-0.2440739870071411,0.27310794591903687
1696965607372206000,13.2792060546875,-0.9419994354248047,-0.2487243413925171,-0.47268104553222656
1696965607382220300,13.28922021484375,0.11143207550048828,-0.06472265720367432,0.6674878597259521
1696965607392234200,13.299234130859375,0.059515953063964844,0.0014476776123046875,-0.10669906437397003
1696965607402248400,13.30924853515625,-1.3983383178710938,0.35593128204345703,0.6092271208763123
1696965607412262400,13.319262451171875,1.626028060913086,-0.5423409938812256,0.0076793283224105835
1696965607422276600,13.329276611328124,-2.4637913703918457,-0.2269068956375122,0.5335400104522705
1696965607432290600,13.33929052734375,1.6282711029052734,0.18018889427185059,0.48505455255508423
1696965607442304800,13.3493046875,-0.836400032043457,-0.014931917190551758,0.2577838897705078
1696965607452318700,13.359318603515625,-0.10811901092529297,-0.39128589630126953,0.07312847673892975
1696965607462332700,13.369332763671874,0.49930381774902344,0.07181215286254883,0.2454233020544052
1696965607472347000,13.379346923828125,-0.8827657699584961,-0.2744089365005493,-0.10366927832365036
1696965607482360800,13.38936083984375,0.03195667266845703,0.0385817289352417,-0.1126142144203186
1696965607492375000,13.399375,0.00368499755859375,-0.27970147132873535,-0.1633528470993042
1696965607502389200,13.40938916015625,-0.14945507049560547,-0.25384724140167236,-0.057501696050167084
1696965607512403200,13.4194033203125,-0.5788640975952148,0.11323928833007812,0.08482043445110321
1696965607522417400,13.42941748046875,0.43547916412353516,-0.27766144275665283,0.0928838849067688
1696965607532431600,13.439431640625,-0.20551013946533203,-0.6902105808258057,-0.06430932879447937
1696965607542445600,13.449445556640624,0.6549110412597656,-0.12289738655090332,0.14444580674171448
1696965607552459800,13.459459716796875,0.7017221450805664,0.017383933067321777,0.5804729461669922
1696965607562474000,13.469473876953124,0.7570676803588867,-0.024414420127868652,0.44358569383621216
1696965607572488000,13.479488037109375,0.28286266326904297,-0.6931716203689575,0.5610692501068115
1696965607582502100,13.489502197265624,-0.052567481994628906,-0.2557218074798584,0.5493083000183105
1696965607592516000,13.49951611328125,1.257493019104004,0.12912297248840332,0.5364052653312683
1696965607602530300,13.5095302734375,0.9533939361572266,-0.565493106842041,0.019863992929458618
1696965607612544500,13.51954443359375,0.2347412109375,-0.18018019199371338,0.33072054386138916
1696965607622558500,13.529558349609376,0.9223546981811523,0.005825519561767578,0.35078683495521545
1696965607632572700,13.53957275390625,-0.24528217315673828,0.02536451816558838,0.5330605506896973
1696965607642587000,13.5495869140625,-0.37380504608154297,-0.4428246021270752,0.5456369519233704
1696965607652600800,13.559600830078125,0.36829090118408203,-0.12410914897918701,0.12789657711982727
1696965607662615000,13.569614990234374,-0.49262428283691406,-0.507556676864624,0.15673670172691345
1696965607672629200,13.579629150390625,-0.5436925888061523,-0.3262295722961426,0.3413468599319458
1696965607682643200,13.589643310546874,1.4600658416748047,-0.2014676332473755,0.7158772349357605
1696965607692657400,13.599657470703125,-0.7600908279418945,-0.2686731815338135,-0.010589852929115295
1696965607702671400,13.60967138671875,-0.28554630279541016,0.07877826690673828,0.8762935400009155
1696965607712685600,13.619685546875,1.3265743255615234,-0.6869728565216064,0.45954060554504395
1696965607722699800,13.62969970703125,-1.2336597442626953,-0.26388227939605713,0.8283581137657166
1696965607732713700,13.639713623046875,1.6133012771606445,-0.34259581565856934,-0.03845001757144928
1696965607742728000,13.64972802734375,-1.0714244842529297,0.10561525821685791,0.7300601601600647
1696965607752742100,13.6597421875,1.5884132385253906,-0.3782694339752197,-0.08712323009967804
1696965607762756000,13.669756103515626,-0.713709831237793,-0.3708750009536743,0.12090228497982025
1696965607772770300,13.679770263671875,0.23435306549072266,-0.7097785472869873,-0.1872873157262802
1696965607782784300,13.6897841796875,-0.25800037384033203,-0.09431147575378418,0.0222160667181015
1696965607792798500,13.699798583984375,-0.5724287033081055,-0.6552860736846924,-0.48961663246154785
1696965607802812700,13.709812744140624,-0.6471576690673828,-0.20139694213867188,-0.19352027773857117
1696965607812826600,13.71982666015625,0.18149089813232422,-0.2595798969268799,0.10953119397163391
1696965607822840800,13.7298408203125,-0.7456932067871094,-0.0794985294342041,0.6179428696632385
1696965607832855000,13.73985498046875,0.6419906616210938,-0.2986133098602295,0.5590941905975342
1696965607842869000,13.749868896484376,0.1056375503540039,-0.29120850563049316,0.4554312825202942
1696965607852883200,13.75988330078125,-1.2759971618652344,0.2749863862991333,0.8889633417129517
1696965607862897400,13.7698974609375,1.3842105865478516,-0.1557149887084961,0.685926079750061
1696965607872911400,13.779911376953125,-2.585606575012207,-0.6916120052337646,0.1903100162744522
1696965607882925600,13.789925537109376,0.7319164276123047,-0.15062034130096436,0.3075297772884369
1696965607892939500,13.799939453125,-1.4391937255859375,-0.1377725601196289,0.3164284825325012
1696965607902953700,13.80995361328125,0.6088628768920898,-0.26618432998657227,-0.19711481034755707
1696965607912968000,13.819968017578125,-0.9501132965087891,-0.48284637928009033,-0.29057198762893677
1696965607922982000,13.82998193359375,-0.1361227035522461,-0.41974878311157227,0.35574477910995483
1696965607932996000,13.83999609375,-0.7471103668212891,-0.36768102645874023,0.7624909281730652
1696965607943010300,13.85001025390625,0.13326644897460938,-0.6919780969619751,0.9099308252334595
1696965607953024300,13.860024169921875,0.9695472717285156,-0.14182090759277344,1.1068172454833984
1696965607963038500,13.87003857421875,-0.18027210235595703,-0.05320084095001221,0.7600172758102417
1696965607973052700,13.880052734375,0.7474355697631836,-0.4217066764831543,0.7993872761726379
1696965607983066600,13.890066650390626,-0.22008037567138672,-0.055936217308044434,0.8529755473136902
1696965607993080800,13.900080810546875,0.8318347930908203,-0.3571275472640991,0.6052449345588684
1696965608003094800,13.9100947265625,-0.7521944046020508,-0.652159571647644,0.5873716473579407
1696965608013109000,13.92010888671875,0.8646211624145508,-0.33808767795562744,0.7383847236633301
1696965608023123200,13.930123291015626,0.0216827392578125,-0.3395674228668213,0.8825359344482422
1696965608033137200,13.94013720703125,-0.3802671432495117,-0.20248031616210938,0.5217161178588867
1696965608043151400,13.9501513671875,0.24680042266845703,-0.07361280918121338,0.5176867246627808
1696965608053165600,13.96016552734375,-0.781498908996582,-0.6650398969650269,0.5574355721473694
1696965608063179500,13.970179443359376,0.46277904510498047,-0.6288412809371948,0.5011214017868042
1696965608073193700,13.98019384765625,-1.0675287246704102,-0.06890285015106201,0.2369173765182495
1696965608083208000,13.9902080078125,1.0277690887451172,-0.30442142486572266,0.5692071914672852
1696965608093222000,14.000221923828125,0.10799789428710938,-0.4156911373138428,0.183650940656662
1696965608103236000,14.010236083984376,-0.7625541687011719,-0.5359573364257812,0.0759919136762619
1696965608113250000,14.02025,1.2320499420166016,0.1116405725479126,0.5276600122451782
1696965608123264300,14.03026416015625,-0.0137939453125,-0.28877508640289307,0.8862733840942383
1696965608133278500,14.040278564453125,1.1376705169677734,-0.6876777410507202,0.5842270851135254
1696965608143292400,14.05029248046875,0.2074899673461914,-0.08729219436645508,0.6742752194404602
1696965608153306600,14.060306640625,1.315312385559082,-0.26167571544647217,0.8468376398086548
1696965608163320800,14.07032080078125,0.2079477310180664,-0.8051544427871704,0.378033310174942
1696965608173334800,14.080334716796875,0.6945657730102539,-0.42857837677001953,0.2885361909866333
1696965608183349000,14.090348876953126,0.7596035003662109,-0.216455340385437,0.4271204471588135
1696965608193363200,14.10036328125,0.5804929733276367,-0.29493558406829834,0.09427113831043243
1696965608203377200,14.110377197265626,1.2051477432250977,-0.5718444585800171,0.47706547379493713
1696965608213391400,14.120391357421875,-0.9915313720703125,-0.5647562742233276,0.6084400415420532
1696965608223405300,14.1304052734375,0.9701871871948242,-0.11366474628448486,0.5204477906227112
1696965608233419500,14.14041943359375,-1.168238639831543,-0.6448310613632202,0.6259182095527649
1696965608243433700,14.150433837890626,0.18198680877685547,-0.3259061574935913,0.7626440525054932
1696965608253447700,14.16044775390625,-0.37244224548339844,-0.6047170162200928,0.36340010166168213
1696965608263462000,14.1704619140625,-1.1173429489135742,-0.18075525760650635,0.9513622522354126
1696965608273476000,14.18047607421875,0.027845382690429688,-0.38274574279785156,0.5790086388587952
1696965608283490000,14.190489990234376,-1.4872150421142578,0.010426640510559082,0.48682713508605957
1696965608293504300,14.200504150390625,-0.35565853118896484,-0.6064721345901489,0.3171404004096985
1696965608303518500,14.2105185546875,-1.7263107299804688,-0.3374069929122925,0.23901745676994324
1696965608313532400,14.220532470703125,0.17505264282226562,-0.40728843212127686,0.213347926735878
1696965608323546600,14.230546630859376,-1.8420023918151855,-0.31574547290802,0.3711737096309662
1696965608333560600,14.240560546875,0.7284412384033203,-0.03018021583557129,0.9175403118133545
1696965608343574800,14.25057470703125,-0.36759281158447266,-0.3749960660934448,0.8310779333114624
1696965608353589000,14.260589111328125,0.22075748443603516,-0.5342503786087036,0.5919182896614075
1696965608363603000,14.27060302734375,-0.5013084411621094,-0.2560243606567383,0.7394884824752808
1696965608373617200,14.2806171875,0.18773555755615234,-0.46347665786743164,0.8264715671539307
1696965608383631400,14.29063134765625,0.8562459945678711,-0.3279780149459839,0.6808253526687622
1696965608393645300,14.300645263671875,0.48595428466796875,-0.6847434043884277,0.3421919047832489
1696965608403659500,14.310659423828126,1.10125732421875,-0.16699481010437012,0.9808833599090576
1696965608413673500,14.320673583984375,-0.06282997131347656,-0.5298731327056885,0.3554682731628418
1696965608423687700,14.330687744140626,0.7592735290527344,-0.3610708713531494,1.0860956907272339
1696965608433702000,14.340701904296875,-0.059673309326171875,-0.4953165054321289,0.6319411396980286
1696965608443715800,14.3507158203125,1.0346736907958984,-0.12506139278411865,1.1004258394241333
1696965608453730000,14.36072998046875,0.5403337478637695,-0.6968592405319214,0.8224513530731201
1696965608463744300,14.370744140625,-0.3738517761230469,-0.3462564945220947,0.7466214895248413
1696965608473758200,14.38075830078125,1.0705633163452148,-0.20866799354553223,0.666496753692627
1696965608483772400,14.3907724609375,-0.15047550201416016,-0.3106805086135864,0.2901584506034851
1696965608493786600,14.40078662109375,0.495208740234375,-0.3301588296890259,0.4343390464782715
1696965608503800600,14.410800537109376,-1.2688865661621094,-0.5292022228240967,0.2522978186607361
1696965608513814800,14.420814697265625,-0.16191577911376953,-0.07793915271759033,0.9514461755752563
1696965608523828700,14.430828857421876,0.6466665267944336,-0.4541304111480713,0.5679780840873718
1696965608533843000,14.440843017578125,-1.0942869186401367,-0.1341562271118164,0.5566202998161316
1696965608543857200,14.450857177734376,0.4951896667480469,-0.29735231399536133,1.097496509552002
1696965608553871000,14.46087109375,-0.7530231475830078,-0.026505470275878906,0.7465368509292603
1696965608563885300,14.47088525390625,-0.08696174621582031,-0.3130910396575928,0.6347541809082031
1696965608573899500,14.4808994140625,-0.13913631439208984,-0.18453669548034668,0.5623562932014465
1696965608583913500,14.49091357421875,-0.1629467010498047,-0.25930964946746826,0.7085801362991333
1696965608593927700,14.500927734375,0.15775394439697266,-0.3552912473678589,0.2512812316417694
1696965608603942000,14.51094189453125,-0.6553421020507812,-0.2859553098678589,0.7356514930725098
1696965608613955800,14.520955810546875,0.4501514434814453,-0.16089189052581787,0.18860456347465515
1696965608623970000,14.530969970703126,-0.9418249130249023,0.05102205276489258,0.6839275360107422
1696965608633984000,14.54098388671875,0.7567234039306641,-0.9128025770187378,0.572970449924469
1696965608643998200,14.550998291015626,-1.610520362854004,-0.4386488199234009,0.3246018886566162
1696965608654012400,14.561012451171875,0.9016141891479492,-0.17930150032043457,0.5353965759277344
1696965608664026400,14.5710263671875,0.06361579895019531,-0.44978201389312744,-0.010428577661514282
1696965608674040600,14.58104052734375,-0.2718772888183594,-0.5153683423995972,0.5566464066505432
1696965608684054500,14.591054443359376,1.3301973342895508,-0.3830667734146118,-0.16245943307876587
1696965608694068500,14.601068359375,-0.8717412948608398,-0.07895219326019287,0.997433066368103
1696965608704082700,14.611082763671876,0.9895706176757812,-0.46688711643218994,0.3141360282897949
1696965608714096600,14.6210966796875,-0.6710319519042969,-0.6674716472625732,0.8330171704292297
1696965608724110800,14.63111083984375,0.5921869277954102,-0.1204843521118164,0.5603090524673462
1696965608734124800,14.641124755859375,0.3854970932006836,-0.42811429500579834,0.5986213684082031
1696965608744139000,14.651138916015626,0.09784889221191406,-0.4082423448562622,0.4485776424407959
1696965608754153000,14.661153076171875,1.2400970458984375,-0.3044712543487549,0.5980032682418823
1696965608764167000,14.6711669921875,-0.42584991455078125,-0.34817421436309814,0.5046724081039429
1696965608774181000,14.68118115234375,2.490388870239258,-0.39104926586151123,0.6197124719619751
1696965608784195000,14.691195068359375,-0.9463796615600586,-0.38029229640960693,0.9148392081260681
1696965608794209300,14.701209228515625,1.2062101364135742,-0.6508258581161499,0.9512912034988403
1696965608804223200,14.71122314453125,0.3963127136230469,0.17289268970489502,0.9215583205223083
1696965608814237400,14.721237548828125,0.33794498443603516,-0.7078145742416382,0.513316810131073
1696965608824251400,14.73125146484375,-0.7565088272094727,-0.36195600032806396,0.7047553658485413
1696965608834265600,14.741265625,0.21538066864013672,-0.3612707853317261,0.27312180399894714
1696965608844279600,14.751279541015625,-0.77349853515625,-0.3324083089828491,0.31584566831588745
1696965608854293500,14.76129345703125,-0.07407569885253906,-0.35942399501800537,0.5273839831352234
1696965608864307700,14.7713076171875,-0.1924877166748047,-0.712783932685852,0.3506242632865906
1696965608874321700,14.78132177734375,-1.1190452575683594,-0.5256599187850952,0.05312243103981018
1696965608884335900,14.7913359375,0.15073299407958984,-0.27915358543395996,-0.03573094308376312
1696965608894349800,14.801349853515624,-0.3224449157714844,0.006214141845703125,0.4707767963409424
1696965608904364000,14.811364013671875,-0.8612585067749023,-0.6317892074584961,0.2951424717903137
1696965608914378000,14.8213779296875,0.4312734603881836,0.10543322563171387,0.8962618112564087
1696965608924392000,14.831391845703125,0.43549633026123047,-0.4047253131866455,0.7355764508247375
1696965608934406100,14.84140625,-1.0947141647338867,-0.26129162311553955,0.8671546578407288
1696965608944420000,14.851420166015625,0.5519561767578125,-0.07926607131958008,0.7637487649917603
1696965608954434300,14.861434326171874,-0.2568473815917969,-0.18089532852172852,0.8670292496681213
1696965608964448300,14.8714482421875,-0.5239496231079102,-0.28529179096221924,0.520311176776886
1696965608974462500,14.88146240234375,-0.3840656280517578,-0.2130216360092163,0.6500221490859985
1696965608984476400,14.891476318359375,-0.2065114974975586,-0.14446234703063965,0.5990015268325806
1696965608994490600,14.90149072265625,-0.8083381652832031,-0.568413257598877,0.08820129930973053
1696965609004504600,14.911504638671875,-0.24250125885009766,-0.466022253036499,0.5329587459564209
1696965609014518800,14.921518798828124,0.1828784942626953,0.08334898948669434,0.6866673827171326
1696965609024533000,14.931532958984375,0.28763866424560547,-0.5673266649246216,0.6467127203941345
1696965609034547000,14.941546875,-0.7602243423461914,-0.5528367757797241,1.08077073097229
1696965609044561200,14.95156103515625,1.597433090209961,-0.29674339294433594,1.1724848747253418
1696965609054575000,14.9615751953125,0.04967021942138672,-0.4004281759262085,0.8905082941055298
1696965609064589300,14.97158935546875,0.6609878540039062,-0.7374083995819092,0.5002089142799377
1696965609074603500,14.981603515625,0.9268045425415039,-0.2330622673034668,1.2614609003067017
1696965609084617500,14.991617431640625,0.059493064880371094,-0.8400483131408691,0.22682958841323853
1696965609094631700,15.001631591796874,0.350616455078125,-0.1387854814529419,0.6629365682601929
1696965609104646000,15.01164599609375,0.6988353729248047,-0.9193850755691528,0.41671356558799744
1696965609114659800,15.021659912109374,-0.7795572280883789,-1.0370930433273315,0.2735539376735687
1696965609124674000,15.031674072265625,1.6883487701416016,-0.1698232889175415,0.6817361116409302
1696965609134688300,15.041688232421874,-0.3367900848388672,-0.5077706575393677,0.4403167963027954
1696965609144702200,15.0517021484375,1.2076911926269531,-0.6600637435913086,0.45272111892700195
1696965609154716400,15.06171630859375,-0.7539329528808594,-0.7158591747283936,0.5014969110488892
1696965609164730400,15.07173046875,1.2070846557617188,-0.3258547782897949,0.9160915613174438
1696965609174744600,15.08174462890625,0.19664382934570312,-0.18769466876983643,0.40991413593292236
1696965609184758800,15.0917587890625,-0.39655303955078125,-0.7650814056396484,0.416778028011322
1696965609194772700,15.101772705078124,0.13531875610351562,-0.24009466171264648,0.6151809692382812
1696965609204787000,15.111786865234375,0.0155181884765625,-0.11089348793029785,0.616767942905426
1696965609214801200,15.12180126953125,-0.7154045104980469,-0.7193224430084229,0.407848060131073
1696965609224815000,15.131815185546875,-0.8189373016357422,-0.085685133934021,0.7097119092941284
1696965609234829300,15.141829345703124,-0.29102230072021484,-0.7365666627883911,0.6406883001327515
1696965609244843500,15.151843505859375,-1.6954851150512695,-0.5424538850784302,0.4672061800956726
1696965609254857500,15.161857421875,0.621464729309082,-0.1233835220336914,0.5008624196052551
1696965609264871700,15.17187158203125,-1.6547069549560547,-0.12371695041656494,0.6384857892990112
1696965609274885600,15.1818857421875,0.8668966293334961,-0.5518114566802979,1.004746675491333
1696965609284899800,15.19189990234375,-0.3631858825683594,-0.23639631271362305,0.8737322092056274
1696965609294914000,15.2019140625,-0.8077287673950195,-0.4589250087738037,1.1668829917907715
1696965609304928000,15.211927978515625,0.40317535400390625,-0.6237462759017944,1.11161208152771
1696965609314942200,15.221942138671874,-1.0561656951904297,-0.3212836980819702,0.877995491027832
1696965609324956400,15.231956298828125,0.6424999237060547,-0.6948685646057129,0.8353321552276611
1696965609334970400,15.241970458984374,-0.25803661346435547,-0.2788804769515991,1.0531997680664062
1696965609344984600,15.251984619140625,0.2916994094848633,-0.7531392574310303,0.9342442154884338
1696965609354998500,15.26199853515625,-0.46921730041503906,-1.193698525428772,0.4703109860420227
1696965609365012700,15.2720126953125,1.2662744522094727,-0.23197877407073975,0.9482334852218628
1696965609375027000,15.28202685546875,-0.552734375,-1.1787264347076416,1.2320356369018555
1696965609385041000,15.292041015625,0.3989229202270508,-0.9275815486907959,0.9041745066642761
1696965609395055000,15.30205517578125,1.82244873046875,-0.3734617233276367,1.1209053993225098
1696965609405069300,15.3120693359375,-0.8487777709960938,-0.6786624193191528,0.9816329479217529
1696965609415083300,15.322083251953124,1.3658313751220703,-0.9963239431381226,0.9249871373176575
1696965609425097500,15.332097412109375,0.6843280792236328,-0.567441463470459,0.8563449382781982
1696965609435111700,15.342111572265624,-0.5693511962890625,-0.6004929542541504,0.7597798109054565
1696965609445125600,15.352125732421875,1.577713966369629,-0.6082442998886108,1.3305189609527588
1696965609455139800,15.362139892578124,1.4692573547363281,-0.5683752298355103,1.0620876550674438
1696965609465153800,15.37215380859375,-1.7741494178771973,-0.8711342811584473,0.5976377129554749
1696965609475168000,15.38216796875,1.2982053756713867,-0.5483602285385132,0.6936450004577637
1696965609485182200,15.39218212890625,-0.1808147430419922,-0.505101203918457,0.7595678567886353
1696965609495196200,15.402196044921874,-1.0454788208007812,-0.7186809778213501,0.46129781007766724
1696965609505210400,15.41221044921875,1.08880615234375,-0.9048268795013428,0.411354124546051
1696965609515224600,15.422224609375,0.4222888946533203,0.054901123046875,0.642767071723938
1696965609525238500,15.432238525390625,-1.499476432800293,-0.8848147392272949,0.1957608461380005
1696965609535252700,15.442252685546874,-0.07172679901123047,-0.5801870822906494,1.3583893775939941
1696965609545267000,15.452266845703125,0.19156360626220703,-0.2844337224960327,0.8399078845977783
1696965609555281000,15.462281005859374,0.01914691925048828,-0.5755705833435059,1.0262200832366943
1696965609565295000,15.472295166015625,-0.2533102035522461,-0.392461895942688,0.5743333697319031
1696965609575309000,15.48230908203125,0.7078580856323242,-0.4007669687271118,0.9647935032844543
1696965609585323300,15.4923232421875,-0.5839910507202148,-0.8934891223907471,0.9514490962028503
1696965609595337500,15.50233740234375,-0.24846553802490234,-0.6495612859725952,0.8135465383529663
1696965609605351400,15.512351318359375,0.7559309005737305,-0.7400362491607666,0.500726580619812
1696965609615365600,15.52236572265625,-0.07770538330078125,-0.4836127758026123,1.2266876697540283
1696965609625379800,15.5323798828125,0.8355674743652344,-0.709248423576355,0.36466944217681885
1696965609635393800,15.542393798828124,-1.4986133575439453,-0.8030171394348145,0.7531205415725708
1696965609645408000,15.552407958984375,1.2913017272949219,-1.1600196361541748,0.6535330414772034
1696965609655422200,15.562422119140624,-1.6456518173217773,-0.5006921291351318,0.7657882571220398
1696965609665436200,15.572436279296875,1.2304410934448242,-0.6994121074676514,1.0684609413146973
1696965609675450400,15.582450439453124,0.7356538772583008,-0.46202337741851807,1.0349823236465454
1696965609685464300,15.59246435546875,0.0029649734497070312,-0.9937036037445068,1.142580509185791
1696965609695478500,15.602478515625,-0.6370220184326172,-0.7026046514511108,0.8200833797454834
1696965609705492700,15.61249267578125,0.5498018264770508,-0.5389983654022217,1.1927677392959595
1696965609715506700,15.622506591796874,-0.11987590789794922,-0.7533237934112549,0.7462202310562134
1696965609725521000,15.63252099609375,-1.0991477966308594,-1.010443925857544,0.63987797498703
1696965609735535000,15.64253515625,1.341329574584961,-0.5765731334686279,0.8892817497253418
1696965609745549000,15.652549072265625,-0.3917407989501953,-0.6055881977081299,1.3976945877075195
1696965609755563300,15.662563232421874,0.2692594528198242,-0.5078823566436768,0.7474563121795654
1696965609765577500,15.672577392578125,-0.4195737838745117,-0.3778090476989746,1.3724641799926758
1696965609775591400,15.68259130859375,2.2865867614746094,-0.9336382150650024,1.2217341661453247
1696965609785605600,15.692605712890625,-1.307755470275879,-0.30797576904296875,0.9178118109703064
1696965609795619600,15.70261962890625,0.7121906280517578,-0.8814202547073364,0.5826849937438965
1696965609805633800,15.7126337890625,0.39514732360839844,-0.37369799613952637,1.3985373973846436
1696965609815648000,15.72264794921875,0.6858253479003906,-1.1013622283935547,0.4031689465045929
1696965609825662000,15.732661865234375,-0.6346054077148438,-0.4072084426879883,0.7534180283546448
1696965609835676200,15.74267626953125,1.3882875442504883,-0.6018257141113281,0.48572421073913574
1696965609845690400,15.7526904296875,0.2384166717529297,-0.8042516708374023,1.2500985860824585
1696965609855704300,15.762704345703124,-0.35480690002441406,-0.5830349922180176,0.5400010347366333
1696965609865718500,15.772718505859375,-0.019159317016601562,-0.09048843383789062,1.0711216926574707
1696965609875732700,15.782732666015624,0.7312383651733398,-0.8849407434463501,0.01828978955745697
1696965609885746700,15.79274658203125,-2.084721565246582,-1.0822893381118774,0.0019838064908981323
1696965609895761000,15.802760986328124,0.2617473602294922,-0.04931211471557617,0.3620576858520508
1696965609905774800,15.81277490234375,0.7491674423217773,-0.7217748165130615,0.13691402971744537
1696965609915789000,15.8227890625,-0.4950704574584961,-0.9213154315948486,0.544477641582489
1696965609925803300,15.83280322265625,0.21384239196777344,-0.7345097064971924,0.3379484713077545
1696965609935817200,15.842817138671874,0.01769733428955078,-0.3519408702850342,0.9928337335586548
1696965609945831400,15.85283154296875,1.0979528427124023,-1.0217206478118896,0.9561833143234253
1696965609955845600,15.862845703125,-1.2219200134277344,-0.8223327398300171,0.6293134689331055
1696965609965859600,15.872859619140625,-0.20573043823242188,-0.2085285186767578,0.7712393999099731
1696965609975873800,15.882873779296874,1.6110801696777344,-0.042794227600097656,1.1759366989135742
1696965609985887700,15.8928876953125,-0.8105173110961914,-0.8639088869094849,0.43656083941459656
1696965609995902000,15.90290185546875,-1.0474176406860352,-0.8428173065185547,0.7653844356536865
1696965610005916000,15.912916015625,1.0341310501098633,-0.22057533264160156,1.0198969841003418
1696965610015929900,15.922929931640626,-0.9752111434936523,-0.5527583360671997,0.6690614223480225
1696965610025944000,15.932944091796875,-1.6706266403198242,-0.5649651288986206,1.2413280010223389
1696965610035958000,15.9429580078125,0.38349246978759766,-0.7447382211685181,0.8621684908866882
1696965610045972200,15.95297216796875,-0.2720680236816406,-0.12678730487823486,1.0729762315750122
1696965610055986200,15.962986083984376,0.2826557159423828,-0.9808540344238281,0.8609938025474548
1696965610066000400,15.97300048828125,-1.2947807312011719,-0.8320943117141724,0.3403486907482147
1696965610076014300,15.983014404296876,0.2607994079589844,-0.38068902492523193,1.2374905347824097
1696965610086028300,15.9930283203125,0.27957725524902344,-0.6684168577194214,1.1710072755813599
1696965610096042500,16.00304248046875,-0.36209869384765625,-0.4149143695831299,0.8328653573989868
1696965610106056400,16.013056396484377,0.9051628112792969,-0.575825572013855,0.9023658037185669
1696965610116070700,16.023070556640626,0.8213863372802734,-1.012794852256775,1.567509412765503
1696965610126084600,16.033084716796875,-0.06001758575439453,-0.7045036554336548,0.800011157989502
1696965610136098800,16.043098876953124,1.1774568557739258,-0.5428564548492432,0.8834459781646729
1696965610146112800,16.05311279296875,1.007293701171875,-0.6135858297348022,0.8720903992652893
1696965610156126700,16.063126708984374,1.2628250122070312,-1.052641749382019,1.1664156913757324
1696965610166141000,16.073140869140627,-0.48465538024902344,-0.3093702793121338,0.7624254822731018
1696965610176155000,16.08315478515625,1.9869728088378906,-0.618610143661499,0.648902177810669
1696965610186169000,16.093169189453125,-0.6791610717773438,-0.9084376096725464,0.5157744884490967
1696965610196183000,16.10318310546875,-0.797490119934082,-1.032278299331665,0.7057446241378784
1696965610206197200,16.113197265625,2.1819610595703125,-0.08033609390258789,0.8548941612243652
1696965610216211200,16.123211181640624,-0.6666126251220703,-0.8427680730819702,0.791206955909729
1696965610226225200,16.13322509765625,0.5248136520385742,-0.4912484884262085,-0.09036208689212799
1696965610236239400,16.1432392578125,-2.013484001159668,-0.9047163724899292,0.2636577785015106
1696965610246253300,16.15325341796875,0.8965749740600586,-0.23993122577667236,0.5938935279846191
1696965610256267500,16.163267578125,-1.8763365745544434,-0.8719712495803833,-0.36591941118240356
1696965610266281500,16.173281494140625,-1.0024642944335938,-0.8899255990982056,0.31103822588920593
1696965610276295700,16.183295654296874,0.6686124801635742,-0.6335632801055908,0.19503328204154968
1696965610286309600,16.1933095703125,-0.8908414840698242,-0.4129530191421509,0.20711606740951538
1696965610296323800,16.20332373046875,-0.44847679138183594,-0.8966481685638428,0.042846471071243286
1696965610306337800,16.213337890625,-0.22753047943115234,-0.2007308006286621,1.1961815357208252
1696965610316352000,16.22335205078125,1.1639842987060547,-0.3355088233947754,0.6800417900085449
1696965610326366200,16.2333662109375,-1.3380498886108398,-0.75636887550354,0.526352047920227
1696965610336380200,16.243380126953124,2.04830265045166,0.08999943733215332,1.1617991924285889
1696965610346394400,16.253394287109376,-0.3646697998046875,-0.6269886493682861,0.7353705167770386
1696965610356408300,16.263408203125,-0.6225357055664062,-0.8213059902191162,1.1217288970947266
1696965610366422500,16.273422607421875,1.2192583084106445,-0.7886488437652588,0.30855223536491394
1696965610376436700,16.283436767578124,-0.8724250793457031,-0.3065446615219116,1.4758985042572021
1696965610386450700,16.29345068359375,2.599209785461426,-0.9230387210845947,0.4649074971675873
1696965610396465000,16.30346484375,-1.5644655227661133,-0.9187973737716675,0.6841368079185486
1696965610406479000,16.31347900390625,1.7459545135498047,-0.8421850204467773,1.366434931755066
1696965610416493000,16.3234931640625,0.5954952239990234,-0.47784674167633057,1.0361796617507935
1696965610426507300,16.33350732421875,-0.562657356262207,-1.1360042095184326,0.4162226915359497
1696965610436521500,16.343521484375,1.0113887786865234,-0.43788063526153564,1.1029082536697388
1696965610446535400,16.353535400390626,0.48847198486328125,-0.14947104454040527,1.2262901067733765
1696965610456549600,16.363549560546875,-0.5829505920410156,-0.9161853790283203,0.5317918062210083
1696965610466563600,16.3735634765625,-0.3518838882446289,-0.6958969831466675,0.5172584056854248
1696965610476577800,16.383577880859374,-0.015987396240234375,-0.25319087505340576,0.9698890447616577
1696965610486592000,16.393592041015626,-1.2819747924804688,-0.804894208908081,0.46516743302345276
1696965610496606000,16.40360595703125,0.16462039947509766,-0.4267590045928955,0.499176025390625
1696965610506620200,16.4136201171875,-0.04535484313964844,-0.42532145977020264,0.8440860509872437
1696965610516634400,16.42363427734375,-1.1586732864379883,-0.5729913711547852,0.9761200547218323
1696965610526648300,16.4336484375,1.3724069595336914,-0.5251028537750244,0.8948261141777039
1696965610536662500,16.44366259765625,-0.15973854064941406,-0.6040604114532471,0.47612860798835754
1696965610546676700,16.4536767578125,-0.24074745178222656,-0.40565788745880127,0.9680695533752441
1696965610556690700,16.463690673828125,0.8783082962036133,-0.6265490055084229,0.25693371891975403
1696965610566705000,16.473704833984375,-0.5956182479858398,-0.24825549125671387,0.6315248012542725
1696965610576718800,16.48371875,0.45726966857910156,-0.3440159559249878,0.7328150868415833
1696965610586733000,16.493733154296876,-0.17477703094482422,-0.47178173065185547,0.9466180205345154
1696965610596747300,16.503747314453125,1.9858427047729492,-0.9023677110671997,0.4896351397037506
1696965610606761200,16.51376123046875,-0.8097095489501953,-0.4672664403915405,0.26234954595565796
1696965610616775400,16.523775390625,0.6114664077758789,-0.6897710561752319,0.9089316129684448
1696965610626789600,16.53378955078125,1.0451717376708984,-0.3944387435913086,1.0986323356628418
1696965610636803600,16.543803466796874,-0.5677623748779297,-0.9397895336151123,0.05938303470611572
1696965610646817800,16.55381787109375,0.3942985534667969,-0.6272201538085938,0.8379990458488464
1696965610656832000,16.56383203125,1.636408805847168,-0.44351720809936523,0.5357174873352051
1696965610666846000,16.573845947265625,-1.793637752532959,-0.7226792573928833,0.3537057638168335
1696965610676860200,16.583860107421874,1.9526596069335938,-0.8453464508056641,0.7395163178443909
1696965610686874000,16.5938740234375,0.3383636474609375,-0.013239264488220215,1.047212839126587
1696965610696888300,16.603888427734375,-0.3839588165283203,-0.5217477083206177,0.5080244541168213
1696965610706902500,16.613902587890625,0.21959877014160156,-0.8673585653305054,0.71572345495224
1696965610716916500,16.62391650390625,1.0082406997680664,-0.4353078603744507,0.7916602492332458
1696965610726930700,16.6339306640625,-1.5505123138427734,-0.4562418460845947,0.9300631284713745
1696965610736945000,16.64394482421875,1.468907356262207,-0.5330678224563599,0.4696711599826813
1696965610746958800,16.653958740234376,-0.9948940277099609,-0.3559610843658447,0.9262135624885559
1696965610756973000,16.66397314453125,-0.1896677017211914,-0.6616857051849365,0.35666561126708984
1696965610766987300,16.6739873046875,-1.0678367614746094,-0.4246407747268677,0.7571291923522949
1696965610777001200,16.684001220703124,0.3350505828857422,-0.5585565567016602,0.798425555229187
1696965610787015400,16.694015380859376,-1.7059507369995117,-0.3825411796569824,0.4102511405944824
1696965610797029400,16.704029296875,1.0507583618164062,-0.6297132968902588,0.5337899923324585
1696965610807043600,16.714043701171875,-0.7527952194213867,-0.464827299118042,0.9385963082313538
1696965610817057800,16.724057861328124,-0.13483428955078125,-0.5384088754653931,0.6012035608291626
1696965610827071700,16.73407177734375,0.20533466339111328,-0.45896410942077637,0.47823384404182434
1696965610837086000,16.7440859375,-1.1618356704711914,-0.8935598134994507,0.6249153017997742
1696965610847100200,16.75410009765625,0.9580373764038086,-0.46075189113616943,1.0596091747283936
1696965610857114000,16.764114013671875,0.14844036102294922,-0.9169796705245972,0.2884095311164856
1696965610867128300,16.77412841796875,1.381178855895996,-0.04577314853668213,0.8656706809997559
1696965610877142500,16.784142578125,-0.3659944534301758,-1.0249733924865723,1.036048173904419
1696965610887156500,16.794156494140626,1.3838558197021484,-0.42533767223358154,0.809499204158783
1696965610897170700,16.804170654296875,-1.0126266479492188,-0.4748882055282593,0.3732459843158722
1696965610907184600,16.8141845703125,0.5710659027099609,-0.6381270885467529,0.7568483948707581
1696965610917198800,16.82419873046875,1.3785181045532227,-0.653616189956665,0.621910035610199
1696965610927213000,16.834213134765626,-0.7468776702880859,-0.08862459659576416,1.107145071029663
1696965610937227000,16.84422705078125,0.4981555938720703,-0.7091047763824463,0.3868441581726074
1696965610947241200,16.8542412109375,-0.10037612915039062,-0.10181117057800293,0.7854644060134888
1696965610957255400,16.86425537109375,-0.2906618118286133,-0.6501402854919434,0.48998376727104187
1696965610967269400,16.874269287109374,-0.46684932708740234,-0.5009572505950928,0.402377188205719
1696965610977283600,16.88428369140625,1.0209360122680664,-0.24346089363098145,0.6666266918182373
1696965610987297500,16.894297607421876,-0.5009326934814453,-0.5947767496109009,0.7089837789535522
1696965610997311700,16.904311767578125,-0.37557411193847656,-0.26726019382476807,0.6879682540893555
1696965611007326000,16.914325927734374,1.2171125411987305,-0.47017228603363037,0.8263994455337524
1696965611017340000,16.92433984375,-1.8921074867248535,-0.7513427734375,0.7500914931297302
1696965611027354000,16.93435400390625,0.7263374328613281,-0.3368180990219116,0.15928509831428528
1696965611037368300,16.944368408203125,-0.0919952392578125,-0.23888981342315674,0.6983587145805359
1696965611047382300,16.95438232421875,-1.028977394104004,-0.8564237356185913,0.7177011966705322
1696965611057396500,16.964396484375,1.1339731216430664,-0.5934134721755981,0.21899375319480896
1696965611067410700,16.97441064453125,-1.559220314025879,-0.22401833534240723,0.7394192218780518
1696965611077424600,16.984424560546874,0.7907848358154297,-0.6759051084518433,0.4305007755756378
1696965611087438800,16.99443896484375,-0.3529672622680664,-0.25501203536987305,0.7112218141555786
1696965611097452800,17.004452880859375,0.4553947448730469,-0.8034237623214722,0.854951798915863
1696965611107467000,17.014467041015624,-0.8788118362426758,-0.7739988565444946,0.3537737727165222
1696965611117481200,17.024481201171874,0.4135456085205078,-0.446492075920105,0.5219756364822388
1696965611127495200,17.0344951171875,-0.1701517105102539,-0.43310296535491943,0.3277040123939514
1696965611137509400,17.04450927734375,0.06414222717285156,-0.22945785522460938,0.34687286615371704
1696965611147523600,17.054523681640624,1.1063385009765625,-0.6002680063247681,0.5693864226341248
1696965611157537500,17.06453759765625,-1.8115572929382324,-0.5506711006164551,0.7187854051589966
1696965611167551700,17.0745517578125,1.7673635482788086,-0.6927998065948486,0.24608972668647766
1696965611177566000,17.08456591796875,-1.6579790115356445,-0.36936914920806885,1.1021854877471924
1696965611187580000,17.094579833984376,1.814640998840332,-0.6037817001342773,1.0260334014892578
1696965611197594000,17.104593994140625,-0.477996826171875,-0.32568931579589844,0.897882342338562
1696965611207608000,17.114608154296874,0.7647018432617188,-0.5128129720687866,1.119104027748108
1696965611217622300,17.124622314453124,0.02266979217529297,-0.5395514965057373,0.27916064858436584
1696965611227636500,17.134636474609376,0.06960010528564453,-0.47334563732147217,0.727853536605835
1696965611237650400,17.144650390625,0.3947734832763672,-0.6427838802337646,-0.00276106595993042
1696965611247664600,17.15466455078125,-0.9927883148193359,-0.6670012474060059,0.3381776809692383
1696965611257678800,17.164678955078124,2.4694862365722656,-0.26371335983276367,0.379487007856369
1696965611267692800,17.17469287109375,-1.1444358825683594,-0.5431162118911743,-0.2229475975036621
1696965611277707000,17.18470703125,0.2627859115600586,-1.111405372619629,0.39217549562454224
1696965611287721200,17.19472119140625,0.8788862228393555,-0.29824697971343994,0.5015615224838257
1696965611297735200,17.204735107421875,-0.12730693817138672,-0.835944414138794,0.2850898206233978
1696965611307749400,17.214749267578124,0.09766101837158203,-0.41359543800354004,0.15541866421699524
1696965611317763300,17.224763427734374,1.4256057739257812,-0.1535106897354126,0.3566458821296692
1696965611327777500,17.234777587890626,-1.0910663604736328,-1.2559621334075928,0.41968002915382385
1696965611337791700,17.244791748046875,0.7077083587646484,-0.699491024017334,0.0778692364692688
1696965611347805700,17.2548056640625,0.9170541763305664,-0.24427616596221924,0.18042004108428955
1696965611357820000,17.26481982421875,-1.3745794296264648,-0.8216426372528076,-0.09292709827423096
1696965611367834000,17.274834228515626,1.0517559051513672,-0.9203090667724609,0.4019359052181244
1696965611377848000,17.28484814453125,-0.1975536346435547,-0.2631021738052368,0.20044627785682678
1696965611387862300,17.2948623046875,-2.2712063789367676,-0.5968948602676392,0.2970060706138611
1696965611397876500,17.30487646484375,1.3329105377197266,-0.46194958686828613,-0.09571334719657898
1696965611407890400,17.314890380859374,-1.7235031127929688,-0.4645427465438843,0.3209233582019806
1696965611417904600,17.324904541015623,0.15846824645996094,-0.45187997817993164,0.15808609127998352
1696965611427918600,17.334918701171876,0.2445230484008789,-0.5107066631317139,-0.09246402978897095
1696965611437932800,17.344932861328125,-0.4107637405395508,-0.6727532148361206,0.4544219672679901
1696965611447947000,17.354947021484374,-0.6725473403930664,-0.33156895637512207,0.9917514324188232
1696965611457961000,17.3649609375,0.7913475036621094,-0.780620813369751,0.2500420808792114
1696965611467975200,17.37497509765625,-0.14719676971435547,-0.4782212972640991,0.6597663164138794
1696965611477989400,17.3849892578125,0.5460195541381836,-0.45823585987091064,0.6715201139450073
1696965611488003300,17.39500341796875,0.39172840118408203,-0.9071798324584961,0.41965705156326294
1696965611498017500,17.405017578125,0.8592329025268555,-0.5527335405349731,0.2576979994773865
1696965611508031700,17.41503173828125,-0.18935489654541016,-0.586457371711731,0.6030585765838623
1696965611518045700,17.425045654296873,0.35584449768066406,-0.8531632423400879,0.18981385231018066
1696965611528060000,17.435059814453126,0.6322612762451172,-0.3601628541946411,0.5638202428817749
1696965611538073900,17.445073974609375,0.3299541473388672,-0.41004884243011475,0.1819063127040863
1696965611548088000,17.455088134765624,-0.8797874450683594,-1.0172011852264404,0.21033859252929688
1696965611558102300,17.465102294921873,0.8190345764160156,-0.4566798210144043,0.6371898651123047
1696965611568116200,17.4751162109375,-1.0175552368164062,-0.6267364025115967,0.06592598557472229
1696965611578130400,17.48513037109375,0.6287097930908203,-0.1750248670578003,0.5181480646133423
1696965611588144600,17.49514453125,0.3314170837402344,-0.7474449872970581,0.3927387595176697
1696965611598158600,17.50515869140625,-0.9309835433959961,-0.8134170770645142,0.8566756248474121
1696965611608172800,17.5151728515625,0.07975959777832031,-0.49733197689056396,0.06968444585800171
1696965611618187000,17.52518701171875,-0.8185548782348633,-0.6179511547088623,0.45663028955459595
1696965611628201000,17.535200927734376,0.28726863861083984,-0.2766897678375244,0.5970207452774048
1696965611638215200,17.545215087890625,-0.14316272735595703,-0.7426679134368896,0.2524874210357666
1696965611648229000,17.55522900390625,-0.03309059143066406,-0.49189209938049316,0.19838398694992065
1696965611658243300,17.565243408203123,0.45487403869628906,-0.732818603515625,0.6238476037979126
1696965611668257500,17.575257568359376,-0.7124795913696289,-0.45390450954437256,0.6982487440109253
1696965611678271500,17.585271484375,1.4540386199951172,-0.39563584327697754,0.428744375705719
1696965611688285700,17.59528564453125,-0.016521453857421875,-0.5928584337234497,0.48287057876586914
1696965611698300000,17.6052998046875,0.5616626739501953,-0.39573752880096436,0.4620581865310669
1696965611708313900,17.61531396484375,-0.6677675247192383,-0.5495244264602661,0.26737216114997864
1696965611718328000,17.625328125,0.8054790496826172,-0.5469975471496582,0.15725937485694885
1696965611728342000,17.635342041015626,-0.44830989837646484,-0.6098910570144653,0.01292315125465393
1696965611738356200,17.645356201171875,0.21217060089111328,-0.7084643840789795,0.35512399673461914
1696965611748370400,17.655370361328124,0.522221565246582,-0.415142297744751,0.3699222505092621
1696965611758384400,17.66538427734375,0.038707733154296875,-0.9144884347915649,0.3976888656616211
1696965611768398600,17.675398681640626,-0.44440555572509766,-0.05909621715545654,0.6547467708587646
1696965611778412800,17.685412841796875,0.6131515502929688,-0.7685946226119995,0.673261284828186
1696965611788426800,17.6954267578125,0.6590709686279297,-0.22506868839263916,0.6032397747039795
1696965611798441000,17.70544091796875,0.6868619918823242,-1.472278356552124,0.21359562873840332
1696965611808455200,17.715455078125,-1.312880516052246,-0.27612149715423584,1.1945552825927734
1696965611818469000,17.72546923828125,3.0968637466430664,-0.6467362642288208,0.7914981842041016
1696965611828483300,17.7354833984375,-1.2403497695922852,-0.1020592451095581,1.1228388547897339
1696965611838497300,17.745497314453125,0.4593067169189453,-0.7774076461791992,0.7202785611152649
1696965611848511500,17.755511474609374,1.060145378112793,-0.19691753387451172,0.8271639347076416
1696965611858525700,17.765525634765623,0.07835006713867188,-0.8795090913772583,0.5357062816619873
1696965611868539600,17.77553955078125,-0.3712186813354492,-0.4998779296875,0.18546298146247864
1696965611878553900,17.785553955078125,-0.05933189392089844,-0.8166470527648926,-0.01467391848564148
1696965611888568000,17.795568115234374,-0.40311717987060547,-0.2759321928024292,0.22532716393470764
1696965611898582000,17.80558203125,-1.314453125,-0.5452355146408081,0.025602370500564575
1696965611908596200,17.81559619140625,-0.7328224182128906,-0.4869401454925537,0.08200660347938538
1696965611918610400,17.8256103515625,0.52618408203125,-1.0794724225997925,0.49351897835731506
1696965611928624400,17.835624267578126,-0.8652915954589844,-0.6206985712051392,0.058063626289367676
1696965611938638600,17.845638671875,-0.06955623626708984,-0.5817710161209106,0.025280654430389404
1696965611948652500,17.855652587890624,-0.22191619873046875,-0.3188621997833252,0.9038366079330444
1696965611958666800,17.865666748046873,0.3045825958251953,-0.22400343418121338,0.761807918548584
1696965611968681000,17.875680908203126,0.07488250732421875,-0.7324724197387695,0.6948361396789551
1696965611978695000,17.88569482421875,-0.011172294616699219,-0.29668450355529785,0.7832248210906982
1696965611988709000,17.895709228515624,0.6917781829833984,-0.46601319313049316,0.9431967735290527
1696965611998723300,17.905723388671873,-0.6907262802124023,-1.0217092037200928,0.6158342361450195
1696965612008737300,17.9157373046875,1.2513008117675781,-0.5660080909729004,0.47312691807746887
1696965612018751500,17.92575146484375,0.5222177505493164,-0.3191254138946533,0.8918050527572632
1696965612028765700,17.935765625,0.994140625,-0.5730835199356079,0.6626573801040649
1696965612038779600,17.945779541015625,-0.7137947082519531,-0.7527428865432739,0.5928181409835815
1696965612048793900,17.9557939453125,1.4286527633666992,-0.7165167331695557,1.1889828443527222
1696965612058807800,17.965807861328123,1.0771055221557617,-0.46260082721710205,0.9263859987258911
1696965612068822000,17.975822021484376,-1.0472946166992188,-0.9460010528564453,0.2050894796848297
1696965612078836200,17.985836181640625,1.3115110397338867,-0.8876739740371704,0.7695804238319397
1696965612088850200,17.99585009765625,1.265965461730957,-0.23636770248413086,0.5633059740066528
1696965612098864400,18.005864501953123,-0.7773342132568359,-0.4632967710494995,0.6840851306915283
1696965612108878600,18.015878662109376,1.08868408203125,-0.8044924736022949,0.648116946220398
1696965612118892500,18.025892578125,0.25514793395996094,-0.5920355319976807,0.7734962105751038
1696965612128906800,18.03590673828125,-0.781956672668457,-0.551611065864563,0.503990650177002
1696965612138921000,18.0459208984375,0.6778373718261719,-0.47600221633911133,0.7433199882507324
1696965612148935000,18.055934814453124,0.8583898544311523,-0.5174527168273926,0.3537974953651428
1696965612158949000,18.06594921875,-1.5325403213500977,-0.5829849243164062,0.2468138337135315
1696965612168963000,18.075963134765626,-0.05660724639892578,-1.1374932527542114,-0.09181356430053711
1696965612178977300,18.085977294921875,0.9717569351196289,0.08924853801727295,0.6649873852729797
1696965612188991500,18.095991455078124,-0.7694978713989258,-0.8192024230957031,0.4384308457374573
1696965612199005400,18.10600537109375,-0.02177715301513672,-0.8473384380340576,0.3163650631904602
1696965612209019600,18.11601953125,0.6194667816162109,-0.16187143325805664,0.8527106046676636
1696965612219033900,18.126033935546875,-1.3694124221801758,-0.4004555940628052,0.6442337036132812
1696965612229047800,18.1360478515625,0.28279972076416016,-0.38530707359313965,0.51329505443573
1696965612239062000,18.14606201171875,1.3104305267333984,-0.395100474357605,0.27309495210647583
1696965612249076200,18.156076171875,-0.6613197326660156,-0.420559287071228,0.28916388750076294
1696965612259090200,18.166090087890623,0.9560384750366211,-0.4611455202102661,0.419442743062973
1696965612269104400,18.1761044921875,-0.5700340270996094,-0.1587609052658081,1.0553523302078247
1696965612279118300,18.186118408203125,-0.49683284759521484,-0.6953626871109009,0.5213158130645752
1696965612289132500,18.196132568359374,0.006709098815917969,-0.027261734008789062,1.0620527267456055
1696965612299146800,18.206146728515623,0.12651920318603516,-0.35547852516174316,0.4554896354675293
1696965612309160700,18.21616064453125,-0.1744670867919922,-0.5814868211746216,0.4621918797492981
1696965612319175000,18.2261748046875,0.6244592666625977,-0.3395092487335205,0.11849486827850342
1696965612329189000,18.236189208984374,-0.24638080596923828,-0.1837477684020996,0.9142202734947205
1696965612339203000,18.246203125,0.35665035247802734,-0.4438358545303345,0.8090759515762329
1696965612349217300,18.25621728515625,0.09333229064941406,-0.25936102867126465,0.8171741962432861
1696965612359231500,18.2662314453125,0.905787467956543,-0.22734785079956055,1.322699785232544
1696965612369245400,18.276245361328126,-0.7971572875976562,-0.523082971572876,0.9720318913459778
1696965612379259600,18.286259765625,0.20824909210205078,-0.034682273864746094,0.7549413442611694
1696965612389273600,18.296273681640624,0.12727928161621094,-0.4603382349014282,0.7236969470977783
1696965612399287800,18.306287841796873,-0.9914207458496094,0.018145084381103516,0.6592136025428772
1696965612409302000,18.316302001953126,0.6171350479125977,-0.30980491638183594,0.6596783399581909
1696965612419316000,18.32631591796875,-0.631678581237793,-0.08019697666168213,0.6254771947860718
1696965612429330200,18.336330078125,-0.33349037170410156,-0.18317687511444092,0.22487688064575195
1696965612439344400,18.346344482421873,-1.3219451904296875,-0.2203577756881714,0.46694669127464294
1696965612449358300,18.3563583984375,-0.8166475296020508,-0.25005078315734863,0.02682247757911682
1696965612459372500,18.36637255859375,-1.0918197631835938,-0.27250218391418457,0.5265477895736694
1696965612469386500,18.376386474609376,0.48325157165527344,-0.03288877010345459,0.762904167175293
1696965612479400700,18.386400634765625,-1.5009689331054688,-0.4451683759689331,0.3677414655685425
1696965612489415000,18.396414794921874,0.4141044616699219,-0.09295082092285156,0.8672811985015869
1696965612499428900,18.406428955078123,-0.26556873321533203,-0.1786860227584839,0.7220791578292847
1696965612509443000,18.416443115234376,0.9963922500610352,0.16806566715240479,0.711287260055542
1696965612519457300,18.426457275390625,0.3534421920776367,-0.5398043394088745,0.8646483421325684
1696965612529471200,18.43647119140625,0.2183971405029297,0.003247380256652832,0.8456710577011108
1696965612539485400,18.4464853515625,1.2735824584960938,-0.04805922508239746,0.9253084659576416
1696965612549499600,18.456499755859376,0.10900306701660156,-0.25839078426361084,0.4623368978500366
1696965612559513600,18.466513671875,0.6958961486816406,-0.5368738174438477,0.9491579532623291
1696965612569527800,18.47652783203125,0.7897071838378906,-0.33602750301361084,0.363659143447876
1696965612579541800,18.486541748046875,-0.5364818572998047,-0.1656937599182129,1.0439321994781494
1696965612589556000,18.496555908203124,2.3605079650878906,-0.18393516540527344,0.2368837594985962
1696965612599570200,18.506570068359373,-1.0238456726074219,-0.48571324348449707,0.4964328408241272
1696965612609584000,18.516584228515626,0.16810989379882812,-0.774085283279419,-0.40611767768859863
1696965612619598300,18.526598388671875,0.703364372253418,0.01970529556274414,0.5074248313903809
1696965612629612500,18.536612548828124,-0.5744428634643555,-0.8119869232177734,0.10171225666999817
1696965612639626500,18.54662646484375,0.5789661407470703,-0.5765146017074585,0.7769768238067627
1696965612649640700,18.556640625,0.6924009323120117,-0.4329531192779541,0.5407617092132568
1696965612659655000,18.566655029296875,-0.25031185150146484,-0.42928433418273926,1.0136911869049072
1696965612669668900,18.5766689453125,1.2459440231323242,0.30844950675964355,0.6260790824890137
1696965612679683000,18.58668310546875,-0.8066339492797852,-0.5133860111236572,0.5397450923919678
1696965612689697000,18.596697021484374,0.6333932876586914,-0.5100569725036621,1.220679759979248
1696965612699711200,18.606711181640627,0.3455657958984375,-0.029797077178955078,0.3344709873199463
1696965612709725400,18.616725341796876,-0.8119602203369141,-0.2588313817977905,1.0576856136322021
1696965612719739400,18.626739501953125,-0.43240833282470703,-0.4883406162261963,0.4127483069896698
1696965612729753600,18.636753662109374,-0.45534229278564453,-0.3869140148162842,0.8068174123764038
1696965612739767800,18.646767822265623,-1.2856073379516602,-0.38732588291168213,0.14192140102386475
1696965612749781800,18.65678173828125,-0.23639392852783203,-0.06797206401824951,0.35555171966552734
1696965612759796000,18.6667958984375,-1.2101316452026367,-1.1373506784439087,-0.38664090633392334
1696965612769810200,18.67681005859375,-1.5710182189941406,-0.49372851848602295,0.8798210620880127
1696965612779824000,18.68682421875,1.052016258239746,-0.02125716209411621,0.42942720651626587
1696965612789838300,18.69683837890625,-1.349905014038086,-0.2769954204559326,0.5124720335006714
1696965612799852300,18.706852294921877,1.3297414779663086,-0.9174283742904663,0.6751032471656799
1696965612809866500,18.716866455078126,-1.956563949584961,-0.38002634048461914,0.6555700302124023
1696965612819880700,18.726880615234375,1.488687515258789,-0.1046668291091919,0.1999189853668213
1696965612829894700,18.736894775390624,-0.24908733367919922,-0.5184130668640137,0.47040626406669617
1696965612839908900,18.746908935546877,0.6303939819335938,-1.2367411851882935,0.49239036440849304
1696965612849923000,18.756923095703126,0.6390447616577148,-0.3338024616241455,0.3581506013870239
1696965612859937000,18.76693701171875,0.5178680419921875,-0.19421350955963135,0.999397337436676
1696965612869951200,18.776951171875,1.1669740676879883,-0.808730959892273,0.9398593902587891
1696965612879965400,18.78696533203125,-0.1260509490966797,-0.6896817684173584,0.969131350517273
1696965612889979400,18.7969794921875,0.7873096466064453,-0.37980830669403076,0.8541479110717773
1696965612899993600,18.80699365234375,0.618382453918457,-0.03797292709350586,0.9223753213882446
1696965612910007600,18.817007568359376,-0.08530139923095703,-0.633845329284668,0.3682354688644409
1696965612920021800,18.827021728515625,-0.3142223358154297,-1.0224589109420776,0.5483596324920654
1696965612930036000,18.837035888671874,-0.08381271362304688,0.1681210994720459,0.5623900890350342
1696965612940050000,18.8470498046875,0.7051906585693359,-0.7293378114700317,0.026000112295150757
1696965612950064000,18.857064208984376,-1.3702154159545898,-0.7006555795669556,0.2993532121181488
1696965612960078300,18.867078369140625,0.6451492309570312,-0.30363714694976807,0.4514533579349518
1696965612970092300,18.87709228515625,-1.2769432067871094,-0.5450868606567383,0.44123753905296326
1696965612980106500,18.8871064453125,1.129652976989746,-0.21215200424194336,1.031406283378601
1696965612990120700,18.89712060546875,-0.8794240951538086,-0.7810804843902588,0.24260491132736206
1696965613000134700,18.907134765625,0.3598318099975586,-0.17290472984313965,0.7317584753036499
1696965613010148900,18.91714892578125,0.6609859466552734,-0.48447275161743164,0.5082907676696777
1696965613020162800,18.927162841796875,-1.1857757568359375,-0.7054516077041626,0.8956520557403564
1696965613030177000,18.937177001953124,1.488861083984375,-0.6200348138809204,0.23654121160507202
1696965613040191200,18.947191162109377,-1.401045799255371,-0.18041789531707764,0.6546359062194824
1696965613050205200,18.957205078125,1.2590827941894531,-0.8853787183761597,0.19405218958854675
1696965613060219400,18.967219482421875,-0.11493110656738281,-0.28532326221466064,0.5408176183700562
1696965613070233600,18.977233642578124,-0.9655189514160156,-0.5750513076782227,0.359172523021698
1696965613080247600,18.98724755859375,0.6283130645751953,-0.612259030342102,0.7845100164413452
1696965613090261800,18.99726171875,-0.05656242370605469,0.07185924053192139,0.20013517141342163
1696965613100275700,19.007275634765627,0.03451061248779297,-0.7366619110107422,0.3901428282260895
1696965613110290000,19.0172900390625,0.5457439422607422,-0.6775699853897095,0.6434308290481567
1696965613120304000,19.02730419921875,0.7071990966796875,-0.5207337141036987,0.4227864444255829
1696965613130318000,19.037318115234374,-0.4892311096191406,-0.8976832628250122,0.6133168339729309
1696965613140332300,19.047332275390627,1.146444320678711,-0.48526835441589355,1.0579142570495605
1696965613150346500,19.057346435546876,0.2552003860473633,-0.6841177940368652,0.6126588582992554
1696965613160360400,19.0673603515625,0.1063547134399414,-0.7448617219924927,0.6707582473754883
1696965613170374700,19.077374755859374,1.6740856170654297,0.0032765865325927734,0.4942137897014618
1696965613180388900,19.087388916015627,-0.8480567932128906,-0.7315067052841187,0.7310255765914917
1696965613190402800,19.09740283203125,0.7835826873779297,-1.189612865447998,0.5153777599334717
1696965613200417000,19.1074169921875,-0.79443359375,0.21770215034484863,0.8918741345405579
1696965613210431000,19.117430908203126,0.7794570922851562,-0.5044674873352051,0.6397329568862915
1696965613220445200,19.127445068359375,0.14272403717041016,-0.5319589376449585,0.6500965356826782
1696965613230459400,19.13745947265625,-0.2162017822265625,-0.4067639112472534,0.9013243913650513
1696965613240473300,19.147473388671877,-0.12449455261230469,-0.4329618215560913,0.3186049163341522
1696965613250487600,19.157487548828126,0.3535289764404297,-0.12080705165863037,1.123290777206421
1696965613260501800,19.167501708984375,-0.4880247116088867,-0.8271428346633911,0.2879183888435364
1696965613270515700,19.177515625,-1.2041006088256836,-0.07726645469665527,0.9874129891395569
1696965613280530000,19.187530029296877,0.5196027755737305,-0.5821516513824463,0.2394219934940338
1696965613290544000,19.197544189453126,-2.5449843406677246,-0.6572349071502686,0.49630239605903625
1696965613300558000,19.20755810546875,0.5961093902587891,-0.5261114835739136,0.2846932113170624
1696965613310572300,19.217572265625,-1.5220394134521484,-0.5607959032058716,-0.13782551884651184
1696965613320586200,19.227586181640625,0.24016380310058594,-0.7154959440231323,0.12606161832809448
1696965613330600400,19.237600341796874,-0.09442996978759766,-0.05735445022583008,0.2005642056465149
1696965613340614700,19.24761474609375,-0.9542779922485352,-0.3777729272842407,0.3704212009906769
1696965613350628600,19.257628662109376,0.5916976928710938,-0.309773325920105,1.1245313882827759
1696965613360642800,19.267642822265625,-0.08324337005615234,-0.8418283462524414,0.4568379521369934
1696965613370657000,19.277656982421874,0.7435636520385742,-0.031035304069519043,1.0294424295425415
1696965613380671000,19.2876708984375,1.1961030960083008,0.05248677730560303,0.921332597732544
1696965613390685200,19.297685302734376,0.6004877090454102,-0.6749893426895142,0.764928936958313
1696965613400699400,19.307699462890625,0.5896520614624023,-0.7710584402084351,0.5499972105026245
1696965613410713300,19.31771337890625,0.8127613067626953,0.13750696182250977,0.7399134635925293
1696965613420727600,19.3277275390625,0.23744487762451172,0.015636324882507324,0.6830195188522339
1696965613430741500,19.337741455078124,-0.24582481384277344,-0.7939015626907349,0.5963767766952515
1696965613440755700,19.347755615234377,0.29483699798583984,-0.13345634937286377,0.9609160423278809
1696965613450770000,19.35777001953125,-0.07843494415283203,-0.4800952672958374,0.08828634023666382
1696965613460783900,19.367783935546875,-0.7998208999633789,-0.17809295654296875,0.4225180745124817
1696965613470798000,19.377798095703124,0.5643281936645508,-0.5571208000183105,0.12352663278579712
1696965613480812300,19.387812255859377,-2.098444938659668,-0.32399606704711914,0.32496345043182373
1696965613490826200,19.397826171875,1.8728218078613281,0.08981585502624512,0.37714090943336487
1696965613500840400,19.40784033203125,-1.0363283157348633,-0.8099269866943359,0.16909340023994446
1696965613510854700,19.417854736328124,-0.016556739807128906,0.06107687950134277,0.8268004655838013
1696965613520868600,19.42786865234375,0.8205528259277344,-0.215903639793396,0.5215997099876404
1696965613530882800,19.4378828125,-0.6776876449584961,0.2455216646194458,1.0424678325653076
1696965613540896800,19.447896728515627,0.9012880325317383,-0.49788057804107666,0.2244378924369812
1696965613550911000,19.457910888671876,-2.121124267578125,-0.21963119506835938,0.7706623077392578
1696965613560925200,19.46792529296875,0.36869049072265625,-0.3791797161102295,0.510324239730835
1696965613570939100,19.477939208984374,-0.8313798904418945,-0.1363506317138672,0.32519522309303284
1696965613580953300,19.487953369140627,-0.036468505859375,-0.5878190994262695,0.13657018542289734
1696965613590967600,19.497967529296876,-0.21287250518798828,-0.07621467113494873,0.8402990698814392
1696965613600981500,19.5079814453125,0.7716464996337891,-0.30874311923980713,0.356515109539032
1696965613610995700,19.51799560546875,-1.8772449493408203,-0.27198469638824463,0.8661179542541504
1696965613621010000,19.528010009765627,1.8730831146240234,-0.2671717405319214,1.1083779335021973
1696965613631023900,19.53802392578125,-0.6396007537841797,-0.2761538028717041,0.9091212749481201
1696965613641038000,19.5480380859375,0.9282636642456055,-0.15103423595428467,0.7553757429122925
1696965613651052000,19.558052001953126,0.10484600067138672,-0.4280388355255127,0.31038862466812134
1696965613661066200,19.568066162109375,-0.1686697006225586,-0.31353652477264404,0.6848592162132263
1696965613671080400,19.57808056640625,0.6400671005249023,-0.3164862394332886,0.4224777817726135
1696965613681094400,19.588094482421877,-0.5138235092163086,-0.1083294153213501,-0.17941561341285706
1696965613691108600,19.598108642578126,0.41519737243652344,-0.3399169445037842,0.5276367664337158
1696965613701122800,19.608122802734375,1.283299446105957,-0.657172679901123,0.5381952524185181
1696965613711136800,19.61813671875,0.43534088134765625,0.008363485336303711,0.42363446950912476
1696965613721151000,19.62815087890625,0.22330665588378906,-0.5007051229476929,0.6925806999206543
1696965613731165200,19.638165283203126,0.5488080978393555,0.04994988441467285,0.6830689907073975
1696965613741179100,19.64817919921875,-0.9918794631958008,-0.9193845987319946,0.3781769275665283
1696965613751193300,19.658193359375,1.0375871658325195,0.46580803394317627,0.20920857787132263
1696965613761207300,19.668207275390625,0.3036823272705078,-0.3433966636657715,0.4611135721206665
1696965613771221500,19.678221435546874,-0.5183649063110352,-0.6855678558349609,-0.16451337933540344
1696965613781235700,19.688235595703127,1.4703807830810547,-0.227455735206604,0.3574475646018982
1696965613791249700,19.698249755859376,-0.6586551666259766,-0.17624151706695557,0.07773932814598083
1696965613801263900,19.708263916015625,0.04457378387451172,-0.26741158962249756,0.548442006111145
1696965613811278000,19.718278076171874,-0.16924762725830078,-0.4796617031097412,-0.012676328420639038
1696965613821292000,19.7282919921875,-1.717942237854004,0.05109822750091553,0.8365998268127441
1696965613831306200,19.73830615234375,1.4890422821044922,-0.6764175891876221,-0.40645623207092285
1696965613841320200,19.7483203125,-1.754800796508789,-0.3060462474822998,0.6813955307006836
1696965613851334400,19.75833447265625,1.8436212539672852,-0.49980342388153076,-0.07002246379852295
1696965613861348600,19.7683486328125,-1.9166288375854492,-0.18159914016723633,0.45243439078330994
1696965613871362600,19.778362548828124,1.0078706741333008,-0.2000875473022461,0.05458638072013855
1696965613881376800,19.788376708984377,-1.2494993209838867,0.049247145652770996,0.5765414237976074
1696965613891391000,19.798390869140626,0.8654623031616211,-0.2936438322067261,0.17473477125167847
1696965613901405000,19.808405029296875,-0.9471721649169922,-0.4834287166595459,0.23324742913246155
1696965613911419100,19.818419189453124,0.775202751159668,0.21185052394866943,0.33376672863960266
1696965613921433300,19.828433349609377,-0.09585094451904297,-0.19881153106689453,0.49376896023750305
1696965613931447300,19.838447265625,0.12393856048583984,-0.47049856185913086,0.34493955969810486
1696965613941461500,19.84846142578125,0.07616233825683594,-0.6010299921035767,0.6562942862510681
1696965613951475500,19.858475341796876,0.5060720443725586,0.06310451030731201,0.32079845666885376
1696965613961489700,19.86848974609375,-0.254791259765625,-0.4265272617340088,0.7223036289215088
1696965613971503900,19.87850390625,0.8067626953125,-0.2793525457382202,-0.25700587034225464
1696965613981517800,19.888517822265626,-1.2640819549560547,-0.43940186500549316,0.3023942708969116
1696965613991532000,19.898531982421876,1.381657600402832,0.15810906887054443,-0.2022290825843811
1696965614001546200,19.908546142578125,-1.2209186553955078,-0.3094600439071655,-0.16099318861961365
1696965614011560200,19.918560302734374,0.6028966903686523,-0.7738882303237915,-0.04933136701583862
1696965614021574400,19.928574462890627,-0.7555704116821289,0.13482677936553955,0.2069060206413269
1696965614031588600,19.938588623046876,0.8189182281494141,-0.27988314628601074,-0.6543071866035461
1696965614041602600,19.9486025390625,-1.0131206512451172,-0.8109167814254761,0.19418120384216309
1696965614051616800,19.95861669921875,0.9155263900756836,0.015734434127807617,-0.3145824670791626
1696965614061630700,19.968630615234375,-0.32891368865966797,0.0567094087600708,0.02836892008781433
1696965614071645000,19.97864501953125,1.2110443115234375,-0.20358991622924805,-0.16741278767585754
1696965614081659100,19.9886591796875,-0.46901988983154297,-0.8939682245254517,0.2779911458492279
1696965614091673000,19.998673095703126,0.9660797119140625,0.44468092918395996,-0.3434562683105469
1696965614101687300,20.008687255859375,0.2853202819824219,-0.4669229984283447,-0.18732225894927979
1696965614111701500,20.018701416015624,0.581507682800293,-0.4596114158630371,-0.4134870767593384
1696965614121715500,20.028715576171876,-0.5380001068115234,-0.4363267421722412,0.10457655787467957
1696965614131729700,20.038729736328126,0.3815584182739258,-0.19534099102020264,-0.2126842886209488
1696965614141743900,20.048743896484375,-0.5988788604736328,-0.33489179611206055,-0.1497431993484497
1696965614151757800,20.0587578125,0.9040403366088867,-0.18578112125396729,-0.3383985459804535
1696965614161772000,20.06877197265625,-0.813481330871582,-0.29240119457244873,0.32932940125465393
1696965614171786000,20.078785888671874,1.707444190979004,0.07371759414672852,-0.12011650204658508
1696965614181800200,20.08880029296875,-1.3497886657714844,-0.2271028757095337,0.1971837878227234
1696965614191814400,20.098814453125,1.3630952835083008,-0.15495753288269043,0.26783326268196106
1696965614201828400,20.108828369140625,-0.6849498748779297,0.06134295463562012,0.335126131772995
1696965614211842600,20.118842529296874,0.4014415740966797,-0.10618317127227783,0.8971518874168396
1696965614221856800,20.128856689453126,0.845158576965332,-0.2326674461364746,0.8399528861045837
1696965614231870700,20.13887060546875,-0.43259143829345703,-0.37358760833740234,-0.010618239641189575
1696965614241885000,20.148885009765625,-0.15932273864746094,-0.11397123336791992,0.47479143738746643
1696965614251899100,20.158899169921874,0.5632476806640625,-0.017473936080932617,-0.16470983624458313
1696965614261913000,20.1689130859375,-1.0297279357910156,-0.4328765869140625,-0.24765729904174805
1696965614271927300,20.17892724609375,1.0427093505859375,-0.4498339891433716,-0.2516912519931793
1696965614281941200,20.188941162109376,-0.685002326965332,-0.5977559089660645,0.20845377445220947
1696965614291955500,20.19895556640625,1.5154523849487305,0.2183690071105957,0.27927452325820923
1696965614301969700,20.2089697265625,-0.5763673782348633,-0.7167266607284546,0.41297298669815063
1696965614311983600,20.218983642578124,1.2987022399902344,0.033721089363098145,0.6457717418670654
1696965614321997800,20.228997802734376,-0.5966196060180664,-0.26565873622894287,0.5834730267524719
1696965614332012000,20.239011962890626,0.6379909515380859,0.2733718156814575,-0.11787793040275574
1696965614342026000,20.24902587890625,-0.8110837936401367,-1.0358924865722656,-0.6132846474647522
1696965614352040200,20.259040283203124,-0.7420587539672852,0.23315012454986572,0.08854526281356812
1696965614362054400,20.269054443359376,1.0284614562988281,-0.6268811225891113,-0.29458802938461304
1696965614372068400,20.279068359375,-2.247009754180908,-0.21240806579589844,-0.046451836824417114
1696965614382082600,20.28908251953125,1.1420583724975586,-0.49017107486724854,-0.03122568130493164
1696965614392096500,20.299096435546875,-1.645761489868164,0.2801164388656616,0.38545411825180054
1696965614402110700,20.30911083984375,0.35080909729003906,-0.431904673576355,0.2518714964389801
1696965614412125000,20.319125,-0.8485097885131836,-0.09646296501159668,0.4449625313282013
1696965614422139000,20.329138916015626,-0.3065614700317383,-0.20156621932983398,-0.39203980565071106
1696965614432153000,20.339153076171876,-0.3816061019897461,0.12644338607788086,0.4575628638267517
1696965614442167300,20.349167236328125,0.804347038269043,-0.18034100532531738,-0.3065742254257202
1696965614452181200,20.35918115234375,-0.8506250381469727,-0.2918483018875122,0.30512744188308716
1696965614462195500,20.369195556640626,0.2934398651123047,-0.04229319095611572,0.19391795992851257
1696965614472209700,20.379209716796876,-0.3187732696533203,0.28717076778411865,1.1406750679016113
1696965614482223600,20.3892236328125,0.8382425308227539,-0.4157501459121704,0.3022477924823761
1696965614492237800,20.39923779296875,-1.4527168273925781,-0.1668180227279663,0.24987179040908813
1696965614502251800,20.409251708984375,0.7439365386962891,-0.35102903842926025,-0.2850320637226105
1696965614512266000,20.419265869140624,-1.4271230697631836,0.2799797058105469,0.09492850303649902
1696965614522280200,20.4292802734375,2.145404815673828,-0.5008399486541748,-0.09776011109352112
1696965614532294100,20.439294189453125,-1.2616376876831055,-0.5937669277191162,-0.1166175901889801
1696965614542308400,20.449308349609375,-0.050400733947753906,-0.05715310573577881,0.2528781592845917
1696965614552322600,20.459322509765624,0.9920005798339844,0.16639173030853271,0.681125283241272
1696965614562336500,20.46933642578125,-0.6164979934692383,-0.6170384883880615,0.07138672471046448
1696965614572350700,20.479350830078126,0.6082544326782227,-0.19255828857421875,0.8847624659538269
1696965614582364700,20.48936474609375,0.7263679504394531,0.10234236717224121,-0.01775580644607544
1696965614592379000,20.49937890625,-0.06436538696289062,-0.42598867416381836,0.03990337252616882
1696965614602393000,20.50939306640625,1.1163854598999023,-0.08642768859863281,-0.5253344178199768
1696965614612407000,20.519406982421874,-0.9749336242675781,-0.6018050909042358,0.48499009013175964
1696965614622421200,20.529421142578126,1.0632505416870117,-0.01196444034576416,-0.022412419319152832
1696965614632435500,20.539435546875,-0.05295848846435547,-0.26072418689727783,0.15652835369110107
1696965614642449400,20.549449462890625,-0.33932018280029297,-0.2650313377380371,0.29950767755508423
1696965614652463600,20.559463623046874,0.9464292526245117,-0.16162025928497314,0.2665897011756897
1696965614662477800,20.569477783203126,-0.6607542037963867,-0.38006484508514404,-0.028132468461990356
1696965614672491800,20.57949169921875,0.061623573303222656,-0.32237744331359863,0.24036529660224915
1696965614682506000,20.589506103515625,0.6501016616821289,-0.029079914093017578,0.0483783483505249
1696965614692520000,20.59952001953125,-0.6807403564453125,-0.6236618757247925,0.39761653542518616
1696965614702534100,20.6095341796875,0.7359066009521484,-0.0744636058807373,0.1944379210472107
1696965614712548400,20.61954833984375,-0.28894805908203125,-0.1884242296218872,0.22767308354377747
1696965614722562300,20.629562255859376,0.7536582946777344,-0.4128427505493164,0.5897555351257324
1696965614732576500,20.639576416015625,0.30712890625,-0.1545407772064209,-0.03054174780845642
1696965614742590700,20.6495908203125,-0.15681838989257812,-0.43335604667663574,0.21173053979873657
1696965614752604700,20.659604736328124,-0.056502342224121094,-0.32615792751312256,-0.2173069417476654
1696965614762619000,20.669618896484376,-0.26140880584716797,0.18378937244415283,-0.0662146508693695
1696965614772633000,20.679633056640625,0.45074939727783203,-0.6608235836029053,-0.35561615228652954
1696965614782647000,20.68964697265625,-0.4146585464477539,-0.5669149160385132,-0.6508094668388367
1696965614792661200,20.6996611328125,0.22645854949951172,-0.1634514331817627,-0.5727152824401855
1696965614802675200,20.70967529296875,-0.3517284393310547,-0.19906330108642578,-0.0797586739063263
1696965614812689400,20.719689453125,0.7767477035522461,-0.02631092071533203,-0.3901330232620239
1696965614822703600,20.72970361328125,-1.4705228805541992,-0.7130181789398193,-0.18027745187282562
1696965614832717600,20.739717529296875,0.9940414428710938,0.05871593952178955,-0.22292910516262054
1696965614842731800,20.749731689453125,-1.3256721496582031,-0.16818666458129883,0.12087211012840271
1696965614852746000,20.75974609375,1.0383281707763672,-0.5032907724380493,-0.95768141746521
1696965614862760000,20.769760009765626,-1.6161918640136719,-0.09638357162475586,-0.1120913028717041
1696965614872774100,20.779774169921875,1.6805667877197266,-0.26531553268432617,-0.5637704730033875
1696965614882788400,20.789788330078125,-2.6145505905151367,-0.36243557929992676,-0.19099897146224976
1696965614892802300,20.79980224609375,1.1287593841552734,-0.09788572788238525,-0.485444575548172
1696965614902816500,20.80981640625,-1.5640478134155273,-0.3387693166732788,0.1983087956905365
1696965614912830500,20.81983056640625,0.2796049118041992,-0.2472538948059082,-0.5338613986968994
1696965614922844700,20.8298447265625,-0.7865896224975586,-0.26648008823394775,-0.2912190556526184
1696965614932859000,20.83985888671875,0.5394296646118164,-0.1433161497116089,-0.5342888832092285
1696965614942872800,20.849872802734374,0.13179397583007812,-0.276241660118103,0.025998175144195557
1696965614952887000,20.859886962890624,0.8296594619750977,-0.24945664405822754,0.0531749427318573
1696965614962901200,20.8699013671875,-0.04237651824951172,-0.38711631298065186,0.12322509288787842
1696965614972915200,20.879915283203125,1.3630075454711914,0.18620002269744873,0.29300999641418457
1696965614982929400,20.889929443359375,0.4372987747192383,-0.6474553346633911,-0.041934818029403687
1696965614992943600,20.899943603515624,0.015946388244628906,0.1512289047241211,0.7340534925460815
1696965615002957600,20.90995751953125,0.756535530090332,-0.23312699794769287,-0.21480582654476166
1696965615012971800,20.9199716796875,-0.35846614837646484,-0.009462714195251465,0.2791055142879486
1696965615022985700,20.92998583984375,1.3388433456420898,-0.11581408977508545,-0.07717669010162354
1696965615033000000,20.94,-1.732126235961914,-0.34707045555114746,0.07242462038993835
1696965615043014100,20.95001416015625,1.6217708587646484,-0.4792836904525757,-0.7404487133026123
1696965615053028000,20.960028076171874,-2.080380916595459,0.053890347480773926,0.20456963777542114
1696965615063042300,20.970042236328126,2.0673770904541016,-0.1971358060836792,-0.35381078720092773
1696965615073056500,20.980056396484375,-1.8795452117919922,-0.3101382255554199,0.20730102062225342
1696965615083070500,20.990070556640624,1.4026899337768555,-0.06781017780303955,-0.5614646673202515
1696965615093084700,21.000084716796874,-1.4912118911743164,0.10113704204559326,0.26696112751960754
1696965615103099000,21.010098876953126,1.0634231567382812,0.03834867477416992,-0.47931838035583496
1696965615113112800,21.02011279296875,-0.9694805145263672,-1.0213733911514282,-0.5662781596183777
1696965615123127000,21.030126953125,-0.15049457550048828,0.19838953018188477,-0.757807731628418
1696965615133141000,21.04014111328125,0.7915868759155273,-0.30923986434936523,0.11469703912734985
1696965615143155200,21.0501552734375,-0.6534204483032227,-0.16619610786437988,-0.4221239686012268
1696965615153169400,21.06016943359375,-0.06421756744384766,-0.6323099136352539,-0.006203740835189819
1696965615163183400,21.070183349609376,-0.10646724700927734,0.10247194766998291,-0.11072102189064026
1696965615173197600,21.080197509765625,0.04149055480957031,-0.35424840450286865,-0.25147631764411926
1696965615183211800,21.090211669921874,0.4387502670288086,-0.4569803476333618,-0.20315508544445038
1696965615193225700,21.100225830078124,0.6953086853027344,-0.10986554622650146,0.5122365951538086
1696965615203240000,21.110239990234376,0.2976875305175781,-0.30507707595825195,0.503795862197876
1696965615213254100,21.120254150390625,0.8029899597167969,-0.34566760063171387,0.33701828122138977
1696965615223268000,21.13026806640625,0.5245256423950195,-0.25325608253479004,0.185710608959198
1696965615233282300,21.1402822265625,0.021402359008789062,-0.06800282001495361,-0.3857561945915222
1696965615243296300,21.150296142578124,-1.0152759552001953,-0.48503780364990234,0.10750776529312134
1696965615253310500,21.160310546875,0.8701410293579102,-0.017449498176574707,-0.5771123766899109
1696965615263324700,21.17032470703125,-0.8375473022460938,-0.4114255905151367,0.3261246979236603
1696965615273338600,21.180338623046875,0.34977245330810547,-0.24955153465270996,-0.5055669546127319
1696965615283352800,21.190352783203124,-0.6828956604003906,-0.24109411239624023,0.3271401524543762
1696965615293367000,21.200366943359374,0.9296340942382812,-0.17137455940246582,-0.34508851170539856
1696965615303381000,21.210381103515626,-1.0318431854248047,-0.13829052448272705,0.2505665719509125
1696965615313395200,21.220395263671875,1.5611400604248047,0.09458565711975098,-0.25034216046333313
1696965615323409200,21.2304091796875,-1.328932762145996,-0.16543364524841309,-0.1652858406305313
1696965615333423400,21.24042333984375,0.9394721984863281,-0.23127305507659912,-0.03458404541015625
1696965615343437600,21.2504375,-0.41988086700439453,0.002060413360595703,0.4002819359302521
1696965615353451500,21.260451416015623,0.4794797897338867,-0.3275712728500366,-0.013526737689971924
1696965615363465700,21.2704658203125,-0.8259372711181641,-0.3581826686859131,-0.6636610627174377
1696965615373480000,21.28047998046875,-0.9577913284301758,-0.1603788137435913,-0.051434844732284546
1696965615383494000,21.290493896484374,1.257328987121582,-0.41436493396759033,-0.3590427339076996
1696965615393508000,21.300508056640624,-1.7032594680786133,-0.44982707500457764,-0.35043591260910034
1696965615403522300,21.310522216796876,1.349538803100586,-0.6958177089691162,-0.5827440619468689
1696965615413536300,21.320536376953125,-0.3730945587158203,0.0035268068313598633,-0.060882359743118286
1696965615423550500,21.330550537109374,1.0468215942382812,-0.47381794452667236,-0.6414310932159424
1696965615433564400,21.340564453125,-0.20179462432861328,-0.12470746040344238,0.08102306723594666
1696965615443578600,21.35057861328125,1.757619857788086,-0.04653441905975342,0.40248820185661316
1696965615453592800,21.3605927734375,0.3161001205444336,-0.5122945308685303,0.5249420404434204
1696965615463606800,21.370606689453126,0.563507080078125,0.12991273403167725,-0.05387604236602783
1696965615473621000,21.38062109375,2.0827579498291016,-0.25867676734924316,-0.3643811345100403
1696965615483635200,21.39063525390625,-0.990077018737793,-0.15553152561187744,-0.07815396785736084
1696965615493649200,21.400649169921873,1.4496355056762695,-0.5820802450180054,-0.33327510952949524
1696965615503663400,21.410663330078126,-0.5361204147338867,-0.1853351593017578,-0.5803527235984802
1696965615513677600,21.420677490234375,-0.4778938293457031,-0.09264993667602539,0.0674784779548645
1696965615523691500,21.43069140625,0.3272552490234375,-0.19901275634765625,-0.09741806983947754
1696965615533705700,21.440705810546874,-0.7396965026855469,-0.3643522262573242,-0.11612382531166077
1696965615543719700,21.4507197265625,0.24277114868164062,-0.3208324909210205,-0.23304316401481628
1696965615553734000,21.46073388671875,0.0983285903930664,-0.017517447471618652,-0.3409995436668396
1696965615563748000,21.470748046875,-0.5557432174682617,-0.41918790340423584,-0.7628620266914368
1696965615573762000,21.480761962890625,-0.44507694244384766,-0.17678987979888916,-0.5725879073143005
1696965615583776300,21.4907763671875,-1.045222282409668,0.010087370872497559,-0.6225401163101196
1696965615593790500,21.50079052734375,-0.6612319946289062,-0.23437273502349854,-0.27392640709877014
1696965615603804400,21.510804443359376,-0.4677410125732422,-0.4376544952392578,-0.731939435005188
1696965615613818600,21.520818603515625,-0.16134166717529297,-0.44825899600982666,-0.3183908760547638
1696965615623832800,21.530832763671874,-1.221151351928711,-0.47885024547576904,-0.6728451251983643
1696965615633846800,21.5408466796875,0.6879940032958984,0.17077946662902832,-0.7040454149246216
1696965615643861000,21.550861083984376,-1.2531566619873047,-0.6216113567352295,-0.5810661315917969
1696965615653875000,21.560875,0.6034679412841797,-0.12454104423522949,-0.6976368427276611
1696965615663889200,21.57088916015625,-0.7880687713623047,-0.37512874603271484,-0.2350713610649109
1696965615673903400,21.5809033203125,0.7619552612304688,-0.1586461067199707,-0.4901832342147827
1696965615683917600,21.59091748046875,-0.44892311096191406,-0.033078551292419434,0.7560468912124634
1696965615693931800,21.600931884765625,1.358567237854004,-0.03418004512786865,-0.05062812566757202
1696965615703946000,21.610946044921874,-1.5311708450317383,-0.49778449535369873,0.2609780430793762
1696965615713960000,21.6209599609375,1.2729997634887695,-0.08133447170257568,-0.655601978302002
1696965615723974100,21.63097412109375,-1.468501091003418,-0.10962915420532227,-0.048861533403396606
1696965615733988400,21.64098828125,0.7953691482543945,-0.008509993553161621,-1.051997423171997
1696965615744002600,21.65100244140625,-0.9414148330688477,-0.595900297164917,-0.11377109587192535
1696965615754016800,21.661016845703124,-0.0074443817138671875,-0.14875245094299316,-0.1682129204273224
1696965615764031000,21.671031005859376,0.07339668273925781,0.2506309747695923,0.35915407538414
1696965615774045200,21.681045166015625,-0.3139476776123047,-0.3470712900161743,-0.44890719652175903
1696965615784059100,21.69105908203125,-0.1417369842529297,-0.11300671100616455,0.26460888981819153
1696965615794073300,21.7010732421875,0.6325616836547852,0.25179994106292725,-0.2797034680843353
1696965615804087600,21.711087646484376,0.0712432861328125,-0.4674760103225708,-0.7437068223953247
1696965615814101800,21.721101806640625,-0.020162582397460938,-0.362953782081604,-0.48996108770370483
1696965615824116000,21.731115966796875,0.815582275390625,-0.33527660369873047,-0.2541406750679016
1696965615834130200,21.741130126953124,0.21087646484375,0.28067266941070557,0.20942729711532593
1696965615844144000,21.75114404296875,1.2898321151733398,-0.5253168344497681,-0.63104647397995
1696965615854158300,21.761158447265625,-1.079075813293457,-0.4411005973815918,0.23503398895263672
1696965615864172500,21.771172607421875,1.579817771911621,-0.2729865312576294,-0.42822033166885376
1696965615874186800,21.781186767578124,-0.40234375,-0.3879363536834717,-0.3932274580001831
1696965615884201000,21.791200927734376,1.1654090881347656,-0.36860525608062744,-0.6940531134605408
1696965615894215200,21.801215087890625,0.30263805389404297,-0.780642032623291,-0.36899620294570923
1696965615904229000,21.81122900390625,0.4257650375366211,-0.22715389728546143,0.011541813611984253
1696965615914243300,21.821243408203124,1.471384048461914,-0.3616502285003662,0.26819050312042236
1696965615924257500,21.831257568359376,-0.5821352005004883,0.12918269634246826,0.06259307265281677
1696965615934271700,21.841271728515625,1.124934196472168,-0.5624527931213379,-0.3364819288253784
1696965615944286000,21.851285888671875,-0.47324371337890625,-0.2978966236114502,-0.11964383721351624
1696965615954300200,21.861300048828124,0.2585020065307617,-0.6343085765838623,-0.4110015630722046
1696965615964314000,21.871314208984376,-0.2669792175292969,-0.025895357131958008,-0.8097550868988037
1696965615974328300,21.881328369140626,0.019906044006347656,-0.3296165466308594,-0.7245380878448486
1696965615984342500,21.891342529296875,-0.3664121627807617,-0.2667536735534668,-0.7920957803726196
1696965615994356500,21.9013564453125,-0.8771734237670898,-0.32207775115966797,-0.1744384467601776
1696965616004370700,21.91137060546875,0.1003866195678711,-0.23803198337554932,-0.1508551985025406
1696965616014385000,21.921385009765626,-0.5306568145751953,-0.6827994585037231,-0.6866716742515564
1696965616024398800,21.93139892578125,0.07776165008544922,-0.19433963298797607,-0.3761216104030609
1696965616034413000,21.9414130859375,0.1782360076904297,-0.3064342737197876,-0.9162353277206421
1696965616044427300,21.95142724609375,-1.1887741088867188,-0.26832568645477295,-0.5155639052391052
1696965616054441200,21.961441162109374,0.878753662109375,-0.5318019390106201,-1.3015177249908447
1696965616064455400,21.971455322265626,-0.4373798370361328,-0.4121885299682617,-0.3221929669380188
1696965616074469400,21.981469482421875,0.7539348602294922,-0.27489805221557617,-0.8860355019569397
1696965616084483600,21.991483642578125,-0.6765680313110352,-0.44316697120666504,-0.3067929148674011
1696965616094497800,22.001497802734374,1.2944068908691406,-0.33944714069366455,-0.36623966693878174
1696965616104511700,22.01151171875,-0.7918930053710938,-0.5428762435913086,-0.40404289960861206
1696965616114526000,22.02152587890625,0.5343055725097656,-0.16691720485687256,-0.5504240393638611
1696965616124540200,22.0315400390625,0.5572719573974609,-0.7671128511428833,-1.2524151802062988
1696965616134554000,22.04155419921875,0.37035465240478516,-0.04835402965545654,-0.28317269682884216
1696965616144568300,22.051568359375,1.3302640914916992,-0.4528043270111084,-0.4117419719696045
1696965616154582500,22.06158251953125,-1.0899038314819336,-0.038495659828186035,0.12307925522327423
1696965616164596500,22.071596435546876,1.669942855834961,-0.1575998067855835,-0.29495176672935486
1696965616174610700,22.081610595703125,-0.9561185836791992,0.14334797859191895,-0.5306020975112915
1696965616184624600,22.091624755859375,0.2260894775390625,-0.2851775884628296,-1.234407901763916
1696965616194638800,22.101638916015624,-1.1445064544677734,-0.2448636293411255,-0.8682965040206909
1696965616204653000,22.111653076171876,0.6881914138793945,-0.17580747604370117,-0.9788546562194824
1696965616214667000,22.1216669921875,-1.2239294052124023,-0.10023534297943115,-0.7802634239196777
1696965616224681200,22.13168115234375,0.12171268463134766,-0.1135936975479126,-0.8175109624862671
1696965616234695400,22.1416953125,-1.125406265258789,-0.043784499168395996,-0.5164546370506287
1696965616244709400,22.15170947265625,1.0755681991577148,-0.043456077575683594,-0.7098439931869507
1696965616254723600,22.1617236328125,-1.2016754150390625,-0.6845393180847168,-0.13960227370262146
1696965616264737500,22.171737548828126,0.5693464279174805,-0.08523941040039062,-1.206709861755371
1696965616274751700,22.181751708984375,-0.7894315719604492,0.0022618770599365234,-0.43319422006607056
1696965616284766000,22.191765869140625,0.4597339630126953,-0.16040849685668945,-1.3855396509170532
1696965616294780000,22.20177978515625,-0.6601629257202148,-0.5346161127090454,-0.5889015197753906
1696965616304794000,22.211794189453126,0.9231166839599609,0.23688876628875732,-0.9555442333221436
1696965616314808300,22.221808349609375,-0.928959846496582,-0.36447203159332275,-1.116166591644287
1696965616324822300,22.231822265625,-0.042754173278808594,-0.3571819067001343,-0.8280770182609558
1696965616334836500,22.24183642578125,-0.014356613159179688,-0.5027422904968262,-0.8054813742637634
1696965616344850700,22.2518505859375,-0.8984079360961914,-0.34352636337280273,-0.9265719652175903
1696965616354864600,22.26186474609375,-0.2898426055908203,-0.4350970983505249,-2.1031126976013184
1696965616364878800,22.27187890625,-0.5567073822021484,0.08758127689361572,-1.049944519996643
1696965616374892800,22.281892822265625,0.8970012664794922,-0.43111467361450195,-1.055304765701294
1696965616384907000,22.291906982421875,-0.3906402587890625,-0.664247989654541,-0.2102845460176468
1696965616394921200,22.301921142578124,1.1438922882080078,-0.010221719741821289,-0.48020869493484497
1696965616404935200,22.31193505859375,0.4481801986694336,0.12356483936309814,-0.15475966036319733
1696965616414949400,22.321949462890625,0.44672203063964844,-0.06630396842956543,-0.7179234027862549
1696965616424963600,22.331963623046875,-0.9978733062744141,-0.7719299793243408,-0.47776198387145996
1696965616434977500,22.3419775390625,1.2504158020019531,0.03445994853973389,-0.8636599779129028
1696965616444991700,22.35199169921875,-1.0325345993041992,0.026308536529541016,-0.42074084281921387
1696965616455006000,22.362005859375,1.5645332336425781,-0.2625434398651123,-0.6777796745300293
1696965616465020000,22.37202001953125,-1.0440454483032227,-0.361478328704834,-0.3986700773239136
1696965616475034000,22.3820341796875,0.7070379257202148,0.2739126682281494,-0.5653750896453857
1696965616485048000,22.392048095703124,-1.1251497268676758,-0.7586818933486938,-0.7587308287620544
1696965616495062300,22.402062255859374,-0.9700851440429688,-0.15055882930755615,-0.9305726289749146
1696965616505076500,22.412076416015626,-0.5761928558349609,-0.26235437393188477,-0.9651156067848206
1696965616515090400,22.42209033203125,-0.9767599105834961,0.23430168628692627,-0.7819135785102844
1696965616525104600,22.432104736328125,1.0083017349243164,-0.7373315095901489,-1.0093140602111816
1696965616535118800,22.442118896484374,-0.7721118927001953,-0.16093909740447998,-0.8344357013702393
1696965616545132800,22.4521328125,0.2517662048339844,-0.060367703437805176,-1.0576634407043457
1696965616555147000,22.46214697265625,-0.4419984817504883,-0.03950953483581543,-0.5154527425765991
1696965616565161200,22.4721611328125,0.10825920104980469,-0.8207504749298096,-1.1492247581481934
1696965616575175200,22.482175048828125,-1.0250272750854492,-0.38067007064819336,-0.07368029654026031
1696965616585189400,22.492189453125,1.6772127151489258,-0.03800356388092041,-1.0939310789108276
1696965616595203300,22.502203369140624,-0.03804206848144531,-0.38519012928009033,-0.40798524022102356
1696965616605217500,22.512217529296876,1.1900873184204102,-0.39781439304351807,-0.6557033658027649
1696965616615231700,22.522231689453125,-0.6479663848876953,-0.2679729461669922,0.20886242389678955
1696965616625245700,22.53224560546875,1.1454906463623047,0.06869292259216309,-0.4454786777496338
1696965616635260000,22.542260009765624,-0.6970949172973633,-0.2528958320617676,-0.8217799663543701
1696965616645274000,22.552274169921876,0.4798727035522461,-0.6846499443054199,-0.40136706829071045
1696965616655288000,22.5622880859375,-0.8066415786743164,-0.31649696826934814,-0.8254321813583374
1696965616665302300,22.57230224609375,0.45200061798095703,-0.04672348499298096,-1.3349568843841553
1696965616675316500,22.58231640625,-1.2358217239379883,-0.3732184171676636,-0.5811424851417542
1696965616685330400,22.592330322265624,-0.2820005416870117,-0.41840529441833496,-0.4801030158996582
1696965616695344600,22.6023447265625,0.4357786178588867,-0.786673903465271,-1.22274649143219
1696965616705358600,22.612358642578126,-0.5593147277832031,0.36226391792297363,-0.5776602029800415
1696965616715372800,22.622372802734375,1.606679916381836,-0.6691240072250366,-0.4455496370792389
1696965616725387000,22.632386962890624,0.12650299072265625,-0.25498318672180176,-0.8276686072349548
1696965616735401000,22.64240087890625,-1.0306510925292969,-0.524762749671936,-0.5881201028823853
1696965616745415200,22.652415283203126,1.337630271911621,0.6373356580734253,-0.17510363459587097
1696965616755429400,22.662429443359375,-0.5104227066040039,-0.9606308937072754,-0.7177091240882874
1696965616765443300,22.672443359375,0.5851516723632812,-0.0637204647064209,-0.4773300290107727
1696965616775457500,22.68245751953125,-0.5345773696899414,0.01738274097442627,-0.620128870010376
1696965616785471700,22.6924716796875,0.3507661819458008,-0.058388710021972656,-0.7772969007492065
1696965616795485700,22.702485595703124,-1.3274946212768555,-0.8805259466171265,-1.409958839416504
1696965616805500000,22.7125,-0.6456995010375977,-0.351587176322937,-0.7401546835899353
1696965616815513900,22.722513916015625,-0.04191303253173828,-0.7332214117050171,-0.8087092638015747
1696965616825528000,22.732528076171874,-0.2999258041381836,0.11024069786071777,-0.5193500518798828
1696965616835542300,22.742542236328124,1.1154985427856445,-1.119049072265625,-1.1113619804382324
1696965616845556200,22.75255615234375,-0.7411165237426758,0.23860621452331543,-0.057458195835351944
1696965616855570400,22.7625703125,0.8806076049804688,-0.7119605541229248,-0.490058571100235
1696965616865584600,22.772584716796874,-0.15801048278808594,0.2513471841812134,-0.5251808166503906
1696965616875598600,22.7825986328125,1.089437484741211,-1.2245264053344727,-0.5028882026672363
1696965616885612800,22.79261279296875,0.16037559509277344,0.11645925045013428,-0.7277604937553406
1696965616895627000,22.802626953125,0.847808837890625,-0.5031236410140991,-0.2790810465812683
1696965616905641000,22.812640869140626,0.3065185546875,-0.05813026428222656,-0.752119779586792
1696965616915655200,22.8226552734375,-0.855926513671875,-0.7342092990875244,0.1913234293460846
1696965616925669000,22.832669189453124,1.0249805450439453,-0.2538411617279053,-0.646632194519043
1696965616935683300,22.842683349609374,-0.9705944061279297,-0.022670745849609375,-0.02247871831059456
1696965616945697500,22.852697509765626,1.5363378524780273,-0.9854657649993896,-1.3613669872283936
1696965616955711500,22.86271142578125,-1.7981038093566895,-0.37346792221069336,-0.5405319333076477
1696965616965725700,22.8727255859375,0.5525026321411133,-0.10262918472290039,-0.6434745788574219
1696965616975740000,22.882739990234374,-0.20334815979003906,-0.5650906562805176,-0.6891946792602539
1696965616985753900,22.89275390625,-0.6428604125976562,-0.7573332786560059,-0.34083062410354614
1696965616995768000,22.90276806640625,0.8500604629516602,0.12212991714477539,-0.165187269449234
1696965617005782000,22.912781982421876,-0.3898601531982422,-0.42754852771759033,-0.3441467881202698
1696965617015796200,22.922796142578125,1.1500835418701172,-0.6806994676589966,-1.3078886270523071
1696965617025810400,22.932810546875,-0.41082763671875,-0.13835036754608154,-0.3165924847126007
1696965617035824400,22.942824462890623,0.842310905456543,-0.6447858810424805,-0.9908797740936279
1696965617045838600,22.952838623046876,-1.1669073104858398,-0.8203086853027344,-0.2752659022808075
1696965617055852800,22.962852783203125,0.8477926254272461,-0.4492429494857788,-0.676424503326416
1696965617065866800,22.97286669921875,-0.42530345916748047,-0.29664862155914307,-0.43138208985328674
1696965617075881000,22.982880859375,0.26372337341308594,-0.4474903345108032,-0.5891470909118652
1696965617085895200,22.992895263671876,-0.1045827865600586,-0.6779444217681885,-1.3798364400863647
1696965617095909000,23.0029091796875,-0.8641738891601562,-0.7001487016677856,-0.45094072818756104
1696965617105923300,23.01292333984375,-0.44141578674316406,-0.646145224571228,-1.0809353590011597
1696965617115937300,23.022937255859375,-0.36368560791015625,-0.3779491186141968,-0.7656769752502441
1696965617125951500,23.032951416015624,0.6836652755737305,-0.829975962638855,-0.7969207763671875
1696965617135965700,23.042965576171873,-0.33547401428222656,-0.5826117992401123,-0.3657727539539337
1696965617145979600,23.052979736328126,1.3518791198730469,-0.25786030292510986,0.08121836930513382
1696965617155993900,23.062993896484375,-0.31864261627197266,-0.453147292137146,-0.5645816922187805
1696965617166008000,23.073008056640624,0.09729862213134766,-0.6151381731033325,-0.20475295186042786
1696965617176022000,23.08302197265625,0.685307502746582,-0.2102956771850586,-0.9047234058380127
1696965617186036200,23.0930361328125,-0.8365268707275391,-0.5989567041397095,-0.06755369901657104
1696965617196050400,23.103050537109375,1.1392364501953125,-0.7309679985046387,-0.759589672088623
1696965617206064400,23.113064453125,-0.6174201965332031,-0.4429284334182739,-0.6902018785476685
1696965617216078600,23.12307861328125,-0.8217058181762695,-0.659381628036499,-1.1436890363693237
1696965617226092500,23.133092529296874,0.9721927642822266,-0.5411808490753174,-0.33354586362838745
1696965617236106800,23.143106689453123,-0.6598196029663086,-0.4111146926879883,-0.7987123727798462
1696965617246121000,23.153120849609376,0.15842819213867188,-1.0702271461486816,-0.7333225607872009
1696965617256135000,23.163135009765625,0.9515142440795898,-0.5286762714385986,-0.4247433543205261
1696965617266149000,23.173149169921874,-0.026048660278320312,-0.8695827722549438,-0.44639813899993896
1696965617276163300,23.183163330078123,0.6669273376464844,-0.6759481430053711,0.13508279621601105
1696965617286177300,23.19317724609375,0.7848672866821289,-0.8233492374420166,-0.46906229853630066
1696965617296191500,23.20319140625,-0.6793222427368164,-0.5354956388473511,-0.7049527764320374
1696965617306205700,23.213205810546874,1.7402830123901367,-0.7856903076171875,0.06892096996307373
1696965617316219600,23.2232197265625,0.6565923690795898,-0.4732011556625366,-0.3865905702114105
1696965617326233900,23.23323388671875,-0.43482208251953125,-1.1351659297943115,-0.3881511092185974
1696965617336247800,23.243247802734373,2.023052215576172,-0.07888424396514893,-0.3426424264907837
1696965617346262000,23.253261962890626,-0.7581396102905273,-0.7460930347442627,-0.11508490890264511
1696965617356276200,23.263276123046875,1.0310068130493164,-0.5859125852584839,-0.1729506105184555
1696965617366290200,23.273290283203124,-0.6579303741455078,-0.7750998735427856,-0.1472444236278534
1696965617376304400,23.283304443359373,-0.3885822296142578,-0.6112117767333984,-0.5969513058662415
1696965617386318600,23.293318603515626,-0.06728076934814453,-0.8065727949142456,-0.9342184662818909
1696965617396332500,23.30333251953125,0.24856185913085938,-0.36189353466033936,-1.5656049251556396
1696965617406346800,23.3133466796875,-1.2044553756713867,-0.755792498588562,-1.1375919580459595
1696965617416361000,23.32336083984375,-1.2493362426757812,-1.1689674854278564,-1.2157708406448364
1696965617426375000,23.333375,1.0621318817138672,-0.6124294996261597,-0.5590274930000305
1696965617436389000,23.34338916015625,-0.32590579986572266,-0.6002118587493896,-0.5338054299354553
1696965617446403000,23.353403076171876,-0.3301849365234375,-0.6156659126281738,-0.25346139073371887
1696965617456417300,23.363417236328125,2.2659568786621094,-0.4443821907043457,-0.7412770390510559
1696965617466431500,23.373431396484374,-1.1134757995605469,-0.06231880187988281,0.23304444551467896
1696965617476445400,23.383445556640623,2.4495058059692383,-1.0599474906921387,-0.04673288017511368
1696965617486459600,23.393459716796876,-0.37576770782470703,-0.40092945098876953,-0.3431163728237152
1696965617496473900,23.403473876953125,0.3469886779785156,-1.4095542430877686,-0.5439776182174683
1696965617506487800,23.41348779296875,-0.7624092102050781,-0.15530502796173096,-0.660589337348938
1696965617516502000,23.423501953125,0.12868404388427734,-0.6921529769897461,-1.07895827293396
1696965617526516200,23.43351611328125,-0.569087028503418,-0.553826093673706,-0.6729695796966553
1696965617536530200,23.4435302734375,-0.30451393127441406,-1.0180981159210205,-0.9852469563484192
1696965617546544400,23.45354443359375,-0.2557849884033203,-0.68229079246521,-0.597791314125061
1696965617556558300,23.463558349609375,-0.28810787200927734,-0.5072094202041626,-0.5419890284538269
1696965617566572500,23.473572509765624,0.5727024078369141,-0.5480387210845947,-0.45707911252975464
1696965617576586800,23.483586669921873,0.5621986389160156,-0.3207235336303711,-0.5899051427841187
1696965617586600700,23.4936005859375,-0.8490324020385742,-0.553907036781311,0.35776105523109436
1696965617596615000,23.503614990234375,1.1650772094726562,-0.6196553707122803,0.05758487433195114
1696965617606629000,23.513629150390624,-0.45757389068603516,-0.6490843296051025,-0.2713891863822937
1696965617616643000,23.52364306640625,0.18857669830322266,-0.4647413492202759,-0.6362462043762207
1696965617626657300,23.5336572265625,-0.19414043426513672,-0.2060556411743164,-0.4214681386947632
1696965617636671500,23.54367138671875,0.733245849609375,-0.5145375728607178,-0.8936865925788879
1696965617646685400,23.553685546875,-1.285109519958496,-0.6868786811828613,-0.520094633102417
1696965617656699600,23.56369970703125,0.9063405990600586,-0.35149288177490234,-0.35330432653427124
1696965617666713600,23.573713623046874,0.6128950119018555,-0.25755321979522705,0.14344468712806702
1696965617676727800,23.583727783203123,-0.3448057174682617,-0.4883030652999878,0.23121172189712524
1696965617686742000,23.593741943359376,1.6394433975219727,-0.6407612562179565,-0.2610631585121155
1696965617696756000,23.603755859375,0.4883089065551758,0.11661911010742188,-0.1604951024055481
1696965617706770200,23.613770263671874,-0.9605903625488281,-1.358018398284912,-1.3916420936584473
1696965617716784400,23.623784423828123,0.28382015228271484,-0.28987789154052734,-0.5626434087753296
1696965617726798300,23.63379833984375,1.4164752960205078,-0.40429556369781494,-1.239549160003662
1696965617736812500,23.6438125,-2.9408345222473145,-0.5555249452590942,-0.5183648467063904
1696965617746826500,23.653826416015626,2.5525121688842773,-0.8197152614593506,-0.5284199714660645
1696965617756840700,23.6638408203125,-2.069611072540283,-0.6464886665344238,-0.6124417185783386
1696965617766855000,23.67385498046875,-0.49274444580078125,-0.46382880210876465,-0.5997005105018616
1696965617776868900,23.683868896484373,0.2066516876220703,-0.3560006618499756,-0.46492594480514526
1696965617786883000,23.693883056640626,0.6264495849609375,0.024162650108337402,-0.5669522285461426
1696965617796897300,23.703897216796875,-0.005646705627441406,-0.47990405559539795,-0.5452654957771301
1696965617806911200,23.7139111328125,0.10857677459716797,-0.680701494216919,0.07444681227207184
1696965617816925400,23.723925537109373,0.8350095748901367,-0.9726234674453735,0.542608916759491
1696965617826939600,23.733939697265626,-0.8733577728271484,-0.13244378566741943,-0.048040393739938736
1696965617836953600,23.74395361328125,0.4717988967895508,-0.586559534072876,-0.5851784348487854
1696965617846967800,23.7539677734375,-1.7564735412597656,-0.34077155590057373,-0.7755332589149475
1696965617856981800,23.763981689453125,-0.25653648376464844,-0.5290346145629883,-0.8145945072174072
1696965617866996000,23.773995849609374,-0.6239261627197266,-1.2968512773513794,-1.1867897510528564
1696965617877010200,23.78401025390625,1.2220392227172852,-0.7468678951263428,-0.4825458526611328
1696965617887024000,23.794024169921876,0.11530780792236328,-0.6897661685943604,-0.49512341618537903
1696965617897038300,23.804038330078125,-0.5257501602172852,-0.3175007104873657,0.3859253525733948
1696965617907052500,23.814052490234374,1.7837038040161133,-0.6981203556060791,-0.21899238228797913
1696965617917066500,23.82406640625,-1.0926904678344727,-0.5884644985198975,0.28955793380737305
1696965617927080700,23.834080810546876,1.1938953399658203,-0.36812686920166016,-0.1880616396665573
1696965617937095000,23.844094970703125,0.35972118377685547,-0.47029221057891846,-0.4882502853870392
1696965617947108900,23.85410888671875,-0.4154396057128906,-1.1280217170715332,-0.5944991111755371
1696965617957123000,23.864123046875,-0.4812192916870117,-0.33753061294555664,-0.3880912959575653
1696965617967137000,23.874136962890624,-1.0488014221191406,-0.622724175453186,-0.33274510502815247
1696965617977151200,23.884151123046873,1.1329107284545898,-0.500887393951416,0.19643132388591766
1696965617987165400,23.89416552734375,-1.0726280212402344,-0.8132023811340332,-0.32569533586502075
1696965617997179400,23.904179443359375,0.057430267333984375,-0.5259112119674683,0.5105032324790955
1696965618007193600,23.914193603515624,0.4829225540161133,-0.29262590408325195,-0.015783298760652542
1696965618017207800,23.924207763671873,-0.598567008972168,-0.5052024126052856,0.4158114790916443
1696965618027221800,23.9342216796875,0.10539531707763672,-0.5513331890106201,-0.40546828508377075
1696965618037236000,23.944236083984375,0.21957015991210938,-0.7057079076766968,-0.09673735499382019
1696965618047250200,23.954250244140624,0.7924318313598633,-0.38324856758117676,0.10470280051231384
1696965618057264000,23.96426416015625,-0.6719722747802734,-0.9648257493972778,-0.4908602237701416
1696965618067278300,23.9742783203125,0.1562814712524414,-0.736472487449646,-0.5051451325416565
1696965618077292300,23.984292236328123,-0.30777454376220703,-0.8008280992507935,-0.07489226013422012
1696965618087306500,23.994306396484376,-0.6608419418334961,-0.678019642829895,-0.24838519096374512
1696965618097320700,24.00432080078125,0.4923114776611328,-0.6746835708618164,0.013504646718502045
1696965618107334700,24.014334716796874,0.5819005966186523,-1.0507620573043823,-0.012282215058803558
1696965618117348900,24.024348876953123,1.4307794570922852,-0.5629794597625732,0.8592028617858887
1696965618127363000,24.034363037109376,1.4084272384643555,-1.1327784061431885,0.4414541721343994
1696965618137377000,24.044376953125,0.09051704406738281,-1.0854966640472412,0.3870174288749695
1696965618147391200,24.05439111328125,1.9923992156982422,-0.5287424325942993,0.9451754689216614
1696965618157405400,24.064405517578123,0.05203056335449219,-0.341461181640625,0.29928043484687805
1696965618167419400,24.07441943359375,-1.7399053573608398,-0.992741584777832,-1.5676873922348022
1696965618177433600,24.08443359375,-1.5542879104614258,-1.5612571239471436,-0.3596680462360382
1696965618187447600,24.094447509765626,1.1976404190063477,-1.3047988414764404,-1.7264256477355957
1696965618197461800,24.104461669921875,-1.1468629837036133,-0.591353178024292,-1.022101640701294
1696965618207476000,24.11447607421875,0.9203920364379883,-0.20196771621704102,-0.7739633321762085
1696965618217490000,24.124489990234373,-1.1795778274536133,-0.9592632055282593,-0.2923794686794281
1696965618227504000,24.134504150390626,0.008078575134277344,-0.32262396812438965,0.6892330050468445
1696965618237518300,24.144518310546875,0.5436019897460938,-0.9741615056991577,0.24471932649612427
1696965618247532300,24.1545322265625,0.19313812255859375,-0.5447473526000977,-0.3276745080947876
1696965618257546500,24.16454638671875,1.2919540405273438,-0.9219739437103271,0.05927713215351105
1696965618267560700,24.174560791015626,-0.6227598190307617,-1.0686570405960083,0.04417970031499863
1696965618277574700,24.18457470703125,-0.25803375244140625,-0.5973422527313232,-0.4709068238735199
1696965618287588900,24.1945888671875,0.383087158203125,-0.49144887924194336,0.09821148216724396
1696965618297602800,24.204602783203125,-0.38727283477783203,-1.1449494361877441,-0.19635984301567078
1696965618307617000,24.214616943359374,-0.1090841293334961,-1.3622406721115112,0.17647279798984528
1696965618317631200,24.22463134765625,-0.18509578704833984,-0.6768016815185547,0.07107113301753998
1696965618327645200,24.234645263671876,0.8619279861450195,-0.9088732004165649,-0.18447428941726685
1696965618337659400,24.244659423828125,-0.8890256881713867,-1.3487699031829834,-0.4691067934036255
1696965618347673600,24.254673583984374,0.28844356536865234,-0.7115708589553833,0.05938463658094406
1696965618357687600,24.2646875,1.2249040603637695,-0.6946368217468262,-0.18708378076553345
1696965618367701800,24.27470166015625,-0.16896533966064453,-1.193665623664856,-0.14189711213111877
1696965618377715700,24.2847158203125,1.0789861679077148,-1.2880388498306274,0.11397057771682739
1696965618387730000,24.29472998046875,0.14925765991210938,-0.8458938598632812,0.23212577402591705
1696965618397744000,24.304744140625,0.6842498779296875,-0.6870192289352417,0.03504268079996109
1696965618407758000,24.314758056640624,0.38636016845703125,-0.7960596084594727,-0.0067224279046058655
1696965618417772300,24.324772216796877,-1.1100492477416992,-1.4088064432144165,-0.08097079396247864
1696965618427786500,24.334786376953126,1.1147661209106445,-1.1885780096054077,0.37798359990119934
1696965618437800400,24.344800537109375,0.6775884628295898,-0.06650495529174805,0.35533249378204346
1696965618447814700,24.354814697265624,0.3508872985839844,-1.112319827079773,0.9156764149665833
1696965618457828900,24.364828857421877,-0.505070686340332,-1.0023326873779297,-0.1371210515499115
1696965618467842800,24.3748427734375,0.6334371566772461,-0.3339955806732178,-0.16790544986724854
1696965618477857000,24.38485693359375,-0.6199359893798828,-0.9423850774765015,-0.48692771792411804
1696965618487871000,24.39487109375,0.14605712890625,-1.511643409729004,-0.6134973764419556
1696965618497885200,24.40488525390625,-1.913684368133545,-1.04743492603302,-0.8222237825393677
1696965618507899400,24.4148994140625,0.9292516708374023,-0.791643500328064,-0.16102540493011475
1696965618517913300,24.424913330078127,0.6549434661865234,-0.8793339729309082,-0.28627556562423706
1696965618527927600,24.434927490234376,-0.6658954620361328,-1.19089937210083,-0.4088861346244812
1696965618537941800,24.444941650390625,0.3728599548339844,-1.1504305601119995,-0.18385955691337585
1696965618547955700,24.454955810546874,0.4434833526611328,-1.0174912214279175,0.385486900806427
1696965618557970000,24.464969970703127,0.7674217224121094,-1.1638318300247192,0.09549054503440857
1696965618567984000,24.474984130859376,-0.046828269958496094,-1.281135082244873,-0.23433619737625122
1696965618577998000,24.484998046875,0.024904251098632812,-0.7040448188781738,0.0026314780116081238
1696965618588012300,24.49501220703125,1.5301876068115234,-1.218003273010254,0.5786563158035278
1696965618598026200,24.505026123046875,-0.977391242980957,-1.7680829763412476,-0.29937902092933655
1696965618608040400,24.51504052734375,0.8789815902709961,-1.1683685779571533,-0.3670077323913574
1696965618618054700,24.5250546875,-0.23627853393554688,-1.1596378087997437,-0.3940753936767578
1696965618628068600,24.535068603515626,1.1307973861694336,-1.359636664390564,0.14048881828784943
1696965618638082800,24.545082763671875,-0.6443910598754883,-1.7917616367340088,-0.5768934488296509
1696965618648097000,24.555096923828124,-0.0028066635131835938,-1.1722452640533447,0.30940529704093933
1696965618658111000,24.565111083984377,1.918848991394043,-0.9058520793914795,0.05278771370649338
1696965618668125200,24.575125244140626,-1.0726356506347656,-1.574105978012085,-0.015221677720546722
1696965618678139400,24.585139404296875,-0.11393547058105469,-1.3284226655960083,-0.19555261731147766
1696965618688153300,24.5951533203125,0.8039846420288086,-0.7999312877655029,0.7236467599868774
1696965618698167600,24.60516748046875,0.22893428802490234,-1.4371761083602905,-0.46544119715690613
1696965618708181500,24.615181396484374,-0.22567462921142578,-1.0940687656402588,-0.29344168305397034
1696965618718195700,24.62519580078125,-0.02876758575439453,-1.4675296545028687,-0.11918716132640839
1696965618728210000,24.6352099609375,0.028436660766601562,-0.7309050559997559,0.5507273077964783
1696965618738223900,24.645223876953125,0.11493492126464844,-1.417052149772644,-0.012767158448696136
1696965618748238000,24.655238037109374,-1.295414924621582,-1.1868183612823486,0.5211194753646851
1696965618758252300,24.665252197265627,1.465590476989746,-1.3772971630096436,0.25971439480781555
1696965618768266200,24.675266357421876,-1.558365821838379,-0.9727318286895752,0.3613920211791992
1696965618778280400,24.685280517578125,0.7872543334960938,-1.8066235780715942,-0.1559881865978241
1696965618788294700,24.695294677734374,-1.0688667297363281,-1.2677968740463257,0.5045285820960999
1696965618798308600,24.70530859375,0.013728141784667969,-1.2490414381027222,0.020525339990854263
1696965618808322800,24.71532275390625,-0.4019603729248047,-1.600603699684143,-0.23438909649848938
1696965618818336800,24.725336669921877,-0.1909646987915039,-1.2406708002090454,0.35721224546432495
1696965618828351000,24.73535107421875,1.3816347122192383,-1.1261956691741943,0.4828907549381256
1696965618838365200,24.745365234375,-0.24193382263183594,-1.5962917804718018,0.3687422275543213
1696965618848379100,24.755379150390624,0.155059814453125,-1.8766469955444336,0.1659926325082779
1696965618858393300,24.765393310546877,0.7041959762573242,-1.2837238311767578,0.4554569721221924
1696965618868407600,24.775407470703126,0.945826530456543,-1.2392627000808716,0.6301809549331665
1696965618878421500,24.78542138671875,0.41794681549072266,-2.18385910987854,-0.12635834515094757
1696965618888435700,24.795435791015624,-1.2130985260009766,-1.534891128540039,0.16979198157787323
1696965618898450000,24.805449951171877,2.106448173522949,-1.5539031028747559,-0.0412118174135685
1696965618908463900,24.8154638671875,-0.5033330917358398,-1.4835261106491089,0.036636725068092346
1696965618918478000,24.82547802734375,-0.34449195861816406,-2.0712640285491943,-0.07146832346916199
1696965618928492000,24.835491943359376,-0.3197784423828125,-1.7503564357757568,0.19038061797618866
1696965618938506200,24.84550634765625,0.19220542907714844,-1.0372267961502075,-0.04878316447138786
1696965618948520400,24.8555205078125,-0.2573871612548828,-1.8385425806045532,-0.58515465259552
1696965618958534400,24.865534423828127,-0.7969465255737305,-1.4885053634643555,-0.03419794514775276
1696965618968548600,24.875548583984376,0.6528520584106445,-1.4731402397155762,0.17389342188835144
1696965618978562800,24.885562744140625,-1.083460807800293,-1.5374011993408203,0.009691186249256134
1696965618988576800,24.89557666015625,0.12780189514160156,-1.46664297580719,0.20308899879455566
1696965618998591000,24.905591064453127,0.6723403930664062,-1.5018298625946045,0.17535103857517242
1696965619008605200,24.915605224609376,-0.49120521545410156,-1.230024814605713,0.3146635591983795
1696965619018619100,24.925619140625,0.6234636306762695,-2.072307586669922,0.1360965520143509
1696965619028633300,24.93563330078125,-0.30092716217041016,-1.4604979753494263,0.3747040033340454
1696965619038647300,24.945647216796875,0.5263452529907227,-1.951568365097046,0.0644010454416275
1696965619048661500,24.95566162109375,-0.7990579605102539,-1.8530765771865845,-0.013896249234676361
1696965619058675700,24.96567578125,0.39243602752685547,-2.12125301361084,-0.06677490472793579
1696965619068689700,24.975689697265626,-0.24438190460205078,-1.721990942955017,0.27455028891563416
1696965619078703900,24.985703857421875,0.8405876159667969,-2.1146433353424072,0.3795385956764221
1696965619088718000,24.995718017578124,0.5037899017333984,-1.6873502731323242,0.2593863904476166
1696965619098732000,25.00573193359375,-0.3675708770751953,-2.2391512393951416,0.46337881684303284
1696965619108746200,25.015746337890626,1.3199491500854492,-1.6612108945846558,0.7524660229682922
1696965619118760200,25.02576025390625,-0.2939872741699219,-2.215055465698242,0.5385957360267639
1696965619128774400,25.0357744140625,0.39939212799072266,-2.249511957168579,0.20702171325683594
1696965619138788600,25.04578857421875,0.4029989242553711,-1.9889394044876099,0.33272165060043335
1696965619148802600,25.055802490234374,0.8415117263793945,-2.3648314476013184,0.5897720456123352
1696965619158816800,25.065816650390627,-0.6707649230957031,-1.861808180809021,-0.07069429755210876
1696965619168831000,25.0758310546875,0.1670684814453125,-1.8029263019561768,0.41953784227371216
1696965619178845000,25.085844970703125,0.061440467834472656,-1.9410693645477295,0.35776934027671814
1696965619188859100,25.095859130859374,0.5151891708374023,-2.1215672492980957,0.3445870876312256
1696965619198873300,25.105873291015627,-0.3796539306640625,-2.0457406044006348,-0.05364462360739708
1696965619208887300,25.11588720703125,1.3511085510253906,-1.7424724102020264,0.7797818779945374
1696965619218901500,25.125901611328125,-0.09063243865966797,-1.4715590476989746,0.4378281831741333
1696965619228915500,25.13591552734375,-0.056995391845703125,-2.0695369243621826,0.4481590986251831
1696965619238929700,25.1459296875,-0.08548736572265625,-1.5628089904785156,0.41191551089286804
1696965619248943900,25.15594384765625,0.6171169281005859,-2.073713779449463,1.245847225189209
1696965619258957800,25.165957763671877,0.5821456909179688,-1.6051146984100342,0.5753465294837952
1696965619268972000,25.175971923828126,-0.7143774032592773,-1.8880937099456787,0.5613136887550354
1696965619278986200,25.185986328125,0.8212728500366211,-1.8095486164093018,0.9302853941917419
1696965619289000200,25.196000244140624,-0.1747589111328125,-1.7481497526168823,0.8310898542404175
1696965619299014400,25.206014404296877,0.24608993530273438,-2.043348550796509,0.5277796983718872
1696965619309028600,25.216028564453126,-0.29451942443847656,-1.9761719703674316,0.8850924372673035
1696965619319042600,25.22604248046875,0.9055385589599609,-2.1554877758026123,0.9989912509918213
1696965619329056800,25.236056884765624,-0.6927928924560547,-2.213132381439209,0.6287091970443726
1696965619339070700,25.24607080078125,0.2502250671386719,-2.2200284004211426,0.5222676396369934
1696965619349085000,25.2560849609375,0.06342315673828125,-1.8340086936950684,0.5679531693458557
1696965619359099100,25.26609912109375,0.41670703887939453,-1.9800392389297485,1.2640752792358398
1696965619369113000,25.276113037109376,0.15300559997558594,-1.8287007808685303,0.7984963059425354
1696965619379127300,25.286127197265625,-0.21545028686523438,-1.7750787734985352,1.105048418045044
1696965619389141500,25.2961416015625,0.5927801132202148,-1.986114263534546,1.0917441844940186
1696965619399155500,25.306155517578127,-0.4411001205444336,-1.6210699081420898,1.5042860507965088
1696965619409169700,25.316169677734376,1.313821792602539,-2.443377733230591,0.5288442373275757
1696965619419183900,25.326183837890625,-1.3990602493286133,-2.299109935760498,0.7665277719497681
1696965619429197800,25.33619775390625,1.6532087326049805,-1.9903321266174316,1.1665360927581787
1696965619439212000,25.3462119140625,-1.0030708312988281,-1.776885986328125,0.7778275609016418
1696965619449226000,25.35622607421875,0.29433250427246094,-2.229276418685913,0.526821494102478
1696965619459240200,25.366240234375,-0.14588260650634766,-2.364096164703369,0.6078928709030151
1696965619469254400,25.37625439453125,-0.3034076690673828,-1.7015290260314941,0.9955590963363647
1696965619479268400,25.386268310546875,1.2984657287597656,-2.105512857437134,0.5638712048530579
1696965619489282600,25.396282470703124,-0.46819400787353516,-1.5698227882385254,0.3114858865737915
1696965619499296800,25.406296875,0.5606279373168945,-2.1796371936798096,0.8741624355316162
1696965619509310700,25.416310791015626,-0.8172359466552734,-1.1786527633666992,0.39833366870880127
1696965619519325000,25.426324951171875,0.6186561584472656,-2.128443956375122,0.2716626524925232
1696965619529339100,25.436339111328124,-0.7591447830200195,-1.946976661682129,0.07191570848226547
1696965619539353000,25.44635302734375,-0.04047107696533203,-1.5250462293624878,0.9818696975708008
1696965619549367300,25.4563671875,1.0206317901611328,-1.6224946975708008,0.4014143943786621
1696965619559381200,25.46638134765625,-1.2232294082641602,-2.024298667907715,0.1904294341802597
1696965619569395500,25.4763955078125,1.0116329193115234,-2.3826119899749756,0.10339730978012085
1696965619579409700,25.48640966796875,-0.6923027038574219,-0.9552862048149109,0.9154435396194458
1696965619589423600,25.496423583984374,1.459935188293457,-1.8751113414764404,0.7188764810562134
1696965619599437800,25.506437744140626,-0.9332170486450195,-2.2709920406341553,0.7181498408317566
1696965619609452000,25.5164521484375,1.181203842163086,-2.16243314743042,0.6658477783203125
1696965619619466000,25.526466064453125,-0.10248947143554688,-1.4928412437438965,1.0929323434829712
1696965619629480200,25.536480224609374,1.2499275207519531,-1.9545154571533203,0.44982290267944336
1696965619639494400,25.546494384765627,-0.23929977416992188,-2.285806179046631,0.5417020916938782
1696965619649508400,25.55650830078125,0.4873065948486328,-1.5205128192901611,0.7598592042922974
1696965619659522600,25.5665224609375,0.4814329147338867,-2.2973451614379883,0.6861383318901062
1696965619669536500,25.57653662109375,0.36518287658691406,-1.6328999996185303,0.38757383823394775
1696965619679550700,25.58655078125,0.22119712829589844,-2.4593183994293213,0.26047709584236145
1696965619689565000,25.59656494140625,0.000354766845703125,-1.744802474975586,1.1132575273513794
1696965619699579000,25.606578857421876,1.2622394561767578,-2.121628522872925,-0.015846431255340576
1696965619709593000,25.616593017578126,-0.4949913024902344,-2.290409803390503,0.07010328769683838
1696965619719607300,25.626607177734375,0.1324167251586914,-1.7937893867492676,0.39757978916168213
1696965619729621200,25.636621337890624,0.39951324462890625,-1.8203492164611816,0.8430449962615967
1696965619739635500,25.646635498046876,-0.2656574249267578,-1.831068515777588,0.2072983831167221
1696965619749649700,25.656649658203126,-0.3462553024291992,-2.7154698371887207,0.055477529764175415
1696965619759663600,25.66666357421875,0.14196300506591797,-1.4017219543457031,0.48700156807899475
1696965619769677800,25.676677734375,0.9110164642333984,-1.8384095430374146,0.5888664126396179
1696965619779691800,25.68669189453125,-0.5680093765258789,-1.7227481603622437,0.09794080257415771
1696965619789706000,25.6967060546875,-0.15075302124023438,-2.431551694869995,0.33681535720825195
1696965619799720200,25.70672021484375,0.08841514587402344,-1.194779634475708,0.9140287041664124
1696965619809734100,25.716734130859376,0.8241367340087891,-1.8851745128631592,0.4273126423358917
1696965619819748400,25.726748291015625,-0.4491100311279297,-2.2773265838623047,0.3683234453201294
1696965619829762600,25.736762451171874,0.21620845794677734,-1.625746250152588,0.5369277000427246
1696965619839776500,25.746776611328126,0.8034420013427734,-1.2968252897262573,0.9734785556793213
1696965619849790700,25.756790771484376,-0.3981466293334961,-1.8188556432724,0.5523213148117065
1696965619859804700,25.7668046875,-0.01970672607421875,-1.9571549892425537,-0.1666773557662964
1696965619869819000,25.77681884765625,-0.172576904296875,-1.9757293462753296,0.261761873960495
1696965619879833000,25.7868330078125,0.16220760345458984,-1.858884334564209,0.6516696214675903
1696965619889847000,25.796846923828124,-0.0819540023803711,-1.3753918409347534,0.03644566237926483
1696965619899861200,25.806861328125,-0.3876371383666992,-2.303210973739624,0.3467261791229248
1696965619909875500,25.81687548828125,0.3873929977416992,-1.6065568923950195,0.48274728655815125
1696965619919889400,25.826889404296875,0.3911752700805664,-2.1518094539642334,0.6494061946868896
1696965619929903600,25.836903564453124,0.5812597274780273,-1.852818489074707,0.7179527878761292
1696965619939917800,25.846917724609376,0.5272550582885742,-2.1065666675567627,0.3243335485458374
1696965619949931800,25.856931884765626,0.20091533660888672,-1.9327934980392456,0.7859041690826416
1696965619959946000,25.866946044921875,0.5205297470092773,-1.8029940128326416,0.2794331908226013
1696965619969960000,25.8769599609375,-0.2835569381713867,-2.1433160305023193,-0.14905428886413574
1696965619979974100,25.88697412109375,0.8210248947143555,-1.911684274673462,0.5908429622650146
1696965619989988400,25.89698828125,-0.012451171875,-1.7845633029937744,0.5168164372444153
1696965620000002300,25.907002197265626,0.5465993881225586,-2.026660203933716,0.569023847579956
1696965620010016500,25.9170166015625,0.6171131134033203,-2.072024345397949,0.06281699240207672
1696965620020030700,25.92703076171875,-0.144287109375,-2.463536262512207,0.25387901067733765
1696965620030044700,25.937044677734374,0.3339977264404297,-1.6588165760040283,0.9290200471878052
1696965620040059000,25.947058837890626,0.08945560455322266,-2.139075756072998,0.33307111263275146
1696965620050073000,25.957072998046876,0.3569755554199219,-2.349668502807617,0.37123221158981323
1696965620060087000,25.967087158203125,-0.07404041290283203,-2.004757881164551,0.5486682653427124
1696965620070101200,25.977101318359374,1.0157794952392578,-2.167811632156372,0.7105015516281128
1696965620080115200,25.987115234375,-0.649775505065918,-1.8912127017974854,-0.027675390243530273
1696965620090129400,25.99712939453125,0.11655902862548828,-2.590101480484009,0.2630190849304199
1696965620100143600,26.0071435546875,-0.3611726760864258,-1.920528769493103,0.2667776048183441
1696965620110157600,26.017157470703125,0.17249584197998047,-1.8887083530426025,0.03162515163421631
1696965620120171800,26.027171875,0.17443275451660156,-2.169471263885498,-0.27262377738952637
1696965620130186000,26.03718603515625,-0.6245603561401367,-2.1944127082824707,0.0708724707365036
1696965620140200000,26.047199951171876,0.5684051513671875,-1.8900032043457031,0.49630415439605713
1696965620150214100,26.057214111328125,0.2951202392578125,-1.4046841859817505,0.2731728255748749
1696965620160228400,26.067228271484375,0.7426233291625977,-2.4912636280059814,-0.04072102904319763
1696965620170242300,26.0772421875,-0.6453342437744141,-1.5997707843780518,0.22344830632209778
1696965620180256500,26.087256591796876,1.454361915588379,-1.6742280721664429,0.659715473651886
1696965620190270500,26.0972705078125,-0.006866455078125,-1.3668888807296753,0.5798105001449585
1696965620200284700,26.10728466796875,1.4556303024291992,-2.2931132316589355,0.2988453805446625
1696965620210299000,26.117298828125,-0.6028900146484375,-1.3839542865753174,0.4857642650604248
1696965620220312800,26.127312744140625,1.391465187072754,-1.6252975463867188,0.8815947771072388
1696965620230327000,26.1373271484375,0.37964630126953125,-1.631553292274475,0.6544287800788879
1696965620240341200,26.14734130859375,0.6798362731933594,-2.2076399326324463,0.4319705367088318
1696965620250355200,26.157355224609375,0.11424732208251953,-2.050583600997925,0.445178747177124
1696965620260369400,26.167369384765625,0.16176795959472656,-1.515137791633606,1.0265330076217651
1696965620270383600,26.177383544921874,1.2031078338623047,-2.111074924468994,0.4456019103527069
1696965620280397600,26.1873974609375,-1.136667251586914,-1.8932949304580688,0.4355618953704834
1696965620290411800,26.197411865234375,1.045283317565918,-1.5687285661697388,1.1127582788467407
1696965620300425700,26.20742578125,0.20161914825439453,-1.189012885093689,0.9515960216522217
1696965620310440000,26.21743994140625,0.30617618560791016,-2.0871713161468506,0.1560036838054657
1696965620320454100,26.2274541015625,-0.7506141662597656,-1.8881555795669556,0.39103519916534424
1696965620330468000,26.237468017578124,0.6227407455444336,-1.5447251796722412,0.7857601642608643
1696965620340482300,26.247482421875,0.1481161117553711,-1.802984356880188,0.19198539853096008
1696965620350496500,26.25749658203125,-1.1281909942626953,-1.8037455081939697,0.4383794367313385
1696965620360510500,26.267510498046875,-0.2316751480102539,-1.6593987941741943,0.3334442973136902
1696965620370524700,26.277524658203124,0.15602684020996094,-1.2870440483093262,0.9002044200897217
1696965620380539000,26.287538818359376,0.24166107177734375,-1.9801238775253296,0.23093512654304504
1696965620390552800,26.297552734375,-0.2702455520629883,-2.0819759368896484,0.13398122787475586
1696965620400567000,26.307567138671875,0.1510162353515625,-1.8879122734069824,0.43476197123527527
1696965620410581000,26.3175810546875,0.15539264678955078,-1.3686408996582031,0.40215158462524414
1696965620420595200,26.32759521484375,-0.284637451171875,-1.9454700946807861,0.34404614567756653
1696965620430609400,26.337609375,-0.36038684844970703,-2.0339202880859375,-0.16677138209342957
1696965620440623400,26.347623291015626,-0.3164529800415039,-1.560921311378479,0.5498954057693481
1696965620450637600,26.357637451171875,1.1466302871704102,-1.568172812461853,0.021862924098968506
1696965620460651800,26.36765185546875,-0.6291694641113281,-2.0635738372802734,-0.3522930145263672
1696965620470665700,26.377665771484374,-0.6753463745117188,-1.7915256023406982,-0.1709490418434143
1696965620480680000,26.387679931640626,0.9463825225830078,-1.5014734268188477,-0.2450823336839676
1696965620490694100,26.397694091796875,-1.0534582138061523,-1.8047291040420532,-0.04368419945240021
1696965620500708000,26.4077080078125,0.7555742263793945,-2.144303560256958,-0.39990466833114624
1696965620510722300,26.417722412109374,-0.7323513031005859,-2.022188186645508,-0.29145365953445435
1696965620520736300,26.427736328125,0.8130388259887695,-1.5092074871063232,0.19319584965705872
1696965620530750500,26.43775048828125,1.0978994369506836,-1.7038902044296265,0.07338172197341919
1696965620540764700,26.4477646484375,-0.19512557983398438,-2.5708720684051514,-0.1953984498977661
1696965620550778600,26.457778564453125,0.09221649169921875,-1.5804013013839722,0.2502939701080322
1696965620560792800,26.467792724609374,1.377486228942871,-1.4668707847595215,0.5094783306121826
1696965620570807000,26.47780712890625,0.39444541931152344,-1.97665536403656,-0.000933527946472168
1696965620580821000,26.487821044921876,0.19752788543701172,-1.8814349174499512,0.09459096193313599
1696965620590835200,26.497835205078125,0.9091253280639648,-1.3894978761672974,0.6670389175415039
1696965620600849200,26.50784912109375,0.7395343780517578,-1.6364308595657349,0.11356887221336365
1696965620610863400,26.51786328125,-0.241943359375,-1.9045186042785645,0.11578404903411865
1696965620620877600,26.527877685546876,0.3512535095214844,-1.9261629581451416,-0.09391698241233826
1696965620630891500,26.5378916015625,-0.4858865737915039,-1.2034435272216797,0.7593604326248169
1696965620640905700,26.54790576171875,1.8043699264526367,-1.4069814682006836,-0.19007667899131775
1696965620650920000,26.557919921875,-1.5308895111083984,-2.065765619277954,-0.03818972408771515
1696965620660934000,26.567933837890624,0.8384847640991211,-1.422676682472229,0.4074024558067322
1696965620670948000,26.577947998046874,0.3920631408691406,-1.8045953512191772,0.32656267285346985
1696965620680962300,26.58796240234375,-0.9565563201904297,-1.6173292398452759,-0.2538806200027466
1696965620690976300,26.597976318359375,0.7472848892211914,-1.7919886112213135,0.19187092781066895
1696965620700990500,26.607990478515624,-0.00005435943603515625,-1.41849946975708,0.5001212358474731
1696965620711004400,26.61800439453125,-0.29628562927246094,-1.6647520065307617,0.07163369655609131
1696965620721018600,26.6280185546875,0.37360477447509766,-1.6744322776794434,0.30245110392570496
1696965620731032800,26.63803271484375,-0.26284027099609375,-1.4751930236816406,0.3514001667499542
1696965620741046800,26.648046875,0.6505870819091797,-1.5331722497940063,0.35568827390670776
1696965620751061000,26.65806103515625,0.23325157165527344,-1.5146559476852417,0.40533533692359924
1696965620761075200,26.6680751953125,0.11320209503173828,-1.6790508031845093,0.2655829191207886
1696965620771089200,26.678089111328124,0.3327512741088867,-1.587968349456787,0.2792063355445862
1696965620781103400,26.688103271484376,-0.0026102066040039062,-1.3118005990982056,0.15908360481262207
1696965620791117600,26.69811767578125,0.5851764678955078,-1.5700993537902832,0.5037612915039062
1696965620801131500,26.708131591796874,-0.1426706314086914,-1.6007740497589111,0.02401047945022583
1696965620811145700,26.718145751953124,0.2686433792114258,-1.5722395181655884,0.1110532283782959
1696965620821159700,26.72815966796875,0.04340362548828125,-1.3138701915740967,0.3626149594783783
1696965620831174000,26.738173828125,0.8365325927734375,-2.1241679191589355,-0.06607203185558319
1696965620841188000,26.74818798828125,-1.588332176208496,-1.8849869966506958,-0.16205361485481262
1696965620851202000,26.7582021484375,1.1921463012695312,-1.5109333992004395,0.30921316146850586
1696965620861216300,26.76821630859375,0.5202226638793945,-1.7231639623641968,0.472128689289093
1696965620871230500,26.77823046875,-0.5897941589355469,-1.6808390617370605,-0.06929697096347809
1696965620881244400,26.788244384765626,0.7116575241088867,-1.8833926916122437,0.1477527618408203
1696965620891258600,26.798258544921875,-0.19806671142578125,-1.459199070930481,0.4561042785644531
1696965620901272800,26.80827294921875,1.5705938339233398,-1.5795238018035889,0.3181307315826416
1696965620911286800,26.818286865234374,-0.4690427780151367,-2.047394275665283,0.031036287546157837
1696965620921301000,26.828301025390626,0.24892139434814453,-1.9230308532714844,-0.3305988907814026
1696965620931315000,26.83831494140625,0.6785497665405273,-1.547810435295105,0.5259873867034912
1696965620941329200,26.8483291015625,0.2562093734741211,-1.3540914058685303,0.17849135398864746
1696965620951343400,26.85834326171875,-0.37511539459228516,-2.0511972904205322,-0.07970261573791504
1696965620961357300,26.868357421875,0.2900810241699219,-1.358989953994751,-0.16505378484725952
1696965620971371500,26.87837158203125,-0.059380531311035156,-1.3635822534561157,0.3951219618320465
1696965620981385700,26.8883857421875,0.6909875869750977,-1.28388512134552,-0.11486108601093292
1696965620991399700,26.898399658203125,-0.5674457550048828,-2.145775079727173,-0.4879764914512634
1696965621001414000,26.908413818359374,-0.5468635559082031,-1.557016134262085,-0.03408020734786987
1696965621011428000,26.918427978515624,0.6780033111572266,-1.0581879615783691,0.3122745752334595
1696965621021442000,26.928442138671876,-0.5088720321655273,-1.9369579553604126,-0.013972073793411255
1696965621031456300,26.938456298828125,-0.7559471130371094,-1.4309306144714355,-0.042429834604263306
1696965621041470200,26.94847021484375,0.37858104705810547,-1.7547272443771362,0.21481642127037048
1696965621051484400,26.958484375,-0.04284095764160156,-1.0368212461471558,0.6281696557998657
1696965621061498600,26.96849853515625,0.7409477233886719,-1.7357546091079712,-0.28481221199035645
1696965621071512600,26.9785126953125,-1.3300409317016602,-1.8019486665725708,0.21338996291160583
1696965621081526800,26.98852685546875,1.2060785293579102,-1.5591464042663574,0.12373042106628418
1696965621091541000,26.998541015625,0.2807493209838867,-1.1104100942611694,0.3616207242012024
1696965621101555000,27.008554931640624,0.17012691497802734,-2.122485399246216,0.1358770728111267
1696965621111569200,27.018569091796873,-0.35120582580566406,-1.8241081237792969,0.20273315906524658
1696965621121583400,27.028583251953126,0.6102943420410156,-1.3430405855178833,0.13370996713638306
1696965621131597300,27.038597412109375,-0.10334968566894531,-1.223031759262085,0.42674151062965393
1696965621141611500,27.048611572265624,0.8861579895019531,-1.957434058189392,-0.16728101670742035
1696965621151625500,27.05862548828125,-0.8077850341796875,-1.8757758140563965,-0.1341966837644577
1696965621161639700,27.0686396484375,1.7653427124023438,-1.5218234062194824,0.20984798669815063
1696965621171654000,27.07865380859375,-0.3036022186279297,-1.026126742362976,0.15222087502479553
1696965621181667800,27.088667724609376,1.0257015228271484,-2.176671266555786,-0.28311461210250854
1696965621191682000,27.09868212890625,-1.065155029296875,-1.5886167287826538,-0.10902270674705505
1696965621201696300,27.1086962890625,1.408207893371582,-1.2221956253051758,0.04960939288139343
1696965621211710200,27.118710205078123,-0.4255952835083008,-1.3831191062927246,0.14754819869995117
1696965621221724400,27.128724365234376,0.6697940826416016,-1.6823265552520752,-0.5493767261505127
1696965621231738400,27.13873828125,-0.6602773666381836,-1.657798171043396,-0.39574575424194336
1696965621241752600,27.148752685546874,0.5122261047363281,-0.6832261681556702,0.10226792097091675
1696965621251766800,27.158766845703123,1.0748653411865234,-1.0575675964355469,-0.17621372640132904
1696965621261780700,27.16878076171875,-0.504852294921875,-1.6687477827072144,-0.6170036196708679
1696965621271795000,27.178794921875,0.060413360595703125,-1.1887935400009155,-0.37466832995414734
1696965621281809200,27.18880908203125,0.16061019897460938,-0.9534651041030884,-0.12553592026233673
1696965621291823000,27.198822998046875,0.1028900146484375,-0.9051135778427124,-0.1361466944217682
1696965621301837300,27.20883740234375,0.05955219268798828,-1.4118640422821045,-0.5744162201881409
1696965621311851500,27.2188515625,-1.1447639465332031,-1.3479079008102417,-0.366909384727478
1696965621321865500,27.228865478515626,1.0419731140136719,-0.7765051126480103,-0.22446298599243164
1696965621331879700,27.238879638671875,-0.2556753158569336,-0.7674562931060791,-0.0686216652393341
1696965621341893600,27.2488935546875,0.38523006439208984,-1.392137885093689,-0.3904813528060913
1696965621351907800,27.258907958984373,-0.5810203552246094,-1.3241877555847168,-0.5259532928466797
1696965621361922000,27.268922119140626,0.2423563003540039,-0.7661193013191223,-0.374715119600296
1696965621371936000,27.27893603515625,-0.28395557403564453,-1.2390263080596924,-0.08716070652008057
1696965621381950200,27.2889501953125,0.6103181838989258,-1.1736059188842773,-0.5714718103408813
1696965621391964400,27.29896435546875,-1.2501392364501953,-1.6562782526016235,-0.47327250242233276
1696965621401978400,27.308978271484374,0.8221979141235352,-0.7943903207778931,-0.34459996223449707
1696965621411992600,27.31899267578125,0.07944393157958984,-1.0019985437393188,-0.284372478723526
1696965621422006800,27.3290068359375,-0.7045297622680664,-1.2552300691604614,-0.32033807039260864
1696965621432020700,27.339020751953125,0.8408937454223633,-1.4462660551071167,-0.5945892930030823
1696965621442035000,27.349034912109374,-0.0118255615234375,-0.7872729897499084,-0.41714900732040405
1696965621452049000,27.359048828125,0.3944520950317383,-1.197840929031372,-0.24566766619682312
1696965621462063000,27.36906298828125,0.2118539810180664,-1.1905639171600342,-0.2832115590572357
1696965621472077300,27.379077392578125,-0.20913314819335938,-1.5241682529449463,-0.5248437523841858
1696965621482091300,27.38909130859375,-0.084320068359375,-0.936750590801239,-0.15631726384162903
1696965621492105500,27.39910546875,1.3113508224487305,-0.8543980121612549,-0.017798036336898804
1696965621502119700,27.40911962890625,-0.2594270706176758,-1.2407951354980469,-0.1666773110628128
1696965621512133600,27.419133544921873,0.0040683746337890625,-1.2862800359725952,-0.6446179747581482
1696965621522147800,27.42914794921875,0.5393362045288086,-0.8635203838348389,-0.44359415769577026
1696965621532162000,27.439162109375,0.045731544494628906,-0.9007081985473633,-0.13657091557979584
1696965621542176000,27.449176025390624,0.5999479293823242,-1.1664639711380005,-0.2932506799697876
1696965621552190200,27.459190185546873,-0.6966409683227539,-1.3956151008605957,-0.8007116317749023
1696965621562204200,27.4692041015625,-0.17394542694091797,-0.9193637371063232,-0.47037237882614136
1696965621572218400,27.47921826171875,-0.03967475891113281,-0.468747079372406,-0.054535478353500366
1696965621582232600,27.489232666015624,0.2901268005371094,-0.9850282669067383,-0.3547945022583008
1696965621592246500,27.49924658203125,-0.14539051055908203,-0.9462617039680481,-0.77797532081604
1696965621602260700,27.5092607421875,-0.1497783660888672,-0.48694607615470886,-0.6342885494232178
1696965621612275000,27.51927490234375,0.16132736206054688,-0.5968506336212158,0.07137894630432129
1696965621622289000,27.529288818359376,0.45717334747314453,-0.6924737095832825,-0.38700640201568604
1696965621632303000,27.53930322265625,-0.5761117935180664,-1.1152263879776,-0.5200616717338562
1696965621642317300,27.5493173828125,-0.2401123046875,-0.18048350512981415,-0.27581822872161865
1696965621652331300,27.559331298828123,1.2228641510009766,-0.20163922011852264,0.09620696306228638
1696965621662345500,27.569345458984376,-0.13268089294433594,-0.6335262060165405,-0.16215190291404724
1696965621672359400,27.579359375,-0.47642040252685547,-1.0315005779266357,-0.47411078214645386
1696965621682373600,27.58937353515625,-0.08812332153320312,-0.1888420581817627,-0.1390809714794159
1696965621692387800,27.599387939453123,0.5476503372192383,-0.352623850107193,0.06733742356300354
1696965621702401800,27.60940185546875,-0.3044242858886719,-0.7319971323013306,-0.32465672492980957
1696965621712416000,27.619416015625,-0.561741828918457,-0.8173125982284546,-0.6394119262695312
1696965621722430200,27.62943017578125,0.47192955017089844,-0.1531655192375183,-0.35228195786476135
1696965621732444200,27.639444091796875,0.4133577346801758,0.02331964671611786,0.012691766023635864
1696965621742458400,27.649458251953124,-0.4526824951171875,-0.8214864730834961,-0.4091980457305908
1696965621752472600,27.65947265625,-0.8051719665527344,-0.3419158458709717,-0.45674389600753784
1696965621762486500,27.669486572265626,0.5349826812744141,0.029938876628875732,-0.02223581075668335
1696965621772500700,27.679500732421875,0.676966667175293,-0.01407817006111145,-0.07863131165504456
1696965621782514700,27.6895146484375,-0.29482364654541016,-0.5628071427345276,-0.6928122043609619
1696965621792529000,27.69952880859375,-0.8675022125244141,-0.3182661831378937,-0.40149128437042236
1696965621802543000,27.709543212890626,0.9363775253295898,0.4222358167171478,0.19069457054138184
1696965621812557000,27.71955712890625,0.6950359344482422,-0.012074336409568787,-0.1920355260372162
1696965621822571300,27.7295712890625,-1.0700654983520508,-0.5304639339447021,-0.5530603528022766
1696965621832585500,27.73958544921875,0.28986072540283203,0.1818937063217163,-0.3280443251132965
1696965621842599400,27.749599365234374,0.8960704803466797,0.5714171528816223,0.16413208842277527
1696965621852613600,27.759613525390623,-0.22925853729248047,-0.35623899102211,-0.24803073704242706
1696965621862627800,27.7696279296875,-0.7161369323730469,-0.2372322380542755,-0.6447175145149231
1696965621872641800,27.779641845703125,0.3992338180541992,0.43062710762023926,0.1522243618965149
1696965621882656000,27.789656005859374,0.9381446838378906,0.6245180368423462,-0.02704748511314392
1696965621892670000,27.799669921875,0.061285972595214844,0.1875869482755661,-0.42181435227394104
1696965621902684200,27.80968408203125,-1.3582267761230469,0.13827933371067047,-0.5070991516113281
1696965621912698400,27.819698486328125,1.1493444442749023,0.728513240814209,0.11022946238517761
1696965621922712300,27.82971240234375,0.45345497131347656,0.6327067017555237,-0.2143881767988205
1696965621932726500,27.8397265625,-0.8953084945678711,0.24481123685836792,-0.5603439807891846
1696965621942740700,27.84974072265625,-0.4581575393676758,0.806001603603363,-0.2639971077442169
1696965621952754700,27.859754638671873,0.7616128921508789,0.9928991794586182,0.1903674602508545
1696965621962769000,27.869768798828126,0.5398550033569336,0.8522598743438721,-0.24570314586162567
1696965621972782800,27.879782958984375,-1.3538932800292969,0.5401530265808105,-0.692647397518158
1696965621982797000,27.889797119140624,-0.03622913360595703,1.1533669233322144,0.13857132196426392
1696965621992811300,27.899811279296873,0.7380237579345703,1.3188879489898682,0.056928932666778564
1696965622002825200,27.9098251953125,-0.48717498779296875,0.6850771307945251,-0.37121063470840454
1696965622012839400,27.91983935546875,-1.0163326263427734,0.5465682148933411,-0.4449383616447449
1696965622022853600,27.929853515625,0.2957134246826172,1.283454418182373,0.1800931990146637
1696965622032867600,27.93986767578125,0.4192485809326172,1.1953359842300415,0.035101473331451416
1696965622042881800,27.9498818359375,-0.6044063568115234,0.6578054428100586,-0.41726160049438477
1696965622052896000,27.95989599609375,-0.5119657516479492,0.9496328234672546,-0.22873304784297943
1696965622062910000,27.969909912109376,0.14887523651123047,1.202679991722107,0.16661518812179565
1696965622072924200,27.979924072265625,0.4305295944213867,1.1242802143096924,-0.06527134776115417
1696965622082938400,27.9899384765625,-0.9467477798461914,0.6350914239883423,-0.34146934747695923
1696965622092952600,27.99995263671875,-0.20827388763427734,1.137829065322876,-0.00982743501663208
1696965622102966800,28.009966796875,0.5091705322265625,1.338089108467102,0.39436057209968567
1696965622112980700,28.019980712890625,0.13048934936523438,0.8574421405792236,-0.13093876838684082
1696965622122995000,28.029994873046874,-1.293787956237793,0.7761220932006836,-0.22118313610553741
1696965622133009200,28.040009033203123,0.22453594207763672,1.4322059154510498,0.11497753858566284
1696965622143023400,28.0500234375,0.39614200592041016,1.3353735208511353,0.5800766944885254
1696965622153037600,28.06003759765625,-0.08741283416748047,0.7598201632499695,-0.08827674388885498
1696965622163051800,28.0700517578125,-1.0858144760131836,0.9180448651313782,-0.18315409123897552
1696965622173065700,28.080065673828123,0.5466184616088867,1.2542446851730347,0.23110055923461914
1696965622183080000,28.090079833984376,0.5119028091430664,1.243395447731018,0.15655827522277832
1696965622193094100,28.10009423828125,-0.7700004577636719,0.515833854675293,-0.12890154123306274
1696965622203108400,28.1101083984375,-0.686701774597168,1.1013091802597046,-0.236607164144516
1696965622213122600,28.12012255859375,0.724888801574707,1.2789753675460815,0.36929595470428467
1696965622223136800,28.13013671875,-0.0032529830932617188,0.7906473278999329,-0.058459341526031494
1696965622233150700,28.140150634765625,-0.7295246124267578,0.6723776459693909,-0.4528413712978363
1696965622243165000,28.1501650390625,-0.12065410614013672,0.9806709885597229,-0.03847774863243103
1696965622253179100,28.16017919921875,0.7303476333618164,1.3072867393493652,0.23795002698898315
1696965622263193300,28.170193359375,-0.050354957580566406,0.680292010307312,-0.20420296490192413
1696965622273207600,28.18020751953125,-0.7478456497192383,0.6347044706344604,-0.3351356089115143
1696965622283221800,28.1902216796875,0.3198204040527344,1.1248798370361328,0.19917476177215576
1696965622293235700,28.200235595703123,0.6105270385742188,1.2027101516723633,0.17034175992012024
1696965622303250000,28.21025,-0.18897438049316406,0.40413713455200195,-0.2910449504852295
1696965622313264000,28.22026416015625,-0.5277261734008789,0.8947852253913879,-0.19648998975753784
1696965622323278300,28.2302783203125,0.047104835510253906,0.8770831823348999,0.15228083729743958
1696965622333292500,28.24029248046875,0.501002311706543,0.9894979000091553,0.15163758397102356
1696965622343306800,28.250306640625,-0.14531421661376953,0.43443620204925537,-0.39994990825653076
1696965622353321000,28.260321044921874,-0.6705036163330078,0.829190731048584,0.004491060972213745
1696965622363335000,28.2703349609375,0.31563377380371094,1.0367553234100342,0.18636849522590637
1696965622373349000,28.28034912109375,0.41530704498291016,0.6544079780578613,0.016832053661346436
1696965622383363300,28.29036328125,-0.8568267822265625,0.2970314025878906,-0.3914346694946289
1696965622393377500,28.30037744140625,-0.13770389556884766,1.0454111099243164,0.218622088432312
1696965622403391500,28.3103916015625,0.6177024841308594,0.9558746814727783,0.2950761616230011
1696965622413405700,28.32040576171875,0.08107948303222656,0.49139565229415894,-0.09079962968826294
1696965622423420000,28.330419921875,-0.8413457870483398,0.5166841745376587,-0.26468992233276367
1696965622433433900,28.340433837890625,-0.07447624206542969,0.9205764532089233,0.40254735946655273
1696965622443448000,28.350447998046874,0.8384933471679688,0.9454533457756042,0.32545045018196106
1696965622453462000,28.3604619140625,-0.2960691452026367,0.3284299373626709,0.0402185320854187
1696965622463476200,28.370476318359376,-0.4194650650024414,0.5162270069122314,-0.09551078081130981
1696965622473490400,28.380490478515625,-0.15547466278076172,0.9820574522018433,0.5529751777648926
1696965622483504400,28.39050439453125,0.4709749221801758,0.6477615237236023,0.26506802439689636
1696965622493518600,28.4005185546875,-0.6483354568481445,0.42390915751457214,-0.14421400427818298
1696965622503532800,28.41053271484375,-0.517547607421875,0.7167359590530396,-0.30841878056526184
1696965622513546800,28.420546630859373,-0.34859275817871094,0.7790107727050781,0.4618719220161438
1696965622523561000,28.43056103515625,0.19901275634765625,0.6659791469573975,0.2421545386314392
1696965622533575200,28.4405751953125,-0.9205741882324219,0.34106165170669556,-0.16655761003494263
1696965622543589000,28.450589111328124,-1.0375776290893555,0.765227198600769,0.13649916648864746
1696965622553603300,28.460603271484374,0.5517663955688477,0.8772329092025757,0.44454050064086914
1696965622563617300,28.4706171875,-0.7349910736083984,0.5347198843955994,-0.008661389350891113
1696965622573631500,28.480631591796875,-0.30762767791748047,0.3943063020706177,-0.20339620113372803
1696965622583645700,28.490645751953124,-0.7605695724487305,0.7601652145385742,0.05479556322097778
1696965622593659600,28.50065966796875,-0.16592884063720703,1.0075799226760864,0.5534057021141052
1696965622603673900,28.510673828125,0.18825149536132812,0.7611644864082336,0.10060441493988037
1696965622613688000,28.52068798828125,-0.3662910461425781,0.4571913480758667,-0.1675148606300354
1696965622623702000,28.530701904296876,-0.13387298583984375,0.6384527683258057,-0.04572957754135132
1696965622633716200,28.54071630859375,0.5374917984008789,0.8585414290428162,0.4091752767562866
1696965622643730400,28.55073046875,0.24126911163330078,0.5991028547286987,0.10830289125442505
1696965622653744400,28.560744384765623,-0.5210580825805664,0.3522847890853882,-0.1035611629486084
1696965622663758600,28.570758544921876,0.4157857894897461,0.8842372298240662,-0.08930206298828125
1696965622673772500,28.5807724609375,0.6586160659790039,0.7318690419197083,0.28353387117385864
1696965622683786800,28.590786865234374,0.3037557601928711,0.20033395290374756,-0.1734270453453064
1696965622693801000,28.600801025390624,-0.7328691482543945,-0.12999707460403442,-0.3846716284751892
1696965622703815000,28.61081494140625,0.05200481414794922,0.701992392539978,0.03532224893569946
1696965622713829000,28.6208291015625,0.7672243118286133,0.5193701982498169,-0.006960809230804443
1696965622723843300,28.63084326171875,-0.36194801330566406,0.00962325930595398,-0.4844275712966919
1696965622733857300,28.640857177734375,-0.5111932754516602,0.045392006635665894,-0.4788528084754944
1696965622743871500,28.65087158203125,-0.0691213607788086,0.6658674478530884,0.12537729740142822
1696965622753885700,28.6608857421875,0.32784271240234375,0.36600664258003235,0.10848182439804077
1696965622763899600,28.670899658203126,-0.3557577133178711,0.35289716720581055,-0.37260711193084717
1696965622773913900,28.680913818359375,-0.057494163513183594,0.2931327223777771,-0.3507915139198303
1696965622783927800,28.690927734375,-0.5509357452392578,0.49376970529556274,-0.00014865398406982422
1696965622793942000,28.70094189453125,0.7350692749023438,0.5647554397583008,0.4930163621902466
1696965622803956200,28.710956298828126,-0.2237720489501953,0.2968517243862152,-0.17830687761306763
1696965622813970200,28.72097021484375,-0.8039608001708984,0.45068779587745667,-0.07071906328201294
1696965622823984400,28.730984375,0.43456268310546875,0.6957274675369263,0.5587863326072693
1696965622833998600,28.74099853515625,0.2059917449951172,0.44643476605415344,0.4267811179161072
1696965622844012500,28.751012451171874,0.061461448669433594,0.22873693704605103,-0.3832693099975586
1696965622854026800,28.76102685546875,-0.7071828842163086,0.3451789617538452,0.1331532597541809
1696965622864041000,28.771041015625,0.6425800323486328,0.5878520011901855,0.3905524015426636
1696965622874055000,28.781054931640625,0.024311065673828125,0.25054487586021423,0.3027579188346863
1696965622884069000,28.791069091796874,-0.4941873550415039,-0.1516072154045105,-0.48489654064178467
1696965622894083000,28.8010830078125,-0.659977912902832,0.31570911407470703,0.08957213163375854
1696965622904097300,28.81109716796875,0.33563899993896484,0.5261125564575195,0.046513378620147705
1696965622914111500,28.821111572265625,0.061745643615722656,0.035240232944488525,0.057131290435791016
1696965622924125400,28.83112548828125,-0.22648906707763672,-0.09452909231185913,-0.22788822650909424
1696965622934139600,28.8411396484375,-0.5192337036132812,0.42430976033210754,0.026341140270233154
1696965622944153900,28.85115380859375,0.4223203659057617,0.22769561409950256,0.5951179265975952
1696965622954167800,28.861167724609373,0.21756362915039062,0.33048015832901,0.061163246631622314
1696965622964182000,28.87118212890625,-1.0953950881958008,-0.2471432387828827,-0.000582277774810791
1696965622974196200,28.8811962890625,0.36916542053222656,0.5723496675491333,0.27252328395843506
1696965622984210200,28.891210205078124,0.6883230209350586,0.30584365129470825,0.30842626094818115
1696965622994224400,28.901224365234373,0.1257648468017578,-0.08700740337371826,0.06702423095703125
1696965623004238300,28.91123828125,-0.8229846954345703,-0.2197447419166565,-0.22884732484817505
1696965623014252500,28.92125244140625,0.3827323913574219,0.42378053069114685,0.2405693531036377
1696965623024266800,28.931266845703124,-0.005097389221191406,0.014353573322296143,0.1179283857345581
1696965623034280700,28.94128076171875,0.4992036819458008,-0.3977641463279724,-0.38386332988739014
1696965623044295000,28.951294921875,-0.46974754333496094,-0.1914568841457367,-0.41505447030067444
1696965623054309000,28.96130908203125,0.3861818313598633,-0.02484053373336792,-0.055274784564971924
1696965623064323000,28.971322998046876,0.9264459609985352,-0.0970005989074707,-0.25881850719451904
1696965623074337300,28.981337158203125,0.07752227783203125,-0.6222251653671265,-0.6297528147697449
1696965623084351500,28.9913515625,-0.20139598846435547,0.03205764293670654,-0.1946743130683899
1696965623094365400,29.001365478515623,1.036454200744629,-0.2723608911037445,0.07600933313369751
1696965623104379600,29.011379638671876,0.619044303894043,-0.20967796444892883,-0.10212665796279907
1696965623114393600,29.0213935546875,0.09084415435791016,-0.6098045706748962,-0.32013797760009766
1696965623124407800,29.03140771484375,-0.3773536682128906,0.15830695629119873,-0.06027489900588989
1696965623134422000,29.041422119140623,0.7850399017333984,0.11278548836708069,0.17790037393569946
1696965623144436000,29.05143603515625,0.3199272155761719,-0.44680970907211304,0.06950902938842773
1696965623154450200,29.0614501953125,-1.0998830795288086,-0.22839981317520142,-0.627156138420105
1696965623164464400,29.07146435546875,0.37996768951416016,0.35245537757873535,0.2639143466949463
1696965623174478300,29.081478271484375,-0.007831573486328125,-0.14803433418273926,0.35691577196121216
1696965623184492500,29.091492431640624,-0.3371715545654297,-0.6104105114936829,-0.1297227144241333
1696965623194506500,29.101506591796873,-1.5497655868530273,-0.07125374674797058,0.08090800046920776
1696965623204520700,29.111520751953126,0.2511587142944336,0.31057262420654297,0.7239983677864075
1696965623214535000,29.121534912109375,0.04526042938232422,0.17754265666007996,0.37709587812423706
1696965623224549000,29.131549072265624,-1.1684274673461914,-0.575695812702179,-0.1424398422241211
1696965623234563300,29.141563232421873,-1.0123348236083984,-0.21230468153953552,0.12276941537857056
1696965623244577300,29.151577392578126,0.7919368743896484,0.11709564924240112,0.2702886462211609
1696965623254591500,29.161591552734375,-0.28017520904541016,-0.35484421253204346,0.2762378454208374
1696965623264605700,29.171605712890624,-1.3020343780517578,-0.5746954083442688,-0.012649178504943848
1696965623274620000,29.181619873046873,0.3644723892211914,0.11419197916984558,-0.3156614899635315
1696965623284634000,29.191634033203126,-0.008924484252929688,-0.19860896468162537,0.22245502471923828
1696965623294648300,29.2016484375,0.2922630310058594,-0.7111574411392212,-0.5523548126220703
1696965623304662500,29.21166259765625,-0.9982881546020508,-0.6207655668258667,-0.2939850687980652
1696965623314676500,29.221676513671873,0.8966703414916992,-0.28459689021110535,0.017523527145385742
1696965623324690700,29.231690673828126,0.1827840805053711,-0.36809977889060974,0.1998152732849121
1696965623334705000,29.241704833984375,-0.07568359375,-0.8608168959617615,-0.3930208384990692
1696965623344719000,29.251718994140624,-0.6723470687866211,-0.5078588128089905,-0.43581002950668335
1696965623354733300,29.2617333984375,0.5815315246582031,-0.11487188935279846,0.2138010859489441
1696965623364747500,29.27174755859375,0.8240528106689453,-0.6099351644515991,-0.06043654680252075
1696965623374761500,29.281761474609375,-0.7641773223876953,-0.7069593667984009,-0.6238011717796326
1696965623384775700,29.291775634765624,0.32757091522216797,-0.22340962290763855,-0.22349107265472412
1696965623394790000,29.301789794921874,0.4800701141357422,-0.2739630341529846,0.10839760303497314
1696965623404804000,29.31180419921875,0.8518228530883789,-0.33249688148498535,0.06849247217178345
1696965623414818300,29.321818359375,-1.233311653137207,-0.8621295690536499,-0.4581069350242615
1696965623424832500,29.33183251953125,0.6289243698120117,0.08638417720794678,0.18626892566680908
1696965623434846500,29.341846435546874,0.8571414947509766,-0.2907126843929291,0.08758968114852905
1696965623444860700,29.351860595703126,0.3009052276611328,-0.7281337976455688,-0.31544893980026245
1696965623454875000,29.361875,-0.2059326171875,-0.5190884470939636,-0.027781248092651367
1696965623464889000,29.37188916015625,0.6739826202392578,-0.171482115983963,-0.24182194471359253
1696965623474903300,29.3819033203125,0.4384422302246094,-0.5323610901832581,0.2917388081550598
1696965623484917500,29.39191748046875,-0.37013912200927734,-0.9411697387695312,-0.4443090558052063
1696965623494931500,29.401931396484375,-0.2925395965576172,-0.7018937468528748,-0.5115602612495422
1696965623504945700,29.411945556640624,0.7071599960327148,-0.27237141132354736,-0.11413681507110596
1696965623514960000,29.4219599609375,0.41392040252685547,-0.6660251617431641,-0.27037274837493896
1696965623524974000,29.43197412109375,-0.14123058319091797,-1.2033717632293701,-0.8772604465484619
1696965623534988300,29.44198828125,-0.3556957244873047,-0.7011707425117493,-0.5610264539718628
1696965623545002500,29.45200244140625,0.6727113723754883,-0.43825647234916687,-0.1287650465965271
1696965623555016400,29.462016357421874,-0.09330272674560547,-0.9713780283927917,-0.36408382654190063
1696965623565030700,29.47203076171875,-0.2745361328125,-0.908753514289856,-0.7124857902526855
1696965623575044900,29.482044921875,-0.26862144470214844,-0.4745748043060303,-0.43286368250846863
1696965623585059000,29.49205908203125,0.9314584732055664,-0.2489493191242218,-0.22450929880142212
1696965623595073300,29.5020732421875,0.27512645721435547,-0.989987850189209,-0.4495827555656433
1696965623605087500,29.51208740234375,-1.3885278701782227,-0.8210265636444092,-0.5259965658187866
1696965623615101700,29.522101806640624,0.512660026550293,-0.4201042056083679,-0.3046073913574219
1696965623625115600,29.53211572265625,0.3490161895751953,-0.5113036632537842,0.14952731132507324
1696965623635129900,29.5421298828125,-0.2869424819946289,-1.1020989418029785,-0.8010901212692261
1696965623645143800,29.552143798828126,-0.6252384185791016,-0.4500944912433624,-0.3630114793777466
1696965623655158000,29.562157958984375,1.3742456436157227,-0.4563434422016144,0.06090062856674194
1696965623665172200,29.572172119140625,0.1380634307861328,-0.7499812841415405,-0.40353548526763916
1696965623675186200,29.582186279296874,-0.7267961502075195,-1.0954272747039795,-0.6552364826202393
1696965623685200400,29.592200439453126,0.2644004821777344,-0.6450176239013672,-0.24324780702590942
1696965623695214600,29.602214599609376,1.0573482513427734,-0.29302293062210083,-0.4641387462615967
1696965623705228500,29.612228515625,0.24251937866210938,-0.9644985198974609,-0.12937873601913452
1696965623715242800,29.62224267578125,-0.17829227447509766,-1.1291568279266357,-1.014434576034546
1696965623725256700,29.632256591796875,-1.137899398803711,-0.36003440618515015,-0.31421881914138794
1696965623735271000,29.64227099609375,1.149271011352539,-0.3710198998451233,-0.1727079153060913
1696965623745285000,29.65228515625,-0.5733137130737305,-0.7918399572372437,-0.41176724433898926
1696965623755299000,29.662299072265625,-0.15122127532958984,-1.122424602508545,-1.0504692792892456
1696965623765313300,29.672313232421875,-0.5944347381591797,-0.2877894341945648,-0.07641351222991943
1696965623775327500,29.682327392578124,0.7546834945678711,-0.4140937626361847,0.002933800220489502
1696965623785341400,29.692341552734376,-1.2153310775756836,-0.7344703078269958,-0.6391167640686035
1696965623795355600,29.702355712890625,-0.13210487365722656,-0.5574916005134583,-0.6476565599441528
1696965623805369900,29.712369873046875,-0.1262664794921875,-0.3170771598815918,-0.3559888005256653
1696965623815383800,29.7223837890625,-0.26915454864501953,-0.5576926469802856,-0.10692209005355835
1696965623825398000,29.73239794921875,0.19554519653320312,-0.4742874801158905,-0.29142874479293823
1696965623835412000,29.742411865234374,-1.0947933197021484,-0.539322018623352,-0.7287738919258118
1696965623845426200,29.75242626953125,0.05042076110839844,-0.2765030860900879,-0.16600215435028076
1696965623855440400,29.7624404296875,0.4758882522583008,-0.18340829014778137,-0.3052451014518738
1696965623865454300,29.772454345703125,-0.20354652404785156,-0.716877818107605,-0.6077922582626343
1696965623875468500,29.782468505859374,-0.7378711700439453,-0.7842733263969421,-0.6243312358856201
1696965623885482800,29.792482666015626,0.6310806274414062,-0.01571601629257202,-0.13257205486297607
1696965623895496700,29.80249658203125,0.15657901763916016,-0.33858567476272583,-0.41943562030792236
1696965623905511000,29.812510986328125,-0.05368995666503906,-0.728159487247467,-0.7077937126159668
1696965623915525000,29.822525146484374,-0.3160867691040039,-0.6620909571647644,-0.8132274746894836
1696965623925539000,29.8325390625,-0.1285266876220703,-0.4100179672241211,-0.3744281530380249
1696965623935553300,29.84255322265625,1.305434226989746,-0.310060054063797,-0.6058254241943359
1696965623945567200,29.852567138671876,-0.4844532012939453,-1.0456972122192383,-0.8103653788566589
1696965623955581400,29.86258154296875,-0.04834556579589844,-0.6568105220794678,-0.8794965147972107
1696965623965595600,29.872595703125,0.4254770278930664,-0.26734521985054016,-0.3895754814147949
1696965623975609600,29.882609619140624,-0.26377296447753906,-0.8132572174072266,-0.41090571880340576
1696965623985623800,29.892623779296876,0.32515716552734375,-0.7612277865409851,-0.4903351664543152
1696965623995638000,29.902637939453125,-0.631129264831543,-0.6769142746925354,-0.8106842637062073
1696965624005652000,29.91265185546875,0.14019393920898438,-0.237184077501297,-0.305134117603302
1696965624015666200,29.922666259765624,0.8712043762207031,-0.4162134528160095,-0.4573974609375
1696965624025680400,29.932680419921876,-0.27741336822509766,-0.8726707696914673,-0.6896452307701111
1696965624035694300,29.9426943359375,-0.5869731903076172,-0.4424004852771759,-0.7629872560501099
1696965624045708500,29.95270849609375,0.7768478393554688,-0.07556957006454468,0.06295353174209595
1696965624055722500,29.962722412109375,0.4789762496948242,-0.5281661748886108,-0.025182902812957764
1696965624065736700,29.97273681640625,-0.14788150787353516,-0.8451661467552185,-0.5869707465171814
1696965624075751000,29.9827509765625,-0.6869382858276367,-0.4879395365715027,-0.4950590431690216
1696965624085764900,29.992764892578126,1.064021110534668,-0.39750364422798157,0.16519486904144287
1696965624095779000,30.002779052734375,1.0091495513916016,-0.44832029938697815,-0.21415972709655762
1696965624105793300,30.012793212890625,-0.006167411804199219,-1.062264323234558,-0.7172626256942749
1696965624115807200,30.02280712890625,-0.4118356704711914,-0.5893170833587646,-0.07488155364990234
1696965624125821400,30.032821533203126,1.3812828063964844,-0.36653953790664673,-0.1720339059829712
1696965624135835600,30.042835693359375,-0.4042654037475586,-0.9239001274108887,-0.24614167213439941
1696965624145849600,30.052849609375,0.4664478302001953,-1.1241044998168945,-0.6589285731315613
1696965624155863800,30.06286376953125,0.16004562377929688,-0.6239932179450989,-0.33666765689849854
1696965624165877800,30.072877685546874,0.29822444915771484,-0.5349029302597046,-0.3521389961242676
1696965624175892000,30.08289208984375,0.4267539978027344,-0.42659613490104675,-0.19908583164215088
1696965624185906200,30.09290625,-0.1332073211669922,-1.3188905715942383,-0.6330042481422424
1696965624195920100,30.102920166015625,-0.3715181350708008,-0.6442252397537231,-0.6142501831054688
1696965624205934300,30.112934326171874,0.8148126602172852,-0.49882662296295166,-0.2439415454864502
1696965624215948500,30.122948486328124,0.014935493469238281,-0.634490966796875,-0.14364027976989746
1696965624225962500,30.13296240234375,0.19676494598388672,-0.9813249111175537,-0.7787283062934875
1696965624235976700,30.142976806640625,-0.5822181701660156,-0.462253212928772,-0.44973182678222656
1696965624245991000,30.152990966796875,-0.1743326187133789,-0.3829221725463867,0.08160507678985596
1696965624256004900,30.1630048828125,1.2024965286254883,-0.284800261259079,-0.2797238230705261
1696965624266019000,30.17301904296875,-0.43910884857177734,-1.2459373474121094,-0.8359697461128235
1696965624276033300,30.183033203125,-0.7101936340332031,-0.4181225597858429,-0.5387011766433716
1696965624286047500,30.193047607421875,1.0791702270507812,-0.2304280698299408,0.12752187252044678
1696965624296061700,30.203061767578124,-0.12766551971435547,-0.6354721784591675,-0.48784396052360535
1696965624306076000,30.213075927734376,-0.6622762680053711,-1.0865148305892944,-0.6503155827522278
1696965624316089900,30.22308984375,-0.1490478515625,-0.4180415868759155,-0.5005925893783569
1696965624326104000,30.23310400390625,0.3293952941894531,-0.3200540244579315,-0.054192960262298584
1696965624336118300,30.2431181640625,0.6535701751708984,-0.7337777614593506,-0.6439355611801147
1696965624346132500,30.253132568359376,-1.2114439010620117,-1.032240629196167,-0.5678978562355042
1696965624356146700,30.263146728515625,0.18704700469970703,-0.35326212644577026,-0.5024032592773438
1696965624366161000,30.273160888671875,0.05312061309814453,-0.11785560846328735,-0.18171072006225586
1696965624376174800,30.2831748046875,0.16752147674560547,-0.6450674533843994,-0.5598019361495972
1696965624386189000,30.29318896484375,0.2057819366455078,-0.7864183187484741,-0.7898283004760742
1696965624396203300,30.303203369140626,-0.57830810546875,-0.2997002899646759,-0.49148404598236084
1696965624406217500,30.313217529296875,0.7948627471923828,-0.15404844284057617,-0.016302645206451416
1696965624416231700,30.323231689453124,0.5349664688110352,-0.377053439617157,-0.22538012266159058
1696965624426246000,30.333245849609376,-0.6272783279418945,-0.8010227084159851,-0.7660094499588013
1696965624436259800,30.343259765625,-0.1858654022216797,-0.11799436807632446,-0.2911953330039978
1696965624446274000,30.353274169921875,0.9856033325195312,-0.05476027727127075,-0.15983766317367554
1696965624456288300,30.363288330078124,0.42885780334472656,-0.5503021478652954,-0.3293420672416687
1696965624466302500,30.373302490234376,-0.16444110870361328,-0.878957211971283,-0.8544151186943054
1696965624476316700,30.383316650390626,-0.6703710556030273,-0.1579074263572693,-0.13592708110809326
1696965624486331000,30.393330810546875,0.674290657043457,-0.19087231159210205,-0.2614097595214844
1696965624496344800,30.4033447265625,-0.29256629943847656,-0.34153667092323303,-0.3655087947845459
1696965624506359000,30.413359130859376,0.2913484573364258,-0.9138944149017334,-1.031313180923462
1696965624516373200,30.423373291015626,-0.9609870910644531,-0.15998858213424683,-0.3629903793334961
1696965624526387500,30.433387451171875,0.9242868423461914,-0.019915521144866943,-0.25267690420150757
1696965624536401700,30.443401611328124,-0.7549533843994141,-0.5217200517654419,-0.3018391728401184
1696965624546415900,30.453415771484377,-0.179473876953125,-0.6333621740341187,-0.8110041618347168
1696965624556430000,30.46343017578125,-0.5798768997192383,-0.03421562910079956,-0.511393666267395
1696965624566444000,30.473444091796875,0.26275634765625,-0.1228865385055542,-0.10232603549957275
1696965624576458200,30.483458251953124,0.4584331512451172,-0.18434137105941772,-0.3468238115310669
1696965624586472400,30.493472412109377,-0.5984477996826172,-0.5610266923904419,-0.5528115034103394
1696965624596486700,30.503486572265626,-0.06134796142578125,0.17320173978805542,-0.37636905908584595
1696965624606500900,30.5135009765625,0.15899085998535156,-0.1279524564743042,0.12600678205490112
1696965624616515000,30.52351513671875,0.15870094299316406,-0.41714292764663696,-0.3078445792198181
1696965624626529000,30.533529052734377,-0.4098653793334961,-0.44482046365737915,-0.5866008996963501
1696965624636543200,30.543543212890626,-0.1649303436279297,-0.006251275539398193,-0.31297528743743896
1696965624646557200,30.55355712890625,0.2754802703857422,-0.053367793560028076,0.04114413261413574
1696965624656571400,30.5635712890625,0.8004426956176758,-0.16551262140274048,-0.47689634561538696
1696965624666585600,30.573585693359377,-0.9834432601928711,-0.6624574661254883,-0.5704978704452515
1696965624676599600,30.583599609375,-0.020465850830078125,-0.11238116025924683,-0.4093688130378723
1696965624686613800,30.59361376953125,0.30982112884521484,-0.049618661403656006,-0.018524885177612305
1696965624696628000,30.6036279296875,0.2420186996459961,-0.3761758506298065,-0.3542763590812683
1696965624706642000,30.613641845703125,-0.10215091705322266,-0.5994335412979126,-0.8386882543563843
1696965624716656000,30.62365625,-0.09701919555664062,-0.2797074019908905,-0.5634465217590332
1696965624726670300,30.63367041015625,0.16164779663085938,-0.09606772661209106,0.11046940088272095
1696965624736684300,30.643684326171876,0.2616147994995117,-0.4857516586780548,-0.42216968536376953
1696965624746698500,30.653698486328125,-0.9476032257080078,-0.8704550862312317,-0.6777522563934326
1696965624756712400,30.66371240234375,0.2878093719482422,-0.014670252799987793,-0.5698655247688293
1696965624766726700,30.6737265625,-0.05649089813232422,-0.20516306161880493,-0.07400286197662354
1696965624776740900,30.683740966796876,0.37375640869140625,-0.5025945901870728,-0.4543007016181946
1696965624786754800,30.6937548828125,-0.19235897064208984,-0.4567863345146179,-0.7436705827713013
1696965624796769000,30.70376904296875,-0.45269107818603516,-0.10732579231262207,-0.26192396879196167
1696965624806783200,30.713783203125,0.6246156692504883,-0.07548201084136963,0.004660427570343018
1696965624816797200,30.723797119140624,0.5156364440917969,-0.440938264131546,-0.46730363368988037
1696965624826811400,30.733811279296877,-0.9150276184082031,-0.41855141520500183,-0.43682533502578735
1696965624836825600,30.74382568359375,0.28292083740234375,0.01977592706680298,0.0220220685005188
1696965624846839600,30.753839599609375,0.872222900390625,-0.02692621946334839,0.05306112766265869
1696965624856853800,30.763853759765624,-0.28209495544433594,-0.6140168905258179,-0.28766071796417236
1696965624866867700,30.77386767578125,-0.1262350082397461,-0.4514470100402832,-0.49719059467315674
1696965624876882000,30.7838818359375,-0.20858287811279297,0.09974169731140137,-0.10449331998825073
1696965624886896000,30.793896240234375,0.3274040222167969,-0.25328129529953003,-0.229131281375885
1696965624896910000,30.80391015625,-0.3278007507324219,-0.39352700114250183,-0.32632768154144287
1696965624906924300,30.81392431640625,-0.5388422012329102,-0.5540366172790527,-0.7501592636108398
1696965624916938500,30.8239384765625,-0.12894821166992188,0.06968963146209717,-0.2752346992492676
1696965624926952400,30.833952392578126,0.25959205627441406,-0.0698499083518982,-0.18033218383789062
1696965624936966700,30.843966552734376,-0.8795261383056641,-0.6140545606613159,-0.38928550481796265
1696965624946980600,30.853980712890625,-0.5349893569946289,-0.2696057856082916,-0.709064245223999
1696965624956994800,30.863994873046874,0.07756614685058594,-0.14103293418884277,-0.22255408763885498
1696965624967009000,30.874009033203127,0.5803422927856445,-0.016160786151885986,-0.17618274688720703
1696965624977023000,30.88402294921875,-0.09750843048095703,-0.5007724761962891,-0.26052701473236084
1696965624987037200,30.894037109375,-0.3502330780029297,-0.3557301461696625,-0.2805677652359009
1696965624997051400,30.904051513671874,0.25456714630126953,0.02827930450439453,0.010216355323791504
1696965625007065300,30.9140654296875,0.9803953170776367,-0.17964237928390503,0.03609144687652588
1696965625017079600,30.92407958984375,-0.3731107711791992,-0.8455561995506287,-0.3669879138469696
1696965625027093800,30.93409375,-0.08899593353271484,-0.17694294452667236,-0.10519605875015259
1696965625037107700,30.944107666015626,0.7091588973999023,0.01052933931350708,0.19962400197982788
1696965625047122000,30.954121826171875,0.6359834671020508,-0.24071434140205383,-0.017152786254882812
1696965625057135900,30.964135986328124,0.16890335083007812,-0.5893211960792542,-0.632415771484375
1696965625067150000,30.974150146484376,-0.5592050552368164,-0.37921836972236633,-0.17510110139846802
1696965625077164300,30.984164306640626,0.9672040939331055,-0.14467686414718628,0.23417192697525024
1696965625087178200,30.99417822265625,0.28236961364746094,-0.21199685335159302,-0.08048921823501587
1696965625097192400,31.0041923828125,-0.03775501251220703,-0.8241937756538391,-0.5830410122871399
1696965625107206700,31.01420654296875,-0.5737323760986328,-0.2956981360912323,-0.11027729511260986
1696965625117220600,31.024220703125,0.5053119659423828,-0.18990188837051392,0.35541051626205444
1696965625127234800,31.03423486328125,0.47838687896728516,-0.36045631766319275,-0.04228007793426514
1696965625137249000,31.0442490234375,-0.47144126892089844,-0.7023331522941589,-0.41036251187324524
1696965625147263000,31.054262939453125,-0.048684120178222656,-0.10939425230026245,0.17881923913955688
1696965625157277200,31.064277099609374,0.5977849960327148,-0.1779654622077942,0.26655852794647217
1696965625167291100,31.074291015625,0.06985664367675781,-0.47060278058052063,-0.06309044361114502
1696965625177305300,31.084305419921876,-0.5526704788208008,-0.7033543586730957,-0.35647842288017273
1696965625187319600,31.094319580078125,-0.05327033996582031,0.20592015981674194,0.44915515184402466
1696965625197333500,31.10433349609375,0.8759965896606445,-0.023956894874572754,0.41434168815612793
1696965625207347700,31.11434765625,-0.08530998229980469,-0.5220209956169128,-0.2279309630393982
1696965625217362000,31.12436181640625,-0.40372657775878906,-0.3860185742378235,-0.20829468965530396
1696965625227375900,31.1343759765625,0.14017486572265625,-0.1233518123626709,0.46562284231185913
1696965625237390000,31.14439013671875,0.8117246627807617,0.04454094171524048,0.27983856201171875
1696965625247404300,31.154404296875,0.11519813537597656,-0.6245527267456055,-0.1414472460746765
1696965625257418200,31.164418212890624,-1.0453414916992188,-0.5932978391647339,0.07098007202148438
1696965625267432400,31.174432373046876,0.7009611129760742,0.035808563232421875,-0.005993962287902832
1696965625277446700,31.18444677734375,-0.30927562713623047,-0.3072544038295746,0.1782262921333313
1696965625287460600,31.194460693359375,0.2469167709350586,-0.4495866596698761,-0.37665581703186035
1696965625297474800,31.204474853515624,-0.6002712249755859,-0.5624618530273438,-0.27204930782318115
1696965625307489000,31.214489013671876,-0.21344566345214844,-0.30956146121025085,-0.2743430733680725
1696965625317503200,31.224503173828126,-0.5443038940429688,0.1271619200706482,0.10324782133102417
1696965625327517400,31.234517333984375,0.15712547302246094,-0.11553394794464111,-0.3758833408355713
1696965625337531600,31.24453173828125,-0.8062572479248047,-0.5924525856971741,-0.5831984281539917
1696965625347545900,31.2545458984375,-0.6279659271240234,0.12898635864257812,-0.36110466718673706
1696965625357559800,31.264559814453126,0.9701728820800781,0.23853927850723267,0.02754145860671997
1696965625367574000,31.274573974609375,-0.021001815795898438,-0.05549263954162598,-0.7928714156150818
1696965625377588200,31.284588134765624,-1.129319190979004,-0.3539818525314331,-0.6938261985778809
1696965625387602400,31.2946025390625,-0.5241384506225586,0.15163904428482056,-0.13910937309265137
1696965625397616600,31.30461669921875,0.4330625534057617,0.38843387365341187,-0.09051668643951416
1696965625407630800,31.314630859375,0.5947151184082031,-0.3230331242084503,-0.7120698094367981
1696965625417644800,31.324644775390624,-1.0071821212768555,-0.41256842017173767,-0.6667072772979736
1696965625427659000,31.334658935546877,0.43865108489990234,0.25098907947540283,-0.20528316497802734
1696965625437673200,31.344673095703126,0.28984546661376953,0.13990086317062378,-0.38278040289878845
1696965625447687400,31.3546875,-0.3033285140991211,-0.35983237624168396,-0.7972294092178345
1696965625457701600,31.36470166015625,-0.5790472030639648,-0.5654381513595581,-0.73332679271698
1696965625467715800,31.3747158203125,-0.3863258361816406,0.08873492479324341,-0.11461496353149414
1696965625477729800,31.384729736328126,0.9101972579956055,0.08839261531829834,-0.24992060661315918
1696965625487744000,31.394743896484375,0.3012199401855469,-0.28821030259132385,-0.6884586811065674
1696965625497758200,31.40475830078125,-1.2088537216186523,-0.5847770571708679,-0.7368221879005432
1696965625507772400,31.4147724609375,0.30907440185546875,0.21408337354660034,0.217379629611969
1696965625517786600,31.42478662109375,0.39026832580566406,-0.17097407579421997,-0.15000778436660767
1696965625527800800,31.43480078125,-0.7479848861694336,-0.5157386064529419,-0.19805753231048584
1696965625537814800,31.444814697265624,0.3680715560913086,-0.2378527820110321,-0.7615523338317871
1696965625547829000,31.4548291015625,-0.7937154769897461,-0.0917770266532898,0.4313187003135681
1696965625557843200,31.46484326171875,1.5357341766357422,-0.06995421648025513,-0.08957874774932861
1696965625567857400,31.474857421875,-0.5127601623535156,-0.6059550642967224,-0.23805445432662964
1696965625577871600,31.48487158203125,-0.5876369476318359,-0.21876007318496704,-0.2168186902999878
1696965625587885800,31.4948857421875,0.33678150177001953,0.03516793251037598,0.5872059464454651
1696965625597899800,31.504899658203126,0.1449127197265625,-0.1723487377166748,0.25618863105773926
1696965625607914000,31.5149140625,0.4701519012451172,-0.3630119860172272,-0.31759530305862427
1696965625617928200,31.52492822265625,-0.8065128326416016,-0.24097633361816406,-0.3305205702781677
1696965625627942400,31.5349423828125,0.9211864471435547,-0.07618534564971924,0.48372703790664673
1696965625637956600,31.54495654296875,0.7041378021240234,-0.027068018913269043,0.3243139386177063
1696965625647970800,31.554970703125,-0.501286506652832,-0.5618225932121277,-0.020607054233551025
1696965625657985000,31.564985107421876,-0.5093231201171875,-0.4527779817581177,-0.13192379474639893
1696965625667999000,31.5749990234375,0.2714700698852539,0.008352339267730713,0.4376485347747803
1696965625678013200,31.58501318359375,0.8824672698974609,-0.3662641942501068,0.20032209157943726
1696965625688027400,31.59502734375,0.04459953308105469,-0.7285906076431274,-0.44977980852127075
1696965625698041600,31.60504150390625,-0.40927696228027344,-0.5231738090515137,-0.06773954629898071
1696965625708055800,31.615055908203125,0.3281993865966797,-0.028867125511169434,0.33591097593307495
1696965625718070000,31.625070068359374,-0.48493480682373047,-0.3942703306674957,-0.04628020524978638
1696965625728084000,31.635083984375,-0.029369354248046875,-0.6438289880752563,-0.1876821517944336
1696965625738098200,31.64509814453125,-0.34435558319091797,-0.4495580494403839,-0.25082606077194214
1696965625748112400,31.6551123046875,0.44057273864746094,0.10886108875274658,0.23943883180618286
1696965625758126600,31.665126708984374,0.9222917556762695,-0.09930133819580078,0.13437438011169434
1696965625768140800,31.675140869140623,-0.49884986877441406,-0.48520392179489136,-0.2181500792503357
1696965625778155000,31.685155029296876,-0.5595264434814453,-0.33259066939353943,-0.27141761779785156
1696965625788169000,31.6951689453125,-0.3187398910522461,-0.11025100946426392,0.13257139921188354
1696965625798183200,31.70518310546875,0.6569147109985352,-0.13907736539840698,0.10010886192321777
1696965625808197400,31.715197265625,0.2877492904663086,-0.601032018661499,-0.2373635172843933
1696965625818211600,31.725211669921876,-0.6446189880371094,-0.5154461860656738,-0.34336817264556885
1696965625828225800,31.735225830078125,0.5519371032714844,0.06193059682846069,0.07287269830703735
1696965625838240000,31.745239990234374,0.25440216064453125,-0.2939402163028717,-0.07987964153289795
1696965625848254000,31.75525390625,-0.6014919281005859,-0.5816806554794312,-0.2905595302581787
1696965625858268200,31.76526806640625,-0.1457843780517578,-0.3674096167087555,-0.7154767513275146
1696965625868282400,31.775282470703125,-0.5322494506835938,-0.1816011667251587,0.2064475417137146
1696965625878296300,31.78529638671875,1.4234209060668945,-0.21987438201904297,-0.30088406801223755
1696965625888310500,31.795310546875,-0.5103321075439453,-0.4950830340385437,-0.5762080550193787
1696965625898324500,31.805324462890624,-0.7909736633300781,-0.5663487911224365,-0.8181346654891968
1696965625908338700,31.815338623046873,-0.014470100402832031,0.11678993701934814,0.050729453563690186
1696965625918353000,31.825352783203126,0.01415252685546875,-0.40548649430274963,-0.18572992086410522
1696965625928366800,31.835366943359375,-0.3153839111328125,-0.5920913219451904,-0.5315883159637451
1696965625938381000,31.845381103515624,-0.3764524459838867,-0.25303953886032104,-0.6039003133773804
1696965625948395300,31.855395263671873,0.21729183197021484,-0.07224297523498535,0.08436834812164307
1696965625958409200,31.8654091796875,0.5990810394287109,-0.18282651901245117,-0.15874791145324707
1696965625968423400,31.87542333984375,-0.1284933090209961,-0.49538809061050415,-0.30374765396118164
1696965625978437600,31.885437744140624,-0.5198068618774414,-0.42409512400627136,-0.5053458213806152
1696965625988451600,31.89545166015625,-0.006932258605957031,-0.0995214581489563,0.0008929967880249023
1696965625998465800,31.9054658203125,0.09347152709960938,-0.28172767162323,0.12576788663864136
1696965626008479700,31.915479736328123,0.8293848037719727,-0.3303910195827484,-0.26726776361465454
1696965626018494000,31.925493896484376,-0.7636623382568359,-0.47574034333229065,-0.33168983459472656
1696965626028508200,31.935508056640625,0.04113960266113281,-0.2070445418357849,-0.08735424280166626
1696965626038522000,31.945522216796874,0.4952049255371094,-0.07910662889480591,0.20388972759246826
1696965626048536300,31.955536376953123,0.13559341430664062,-0.5773134231567383,-0.2544460892677307
1696965626058550500,31.965550537109376,-0.926239013671875,-0.8619405627250671,-0.3481566905975342
1696965626068564500,31.975564453125,0.4458484649658203,-0.03196251392364502,-0.04874217510223389
1696965626078578700,31.98557861328125,0.37279415130615234,-0.32602015137672424,0.1338469386100769
1696965626088592600,31.995592529296875,0.4511737823486328,-0.5462459325790405,-0.18147218227386475
1696965626098606800,32.00560693359375,-0.5074853897094727,-0.8278091549873352,-0.6249775886535645
1696965626108621000,32.01562109375,-0.5179538726806641,-0.1439947485923767,0.16277575492858887
1696965626118635000,32.02563500976562,0.8051881790161133,-0.13885265588760376,0.009946703910827637
1696965626128649200,32.035649169921875,-0.8287820816040039,-0.7586246132850647,-0.26898038387298584
1696965626138663400,32.04566333007813,0.2735128402709961,-0.6529523134231567,-0.7186833024024963
1696965626148677400,32.05567749023437,-0.3149299621582031,-0.025978505611419678,0.08618670701980591
1696965626158691600,32.065691650390626,0.9293661117553711,-0.12015599012374878,0.13190680742263794
1696965626168705800,32.07570581054687,0.28284549713134766,-0.44514358043670654,-0.10286182165145874
1696965626178719700,32.0857197265625,-0.3386507034301758,-0.6093267798423767,-0.5191458463668823
1696965626188734000,32.09573388671875,-0.6577835083007812,-0.025683343410491943,0.21669840812683105
1696965626198748200,32.105748046875,1.011713981628418,-0.11692690849304199,0.2646796703338623
1696965626208762400,32.115762451171875,0.6892156600952148,-0.4820067286491394,-0.06667262315750122
1696965626218776600,32.12577661132813,-0.39220619201660156,-0.6794847846031189,-0.5609917640686035
1696965626228790500,32.13579052734375,0.02474498748779297,-0.004847347736358643,0.25082719326019287
1696965626238804700,32.1458046875,0.7176313400268555,-0.26029953360557556,-0.03402972221374512
1696965626248819000,32.15581884765625,0.013558387756347656,-0.5003416538238525,-0.31747472286224365
1696965626258833200,32.165833251953124,-0.5311355590820312,-0.7778649926185608,-0.37440046668052673
1696965626268847400,32.17584741210938,-0.21894264221191406,-0.11803478002548218,-0.054977595806121826
1696965626278861600,32.18586157226562,0.7898139953613281,-0.05610620975494385,0.24437391757965088
1696965626288875500,32.19587548828125,0.0903940200805664,-0.76642906665802,-0.7032353281974792
1696965626298889700,32.2058896484375,-1.00885009765625,-0.5875905752182007,-0.1781606674194336
1696965626308904000,32.21590405273437,0.5278139114379883,-0.17213654518127441,-0.4494582414627075
1696965626318918100,32.225918212890626,-0.5534372329711914,-0.34420397877693176,0.3436869978904724
1696965626328932400,32.23593237304687,1.0775299072265625,-0.47324374318122864,-0.6160205602645874
1696965626338946600,32.245946533203124,-1.486149787902832,-0.6178061366081238,-0.19000792503356934
1696965626348960500,32.25596044921875,0.2855949401855469,-0.1375352144241333,-0.42170238494873047
1696965626358974700,32.265974609375,0.041545867919921875,-0.10095614194869995,0.21123701333999634
1696965626368989000,32.275989013671875,0.8536958694458008,-0.5787409543991089,-0.302656888961792
1696965626379003100,32.28600317382813,-0.7822208404541016,-0.5514148473739624,-0.26526105403900146
1696965626389017300,32.29601733398437,0.14669322967529297,-0.07153481245040894,-0.11942648887634277
1696965626399031600,32.306031494140626,0.1753530502319336,-0.42764008045196533,0.26083827018737793
1696965626409045500,32.31604541015625,0.2894620895385742,-0.3738446533679962,-0.28735214471817017
1696965626419059700,32.326059814453124,-0.5088586807250977,-0.43785327672958374,-0.36258524656295776
1696965626429074000,32.33607397460938,0.5436677932739258,-0.049270570278167725,-0.08310878276824951
1696965626439088000,32.34608813476562,0.46142101287841797,-0.03768479824066162,0.23995405435562134
1696965626449102300,32.356102294921875,0.41715335845947266,-0.6120682954788208,-0.2836463451385498
1696965626459116500,32.36611645507813,-0.9835805892944336,-0.5655756592750549,-0.5413078665733337
1696965626469130800,32.376130859375,-0.21164894104003906,-0.15902262926101685,-0.06647872924804688
1696965626479144700,32.386144775390626,0.2813262939453125,0.15545654296875,0.3525661826133728
1696965626489159000,32.39615893554687,0.8207712173461914,-0.34908929467201233,-0.5029317140579224
1696965626499173000,32.406173095703124,-1.1592493057250977,-0.5656843185424805,-0.487740159034729
1696965626509187300,32.41618725585938,0.22971057891845703,-0.04955339431762695,-0.15275228023529053
1696965626519201500,32.42620141601562,-0.13364315032958984,0.22485512495040894,0.4085243344306946
1696965626529215700,32.4362158203125,-0.31006717681884766,-0.4889211356639862,-0.3042297959327698
1696965626539229700,32.44622973632813,-0.36130332946777344,-0.2178558111190796,-0.28492194414138794
1696965626549244000,32.456243896484374,-0.1355571746826172,0.1347927451133728,-0.1616346836090088
1696965626559258000,32.466258056640626,0.22838592529296875,0.09392094612121582,0.38504427671432495
1696965626569272300,32.47627221679687,0.6723546981811523,0.030275702476501465,-0.1319991946220398
1696965626579286500,32.48628662109375,-0.7957525253295898,-0.23191773891448975,-0.3574436902999878
1696965626589300700,32.49630078125,-0.3586559295654297,0.24124562740325928,0.11876505613327026
1696965626599314700,32.50631469726562,0.14920997619628906,0.31432485580444336,0.3261183500289917
1696965626609329000,32.516328857421875,0.26850414276123047,-0.08466982841491699,-0.029378175735473633
1696965626619343000,32.52634301757813,-0.4436378479003906,-0.24492496252059937,-0.2163705825805664
1696965626629357300,32.536357421875,0.04526519775390625,0.17407631874084473,0.0015829801559448242
1696965626639371500,32.54637158203125,0.1984548568725586,0.2862359881401062,0.4143528342247009
1696965626649385700,32.5563857421875,1.0296335220336914,0.0781019926071167,-0.13600128889083862
1696965626659399700,32.566399658203125,-0.9842042922973633,-0.4897559881210327,-0.2941130995750427
1696965626669414000,32.57641381835938,-0.17870712280273438,0.1799718737602234,0.025078415870666504
1696965626679428000,32.58642797851562,0.42430686950683594,0.1902579665184021,0.32906174659729004
1696965626689442300,32.5964423828125,0.10790538787841797,-0.1598033308982849,0.007843255996704102
1696965626699456500,32.60645654296875,0.4761075973510742,-0.2582516074180603,-0.3681209087371826
1696965626709470700,32.616470703125,-0.4708995819091797,0.0892261266708374,0.021089613437652588
1696965626719484700,32.626484619140626,0.7873706817626953,0.15361493825912476,0.18779319524765015
1696965626729499000,32.63649877929687,0.27914905548095703,-0.04490846395492554,0.2570576071739197
1696965626739513000,32.64651318359375,0.006481170654296875,-0.39176902174949646,-0.47272205352783203
1696965626749527300,32.65652734375,-0.7719573974609375,0.24712473154067993,0.03977096080780029
1696965626759541500,32.66654150390625,0.8979940414428711,0.19234377145767212,0.574541449546814
1696965626769555700,32.6765556640625,0.9963960647583008,0.021830618381500244,0.12301665544509888
1696965626779570000,32.68656982421875,0.2872285842895508,-0.16347718238830566,-0.13483452796936035
1696965626789584000,32.696583984375,-0.3629922866821289,0.09694647789001465,0.27370429039001465
1696965626799598000,32.70659814453125,0.2785530090332031,-0.02078467607498169,0.7028117775917053
1696965626809612300,32.7166123046875,0.9470806121826172,0.09134238958358765,0.2285994291305542
1696965626819626500,32.72662646484375,-0.4549245834350586,-0.553587794303894,-0.16233783960342407
1696965626829640700,32.736640625,-0.7498283386230469,0.12467527389526367,0.07554394006729126
1696965626839655000,32.746655029296875,1.0110158920288086,0.11561179161071777,0.6348546147346497
1696965626849668900,32.7566689453125,0.12931346893310547,-0.006492316722869873,0.2610160708427429
1696965626859683000,32.76668310546875,-0.28157901763916016,-0.5693639516830444,-0.24284899234771729
1696965626869697300,32.776697265625,-0.7106361389160156,-0.09234249591827393,-0.09612345695495605
1696965626879711500,32.78671142578125,0.39055633544921875,0.04840254783630371,0.6638621091842651
1696965626889725700,32.7967255859375,0.4087514877319336,-0.011226475238800049,0.15733230113983154
1696965626899740000,32.80673999023438,-0.5906362533569336,-0.7024149894714355,-0.37116461992263794
1696965626909753900,32.81675390625,-0.6510429382324219,-0.0471041202545166,0.16310769319534302
1696965626919768000,32.82676806640625,0.5312576293945312,0.09785431623458862,0.4210147261619568
1696965626929782300,32.8367822265625,-0.22031116485595703,-0.06580579280853271,0.252973735332489
1696965626939796500,32.84679638671875,0.3540067672729492,-0.5461066365242004,-0.1738893985748291
1696965626949810700,32.856810791015626,-0.7791900634765625,-0.14992737770080566,0.07789117097854614
1696965626959825000,32.86682495117188,0.4223976135253906,0.030164062976837158,0.3507072329521179
1696965626969838800,32.8768388671875,0.4165763854980469,0.0384596586227417,0.38923293352127075
1696965626979853000,32.88685302734375,-0.25316715240478516,-0.4471452534198761,-0.21056681871414185
1696965626989867300,32.8968671875,-0.5295820236206055,0.049810707569122314,0.24834179878234863
1696965626999881500,32.906881591796875,0.7137451171875,0.2160455584526062,0.21159958839416504
1696965627009895700,32.91689575195313,-0.033013343811035156,-0.26481443643569946,0.3925313949584961
1696965627019910000,32.92690991210937,0.48125457763671875,-0.36170002818107605,-0.18878620862960815
1696965627029923800,32.936923828125,-1.0726909637451172,-0.10583782196044922,-0.1425580382347107
1696965627039938000,32.94693798828125,0.45924949645996094,0.04661208391189575,0.43231046199798584
1696965627049952300,32.9569521484375,0.7975387573242188,-0.013414621353149414,0.09789872169494629
1696965627059966500,32.96696655273438,-0.8193931579589844,-0.5655828714370728,-0.4010251760482788
1696965627069980700,32.97698071289062,-0.33923816680908203,-0.08294165134429932,0.0481380820274353
1696965627079995000,32.986994873046875,0.4646425247192383,0.02930682897567749,0.2591760754585266
1696965627090009000,32.99700903320313,-0.05738544464111328,-0.06744301319122314,0.20187091827392578
1696965627100023000,33.00702294921875,0.3539466857910156,-0.5812300443649292,-0.4911632835865021
1696965627110037200,33.017037353515626,-1.1757488250732422,-0.16597723960876465,0.041554808616638184
1696965627120051500,33.02705151367188,0.5761384963989258,0.005411624908447266,0.3075673580169678
1696965627130065700,33.037065673828124,-0.07496261596679688,-0.09718883037567139,0.08110249042510986
1696965627140079900,33.04707983398438,-0.012605667114257812,-0.5377600193023682,-0.44881463050842285
1696965627150094000,33.05709399414062,-0.41829967498779297,0.06306493282318115,-0.22633564472198486
1696965627160108000,33.06710791015625,0.32824039459228516,0.09084731340408325,0.3202114701271057
1696965627170122200,33.07712231445313,0.28934383392333984,-0.17889046669006348,0.2813273072242737
1696965627180136400,33.08713647460937,-0.16989803314208984,-0.36688297986984253,-0.2604410648345947
1696965627190150700,33.097150634765626,-0.5180387496948242,-0.08573919534683228,0.06806999444961548
1696965627200164900,33.10716479492187,0.45346641540527344,-0.015088200569152832,0.06356662511825562
1696965627210179000,33.117178955078124,0.11796760559082031,-0.13154667615890503,0.2927646040916443
1696965627220193000,33.12719311523438,-0.13064002990722656,-0.4387235939502716,-0.3489574193954468
1696965627230207200,33.13720727539062,-0.4405174255371094,0.17670291662216187,0.24148768186569214
1696965627240221400,33.147221435546875,0.9416379928588867,-0.011297285556793213,0.3482859134674072
1696965627250235600,33.15723559570313,-0.2789449691772461,-0.2912079691886902,0.32620882987976074
1696965627260249900,33.16724975585937,0.4369840621948242,-0.42852917313575745,-0.3601151704788208
1696965627270264000,33.17726416015625,-0.7379274368286133,-0.3260457515716553,0.059967219829559326
1696965627280278000,33.18727807617187,0.9505596160888672,0.10990756750106812,0.5417709946632385
1696965627290292200,33.197292236328124,0.0980978012084961,-0.2100316882133484,0.14606332778930664
1696965627300306400,33.20730639648438,-0.40885066986083984,-0.6923514008522034,-0.1869502067565918
1696965627310320600,33.21732055664062,-0.21765804290771484,0.060208678245544434,0.09439903497695923
1696965627320334800,33.2273349609375,0.5912809371948242,-0.049690425395965576,0.5305373072624207
1696965627330349000,33.23734912109375,0.3416633605957031,-0.3346588611602783,0.11374020576477051
1696965627340363000,33.24736303710937,-0.017432212829589844,-0.4906432330608368,-0.13070952892303467
1696965627350377200,33.257377197265626,-0.20489120483398438,-0.07622325420379639,-0.020175039768218994
1696965627360391400,33.26739135742187,-0.1356964111328125,0.009544730186462402,0.7977485060691833
1696965627370405600,33.277405517578124,1.072983741760254,-0.3195326328277588,0.06326240301132202
1696965627380419800,33.287419921875,-1.4479150772094727,-0.5021213293075562,-0.02473127841949463
1696965627390434000,33.29743408203125,1.0648298263549805,0.17137134075164795,0.022893846035003662
1696965627400448300,33.3074482421875,-0.10349845886230469,-0.009505689144134521,0.4423801898956299
1696965627410462200,33.31746215820313,0.10234546661376953,-0.5515792369842529,-0.12143862247467041
1696965627420476400,33.32747631835937,-0.5760335922241211,-0.4287084639072418,-0.014233052730560303
1696965627430490600,33.33749072265625,-0.11083412170410156,-0.15251076221466064,0.09076941013336182
1696965627440504800,33.3475048828125,0.40090465545654297,-0.09656506776809692,0.5212628245353699
1696965627450519000,33.35751904296875,0.45750904083251953,-0.4961053431034088,-0.12491542100906372
1696965627460533200,33.367533203125,-1.2063684463500977,-0.49690625071525574,-0.07408672571182251
1696965627470547200,33.37754711914062,0.8612689971923828,0.18606913089752197,0.32813137769699097
1696965627480561400,33.3875615234375,-0.4835243225097656,-0.27175581455230713,0.29927319288253784
1696965627490575600,33.39757568359375,-0.38185882568359375,-0.7216575145721436,-0.2841995358467102
1696965627500589800,33.40758984375,-0.022133827209472656,-0.1440589427947998,-0.1607467532157898
1696965627510604000,33.41760400390625,0.09763526916503906,-0.10264837741851807,0.20210278034210205
1696965627520618200,33.4276181640625,0.5992355346679688,-0.03249359130859375,0.23642665147781372
1696965627530632200,33.437632080078124,-0.07556819915771484,-0.4231349527835846,0.061370909214019775
1696965627540646400,33.447646484375,-0.1564340591430664,-0.247094988822937,-0.08239352703094482
1696965627550660600,33.45766064453125,-0.20528221130371094,0.0468592643737793,0.4682247042655945
1696965627560674800,33.4676748046875,1.176255226135254,-0.30894386768341064,0.2746189832687378
1696965627570689000,33.47768896484375,-0.4843778610229492,-0.4360831081867218,-0.059149324893951416
1696965627580703200,33.487703125,0.23849964141845703,-0.2406405806541443,0.19556057453155518
1696965627590717200,33.49771728515625,0.5488805770874023,-0.018715262413024902,0.6295045018196106
1696965627600731400,33.5077314453125,0.4566822052001953,-0.4371212422847748,-0.09992027282714844
1696965627610745600,33.51774560546875,-0.5398082733154297,-0.6307095289230347,-0.14276236295700073
1696965627620759800,33.527759765625,0.07699394226074219,-0.3962443470954895,-0.12938880920410156
1696965627630774000,33.53777392578125,0.11370563507080078,0.04096180200576782,0.44224798679351807
1696965627640788200,33.54778833007813,0.13533782958984375,-0.5650795698165894,-0.12279176712036133
1696965627650802200,33.55780224609375,-0.5353918075561523,-0.5820932984352112,-0.08596229553222656
1696965627660816400,33.56781640625,0.053084373474121094,-0.037114858627319336,-0.003516554832458496
1696965627670830600,33.57783056640625,-0.14536094665527344,-0.16633117198944092,0.3537963032722473
1696965627680844800,33.5878447265625,0.5873003005981445,-0.5279333591461182,-0.16404807567596436
1696965627690858800,33.597858642578124,-1.0527095794677734,-0.46818044781684875,-0.23910927772521973
1696965627700873000,33.607873046875,-0.022554397583007812,0.015494287014007568,0.2677401304244995
1696965627710887000,33.61788696289062,0.5178165435791016,-0.03069305419921875,0.5346333384513855
1696965627720901000,33.627901123046875,-0.3147096633911133,-0.5492730140686035,-0.026823103427886963
1696965627730915300,33.63791528320313,-0.2610759735107422,-0.1479194164276123,0.04318416118621826
1696965627740929300,33.64792919921875,0.26186084747314453,-0.09663844108581543,0.16388452053070068
1696965627750943500,33.657943603515626,0.31409740447998047,-0.19057071208953857,0.4962756633758545
1696965627760957700,33.66795776367187,0.14923095703125,-0.5926597714424133,-0.30942201614379883
1696965627770971600,33.6779716796875,-0.8752965927124023,-0.14614766836166382,0.052180349826812744
1696965627780985900,33.68798583984375,0.3645200729370117,-0.18908452987670898,0.2718859314918518
1696965627791000000,33.698,0.5139169692993164,-0.32948315143585205,0.34031087160110474
1696965627801014000,33.708013916015624,-0.20540904998779297,-0.7384061813354492,-0.2095438838005066
1696965627811028200,33.7180283203125,-0.5645065307617188,-0.19570672512054443,0.21725398302078247
1696965627821042200,33.72804223632812,0.8444051742553711,-0.08315438032150269,0.40246689319610596
1696965627831056400,33.738056396484374,-0.7239561080932617,-0.5380496978759766,0.013946294784545898
1696965627841070600,33.74807055664063,-0.061455726623535156,-0.36621350049972534,-0.14315831661224365
1696965627851084500,33.75808447265625,0.4300355911254883,-0.16702526807785034,-0.22187519073486328
1696965627861098800,33.7680986328125,-0.5141897201538086,-0.23294299840927124,0.5708646774291992
1696965627871113000,33.77811303710938,1.47528076171875,-0.30793631076812744,0.12268215417861938
1696965627881127000,33.788126953125,-1.3183135986328125,-0.4513688385486603,-0.06513851881027222
1696965627891141000,33.79814111328125,0.08883094787597656,0.07312721014022827,0.26578259468078613
1696965627901155300,33.8081552734375,0.38010692596435547,-0.23971545696258545,0.3299608826637268
1696965627911169300,33.81816918945312,0.030063629150390625,-0.5400036573410034,0.15539073944091797
1696965627921183500,33.82818359375,-0.1675577163696289,-0.34734517335891724,-0.4066650867462158
1696965627931197400,33.83819750976563,-0.3104696273803711,0.16008728742599487,0.6493250727653503
1696965627941211600,33.848211669921874,1.1338882446289062,-0.30820363759994507,0.4380822777748108
1696965627951225900,33.858225830078126,-0.7227096557617188,-0.450044721364975,0.08203047513961792
1696965627961239800,33.86823974609375,-0.07905960083007812,-0.5823875665664673,-0.3389095067977905
1696965627971254000,33.87825390625,-0.19028949737548828,0.2675883173942566,0.4507407546043396
1696965627981268200,33.88826831054688,0.6186227798461914,-0.3295556306838989,0.14394927024841309
1696965627991282200,33.8982822265625,-0.9033260345458984,-0.5635057091712952,0.19033831357955933
1696965628001296400,33.90829638671875,0.22375965118408203,-0.12346845865249634,-0.2316799759864807
1696965628011310600,33.918310546875,-0.24931049346923828,-0.07931947708129883,0.33960145711898804
1696965628021324800,33.92832470703125,0.36744213104248047,-0.19357621669769287,0.2358197569847107
1696965628031338800,33.9383388671875,-0.033896446228027344,-0.49631795287132263,-0.13683897256851196
1696965628041353000,33.94835302734375,-1.027139663696289,-0.3171267509460449,-0.197884202003479
1696965628051367200,33.9583671875,0.22766876220703125,0.11661738157272339,0.6392174363136292
1696965628061381400,33.96838134765625,0.5287599563598633,-0.1752048134803772,0.06249874830245972
1696965628071395600,33.9783955078125,-0.7529306411743164,-0.5119543075561523,-0.1209452748298645
1696965628081409800,33.988409912109375,0.5303459167480469,0.015877246856689453,-0.047107577323913574
1696965628091423700,33.998423828125,-0.05368518829345703,0.04126995801925659,0.511781632900238
1696965628101438000,34.00843798828125,0.47260284423828125,-0.5124964714050293,-0.0782923698425293
1696965628111452200,34.0184521484375,-0.8279638290405273,-0.634007453918457,-0.1613897681236267
1696965628121466400,34.02846630859375,0.39797306060791016,-0.1050904393196106,0.12404054403305054
1696965628131480600,34.03848046875,0.08661842346191406,-0.19411182403564453,0.3486377000808716
1696965628141494800,34.04849487304688,0.10600566864013672,-0.546383261680603,0.016657769680023193
1696965628151508700,34.0585087890625,-0.19017410278320312,-0.36634641885757446,-0.10403001308441162
1696965628161523000,34.06852294921875,0.0928192138671875,-0.06365549564361572,0.061603426933288574
1696965628171537200,34.078537109375,-0.14614582061767578,-0.390727162361145,0.2525474429130554
1696965628181551400,34.08855126953125,0.7244462966918945,-0.32655560970306396,-0.04070639610290527
1696965628191565600,34.098565673828126,-0.3846759796142578,-0.39579665660858154,-0.34431660175323486
1696965628201579800,34.10857983398437,-0.18463516235351562,-0.1368975043296814,0.690202534198761
1696965628211594000,34.118593994140625,0.9773187637329102,-0.07791078090667725,0.36961501836776733
1696965628221608000,34.12860791015625,-0.5965538024902344,-0.2640133500099182,-0.03705400228500366
1696965628231622100,34.1386220703125,-0.04520702362060547,-0.27488625049591064,-0.013963103294372559
1696965628241636400,34.14863623046875,0.3378448486328125,0.027952253818511963,0.556743323802948
1696965628251650600,34.15865063476563,0.33710193634033203,-0.29034721851348877,0.21776074171066284
1696965628261664800,34.168664794921874,-0.179107666015625,-0.7095975875854492,0.07487672567367554
1696965628271679000,34.17867895507813,-0.13819217681884766,-0.12514209747314453,0.21457183361053467
1696965628281693000,34.18869287109375,0.4863767623901367,-0.24905765056610107,0.3658064603805542
1696965628291707100,34.19870703125,-0.21868896484375,-0.31337445974349976,0.10956352949142456
1696965628301721300,34.20872143554688,0.2234516143798828,-0.679133415222168,-0.2505956292152405
1696965628311735600,34.21873559570312,-0.5523777008056641,-0.21321451663970947,0.2641052007675171
1696965628321749800,34.228749755859376,0.8231039047241211,-0.21238744258880615,0.16753512620925903
1696965628331764000,34.23876391601563,-0.3301353454589844,-0.617464542388916,0.4214007258415222
1696965628341778000,34.24877783203125,0.4432659149169922,-0.5905699133872986,-0.5209137201309204
1696965628351792000,34.25879223632813,-0.5996160507202148,-0.283222496509552,0.3723110556602478
1696965628361806300,34.26880639648437,0.3899574279785156,-0.411764532327652,0.2481899857521057
1696965628371820500,34.278820556640625,-0.0867624282836914,-0.47588708996772766,0.07488536834716797
1696965628381834800,34.28883471679688,-0.3773355484008789,-0.3705306053161621,-0.1612345576286316
1696965628391849000,34.29884887695312,0.31758785247802734,-0.12387186288833618,0.15307456254959106
1696965628401863000,34.30886279296875,0.22753143310546875,-0.23687511682510376,0.363982617855072
1696965628411877000,34.31887719726563,0.5966281890869141,-0.7233513593673706,-0.12968480587005615
1696965628421891300,34.328891357421874,-0.7837352752685547,-0.3941320478916168,0.021009981632232666
1696965628431905500,34.33890551757813,0.36525630950927734,-0.10865229368209839,0.2823948264122009
1696965628441919700,34.34891967773437,-0.25763893127441406,-0.4024425446987152,0.4375631809234619
1696965628451934000,34.358933837890625,0.6799020767211914,-0.5224615335464478,-0.18281137943267822
1696965628461948000,34.36894799804688,-0.9936351776123047,-0.3860357105731964,-0.0003185272216796875
1696965628471962000,34.37896215820312,0.6767511367797852,-0.005318701267242432,0.40018510818481445
1696965628481976300,34.388976318359376,0.12423229217529297,-0.16964000463485718,0.48621392250061035
1696965628491990500,34.39899047851563,0.26841068267822266,-0.6787071824073792,-0.09123438596725464
1696965628502004700,34.409004638671874,-0.5409355163574219,-0.3086344003677368,-0.09798192977905273
1696965628512019000,34.41901904296875,0.3774747848510742,-0.08455896377563477,0.12103545665740967
1696965628522033200,34.429033203125,0.08425712585449219,-0.2560076117515564,0.42840778827667236
1696965628532047000,34.439047119140625,0.32329273223876953,-0.5046846866607666,-0.12412858009338379
1696965628542061300,34.44906127929688,-0.7130451202392578,-0.2832936644554138,-0.201729416847229
1696965628552075500,34.45907543945312,0.15166091918945312,-0.02127528190612793,0.28733015060424805
1696965628562089700,34.46908984375,0.5593461990356445,-0.3211209177970886,0.15019476413726807
1696965628572104000,34.47910400390625,-0.16098499298095703,-0.7196030616760254,-0.30053287744522095
1696965628582118100,34.4891181640625,-0.600520133972168,-0.579227089881897,-0.30794841051101685
1696965628592132000,34.49913208007813,0.30962085723876953,0.05518382787704468,0.39769065380096436
1696965628602146300,34.50914624023437,0.3047904968261719,-0.4677964746952057,0.0707404613494873
1696965628612160500,34.519160400390625,-0.41590404510498047,-0.5804517269134521,-0.1258707046508789
1696965628622174700,34.5291748046875,0.4160137176513672,-0.31052154302597046,-0.24848365783691406
1696965628632189000,34.53918896484375,-0.11799335479736328,0.04001307487487793,0.28527700901031494
1696965628642203100,34.549203125,0.934718132019043,-0.3168259859085083,0.26710546016693115
1696965628652217000,34.55921704101563,-0.4462623596191406,-0.504846453666687,-0.06145542860031128
1696965628662231300,34.569231201171874,0.16449928283691406,-0.386153906583786,-0.15525400638580322
1696965628672245500,34.57924560546875,-0.13428306579589844,-0.1718478798866272,0.4654127359390259
1696965628682259700,34.589259765625,0.9232101440429688,-0.17106103897094727,0.4265909194946289
1696965628692274000,34.59927392578125,0.31969642639160156,-0.5227694511413574,-0.20944887399673462
1696965628702288100,34.6092880859375,-0.4672355651855469,-0.16796517372131348,-0.09025037288665771
1696965628712302000,34.61930200195312,0.713923454284668,-0.03243190050125122,0.4014209508895874
1696965628722316300,34.62931640625,0.2924003601074219,-0.4832998216152191,0.1835014820098877
1696965628732330500,34.63933056640625,-0.14554405212402344,-0.7568014860153198,-0.14504557847976685
1696965628742344700,34.6493447265625,-0.08614730834960938,-0.23946404457092285,-0.04929804801940918
1696965628752359000,34.65935888671875,0.4665660858154297,-0.05924248695373535,0.40520310401916504
1696965628762373000,34.669373046875,0.13402748107910156,-0.5146827101707458,-0.043994784355163574
1696965628772387000,34.679386962890625,-0.5509834289550781,-0.570730447769165,-0.20863527059555054
1696965628782401300,34.6894013671875,-0.09862518310546875,-0.16383695602416992,-0.18231356143951416
1696965628792415500,34.69941552734375,0.21887588500976562,0.009627103805541992,0.18422019481658936
1696965628802429700,34.7094296875,0.17307376861572266,-0.6203885078430176,-0.011767029762268066
1696965628812444000,34.71944384765625,-0.37105560302734375,-0.3835814893245697,-0.2675327658653259
1696965628822458000,34.7294580078125,-0.3033161163330078,0.05331921577453613,-0.014036417007446289
1696965628832472300,34.73947241210937,0.7385187149047852,0.02989494800567627,0.3533802032470703
1696965628842486300,34.749486328125,-0.046019554138183594,-0.4321979582309723,-0.057746171951293945
1696965628852500500,34.75950048828125,-0.7607555389404297,-0.12281882762908936,-0.5490336418151855
1696965628862514700,34.7695146484375,0.1285839080810547,0.21059942245483398,0.2173682451248169
1696965628872529000,34.77952880859375,0.8097696304321289,-0.258905827999115,0.13494586944580078
1696965628882543000,34.78954321289063,-0.23952579498291016,-0.519023060798645,-0.2931184768676758
1696965628892557300,34.79955737304687,-0.9511604309082031,-0.2642112374305725,-0.1672898530960083
1696965628902571300,34.8095712890625,0.3134746551513672,0.09898215532302856,0.240575909614563
1696965628912585500,34.81958544921875,0.3038301467895508,-0.109771728515625,0.0771791934967041
1696965628922599700,34.829599609375,-0.5534467697143555,-0.5085495114326477,-0.3630334734916687
1696965628932614000,34.83961376953125,-0.15284156799316406,0.1936511993408203,-0.2633602023124695
1696965628942628000,34.84962817382812,0.6508378982543945,-0.07322704792022705,0.06737983226776123
1696965628952642000,34.85964208984375,-0.38647937774658203,-0.4164685904979706,-0.25035208463668823
1696965628962656300,34.86965625,-0.48334789276123047,-0.1397530436515808,-0.3784711956977844
1696965628972670200,34.87967016601562,-0.069549560546875,-0.1752547025680542,-0.044014930725097656
1696965628982684400,34.889684326171874,0.04013538360595703,0.1168980598449707,-0.00020492076873779297
1696965628992698600,34.89969873046875,-0.035239219665527344,-0.25807738304138184,-0.4260181784629822
1696965629002712600,34.90971264648437,-0.6042423248291016,0.06373727321624756,-0.0722399353981018
1696965629012726800,34.919726806640625,0.7959022521972656,0.030497312545776367,0.08479642868041992
1696965629022741000,34.92974096679688,-0.22032451629638672,0.13421112298965454,-0.054595232009887695
1696965629032755000,34.9397548828125,-0.04665565490722656,-0.526710033416748,-0.3510674834251404
1696965629042769200,34.94976904296875,-0.4363231658935547,0.02491605281829834,-0.24871110916137695
1696965629052783400,34.95978344726562,0.3484363555908203,0.11657357215881348,0.2833753824234009
1696965629062797300,34.96979736328125,0.5316133499145508,-0.22012799978256226,-0.2358188033103943
1696965629072811500,34.9798115234375,-0.791142463684082,-0.16753661632537842,-0.2577575445175171
1696965629082825500,34.98982543945313,0.3012228012084961,-0.07814693450927734,0.14152014255523682
1696965629092839700,34.99983959960937,0.35295963287353516,0.10905396938323975,0.10618042945861816
1696965629102854000,35.00985400390625,-0.024499893188476562,-0.46284088492393494,-0.4343370199203491
1696965629112867800,35.01986791992187,-0.4429912567138672,0.009430170059204102,-0.047612905502319336
1696965629122882000,35.029882080078124,1.4113388061523438,0.0016262531280517578,0.27415215969085693
1696965629132896300,35.03989624023438,-0.36879825592041016,-0.2949599623680115,-0.01996290683746338
1696965629142910200,35.04991015625,-0.13141345977783203,-0.19400256872177124,-0.32713252305984497
1696965629152924400,35.05992431640625,-0.41133880615234375,0.08396655321121216,0.17521214485168457
1696965629162938400,35.0699384765625,1.1455602645874023,-0.0750504732131958,0.10258042812347412
1696965629172952600,35.07995263671875,-0.48859691619873047,-0.36133044958114624,-0.22801899909973145
1696965629182966800,35.089966796875,0.14639854431152344,-0.3485898971557617,-0.2528184652328491
1696965629192980700,35.09998071289063,-0.3029317855834961,-0.016231536865234375,0.2802402973175049
1696965629202995000,35.10999487304687,0.5879278182983398,-0.21177583932876587,0.008073925971984863
1696965629213009200,35.120009033203125,-1.0745525360107422,-0.5520957708358765,-0.06739652156829834
1696965629223023000,35.13002319335938,0.11179924011230469,0.13430267572402954,-0.19330233335494995
1696965629233037300,35.14003735351562,0.5487527847290039,-0.11176592111587524,0.30119073390960693
1696965629243051500,35.150051513671876,0.07351493835449219,-0.4573923647403717,-0.17485308647155762
1696965629253065500,35.1600654296875,-0.6476516723632812,-0.19880735874176025,-0.030982017517089844
1696965629263079700,35.17007958984375,0.6163530349731445,0.02417886257171631,0.3567476272583008
1696965629273093600,35.18009375,0.32890892028808594,-0.0698663592338562,0.007792234420776367
1696965629283107800,35.19010791015625,-0.7455673217773438,-0.5474810600280762,0.09097456932067871
1696965629293122000,35.2001220703125,-0.17191314697265625,-0.13639932870864868,-0.06421804428100586
1696965629303136000,35.210135986328126,0.4012317657470703,0.15594536066055298,0.2802395820617676
1696965629313150200,35.22015014648437,-0.0004596710205078125,-0.30818742513656616,0.1643122434616089
1696965629323164400,35.230164306640624,-0.11325359344482422,-0.3195922374725342,-0.07914566993713379
1696965629333178600,35.2401787109375,0.1625356674194336,-0.0777750015258789,-0.010054945945739746
1696965629343192800,35.25019287109375,0.3719978332519531,-0.059672415256500244,0.21161961555480957
1696965629353206800,35.260206787109375,-0.39191627502441406,-0.5959019660949707,-0.14827430248260498
1696965629363221000,35.27022094726563,-0.5122766494750977,0.03418344259262085,-0.043550848960876465
1696965629373235200,35.28023510742187,0.5095605850219727,-0.153281569480896,0.2952098846435547
1696965629383249400,35.29024951171875,0.3553752899169922,-0.20070141553878784,-0.0167999267578125
1696965629393263600,35.300263671875,-0.7145490646362305,-0.5828831195831299,-0.19872373342514038
1696965629403277800,35.31027783203125,0.43290233612060547,0.009510576725006104,0.11993145942687988
1696965629413291800,35.32029174804688,0.6287784576416016,0.020007431507110596,0.28100597858428955
1696965629423306000,35.33030590820312,-0.2905292510986328,-0.4173823297023773,-0.1862000823020935
1696965629433320200,35.3403203125,-0.5583057403564453,-0.14037740230560303,-0.04006922245025635
1696965629443334400,35.35033447265625,0.4922046661376953,0.0771336555480957,0.32409656047821045
1696965629453348600,35.3603486328125,0.7531108856201172,-0.093433678150177,0.20870745182037354
1696965629463362800,35.37036279296875,-0.5310821533203125,-0.34961259365081787,-0.20988380908966064
1696965629473376800,35.38037670898437,0.38272857666015625,-0.012249648571014404,0.21617627143859863
1696965629483391000,35.390390869140624,0.8239812850952148,0.05532437562942505,0.06840229034423828
1696965629493405200,35.4004052734375,-0.6211585998535156,-0.5020931959152222,-0.1002037525177002
1696965629503419400,35.41041943359375,-0.4081592559814453,-0.3640264868736267,-0.06915545463562012
1696965629513433600,35.42043359375,0.24918079376220703,0.2746564745903015,0.1996145248413086
1696965629523447800,35.43044775390625,0.9941720962524414,-0.10055357217788696,-0.051639676094055176
1696965629533461800,35.44046166992187,-0.8777828216552734,-0.5612196326255798,-0.27961236238479614
1696965629543476000,35.45047607421875,0.5405244827270508,0.07361596822738647,-0.03651702404022217
1696965629553490200,35.460490234375,0.44278812408447266,0.1091921329498291,0.16420912742614746
1696965629563504400,35.47050439453125,-0.6952657699584961,-0.37594765424728394,-0.16605257987976074
1696965629573518600,35.4805185546875,-0.20245075225830078,-0.13383525609970093,-0.2977805733680725
1696965629583532800,35.49053271484375,-0.024849891662597656,0.0034272074699401855,0.20383405685424805
1696965629593547000,35.50054711914063,1.1020078659057617,-0.11473739147186279,-0.30395203828811646
1696965629603561000,35.51056103515625,-1.2323808670043945,-0.3717347979545593,-0.266247034072876
1696965629613575200,35.5205751953125,0.3240633010864258,-0.13932543992996216,0.0789346694946289
1696965629623589400,35.53058935546875,0.09758853912353516,0.24999582767486572,0.15314912796020508
1696965629633603600,35.540603515625,-0.07335948944091797,-0.43181899189949036,-0.3527507185935974
1696965629643617800,35.55061767578125,-0.4861869812011719,-0.19278967380523682,-0.21189385652542114
1696965629653632000,35.56063208007812,0.6760883331298828,0.034224867820739746,0.1614145040512085
1696965629663646000,35.57064599609375,-0.30967235565185547,-0.2782394289970398,-0.040773987770080566
1696965629673660200,35.58066015625,-0.4411640167236328,0.054217636585235596,-0.29263836145401
1696965629683674400,35.59067431640625,0.35822296142578125,-0.021769404411315918,0.1772298812866211
1696965629693688600,35.6006884765625,0.4228525161743164,0.004373908042907715,0.20987200736999512
1696965629703702800,35.61070288085938,-0.6434726715087891,-0.3074415326118469,-0.4220430850982666
1696965629713717000,35.620717041015624,-0.34070873260498047,0.007113158702850342,0.1284327507019043
1696965629723731000,35.63073095703125,1.1585826873779297,0.2909724712371826,0.2451646327972412
1696965629733745200,35.6407451171875,-0.30199432373046875,-0.20371896028518677,-0.1679111123085022
1696965629743759400,35.65075927734375,-0.8902101516723633,-0.25975245237350464,-0.32128024101257324
1696965629753773600,35.66077368164063,0.8157110214233398,0.006799221038818359,0.10179591178894043
1696965629763787800,35.67078784179687,0.22796916961669922,0.0768919587135315,-0.13182437419891357
1696965629773802000,35.680802001953126,-1.1393299102783203,-0.39387816190719604,-0.4120979309082031
1696965629783816000,35.69081591796875,0.2979755401611328,-0.07880967855453491,0.027805447578430176
1696965629793830100,35.700830078125,0.3825368881225586,-0.15082001686096191,0.03415679931640625
1696965629803844400,35.71084423828125,-0.48082637786865234,-0.37345778942108154,-0.263934850692749
1696965629813858600,35.72085864257812,-0.33145999908447266,-0.06747251749038696,-0.25821900367736816
1696965629823872800,35.730872802734375,0.45631980895996094,0.07720905542373657,0.14674770832061768
1696965629833887000,35.74088696289063,-0.06923198699951172,-0.05946516990661621,-0.22266411781311035
1696965629843901000,35.75090087890625,-0.6231756210327148,-0.14320343732833862,-0.4848833680152893
1696965629853915100,35.7609150390625,0.18150043487548828,0.0078352689743042,0.04647338390350342
1696965629863929300,35.77092944335938,0.5540609359741211,0.11889731884002686,0.07109618186950684
1696965629873943600,35.780943603515624,-1.1289434432983398,-0.21990323066711426,-0.5186966061592102
1696965629883957800,35.79095776367188,-0.11756515502929688,0.1137838363647461,-0.02568495273590088
1696965629893972000,35.80097192382812,0.7433395385742188,0.17139601707458496,0.02708256244659424
1696965629903986000,35.81098583984375,-1.2076339721679688,-0.2585259675979614,-0.22899776697158813
1696965629914000100,35.82100024414063,-0.14829635620117188,0.25654953718185425,-0.1423795223236084
1696965629924014300,35.83101440429687,0.8464593887329102,0.06591790914535522,-0.14684253931045532
1696965629934028300,35.8410283203125,-0.5264835357666016,-0.1967816948890686,-0.21130698919296265
1696965629944042500,35.85104248046875,-0.5583686828613281,-0.030917048454284668,-0.201809823513031
1696965629954056400,35.86105639648437,0.17450714111328125,-0.00513380765914917,-0.10097670555114746
1696965629964070700,35.871070556640625,0.05519866943359375,0.34976524114608765,0.15508079528808594
1696965629974084900,35.8810849609375,-0.8048677444458008,-0.07912492752075195,-0.3568407893180847
1696965629984098800,35.89109887695312,0.3155517578125,0.02929002046585083,-0.17395055294036865
1696965629994113000,35.901113037109376,0.769230842590332,0.15960490703582764,0.0022104978561401367
1696965630004127200,35.91112719726563,-1.201167106628418,-0.15969157218933105,-0.3715773820877075
1696965630014141200,35.92114111328125,-0.05121326446533203,-0.045209288597106934,-0.06898272037506104
1696965630024155400,35.9311552734375,0.8812694549560547,0.4963061809539795,0.025780200958251953
1696965630034169600,35.94116967773437,-1.2710514068603516,0.10036277770996094,-0.21924877166748047
1696965630044183600,35.95118359375,1.0019044876098633,-0.2636691927909851,-0.1873592734336853
1696965630054197800,35.96119775390625,0.5413551330566406,0.3973713517189026,-0.08004426956176758
1696965630064211700,35.97121166992188,-0.5302648544311523,-0.06061267852783203,-0.18903571367263794
1696965630074226000,35.981225830078124,-0.0794677734375,-0.2724018096923828,0.03057539463043213
1696965630084240100,35.991240234375,0.5707550048828125,0.24237287044525146,-0.11651605367660522
1696965630094254000,36.00125415039062,-0.5003890991210938,-0.11222469806671143,-0.19968044757843018
1696965630104268300,36.011268310546875,-0.222076416015625,0.007864952087402344,-0.212751567363739
1696965630114282500,36.02128247070313,1.1982336044311523,-0.10176777839660645,-0.1208353042602539
1696965630124296400,36.03129638671875,-0.39556884765625,0.22511374950408936,-0.13728904724121094
1696965630134310700,36.041310546875,-0.2843437194824219,-0.29409241676330566,-0.16136306524276733
1696965630144324900,36.05132495117188,0.5002126693725586,0.06810867786407471,-0.035920023918151855
1696965630154338800,36.0613388671875,-0.16435813903808594,0.10027730464935303,-0.2109355926513672
1696965630164353000,36.07135302734375,-0.7087783813476562,-0.1966930627822876,0.13431823253631592
1696965630174367000,36.08136694335938,1.2049331665039062,0.17295479774475098,-0.3054026961326599
1696965630184381200,36.09138110351562,-0.16407299041748047,0.2969435453414917,0.14660978317260742
1696965630194395400,36.1013955078125,-0.37369823455810547,-0.5040414333343506,-0.04024076461791992
1696965630204409300,36.11140942382813,0.46373558044433594,0.1634068489074707,-0.07723844051361084
1696965630214423600,36.121423583984374,0.2961292266845703,0.3442535400390625,-0.23717576265335083
1696965630224437800,36.13143774414063,-1.3244304656982422,-0.3748222589492798,0.07308685779571533
1696965630234451700,36.14145166015625,1.5366668701171875,-0.018321871757507324,-0.12468314170837402
1696965630244466000,36.1514658203125,-0.6978244781494141,0.26303577423095703,0.042763710021972656
1696965630254480100,36.16148022460938,-0.0655813217163086,-0.19217514991760254,-0.1832868456840515
1696965630264494000,36.171494140625,0.7238674163818359,0.1001584529876709,-0.13747787475585938
1696965630274508300,36.18150830078125,-1.0216989517211914,0.21086013317108154,0.24372053146362305
1696965630284522200,36.191522216796876,0.5147743225097656,-0.2450782060623169,-0.17487937211990356
1696965630294536400,36.20153637695312,0.6814956665039062,0.33425045013427734,-0.09085333347320557
1696965630304550700,36.211550537109375,-0.3902101516723633,0.1240919828414917,0.10468780994415283
1696965630314564600,36.22156469726563,0.4375801086425781,-0.07379770278930664,0.20116007328033447
1696965630324578800,36.23157885742187,0.7763528823852539,0.13660764694213867,-0.2010033130645752
1696965630334593000,36.241593017578126,-0.8451013565063477,0.17587769031524658,-0.001431107521057129
1696965630344607000,36.25160693359375,0.671961784362793,-0.08485901355743408,0.034113168716430664
1696965630354621200,36.26162109375,-0.40896129608154297,0.1443082094192505,-0.04921364784240723
1696965630364635400,36.27163549804688,-0.39832115173339844,-0.025386929512023926,-0.24827665090560913
1696965630374649300,36.2816494140625,0.22452735900878906,0.023166179656982422,-0.0385136604309082
1696965630384663600,36.29166357421875,-0.029015541076660156,0.3259928226470947,-0.13851094245910645
1696965630394677800,36.301677734375,0.27248382568359375,-0.15101373195648193,-0.28634965419769287
1696965630404691700,36.31169165039063,0.3344907760620117,0.13708102703094482,0.03816342353820801
1696965630414706000,36.321705810546874,-0.8223056793212891,0.23739027976989746,-0.20603537559509277
1696965630424720100,36.33172021484375,-0.050754547119140625,-0.17083609104156494,-0.04229891300201416
1696965630434734300,36.341734375,0.3755016326904297,0.3787405490875244,-0.3498622179031372
1696965630444748500,36.35174853515625,-1.1161279678344727,0.18396520614624023,-0.287251353263855
1696965630454762800,36.3617626953125,1.5677967071533203,0.31998348236083984,-0.0035310983657836914
1696965630464776700,36.37177661132812,-0.4804725646972656,0.2505735158920288,-0.16392505168914795
1696965630474791000,36.381791015625,-0.058902740478515625,-0.18137264251708984,-0.44260507822036743
1696965630484805000,36.39180517578125,0.5013065338134766,0.41597986221313477,-0.08583056926727295
1696965630494819300,36.4018193359375,-0.6897687911987305,0.19169092178344727,-0.45131170749664307
1696965630504833500,36.41183349609375,0.37807750701904297,0.04459524154663086,-0.18281704187393188
1696965630514847700,36.42184765625,-0.0764303207397461,0.4224814176559448,0.023752450942993164
1696965630524862000,36.43186206054688,-0.3579139709472656,0.27936041355133057,-0.25712889432907104
1696965630534876000,36.4418759765625,0.06862926483154297,0.031429290771484375,0.08369505405426025
1696965630544890000,36.45189013671875,-0.31824398040771484,0.4809844493865967,-0.31204766035079956
1696965630554904300,36.461904296875,-0.04962921142578125,0.36237478256225586,-0.15719300508499146
1696965630564918500,36.47191845703125,-0.38840579986572266,0.03247261047363281,-0.027063488960266113
1696965630574932700,36.4819326171875,-0.5545492172241211,0.33558690547943115,-0.2596326470375061
1696965630584947000,36.49194702148438,-0.17995643615722656,0.5273028612136841,0.23292231559753418
1696965630594961000,36.5019609375,-0.5284862518310547,0.4288128614425659,-0.09463417530059814
1696965630604975000,36.51197509765625,0.3620786666870117,0.41003870964050293,-0.2802685499191284
1696965630614989300,36.5219892578125,-1.459381103515625,0.28257524967193604,0.24161410331726074
1696965630625003500,36.53200341796875,0.45562171936035156,0.5819742679595947,0.09608972072601318
1696965630635017700,36.54201782226563,-0.4483814239501953,0.5629538297653198,0.07703423500061035
1696965630645032000,36.55203198242187,-0.667393684387207,0.07347452640533447,-0.2686087489128113
1696965630655046000,36.5620458984375,0.4430408477783203,0.8650355339050293,0.0775141716003418
1696965630665060000,36.57206005859375,-1.0776853561401367,0.3589508533477783,0.08361804485321045
1696965630675074300,36.58207421875,0.7500629425048828,0.30082273483276367,-0.01236104965209961
1696965630685088500,36.59208862304688,-0.7566661834716797,0.5881210565567017,-0.01797008514404297
1696965630695102700,36.60210278320312,-0.33017539978027344,0.34441113471984863,-0.08460581302642822
1696965630705117000,36.612116943359375,0.2062053680419922,0.5175521373748779,-0.24171745777130127
1696965630715131000,36.622130859375,-0.21538829803466797,0.4023946523666382,-0.1464030146598816
1696965630725145000,36.63214501953125,0.5165777206420898,0.4564707279205322,-0.15044879913330078
1696965630735159300,36.6421591796875,-0.8039674758911133,0.4457132816314697,-0.11897313594818115
1696965630745173500,36.65217358398438,1.0759038925170898,0.31488144397735596,-0.41159588098526
1696965630755187700,36.662187744140624,-0.5753145217895508,0.46007418632507324,-0.3336051106452942
1696965630765202000,36.67220190429688,0.11396503448486328,0.45881640911102295,-0.24351739883422852
1696965630775215900,36.6822158203125,0.22851085662841797,0.4700915813446045,0.1260617971420288
1696965630785230000,36.69222998046875,0.08428764343261719,0.640480637550354,-0.47798049449920654
1696965630795244300,36.70224438476563,0.581329345703125,0.4456421136856079,0.1638319492340088
1696965630805258500,36.71225854492187,-0.7679681777954102,0.08945286273956299,-0.5596502423286438
1696965630815272700,36.722272705078126,1.394021987915039,0.6473314762115479,-0.21743887662887573
1696965630825287000,36.73228686523437,-0.8550605773925781,0.5317529439926147,-0.1596219539642334
1696965630835300900,36.74230078125,0.618504524230957,0.44011247158050537,-0.07383608818054199
1696965630845315000,36.75231518554688,0.2113819122314453,0.35778820514678955,-0.2841951251029968
1696965630855329300,36.76232934570312,-0.5683488845825195,0.504638671875,-0.10399812459945679
1696965630865343200,36.77234326171875,0.5613260269165039,0.33691084384918213,-0.09323924779891968
1696965630875357400,36.782357421875,-0.8738164901733398,0.7171717882156372,-0.4590492248535156
1696965630885371400,36.79237133789063,0.7439689636230469,0.511532187461853,0.10218286514282227
1696965630895385600,36.802385498046874,-0.4381570816040039,0.5936453342437744,-0.5413194298744202
1696965630905399800,36.81239990234375,-0.39346790313720703,0.49368739128112793,0.13667476177215576
1696965630915413800,36.82241381835937,0.2047109603881836,0.5430412292480469,-0.43773216009140015
1696965630925428000,36.832427978515625,0.03294658660888672,0.7393968105316162,0.018329620361328125
1696965630935442200,36.84244213867188,0.032733917236328125,0.5199970006942749,-0.31182748079299927
1696965630945456000,36.8524560546875,-0.43965911865234375,0.9602663516998291,-0.1670343279838562
1696965630955470300,36.86247021484375,0.1987590789794922,0.4760392904281616,-0.19298499822616577
1696965630965484500,36.87248461914062,-0.5387086868286133,0.7525430917739868,-0.13696002960205078
1696965630975498500,36.88249853515625,0.2662239074707031,0.6299164295196533,-0.13025164604187012
1696965630985512700,36.8925126953125,-0.6137237548828125,0.7248661518096924,-0.15983307361602783
1696965630995526700,36.90252661132813,0.25368213653564453,0.4569960832595825,-0.1529192328453064
1696965631005540900,36.91254077148437,-0.762598991394043,0.9123630523681641,0.03455495834350586
1696965631015555000,36.92255517578125,0.15883827209472656,0.37888002395629883,-0.03627508878707886
1696965631025569000,36.93256909179688,-0.6436195373535156,0.8486751317977905,-0.04477411508560181
1696965631035583200,36.942583251953124,-0.27076053619384766,0.42029869556427,0.060502588748931885
1696965631045597400,36.95259741210938,0.07388496398925781,0.7724481821060181,0.003649592399597168
1696965631055611400,36.962611328125,0.048671722412109375,0.3537646532058716,-0.24570471048355103
1696965631065625600,36.97262548828125,-0.5210494995117188,0.6219470500946045,0.03552144765853882
1696965631075639800,36.98263989257813,0.4245491027832031,0.550605297088623,0.12989377975463867
1696965631085653800,36.99265380859375,-0.04763984680175781,0.7251846790313721,0.07491391897201538
1696965631095668000,37.00266796875,-0.09916305541992188,0.09141242504119873,-0.15261852741241455
1696965631105682000,37.01268188476563,0.18648815155029297,0.678607702255249,0.1032552719116211
1696965631115696000,37.02269604492187,-0.3164644241333008,0.3045179843902588,0.0401761531829834
1696965631125710300,37.03271044921875,0.9242362976074219,0.7334134578704834,0.01603323221206665
1696965631135724300,37.04272436523438,-0.13235855102539062,0.38968217372894287,0.1270851492881775
1696965631145738500,37.05273852539062,0.08757686614990234,0.4546070098876953,0.1776106357574463
1696965631155752700,37.062752685546876,0.33568572998046875,0.5677772760391235,-0.03352808952331543
1696965631165766700,37.0727666015625,-0.28118228912353516,0.28983378410339355,0.21253347396850586
1696965631175780900,37.08278076171875,0.36873435974121094,0.5992156267166138,-0.060201406478881836
1696965631185795000,37.09279516601563,-0.19688987731933594,0.39584648609161377,-0.03901851177215576
1696965631195809000,37.10280908203125,0.34334278106689453,0.36859047412872314,-0.03440415859222412
1696965631205823200,37.1128232421875,-0.1371469497680664,0.5133066177368164,-0.060349225997924805
1696965631215837200,37.122837158203126,0.3316946029663086,0.5113743543624878,0.13674795627593994
1696965631225851400,37.13285131835938,-0.5445117950439453,0.23034286499023438,0.07109153270721436
1696965631235865600,37.142865478515624,0.3552103042602539,0.581366777420044,-0.21946263313293457
1696965631245879600,37.15287963867188,-0.6910743713378906,0.3420053720474243,0.14974093437194824
1696965631255893800,37.16289379882812,0.5408620834350586,0.649099588394165,0.0270768404006958
1696965631265908000,37.172907958984375,-0.5981740951538086,0.1588367223739624,-0.05845010280609131
1696965631275922000,37.182921875,0.4062013626098633,0.4832446575164795,0.051877737045288086
1696965631285936000,37.19293603515625,-0.3163156509399414,0.5428502559661865,0.09510993957519531
1696965631295950300,37.202950439453126,-0.296356201171875,0.38916683197021484,-0.17954611778259277
1696965631305964300,37.21296435546875,-0.1219320297241211,0.23069143295288086,0.06221657991409302
1696965631315978500,37.222978515625,-0.28406238555908203,0.5767149925231934,-0.03421753644943237
1696965631325992400,37.232992431640625,-0.15262317657470703,0.33593547344207764,-0.11775290966033936
1696965631336006700,37.24300659179688,-0.7616491317749023,0.520173192024231,0.04156696796417236
1696965631346020900,37.25302075195312,0.17336463928222656,0.3950575590133667,-0.02174997329711914
1696965631356034800,37.263034912109376,-0.8414077758789062,0.4368245601654053,-0.10524779558181763
1696965631366049000,37.27304907226563,0.06646442413330078,0.24309110641479492,-0.14640861749649048
1696965631376063200,37.283063232421874,-0.3578643798828125,0.22219741344451904,-0.1562715768814087
1696965631386077200,37.2930771484375,0.16994762420654297,0.4838683605194092,-0.26342910528182983
1696965631396091400,37.30309130859375,-0.2563610076904297,-0.05366384983062744,0.04996079206466675
1696965631406105600,37.313105712890625,0.5902118682861328,0.1739482879638672,-0.6816284656524658
1696965631416119600,37.32311962890625,-0.8324270248413086,0.05664396286010742,0.014614880084991455
1696965631426133800,37.3331337890625,0.8435535430908203,0.4235340356826782,-0.4857478737831116
1696965631436147700,37.343147705078124,-0.1736736297607422,-0.11705374717712402,-0.12518322467803955
1696965631446162000,37.35316186523438,0.3236398696899414,0.293704628944397,-0.48595839738845825
1696965631456176000,37.36317602539062,-0.5721979141235352,-0.2351236343383789,-0.3058539032936096
1696965631466190300,37.3731904296875,1.0720386505126953,0.21507573127746582,-0.665147602558136
1696965631476204500,37.38320458984375,-0.29793357849121094,0.03556704521179199,-0.7119089961051941
1696965631486218800,37.39321875,0.2258138656616211,-0.10910749435424805,-0.4415283203125
1696965631496232700,37.403232666015626,0.38643646240234375,-0.12183654308319092,-0.8752627372741699
1696965631506247000,37.41324682617188,-0.32089996337890625,0.1404489278793335,-0.49780797958374023
1696965631516261000,37.42326123046875,0.6213226318359375,0.08146178722381592,-0.5950195789337158
1696965631526275300,37.433275390625,-0.08036518096923828,0.25995874404907227,-0.5389401316642761
1696965631536289500,37.44328955078125,0.19846248626708984,-0.06504189968109131,-1.027862310409546
1696965631546303700,37.4533037109375,0.06901168823242188,-0.05800795555114746,-0.06878626346588135
1696965631556317700,37.46331762695313,0.6942481994628906,0.3466451168060303,-1.3905878067016602
1696965631566332000,37.47333178710937,-0.8286123275756836,-0.14744365215301514,-0.09575510025024414
1696965631576346000,37.48334619140625,1.42425537109375,0.2483065128326416,-1.1617664098739624
1696965631586360300,37.4933603515625,-1.2927961349487305,-0.042752742767333984,-0.39296597242355347
1696965631596374500,37.50337451171875,1.0855607986450195,0.13773572444915771,-0.7424271106719971
1696965631606388700,37.513388671875,-1.353525161743164,0.20087242126464844,-0.7343713045120239
1696965631616403000,37.52340283203125,0.25577735900878906,0.13699758052825928,-0.5263830423355103
1696965631626417000,37.5334169921875,-0.3083839416503906,0.259258508682251,-0.1964353322982788
1696965631636431000,37.54343115234375,-0.5745630264282227,0.031141281127929688,-0.24066418409347534
1696965631646445300,37.5534453125,-0.19568443298339844,0.20272040367126465,-0.45298266410827637
1696965631656459500,37.56345947265625,0.2737855911254883,0.30504536628723145,-0.1247096061706543
1696965631666473700,37.5734736328125,-0.11418819427490234,0.08368492126464844,-0.32088667154312134
1696965631676488000,37.583488037109376,-0.06079673767089844,-0.02850472927093506,-0.025645196437835693
1696965631686502000,37.593501953125,0.2593994140625,0.4149724245071411,-0.34619253873825073
1696965631696516000,37.60351611328125,-0.8017969131469727,-0.022360920906066895,0.27919965982437134
1696965631706530300,37.6135302734375,0.776850700378418,0.16348481178283691,-0.35512059926986694
1696965631716544500,37.62354443359375,-1.1552906036376953,-0.06800532341003418,-0.09857034683227539
1696965631726558700,37.633558837890625,0.8780994415283203,0.28130996227264404,-0.292479932308197
1696965631736573000,37.64357299804688,-0.6626052856445312,-0.13183319568634033,-0.0056304931640625
1696965631746587000,37.6535869140625,0.700739860534668,0.327284574508667,-0.32169830799102783
1696965631756601000,37.66360107421875,-0.47188472747802734,-0.4438135623931885,-0.6625555753707886
1696965631766615300,37.673615234375,0.6093587875366211,0.36959075927734375,-0.5460702180862427
1696965631776629500,37.68362939453125,0.16783428192138672,-0.2956143617630005,-0.14363735914230347
1696965631786643700,37.69364379882813,-0.17628192901611328,0.12416350841522217,-0.4122666120529175
1696965631796658000,37.70365795898437,0.6024665832519531,0.2401282787322998,-0.36815351247787476
1696965631806672000,37.713671875,-0.08656597137451172,-0.035376787185668945,-0.025436103343963623
1696965631816686000,37.72368603515625,0.46251678466796875,0.31507933139801025,-0.6409173011779785
1696965631826700300,37.7337001953125,-1.0099306106567383,-0.15618526935577393,-0.4225282669067383
1696965631836714500,37.743714599609376,0.7362575531005859,0.1228487491607666,-0.44021451473236084
1696965631846728400,37.753728515625,-0.18291378021240234,-0.108054518699646,-0.295795202255249
1696965631856742700,37.76374267578125,0.13293075561523438,-0.027405977249145508,-0.8420817255973816
1696965631866756900,37.7737568359375,-0.14010047912597656,-0.050530314445495605,-0.4458925426006317
1696965631876770800,37.78377075195313,0.859492301940918,-0.09131872653961182,-0.6588191390037537
1696965631886785000,37.79378491210937,-0.8684062957763672,-0.06594455242156982,-0.6817532181739807
1696965631896799200,37.80379931640625,0.730473518371582,-0.0013990402221679688,-0.7906392812728882
1696965631906813200,37.81381323242187,-1.3697586059570312,-0.053080081939697266,-1.0812944173812866
1696965631916827400,37.823827392578124,0.6601629257202148,-0.11101794242858887,-0.6829338669776917
1696965631926841300,37.83384130859375,-0.5458011627197266,0.060366153717041016,-1.166045904159546
1696965631936855600,37.84385546875,-0.5253429412841797,-0.4363260269165039,-0.958583414554596
1696965631946869800,37.853869873046875,0.8569822311401367,0.5065931081771851,-1.070282220840454
1696965631956883700,37.8638837890625,-0.6694145202636719,-0.7478867769241333,-0.5088490843772888
1696965631966898000,37.87389794921875,0.354827880859375,0.22016334533691406,-0.7755435705184937
1696965631976912100,37.883912109375,-0.4394197463989258,-0.4115813970565796,-0.8005714416503906
1696965631986926000,37.89392602539063,-0.05095386505126953,0.023980259895324707,-0.9256993532180786
1696965631996940300,37.90394018554687,-0.22338199615478516,-0.28966426849365234,-0.6725268959999084
1696965632006954500,37.91395458984375,-0.0023651123046875,-0.21443283557891846,-0.7796156406402588
1696965632016968400,37.92396850585938,-0.5765504837036133,-0.091422438621521,-0.8568627238273621
1696965632026982700,37.93398266601562,0.9737930297851562,-0.26463425159454346,-0.5237348079681396
1696965632036996600,37.94399658203125,-0.29084205627441406,-0.3096776008605957,-0.6349064111709595
1696965632047010800,37.9540107421875,0.2691841125488281,-0.3948630094528198,-0.439827024936676
1696965632057025000,37.96402490234375,0.9467372894287109,-0.17294812202453613,-0.6081563830375671
1696965632067039000,37.9740390625,-0.9288244247436523,-0.6881422996520996,-0.18984949588775635
1696965632077053200,37.98405322265625,1.5339593887329102,-0.3216090202331543,-0.4845302700996399
1696965632087067400,37.9940673828125,-1.040684700012207,-0.4451550245285034,-0.5922780632972717
1696965632097081300,38.004081298828126,0.7296781539916992,-0.49567461013793945,-0.5818853378295898
1696965632107095600,38.01409545898437,-0.963994026184082,-0.5607091188430786,-0.5235133171081543
1696965632117109800,38.02410986328125,0.6297578811645508,-0.08616232872009277,-0.41629624366760254
1696965632127123700,38.03412377929688,-0.8438901901245117,-0.3965415954589844,-0.6521293520927429
1696965632137138000,38.04413793945312,1.0363550186157227,-0.1705690622329712,-0.42686545848846436
1696965632147152000,38.05415185546875,-0.060532569885253906,-0.47219276428222656,-0.3479369282722473
1696965632157166000,38.064166015625,0.1308155059814453,-0.619288444519043,-0.28037142753601074
1696965632167180300,38.07418017578125,0.5272808074951172,-0.08823490142822266,-0.7903849482536316
1696965632177194200,38.0841943359375,-0.3963451385498047,-0.24561548233032227,-0.31609392166137695
1696965632187208400,38.09420849609375,0.9286689758300781,-0.0746302604675293,-0.4003146290779114
1696965632197222700,38.10422265625,-1.9362239837646484,-0.2651815414428711,-0.324603796005249
1696965632207236600,38.114236572265625,0.7400217056274414,0.1941545009613037,-0.45663225650787354
1696965632217250800,38.12425073242188,-0.6716518402099609,0.270546555519104,-0.5805480480194092
1696965632227265000,38.13426513671875,-0.47864627838134766,-0.385117769241333,-0.6812023520469666
1696965632237279000,38.144279052734376,0.8504295349121094,-0.003813624382019043,-0.06075471639633179
1696965632247293200,38.15429321289062,-0.5415658950805664,-0.36007940769195557,-0.5146069526672363
1696965632257307100,38.16430712890625,0.6197605133056641,0.1712799072265625,-0.42570847272872925
1696965632267321300,38.1743212890625,0.3037433624267578,-0.08586001396179199,-0.6251481771469116
1696965632277335600,38.18433544921875,-0.4915752410888672,0.2391369342803955,-0.34052330255508423
1696965632287349500,38.194349609375,0.6377696990966797,-0.06389296054840088,-0.5694115161895752
1696965632297363700,38.20436376953125,-0.7598428726196289,0.5548896789550781,-0.4126647114753723
1696965632307378000,38.2143779296875,0.4267005920410156,-0.2760806083679199,-0.079170823097229
1696965632317392000,38.224391845703124,0.062445640563964844,0.18742823600769043,-0.7174299955368042
1696965632327406000,38.23440600585938,-0.908574104309082,-0.09637010097503662,-0.3079678416252136
1696965632337420300,38.24442016601562,0.9909610748291016,0.5864355564117432,-0.6107698678970337
1696965632347434200,38.254434326171875,-0.40287113189697266,-0.2723323106765747,-0.40174782276153564
1696965632357448400,38.26444848632813,0.6735296249389648,-0.5304203033447266,-0.6634466648101807
1696965632367462400,38.27446240234375,-0.2702913284301758,-0.09181296825408936,-0.3905091881752014
1696965632377476600,38.2844765625,-0.37903499603271484,-0.1415090560913086,-0.8259886503219604
1696965632387490800,38.29449072265625,-0.25015926361083984,-0.03622996807098389,-0.10780501365661621
1696965632397504800,38.3045048828125,0.21000003814697266,0.08472836017608643,-0.7451005578041077
1696965632407519000,38.31451904296875,-1.0389337539672852,-0.37469398975372314,-0.4710274934768677
1696965632417533200,38.324533203125,1.4013166427612305,0.2894176244735718,-0.8931204676628113
1696965632427547100,38.33454711914062,-0.8248558044433594,-0.7233649492263794,-0.7722535729408264
1696965632437561300,38.344561279296876,1.6096830368041992,0.17755341529846191,-0.6190166473388672
1696965632447575300,38.3545751953125,-0.3346080780029297,-0.363999605178833,-0.6046088933944702
1696965632457589500,38.364589599609374,-0.6541261672973633,0.05884838104248047,-0.4660438299179077
1696965632467603700,38.37460375976563,0.9623861312866211,-0.251476526260376,-0.9564003348350525
1696965632477617700,38.38461767578125,-2.437335968017578,0.340775728225708,-0.6397720575332642
1696965632487632000,38.3946318359375,0.9319133758544922,-0.4588637351989746,-0.9263310432434082
1696965632497646000,38.40464599609375,-1.8030214309692383,0.2709742784500122,-1.0567950010299683
1696965632507660000,38.41465991210937,0.00662994384765625,-0.5128864049911499,-0.5422242283821106
1696965632517674200,38.42467431640625,-0.33691883087158203,0.10851287841796875,-0.6756316423416138
1696965632527688400,38.4346884765625,0.26037025451660156,-0.6816800832748413,-1.0560083389282227
1696965632537702400,38.44470239257812,-0.11266231536865234,0.027539610862731934,-0.3483813405036926
1696965632547716600,38.454716552734375,0.9334497451782227,-0.45313704013824463,-0.866688072681427
1696965632557730800,38.46473071289063,-0.05298137664794922,-0.1366720199584961,-0.1107286810874939
1696965632567745000,38.4747451171875,0.36702537536621094,-0.584004282951355,-1.1121981143951416
1696965632577759200,38.48475927734375,0.2613248825073242,0.1339324712753296,-0.43570080399513245
1696965632587773200,38.49477319335937,0.09763336181640625,-0.543745756149292,-1.442280650138855
1696965632597787400,38.504787353515624,0.35573387145996094,-0.09341096878051758,-0.5203741192817688
1696965632607801600,38.51480151367188,0.19686222076416016,-0.3366490602493286,-1.169838547706604
1696965632617815800,38.52481591796875,0.3733787536621094,0.08003246784210205,-0.07598668336868286
1696965632627830000,38.534830078125,0.27202796936035156,-0.39362967014312744,-0.9482269287109375
1696965632637844200,38.54484423828125,-0.9566335678100586,-0.18706989288330078,-0.38117140531539917
1696965632647858200,38.55485815429687,0.6895112991333008,-0.24357712268829346,-0.8890130519866943
1696965632657872400,38.564872314453126,-1.3477506637573242,0.2443767786026001,-0.547702968120575
1696965632667886600,38.57488647460937,0.8918399810791016,-0.38116133213043213,-0.6729890704154968
1696965632677900800,38.58490087890625,-1.0217275619506836,0.356056809425354,-0.09368151426315308
1696965632687915000,38.5949150390625,1.9575443267822266,-0.3746061325073242,-0.3744434118270874
1696965632697929200,38.60492919921875,-1.3727874755859375,-0.031240344047546387,-0.0751495361328125
1696965632707943200,38.614943115234375,1.4490442276000977,-0.5338543653488159,-0.29099953174591064
1696965632717957400,38.62495727539063,0.12715625762939453,0.37359559535980225,-0.09157317876815796
1696965632727971600,38.6349716796875,0.508030891418457,-0.6609183549880981,-0.985867977142334
1696965632737985800,38.64498583984375,0.5026731491088867,-0.2547246217727661,-0.3976620137691498
1696965632748000000,38.655,-0.48860836029052734,-0.20854103565216064,-0.7638587355613708
1696965632758014200,38.66501416015625,0.8699579238891602,0.40417516231536865,-0.015254557132720947
1696965632768028200,38.67502807617188,0.5570030212402344,0.17374372482299805,-0.6146639585494995
1696965632778042400,38.68504248046875,-1.4276933670043945,0.054871439933776855,0.45447200536727905
1696965632788056600,38.695056640625,1.299056053161621,-0.6263421773910522,-0.5189017057418823
1696965632798070800,38.70507080078125,-2.4934310913085938,0.5212042331695557,0.30350595712661743
1696965632808085000,38.7150849609375,1.3917598724365234,-0.5745786428451538,-0.09040951728820801
1696965632818099200,38.72509912109375,0.10763263702392578,0.6072996854782104,-0.4556668698787689
1696965632828113400,38.735113525390624,0.4508075714111328,-0.6070072650909424,-0.7999204397201538
1696965632838127400,38.74512744140625,-1.433476448059082,0.04594075679779053,-0.3253781199455261
1696965632848141600,38.7551416015625,0.20853042602539062,-0.6833772659301758,-0.6705374717712402
1696965632858155800,38.76515576171875,-1.713235855102539,-0.0833292007446289,-0.7659618854522705
1696965632868170000,38.775169921875,0.29267311096191406,-0.14741873741149902,-1.2076175212860107
1696965632878184200,38.78518408203125,-0.25780487060546875,-0.12144148349761963,-0.9015094637870789
1696965632888198400,38.795198486328125,0.14877700805664062,-0.4929252862930298,-0.9976681470870972
1696965632898212400,38.80521240234375,0.7885675430297852,0.1261991262435913,-0.3936299979686737
1696965632908226600,38.8152265625,-0.7806463241577148,-0.2805901765823364,-0.43028905987739563
1696965632918240800,38.82524072265625,1.585942268371582,-0.19020843505859375,-0.7244068384170532
1696965632928255000,38.8352548828125,-0.2185535430908203,-0.3847835063934326,-0.936813235282898
1696965632938269000,38.84526904296875,-0.6061296463012695,-0.2459324598312378,-0.5081568956375122
1696965632948283100,38.855283203125,0.7819528579711914,0.10638952255249023,-0.3697141408920288
1696965632958297000,38.86529711914063,-0.09998226165771484,-0.4557950496673584,-0.38222408294677734
1696965632968311300,38.875311279296874,-0.06563568115234375,0.04966592788696289,-0.6297450065612793
1696965632978325500,38.885325439453126,0.5982646942138672,-0.21182787418365479,-0.183010995388031
1696965632988339500,38.89533935546875,-0.6544818878173828,-0.09542334079742432,-1.0180180072784424
1696965632998353700,38.905353759765624,-0.1661090850830078,-0.6997151374816895,-0.9284279346466064
1696965633008367900,38.91536791992188,-0.002338409423828125,0.19710445404052734,-1.2277430295944214
1696965633018381800,38.9253818359375,-1.121047019958496,-0.5758814811706543,-0.7919784784317017
1696965633028396000,38.93539599609375,0.7935934066772461,0.4428980350494385,-1.304223656654358
1696965633038410000,38.945409912109376,-1.1102514266967773,-0.43819761276245117,-0.2698292136192322
1696965633048424200,38.95542407226562,0.04400157928466797,0.5254807472229004,-0.07528230547904968
1696965633058438400,38.9654384765625,0.5838565826416016,-0.20727860927581787,-0.5269412398338318
1696965633068452400,38.97545239257813,-0.7699251174926758,-0.024905800819396973,-0.6199566125869751
1696965633078466600,38.98546655273437,-0.1041574478149414,-0.23820149898529053,-0.40065982937812805
1696965633088480800,38.995480712890625,-0.7679290771484375,0.09155726432800293,-0.5984677672386169
1696965633098494700,39.00549462890625,-0.2743988037109375,-0.25928354263305664,-0.8246839046478271
1696965633108509000,39.015509033203124,0.12812519073486328,-0.15967726707458496,-0.8209735155105591
1696965633118523100,39.025523193359376,-0.7900762557983398,-0.43944835662841797,-0.6565123796463013
1696965633128537000,39.035537109375,0.2919912338256836,0.20279359817504883,-0.4386448860168457
1696965633138551300,39.04555126953125,0.9362525939941406,-0.20316016674041748,-0.5276319980621338
1696965633148565200,39.055565185546875,-0.4230813980102539,-0.16915678977966309,-0.60296630859375
1696965633158579500,39.06557934570313,0.8150081634521484,-0.13682639598846436,-0.46937596797943115
1696965633168593700,39.07559375,0.8611612319946289,0.11081218719482422,-0.3668552339076996
1696965633178607600,39.085607666015626,0.42824363708496094,-0.4602113962173462,-0.11869314312934875
1696965633188621800,39.09562182617187,0.7045345306396484,-0.03900456428527832,0.24767789244651794
1696965633198636000,39.105635986328124,0.4535675048828125,-0.3088221549987793,0.13289114832878113
1696965633208650000,39.11564990234375,0.7631645202636719,0.10222160816192627,-0.6218849420547485
1696965633218664200,39.12566430664062,-0.7443838119506836,-0.3511929512023926,-0.5606428384780884
1696965633228678400,39.135678466796875,-0.0927886962890625,0.10004520416259766,-0.04777136445045471
1696965633238692400,39.1456923828125,0.4951000213623047,-0.7178192138671875,-0.9269193410873413
1696965633248706600,39.15570654296875,-0.8870096206665039,-0.3004497289657593,-0.4513140618801117
1696965633258720500,39.165720458984374,0.4435157775878906,-0.5673104524612427,-1.0423353910446167
1696965633268734700,39.17573461914063,-0.7135915756225586,0.2359529733657837,-0.43035104870796204
1696965633278749000,39.1857490234375,0.6260604858398438,-1.0166118144989014,-1.0983216762542725
1696965633288763000,39.195762939453125,-0.4885120391845703,0.5910515785217285,-0.7549386024475098
1696965633298777000,39.20577709960938,0.6593732833862305,-0.34624946117401123,-0.9221175909042358
1696965633308791300,39.21579125976562,-1.028824806213379,-0.1688603162765503,-0.5503129363059998
1696965633318805200,39.22580517578125,1.1379375457763672,-0.4186288118362427,-0.8852224349975586
1696965633328819500,39.2358193359375,-0.7375116348266602,0.483687162399292,-0.9013093709945679
1696965633338833700,39.245833740234374,0.969304084777832,-0.16591107845306396,-0.16284942626953125
1696965633348847600,39.25584765625,0.12685298919677734,-0.47101283073425293,-0.4314195215702057
1696965633358861800,39.26586181640625,-1.3557662963867188,-1.2393684387207031,0.15748313069343567
1696965633368875800,39.27587573242187,1.0086631774902344,-0.05214858055114746,-0.7469262480735779
1696965633378890000,39.285889892578126,-0.5948982238769531,0.29321539402008057,0.14612409472465515
1696965633388904200,39.295904296875,0.20009708404541016,-0.7456690073013306,-0.2079429030418396
1696965633398918100,39.305918212890624,-1.0814027786254883,-0.9143149852752686,0.4800298511981964
1696965633408932400,39.31593237304688,1.6167421340942383,-0.13903594017028809,-0.4602869153022766
1696965633418946600,39.32594653320312,-1.3021154403686523,-0.0495450496673584,-0.49410414695739746
1696965633428960500,39.33596044921875,0.9421348571777344,-0.18138659000396729,-0.7313130497932434
1696965633438974700,39.345974609375,-0.6939029693603516,-0.6813750267028809,0.01809448003768921
1696965633448989000,39.35598901367187,0.17239665985107422,-0.7062082290649414,-0.23881705105304718
1696965633459003000,39.3660029296875,-0.2144479751586914,0.04801356792449951,-0.28592777252197266
1696965633469017000,39.37601708984375,0.28772449493408203,-0.12782800197601318,0.015114247798919678
1696965633479031000,39.38603100585937,0.8608779907226562,-0.1144787073135376,-0.16995787620544434
1696965633489045200,39.396045166015625,-0.2545890808105469,-0.3871750831604004,-0.2668910324573517
1696965633499059500,39.4060595703125,0.3437528610229492,-0.27678072452545166,0.2592076361179352
1696965633509073400,39.41607348632812,0.5005006790161133,-0.4383571147918701,0.2406904101371765
1696965633519087600,39.426087646484376,0.3085041046142578,-0.4578409194946289,-0.06420332193374634
1696965633529101800,39.43610180664062,0.6373414993286133,0.0644005537033081,0.33001795411109924
1696965633539115800,39.44611572265625,0.9229154586791992,-0.23905014991760254,-0.058753788471221924
1696965633549130000,39.4561298828125,-0.42725563049316406,-0.5441356897354126,-0.026658952236175537
1696965633559144200,39.46614428710937,0.009102821350097656,-0.6979293823242188,-0.3661954402923584
1696965633569158400,39.476158447265625,-0.7605323791503906,-0.12704741954803467,0.3206011652946472
1696965633579172600,39.48617260742188,0.7422695159912109,-0.3535805940628052,-0.7871127128601074
1696965633589186800,39.49618676757812,-1.4720048904418945,-0.38703954219818115,-0.31396061182022095
1696965633599200800,39.50620068359375,0.4146108627319336,-0.8165570497512817,-0.23095133900642395
1696965633609215000,39.51621508789062,-1.1151371002197266,-0.3007444143295288,-0.5823427438735962
1696965633619229200,39.526229248046874,0.005904197692871094,-0.5529201030731201,-0.37132197618484497
1696965633629243400,39.53624340820313,0.1546010971069336,-0.3337353467941284,-0.2934456765651703
1696965633639257600,39.54625756835937,-0.44297313690185547,-0.2902628183364868,-0.15177547931671143
1696965633649271800,39.556271728515625,0.5667572021484375,-0.9072350263595581,-0.49643072485923767
1696965633659286000,39.5662861328125,-0.3659849166870117,-0.4814722537994385,0.06833750009536743
1696965633669300000,39.576300048828124,0.3899106979370117,-0.13615727424621582,-0.4126285910606384
1696965633679314200,39.586314208984376,0.8529729843139648,-0.5869778394699097,-0.02729162573814392
1696965633689328400,39.59632836914062,0.014659881591796875,-0.4000314474105835,0.06388920545578003
1696965633699342600,39.606342529296874,0.2681398391723633,-0.6256163120269775,0.1042620837688446
1696965633709356800,39.61635668945313,-0.21994781494140625,-0.4429558515548706,0.23402079939842224
1696965633719371000,39.62637109375,0.2536163330078125,-0.4520261287689209,-0.26880142092704773
1696965633729385000,39.636385009765625,-0.08623313903808594,-0.3753703832626343,0.16343456506729126
1696965633739399200,39.64639916992188,0.033318519592285156,-0.33661210536956787,-0.44914519786834717
1696965633749413400,39.656413330078124,-0.6693077087402344,-0.6320780515670776,-0.2656891942024231
1696965633759427600,39.666427490234376,-0.26625728607177734,-0.7791560888290405,-0.7924515008926392
1696965633769441800,39.67644189453125,-0.6384410858154297,-0.5133193731307983,-0.5678009390830994
1696965633779456000,39.6864560546875,-0.6892881393432617,-0.7228078842163086,-0.7631587982177734
1696965633789470000,39.69646997070313,-0.6829252243041992,-0.5378031730651855,-0.7593646049499512
1696965633799484200,39.70648413085937,0.23172950744628906,-0.5793395042419434,-0.8138876557350159
1696965633809498400,39.716498291015625,-0.6097497940063477,-0.7497729063034058,-0.6732699871063232
1696965633819512600,39.7265126953125,0.09908485412597656,-0.4311941862106323,-0.7148768901824951
1696965633829526800,39.73652685546875,0.0990591049194336,-0.5877742767333984,-0.33550000190734863
1696965633839541000,39.746541015625,0.32833385467529297,-0.6622985601425171,-0.11438089609146118
1696965633849555000,39.75655493164062,0.007422447204589844,-0.4981343746185303,-0.3217286467552185
1696965633859569200,39.766569091796875,0.7097415924072266,-0.27060890197753906,0.1976771354675293
1696965633869583400,39.77658325195313,0.45008182525634766,-0.7105036973953247,-0.15216320753097534
1696965633879597600,39.78659765625,0.009021759033203125,-0.5831506252288818,0.006741970777511597
1696965633889611800,39.79661181640625,0.558629035949707,-0.44841015338897705,0.055402666330337524
1696965633899626000,39.8066259765625,-0.21254920959472656,-0.594224214553833,-0.11356112360954285
1696965633909640000,39.816639892578124,0.9919681549072266,-0.6489938497543335,-0.20620477199554443
1696965633919654100,39.826654052734376,-0.9935941696166992,-0.639175295829773,-0.2431323528289795
1696965633929668400,39.83666845703125,0.9769525527954102,-0.6053363084793091,-0.30386143922805786
1696965633939682600,39.8466826171875,0.062140464782714844,-0.7971817255020142,-0.6145813465118408
1696965633949696800,39.85669677734375,-0.043738365173339844,-0.6825841665267944,-0.18980583548545837
1696965633959710700,39.86671069335937,0.20482540130615234,-0.943030834197998,-0.27191632986068726
1696965633969725000,39.876724853515626,0.2136087417602539,-0.5474553108215332,-0.3182985484600067
1696965633979739100,39.8867392578125,-0.7473793029785156,-0.9278712272644043,-0.4222734570503235
1696965633989753000,39.896753173828124,0.9743452072143555,-0.8456950187683105,0.23357999324798584
1696965633999767300,39.90676733398438,0.475311279296875,-0.41958320140838623,-0.35401469469070435
1696965634009781200,39.91678125,-0.42470645904541016,-0.8649625778198242,-0.3215288519859314
1696965634019795500,39.92679541015625,0.7425355911254883,-0.5373198986053467,0.1818588376045227
1696965634029809700,39.9368095703125,0.15276336669921875,-0.43468713760375977,-0.19246196746826172
1696965634039823600,39.94682373046875,0.23486995697021484,-0.6000432968139648,-0.3428499102592468
1696965634049837800,39.956837890625,1.237710952758789,-0.14809870719909668,0.3118036985397339
1696965634059852000,39.96685205078125,0.6468057632446289,-0.5202934741973877,-0.04337039589881897
1696965634069866000,39.97686596679687,-0.14351558685302734,-1.0915848016738892,0.1579664945602417
1696965634079880200,39.986880126953125,0.0046672821044921875,-0.31795835494995117,0.32169243693351746
1696965634089894400,39.99689428710938,0.5320253372192383,-0.6328679323196411,0.22120800614356995
1696965634099908400,40.00690844726562,-0.7256488800048828,-0.7097609043121338,0.029590457677841187
1696965634109922600,40.016922607421876,0.20483970642089844,-0.7538373470306396,0.05145585536956787
1696965634119936500,40.0269365234375,-0.6467199325561523,-0.29288673400878906,0.013162195682525635
1696965634129950700,40.03695068359375,-0.6268501281738281,-0.7342298030853271,-0.20133739709854126
1696965634139965000,40.04696484375,0.21717453002929688,-0.5413423776626587,-0.2962999939918518
1696965634149979000,40.05697875976563,-0.2149820327758789,-0.7404158115386963,-0.4336531460285187
1696965634159993000,40.0669931640625,-0.5367727279663086,-0.678516149520874,0.04774683713912964
1696965634170007300,40.07700732421875,0.4473381042480469,-0.8037540912628174,-0.3435806334018707
1696965634180021200,40.08702124023438,-0.8413372039794922,-0.6064162254333496,0.18006250262260437
1696965634190035500,40.097035400390624,-0.10667228698730469,-0.4115689992904663,-0.0301816463470459
1696965634200049700,40.107049560546876,0.24358272552490234,-0.48301076889038086,0.46700724959373474
1696965634210063600,40.11706372070312,0.7766885757446289,-0.4943450689315796,0.1102236807346344
1696965634220077800,40.127077880859375,-0.687556266784668,-0.7029026746749878,0.2504708170890808
1696965634230091800,40.137091796875,1.0199127197265625,-0.40815138816833496,0.19504979252815247
1696965634240106000,40.14710595703125,-0.10069656372070312,-0.2406710386276245,0.39797353744506836
1696965634250120200,40.1571201171875,-0.02429962158203125,-0.8268259763717651,0.1278705596923828
1696965634260134100,40.167134033203126,-0.28681373596191406,-0.7734280824661255,-0.194352388381958
1696965634270148400,40.1771484375,-0.3772544860839844,-0.41600537300109863,0.3239237368106842
1696965634280162600,40.18716259765625,0.6233882904052734,-0.7454172372817993,-0.20038938522338867
1696965634290176500,40.19717651367188,-0.8427934646606445,-0.40702104568481445,-0.377608984708786
1696965634300190700,40.20719067382812,1.013566017150879,-0.6416478157043457,-0.11431986093521118
1696965634310204700,40.21720458984375,0.26642799377441406,-0.6587526798248291,0.023273825645446777
1696965634320219000,40.22721899414063,0.474517822265625,-0.8714553117752075,-0.39587897062301636
1696965634330233000,40.237233154296874,-0.11276721954345703,-0.319576621055603,0.25811001658439636
1696965634340247000,40.2472470703125,1.2880210876464844,-0.3485456705093384,0.5323992967605591
1696965634350261200,40.25726123046875,0.17630767822265625,-0.6020492315292358,0.30492013692855835
1696965634360275500,40.267275390625,-0.3921356201171875,-0.8047143220901489,-0.6461642384529114
1696965634370289400,40.277289306640625,-0.8977184295654297,-0.23250508308410645,0.5600054264068604
1696965634380303600,40.2873037109375,1.8336095809936523,-0.34908485412597656,-0.20467913150787354
1696965634390317800,40.29731787109375,-1.8309578895568848,-0.7568504810333252,-0.1255185902118683
1696965634400331800,40.307331787109376,1.1652107238769531,-0.4108232259750366,-0.004867196083068848
1696965634410346000,40.31734594726562,-0.35692310333251953,-0.22036635875701904,0.54938805103302
1696965634420360000,40.32735986328125,0.38478755950927734,-0.660495400428772,0.12881657481193542
1696965634430374100,40.3373740234375,-0.9634780883789062,-0.8417438268661499,-0.2000703513622284
1696965634440388400,40.34738842773437,-0.368255615234375,-0.3291769027709961,0.008888453245162964
1696965634450402300,40.35740234375,0.1295318603515625,-0.1219019889831543,0.20979541540145874
1696965634460416500,40.36741650390625,0.005223274230957031,-0.6151508092880249,-0.37055015563964844
1696965634470430700,40.3774306640625,-0.16692447662353516,-0.8752562999725342,-0.21346718072891235
1696965634480444700,40.387444580078125,0.8468446731567383,-0.26182126998901367,0.4103349447250366
1696965634490459000,40.397458984375,0.48615264892578125,-0.5954484939575195,0.2872966527938843
1696965634500473000,40.40747314453125,0.7335376739501953,-0.9049577713012695,0.3574689030647278
1696965634510487000,40.417487060546875,0.6505012512207031,-1.0993034839630127,0.11868363618850708
1696965634520501200,40.42750122070313,-0.5074024200439453,-0.4674476385116577,-0.1538609266281128
1696965634530515200,40.43751513671875,2.1983423233032227,-0.4115971326828003,0.13093334436416626
1696965634540529400,40.447529296875,0.6692676544189453,-1.329178810119629,-0.10529112815856934
1696965634550543600,40.45754370117187,-0.34563255310058594,-1.0147356986999512,-0.14775055646896362
1696965634560557600,40.4675576171875,1.653238296508789,-0.14559555053710938,0.14522480964660645
1696965634570571800,40.47757177734375,0.23972129821777344,-1.0039132833480835,-0.10752832889556885
1696965634580586000,40.4875859375,0.10102272033691406,-0.7273526191711426,-0.03647273778915405
1696965634590600000,40.497599853515624,-1.5425300598144531,-0.30417561531066895,0.17188340425491333
1696965634600614100,40.5076142578125,0.6498756408691406,0.24131345748901367,0.543989896774292
1696965634610628400,40.51762841796875,-0.46419620513916016,-0.7027565240859985,-0.5295163989067078
1696965634620642600,40.527642578125,-2.5896615982055664,-0.4330979585647583,-0.34297847747802734
1696965634630656800,40.53765673828125,0.9964799880981445,-0.4532526731491089,-0.2590966522693634
1696965634640670700,40.54767065429687,-0.6305408477783203,-0.22921502590179443,0.5094308853149414
1696965634650685000,40.557684814453125,0.42712879180908203,-0.6405174732208252,0.13428032398223877
1696965634660699100,40.56769921875,-0.9785223007202148,-0.5171941518783569,0.10382366180419922
1696965634670713300,40.57771337890625,-0.16867351531982422,-0.03723323345184326,0.4980805218219757
1696965634680727600,40.5877275390625,-0.9566593170166016,-0.4878957271575928,-0.1655726432800293
1696965634690741800,40.59774169921875,-1.2173748016357422,-0.2699306011199951,-0.5088557004928589
1696965634700756000,40.607755859375,-0.7412166595458984,-0.11108589172363281,-0.23639041185379028
1696965634710770000,40.61777001953125,-0.10890769958496094,-0.47678840160369873,-0.37753644585609436
1696965634720784100,40.6277841796875,0.37873172760009766,-0.37374401092529297,-0.43159738183021545
1696965634730798300,40.63779833984375,0.30595874786376953,-1.0742137432098389,0.28121501207351685
1696965634740812500,40.6478125,1.060028076171875,-0.27650558948516846,0.3952285051345825
1696965634750826800,40.65782666015625,0.536280632019043,-0.666812539100647,0.8160700798034668
1696965634760841000,40.66784106445313,0.9885654449462891,-1.117249608039856,0.782730221748352
1696965634770855000,40.67785498046875,0.20216655731201172,-1.171978235244751,0.435824453830719
1696965634780869000,40.687869140625,1.3530349731445312,-0.18363821506500244,0.31021082401275635
1696965634790883300,40.69788330078125,1.0532073974609375,-0.6095387935638428,-0.42544808983802795
1696965634800897500,40.7078974609375,-1.2858047485351562,-0.5447909832000732,-1.027031660079956
1696965634810911700,40.71791186523438,-1.3213329315185547,-0.1290808916091919,-0.2016870379447937
1696965634820926000,40.72792602539062,0.6797943115234375,-0.42232275009155273,-1.121978521347046
1696965634830940000,40.73793994140625,-1.0134620666503906,-0.8133769035339355,-0.9362648725509644
1696965634840954000,40.7479541015625,-0.5518703460693359,-0.6393158435821533,-0.9012649059295654
1696965634850968300,40.75796826171875,-0.2828226089477539,0.3286525011062622,0.18680089712142944
1696965634860982500,40.767982421875,-0.11478805541992188,-0.6465873718261719,-0.11260280013084412
1696965634870996700,40.77799682617187,-0.8218774795532227,-0.8676483631134033,-0.015609443187713623
1696965634881011000,40.788010986328125,0.1981058120727539,0.06296634674072266,0.3104013502597809
1696965634891025000,40.79802490234375,0.6798782348632812,-0.006023526191711426,0.5153533220291138
1696965634901039000,40.8080390625,0.04750823974609375,-1.2300981283187866,-0.677119791507721
1696965634911053300,40.81805322265625,-1.1238384246826172,-0.9654831886291504,-0.13744965195655823
1696965634921067500,40.82806762695313,1.655430793762207,-0.3221081495285034,-0.3703317642211914
1696965634931081700,40.838081787109374,-0.29885292053222656,-0.17030107975006104,0.12140417098999023
1696965634941096000,40.84809594726563,2.000516891479492,-1.4748810529708862,-0.28762730956077576
1696965634951110000,40.85810986328125,-0.5993556976318359,-0.5769357681274414,0.5646765828132629
1696965634961124000,40.8681240234375,1.2896547317504883,-0.4850633144378662,-0.04382610321044922
1696965634971138300,40.87813818359375,-0.4721031188964844,-0.09662139415740967,0.3356925845146179
1696965634981152500,40.88815258789062,0.4322652816772461,-1.4834634065628052,-0.7986035346984863
1696965634991166500,40.89816650390625,-0.5433378219604492,-0.33832788467407227,0.1487661600112915
1696965635001180700,40.9081806640625,1.0778179168701172,-0.5854315757751465,0.6732107400894165
1696965635011195000,40.91819482421875,1.5197782516479492,-0.2799417972564697,0.8587048649787903
1696965635021208800,40.928208740234375,0.6654129028320312,-1.2177300453186035,-0.2348046898841858
1696965635031223000,40.93822314453125,-0.7794609069824219,-0.5552463531494141,0.9550784826278687
1696965635041237200,40.9482373046875,2.500265121459961,0.20723605155944824,0.7892515659332275
1696965635051251200,40.958251220703126,0.07147979736328125,-0.9250397682189941,-0.25683027505874634
1696965635061265400,40.96826538085938,-0.4596843719482422,-1.2165772914886475,-0.2333192080259323
1696965635071279400,40.978279296875,0.7983455657958984,-0.3065410852432251,0.7973366975784302
1696965635081293600,40.98829345703125,0.6620855331420898,-0.4244067668914795,0.15707406401634216
1696965635091307800,40.99830786132812,-0.171051025390625,-0.9018102884292603,-0.2014148235321045
1696965635101321700,41.00832177734375,-0.20444774627685547,-0.3294602632522583,0.0035894811153411865
1696965635111336000,41.0183359375,-0.03690338134765625,-0.26077020168304443,0.17769786715507507
1696965635121350100,41.02835009765625,-1.1552371978759766,-1.2681255340576172,-0.6952815055847168
1696965635131364000,41.038364013671874,-1.467909812927246,-0.9479246139526367,-0.7762366533279419
1696965635141378300,41.04837841796875,-1.6457252502441406,-0.11820673942565918,0.014955878257751465
1696965635151392500,41.058392578125,-0.8918323516845703,-0.41542303562164307,0.2834448516368866
1696965635161406500,41.068406494140625,-1.0518369674682617,-0.8254294395446777,-0.1524231731891632
1696965635171420700,41.07842065429688,-0.07958316802978516,-0.8149152994155884,0.07294124364852905
1696965635181434600,41.0884345703125,0.5274620056152344,-0.710646390914917,0.2748859226703644
1696965635191448800,41.09844873046875,0.8697481155395508,-1.213059663772583,-0.1238349974155426
1696965635201463000,41.10846313476563,0.1842365264892578,-0.4536031484603882,0.04850146174430847
1696965635211477000,41.11847705078125,0.04484367370605469,-0.4514303207397461,-1.0178929567337036
1696965635221491200,41.1284912109375,-1.757145881652832,-1.0006355047225952,-0.004152029752731323
1696965635231505400,41.13850537109375,2.18947696685791,-1.513260841369629,-0.00284537672996521
1696965635241519400,41.14851928710937,-1.6577577590942383,-0.5696779489517212,-0.8791866302490234
1696965635251533600,41.158533447265626,-0.14368247985839844,-0.9146232604980469,0.36352595686912537
1696965635261547800,41.1685478515625,2.4084701538085938,-0.37151646614074707,1.4920710325241089
1696965635271561700,41.178561767578124,0.2715473175048828,-0.8521479368209839,-1.2032172679901123
1696965635281576000,41.18857592773438,-0.4416818618774414,-0.5595352649688721,0.21909886598587036
1696965635291590000,41.19858984375,2.116291046142578,-1.056503415107727,0.22455370426177979
1696965635301604000,41.20860400390625,-0.5846376419067383,-0.4649244546890259,0.4420763850212097
1696965635311618300,41.21861840820313,0.7549276351928711,-0.9082843065261841,-0.3710383176803589
1696965635321632300,41.22863232421875,-1.244673728942871,-1.1205371618270874,0.37607523798942566
1696965635331646500,41.238646484375,0.6889238357543945,-1.1265960931777954,-0.7642967104911804
1696965635341660700,41.24866064453125,-0.26343441009521484,-0.7188899517059326,-0.5277960896492004
1696965635351674600,41.25867456054687,-0.1335153579711914,-1.3298923969268799,-0.9631929397583008
1696965635361688800,41.268688720703125,0.24450302124023438,-0.8098036050796509,-0.16732516884803772
1696965635371703000,41.278703125,1.4155712127685547,-0.9321015477180481,-0.5487138628959656
1696965635381717000,41.28871704101562,-1.1918621063232422,-1.4481173753738403,-0.08637586236000061
1696965635391731200,41.298731201171876,1.3732261657714844,-0.8641331195831299,0.21502551436424255
1696965635401745200,41.3087451171875,0.7110109329223633,-0.5313940048217773,0.7216629981994629
1696965635411759400,41.31875927734375,1.5940513610839844,-0.9696033000946045,-0.05650126934051514
1696965635421773600,41.32877368164063,-0.37795066833496094,-0.8432141542434692,-0.02819037437438965
1696965635431787500,41.33878759765625,1.5301494598388672,-0.3950232267379761,0.40316253900527954
1696965635441801700,41.3488017578125,0.5523357391357422,-0.672899603843689,0.051540911197662354
1696965635451816000,41.35881591796875,-0.16542339324951172,-0.9616788625717163,-0.4501447081565857
1696965635461830000,41.36882983398438,-0.4269752502441406,-0.8455952405929565,0.24145358800888062
1696965635471844000,41.378843994140624,-0.034030914306640625,-0.4813425540924072,0.8981992602348328
1696965635481858300,41.3888583984375,-0.1717987060546875,-0.7582526206970215,-0.17446935176849365
1696965635491872300,41.39887231445312,-0.8450841903686523,-0.5610235929489136,-0.413785457611084
1696965635501886500,41.408886474609375,0.05130577087402344,-0.7688263654708862,-0.15229493379592896
1696965635511900400,41.418900390625,-1.855440616607666,-0.666838526725769,0.39468449354171753
1696965635521914600,41.42891455078125,-0.8853206634521484,-0.7861621379852295,-0.7089233994483948
1696965635531928800,41.4389287109375,-1.6667118072509766,-0.5107764005661011,0.5587347745895386
1696965635541942800,41.44894287109375,0.03362464904785156,-0.6372460126876831,1.0820589065551758
1696965635551957000,41.45895703125,-1.017953872680664,-0.4820730686187744,0.8935971856117249
1696965635561971200,41.46897119140625,0.035289764404296875,-0.7832753658294678,0.637669026851654
1696965635571985200,41.47898510742188,0.13043594360351562,-1.1526120901107788,0.2519235610961914
1696965635581999400,41.48899926757812,-0.5681743621826172,-0.319246768951416,-0.10089379549026489
1696965635592013600,41.499013671875,-1.6043758392333984,-0.5396139621734619,-0.13616079092025757
1696965635602027500,41.50902758789063,-1.8020563125610352,-0.49846351146698,-0.304633229970932
1696965635612041700,41.519041748046874,-0.03992938995361328,-0.5430470705032349,1.0618343353271484
1696965635622055700,41.5290556640625,0.10746383666992188,-1.0861910581588745,1.5508513450622559
1696965635632070000,41.53906982421875,-0.1519451141357422,-1.4021739959716797,0.587313711643219
1696965635642084000,41.549083984375,1.4628562927246094,-0.9822431802749634,0.5467907786369324
1696965635652098000,41.55909814453125,-0.16641807556152344,-0.7409079074859619,-0.4497368633747101
1696965635662112300,41.5691123046875,-0.4917783737182617,-0.7047274112701416,-0.8382170796394348
1696965635672126500,41.57912646484375,-0.39085960388183594,-1.1521025896072388,-0.5334977507591248
1696965635682140700,41.589140625,0.18764972686767578,-1.732518196105957,-0.5524526834487915
1696965635692155000,41.59915478515625,1.5630760192871094,-1.2747647762298584,0.13128569722175598
1696965635702169000,41.60916918945313,0.5174245834350586,-1.3626728057861328,-0.17569297552108765
1696965635712183000,41.61918310546875,0.24833393096923828,-0.9655357003211975,-0.36256322264671326
1696965635722197200,41.629197265625,1.1220483779907227,-1.1430137157440186,-0.34223031997680664
1696965635732211500,41.63921142578125,0.9473247528076172,-0.552963137626648,-1.0927447080612183
1696965635742225700,41.6492255859375,-0.5888547897338867,-0.7808152437210083,-0.7177162766456604
1696965635752239900,41.659239990234376,0.8744478225708008,-1.306519865989685,0.12939175963401794
1696965635762254000,41.66925415039063,0.7483406066894531,0.07681906223297119,1.1475164890289307
1696965635772268000,41.67926806640625,-0.6254119873046875,-0.974311113357544,0.9062411785125732
1696965635782282200,41.6892822265625,0.3317880630493164,0.36777782440185547,1.190315842628479
1696965635792296400,41.69929638671875,1.491621971130371,-2.205207109451294,-0.517964780330658
1696965635802310700,41.709310546875,-2.812836170196533,-0.8567157983779907,0.34086012840270996
1696965635812324900,41.71932495117188,3.114105224609375,-0.48269546031951904,-0.28387805819511414
1696965635822339000,41.72933911132812,-1.0837173461914062,-0.35432326793670654,-1.0123207569122314
1696965635832353000,41.73935302734375,-0.1789722442626953,-2.316161632537842,-0.5888060331344604
1696965635842367200,41.7493671875,1.6861190795898438,-0.8622462749481201,0.06571608781814575
1696965635852381400,41.75938134765625,-1.6061573028564453,-0.672655463218689,-0.2880556285381317
1696965635862395600,41.76939575195313,1.8005857467651367,-1.1968735456466675,-0.3843887448310852
1696965635872409900,41.77940991210937,1.352034568786621,-0.6165893077850342,-0.11223533749580383
1696965635882424000,41.789424072265625,0.21178627014160156,-0.7706674337387085,-0.9959167242050171
1696965635892438000,41.79943798828125,0.7705459594726562,-0.7049342393875122,-0.6372575759887695
1696965635902452200,41.8094521484375,1.9733638763427734,-1.5361945629119873,-0.34495505690574646
1696965635912466400,41.819466552734376,-0.15296363830566406,-1.8917125463485718,-0.6095754504203796
1696965635922480600,41.82948071289063,1.4201736450195312,-1.3034155368804932,-0.17894703149795532
1696965635932494800,41.839494873046874,2.0812997817993164,-1.8841698169708252,0.04045218229293823
1696965635942509000,41.84950903320313,4.188906669616699,-2.616136312484741,0.03696930408477783
1696965635952523000,41.85952294921875,2.5353336334228516,-3.431318998336792,-1.5662339925765991
1696965635962537200,41.869537109375,3.1032419204711914,-3.238652229309082,-0.9746741652488708
1696965635972551400,41.87955151367188,3.7460203170776367,-2.8507182598114014,0.4458847641944885
1696965635982565600,41.88956567382812,5.080916404724121,-3.049412250518799,0.5400147438049316
1696965635992579800,41.899579833984376,1.5426406860351562,-2.2319228649139404,0.19972944259643555
1696965636002594000,41.90959399414062,5.7267255783081055,-2.6206631660461426,-0.1441289186477661
1696965636012608300,41.919608154296874,2.717805862426758,-1.7088911533355713,0.6177393198013306
1696965636022622200,41.92962231445313,3.7692461013793945,-2.4813902378082275,-0.9736109375953674
1696965636032636400,41.93963647460937,1.1289081573486328,-2.2090988159179688,0.3724138140678406
1696965636042650600,41.949650634765625,5.500876426696777,-1.7096326351165771,0.9300740957260132
1696965636052664800,41.95966479492188,1.4615554809570312,-1.6524865627288818,0.16140365600585938
1696965636062679000,41.96967895507812,0.3421659469604492,-1.9736725091934204,-0.4598437547683716
1696965636072693200,41.979693359375,0.07699394226074219,-1.6335526704788208,0.8561107516288757
1696965636082707200,41.98970727539062,1.5799083709716797,-1.5686074495315552,1.450737476348877
1696965636092721400,41.999721435546874,1.3070697784423828,-1.5671194791793823,-0.038831114768981934
1696965636102735400,42.0097353515625,0.3465299606323242,-1.4396514892578125,0.7939714789390564
1696965636112749600,42.01974951171875,1.2329540252685547,-1.3805221319198608,1.209432601928711
1696965636122763800,42.029763671875,-0.38189029693603516,-1.744541883468628,0.9217453598976135
1696965636132777700,42.03977783203125,-0.28716182708740234,-1.4739694595336914,0.046250343322753906
1696965636142792000,42.0497919921875,-1.4051246643066406,-0.7601203918457031,-0.10617947578430176
1696965636152806100,42.05980615234375,-1.2459468841552734,-0.7521657943725586,1.1952476501464844
1696965636162820000,42.06982006835938,-0.6414251327514648,-0.8745416402816772,0.41295820474624634
1696965636172834300,42.07983422851562,-2.165736198425293,-1.2602044343948364,1.145625352859497
1696965636182848500,42.0898486328125,-2.15169620513916,-0.4814356565475464,0.6570149660110474
1696965636192862500,42.09986254882813,-2.1100716590881348,-0.7080771923065186,0.6540770530700684
1696965636202876700,42.10987670898437,-1.9433088302612305,-1.3878116607666016,-0.5049476623535156
1696965636212890600,42.119890625,-3.111280918121338,-0.1520066261291504,-0.16094118356704712
1696965636222904800,42.12990478515625,-2.2732796669006348,-0.48514890670776367,0.08445143699645996
1696965636232919000,42.1399189453125,-2.8815255165100098,-0.5497409105300903,1.1973388195037842
1696965636242933000,42.14993310546875,-1.7918877601623535,0.02670609951019287,0.4984007477760315
1696965636252947200,42.159947265625,-3.801663875579834,0.35356605052948,0.4922928810119629
1696965636262961400,42.16996142578125,-3.9915857315063477,0.4329773187637329,1.3487107753753662
1696965636272975400,42.179975341796876,-3.722372531890869,0.12867200374603271,0.8515493273735046
1696965636282989600,42.18998950195312,-6.216464042663574,-0.1806783676147461,0.35674041509628296
1696965636293003800,42.200003662109374,-5.2359819412231445,0.11834168434143066,0.2271929383277893
1696965636303017700,42.21001782226563,-5.916170120239258,0.030428767204284668,-0.22619789838790894
1696965636313032000,42.22003198242187,-4.89451789855957,0.13091659545898438,-0.7961241602897644
1696965636323046000,42.2300458984375,-5.322863578796387,-0.34381163120269775,-0.8546699285507202
1696965636333060000,42.24006005859375,-6.296004772186279,0.6224477291107178,-0.515221893787384
1696965636343074300,42.25007421875,-6.7128753662109375,-1.7383064031600952,-0.9596103429794312
1696965636353088300,42.260088134765624,-2.9192447662353516,1.1005220413208008,-0.7205158472061157
1696965636363102500,42.2701025390625,-4.718988418579102,-0.19617414474487305,0.20222756266593933
1696965636373116700,42.28011669921875,-10.567951202392578,-1.954268217086792,-0.516311526298523
1696965636383130600,42.290130615234375,-9.575346946716309,-1.5293549299240112,-0.3528258204460144
1696965636393144800,42.30014477539063,3.5285940170288086,1.5091447830200195,-0.4228973388671875
1696965636403159000,42.31015893554687,-2.730747699737549,-0.4604954719543457,-1.746604561805725
1696965636413173000,42.320173095703126,-12.181089401245117,-1.2947325706481934,-0.21759608387947083
1696965636423187200,42.33018725585937,-6.62778377532959,-0.6492981910705566,-0.38365674018859863
1696965636433201200,42.340201171875,6.38038444519043,1.477527141571045,-2.9918222427368164
1696965636443215400,42.35021533203125,-11.593685150146484,-0.9060240983963013,-0.582667350769043
1696965636453229600,42.3602294921875,3.6997032165527344,-0.38663458824157715,-1.860689640045166
1696965636463243500,42.37024340820312,-1.183426856994629,-0.10447454452514648,-0.41773244738578796
1696965636473257700,42.3802578125,-0.49799442291259766,-1.482825756072998,-0.7577025890350342
1696965636483272000,42.39027197265625,0.3070869445800781,-0.7964427471160889,0.10743826627731323
1696965636493286000,42.400285888671874,1.0902795791625977,-0.9690747261047363,0.6528377532958984
1696965636503300000,42.41030004882813,2.2152156829833984,-0.7035248279571533,-0.2112261801958084
1696965636513314000,42.42031396484375,0.6868162155151367,-1.7732417583465576,0.5830049514770508
1696965636523328300,42.430328369140625,3.4717254638671875,-2.1720056533813477,-0.49841874837875366
1696965636533342500,42.44034252929688,2.269498825073242,-0.9393917322158813,-0.04138234257698059
1696965636543356400,42.4503564453125,4.067578315734863,-1.81691575050354,-0.8200478553771973
1696965636553370600,42.46037060546875,-0.944610595703125,-2.3155407905578613,-0.3676249086856842
1696965636563384800,42.470384765625,6.481283187866211,-2.9888062477111816,0.04781949520111084
1696965636573398800,42.48039868164062,2.7113113403320312,-1.7027204036712646,-0.5846999287605286
1696965636583413000,42.4904130859375,6.229185104370117,-2.0908162593841553,-0.3537624776363373
1696965636593427200,42.50042724609375,3.067201614379883,-1.7714729309082031,0.45864957571029663
1696965636603441200,42.51044116210937,8.013189315795898,-1.9440031051635742,0.9255461692810059
1696965636613455400,42.520455322265626,4.541068077087402,-2.4770700931549072,-0.49805617332458496
1696965636623469300,42.53046923828125,8.843890190124512,-1.8385374546051025,0.3756166696548462
1696965636633483500,42.5404833984375,5.933934211730957,-1.8855414390563965,0.5305309295654297
1696965636643497700,42.55049780273438,10.476958274841309,-2.2497780323028564,0.5592464804649353
1696965636653511700,42.56051171875,7.979307174682617,-3.05017352104187,0.5912653803825378
1696965636663526000,42.57052587890625,9.845990180969238,-2.5427350997924805,1.2890756130218506
1696965636673540000,42.5805400390625,10.236457824707031,-1.430357575416565,1.3631503582000732
1696965636683554300,42.59055419921875,7.959294319152832,-2.441741943359375,1.2682117223739624
1696965636693568500,42.600568603515626,6.074943542480469,-3.6957619190216064,0.9788325428962708
1696965636703582500,42.61058251953125,7.8175554275512695,-2.340179920196533,1.2982499599456787
1696965636713596700,42.6205966796875,6.664886474609375,-1.6525987386703491,1.2080109119415283
1696965636723611000,42.63061083984375,4.148235321044922,-2.3923261165618896,0.8957106471061707
1696965636733625000,42.640625,2.1589431762695312,-2.9304139614105225,0.6108506917953491
1696965636743639300,42.650639404296875,1.5700511932373047,-1.5764646530151367,0.6724802255630493
1696965636753653500,42.66065356445313,1.8810091018676758,-1.6657307147979736,0.5113499760627747
1696965636763667500,42.67066748046875,-0.4226112365722656,-1.3822062015533447,0.34563571214675903
1696965636773681700,42.680681640625,0.10383224487304688,-2.0420663356781006,0.12964731454849243
1696965636783696000,42.69069580078125,-2.1139163970947266,-1.3033313751220703,0.4729263186454773
1696965636793710000,42.7007099609375,0.8252906799316406,-1.3562718629837036,0.6401156187057495
1696965636803724300,42.71072436523438,-2.2641425132751465,-0.7537182569503784,0.8075326681137085
1696965636813738500,42.72073852539062,-1.1115751266479492,-1.8978222608566284,0.2897484302520752
1696965636823752400,42.73075244140625,-2.8151087760925293,-0.8202797174453735,0.5593587160110474
1696965636833766700,42.7407666015625,-0.05081367492675781,-0.9992549419403076,0.8099352717399597
1696965636843780900,42.75078076171875,-3.1191368103027344,-0.7429139018058777,0.11598384380340576
1696965636853795000,42.760795166015626,-1.5154352188110352,-1.6683685779571533,-0.08484524488449097
1696965636863809300,42.77080932617187,-3.150937080383301,-0.9867476224899292,-0.06797224283218384
1696965636873823500,42.780823486328124,-1.5566339492797852,-0.8413776159286499,0.06016486883163452
1696965636883837400,42.79083740234375,-2.61405086517334,-0.7226171493530273,0.2162168025970459
1696965636893851600,42.8008515625,-2.277994155883789,-1.467897891998291,0.05330395698547363
1696965636903865900,42.810865966796875,-2.793435573577881,-0.688868522644043,0.2740841507911682
1696965636913880000,42.82088012695313,-1.6208724975585938,-1.0631349086761475,0.2888997197151184
1696965636923894300,42.83089428710937,-2.721130847930908,-1.0313128232955933,0.29243677854537964
1696965636933908500,42.840908447265626,-2.475883960723877,-1.4946470260620117,-0.06292366981506348
1696965636943922400,42.85092236328125,-3.167670249938965,-0.9993515610694885,0.8194592595100403
1696965636953936600,42.8609365234375,-1.6452693939208984,-1.0107015371322632,0.9700019359588623
1696965636963950800,42.87095092773438,-3.147308826446533,-1.3856713771820068,0.5876230001449585
1696965636973965000,42.88096508789062,-3.1066808700561523,-2.0256898403167725,-0.40903380513191223
1696965636983979300,42.890979248046875,-4.12669038772583,-0.9625563621520996,-0.29280316829681396
1696965636993993500,42.90099340820313,-1.3399953842163086,-1.2860107421875,-0.4293225407600403
1696965637004007700,42.91100756835937,-4.8205790519714355,-1.711612582206726,-0.6377137899398804
1696965637014021600,42.921021728515626,-3.049744129180908,-1.9445184469223022,-1.2315977811813354
1696965637024035800,42.93103588867187,-4.10731840133667,-1.119959831237793,-0.6779200434684753
1696965637034050000,42.941050048828124,-2.199150562286377,-1.0555344820022583,-0.8799835443496704
1696965637044064300,42.95106420898438,-3.015089988708496,-1.0111864805221558,-1.2249010801315308
1696965637054078500,42.96107836914062,-2.753270149230957,-1.21217942237854,-0.9285488128662109
1696965637064092700,42.9710927734375,-2.123647689819336,-0.9016262888908386,-0.23245196044445038
1696965637074106600,42.98110668945313,-0.33472537994384766,-0.6657115817070007,-0.6893525123596191
1696965637084120800,42.99112084960937,-2.7556300163269043,-0.8127831816673279,-0.8208898901939392
1696965637094134800,43.001134765625,-0.5103178024291992,-0.6122506260871887,-0.43703901767730713
1696965637104149000,43.01114892578125,-1.281412124633789,-0.3646489381790161,0.003966301679611206
1696965637114163200,43.0211630859375,0.5437755584716797,-0.5520309209823608,-0.38119158148765564
1696965637124177200,43.03117724609375,-1.5535764694213867,-0.3969031870365143,-0.8166563510894775
1696965637134191400,43.04119140625,-0.022966384887695312,-0.41055527329444885,-0.4438896179199219
1696965637144205600,43.05120556640625,-0.3221015930175781,-0.20703914761543274,-0.45727014541625977
1696965637154219500,43.061219482421876,-0.2666053771972656,-0.5812360048294067,-1.0782723426818848
1696965637164233700,43.07123364257812,-1.5535898208618164,-0.4597266912460327,-1.4140418767929077
1696965637174248000,43.081248046875,-0.49570655822753906,-0.10194015502929688,-0.7936915159225464
1696965637184262000,43.09126196289063,0.49255943298339844,-0.5049901008605957,-0.763035237789154
1696965637194276000,43.10127612304687,0.4176025390625,-0.9369179010391235,-1.2099931240081787
1696965637204290000,43.1112900390625,-0.7271099090576172,-0.42481639981269836,-0.3751020133495331
1696965637214304300,43.12130419921875,2.0015220642089844,0.9918121695518494,0.5959137082099915
1696965637224318500,43.131318359375,1.1627731323242188,-0.15705537796020508,-0.2527797222137451
1696965637234332400,43.14133251953125,0.11649227142333984,-0.8249011039733887,-0.8167253732681274
1696965637244346600,43.1513466796875,-0.0003833770751953125,0.047650933265686035,0.015675246715545654
1696965637254360800,43.16136083984375,2.4488754272460938,0.6880072951316833,0.26190176606178284
1696965637264374800,43.171374755859375,0.5913352966308594,-0.04209011793136597,-0.07451236248016357
1696965637274389000,43.18138891601563,1.486063003540039,-0.38324570655822754,0.027448713779449463
1696965637284403200,43.1914033203125,0.18002033233642578,0.7248779535293579,0.5963749885559082
1696965637294417200,43.201417236328126,2.360727310180664,0.4438968896865845,0.6908794641494751
1696965637304431400,43.21143139648437,0.8369779586791992,0.25877630710601807,0.30485230684280396
1696965637314445300,43.2214453125,1.4579429626464844,0.03973960876464844,0.27746301889419556
1696965637324459500,43.23145947265625,1.5702238082885742,0.5874080657958984,0.601652204990387
1696965637334473700,43.2414736328125,2.4848432540893555,0.8272185325622559,0.5298373699188232
1696965637344487700,43.25148779296875,1.1988964080810547,0.3862593173980713,0.61329585313797
1696965637354502000,43.261501953125,1.4686355590820312,0.255157470703125,0.7799707651138306
1696965637364516000,43.27151611328125,2.2870492935180664,0.8671722412109375,0.7265561819076538
1696965637374530000,43.281530029296874,1.9754486083984375,0.6727051734924316,1.2724239826202393
1696965637384544300,43.29154418945313,1.6307096481323242,0.23499822616577148,0.5491458773612976
1696965637394558500,43.30155834960937,0.9953737258911133,0.7146958112716675,0.4841800928115845
1696965637404572400,43.311572509765625,2.650115966796875,0.7117494344711304,1.0686330795288086
1696965637414586600,43.32158666992188,1.8109807968139648,0.39901018142700195,0.5252469778060913
1696965637424600600,43.3316005859375,0.4721803665161133,-0.4668689966201782,0.41692638397216797
1696965637434614800,43.34161474609375,0.9427242279052734,0.1437283754348755,0.5706093311309814
1696965637444629000,43.35162890625,1.1541414260864258,-0.016960978507995605,0.9426613450050354
1696965637454643000,43.36164282226562,0.9300880432128906,-0.4068310260772705,0.5315719842910767
1696965637464657200,43.3716572265625,0.08060455322265625,-0.33171939849853516,0.13434410095214844
1696965637474671400,43.38167138671875,0.8676300048828125,-0.04092341661453247,0.5593950152397156
1696965637484685300,43.39168530273437,1.3179607391357422,-0.13806968927383423,0.6384097933769226
1696965637494699500,43.401699462890626,0.5154552459716797,-0.7343336343765259,-0.09269499778747559
1696965637504713700,43.41171362304687,-0.6194677352905273,-0.15148526430130005,0.26749640703201294
1696965637514727700,43.421727783203124,1.492924690246582,-0.14922261238098145,0.6983727216720581
1696965637524742000,43.43174194335938,0.21207141876220703,-0.2005670666694641,0.2068394422531128
1696965637534755800,43.441755859375,-0.3628101348876953,-0.6969099044799805,-0.16242527961730957
1696965637544770000,43.45177001953125,0.048007965087890625,-0.030110955238342285,0.4661118984222412
1696965637554784300,43.4617841796875,0.8304996490478516,-0.17921072244644165,0.38513392210006714
1696965637564798200,43.47179809570312,-1.165191650390625,-0.5436851978302002,-0.01612776517868042
1696965637574812400,43.4818125,-0.09272193908691406,-0.2423449158668518,-0.1564401388168335
1696965637584826600,43.49182666015625,-0.8866891860961914,-0.14415866136550903,0.09270066022872925
1696965637594840600,43.50184057617187,0.1995105743408203,-0.26980310678482056,0.2385878562927246
1696965637604854800,43.511854736328125,-0.9439992904663086,-0.4171576201915741,-0.44763943552970886
1696965637614868700,43.52186865234375,-1.1669025421142578,-0.15666568279266357,-0.5017917156219482
1696965637624883000,43.53188305664062,-0.5623388290405273,0.26990407705307007,-0.08922696113586426
1696965637634897200,43.541897216796876,-0.0025815963745117188,-0.3096470832824707,-0.1383981704711914
1696965637644911000,43.5519111328125,-1.890655517578125,-0.35746893286705017,-0.4765462279319763
1696965637654925300,43.56192529296875,0.10182857513427734,-0.06661325693130493,-0.10217219591140747
1696965637664939500,43.571939453125,-1.170058250427246,-0.3315994143486023,-0.011886358261108398
1696965637674953500,43.58195336914063,-0.5366792678833008,-0.4196068346500397,-0.32817167043685913
1696965637684967700,43.5919677734375,-1.1136913299560547,0.06513804197311401,-0.38924700021743774
1696965637694982000,43.60198193359375,-0.5900678634643555,-0.08237963914871216,-0.04413878917694092
1696965637704995800,43.61199584960937,-0.7894449234008789,-0.34506985545158386,0.02077341079711914
1696965637715010000,43.622010009765624,-1.2749013900756836,-0.41209861636161804,-0.3079273998737335
1696965637725024300,43.63202416992188,-0.8988914489746094,0.08547079563140869,-0.26459330320358276
1696965637735038500,43.64203857421875,0.13086700439453125,0.19862771034240723,0.2633172869682312
1696965637745052400,43.652052490234375,-0.43802833557128906,-0.1862366795539856,0.005416810512542725
1696965637755066600,43.66206665039063,-1.1584444046020508,-0.04527407884597778,-0.3027568757534027
1696965637765080800,43.67208081054687,0.35468578338623047,0.36574214696884155,0.3466106653213501
1696965637775095000,43.682094970703126,-0.32471656799316406,-0.18039929866790771,0.10394257307052612
1696965637785109200,43.69210913085937,-1.1791677474975586,-0.09421318769454956,-0.08560848236083984
1696965637795123500,43.70212353515625,0.7784204483032227,0.025920391082763672,0.14101997017860413
1696965637805137400,43.71213745117188,-0.4324493408203125,0.02430325746536255,0.08283370733261108
1696965637815151600,43.72215161132812,0.5388088226318359,-0.3859141767024994,-0.05488067865371704
1696965637825165800,43.732165771484375,-1.0584659576416016,-0.3491809368133545,-0.10327208042144775
1696965637835180000,43.74217993164063,0.7746791839599609,0.1651456356048584,0.3908880352973938
1696965637845194200,43.7521943359375,0.3139305114746094,-0.06277972459793091,0.03714221715927124
1696965637855208400,43.76220849609375,-0.8333454132080078,-0.39616915583610535,-0.11374926567077637
1696965637865222400,43.77222241210937,0.5548000335693359,0.1522749662399292,0.1547383964061737
1696965637875236600,43.782236572265624,0.44834232330322266,0.24396944046020508,0.18313616514205933
1696965637885250800,43.79225073242188,0.10837936401367188,-0.2566121220588684,0.14032867550849915
1696965637895265000,43.80226513671875,0.2324810028076172,-0.1930442452430725,-0.1324996054172516
1696965637905279200,43.812279296875,-0.5514621734619141,-0.1188318133354187,0.1993611454963684
1696965637915293400,43.82229345703125,1.2421379089355469,0.13199180364608765,0.3451152741909027
1696965637925307400,43.83230737304687,-0.43816471099853516,-0.43602415919303894,-0.002315431833267212
1696965637935321600,43.842321533203126,0.37099361419677734,0.30318838357925415,-0.12064805626869202
1696965637945335800,43.85233569335937,0.04992961883544922,0.07560527324676514,0.1741129755973816
1696965637955350000,43.86235009765625,0.776402473449707,-0.027170777320861816,0.11170694231987
1696965637965364200,43.8723642578125,-0.8549318313598633,-0.17297786474227905,-0.31412428617477417
1696965637975378400,43.88237841796875,0.6956338882446289,0.2945300340652466,0.01319950819015503
1696965637985392400,43.892392333984375,-0.1757650375366211,0.0877419114112854,0.45629915595054626
1696965637995406600,43.90240649414063,0.8329286575317383,-0.10096156597137451,-0.13127145171165466
1696965638005420800,43.9124208984375,-1.6062679290771484,0.3201398253440857,0.0036902129650115967
1696965638015435000,43.92243505859375,2.0247392654418945,-0.024989843368530273,0.41556432843208313
1696965638025449200,43.93244921875,-1.3161773681640625,0.2814043164253235,0.22031715512275696
1696965638035463400,43.94246337890625,1.2246036529541016,-0.44043824076652527,-0.10785594582557678
1696965638045477600,43.9524775390625,-1.3259468078613281,0.20672941207885742,0.025867998600006104
1696965638055491600,43.96249169921875,1.7213869094848633,0.0025388002395629883,0.45640894770622253
1696965638065505800,43.972505859375,-0.5245523452758789,-0.1263301968574524,0.007156640291213989
1696965638075520000,43.98252001953125,-0.2940187454223633,-0.10495102405548096,-0.016922205686569214
1696965638085534200,43.9925341796875,0.39455223083496094,-0.24654245376586914,0.2502053678035736
1696965638095548400,44.00254833984375,-0.0797433853149414,-0.0207364559173584,0.11397981643676758
1696965638105562600,44.012562744140624,0.25487232208251953,-0.0721399188041687,-0.3352784216403961
1696965638115576600,44.02257666015625,-1.0314340591430664,-0.28652071952819824,0.09259036183357239
1696965638125590800,44.0325908203125,1.9625072479248047,-0.011583328247070312,0.1569727063179016
1696965638135605000,44.04260498046875,-1.6360225677490234,-0.25250422954559326,-0.19684159755706787
1696965638145619200,44.052619140625,0.6761503219604492,-0.1962093710899353,0.04491811990737915
1696965638155633400,44.06263330078125,0.0673370361328125,-0.04327547550201416,0.31276315450668335
1696965638165647600,44.072647705078126,0.03866291046142578,-0.22043991088867188,-0.2260383814573288
1696965638175661600,44.08266162109375,-1.0081090927124023,0.07751220464706421,-0.029995888471603394
1696965638185675800,44.09267578125,0.9583444595336914,-0.02726501226425171,0.15077164769172668
1696965638195690000,44.10268994140625,-1.0175905227661133,-0.09541583061218262,-0.11859026551246643
1696965638205704200,44.1127041015625,-0.44643115997314453,-0.07019263505935669,-0.2572125196456909
1696965638215718400,44.122718505859375,-0.2638740539550781,0.01167076826095581,0.07580810785293579
1696965638225732600,44.13273266601563,0.11439704895019531,-0.026775121688842773,0.146083265542984
1696965638235746600,44.14274658203125,-0.884770393371582,-0.11716783046722412,-0.24519836902618408
1696965638245760800,44.1527607421875,-0.2948884963989258,-0.1353464126586914,0.04884868860244751
1696965638255775000,44.16277490234375,0.22684669494628906,0.05232447385787964,0.541933536529541
1696965638265789200,44.1727890625,-0.6388788223266602,-0.09708261489868164,-0.24218037724494934
1696965638275803400,44.18280346679688,-1.0196409225463867,-0.046425580978393555,0.265543133020401
1696965638285817600,44.19281762695312,1.8263139724731445,-0.0379025936126709,0.3120395839214325
1696965638295831600,44.20283154296875,-1.6859502792358398,-0.1573675274848938,-0.01990962028503418
1696965638305845800,44.212845703125,1.0518360137939453,-0.12205827236175537,0.27847030758857727
1696965638315860000,44.22285986328125,-0.06924247741699219,-0.04613304138183594,0.03935226798057556
1696965638325874200,44.232874267578126,-0.3793001174926758,-0.12256693840026855,0.44641485810279846
1696965638335888400,44.24288842773438,0.5628080368041992,-0.2362423539161682,0.25924599170684814
1696965638345902600,44.252902587890624,0.4036750793457031,0.06976646184921265,0.25507885217666626
1696965638355916800,44.26291674804688,0.6707057952880859,-0.10826408863067627,0.5437082648277283
1696965638365930800,44.2729306640625,-0.46390628814697266,-0.29887574911117554,0.26668140292167664
1696965638375945000,44.282945068359375,1.2816972732543945,0.22710740566253662,0.4794382154941559
1696965638385959200,44.29295922851563,-0.5325374603271484,-0.08597266674041748,0.33411282300949097
1696965638395973400,44.30297338867187,0.6440410614013672,-0.1183316707611084,0.010075956583023071
1696965638405987600,44.312987548828126,-0.05020332336425781,0.15734273195266724,0.44152525067329407
1696965638416001800,44.32300170898438,0.8530378341674805,-0.29303497076034546,0.0906638503074646
1696965638426015700,44.333015625,-0.4634103775024414,-0.03989899158477783,-0.07300639152526855
1696965638436030000,44.34303002929688,-0.0555419921875,0.19767963886260986,0.39236170053482056
1696965638446044200,44.35304418945312,-0.5001611709594727,-0.4679715931415558,0.06057736277580261
1696965638456058400,44.363058349609375,0.46170806884765625,0.5033924579620361,0.14535805583000183
1696965638466072600,44.37307250976563,0.0978240966796875,0.2450694441795349,0.24245432019233704
1696965638476086800,44.38308666992187,-0.2897071838378906,0.6990413069725037,0.24960601329803467
1696965638486100700,44.393100830078126,0.6765308380126953,0.37893229722976685,-0.2313695102930069
1696965638496115000,44.40311499023438,-1.0165901184082031,0.6724846959114075,0.17179536819458008
1696965638506129200,44.413129150390624,0.38615894317626953,0.2683018445968628,0.36058488488197327
1696965638516143400,44.42314331054688,-0.6755971908569336,0.49479395151138306,0.3323136866092682
1696965638526157600,44.43315747070312,-0.37264060974121094,0.7216724753379822,0.09089130163192749
1696965638536171800,44.443171875,-0.3096466064453125,1.2679481506347656,0.15245410799980164
1696965638546185700,44.45318579101563,0.24096202850341797,0.6652974486351013,0.060049086809158325
1696965638556200000,44.46319995117187,-0.6245994567871094,0.7624006271362305,-0.13360393047332764
1696965638566214100,44.473214111328126,-0.51763916015625,0.25182437896728516,0.12334591150283813
1696965638576228400,44.48322827148438,-0.7887592315673828,0.900486946105957,-0.08086574077606201
1696965638586242600,44.49324267578125,-0.1081247329711914,0.8059629201889038,0.14593899250030518
1696965638596256800,44.5032568359375,-0.4709005355834961,1.0226213932037354,-0.28556370735168457
1696965638606270700,44.51327075195312,-0.5891838073730469,0.7895334959030151,-0.23978230357170105
1696965638616285000,44.523284912109375,-0.2913351058959961,0.8158130645751953,-0.2256852239370346
1696965638626299100,44.53329907226563,-1.0836763381958008,0.7408493757247925,0.3073820173740387
1696965638636313300,44.54331323242187,0.6965570449829102,1.0739378929138184,-0.1760585904121399
1696965638646327600,44.55332763671875,-1.3025131225585938,0.878031313419342,-0.16798880696296692
1696965638656341800,44.563341796875,1.052114486694336,1.0774950981140137,0.019091099500656128
1696965638666355700,44.573355712890624,-1.3161401748657227,0.6950808167457581,-0.2193978875875473
1696965638676370000,44.58336987304688,0.8666009902954102,1.114835262298584,-0.11135762929916382
1696965638686384000,44.59338403320312,-0.5690841674804688,0.9807443022727966,-0.1435433328151703
1696965638696398300,44.6033984375,0.7418956756591797,0.9826597571372986,0.09885713458061218
1696965638706412500,44.61341259765625,0.09987163543701172,0.7161142826080322,0.04404282569885254
1696965638716426800,44.6234267578125,0.4725475311279297,1.380678415298462,-0.10204938054084778
1696965638726441000,44.63344091796875,-0.8089838027954102,0.8988121747970581,-0.023703664541244507
1696965638736455000,44.64345483398437,0.9851531982421875,1.200024127960205,0.024562835693359375
1696965638746469000,44.65346923828125,-0.19263553619384766,0.9949477314949036,-0.3757941424846649
1696965638756483300,44.6634833984375,-0.22505569458007812,0.7979826331138611,-0.016373783349990845
1696965638766497500,44.67349755859375,0.5687808990478516,1.4067480564117432,-0.17599177360534668
1696965638776511700,44.68351171875,-0.8466653823852539,0.8505379557609558,0.07259765267372131
1696965638786526000,44.69352587890625,1.779189109802246,1.0616838932037354,-0.09742322564125061
1696965638796540000,44.70353979492187,-1.5031509399414062,1.0709738731384277,0.17478248476982117
1696965638806554000,44.71355419921875,1.401728630065918,0.9595179557800293,0.13330069184303284
1696965638816568000,44.72356811523437,-1.5118799209594727,1.3485655784606934,0.6485880613327026
1696965638826582300,44.733582275390624,1.8181133270263672,0.8682159185409546,0.39162778854370117
1696965638836596500,44.74359643554688,-2.0427122116088867,1.2184271812438965,0.22339800000190735
1696965638846610400,44.7536103515625,1.5324993133544922,0.8927720785140991,0.9550065398216248
1696965638856624600,44.763624755859375,-0.9517440795898438,1.3571810722351074,-0.006419271230697632
1696965638866638800,44.77363891601563,0.06902599334716797,0.6734943389892578,0.46060270071029663
1696965638876652800,44.78365283203125,0.5801000595092773,1.6734886169433594,0.585345983505249
1696965638886667000,44.7936669921875,-0.8117589950561523,0.5252318382263184,0.09491682052612305
1696965638896681200,44.80368115234375,0.07456398010253906,1.406331181526184,0.6155586242675781
1696965638906695200,44.81369506835937,-0.12642765045166016,0.819220781326294,0.18701624870300293
1696965638916709400,44.82370947265625,-0.8857126235961914,0.9060766696929932,0.22369006276130676
1696965638926723300,44.83372338867188,1.1139144897460938,1.2675893306732178,0.21649295091629028
1696965638936737500,44.84373754882812,-1.163376808166504,0.7599035501480103,0.19220539927482605
1696965638946751700,44.853751708984376,1.0807456970214844,1.4324157238006592,0.33167698979377747
1696965638956765700,44.863765625,-0.9338264465332031,0.6865981817245483,0.07453951239585876
1696965638966780000,44.87377978515625,-0.013805389404296875,1.0514678955078125,0.16577798128128052
1696965638976794000,44.88379418945313,-0.4679985046386719,0.8922252655029297,-0.13350379467010498
1696965638986808000,44.89380810546875,-1.0210199356079102,0.748984694480896,-0.04510074853897095
1696965638996822300,44.903822265625,0.4245920181274414,0.9598367214202881,-0.16611263155937195
1696965639006836500,44.91383642578125,-0.9716405868530273,0.6675463914871216,0.3468815088272095
1696965639016850400,44.92385034179687,0.2110576629638672,1.0881390571594238,0.17764469981193542
1696965639026864600,44.93386474609375,-0.6592483520507812,0.3721604347229004,-0.011031031608581543
1696965639036878600,44.94387866210938,0.26955223083496094,1.001905083656311,0.09861776232719421
1696965639046892800,44.95389282226562,-0.9784097671508789,0.36925172805786133,0.3160495162010193
1696965639056907000,44.963906982421875,0.3523092269897461,0.6117973327636719,0.14989811182022095
1696965639066921200,44.97392114257813,-0.8958683013916016,0.46320784091949463,0.027074962854385376
1696965639076935400,44.98393530273437,0.248443603515625,0.41930484771728516,0.23885950446128845
1696965639086949600,44.99394970703125,-0.27347373962402344,0.8788547515869141,0.18968483805656433
1696965639096963600,45.00396362304687,-0.33487892150878906,0.1990368366241455,0.10954290628433228
1696965639106977800,45.013977783203124,0.07651138305664062,0.6875138282775879,0.2823601961135864
1696965639116992000,45.02399194335938,0.6303482055664062,0.5786360502243042,0.005022674798965454
1696965639127006200,45.03400610351562,-0.26016902923583984,0.24730634689331055,0.17849186062812805
1696965639137020400,45.0440205078125,1.3647279739379883,0.8619927167892456,-0.10420539975166321
1696965639147034600,45.05403466796875,-0.9611053466796875,0.12759995460510254,0.22959575057029724
1696965639157048800,45.064048828125,1.2440223693847656,0.7893509864807129,0.06392380595207214
1696965639167062800,45.074062744140626,-1.5166988372802734,-0.025379061698913574,-0.5153595209121704
1696965639177077000,45.08407690429687,0.7428112030029297,0.8274135589599609,0.41184017062187195
1696965639187091200,45.09409130859375,0.29616832733154297,0.6388376951217651,-0.37940436601638794
1696965639197105400,45.10410546875,-0.7508754730224609,0.11613905429840088,0.18897268176078796
1696965639207119600,45.11411962890625,1.3392324447631836,0.8195830583572388,0.3567762076854706
1696965639217133800,45.1241337890625,-0.21721935272216797,0.3768143653869629,0.3188495635986328
1696965639227148000,45.13414794921875,1.379561424255371,0.8725557327270508,0.4275140166282654
1696965639237162200,45.144162353515625,-0.4830350875854492,0.3062283992767334,-0.162857323884964
1696965639247176400,45.15417651367188,0.9424142837524414,0.852942705154419,0.24187076091766357
1696965639257190700,45.164190673828124,-0.4411287307739258,0.7319290637969971,0.08823263645172119
1696965639267204900,45.174204833984376,0.1525411605834961,0.5594936609268188,-0.15138724446296692
1696965639277219000,45.18421899414062,-0.0007333755493164062,1.1229220628738403,-0.31183692812919617
1696965639287233300,45.1942333984375,-0.49741363525390625,0.46579301357269287,-0.19255876541137695
1696965639297247500,45.20424755859375,0.40701770782470703,0.918816089630127,-0.31114572286605835
1696965639307261700,45.21426171875,-0.9986066818237305,0.362873911857605,-0.4764404892921448
1696965639317276000,45.22427587890625,-0.3506307601928711,0.8958597183227539,-0.13964995741844177
1696965639327290000,45.2342900390625,0.2716846466064453,0.8771933317184448,-0.2714911699295044
1696965639337304300,45.24430419921875,-1.6686677932739258,0.8184834718704224,0.04628521203994751
1696965639347318500,45.25431860351563,1.0310134887695312,1.4280180931091309,0.033176928758621216
1696965639357333000,45.2643330078125,-1.3176002502441406,0.7406282424926758,-0.11125865578651428
1696965639367347200,45.27434716796875,0.6741771697998047,1.2645480632781982,0.24711337685585022
1696965639377361400,45.284361328125,-0.0106048583984375,0.17196297645568848,-0.001293182373046875
1696965639387375600,45.29437573242188,0.047080039978027344,0.8057559728622437,-0.028497815132141113
1696965639397389800,45.30438989257812,-0.23448467254638672,0.24561166763305664,0.06092098355293274
1696965639407404000,45.314404052734375,-0.4774322509765625,1.3183568716049194,0.5394346714019775
1696965639417418200,45.32441821289063,0.1832866668701172,0.5012341737747192,0.02036181092262268
1696965639427432400,45.33443237304687,-1.9673705101013184,1.022312879562378,-0.07867863774299622
1696965639437446700,45.34444677734375,0.6228885650634766,0.8919131755828857,0.21178007125854492
1696965639447460900,45.3544609375,-1.8539562225341797,0.9574850797653198,0.15467503666877747
1696965639457475000,45.36447509765625,0.8173160552978516,0.717449426651001,-0.3455737233161926
1696965639467489300,45.3744892578125,-1.8032808303833008,0.31627511978149414,0.09506937861442566
1696965639477503200,45.38450317382812,1.9476642608642578,0.8331326246261597,-0.012856990098953247
1696965639487517400,45.394517333984375,-1.1440086364746094,0.3268481492996216,0.3284550607204437
1696965639497531600,45.40453173828125,1.3008251190185547,0.7469758987426758,0.295009970664978
1696965639507545900,45.4145458984375,-0.9629039764404297,0.9649068117141724,0.2852705121040344
1696965639517560000,45.42456005859375,0.17720508575439453,0.7554293870925903,0.6117888689041138
1696965639527574300,45.43457421875,-0.7270526885986328,0.4847378730773926,0.0161440372467041
1696965639537588200,45.444588134765624,0.015615463256835938,0.849622368812561,0.21961098909378052
1696965639547602400,45.4546025390625,0.21610355377197266,0.5552390813827515,0.2551949918270111
1696965639557616600,45.46461669921875,0.6165227890014648,0.7729361057281494,-0.158000648021698
1696965639567630800,45.474630859375,1.0787019729614258,0.19523346424102783,-0.06777429580688477
1696965639577645000,45.48464501953125,-0.21413040161132812,0.5462192296981812,0.11577677726745605
1696965639587659300,45.4946591796875,1.468104362487793,0.48158085346221924,-0.10314998030662537
1696965639597673200,45.504673095703126,-0.9865951538085938,-0.005699276924133301,-0.14012238383293152
1696965639607687400,45.5146875,0.8028469085693359,1.1400244235992432,0.05932345986366272
1696965639617701600,45.52470166015625,-0.049625396728515625,0.43261098861694336,-0.29792094230651855
1696965639627715800,45.5347158203125,-1.024113655090332,0.8856655359268188,-0.17036214470863342
1696965639637730000,45.54472998046875,0.33564281463623047,0.37845170497894287,0.4621392488479614
1696965639647744300,45.554744140625,0.43524837493896484,0.7189098596572876,-0.16922807693481445
1696965639657758500,45.56475854492187,-1.056492805480957,0.25076985359191895,0.0276300311088562
1696965639667772400,45.5747724609375,1.5315723419189453,0.4764305353164673,0.1363362967967987
1696965639677786600,45.58478662109375,-1.262944221496582,0.6815656423568726,-0.1580773890018463
1696965639687800800,45.59480078125,0.6761016845703125,0.5381773710250854,0.35333573818206787
1696965639697814800,45.604814697265624,-0.49181365966796875,0.6475722789764404,0.10504141449928284
1696965639707829000,45.6148291015625,-0.3899059295654297,0.504773736000061,0.19092288613319397
1696965639717843200,45.62484326171875,0.05051136016845703,0.705666184425354,0.3681829273700714
1696965639727857200,45.634857177734375,0.06474590301513672,0.4625673294067383,-0.023440510034561157
1696965639737871400,45.64487133789063,-0.39876556396484375,0.6184929609298706,0.1696942150592804
1696965639747885300,45.65488525390625,0.6486749649047852,0.459125280380249,0.6459924578666687
1696965639757899500,45.6648994140625,-0.8822641372680664,0.45963048934936523,-0.46427464485168457
1696965639767913700,45.67491381835937,-0.3590230941772461,0.5086644887924194,-0.023305386304855347
1696965639777927700,45.684927734375,0.5022163391113281,0.2109001874923706,-0.05034744739532471
1696965639787942000,45.69494189453125,-1.5252275466918945,0.3987315893173218,-0.24913401901721954
1696965639797956000,45.7049560546875,0.9926185607910156,0.7284414768218994,0.004351168870925903
1696965639807970000,45.71496997070312,-1.36566162109375,0.2158123254776001,-0.1362367570400238
1696965639817984300,45.724984375,0.8267498016357422,0.9437764883041382,-0.12852591276168823
1696965639827998500,45.73499853515625,0.03162193298339844,0.2145214080810547,-0.24697795510292053
1696965639838012400,45.745012451171874,-0.9283018112182617,0.6066387891769409,0.10263416171073914
1696965639848026600,45.75502661132813,1.9123668670654297,0.5737576484680176,0.21916019916534424
1696965639858040600,45.76504052734375,-0.5816431045532227,0.26058757305145264,-0.2036573439836502
1696965639868054800,45.7750546875,0.5239973068237305,0.7448006868362427,0.43550434708595276
1696965639878069000,45.78506909179688,0.1786642074584961,1.0922348499298096,0.23484653234481812
1696965639888083000,45.7950830078125,-0.24692249298095703,0.4537006616592407,-0.5052059888839722
1696965639898097200,45.80509716796875,-0.41327762603759766,0.16948187351226807,-0.01960083842277527
1696965639908111400,45.815111328125,0.6293888092041016,0.7558329105377197,-0.10344657301902771
1696965639918126600,45.82512670898438,-0.843815803527832,0.39014554023742676,-0.27515050768852234
1696965639928140800,45.83514086914062,0.797576904296875,0.6219192743301392,-0.15773054957389832
1696965639938154800,45.84515478515625,-0.7957849502563477,0.4349411725997925,0.4222617745399475
1696965639948168700,45.85516870117188,0.4295539855957031,0.7480480670928955,-0.22377841174602509
1696965639958182700,45.8651826171875,-0.49400806427001953,0.370336651802063,-0.4543231725692749
1696965639968196600,45.87519653320312,-0.7361688613891602,0.5398544073104858,-0.06870153546333313
1696965639978210800,45.8852109375,1.272200584411621,0.5949500799179077,0.010787338018417358
1696965639988224800,45.89522485351562,-1.4642210006713867,0.17506325244903564,-0.012867242097854614
1696965639998238700,45.90523876953125,1.592606544494629,0.762802004814148,0.15276584029197693
1696965640008252700,45.915252685546875,-1.144862174987793,0.3181995153427124,-0.0702405571937561
1696965640018267000,45.92526684570313,0.46819305419921875,0.6382795572280884,0.012091010808944702
1696965640028280800,45.93528076171875,-0.8998451232910156,0.5195916891098022,0.006330609321594238
1696965640038295000,45.945294921875,-0.2765827178955078,0.23029422760009766,-0.48571622371673584
1696965640048309200,45.95530932617187,-0.9259252548217773,0.1869107484817505,-0.22978563606739044
1696965640058323500,45.965323486328124,0.4428730010986328,0.5232547521591187,-0.08577412366867065
1696965640068337700,45.97533764648438,-0.7290201187133789,0.24488413333892822,-0.149423748254776
1696965640078352000,45.98535180664062,0.4816732406616211,0.3409082889556885,-0.17137596011161804
1696965640088366000,45.995365966796875,-0.6855459213256836,0.3834962844848633,-0.06827351450920105
1696965640098380500,46.00538061523437,0.7018423080444336,0.48395276069641113,-0.2668359875679016
1696965640108394800,46.015394775390625,-0.8292236328125,0.3295421600341797,-0.8428071737289429
1696965640118409000,46.02540893554688,-0.7170705795288086,0.25374484062194824,0.24576014280319214
1696965640128423200,46.03542309570312,1.8362712860107422,0.7554316520690918,-0.024215757846832275
1696965640138437400,46.045437255859376,-1.0594520568847656,0.4425320625305176,-0.27010443806648254
1696965640148451600,46.05545166015625,1.3709936141967773,0.3130444288253784,-0.1630547046661377
1696965640158465800,46.0654658203125,-0.9839029312133789,0.28350794315338135,-0.3919404447078705
1696965640168480000,46.07547998046875,1.2599868774414062,0.9238189458847046,-0.1414872407913208
1696965640178494200,46.085494140625,-1.3332138061523438,-0.016580820083618164,-0.3698543906211853
1696965640188508400,46.09550830078125,1.389042854309082,0.59238600730896,-0.39168471097946167
1696965640198522600,46.10552270507812,-1.0226058959960938,0.04833269119262695,-0.019987285137176514
1696965640208536800,46.115536865234375,1.2258834838867188,0.3552408218383789,-0.4350113272666931
1696965640218551000,46.12555102539063,-0.024361610412597656,0.42909884452819824,-0.2788873314857483
1696965640228565200,46.135565185546874,0.3202943801879883,0.27360284328460693,0.1641753613948822
1696965640238579500,46.145579345703126,0.3861236572265625,0.0669320821762085,-0.263560950756073
1696965640248593700,46.15559375,0.5815753936767578,0.5420242547988892,-0.08889162540435791
1696965640258607900,46.16560791015625,-0.3369941711425781,0.20382332801818848,-0.21119210124015808
1696965640268622000,46.1756220703125,0.676936149597168,0.4511408805847168,0.471200555562973
1696965640278636300,46.18563623046875,0.21689605712890625,0.5510396957397461,-0.26807862520217896
1696965640288650500,46.195650390625,-0.3760051727294922,0.3679276704788208,0.26778721809387207
1696965640298664700,46.20566479492187,1.574838638305664,0.4728139638900757,0.029243767261505127
1696965640308679000,46.215678955078126,-2.6246371269226074,0.12719452381134033,0.2027491331100464
1696965640318692900,46.22569287109375,2.9874744415283203,0.8120770454406738,-0.01848265528678894
1696965640328707000,46.23570703125,-2.9602761268615723,0.3654613494873047,-0.3140476644039154
1696965640338721300,46.24572119140625,1.6926918029785156,0.37199389934539795,0.19077664613723755
1696965640348735500,46.25573559570312,-1.50421142578125,0.13257968425750732,-0.27231574058532715
1696965640358749400,46.26574951171875,-0.37737274169921875,0.5036354064941406,-0.5448530912399292
1696965640368763600,46.275763671875,-0.08500099182128906,0.5663419961929321,-0.11241084337234497
1696965640378777900,46.28577783203125,-0.19469356536865234,0.085135817527771,-0.1875429004430771
1696965640388791800,46.295791748046874,-0.9064483642578125,0.21143853664398193,-0.4196780025959015
1696965640398806000,46.305805908203126,0.34334850311279297,0.6260653734207153,0.2138858437538147
1696965640408820200,46.3158203125,0.20841693878173828,0.2420666217803955,-0.3249409794807434
1696965640418834200,46.325834228515625,-1.455099105834961,-0.06823289394378662,-0.07600873708724976
1696965640428848400,46.33584838867188,1.5445804595947266,0.8491828441619873,-0.3859882950782776
1696965640438862300,46.3458623046875,-2.019712448120117,0.18321681022644043,0.15101715922355652
1696965640448876500,46.35587646484375,2.639744758605957,-0.0608675479888916,0.04334339499473572
1696965640458890800,46.36589086914063,-1.443751335144043,0.1688826084136963,-0.23840108513832092
1696965640468904700,46.37590478515625,1.4942426681518555,0.5305230617523193,0.21786510944366455
1696965640478919000,46.3859189453125,-0.039424896240234375,0.5018719434738159,-0.3201114237308502
1696965640488933000,46.39593310546875,-0.06306171417236328,-0.05643105506896973,-0.610053539276123
1696965640498947000,46.40594702148437,-1.0623559951782227,0.23355376720428467,-0.04830372333526611
1696965640508961300,46.415961181640625,0.8234443664550781,0.49791014194488525,0.02736586332321167
1696965640518975500,46.4259755859375,-1.253326416015625,0.14033496379852295,-0.3740324378013611
1696965640528989400,46.435989501953124,0.2268218994140625,0.3674999475479126,-0.3793376088142395
1696965640539003600,46.446003662109376,-0.5435504913330078,0.6638036966323853,-0.4234958291053772
1696965640549017600,46.456017578125,-0.31755638122558594,0.07413005828857422,-0.575238049030304
1696965640559031800,46.46603173828125,-0.41231441497802734,0.2500443458557129,-0.6577099561691284
1696965640569046000,46.4760458984375,-1.2860536575317383,-0.17043983936309814,-0.7432640194892883
1696965640579060000,46.48606005859375,0.16048431396484375,0.39429473876953125,-0.4535890221595764
1696965640589074200,46.49607421875,-0.6189212799072266,-0.041948556900024414,-0.8036577105522156
1696965640599088400,46.50608837890625,-0.40720367431640625,0.465567946434021,-0.7972026467323303
1696965640609102300,46.51610229492187,0.0862131118774414,0.08242213726043701,-0.787188708782196
1696965640619116500,46.526116455078125,0.7216758728027344,0.39255738258361816,-0.7432107329368591
1696965640629130800,46.536130859375,-0.41765689849853516,-0.41504132747650146,-0.9232640266418457
1696965640639144700,46.54614477539062,0.23851299285888672,0.10610449314117432,-0.972713828086853
1696965640649159000,46.556158935546875,0.36682891845703125,0.04091084003448486,-0.9174073934555054
1696965640659173000,46.56617309570313,0.16559791564941406,0.7855244874954224,-0.8853217363357544
1696965640669187300,46.576187255859374,0.7197055816650391,0.799351692199707,-0.68783038854599
1696965640679201500,46.586201416015626,0.3933677673339844,0.5000033378601074,-0.9186601638793945
1696965640689215700,46.5962158203125,-0.09490108489990234,0.3141824007034302,-0.5215917825698853
1696965640699229700,46.606229736328125,0.6040058135986328,-0.3325672149658203,-0.15470796823501587
1696965640709244000,46.61624389648438,0.6833295822143555,-0.09839797019958496,0.09070536494255066
1696965640719258000,46.62625805664062,0.060761451721191406,0.08387374877929688,-0.1791123002767563
1696965640729272300,46.636272216796876,0.9492807388305664,0.2786909341812134,0.07180294394493103
1696965640739286500,46.64628662109375,-1.8771672248840332,0.603338360786438,-0.739633321762085
1696965640749300700,46.65630078125,0.6354951858520508,-0.14079368114471436,0.06845018267631531
1696965640759315200,46.66631518554688,0.4239978790283203,-0.31211185455322266,-0.09432309865951538
1696965640769330000,46.676329833984376,-2.659921169281006,-0.2621498107910156,-0.2853568196296692
1696965640779344400,46.68634448242187,0.2948007583618164,-1.171984076499939,0.5809415578842163
1696965640789358300,46.6963583984375,-1.330526351928711,-0.8089704513549805,0.478132426738739
1696965640799372500,46.70637255859375,-1.3707027435302734,-0.11081922054290771,1.1003602743148804
1696965640809386800,46.71638671875,1.0366649627685547,0.1977158784866333,2.0349321365356445
1696965640819401000,46.72640087890625,0.07808208465576172,0.8644243478775024,0.5969996452331543
1696965640829415000,46.73641479492188,-0.30447864532470703,-0.697441577911377,-0.5680516958236694
1696965640839429000,46.74642919921875,0.2076416015625,-0.18203270435333252,-0.1904647946357727
1696965640849443300,46.756443359375,0.6848115921020508,0.4623667001724243,-0.07562780380249023
1696965640859457300,46.76645727539063,-0.08635330200195312,0.3198448419570923,-0.07503378391265869
1696965640869471500,46.776471435546874,0.9694557189941406,0.22168338298797607,-0.20072996616363525
1696965640879485700,46.78648559570313,0.0874490737915039,0.0890200138092041,-0.25710195302963257
1696965640889499600,46.79649975585937,0.21578311920166016,-0.362575888633728,0.10452741384506226
1696965640899513900,46.806513916015625,1.3762664794921875,0.5003246068954468,-0.17704492807388306
1696965640909527800,46.81652783203125,0.9948759078979492,-0.10146522521972656,-0.16318339109420776
1696965640919542000,46.8265419921875,0.3566398620605469,-0.18618357181549072,-0.6548787951469421
1696965640929556200,46.83655615234375,0.3887968063354492,-0.38016629219055176,-0.09954580664634705
1696965640939570200,46.84657006835938,-0.23827838897705078,-0.21650898456573486,-0.5432068705558777
1696965640949584400,46.85658447265625,0.1109161376953125,-0.22463548183441162,-0.09439492225646973
1696965640959598600,46.8665986328125,0.234893798828125,0.2776370048522949,-0.452384889125824
1696965640969612500,46.87661254882813,0.43013572692871094,-0.18677401542663574,0.010135769844055176
1696965640979626800,46.88662670898437,0.6011800765991211,-0.006025791168212891,-0.8003808259963989
1696965640989641000,46.896640869140626,-0.41794776916503906,-0.2513413429260254,-0.11676764488220215
1696965640999655000,46.90665502929688,0.19470691680908203,0.07397985458374023,0.053540050983428955
1696965641009669400,46.91666943359375,0.07971477508544922,-0.18152070045471191,-0.5710722208023071
1696965641019684000,46.92668408203125,-0.8522100448608398,0.03776907920837402,-0.25036466121673584
1696965641029698300,46.9366982421875,0.18225383758544922,0.27490437030792236,-0.24183642864227295
1696965641039712500,46.94671240234375,-1.5670232772827148,-0.07168877124786377,-0.44289013743400574
1696965641049726500,46.9567265625,0.128448486328125,-0.0570300817489624,-0.24676354229450226
1696965641059740700,46.96674072265625,-0.8750886917114258,-0.00229036808013916,-0.6716011762619019
1696965641069754600,46.97675463867188,0.01578521728515625,0.23224210739135742,-0.5566940307617188
1696965641079768800,46.98676879882812,-0.5861997604370117,-0.15692460536956787,-0.6845164895057678
1696965641089783000,46.996782958984376,0.1368265151977539,-0.09985923767089844,-0.6030589938163757
1696965641099797000,47.006796875,-1.4021844863891602,-0.14337658882141113,-0.631576657295227
1696965641109811200,47.016811279296874,0.2067890167236328,0.3262195587158203,-0.4881810247898102
1696965641119825400,47.02682543945313,-0.2522439956665039,-0.2493220567703247,-0.6229320764541626
1696965641129839400,47.03683935546875,-0.39511680603027344,-0.0136183500289917,-0.5924203395843506
1696965641139853600,47.046853515625,0.09331035614013672,0.07274365425109863,-0.7252506017684937
1696965641149867800,47.05686767578125,0.48014354705810547,0.025289416313171387,-0.6477983593940735
1696965641159881700,47.0668818359375,0.17794418334960938,-0.2709348201751709,-0.3041536509990692
1696965641169896000,47.07689599609375,0.3207111358642578,-0.15004372596740723,-0.5888184309005737
1696965641179910000,47.08690991210938,0.7978687286376953,-0.14964282512664795,-0.0009557008743286133
1696965641189924000,47.09692407226562,0.29875946044921875,0.017610669136047363,-0.5280846357345581
1696965641199938300,47.106938232421875,0.5991449356079102,0.05582618713378906,-0.03108447790145874
1696965641209952300,47.1169521484375,-0.06680583953857422,-0.1934070587158203,-0.5749975442886353
1696965641219966500,47.12696655273437,0.7505455017089844,-0.22126352787017822,0.013750642538070679
1696965641229980700,47.136980712890626,0.3997783660888672,-0.05549192428588867,-0.4623294174671173
1696965641239994600,47.14699462890625,-0.86279296875,0.11671173572540283,-0.6111899018287659
1696965641250008800,47.1570087890625,1.1892852783203125,0.054335951805114746,-0.4891184866428375
1696965641260023000,47.16702294921875,-0.7632503509521484,-0.20955705642700195,-0.5484753847122192
1696965641270037000,47.177037109375,-0.45566558837890625,-0.15621769428253174,-0.8448229432106018
1696965641280051200,47.18705126953125,0.7689533233642578,0.30733633041381836,-0.8477108478546143
1696965641290065200,47.197065185546876,-0.3699817657470703,-0.2115720510482788,-0.7862258553504944
1696965641300079400,47.20707934570312,-0.03483867645263672,-0.22348618507385254,-0.45787882804870605
1696965641310093600,47.217093505859374,0.5393953323364258,-0.41384196281433105,-0.807226300239563
1696965641320107800,47.22710766601563,-0.0020313262939453125,0.2235560417175293,-0.24239787459373474
1696965641330122000,47.2371220703125,0.14667892456054688,-0.3302806615829468,-0.6352212429046631
1696965641340136000,47.247135986328125,0.6718683242797852,0.21579575538635254,-0.19227589666843414
1696965641350150100,47.25715014648438,-0.4090747833251953,0.0007477998733520508,-0.30695006251335144
1696965641360164400,47.26716430664062,1.1159868240356445,-0.0849463939666748,-0.5306305885314941
1696965641370178600,47.277178466796876,-0.9644107818603516,-0.14798545837402344,-0.40165308117866516
1696965641380192800,47.28719287109375,0.7673530578613281,0.12157309055328369,-0.3140243887901306
1696965641390207000,47.29720703125,-1.207077980041504,-0.16088509559631348,-0.6510064005851746
1696965641400221000,47.30722094726563,0.44402217864990234,-0.12016165256500244,-0.41566208004951477
1696965641410235100,47.31723510742187,-0.4402885437011719,0.06716454029083252,-0.7910678386688232
1696965641420249300,47.327249267578125,0.17669963836669922,0.1408674716949463,-0.4949987530708313
1696965641430263600,47.337263671875,0.10981559753417969,0.1337885856628418,-0.6897799372673035
1696965641440277800,47.34727783203125,-0.8320989608764648,-0.013747453689575195,-0.04636740684509277
1696965641450292000,47.3572919921875,-0.2183370590209961,0.09201574325561523,-0.04750505089759827
1696965641460306000,47.36730590820312,0.0975341796875,0.44602644443511963,0.0674947202205658
1696965641470320000,47.377320068359374,-0.6818809509277344,0.6793270111083984,0.4249590337276459
1696965641480334300,47.38733422851563,0.01719951629638672,0.5162745714187622,0.1373303234577179
1696965641490348500,47.3973486328125,-0.5040950775146484,0.22930634021759033,0.3904089033603668
1696965641500362800,47.40736279296875,0.6580572128295898,-0.16722941398620605,0.21070337295532227
1696965641510377000,47.417376953125,-1.513357162475586,0.11948299407958984,0.5203598141670227
1696965641520391000,47.42739086914062,1.1897096633911133,-0.3895031213760376,-0.027660608291625977
1696965641530405000,47.437405029296876,-0.36649227142333984,0.19236648082733154,0.3399965763092041
1696965641540419300,47.44741943359375,0.3744668960571289,0.3751939535140991,-0.025587469339370728
1696965641550433500,47.45743359375,0.44485950469970703,0.7849427461624146,-0.1577134132385254
1696965641560447700,47.46744775390625,-0.005942344665527344,0.6927928924560547,-0.3277170658111572
1696965641570462000,47.4774619140625,0.7962064743041992,-0.08082747459411621,-0.9734785556793213
1696965641580476000,47.487475830078125,0.5599575042724609,-0.1581665277481079,-1.1070650815963745
1696965641590490000,47.49748999023438,-0.24979209899902344,-0.03991889953613281,-1.2098487615585327
1696965641600504300,47.50750439453125,0.7591886520385742,-0.18404316902160645,-1.1978801488876343
1696965641610518500,47.5175185546875,-0.32324790954589844,0.4164447784423828,-0.8365926742553711
1696965641620532700,47.52753271484375,0.6525516510009766,0.036588191986083984,-0.9889324307441711
1696965641630547000,47.537546875,-0.8260412216186523,0.12365376949310303,-0.7341513633728027
1696965641640561200,47.54756103515625,1.1975679397583008,-0.5274523496627808,-0.9396275281906128
1696965641650575000,47.5575751953125,-1.1851472854614258,0.021998882293701172,-0.7562803030014038
1696965641660589300,47.56758935546875,1.4413518905639648,-0.9429728984832764,-0.8284235000610352
1696965641670603500,47.577603515625,-0.8172874450683594,-0.34732210636138916,-0.5576163530349731
1696965641680617700,47.58761767578125,0.28865909576416016,-0.9958895444869995,-0.6815094947814941
1696965641690632000,47.5976318359375,0.35047340393066406,-0.7379511594772339,-0.44789689779281616
1696965641700646100,47.607646240234374,0.4169893264770508,-0.5529054403305054,-0.36788517236709595
1696965641710660000,47.61766015625,-0.5873813629150391,0.03998005390167236,-0.14652618765830994
1696965641720674300,47.62767431640625,0.5280818939208984,0.06058347225189209,-0.35404127836227417
1696965641730688500,47.6376884765625,-0.42865753173828125,0.26815247535705566,-0.6506623029708862
1696965641740702700,47.64770263671875,-0.833399772644043,-0.14136111736297607,-0.47387492656707764
1696965641750717000,47.65771704101562,1.3192014694213867,-0.29860198497772217,-0.4532656669616699
1696965641760731100,47.667731201171875,-0.9245405197143555,0.6513761281967163,-0.4238412082195282
1696965641770745000,47.6777451171875,-0.5831794738769531,-0.03190016746520996,-0.5605267286300659
1696965641780759300,47.68775927734375,0.01632404327392578,-0.23259496688842773,-0.46416735649108887
1696965641790773500,47.6977734375,-0.6526565551757812,-0.022604942321777344,-0.5680835843086243
1696965641800787700,47.70778759765625,-0.1344003677368164,0.09348273277282715,-0.5055303573608398
1696965641810802000,47.717802001953125,0.19606494903564453,0.5732852220535278,-0.500158965587616
1696965641820816100,47.72781616210938,-0.004195213317871094,0.3071964979171753,-0.7824809551239014
1696965641830830000,47.737830078125,-0.9016857147216797,0.2274378538131714,-0.7351088523864746
1696965641840844300,47.74784423828125,0.9177007675170898,0.2226163148880005,-0.7423048615455627
1696965641850858500,47.7578583984375,-1.4529619216918945,0.3062171936035156,-0.8680744171142578
1696965641860872700,47.767872802734374,1.166250228881836,-0.7057071924209595,-0.5002673864364624
1696965641870887000,47.777886962890626,0.18639373779296875,-1.7985485792160034,0.2714354395866394
1696965641880901000,47.78790112304687,-0.9220352172851562,-0.07215893268585205,0.8749315738677979
1696965641890915000,47.7979150390625,0.4704132080078125,-0.03374946117401123,0.8857308030128479
1696965641900929300,47.80792919921875,0.5648517608642578,-0.3302379846572876,0.6209127902984619
1696965641910943500,47.81794360351562,0.5302801132202148,-0.743140459060669,0.18855731189250946
1696965641920957700,47.827957763671876,0.24768733978271484,-0.3971782922744751,-0.1705900877714157
1696965641930972000,47.83797192382813,0.3099479675292969,-1.051880955696106,-0.6830644607543945
1696965641940986000,47.847986083984374,0.7537317276000977,-1.0589913129806519,-0.37915149331092834
1696965641951000000,47.858,0.21784210205078125,-1.5666927099227905,-0.9039726257324219
1696965641961014300,47.86801416015625,0.2894163131713867,-1.3136008977890015,-1.0334581136703491
1696965641971028500,47.878028564453125,-0.0023488998413085938,-0.5634918212890625,-1.4550244808197021
1696965641981042700,47.88804272460938,-1.0486726760864258,-0.3645564317703247,-0.2620292901992798
1696965641991057000,47.89805688476562,-0.45015907287597656,0.20077335834503174,0.06952440738677979
1696965642001071000,47.908071044921876,-0.27866363525390625,-0.11830878257751465,-0.00392131507396698
1696965642011085300,47.91808520507813,0.07847118377685547,-0.004643440246582031,0.1410297006368637
1696965642021099300,47.928099365234374,-0.6589584350585938,0.0037540197372436523,-0.33772629499435425
1696965642031113500,47.93811352539063,0.4374055862426758,-0.03866779804229736,-0.581318199634552
1696965642041127700,47.94812768554687,-0.4802827835083008,-0.21193158626556396,-1.129601240158081
1696965642051142000,47.958141845703125,-1.038656234741211,-0.22701740264892578,-1.0721590518951416
1696965642061156000,47.96815600585938,-0.2958183288574219,-0.45553433895111084,-1.0025672912597656
1696965642071170300,47.97817041015625,-0.9206151962280273,-0.33843040466308594,-0.3833544850349426
1696965642081184300,47.988184326171876,0.4405841827392578,0.37142348289489746,-0.3073059320449829
1696965642091198500,47.99819848632813,1.142313003540039,0.22395813465118408,-0.43407630920410156
1696965642101212700,48.008212646484374,0.06388664245605469,-0.48424291610717773,-0.2880021035671234
1696965642111227000,48.01822680664063,-0.26163387298583984,-0.012151122093200684,-0.11411476135253906
1696965642121241000,48.02824096679687,0.7907552719116211,-0.07471537590026855,0.10125967860221863
1696965642131255300,48.03825537109375,0.3586721420288086,-0.2166956663131714,0.3058902323246002
1696965642141269200,48.04826928710938,1.4565448760986328,0.21544551849365234,-0.10473543405532837
1696965642151283500,48.05828344726562,0.3776969909667969,-0.6607334613800049,-0.20679344236850739
1696965642161297700,48.068297607421876,-0.2398509979248047,-0.36595404148101807,-0.11898486316204071
1696965642171311900,48.07831176757813,0.9553661346435547,0.007648944854736328,-0.06652292609214783
1696965642181326000,48.088326171875,-1.0158414840698242,0.015905022621154785,-0.29382872581481934
1696965642191340300,48.09834033203125,0.6349563598632812,-0.4544144868850708,-0.42383405566215515
1696965642201354200,48.10835424804687,0.3802309036254883,-0.26352453231811523,-0.3925364017486572
1696965642211368400,48.118368408203125,-0.3710622787475586,-0.11487066745758057,-0.9055416584014893
1696965642221382700,48.12838256835938,-1.2063207626342773,-0.07161760330200195,-0.03782227635383606
1696965642231396900,48.13839697265625,1.3674068450927734,-0.30763816833496094,-0.2911379039287567
1696965642241411000,48.1484111328125,-1.8515620231628418,-0.08769941329956055,-0.5657718181610107
1696965642251425300,48.15842529296875,0.4174032211303711,0.26381540298461914,-0.30975040793418884
1696965642261439200,48.168439208984374,-0.2042560577392578,-0.6973540782928467,-0.6481232643127441
1696965642271453400,48.17845336914063,-0.5960531234741211,0.07768714427947998,-0.5354275703430176
1696965642281467600,48.18846752929687,1.307377815246582,0.015838623046875,-0.7386966943740845
1696965642291481900,48.19848193359375,-0.5497617721557617,-0.2249547243118286,-0.5163577198982239
1696965642301496000,48.20849609375,1.343642234802246,-0.3018355369567871,-0.5989759564399719
1696965642311510300,48.21851025390625,-0.3891115188598633,-0.4823155403137207,-0.22897781431674957
1696965642321524500,48.2285244140625,0.9685888290405273,-0.1420513391494751,-0.05571529269218445
1696965642331538400,48.23853833007813,0.1543903350830078,-0.5149154663085938,-0.14389842748641968
1696965642341552600,48.248552734375,-0.09950065612792969,0.19557547569274902,-0.06383800506591797
1696965642351566800,48.25856689453125,1.6881952285766602,-0.24141168594360352,-0.556851863861084
1696965642361581000,48.2685810546875,-1.48870849609375,-0.39338791370391846,-0.7017866373062134
1696965642371595300,48.27859521484375,0.8849582672119141,-0.011810302734375,-0.7380728125572205
1696965642381609500,48.288609375,0.013864517211914062,-0.4336256980895996,-0.5228793621063232
1696965642391623400,48.29862353515625,-0.8560724258422852,-0.4127471446990967,-0.9839643239974976
1696965642401637600,48.3086376953125,0.12112808227539062,-0.2788829803466797,-0.7142972350120544
1696965642411651800,48.31865185546875,0.2598400115966797,-0.1567772626876831,-0.8951665163040161
1696965642421666000,48.328666015625,-1.279282569885254,-0.029448509216308594,-0.7136406302452087
1696965642431680300,48.33868017578125,1.529296875,-0.42169129848480225,-0.5610071420669556
1696965642441694500,48.348694580078124,-2.086520195007324,-0.08267688751220703,-0.3657439351081848
1696965642451708400,48.35870849609375,1.607259750366211,-0.3630155324935913,-0.08959697186946869
1696965642461722600,48.36872265625,-0.2498340606689453,-0.23265743255615234,-0.7498887181282043
1696965642471736800,48.37873681640625,-0.4217414855957031,-0.29037749767303467,-0.6588512659072876
1696965642481751000,48.3887509765625,1.5056867599487305,-0.2693992853164673,-0.9177555441856384
1696965642491765000,48.39876489257812,-1.4462671279907227,0.1250309944152832,-0.7972372770309448
1696965642501779200,48.408779296875,1.0182685852050781,-0.6999754905700684,-0.7678680419921875
1696965642511793200,48.41879321289063,-0.4890594482421875,0.1954566240310669,-0.9306385517120361
1696965642521807400,48.42880737304687,0.24782276153564453,-0.3284355401992798,-0.9576319456100464
1696965642531821600,48.438821533203125,1.1842670440673828,-0.04855179786682129,-0.9830431938171387
1696965642541835500,48.44883544921875,-1.3130159378051758,-0.5419803857803345,-0.35900768637657166
1696965642551849700,48.458849609375,1.6146650314331055,0.11190736293792725,-0.3208200931549072
1696965642561864000,48.468864013671876,-0.6636600494384766,-0.48051702976226807,-0.6985750198364258
1696965642571878000,48.4788779296875,0.7233209609985352,0.22255873680114746,-0.5342624187469482
1696965642581892000,48.48889208984375,0.9275808334350586,-0.42250537872314453,-0.5422799587249756
1696965642591906300,48.49890625,-0.8143882751464844,-0.44503331184387207,-0.9019246101379395
1696965642601920300,48.50892016601563,1.4525423049926758,-0.22762489318847656,-0.8165682554244995
1696965642611934500,48.5189345703125,-1.2266502380371094,0.12670159339904785,-0.7099109292030334
1696965642621948400,48.528948486328126,2.1161251068115234,-0.4655938148498535,-0.7112157344818115
1696965642631962600,48.53896264648437,-1.2477388381958008,-0.47283220291137695,-0.971734881401062
1696965642641976800,48.548976806640624,0.4844074249267578,-0.3887772560119629,-1.224589467048645
1696965642651990800,48.55899072265625,-0.1179971694946289,-0.2274951934814453,-0.8385105729103088
1696965642662005000,48.5690048828125,-0.8682889938354492,-0.7166764736175537,-1.1640737056732178
1696965642672019200,48.579019287109375,1.1318750381469727,-0.04438066482543945,-1.128635287284851
1696965642682033200,48.589033203125,-1.881152629852295,-0.26274359226226807,-1.0815869569778442
1696965642692047400,48.59904736328125,1.7170562744140625,-0.37918519973754883,-1.147885799407959
1696965642702061600,48.6090615234375,-0.6708774566650391,-0.20898568630218506,-1.1835044622421265
1696965642712075500,48.61907543945313,-0.2871284484863281,-0.655301570892334,-1.2276155948638916
1696965642722089700,48.62908984375,0.6939964294433594,-0.11373364925384521,-0.9152998924255371
1696965642732103700,48.639103759765625,-0.2584524154663086,-0.19166803359985352,-0.8200107216835022
1696965642742118000,48.64911791992188,1.3672313690185547,-0.2689979076385498,-0.5883181691169739
1696965642752132000,48.65913208007812,-0.9723396301269531,-0.1875898838043213,-0.7263750433921814
1696965642762146000,48.66914599609375,0.6641921997070312,-0.409761905670166,-0.8187524080276489
1696965642772160300,48.67916015625,0.6536235809326172,-0.0360795259475708,-0.7191444039344788
1696965642782174500,48.689174560546874,-0.54266357421875,-0.41393959522247314,-1.053502082824707
1696965642792188400,48.6991884765625,1.0454187393188477,-0.49529337882995605,-0.9667586088180542
1696965642802202600,48.70920263671875,-0.48596668243408203,-0.09614980220794678,-1.1889787912368774
1696965642812216600,48.71921655273437,-0.3079195022583008,-0.7361892461776733,-1.0343682765960693
1696965642822230800,48.729230712890626,0.046825408935546875,0.04255712032318115,-0.8568397760391235
1696965642832245000,48.73924487304687,0.4673328399658203,-0.26911890506744385,-1.3964617252349854
1696965642842259200,48.74925927734375,-1.2632684707641602,-0.28641819953918457,-0.8885061740875244
1696965642852273400,48.7592734375,1.1624412536621094,-0.2393646240234375,-0.9718592762947083
1696965642862287600,48.76928759765625,-0.4786720275878906,-0.48954904079437256,-0.8822237253189087
1696965642872301800,48.7793017578125,-0.9557180404663086,-0.07431817054748535,-0.7697771787643433
1696965642882315800,48.78931567382813,1.450674057006836,0.005866408348083496,-0.7486810088157654
1696965642892330000,48.799330078125,-0.7078752517700195,-0.45105743408203125,-0.9322322607040405
1696965642902344200,48.80934423828125,0.4214458465576172,-0.16091132164001465,-0.8889433145523071
1696965642912358400,48.8193583984375,0.9033641815185547,-0.42096972465515137,-1.1709285974502563
1696965642922372600,48.82937255859375,-0.8765335083007812,-0.1531301736831665,-0.9684761166572571
1696965642932386800,48.83938671875,0.8649253845214844,-0.41851603984832764,-1.1992957592010498
1696965642942400800,48.84940087890625,-0.36490440368652344,-0.22082388401031494,-1.1073720455169678
1696965642952415000,48.8594150390625,0.15177345275878906,-0.470455527305603,-0.9658359289169312
1696965642962429200,48.86942919921875,0.47201061248779297,-0.6685605049133301,-1.4430445432662964
1696965642972443400,48.879443359375,-1.3642826080322266,-0.08366978168487549,-1.078742504119873
1696965642982457600,48.88945751953125,0.6701860427856445,-0.5177344083786011,-1.3532366752624512
1696965642992471800,48.89947192382812,-0.9893369674682617,-0.3475302457809448,-1.159450650215149
1696965643002485800,48.90948583984375,0.088104248046875,-0.291296124458313,-1.124086618423462
1696965643012500000,48.9195,0.11227130889892578,-0.42282021045684814,-1.3049949407577515
1696965643022514200,48.92951416015625,-0.12704181671142578,-0.28203511238098145,-0.8954529762268066
1696965643032528400,48.9395283203125,0.41356658935546875,-0.5121660232543945,-1.0306540727615356
1696965643042542600,48.94954248046875,-0.3137245178222656,-0.449795126914978,-1.028133749961853
1696965643052556800,48.959556884765625,0.20793724060058594,-0.3571411371231079,-0.6092479825019836
1696965643062570800,48.96957080078125,0.23644733428955078,-0.4065229892730713,-0.7703973054885864
1696965643072585000,48.9795849609375,-0.44284629821777344,-0.242509126663208,-0.590740442276001
1696965643082599200,48.98959912109375,1.1830663681030273,-0.21769726276397705,-0.737212061882019
1696965643092613400,48.99961328125,-0.19110107421875,-0.5399514436721802,-0.6915802955627441
1696965643102627600,49.009627685546874,0.6740636825561523,-0.18757319450378418,-0.6849164366722107
1696965643112641800,49.01964184570313,0.08017158508300781,-0.6154563426971436,-0.9911730289459229
1696965643122655700,49.02965576171875,-0.16878032684326172,0.01843082904815674,-1.2687175273895264
1696965643132670000,49.039669921875,0.1376791000366211,-0.5515848398208618,-1.1367084980010986
1696965643142684200,49.04968408203125,-1.2914905548095703,-0.3640592098236084,-0.9991186261177063
1696965643152698400,49.059698486328124,1.874979019165039,-0.4696756601333618,-0.406412810087204
1696965643162712600,49.069712646484376,-0.7429170608520508,-0.1688939332962036,-0.9365251660346985
1696965643172726800,49.07972680664062,-0.16827774047851562,-0.5506227016448975,-0.7242352366447449
1696965643182741000,49.089740966796874,1.1992244720458984,-0.36477184295654297,-0.6189538240432739
1696965643192755000,49.0997548828125,-1.8523459434509277,0.039624571800231934,-0.8011667132377625
1696965643202769200,49.10976904296875,1.1429643630981445,-0.12093257904052734,-0.7465593814849854
1696965643212783400,49.119783447265625,0.4669322967529297,-0.6034501791000366,-0.8045518398284912
1696965643222797600,49.12979760742188,-1.1212339401245117,-0.14009511470794678,-0.8828338980674744
1696965643232811800,49.139811767578124,1.7581825256347656,-0.46726834774017334,-1.0178803205490112
1696965643242826000,49.149825927734376,-0.8217573165893555,-0.18668663501739502,-1.0797851085662842
1696965643252840000,49.15983984375,-0.8107156753540039,-0.4636737108230591,-0.6612136363983154
1696965643262854100,49.169854248046875,1.1600828170776367,-0.1172558069229126,-0.4776926040649414
1696965643272868400,49.17986840820313,-0.18097496032714844,-0.5424624681472778,-1.2597293853759766
1696965643282882600,49.18988256835937,-1.4520349502563477,-0.6295979022979736,-1.229350209236145
1696965643292896800,49.199896728515625,1.122248649597168,-0.3519747257232666,-0.8878545165061951
1696965643302911000,49.20991088867188,-0.8298711776733398,-0.31635820865631104,-1.183821439743042
1696965643312925000,49.219925048828124,-1.1248149871826172,-0.716354489326477,-1.2837927341461182
1696965643322939100,49.229939208984376,0.5411386489868164,-0.4183462858200073,-0.6868699789047241
1696965643332953300,49.23995336914062,-0.20090770721435547,-0.3644866943359375,-0.70591801404953
1696965643342967600,49.249967529296875,-0.057257652282714844,-0.5817103385925293,-0.810364842414856
1696965643352981800,49.25998168945313,0.6643238067626953,-0.29681241512298584,-0.4416934847831726
1696965643362996000,49.26999584960937,0.41916656494140625,-0.5745630264282227,-0.5591526031494141
1696965643373010000,49.280010009765626,-1.388472557067871,-0.5292507410049438,-1.024727463722229
1696965643383024000,49.29002416992188,1.2381505966186523,0.001309037208557129,-0.7482301592826843
1696965643393038300,49.300038330078124,-0.19331741333007812,-0.7382582426071167,-0.7501703500747681
1696965643403052500,49.310052490234376,-0.8670940399169922,-0.4607691764831543,-0.5300672650337219
1696965643413066800,49.32006665039062,1.9926719665527344,-0.47259068489074707,-0.6397886872291565
1696965643423081000,49.3300810546875,-0.6975936889648438,-0.47035014629364014,-1.1203669309616089
1696965643433095000,49.34009497070313,-0.5338459014892578,-0.4079720973968506,-0.9541347026824951
1696965643443109000,49.35010913085937,0.7244443893432617,-0.4459041357040405,-1.0127519369125366
1696965643453123300,49.360123291015626,-0.5293893814086914,-0.6603525876998901,-1.287441611289978
1696965643463137500,49.37013745117188,0.09782981872558594,-0.29902470111846924,-1.2094855308532715
1696965643473151700,49.38015185546875,0.10724830627441406,-0.7430274486541748,-0.37100133299827576
1696965643483166000,49.390166015625,1.3447704315185547,-0.3877218961715698,-0.6909050345420837
1696965643493180200,49.40018017578125,-1.3439769744873047,-0.6048043966293335,-0.7412247061729431
1696965643503194000,49.410194091796875,0.7950048446655273,-0.32164692878723145,-0.7460955381393433
1696965643513208300,49.42020825195313,0.7123479843139648,-0.38254785537719727,-0.623235821723938
1696965643523222500,49.43022241210937,-0.04954242706298828,-0.24113106727600098,-0.927704930305481
1696965643533236700,49.44023681640625,1.4081296920776367,-0.7613393068313599,-0.9179702997207642
1696965643543251000,49.4502509765625,-0.15790176391601562,-0.16374444961547852,-0.6660439968109131
1696965643553265200,49.46026513671875,0.9748315811157227,-0.62972092628479,-0.667584240436554
1696965643563279000,49.47027905273438,-1.4310245513916016,-0.4497946500778198,-0.6673493981361389
1696965643573293300,49.48029321289062,1.749650001525879,-0.31314074993133545,-0.6409398317337036
1696965643583307500,49.4903076171875,0.5274477005004883,-0.41433441638946533,-0.9484857320785522
1696965643593321700,49.50032177734375,-2.1361002922058105,-0.7836354970932007,-1.4606760740280151
1696965643603336000,49.5103359375,1.5724763870239258,-0.35778093338012695,-1.0281435251235962
1696965643613350100,49.52035009765625,-0.729527473449707,-0.7343094348907471,-1.0526728630065918
1696965643623364000,49.53036401367188,-1.3923053741455078,-0.018007993698120117,-1.1119747161865234
1696965643633378300,49.54037841796875,0.5178194046020508,-0.8291424512863159,-0.6357599496841431
1696965643643392500,49.550392578125,0.45937633514404297,-0.5276645421981812,-1.2556092739105225
1696965643653406700,49.56040673828125,-1.5487537384033203,-0.6042836904525757,-1.3128020763397217
1696965643663421000,49.5704208984375,0.5717220306396484,-0.36967194080352783,-0.7865483164787292
1696965643673435100,49.58043505859375,0.49913597106933594,-0.49697697162628174,-0.8984853625297546
1696965643683449000,49.59044897460937,-0.6921777725219727,-0.6527513265609741,-1.2525230646133423
1696965643693463300,49.60046337890625,-0.5900869369506836,-0.24017536640167236,-0.9562905430793762
1696965643703477500,49.6104775390625,0.9405193328857422,-0.3006162643432617,-0.8544555902481079
1696965643713491700,49.62049169921875,-0.09848308563232422,-0.6564799547195435,-1.1976873874664307
1696965643723506000,49.630505859375,-0.7579612731933594,-0.26127028465270996,-0.6932728290557861
1696965643733520100,49.64052001953125,0.9022789001464844,-0.40427112579345703,-0.7875365018844604
1696965643743534000,49.6505341796875,0.43660640716552734,-0.4234994649887085,-0.9869097471237183
1696965643753548300,49.66054833984375,-0.9693431854248047,-0.619619607925415,-1.211825966835022
1696965643763562500,49.6705625,0.2754087448120117,-0.37278759479522705,-0.7553247809410095
1696965643773576700,49.68057666015625,1.2833194732666016,-0.49788355827331543,-1.0947000980377197
1696965643783591000,49.6905908203125,-0.40657520294189453,-0.7138969898223877,-1.041239857673645
1696965643793605000,49.700605224609376,0.07221603393554688,-0.7064263820648193,-0.5791771411895752
1696965643803619300,49.71061938476562,2.332693099975586,-0.3572770357131958,-0.8028728365898132
1696965643813633300,49.72063330078125,-1.2135677337646484,-0.14251863956451416,-1.2144556045532227
1696965643823647500,49.7306474609375,-0.10229301452636719,-0.38230228424072266,-0.9097141027450562
1696965643833661700,49.74066162109375,2.230541229248047,-0.4515197277069092,-0.5521488785743713
1696965643843676000,49.750676025390625,-0.37412548065185547,-0.8951038122177124,-1.1411314010620117
1696965643853689900,49.76068994140625,-0.41622352600097656,-0.018169283866882324,-1.3500398397445679
1696965643863704000,49.7707041015625,1.984100341796875,-0.4547438621520996,-1.1062370538711548
1696965643873718300,49.78071826171875,-1.6233129501342773,-0.22149324417114258,-0.8645286560058594
1696965643883732200,49.79073217773438,-0.11427497863769531,-0.5047354698181152,-0.9647725820541382
1696965643893746400,49.80074633789062,0.9379339218139648,-0.24465453624725342,-0.6768234372138977
1696965643903760600,49.8107607421875,0.29541969299316406,-0.46552062034606934,-0.7824075818061829
1696965643913774600,49.82077465820313,-1.5351457595825195,0.02394711971282959,-1.154209852218628
1696965643923788800,49.83078881835937,1.067957878112793,-0.5984032154083252,-1.1263585090637207
1696965643933803000,49.840802978515626,-0.8739185333251953,-0.31806480884552,-1.0228726863861084
1696965643943817000,49.85081689453125,-1.340529441833496,-0.44785594940185547,-1.1697829961776733
1696965643953831200,49.8608310546875,0.78497314453125,-0.5396096706390381,-1.1508208513259888
1696965643963845000,49.87084521484375,-0.9228487014770508,-0.3537555932998657,-0.9888299703598022
1696965643973859300,49.880859375,-0.022017478942871094,-0.18155419826507568,-0.7480518221855164
1696965643983873500,49.89087353515625,0.29358768463134766,-0.664810061454773,-0.8756094574928284
1696965643993887500,49.900887451171876,-0.686366081237793,-0.3655036687850952,-1.3966517448425293
1696965644003901700,49.91090161132813,-1.6978225708007812,-0.28803443908691406,-1.310813069343567
1696965644013916000,49.920916015625,1.775869369506836,-0.27724552154541016,-0.8874213695526123
1696965644023929900,49.93092993164063,-1.3628015518188477,-0.7316999435424805,-0.9228019714355469
1696965644033944000,49.94094409179687,0.7093639373779297,-0.31971168518066406,-1.0566049814224243
1696965644043958300,49.950958251953125,1.324777603149414,-0.17605865001678467,-0.4978300631046295
1696965644053972200,49.96097216796875,-0.3174772262573242,-0.34963107109069824,-1.036608099937439
1696965644063986400,49.970986328125,-0.49338722229003906,-0.6459802389144897,-0.5532570481300354
1696965644074000400,49.98100048828125,2.012115478515625,-0.1479654312133789,-0.4513881802558899
1696965644084014600,49.9910146484375,-1.0505151748657227,-0.4557316303253174,-0.4041362404823303
1696965644094028800,50.00102880859375,1.6516170501708984,-0.2254033088684082,-0.680189311504364
1696965644104042800,50.011042724609375,1.22808837890625,-0.3191772699356079,-0.9063467979431152
1696965644114057000,50.02105688476563,-2.081894874572754,-0.5108025074005127,-0.9443494081497192
1696965644124071200,50.0310712890625,1.9804401397705078,-0.5365431308746338,-0.6933849453926086
1696965644134085000,50.041085205078126,-0.3460111618041992,0.17840874195098877,-0.19017261266708374
1696965644144099300,50.05109936523438,0.3571004867553711,-0.8524388074874878,-0.7369053959846497
1696965644154113500,50.061113525390624,1.8000497817993164,-0.36224257946014404,-0.8494321703910828
1696965644164127500,50.07112744140625,0.3194122314453125,-0.7288304567337036,-0.9940496683120728
1696965644174141700,50.0811416015625,-0.6367206573486328,-0.09485924243927002,-0.9408604502677917
1696965644184156000,50.091156005859375,2.56197452545166,-0.4097503423690796,-0.564663827419281
1696965644194170000,50.10117016601563,-0.8216352462768555,-0.697175145149231,-0.746308445930481
1696965644204184300,50.11118432617187,0.7235040664672852,0.01089465618133545,-0.6252842545509338
1696965644214198300,50.1211982421875,3.5135507583618164,0.02806830406188965,-0.39202600717544556
1696965644224212500,50.13121240234375,-2.5680928230285645,-0.9940388202667236,-1.1752876043319702
1696965644234226700,50.141226806640624,1.0266714096069336,-0.0596923828125,-0.2860966920852661
1696965644244241000,50.15124096679688,1.5942277908325195,-0.19871437549591064,-1.084302306175232
1696965644254255000,50.16125512695312,-2.8775033950805664,0.007729530334472656,-1.0291506052017212
1696965644264269300,50.171269287109375,2.7444400787353516,-0.561982274055481,-0.7674750685691833
1696965644274283300,50.181283203125,-2.1922554969787598,-0.46560370922088623,-1.0296759605407715
1696965644284297500,50.19129736328125,-0.261993408203125,-0.083626389503479,-1.1979484558105469
1696965644294311700,50.201311767578126,1.0254402160644531,-0.18769466876983643,-1.4359558820724487
1696965644304326000,50.21132592773437,-2.8716135025024414,-0.33836233615875244,-1.342513918876648
1696965644314340000,50.221340087890624,1.3311471939086914,-0.5216779708862305,-0.8257253170013428
1696965644324354300,50.23135424804688,-1.323225975036621,-0.15204393863677979,-0.9247869849205017
1696965644334368300,50.2413681640625,-1.4016437530517578,-0.373013973236084,-0.7349603772163391
1696965644344382500,50.251382568359375,1.3645257949829102,-0.37037181854248047,-0.4822889566421509
1696965644354396700,50.26139672851563,-1.9499917030334473,-0.23132610321044922,-0.9181187748908997
1696965644364411000,50.27141088867187,1.0651493072509766,-0.0981370210647583,-1.276950716972351
1696965644374425000,50.281425048828126,-0.43230438232421875,-0.2676166296005249,-1.1868013143539429
1696965644384439300,50.29143920898437,-1.3968286514282227,-0.6191118955612183,-0.716480016708374
1696965644394453200,50.301453369140624,1.2256650924682617,0.0029109716415405273,-0.5557266473770142
1696965644404467500,50.31146752929688,-0.4733600616455078,-0.6413012742996216,-0.9080064296722412
1696965644414481700,50.32148168945312,0.1202535629272461,-0.13197100162506104,-0.9964728951454163
1696965644424495900,50.331495849609375,0.9374370574951172,-0.21017777919769287,-0.799845814704895
1696965644434510000,50.34151000976563,-1.0526018142700195,-0.7331571578979492,-1.0520485639572144
1696965644444524300,50.35152416992187,0.33087825775146484,-0.17499089241027832,-0.7862732410430908
1696965644454538500,50.36153857421875,-0.4244699478149414,-0.10692870616912842,-1.3406504392623901
1696965644464552400,50.37155249023437,-0.6147880554199219,0.06183791160583496,-0.898176908493042
1696965644474566700,50.381566650390624,2.196589469909668,-0.8452872037887573,-0.5344261527061462
1696965644484580900,50.39158081054688,-1.3300237655639648,-0.5443747043609619,-0.8977562189102173
1696965644494595000,50.40159497070312,0.4072847366333008,0.3655184507369995,-0.47938093543052673
1696965644504609300,50.411609375,2.0555591583251953,-0.5759063959121704,-0.630911648273468
1696965644514623500,50.42162353515625,-1.466501235961914,-0.2620583772659302,-0.47392821311950684
1696965644524637400,50.43163745117187,1.9153966903686523,-0.1814941167831421,-0.18837934732437134
1696965644534651600,50.441651611328126,0.3918275833129883,-0.5171146392822266,-0.7469877004623413
1696965644544665900,50.45166577148437,-0.5651445388793945,-0.509687066078186,-0.6164785623550415
1696965644554680000,50.46168017578125,1.3098888397216797,0.0009686946868896484,-0.37358465790748596
1696965644564694300,50.4716943359375,-0.2698516845703125,-0.4905397891998291,-0.9339795708656311
1696965644574708500,50.48170849609375,0.772517204284668,-0.23021388053894043,-1.1774747371673584
1696965644584722400,50.491722412109375,-0.5906400680541992,-0.1683650016784668,-1.033176302909851
1696965644594736600,50.50173657226563,0.3472146987915039,0.015409111976623535,-0.7973615527153015
1696965644604750800,50.51175073242187,0.24169445037841797,-0.6188957691192627,-0.9537296295166016
1696965644614765000,50.52176513671875,-0.7050037384033203,-0.18818914890289307,-0.9839272499084473
1696965644624779300,50.531779296875,0.5536165237426758,0.25639641284942627,-0.3045352101325989
1696965644634793500,50.54179345703125,-0.25989723205566406,-0.47294116020202637,-0.26420116424560547
1696965644644807400,50.55180737304688,-0.1828603744506836,-0.21764087677001953,-0.516909658908844
1696965644654821600,50.56182153320312,-0.10577106475830078,-0.16090691089630127,-0.4770221710205078
1696965644664835800,50.5718359375,-0.21547985076904297,-0.06472599506378174,-0.1394990086555481
1696965644674850000,50.58185009765625,0.7025413513183594,-0.21199142932891846,-0.519234836101532
1696965644684864300,50.5918642578125,-0.2690896987915039,-0.3894467353820801,-1.0727479457855225
1696965644694878500,50.60187841796875,-1.4584283828735352,0.08969473838806152,-0.7457982301712036
1696965644704892400,50.61189233398437,0.8243188858032227,-0.342136025428772,-0.6965329051017761
1696965644714906600,50.62190673828125,-0.5345401763916016,-0.41073036193847656,-0.7078357934951782
1696965644724920800,50.6319208984375,-0.036704063415527344,-0.22433233261108398,-0.7759225964546204
1696965644734935000,50.64193505859375,-0.07943248748779297,-0.27776598930358887,-0.2827922999858856
1696965644744949200,50.65194921875,0.0637826919555664,-0.40347862243652344,-0.5481399297714233
1696965644754963500,50.66196337890625,-0.8203191757202148,-0.3075021505355835,-1.0373860597610474
1696965644764977700,50.671977783203126,-0.26436519622802734,0.04046750068664551,-0.7494291663169861
1696965644774991600,50.68199169921875,-0.24455547332763672,-0.3234657049179077,-0.5509979128837585
1696965644785005800,50.692005859375,0.26226043701171875,-0.32452261447906494,-0.699303150177002
1696965644795020000,50.70202001953125,0.1470632553100586,-0.23355066776275635,-1.304647445678711
1696965644805034200,50.7120341796875,-1.0769290924072266,-0.2889997959136963,-1.388871192932129
1696965644815048400,50.72204833984375,0.449859619140625,-0.25247251987457275,-0.6301140785217285
1696965644825062700,50.73206274414063,-0.3731575012207031,-0.6493625640869141,-0.630659282207489
1696965644835076600,50.74207666015625,0.39217185974121094,-0.36373043060302734,-0.6926928758621216
1696965644845090800,50.7520908203125,0.037613868713378906,-0.11487758159637451,-0.8208152651786804
1696965644855105000,50.76210498046875,0.2666959762573242,-0.0988471508026123,-0.724330484867096
1696965644865119200,50.772119140625,1.474989891052246,-0.30808568000793457,-0.3122861981391907
1696965644875133400,50.78213354492188,-0.9847879409790039,-0.6392949819564819,-0.3166843056678772
1696965644885147600,50.79214770507812,1.9227418899536133,0.03579223155975342,-0.5027036666870117
1696965644895161600,50.80216162109375,0.18401145935058594,-0.562569260597229,-0.7035951018333435
1696965644905175800,50.81217578125,-0.533665657043457,-0.6923340559005737,-0.9313002824783325
1696965644915190000,50.82218994140625,1.1024589538574219,0.148351788520813,-0.9767985343933105
1696965644925204200,50.832204345703126,-0.4722719192504883,-0.43712663650512695,-0.791577935218811
1696965644935218400,50.84221850585938,-0.04568958282470703,-0.7522618770599365,-0.23759722709655762
1696965644945232600,50.852232666015624,1.0395917892456055,-0.3029066324234009,-1.0727431774139404
1696965644955246600,50.86224658203125,-0.6061601638793945,0.09886336326599121,-1.1512603759765625
1696965644965260800,50.8722607421875,-0.150848388671875,-0.17308318614959717,-0.9056593179702759
1696965644975275000,50.88227490234375,0.19407176971435547,-0.7018759250640869,-0.623584508895874
1696965644985289200,50.89228930664063,0.24158287048339844,-0.02763509750366211,-0.5064101815223694
1696965644995303400,50.90230346679687,0.8387451171875,-0.3692779541015625,-1.0613484382629395
1696965645005317600,50.912317626953126,0.42604541778564453,-0.4287372827529907,-0.6400815844535828
1696965645015331600,50.92233154296875,0.6642246246337891,-0.22458255290985107,-0.6025314331054688
1696965645025345800,50.932345703125,0.08483505249023438,-0.1125643253326416,-0.783797025680542
1696965645035360000,50.94236010742188,-0.6223344802856445,-0.2386537790298462,-0.5890206694602966
1696965645045374200,50.95237426757812,-0.04713726043701172,-0.3302445411682129,-0.5318278074264526
1696965645055388200,50.96238818359375,0.7946405410766602,-0.13674092292785645,-0.912767767906189
1696965645065402400,50.97240234375,-1.548598289489746,-0.26383674144744873,-0.8437464237213135
1696965645075416300,50.98241625976563,1.1360626220703125,-0.3717012405395508,-0.6657707095146179
1696965645085430500,50.992430419921874,-1.7283897399902344,-0.3394775390625,-0.8069624900817871
1696965645095444700,51.00244482421875,0.05776214599609375,-0.16624796390533447,-0.8862593173980713
1696965645105458700,51.01245874023437,-0.24251079559326172,-0.10037505626678467,-0.9576506614685059
1696965645115473000,51.022472900390625,-1.1025619506835938,-0.6708024740219116,-0.8425053358078003
1696965645125487000,51.03248706054688,0.8694038391113281,-0.39382052421569824,-0.48661449551582336
1696965645135501000,51.0425009765625,-1.0345172882080078,-0.05999314785003662,-0.7748783826828003
1696965645145515300,51.052515380859376,1.0083627700805664,-0.4874851703643799,-0.6429702639579773
1696965645155529500,51.06252954101563,-0.4653911590576172,-0.0462266206741333,-1.0877301692962646
1696965645165543400,51.07254345703125,-0.5698356628417969,-0.10049951076507568,-0.6188040375709534
1696965645175557600,51.0825576171875,1.1474523544311523,-0.5124362707138062,-0.5581956505775452
1696965645185571600,51.09257153320313,-1.3211088180541992,-0.3982830047607422,-0.3799112141132355
1696965645195585800,51.10258569335937,1.2099838256835938,-0.45676326751708984,-0.8341609239578247
1696965645205600000,51.11260009765625,-1.2772340774536133,-0.1649017333984375,-1.354339599609375
1696965645215614000,51.12261401367188,0.2545757293701172,-0.39906132221221924,-1.3236533403396606
1696965645225628200,51.132628173828124,0.6321220397949219,-0.45072221755981445,-1.0307278633117676
1696965645235642400,51.14264233398438,-1.4243383407592773,-0.5654354095458984,-1.002705454826355
1696965645245656300,51.15265625,1.2362480163574219,-0.1383570432662964,-0.47603166103363037
1696965645255670500,51.16267041015625,-0.23322010040283203,-0.4065592288970947,-0.5386999845504761
1696965645265684700,51.17268481445313,0.19734764099121094,-0.17549824714660645,-0.4477422535419464
1696965645275698700,51.18269873046875,0.9478330612182617,-0.3469644784927368,-0.3694664239883423
1696965645285713000,51.192712890625,-0.7458400726318359,-0.3681896924972534,-0.6206835508346558
1696965645295726800,51.20272680664063,0.9862499237060547,-0.05794680118560791,-0.39747512340545654
1696965645305741000,51.21274096679687,0.49708080291748047,-0.44009482860565186,-0.6231634616851807
1696965645315755300,51.22275537109375,-0.49289512634277344,-0.23637747764587402,-0.7085760831832886
1696965645325769200,51.23276928710938,0.4356822967529297,-0.29436540603637695,-0.504353404045105
1696965645335783400,51.24278344726562,-0.18583297729492188,-0.0928044319152832,-0.8602185249328613
1696965645345797600,51.252797607421876,0.020204544067382812,-0.09704709053039551,-0.8012535572052002
1696965645355811600,51.2628115234375,-0.2754859924316406,-0.34483134746551514,-0.678559422492981
1696965645365825800,51.27282568359375,-0.05978202819824219,-0.2906075716018677,-0.769821047782898
1696965645375840000,51.28284008789063,0.15594863891601562,-0.25461697578430176,-0.7024807929992676
1696965645385854200,51.29285424804687,-0.6234025955200195,-0.47378313541412354,-1.0155657529830933
1696965645395868400,51.302868408203125,0.3770742416381836,0.03794288635253906,-0.6691081523895264
1696965645405882600,51.31288256835938,0.6724882125854492,-0.6315191984176636,-1.0158188343048096
1696965645415896600,51.322896484375,-1.1304292678833008,-0.5943114757537842,-0.9347748756408691
1696965645425910800,51.332910888671876,1.5193052291870117,-0.02975177764892578,-0.5765234231948853
1696965645435925000,51.34292504882813,-0.2565946578979492,-0.47560834884643555,-0.4700806736946106
1696965645445939200,51.352939208984374,0.9618587493896484,0.08107411861419678,-0.43938958644866943
1696965645455953400,51.36295336914063,0.20047283172607422,-0.05806624889373779,-0.6920819282531738
1696965645465967600,51.37296752929687,-0.9093046188354492,-0.22594380378723145,-1.0097150802612305
1696965645475981800,51.38298193359375,0.20184707641601562,-0.4553409814834595,-0.8663711547851562
1696965645485995800,51.39299584960938,-1.7867698669433594,-0.7312419414520264,-0.7936422824859619
1696965645496010000,51.40301000976562,1.2280292510986328,-0.18133533000946045,-1.1917155981063843
1696965645506024200,51.413024169921876,-1.6752281188964844,-0.2952498197555542,-1.0210715532302856
1696965645516038400,51.42303833007813,0.20607566833496094,-0.39847052097320557,-0.9900330901145935
1696965645526052600,51.433052490234374,0.6984643936157227,-0.7599242925643921,-1.4722779989242554
1696965645536066800,51.44306689453125,-1.7693634033203125,-0.8767544031143188,-1.20639967918396
1696965645546080800,51.45308081054687,2.272756576538086,0.07855224609375,-0.4362446963787079
1696965645556095000,51.463094970703125,-0.0021123886108398438,-0.40575480461120605,-0.9435672760009766
1696965645566109200,51.47310913085938,-0.3225412368774414,-0.4885371923446655,-0.9246249794960022
1696965645576123400,51.48312329101562,1.121626853942871,-0.2217390537261963,-0.488017737865448
1696965645586137600,51.4931376953125,-1.0836858749389648,-0.8277565240859985,-0.984798789024353
1696965645596151800,51.50315185546875,0.4574851989746094,-0.29297924041748047,-0.7065728902816772
1696965645606165800,51.513165771484374,1.5420799255371094,-0.18353545665740967,-1.1764209270477295
1696965645616180000,51.52317993164063,-1.7542190551757812,-0.5874905586242676,-0.747900128364563
1696965645626194200,51.53319409179687,2.7658424377441406,-0.3400580883026123,-0.6305915713310242
1696965645636208400,51.54320849609375,-1.8081169128417969,-0.5174400806427002,-1.0997953414916992
1696965645646222600,51.55322265625,0.44635009765625,0.07275748252868652,-0.6222327351570129
1696965645656236800,51.56323681640625,0.9288978576660156,-0.42274200916290283,-0.43387654423713684
1696965645666250800,51.573250732421876,-1.3910160064697266,-0.6478008031845093,-0.8200167417526245
1696965645676265000,51.58326489257813,0.41875743865966797,0.07081103324890137,-0.10990992188453674
1696965645686279200,51.593279052734374,0.4373302459716797,-0.7936884164810181,-0.2843590974807739
1696965645696293400,51.60329345703125,-1.298126220703125,0.0037544965744018555,-0.6939128637313843
1696965645706307600,51.6133076171875,1.5817680358886719,-0.17615270614624023,-0.6649456024169922
1696965645716321800,51.62332177734375,-1.221510887145996,-0.4419509172439575,-0.7693028450012207
1696965645726335700,51.63333569335938,-0.8561544418334961,-0.36445629596710205,-0.17160269618034363
1696965645736350000,51.64334985351562,1.7176265716552734,-0.5675313472747803,-0.29801779985427856
1696965645746364200,51.6533642578125,-1.4928760528564453,-0.25906920433044434,-0.1406153440475464
1696965645756378400,51.66337841796875,1.4254722595214844,0.37047815322875977,0.23291955888271332
1696965645766392600,51.673392578125,1.3559398651123047,-0.6058098077774048,-0.11607024073600769
1696965645776406800,51.68340673828125,-1.7344322204589844,-0.529740571975708,0.14110980927944183
1696965645786421000,51.6934208984375,2.083073616027832,-0.24335813522338867,0.47991761565208435
1696965645796435000,51.70343505859375,0.4688682556152344,0.016352176666259766,-0.08186385035514832
1696965645806449200,51.71344921875,-1.8169479370117188,-0.3740307092666626,-0.15534162521362305
1696965645816463400,51.72346337890625,1.6859130859375,-0.25880134105682373,-0.08189183473587036
1696965645826477600,51.7334775390625,-0.52044677734375,0.06631326675415039,-0.4488893449306488
1696965645836491800,51.74349169921875,0.2643108367919922,-0.7634363174438477,-0.3906548023223877
1696965645846506000,51.753506103515626,0.5654993057250977,-0.25556111335754395,-0.07946649193763733
1696965645856520000,51.76352001953125,-0.6784267425537109,-0.08879625797271729,0.3992847204208374
1696965645866534100,51.7735341796875,0.16489028930664062,-0.4737508296966553,0.10966150462627411
1696965645876548400,51.78354833984375,-1.1494026184082031,-0.2408357858657837,0.36206361651420593
1696965645886562600,51.7935625,0.02934551239013672,-0.3231673240661621,-0.06429249048233032
1696965645896576800,51.80357666015625,-0.19951438903808594,-0.13495028018951416,-0.005275815725326538
1696965645906591000,51.81359106445313,0.5419788360595703,-0.3420921564102173,-0.145033061504364
1696965645916605000,51.82360498046875,-1.0451650619506836,-0.2750450372695923,-0.21102339029312134
1696965645926619100,51.833619140625,-0.08681488037109375,0.14153802394866943,-0.22598797082901
1696965645936633300,51.84363330078125,-1.1324176788330078,-0.6141711473464966,-0.4492954909801483
1696965645946647600,51.8536474609375,-0.36029815673828125,0.18124055862426758,-0.17701616883277893
1696965645956661800,51.86366186523438,0.5202207565307617,-0.0706864595413208,-0.023375511169433594
1696965645966676000,51.87367602539062,-0.713862419128418,-0.5358766317367554,-0.0732763409614563
1696965645976690000,51.88368994140625,-0.18653583526611328,0.015338540077209473,0.12461499869823456
1696965645986704100,51.8937041015625,-0.43453311920166016,-0.11977112293243408,0.06268668174743652
1696965645996718300,51.90371826171875,0.6654911041259766,0.3408712148666382,-0.4677739441394806
1696965646006732500,51.913732666015626,0.4536113739013672,-0.6885209083557129,-0.3118658661842346
1696965646016746800,51.92374682617187,-0.6326208114624023,-0.7584855556488037,0.18729233741760254
1696965646026761000,51.933760986328124,1.3517866134643555,-0.06630849838256836,0.5696778893470764
1696965646036775000,51.94377490234375,0.46471500396728516,-0.6183966398239136,0.05757635831832886
1696965646046789000,51.9537890625,-0.15330886840820312,-0.6342531442642212,0.18747706711292267
1696965646056803300,51.96380322265625,2.5995302200317383,0.22334635257720947,0.5358380079269409
1696965646066817500,51.97381762695313,-0.6799077987670898,-0.4560748338699341,0.2449847310781479
1696965646076831700,51.983831787109374,0.7881278991699219,-0.43063485622406006,0.4771822392940521
1696965646086846000,51.993845947265626,1.2742843627929688,-0.6636325120925903,0.10244981944561005
1696965646096860200,52.00386010742187,-1.5149717330932617,-0.41511964797973633,0.12517809867858887
1696965646106874000,52.0138740234375,3.152486801147461,0.005455970764160156,0.5339855551719666
1696965646116888300,52.02388842773438,-1.3413410186767578,-0.970497727394104,0.12932272255420685
1696965646126902500,52.03390258789062,-0.7272167205810547,-0.2745554447174072,0.511046290397644
1696965646136916700,52.043916748046875,2.161808967590332,-0.13957595825195312,0.18230265378952026
1696965646146931000,52.05393090820313,-2.100825786590576,-0.5562937259674072,-0.1979266107082367
1696965646156945200,52.063945068359374,1.1150426864624023,-0.6987212896347046,0.6073352098464966
1696965646166959000,52.073958984375,0.01927661895751953,-0.5726320743560791,0.3429093658924103
1696965646176973300,52.08397338867187,-1.9928154945373535,-0.20769047737121582,0.17303027212619781
1696965646186987500,52.093987548828125,2.0073280334472656,0.07946550846099854,0.934248685836792
1696965646197001700,52.10400170898438,-0.8017940521240234,-0.6118015050888062,0.2584247887134552
1696965646207016000,52.11401586914062,-0.823939323425293,-0.4937833547592163,0.07673431932926178
1696965646217030100,52.124030029296875,1.501068115234375,-0.3514432907104492,0.0726906806230545
1696965646227044000,52.13404418945313,-2.1816868782043457,-0.45682334899902344,-0.13093283772468567
1696965646237058300,52.144058349609374,1.0679044723510742,-0.5987122058868408,0.06444986164569855
1696965646247072500,52.154072509765626,-0.09962844848632812,-0.5195873975753784,0.3586462736129761
1696965646257086700,52.16408666992187,-0.02817058563232422,-0.5302025079727173,0.5398050546646118
1696965646267101000,52.174100830078125,1.9079208374023438,-0.4842569828033447,0.679308295249939
1696965646277115100,52.184115234375,-0.28983116149902344,-0.32468175888061523,0.42233872413635254
1696965646287129000,52.19412915039062,0.08844566345214844,-0.6825616359710693,0.22901377081871033
1696965646297143300,52.204143310546876,0.8723869323730469,-0.46324479579925537,0.1932583600282669
1696965646307157500,52.21415747070313,0.660435676574707,-0.8623470067977905,0.06702136993408203
1696965646317171700,52.224171630859374,-0.4112262725830078,-0.6630638837814331,0.021380722522735596
1696965646327186000,52.23418603515625,1.5014476776123047,-0.10750424861907959,0.6419751644134521
1696965646337200000,52.2442001953125,0.7819194793701172,-0.6163661479949951,0.6102944016456604
1696965646347214000,52.254214111328125,-0.9974536895751953,-0.7222926616668701,0.5709179639816284
1696965646357228300,52.26422827148438,1.9348506927490234,-0.3106626272201538,0.6221488118171692
1696965646367242500,52.27424243164062,-0.9216203689575195,-0.5295683145523071,0.5102646350860596
1696965646377256700,52.284256591796876,0.44241905212402344,-0.39725399017333984,0.6151049137115479
1696965646387271000,52.29427099609375,1.4414634704589844,-0.5658172369003296,-0.08291672170162201
1696965646397285000,52.30428515625,-3.086854934692383,-0.23677575588226318,-0.19562311470508575
1696965646407299300,52.31429931640625,0.881988525390625,-0.6767082214355469,-0.16841238737106323
1696965646417313300,52.32431323242187,-0.8436985015869141,-0.7187707424163818,-0.24795448780059814
1696965646427327500,52.334327392578125,-1.0665264129638672,-0.35256946086883545,0.12462425231933594
1696965646437341700,52.344341796875,1.0490303039550781,-0.4083292484283447,0.28503450751304626
1696965646447356000,52.35435595703125,-0.17650890350341797,-0.31932759284973145,0.11024406552314758
1696965646457370000,52.3643701171875,-0.38129711151123047,-0.5500218868255615,0.09334495663642883
1696965646467384300,52.37438427734375,-0.7767629623413086,-0.4548499584197998,-0.16648197174072266
1696965646477398500,52.3843984375,0.5394582748413086,-0.39637887477874756,-0.039470359683036804
1696965646487412700,52.39441284179688,-0.6323652267456055,-0.45576655864715576,0.0954953134059906
1696965646497427000,52.404427001953124,0.32959461212158203,-0.4726133346557617,-0.08244025707244873
1696965646507441200,52.41444116210938,0.2812786102294922,-0.6639523506164551,-0.13599400222301483
1696965646517455400,52.42445532226562,-0.0779561996459961,-0.6146273612976074,0.327511727809906
1696965646527469600,52.434469482421875,0.25690174102783203,-0.011884570121765137,0.26409366726875305
1696965646537483800,52.44448388671875,0.31350135803222656,-0.8899520635604858,0.4294048547744751
1696965646547498000,52.454498046875,0.5232257843017578,-0.760045051574707,0.30513995885849
1696965646557512200,52.46451220703125,-0.24247264862060547,-0.4536482095718384,0.2342260777950287
1696965646567526400,52.4745263671875,0.21216678619384766,-0.7676259279251099,0.2558467984199524
1696965646577540600,52.48454052734375,0.584650993347168,-0.4275456666946411,0.36826348304748535
1696965646587554800,52.49455493164062,0.15350818634033203,-0.7587389945983887,0.19221557676792145
1696965646597569000,52.504569091796874,-0.4392585754394531,-0.5906332731246948,0.2605750560760498
1696965646607583200,52.51458325195313,1.2106895446777344,-0.5795016288757324,-0.0317646861076355
1696965646617597400,52.52459741210937,-0.4115324020385742,-0.8079924583435059,-0.392497181892395
1696965646627611600,52.534611572265625,-0.6688423156738281,-0.6188088655471802,0.08038865029811859
1696965646637625900,52.5446259765625,0.8815784454345703,-0.5095386505126953,0.27705439925193787
1696965646647640000,52.55464013671875,1.2714815139770508,-0.12721467018127441,0.30643513798713684
1696965646657654300,52.564654296875,-0.016592025756835938,-0.7146493196487427,0.14028607308864594
1696965646667668500,52.57466845703125,-0.6859111785888672,-0.4773746728897095,0.996071457862854
1696965646677682700,52.5846826171875,3.5310049057006836,-0.5427587032318115,0.6428878307342529
1696965646687697000,52.59469677734375,-2.2301454544067383,-0.3411118984222412,0.03579731285572052
1696965646697711400,52.60471142578125,-0.2857170104980469,-0.36082518100738525,0.2822592854499817
1696965646707725600,52.6147255859375,1.6514148712158203,-0.33131706714630127,0.3750911056995392
1696965646717739800,52.62473974609375,-1.99871826171875,-0.9823851585388184,-0.2448541820049286
1696965646727754000,52.63475390625,-0.49355411529541016,-0.43304443359375,0.19096119701862335
1696965646737768000,52.64476782226563,1.1755828857421875,-0.4656975269317627,0.6681998372077942
1696965646747782100,52.6547822265625,-1.4743318557739258,-0.5875159502029419,0.2858497202396393
1696965646757796400,52.66479638671875,-1.1797590255737305,-0.5295083522796631,0.17429429292678833
1696965646767810600,52.674810546875,0.6967182159423828,-0.21855604648590088,0.4993917644023895
1696965646777824800,52.68482470703125,-0.8821249008178711,-0.7006508111953735,0.4729589819908142
1696965646787839000,52.6948388671875,0.17611980438232422,-0.907996654510498,0.039543867111206055
1696965646797853200,52.704853271484374,-0.8229684829711914,-0.7299041748046875,0.11619462072849274
1696965646807867100,52.7148671875,0.9420499801635742,-0.3861297369003296,0.4136996865272522
1696965646817881300,52.72488134765625,-0.034789085388183594,-0.5741965770721436,0.02661438286304474
1696965646827895600,52.7348955078125,-0.21198081970214844,-0.46519625186920166,0.41954946517944336
1696965646837909800,52.74490966796875,1.3655633926391602,-0.8416128158569336,0.7268533706665039
1696965646847924000,52.754924072265624,1.0231590270996094,-0.6880711317062378,0.07417421042919159
1696965646857938200,52.764938232421876,-1.4450016021728516,-0.5792967081069946,0.15178631246089935
1696965646867952000,52.7749521484375,1.2532196044921875,-0.3635585308074951,0.6476304531097412
1696965646877966300,52.78496630859375,1.274770736694336,-0.5345021486282349,0.30607157945632935
1696965646887980500,52.79498046875,-0.9602022171020508,-0.46692800521850586,0.09050682187080383
1696965646897994800,52.80499487304687,0.8197412490844727,-0.5891120433807373,0.3915714919567108
1696965646908009000,52.815009033203125,0.36888599395751953,-0.7479536533355713,0.48245769739151
1696965646918023200,52.82502319335938,-0.14336681365966797,-0.875766396522522,0.47763746976852417
1696965646928037000,52.835037109375,0.20129776000976562,-0.09171795845031738,0.49246513843536377
1696965646938051300,52.84505126953125,-0.2054452896118164,-0.7222199440002441,0.7725813984870911
1696965646948065500,52.8550654296875,1.5872220993041992,-0.5532540082931519,0.8720171451568604
1696965646958079700,52.865079833984375,-0.18901824951171875,-0.6140068769454956,0.5595108270645142
1696965646968094000,52.87509399414063,0.2413177490234375,-0.5344512462615967,0.7057990431785583
1696965646978108200,52.88510815429687,1.3307580947875977,-0.6645268201828003,0.8463974595069885
1696965646988122000,52.8951220703125,-2.0267233848571777,-0.6245287656784058,0.35606810450553894
1696965646998136300,52.90513623046875,0.1857137680053711,-0.18422818183898926,0.10493576526641846
1696965647008150500,52.915150634765624,0.4248332977294922,-0.770537257194519,0.19890281558036804
1696965647018164700,52.925164794921876,-0.2930307388305664,-0.5256079435348511,0.20961259305477142
1696965647028179000,52.93517895507812,-0.5453758239746094,-0.7410144805908203,0.20225968956947327
1696965647038193200,52.945193115234375,-0.5965204238891602,-0.3331500291824341,0.16975648701190948
1696965647048207000,52.95520703125,-0.5376462936401367,-0.667574405670166,0.5145034193992615
1696965647058221300,52.96522119140625,-0.6938838958740234,-0.5284584760665894,0.13321425020694733
1696965647068235500,52.975235595703126,-0.8021774291992188,-0.3018993139266968,0.5191037654876709
1696965647078249700,52.98524975585938,1.555668830871582,-0.7445416450500488,1.0080724954605103
1696965647088263700,52.995263671875,-0.7509279251098633,-0.9291462898254395,0.4001978039741516
1696965647098278000,53.00527783203125,-0.17133426666259766,-0.20632493495941162,0.227634996175766
1696965647108291800,53.01529174804688,0.4698648452758789,-0.44245409965515137,0.45732271671295166
1696965647118306000,53.02530615234375,-0.7930536270141602,-0.560393214225769,0.6314647197723389
1696965647128320300,53.0353203125,0.36066341400146484,-0.8405145406723022,0.5330343842506409
1696965647138334200,53.04533422851563,-0.4763450622558594,-0.39020538330078125,0.3677380084991455
1696965647148348400,53.055348388671874,0.4614982604980469,-0.3648930788040161,0.20633123815059662
1696965647158362600,53.065362548828126,-1.2979564666748047,-0.7631160020828247,0.12416379153728485
1696965647168376600,53.07537646484375,0.1816244125366211,-0.663016676902771,-0.2908119559288025
1696965647178390800,53.085390869140625,-0.2628631591796875,-0.26260197162628174,0.09283718466758728
1696965647188405000,53.09540502929688,0.0623779296875,-0.8001019954681396,-0.02776208519935608
1696965647198419000,53.1054189453125,-0.35324859619140625,-0.35562074184417725,-0.1514655351638794
1696965647208433200,53.11543310546875,1.7210559844970703,-1.039057970046997,0.8241217136383057
1696965647218447000,53.125447021484376,0.5898103713989258,-0.5120989084243774,0.40081048011779785
1696965647228461300,53.13546142578125,0.03342247009277344,-0.13939988613128662,0.6700096130371094
1696965647238475500,53.1454755859375,2.031092643737793,-0.9428368806838989,0.5395205020904541
1696965647248489500,53.15548950195313,-0.3726511001586914,-0.35533809661865234,0.7237058281898499
1696965647258503700,53.16550366210937,1.4295978546142578,-0.8059386014938354,0.4551464319229126
1696965647268518000,53.175517822265626,-0.29373741149902344,-0.25878286361694336,0.6745234727859497
1696965647278531800,53.18553173828125,1.3887357711791992,-0.5462898015975952,0.4695110321044922
1696965647288546000,53.195546142578124,-0.8503837585449219,-0.8758926391601562,0.21659544110298157
1696965647298560300,53.205560302734376,-0.20845985412597656,-0.5591968297958374,-0.02840016782283783
1696965647308574200,53.21557421875,-0.2409229278564453,-0.48930060863494873,0.4350568652153015
1696965647318588400,53.22558837890625,0.3233222961425781,-1.0119640827178955,0.16577115654945374
1696965647328602600,53.2356025390625,-1.6649627685546875,-0.9035463333129883,-0.18929655849933624
1696965647338616600,53.24561645507813,-0.25651073455810547,-0.6530572175979614,0.11792951822280884
1696965647348630800,53.255630859375,0.5807523727416992,-0.37171101570129395,0.28775572776794434
1696965647358645000,53.26564501953125,-1.2272148132324219,-0.9301059246063232,0.25765475630760193
1696965647368659200,53.2756591796875,-0.8469600677490234,-1.0979162454605103,0.5915791988372803
1696965647378673400,53.28567333984375,0.631587028503418,-0.9404281377792358,0.8810350894927979
1696965647388687600,53.2956875,-1.2764768600463867,-0.8112790584564209,0.05218300223350525
1696965647398701800,53.305701904296875,-0.35185718536376953,0.052153706550598145,0.17801330983638763
1696965647408715800,53.3157158203125,1.383652687072754,-1.022474765777588,0.4624062180519104
1696965647418730000,53.32572998046875,-0.7131853103637695,-1.3105543851852417,0.7151763439178467
1696965647428744200,53.335744140625,0.07667350769042969,-1.084061622619629,0.16641618311405182
1696965647438758400,53.34575830078125,-0.4493827819824219,-0.6023604869842529,0.7571866512298584
1696965647448772600,53.355772705078124,1.4101104736328125,-1.055320143699646,0.8818383812904358
1696965647458786800,53.36578686523438,-0.7579526901245117,-1.1025936603546143,0.566983699798584
1696965647468800800,53.37580078125,0.47597599029541016,-0.840158224105835,0.787884533405304
1696965647478815000,53.38581494140625,1.8321561813354492,-1.2068016529083252,1.1133387088775635
1696965647488829200,53.3958291015625,-0.23221111297607422,-1.241431713104248,0.40143200755119324
1696965647498843400,53.40584350585937,-1.2018728256225586,-1.2468926906585693,0.06347335875034332
1696965647508857600,53.415857666015626,1.037062644958496,-0.6324177980422974,0.77959144115448
1696965647518871800,53.42587182617188,1.2450904846191406,-1.2542212009429932,0.7860811352729797
1696965647528885800,53.4358857421875,-1.3006000518798828,-1.0112491846084595,0.7382373213768005
1696965647538900000,53.44589990234375,1.1777467727661133,-1.0293264389038086,0.5296280384063721
1696965647548914200,53.4559140625,0.3578948974609375,-0.8566156625747681,0.4400670826435089
1696965647558928400,53.465928466796875,-0.011111259460449219,-1.1166367530822754,0.13981923460960388
1696965647568942600,53.47594262695313,-0.38393306732177734,-0.8409641981124878,0.8736794590950012
1696965647578956800,53.48595678710937,0.5822944641113281,-1.3875378370285034,0.6644806265830994
1696965647588970800,53.495970703125,-0.7043218612670898,-0.7272026538848877,0.27735280990600586
1696965647598985000,53.50598486328125,-0.2537050247192383,-0.5365471839904785,0.49416083097457886
1696965647608999200,53.515999267578124,0.24395465850830078,-1.2711982727050781,0.9571360349655151
1696965647619013400,53.52601342773438,0.18599319458007812,-1.1242598295211792,0.44285306334495544
1696965647629027600,53.53602758789062,-1.31011962890625,-1.2084358930587769,-0.047137223184108734
1696965647639041800,53.546041748046875,0.3890066146850586,-0.5696277618408203,0.2583109140396118
1696965647649055700,53.5560556640625,0.3022956848144531,-0.9235366582870483,0.1423126459121704
1696965647659070000,53.56607006835937,-1.3857946395874023,-1.3010859489440918,0.34111589193344116
1696965647669084200,53.576084228515626,0.700871467590332,-1.5526025295257568,-0.07919108122587204
1696965647679098400,53.58609838867188,-0.09417438507080078,-0.8700261116027832,-0.17706996202468872
1696965647689112600,53.596112548828124,0.3500556945800781,-1.4383533000946045,-0.16149801015853882
1696965647699126800,53.60612670898438,0.09579086303710938,-1.3149049282073975,-0.1128370389342308
1696965647709141000,53.61614111328125,0.31028175354003906,-1.7920398712158203,0.08153128623962402
1696965647719155000,53.626155029296875,1.5375442504882812,-1.275201678276062,0.32765769958496094
1696965647729169200,53.63616918945313,-0.24389362335205078,-1.7469398975372314,0.25515079498291016
1696965647739183400,53.64618334960937,0.8123922348022461,-1.2039272785186768,0.5624507069587708
1696965647749197600,53.656197509765626,1.7902393341064453,-1.4030104875564575,0.7862522602081299
1696965647759212300,53.66621240234375,0.0703125,-1.8933308124542236,-0.11004003137350082
1696965647769227000,53.67622705078125,-0.675471305847168,-1.343305230140686,-0.293569415807724
1696965647779241200,53.6862412109375,1.0559797286987305,-1.510459542274475,0.2826222777366638
1696965647789255400,53.69625537109375,-0.15050792694091797,-1.4386708736419678,0.3797467052936554
1696965647799269400,53.70626928710937,-0.8480424880981445,-1.7922823429107666,0.2235237956047058
1696965647809283600,53.71628369140625,0.195953369140625,-1.090517282485962,0.4905579686164856
1696965647819297800,53.7262978515625,-0.3875236511230469,-1.351080298423767,0.48349666595458984
1696965647829312000,53.73631201171875,-0.7641477584838867,-1.8299955129623413,0.3194350004196167
1696965647839326200,53.746326171875,-0.6189250946044922,-1.2323389053344727,0.10415146499872208
1696965647849340400,53.75634033203125,-0.2352008819580078,-0.8507106304168701,0.427560418844223
1696965647859354400,53.76635424804687,0.41022777557373047,-1.5629689693450928,0.4495791494846344
1696965647869368600,53.77636865234375,-1.1868782043457031,-1.5597169399261475,-0.33338743448257446
1696965647879382800,53.7863828125,-0.36733531951904297,-1.1638712882995605,0.12444840371608734
1696965647889397000,53.79639697265625,0.6083154678344727,-1.2076427936553955,0.5637907981872559
1696965647899411200,53.8064111328125,-0.45911216735839844,-1.910283088684082,-0.17701929807662964
1696965647909425400,53.81642529296875,-0.5683822631835938,-1.4381376504898071,-0.022152356803417206
1696965647919439400,53.826439453125,1.3298959732055664,-1.5368046760559082,0.3020997643470764
1696965647929453600,53.83645361328125,0.6000432968139648,-1.6180812120437622,0.31876686215400696
1696965647939467800,53.8464677734375,-0.07556724548339844,-1.6072118282318115,0.2572149932384491
1696965647949482000,53.85648193359375,0.8035669326782227,-1.5571967363357544,0.7164922952651978
1696965647959496200,53.86649609375,1.1646795272827148,-1.6864125728607178,0.4144170582294464
1696965647969510400,53.876510498046876,0.2201986312866211,-1.6766149997711182,0.18187315762043
1696965647979524400,53.8865244140625,0.8455381393432617,-1.9819412231445312,0.2822556495666504
1696965647989538600,53.89653857421875,0.6761398315429688,-1.8525478839874268,0.24848902225494385
1696965647999552800,53.906552734375,1.5107049942016602,-1.928663730621338,-0.006844386458396912
1696965648009567500,53.9165673828125,-0.6814403533935547,-1.760147213935852,-0.011813491582870483
1696965648019581200,53.926581298828125,0.7153177261352539,-1.9532605409622192,0.846140444278717
1696965648029595000,53.936594970703126,1.4260101318359375,-1.7081040143966675,0.6782470345497131
1696965648039608600,53.94660864257813,-0.5749235153198242,-2.527923583984375,-0.13671082258224487
1696965648049622300,53.95662231445313,0.9367351531982422,-1.5377793312072754,-0.0017921403050422668
1696965648059636000,53.96663598632812,0.6911735534667969,-2.3746509552001953,0.817108154296875
1696965648069650000,53.97664990234375,-0.1800518035888672,-1.8167662620544434,0.5590644478797913
1696965648079663900,53.986663818359375,0.9293851852416992,-2.191969156265259,0.015933379530906677
1696965648089677800,53.996677734375,0.16284847259521484,-2.0850160121917725,0.03747865557670593
1696965648099691800,54.00669189453125,1.065892219543457,-2.091357469558716,0.5381290912628174
1696965648109706000,54.0167060546875,1.1879243850708008,-2.20459246635437,-0.32840949296951294
1696965648119720200,54.02672021484375,-1.4334354400634766,-1.9405288696289062,0.002356705255806446
1696965648129734700,54.036734619140624,2.278379440307617,-2.009967803955078,0.3827072083950043
1696965648139749000,54.0467490234375,-0.7465724945068359,-2.1144914627075195,-0.09576961398124695
1696965648149763300,54.056763427734374,0.5641946792602539,-2.157097578048706,-0.40840378403663635
1696965648159777800,54.06677783203125,1.1418075561523438,-1.9672317504882812,0.33055827021598816
1696965648169792300,54.076792236328124,0.35039234161376953,-2.1770668029785156,0.3564734160900116
1696965648179807000,54.08680688476562,-0.1374826431274414,-1.960542917251587,-0.09113684296607971
1696965648189821400,54.096821533203126,-0.2040567398071289,-1.7642822265625,0.23236051201820374
1696965648199836000,54.1068359375,0.3940610885620117,-1.4367852210998535,0.9784576892852783
1696965648209850400,54.11685034179688,-0.43360328674316406,-2.308481454849243,0.9042571187019348
1696965648219864300,54.1268642578125,-0.7048788070678711,-1.2946643829345703,1.0673506259918213
1696965648229878500,54.13687841796875,1.3804044723510742,-1.4958858489990234,1.4464468955993652
1696965648239892700,54.14689282226563,-0.9500932693481445,-1.8152633905410767,1.1111212968826294
1696965648249907000,54.15690698242187,-0.7426872253417969,-2.193868637084961,0.6746824979782104
1696965648259921200,54.166921142578126,-0.4874687194824219,-1.4675997495651245,0.6391825079917908
1696965648269935400,54.17693530273438,-0.6824827194213867,-1.9536722898483276,0.7104723453521729
1696965648279949300,54.18694921875,-1.2160720825195312,-2.0631799697875977,0.6379020810127258
1696965648289963500,54.19696362304688,-0.4534788131713867,-1.5966452360153198,0.5830792188644409
1696965648299977700,54.20697778320312,-0.7868709564208984,-1.836496114730835,0.711301863193512
1696965648309992000,54.216991943359375,0.38077545166015625,-1.7710275650024414,0.3746699094772339
1696965648320006100,54.22700610351563,-0.5136470794677734,-2.007436752319336,-0.26235437393188477
1696965648330020400,54.23702026367187,-0.30724239349365234,-1.9176485538482666,-0.09135225415229797
1696965648340034300,54.247034423828126,1.060317039489746,-1.941543459892273,-0.2833315134048462
1696965648350048500,54.25704858398438,-0.9254932403564453,-2.17669677734375,-0.36400774121284485
1696965648360062700,54.267062744140624,-0.25922107696533203,-2.1730313301086426,-0.21339908242225647
1696965648370077000,54.27707690429688,0.7308626174926758,-1.853973388671875,-0.18427202105522156
1696965648380091100,54.28709106445312,0.8818445205688477,-1.6666077375411987,0.0728742927312851
1696965648390105300,54.297105224609375,1.2478809356689453,-2.300563335418701,-0.2725790739059448
1696965648400119300,54.30711938476563,-1.0489253997802734,-1.7904443740844727,0.38551846146583557
1696965648410133500,54.31713354492187,2.5710535049438477,-2.0169222354888916,0.3277483582496643
1696965648420147700,54.327147705078126,-0.06302070617675781,-2.091294050216675,-0.17737041413784027
1696965648430162000,54.33716186523438,0.032440185546875,-2.1359381675720215,-0.18792052567005157
1696965648440176000,54.347176025390624,0.9980955123901367,-2.0244481563568115,-0.23566649854183197
1696965648450190300,54.3571904296875,0.22150230407714844,-2.0298969745635986,0.14612773060798645
1696965648460204300,54.36720434570312,1.1863985061645508,-2.4893345832824707,-0.5386925339698792
1696965648470218500,54.377218505859375,-0.6894330978393555,-1.7472848892211914,-0.22012348473072052
1696965648480232700,54.38723266601563,1.4480838775634766,-2.0111587047576904,0.3031803071498871
1696965648490247000,54.39724682617187,1.2395572662353516,-2.155458450317383,-0.15318253636360168
1696965648500261000,54.40726123046875,-1.1292858123779297,-2.248873710632324,-0.6442772746086121
1696965648510275300,54.417275390625,0.44583892822265625,-1.8274884223937988,0.5568154454231262
1696965648520289500,54.42728955078125,1.500779151916504,-1.391777753829956,0.516093373298645
1696965648530303500,54.43730346679688,-0.09421443939208984,-2.3505501747131348,-0.33340176939964294
1696965648540317700,54.44731762695312,-0.9878082275390625,-2.295011281967163,-0.36955881118774414
1696965648550332000,54.457331787109375,1.1316375732421875,-1.5231794118881226,0.8178918361663818
1696965648560346000,54.46734619140625,1.0236806869506836,-1.8301138877868652,0.7110159993171692
1696965648570360300,54.4773603515625,-0.8283309936523438,-2.4947009086608887,0.10181492567062378
1696965648580374500,54.48737451171875,1.0324897766113281,-1.6345703601837158,0.5723061561584473
1696965648590388500,54.49738842773438,0.4280672073364258,-1.8439967632293701,0.6892832517623901
1696965648600402700,54.507402587890624,-0.08945560455322266,-1.8454999923706055,0.37205079197883606
1696965648610417000,54.5174169921875,0.5608644485473633,-1.9141342639923096,0.044515129178762436
1696965648620431000,54.52743115234375,0.31088733673095703,-1.4781932830810547,0.17824633419513702
1696965648630445300,54.5374453125,0.42011451721191406,-1.7667429447174072,0.5233911275863647
1696965648640459500,54.54745947265625,0.01752948760986328,-1.9044384956359863,0.32881760597229004
1696965648650473500,54.55747338867187,-0.2691936492919922,-1.675580620765686,0.11589125543832779
1696965648660487700,54.56748779296875,-0.2780885696411133,-1.689873456954956,0.6637575030326843
1696965648670502000,54.577501953125,1.0892105102539062,-1.5400832891464233,0.5887765288352966
1696965648680516000,54.58751611328125,-0.4664497375488281,-2.150650978088379,0.024826698005199432
1696965648690530300,54.5975302734375,-0.6423254013061523,-1.2436856031417847,0.22315576672554016
1696965648700544500,54.60754443359375,1.5289735794067383,-1.4509525299072266,0.5302489995956421
1696965648710558500,54.617558349609375,-0.9025201797485352,-1.5147511959075928,0.131811261177063
1696965648720572700,54.62757275390625,0.27029991149902344,-1.6795538663864136,-0.18578165769577026
1696965648730587000,54.6375869140625,-0.3037300109863281,-1.747657299041748,0.40028905868530273
1696965648740601000,54.64760107421875,0.18905162811279297,-1.3960633277893066,0.7378018498420715
1696965648750615300,54.657615234375,0.9291887283325195,-1.9456760883331299,0.5087253451347351
1696965648760629500,54.66762939453125,-1.3381757736206055,-1.8801333904266357,0.48217064142227173
1696965648770643500,54.6776435546875,1.0925893783569336,-1.7279804944992065,0.8930290937423706
1696965648780657700,54.68765771484375,0.024387359619140625,-1.6074185371398926,0.7547861933708191
1696965648790672000,54.697671875,-0.6448774337768555,-2.227653741836548,0.2698151469230652
1696965648800685800,54.70768579101563,0.09283447265625,-1.7933167219161987,0.7976260185241699
1696965648810700000,54.71769995117187,0.7808065414428711,-1.6795306205749512,0.9118295907974243
1696965648820714200,54.72771435546875,0.3202199935913086,-1.8784393072128296,0.5360215902328491
1696965648830728200,54.73772827148437,-0.836878776550293,-1.9480184316635132,0.4343029260635376
1696965648840742400,54.747742431640624,0.8283672332763672,-1.4327194690704346,0.6774741411209106
1696965648850756600,54.75775659179688,-0.17214298248291016,-1.539271593093872,0.9325132369995117
1696965648860770600,54.7677705078125,0.741032600402832,-1.912946105003357,0.6512681245803833
1696965648870784800,54.77778466796875,0.022856712341308594,-1.6857521533966064,0.7014791369438171
1696965648880798700,54.787798828125,0.7397184371948242,-1.3817002773284912,0.9315361380577087
1696965648890813000,54.79781298828125,0.8864412307739258,-1.2937079668045044,0.9319089651107788
1696965648900827100,54.8078271484375,0.4303922653198242,-1.6231377124786377,0.5102335810661316
1696965648910841000,54.81784106445313,0.32465267181396484,-1.3722645044326782,0.48075729608535767
1696965648920855300,54.82785522460937,0.051634788513183594,-1.4291071891784668,0.6940013766288757
1696965648930869500,54.837869384765625,1.7721319198608398,-1.4721022844314575,0.44871893525123596
1696965648940883500,54.84788354492188,-0.014309883117675781,-1.7767090797424316,0.14192090928554535
1696965648950897700,54.85789770507812,0.2010021209716797,-1.1872761249542236,0.8070789575576782
1696965648960912000,54.867911865234376,2.2078981399536133,-0.95380699634552,1.1480152606964111
1696965648970925800,54.87792578125,1.1227912902832031,-1.8182371854782104,0.3093355894088745
1696965648980940000,54.88793994140625,0.054648399353027344,-1.598570704460144,0.47270140051841736
1696965648990954000,54.8979541015625,1.770421028137207,-1.6173622608184814,0.8698300123214722
1696965649000968200,54.90796826171875,1.2790422439575195,-1.4816539287567139,0.5770568251609802
1696965649010982400,54.917982421875,1.9691047668457031,-2.1799838542938232,-0.13791495561599731
1696965649020996400,54.927996337890626,-0.132965087890625,-1.7927250862121582,0.17558328807353973
1696965649031010600,54.93801049804687,2.462477684020996,-1.4411735534667969,0.8109082579612732
1696965649041024800,54.948024658203124,2.6961803436279297,-1.6162776947021484,0.29357826709747314
1696965649051039000,54.9580390625,0.5634870529174805,-1.9742845296859741,-0.5346903800964355
1696965649061053200,54.96805322265625,0.8686494827270508,-1.944300651550293,0.33530494570732117
1696965649071067400,54.9780673828125,2.793137550354004,-1.2075293064117432,0.48845386505126953
1696965649081081300,54.98808129882813,2.7010974884033203,-2.004605531692505,-0.4880191385746002
1696965649091095600,54.99809545898437,0.6023111343383789,-1.9938321113586426,-0.4408997893333435
1696965649101109800,55.00810986328125,3.0865859985351562,-2.637335777282715,0.5901735424995422
1696965649111124000,55.0181240234375,3.276272773742676,-1.3812569379806519,0.08054143190383911
1696965649121138200,55.02813818359375,2.1271209716796875,-2.2183632850646973,-0.9372482299804688
1696965649131152400,55.03815234375,0.24047374725341797,-2.5075883865356445,0.05303327739238739
1696965649141166300,55.04816625976562,3.543264389038086,-1.567411184310913,0.6890071630477905
1696965649151180500,55.0581806640625,3.5364255905151367,-1.3849084377288818,-0.17308206856250763
1696965649161194800,55.06819482421875,0.5282745361328125,-2.142331600189209,-0.34269219636917114
1696965649171209000,55.078208984375,1.331533432006836,-1.820376992225647,0.9104289412498474
1696965649181223200,55.08822314453125,3.0363025665283203,-1.0959703922271729,0.9709170460700989
1696965649191237400,55.0982373046875,1.9126882553100586,-1.5128915309906006,0.48730430006980896
1696965649201251300,55.108251220703124,-0.09208202362060547,-2.0922107696533203,-0.037624798715114594
1696965649211265500,55.118265625,0.15391254425048828,-1.724609136581421,0.9074975848197937
1696965649221279700,55.12827978515625,1.9576950073242188,-1.2090024948120117,-0.07173925638198853
1696965649231294000,55.1382939453125,-1.298858642578125,-1.69613516330719,-0.8083785772323608
1696965649241308200,55.14830810546875,-0.7869119644165039,-1.7546333074569702,-0.972675621509552
1696965649251322400,55.158322265625,-1.0640201568603516,-1.150451421737671,-0.581112802028656
1696965649261336300,55.16833642578125,0.47967529296875,-0.8040803074836731,-0.9333539605140686
1696965649271350500,55.1783505859375,-0.5411348342895508,-1.1827908754348755,-1.2752695083618164
1696965649281364700,55.18836474609375,-2.43460750579834,-0.923506498336792,-0.5627247095108032
1696965649291379000,55.19837890625,-0.18939876556396484,-0.713164210319519,0.49168339371681213
1696965649301393200,55.20839306640625,-0.8169460296630859,-0.20404982566833496,0.10785554349422455
1696965649311407400,55.21840747070313,-1.4001922607421875,-0.6731541156768799,-0.34780141711235046
1696965649321421600,55.22842163085937,-2.6699137687683105,-0.21032381057739258,0.5631973743438721
1696965649331435500,55.238435546875,-0.6491107940673828,-0.09755814075469971,0.6256741285324097
1696965649341449700,55.24844970703125,-1.9064440727233887,-0.20920026302337646,-0.0032802149653434753
1696965649351464000,55.2584638671875,-2.898406982421875,-0.5636032819747925,-0.5010380744934082
1696965649361478100,55.26847802734375,-2.3010568618774414,-0.09159684181213379,-0.31687644124031067
1696965649371492400,55.27849243164062,-2.4606237411499023,-0.382778525352478,-0.2731790840625763
1696965649381506600,55.288506591796875,-2.428745746612549,-0.2135993242263794,-0.4373980164527893
1696965649391520500,55.2985205078125,-3.8162841796875,-0.36948394775390625,-0.43467986583709717
1696965649401534700,55.30853466796875,-3.250997543334961,-0.0528637170791626,-0.13416364789009094
1696965649411549000,55.318548828125,-2.3240013122558594,0.09135019779205322,0.02609606832265854
1696965649421563100,55.32856323242188,-2.9764318466186523,-0.21847426891326904,-0.1997399479150772
1696965649431577300,55.338577392578124,-3.880798816680908,-0.16658902168273926,-0.13386890292167664
1696965649441591600,55.348591552734376,-2.3889317512512207,0.2840176820755005,0.32379812002182007
1696965649451605500,55.35860546875,-3.046539783477783,0.116707444190979,0.19539067149162292
1696965649461619700,55.36861962890625,-3.3875441551208496,0.0964134931564331,0.3349916636943817
1696965649471634000,55.37863403320313,-3.7181520462036133,-0.019095182418823242,-0.07676948606967926
1696965649481648000,55.38864819335937,-3.6373419761657715,0.4037388563156128,0.22035899758338928
1696965649491662300,55.398662353515626,-2.371882438659668,0.4980398416519165,0.025597482919692993
1696965649501676500,55.40867651367188,-4.3541154861450195,0.06384587287902832,-0.17469187080860138
1696965649511690500,55.4186904296875,-4.482821464538574,0.17778730392456055,-0.22158977389335632
1696965649521704700,55.42870458984375,-3.210899829864502,0.6395944356918335,-0.02180725336074829
1696965649531719000,55.43871899414062,-3.7250566482543945,0.22816896438598633,0.01541447639465332
1696965649541733000,55.448733154296875,-4.108960151672363,0.34449493885040283,0.05492253601551056
1696965649551747300,55.45874731445313,-3.4696826934814453,0.27318549156188965,0.5285766124725342
1696965649561761500,55.46876147460937,-2.4354801177978516,0.5182007551193237,1.22847318649292
1696965649571775500,55.478775390625,-2.369391918182373,0.3571197986602783,1.3047629594802856
1696965649581789700,55.48878979492188,-2.399277687072754,0.36555051803588867,1.300277590751648
1696965649591804000,55.498803955078124,-2.0804224014282227,0.5377529859542847,1.5274889469146729
1696965649601818000,55.50881811523438,-0.9406461715698242,0.8784217834472656,1.5231995582580566
1696965649611832300,55.51883227539062,-2.020994186401367,0.23216259479522705,0.8524235486984253
1696965649621846500,55.528846435546875,-1.7416882514953613,0.8146469593048096,1.1438946723937988
1696965649631860700,55.53886083984375,-0.13454151153564453,0.17712712287902832,1.1546752452850342
1696965649641874700,55.54887475585937,-1.914668083190918,0.29412293434143066,1.0525121688842773
1696965649651889000,55.558888916015626,-0.030249595642089844,-0.5436917543411255,0.9773336052894592
1696965649661903000,55.56890307617188,-1.0694398880004883,0.1609724760055542,1.039194941520691
1696965649671917300,55.578917236328124,0.6696052551269531,0.710207462310791,1.3637194633483887
1696965649681931500,55.588931640625,2.0943593978881836,0.5626055002212524,1.0911684036254883
1696965649691945700,55.59894580078125,-1.0384807586669922,-0.06206560134887695,1.200896978378296
1696965649701959700,55.608959716796875,1.3459625244140625,0.30450475215911865,1.1830458641052246
1696965649711974000,55.61897387695313,1.0965566635131836,0.03315693140029907,1.4183337688446045
1696965649721988000,55.62898803710937,1.6457443237304688,-0.2053326964378357,1.2461668252944946
1696965649732002300,55.639002197265626,1.8496828079223633,-0.08849632740020752,0.9516868591308594
1696965649742016500,55.6490166015625,1.2645854949951172,0.1971762776374817,1.4138047695159912
1696965649752030700,55.65903076171875,3.404775619506836,-0.06289458274841309,1.2995617389678955
1696965649762044700,55.66904467773438,1.8745737075805664,-0.38354653120040894,0.8886502385139465
1696965649772059000,55.67905883789062,1.103306770324707,-0.4338836371898651,0.9231951236724854
1696965649782073000,55.689072998046875,2.871188163757324,-0.3294399380683899,1.1681026220321655
1696965649792087300,55.69908740234375,3.660167694091797,0.014127671718597412,0.9537757039070129
1696965649802101500,55.7091015625,2.4306459426879883,-0.5611781477928162,0.14832332730293274
1696965649812115700,55.71911572265625,1.8492765426635742,-0.4163183867931366,0.6678413152694702
1696965649822129700,55.72912963867188,3.907175064086914,-0.5625286102294922,0.9482431411743164
1696965649832144000,55.739143798828124,2.973613739013672,-0.47976288199424744,0.375040203332901
1696965649842158000,55.74915795898438,1.6933879852294922,-0.7947443127632141,0.4916681945323944
1696965649852172300,55.75917236328125,3.073385238647461,-0.6931947469711304,0.8906087875366211
1696965649862186500,55.7691865234375,4.301908493041992,-0.3214702904224396,0.6175722479820251
1696965649872200700,55.77920068359375,1.943558692932129,-0.570544958114624,-0.0723438709974289
1696965649882214700,55.78921459960937,2.133146286010742,-0.8031701445579529,0.3904774487018585
1696965649892228900,55.799228759765626,3.6940126419067383,-0.6665439605712891,0.672022819519043
1696965649902243000,55.8092431640625,2.9524736404418945,-0.789340078830719,0.06007587909698486
1696965649912257300,55.81925732421875,1.672830581665039,-0.6104071140289307,-0.06099144369363785
1696965649922271500,55.829271484375,2.10235595703125,-1.1561424732208252,0.4745081067085266
1696965649932285700,55.83928564453125,3.1808271408081055,-1.075524926185608,0.5609878897666931
1696965649942299600,55.849299560546875,2.1444406509399414,-0.4620380699634552,-0.6660606861114502
1696965649952313900,55.85931396484375,0.4941873550415039,-0.468921959400177,-0.2594815492630005
1696965649962328000,55.869328125,2.532505989074707,-0.6506348848342896,0.07473728060722351
1696965649972342300,55.87934228515625,0.5516281127929688,-0.7498446702957153,-0.050571031868457794
1696965649982356500,55.8893564453125,1.332961082458496,-0.4652666449546814,-0.06011703237891197
1696965649992370700,55.89937060546875,0.8748378753662109,-0.5826758146286011,0.8484700322151184
1696965650002385000,55.90938500976562,0.8764371871948242,-0.6197646260261536,0.6669836044311523
1696965650012398800,55.91939892578125,0.9593830108642578,-0.9261587858200073,-0.042646899819374084
1696965650022413000,55.9294130859375,-0.2767477035522461,-0.28595876693725586,0.2510016858577728
1696965650032427300,55.93942724609375,0.6071853637695312,-0.9058594107627869,0.7619428634643555
1696965650042441500,55.94944140625,0.017121315002441406,-1.035764217376709,0.41432011127471924
1696965650052455700,55.95945556640625,-0.33730411529541016,-0.8665161728858948,-0.2808566987514496
1696965650062470000,55.96946997070312,-0.1172628402709961,-0.6031643748283386,-0.10269215703010559
1696965650072483800,55.97948388671875,-0.3326263427734375,-0.7368114590644836,-0.12473185360431671
1696965650082498000,55.989498046875,-0.2559032440185547,-0.6878918409347534,-0.4149770438671112
1696965650092512300,55.99951220703125,-1.2784671783447266,-0.4437876343727112,-0.8795005083084106
1696965650102526500,56.0095263671875,-0.5445938110351562,-0.16495274007320404,-0.6296878457069397
1696965650112540700,56.01954077148437,0.048918724060058594,-0.3323139548301697,-0.45014744997024536
1696965650122555000,56.029554931640625,-1.8631601333618164,-0.32432734966278076,-0.5969856381416321
1696965650132568800,56.03956884765625,-0.18629932403564453,-0.2725626230239868,-0.29079964756965637
1696965650142583000,56.0495830078125,0.13409137725830078,-0.17083574831485748,-0.1570044308900833
1696965650152597200,56.05959716796875,-1.5869474411010742,-0.24917562305927277,-0.39363428950309753
1696965650162611500,56.06961157226562,-0.6895761489868164,-0.06269487738609314,-0.07986772060394287
1696965650172625700,56.079625732421874,0.2629833221435547,-0.15328945219516754,-0.06033922731876373
1696965650182639900,56.08963989257813,-1.8262290954589844,-0.3122437596321106,-0.2589665353298187
1696965650192653800,56.09965380859375,-0.8708028793334961,-0.20460033416748047,-0.21178823709487915
1696965650202668000,56.10966796875,-0.19965457916259766,-0.20793476700782776,-0.08710464835166931
1696965650212682200,56.11968212890625,-0.9734230041503906,-0.2641449570655823,-0.3556627035140991
1696965650222696400,56.12969653320312,-1.8694915771484375,-0.1491190493106842,-0.32383784651756287
1696965650232710700,56.139710693359376,0.06106090545654297,-0.024092361330986023,-0.38047701120376587
1696965650242724900,56.14972485351562,-1.6213045120239258,-0.20706656575202942,-0.3345685601234436
1696965650252738800,56.15973876953125,-1.889674186706543,-0.1750071942806244,-0.32122519612312317
1696965650262753000,56.1697529296875,-0.28400230407714844,-0.017145806923508644,-0.4228753447532654
1696965650272767200,56.17976733398437,-1.4302406311035156,-0.1733526736497879,-0.37491166591644287
1696965650282781400,56.189781494140625,-1.8806467056274414,-0.13696065545082092,-0.3465399742126465
1696965650292795600,56.19979565429688,-0.10770797729492188,0.009254269301891327,-0.21793711185455322
1696965650302809900,56.20980981445312,-0.7573385238647461,0.035172998905181885,-0.07295146584510803
1696965650312824000,56.219823974609376,-2.284642219543457,0.11974029242992401,0.10913082957267761
1696965650322838000,56.22983813476562,0.7127523422241211,0.05856071785092354,0.24521499872207642
1696965650332852200,56.239852294921874,-0.6270694732666016,-0.04990669712424278,0.23259763419628143
1696965650342866400,56.24986645507813,-1.399566650390625,-0.17166447639465332,0.21735656261444092
1696965650352880600,56.25988061523437,0.4725923538208008,0.2822002172470093,0.5642848014831543
1696965650362894800,56.269894775390625,-0.45079517364501953,0.3255821764469147,0.7445074319839478
1696965650372909000,56.27990893554688,-0.8700675964355469,0.08752493560314178,0.374906986951828
1696965650382923000,56.289923095703124,-0.03624725341796875,0.04672178626060486,0.34059271216392517
1696965650392937200,56.299937255859376,0.08351993560791016,0.3449872136116028,0.12566713988780975
1696965650402951400,56.30995141601562,-2.1864333152770996,-0.03568623214960098,-0.1111874133348465
1696965650412965600,56.319965576171874,0.02234935760498047,0.1468627154827118,0.043427616357803345
1696965650422979800,56.32997973632813,-0.28319454193115234,0.3307853639125824,0.23253551125526428
1696965650432994000,56.339994140625,-2.1458258628845215,0.4542202949523926,0.0009006857872009277
1696965650443008000,56.350008056640625,0.3879871368408203,0.31232112646102905,0.6305334568023682
1696965650453022200,56.36002221679688,0.3541297912597656,0.23920764029026031,0.5735149383544922
1696965650463036400,56.370036376953124,-1.8922414779663086,-0.09468203783035278,0.30426985025405884
1696965650473050600,56.380050537109376,0.40698719024658203,0.5116392374038696,1.1893441677093506
1696965650483064800,56.39006494140625,1.2477388381958008,0.33026984333992004,1.030617356300354
1696965650493079000,56.4000791015625,-2.4725394248962402,0.6262118816375732,0.8099149465560913
1696965650503093000,56.41009301757813,1.5915584564208984,0.4768986999988556,1.42178475856781
1696965650513107200,56.42010717773437,0.4272289276123047,0.5375443696975708,1.0936769247055054
1696965650523121400,56.430121337890625,-1.6326732635498047,0.4782041907310486,0.7845327854156494
1696965650533135600,56.44013549804688,0.7569084167480469,0.6522306203842163,1.0228971242904663
1696965650543149800,56.45014990234375,-0.1376047134399414,0.5833526849746704,1.0381876230239868
1696965650553164000,56.4601640625,-1.1302223205566406,0.502724289894104,0.7223228216171265
1696965650563178000,56.47017797851562,0.6751136779785156,0.42530786991119385,1.0717871189117432
1696965650573192200,56.480192138671875,0.7606077194213867,0.5676137804985046,0.6681604385375977
1696965650583206400,56.49020629882813,-1.7059669494628906,0.4108072817325592,0.8246281147003174
1696965650593220600,56.500220703125,1.415060043334961,0.7477737069129944,1.014744520187378
1696965650603234800,56.51023486328125,0.7102670669555664,0.7019789218902588,0.6290126442909241
1696965650613249000,56.5202490234375,-1.9472384452819824,0.5579681396484375,0.62450110912323
1696965650623263200,56.53026318359375,1.6952056884765625,0.47081446647644043,0.7036431431770325
1696965650633277200,56.540277099609376,1.0040931701660156,0.9639939665794373,0.6038521528244019
1696965650643291400,56.55029150390625,-0.5980081558227539,0.6774213314056396,0.6297445297241211
1696965650653305600,56.5603056640625,1.1151847839355469,0.8584121465682983,0.7849361896514893
1696965650663319800,56.57031982421875,0.927088737487793,0.9204137325286865,0.562481164932251
1696965650673334000,56.580333984375,-1.114542007446289,0.989553689956665,0.8427324295043945
1696965650683348200,56.59034814453125,2.7643165588378906,0.8218347430229187,0.8160496950149536
1696965650693362200,56.60036206054688,0.39775848388671875,0.7631826996803284,0.5187401175498962
1696965650703376400,56.61037646484375,-0.38138580322265625,0.7106456756591797,0.8873490691184998
1696965650713390600,56.620390625,2.377253532409668,0.9583224654197693,0.6505550146102905
1696965650723404800,56.63040478515625,0.035185813903808594,0.9296672940254211,0.5016342401504517
1696965650733419000,56.6404189453125,0.3796520233154297,0.6735906004905701,0.5505749583244324
1696965650743433200,56.65043310546875,1.4779939651489258,0.9044146537780762,0.6147972941398621
1696965650753447200,56.660447265625,0.5045833587646484,0.5513573288917542,0.2660926878452301
1696965650763461400,56.67046142578125,0.0926218032836914,0.7182276844978333,0.5278962850570679
1696965650773475600,56.6804755859375,1.7743854522705078,0.5713233947753906,0.4250146746635437
1696965650783489800,56.69048974609375,-0.10772514343261719,0.8122154474258423,0.5145636796951294
1696965650793504000,56.70050390625,0.1265888214111328,0.7255033254623413,0.5664852261543274
1696965650803518200,56.710518310546874,0.847625732421875,0.41185957193374634,0.5742257237434387
1696965650813532200,56.7205322265625,-0.25355052947998047,0.500671923160553,0.6769995093345642
1696965650823546400,56.73054638671875,0.2963371276855469,0.3962540030479431,0.5604349374771118
1696965650833560600,56.740560546875,0.777836799621582,0.4202697277069092,0.3626815676689148
1696965650843574800,56.75057470703125,-0.2945709228515625,0.5526143312454224,0.5673487186431885
1696965650853589000,56.76058911132812,-0.8294134140014648,0.6069313883781433,0.5780903100967407
1696965650863603200,56.770603271484376,0.6725578308105469,0.17436003684997559,0.38694506883621216
1696965650873617200,56.7806171875,-0.15118885040283203,0.46545106172561646,0.33078283071517944
1696965650883631400,56.79063134765625,-0.9778690338134766,0.2526881694793701,0.5746946334838867
1696965650893645600,56.8006455078125,0.9592885971069336,0.2668105959892273,0.3974686861038208
1696965650903659800,56.81065966796875,-0.5246496200561523,0.45138978958129883,0.26657870411872864
1696965650913674000,56.820674072265625,-1.3360776901245117,0.38318055868148804,0.5375481843948364
1696965650923688200,56.83068823242188,1.4526538848876953,0.6976343989372253,0.6287679672241211
1696965650933702400,56.84070239257812,-0.9213619232177734,0.14921993017196655,0.28255972266197205
1696965650943716400,56.85071630859375,-0.7714061737060547,0.28797101974487305,0.17020100355148315
1696965650953730600,56.86073046875,0.9743719100952148,0.33700186014175415,0.47114402055740356
1696965650963744800,56.870744873046874,-1.5274343490600586,0.27713561058044434,0.061568766832351685
1696965650973759000,56.88075903320313,-0.2291393280029297,0.3344072699546814,-0.012768715620040894
1696965650983773200,56.89077319335937,0.5311832427978516,0.34175342321395874,0.17535507678985596
1696965650993787400,56.900787353515625,-1.6732358932495117,0.349920392036438,-0.001274019479751587
1696965651003801300,56.91080126953125,1.1977062225341797,0.411357581615448,0.2078920304775238
1696965651013815600,56.92081567382812,-0.09542179107666016,0.4146481156349182,-0.08742892742156982
1696965651023829800,56.930829833984376,-1.9208722114562988,-0.010066092014312744,0.04651641845703125
1696965651033844000,56.94084399414062,1.5387382507324219,0.6660383939743042,0.3216473460197449
1696965651043858200,56.950858154296874,-1.6237850189208984,0.018118321895599365,-0.307844877243042
1696965651053872400,56.96087231445313,-0.2532930374145508,0.8302661776542664,-0.12952926754951477
1696965651063886300,56.97088623046875,1.7497682571411133,0.2995554208755493,-0.12280681729316711
1696965651073900500,56.980900634765625,-2.4215545654296875,0.4756773114204407,-0.33168667554855347
1696965651083914800,56.99091479492188,0.9867486953735352,0.48902690410614014,0.2239731252193451
1696965651093929000,57.00092895507812,-0.6258125305175781,0.30344492197036743,-0.3497130870819092
1696965651103943200,57.010943115234376,-0.9876136779785156,0.37632131576538086,-0.27657249569892883
1696965651113957400,57.02095727539062,1.7390155792236328,0.7178841829299927,0.005255848169326782
1696965651123971300,57.030971435546874,-1.6961793899536133,0.29363101720809937,-0.3370954096317291
1696965651133985500,57.04098559570313,0.7068328857421875,0.78461092710495,0.2402573823928833
1696965651143999700,57.05099975585937,-0.14975261688232422,0.3154124617576599,-0.007849395275115967
1696965651154014000,57.061013916015625,-0.9379539489746094,0.7073188424110413,0.005788832902908325
1696965651164028200,57.07102807617188,1.1148271560668945,0.7024222016334534,0.18213525414466858
1696965651174042400,57.08104248046875,-0.7944135665893555,0.3516697883605957,-0.0803566724061966
1696965651184056300,57.091056396484376,-0.32395362854003906,0.4740034341812134,0.0804060697555542
1696965651194070500,57.10107055664062,0.5803279876708984,0.7081174850463867,-0.056864380836486816
1696965651204084700,57.111084716796874,-0.6823081970214844,0.7820661664009094,-0.0051545798778533936
1696965651214099000,57.12109887695313,0.24187564849853516,0.7176831364631653,0.32057154178619385
1696965651224113200,57.13111303710937,0.5045251846313477,0.614047646522522,-0.0018979012966156006
1696965651234127400,57.14112744140625,-1.9288158416748047,0.7766663432121277,0.312252014875412
1696965651244141600,57.1511416015625,1.5980100631713867,0.7131204009056091,-0.13082069158554077
1696965651254155500,57.16115551757812,-1.1531991958618164,0.39684736728668213,-0.03939047455787659
1696965651264169700,57.171169677734376,0.34081077575683594,1.2488274574279785,0.6439716815948486
1696965651274184000,57.18118383789062,0.9473438262939453,0.5931455492973328,0.04567566514015198
1696965651284198100,57.1911982421875,-1.6545600891113281,0.6670035123825073,0.06953486800193787
1696965651294212400,57.20121240234375,1.5325727462768555,0.6831062436103821,0.35321810841560364
1696965651304226600,57.2112265625,-1.0800743103027344,0.6948994398117065,0.15526127815246582
1696965651314240500,57.221240478515625,1.636979103088379,0.8187764286994934,0.28364846110343933
1696965651324254700,57.23125463867188,-0.8274431228637695,0.560219943523407,0.5021003484725952
1696965651334269000,57.24126904296875,1.1625003814697266,1.0674736499786377,0.6729704737663269
1696965651344283100,57.251283203125,-0.6271352767944336,0.34555375576019287,0.34187066555023193
1696965651354297300,57.26129736328125,0.8941001892089844,1.0196630954742432,0.36801591515541077
1696965651364311600,57.2713115234375,0.6390829086303711,0.3949953317642212,0.6724832057952881
1696965651374325500,57.28132543945313,-0.1843099594116211,1.0322928428649902,0.3503970801830292
1696965651384339700,57.29133959960937,0.20823383331298828,0.8982749581336975,0.6651195287704468
1696965651394354000,57.30135400390625,-0.1027212142944336,0.5635650753974915,0.44972720742225647
1696965651404368100,57.3113681640625,-0.41759204864501953,1.0087604522705078,0.943942129611969
1696965651414382300,57.32138232421875,0.7447071075439453,0.7471194267272949,0.6207813024520874
1696965651424396500,57.331396484375,-0.5997047424316406,0.7737979888916016,0.4263894855976105
1696965651434410500,57.34141040039062,-0.05825233459472656,0.30435746908187866,0.34394338726997375
1696965651444424700,57.3514248046875,-0.18682289123535156,0.7961191534996033,0.7044051885604858
1696965651454439000,57.36143896484375,-0.12432575225830078,0.7363724112510681,0.18605613708496094
1696965651464453000,57.371453125,-0.00429534912109375,0.7932202219963074,0.2977505028247833
1696965651474467300,57.38146728515625,0.23950862884521484,0.7288252115249634,0.3817600905895233
1696965651484481500,57.3914814453125,-0.24360942840576172,0.499057412147522,-0.0779041200876236
1696965651494495500,57.40149560546875,-1.112767219543457,0.7560031414031982,-0.14046896994113922
1696965651504509700,57.411509765625,-0.32605743408203125,0.7524716258049011,-0.1886546015739441
1696965651514524000,57.42152392578125,-1.0180492401123047,1.208989143371582,0.41994360089302063
1696965651524538000,57.4315380859375,1.2447185516357422,0.8205561637878418,-0.08038504421710968
1696965651534552300,57.44155224609375,-2.342099189758301,0.980597734451294,0.052204519510269165
1696965651544566500,57.45156640625,0.31072044372558594,0.4841996431350708,0.47269386053085327
1696965651554580700,57.46158081054688,0.04741191864013672,0.835808277130127,0.12951883673667908
1696965651564594700,57.4715947265625,-0.6556482315063477,0.7529506087303162,0.17494603991508484
1696965651574609000,57.48160888671875,0.08682060241699219,0.5340648889541626,0.1632704734802246
1696965651584623000,57.491623046875,-0.8074722290039062,1.1004326343536377,0.39867156744003296
1696965651594637300,57.50163720703125,1.7987794876098633,0.6300922632217407,0.06628915667533875
1696965651604651500,57.511651611328126,-2.7598419189453125,0.39230066537857056,-0.06931047141551971
1696965651614665700,57.52166577148437,2.388275146484375,0.7204902172088623,0.08776035904884338
1696965651624679700,57.5316796875,-1.1201448440551758,0.2473490834236145,-0.3360661268234253
1696965651634694000,57.54169384765625,-0.22917842864990234,0.938808023929596,0.05338007211685181
1696965651644708000,57.5517080078125,1.797800064086914,0.3986653685569763,0.02395060658454895
1696965651654722300,57.561722412109376,-1.704859733581543,0.7655950784683228,0.31395483016967773
1696965651664736500,57.57173657226563,2.2366743087768555,0.17176967859268188,0.10605797171592712
1696965651674750700,57.581750732421874,-0.9033603668212891,0.795318603515625,0.012970983982086182
1696965651684764700,57.5917646484375,0.36478614807128906,0.47509104013442993,0.19117885828018188
1696965651694779000,57.60177880859375,0.24949073791503906,0.397464394569397,-0.09599381685256958
1696965651704793000,57.61179296875,-0.3630485534667969,0.6525107622146606,0.5426729321479797
1696965651714807300,57.62180737304688,0.9282999038696289,0.5001665949821472,-0.3382858633995056
1696965651724821500,57.63182153320312,-1.2674312591552734,0.7413448691368103,0.0872376561164856
1696965651734835700,57.641835693359376,1.4357051849365234,0.2207193374633789,0.15225082635879517
1696965651744849700,57.651849609375,-0.8517627716064453,0.6488471627235413,0.007992148399353027
1696965651754863900,57.66186376953125,-0.23824501037597656,0.13480454683303833,-0.11757029592990875
1696965651764878000,57.67187817382813,0.31714534759521484,0.8748336434364319,0.08569750189781189
1696965651774892300,57.68189233398437,-0.2857627868652344,0.6722087264060974,0.14534065127372742
1696965651784906500,57.691906494140625,0.03530406951904297,0.15143650770187378,-0.20890770852565765
1696965651794920700,57.70192065429688,-0.8296070098876953,0.7715641260147095,0.21819061040878296
1696965651804934700,57.7119345703125,2.149722099304199,0.2337244749069214,-0.06498488783836365
1696965651814948900,57.721948974609376,-2.882275104522705,0.6983150243759155,-0.015318423509597778
1696965651824963000,57.73196313476563,2.42398738861084,0.4225956201553345,0.09156560897827148
1696965651834977300,57.741977294921874,-1.2653427124023438,0.5226598978042603,0.1396063268184662
1696965651844991500,57.75199145507813,-0.16360759735107422,0.4991006851196289,-0.1537759006023407
1696965651855005700,57.76200561523437,0.1959095001220703,0.6620549559593201,-0.31723934412002563
1696965651865020000,57.77202001953125,-0.53094482421875,0.6369972229003906,-0.16675612330436707
1696965651875033900,57.78203393554688,0.11117935180664062,0.3069753050804138,-0.21656396985054016
1696965651885048000,57.79204809570312,-1.1695384979248047,0.7761693596839905,-0.22111141681671143
1696965651895062300,57.802062255859376,1.031702995300293,0.6749953031539917,-0.1572256088256836
1696965651905076500,57.81207641601563,-0.6858854293823242,0.313496470451355,-0.34865862131118774
1696965651915090700,57.822090576171874,-0.31147098541259766,0.7117387652397156,0.04260498285293579
1696965651925105000,57.83210498046875,1.5247201919555664,0.4245455265045166,-0.31357207894325256
1696965651935118800,57.84211889648437,-1.2790546417236328,0.8884788751602173,0.3023673892021179
1696965651945133000,57.852133056640625,1.959280014038086,-0.047730207443237305,0.037273257970809937
1696965651955147300,57.86214721679688,-1.456944465637207,0.6888236999511719,0.07777342200279236
1696965651965161500,57.87216137695312,0.7683897018432617,0.38291478157043457,-0.1132265031337738
1696965651975175700,57.88217578125,0.6860370635986328,0.6598303318023682,-0.0567970871925354
1696965651985190000,57.89218994140625,-0.8115329742431641,0.4306647777557373,-0.02383384108543396
1696965651995203800,57.902203857421874,0.6388921737670898,0.31571149826049805,-0.21336102485656738
1696965652005218000,57.91221801757813,-1.1928272247314453,0.41404223442077637,0.037191301584243774
1696965652015232300,57.92223217773437,0.4830608367919922,0.7743414640426636,0.03967404365539551
1696965652025246500,57.93224658203125,-0.9658880233764648,0.1776576042175293,-0.21101653575897217
1696965652035260700,57.9422607421875,0.3985929489135742,0.7315934896469116,-0.28887850046157837
1696965652045275000,57.95227490234375,-0.13720321655273438,0.1108245849609375,0.2505580484867096
1696965652055288800,57.962288818359376,-0.012362480163574219,0.7636328935623169,-0.11554472148418427
1696965652065303000,57.97230297851563,-0.30375003814697266,-0.07952225208282471,0.04932105541229248
1696965652075317200,57.982317138671874,0.4285287857055664,0.7790594100952148,-0.050762563943862915
1696965652085331500,57.99233154296875,-0.4230632781982422,0.2796405553817749,-0.11554506421089172
1696965652095345700,58.002345703125,0.051273345947265625,0.498305082321167,-0.03737705945968628
1696965652105360000,58.01235986328125,-0.4122486114501953,0.2146526575088501,0.2792685329914093
1696965652115373800,58.02237377929688,1.7678165435791016,0.46912312507629395,0.0777176022529602
1696965652125388000,58.03238793945312,-1.2228879928588867,0.009223699569702148,0.2378479242324829
1696965652135402200,58.04240234375,1.584782600402832,0.40770959854125977,0.6559554934501648
1696965652145416400,58.05241650390625,0.8740558624267578,-0.06347548961639404,0.30613967776298523
1696965652155430700,58.0624306640625,-0.5525045394897461,-0.26041674613952637,0.3486971855163574
1696965652165444900,58.07244482421875,0.9973173141479492,0.33558011054992676,0.4388170540332794
1696965652175458800,58.08245874023437,0.11062335968017578,0.3587958812713623,0.42075973749160767
1696965652185473000,58.09247314453125,1.1427717208862305,0.2506413459777832,0.7131272554397583
1696965652195487200,58.1024873046875,0.2941150665283203,0.3250840902328491,0.5653166770935059
1696965652205501400,58.11250146484375,0.2696037292480469,0.4646604061126709,0.8376754522323608
1696965652215515600,58.122515625,0.7849159240722656,0.4968888759613037,0.13287624716758728
1696965652225529900,58.13252978515625,-0.31575584411621094,0.5995662212371826,0.09563550353050232
1696965652235544000,58.1425439453125,-0.9458065032958984,0.016247153282165527,0.3545832335948944
1696965652245558000,58.15255810546875,0.6671657562255859,0.8915947675704956,0.13977918028831482
1696965652255572200,58.162572265625,-1.4848566055297852,0.3188408613204956,0.10642915964126587
1696965652265586400,58.17258642578125,0.5405149459838867,0.9615824222564697,0.4368032217025757
1696965652275600600,58.1826005859375,-1.286147117614746,0.7595371007919312,0.0629984438419342
1696965652285614800,58.19261474609375,-0.040482521057128906,0.6522196531295776,0.3056280016899109
1696965652295629000,58.20262915039063,-0.2695131301879883,0.28430938720703125,0.21200919151306152
1696965652305643000,58.21264306640625,0.15658187866210938,0.8592847585678101,0.17498871684074402
1696965652315657200,58.2226572265625,-0.058650970458984375,0.03176593780517578,0.022551536560058594
1696965652325671400,58.23267138671875,0.3049278259277344,0.44425642490386963,0.0987158715724945
1696965652335685600,58.242685546875,1.5420875549316406,-0.15327513217926025,-0.15973377227783203
1696965652345699800,58.25269995117188,-1.409714698791504,0.3277221918106079,-0.4044216275215149
1696965652355714000,58.26271411132812,0.7108879089355469,0.14460313320159912,-0.39529702067375183
1696965652365728000,58.27272802734375,-2.405881404876709,0.20243477821350098,-0.39550185203552246
1696965652375742200,58.2827421875,1.3034162521362305,0.7686806917190552,-0.20903971791267395
1696965652385756400,58.29275634765625,0.5604991912841797,-0.022366881370544434,-0.4200882911682129
1696965652395770600,58.3027705078125,0.3633403778076172,0.6546715497970581,-0.08416470885276794
1696965652405784800,58.31278491210937,1.6772031784057617,0.21755504608154297,-0.3581444025039673
1696965652415798800,58.322798828125,-0.9880914688110352,0.5822035074234009,-0.5349125862121582
1696965652425813000,58.33281298828125,0.80169677734375,0.02196657657623291,-0.39110395312309265
1696965652435827200,58.3428271484375,0.2940664291381836,0.11292731761932373,-0.8040355443954468
1696965652445841200,58.35284106445312,-2.1721248626708984,0.7971141338348389,-0.3504244089126587
1696965652455855400,58.36285546875,1.245656967163086,0.38282179832458496,-0.15381455421447754
1696965652465869600,58.37286962890625,-0.7875432968139648,0.5160036087036133,-0.27214863896369934
1696965652475883500,58.382883544921874,-0.8666582107543945,-0.07377791404724121,-0.2604160010814667
1696965652485897700,58.39289770507813,0.8660869598388672,0.6901305913925171,0.03137844800949097
1696965652495911700,58.40291162109375,-0.32083606719970703,0.2592695951461792,-0.1248939037322998
1696965652505926000,58.41292578125,0.14396381378173828,0.202034592628479,-0.04565910995006561
1696965652515940000,58.42294018554688,0.29675960540771484,0.3141818046569824,0.2852156460285187
1696965652525954000,58.4329541015625,0.1530933380126953,0.20817840099334717,0.00950002670288086
1696965652535968300,58.44296826171875,0.5734472274780273,0.7650598287582397,0.4648098051548004
1696965652545982500,58.452982421875,0.4817056655883789,-0.07792794704437256,0.1862054169178009
1696965652555996400,58.46299633789062,-0.4607553482055664,0.4836076498031616,0.08631500601768494
1696965652566010600,58.4730107421875,0.4294271469116211,-0.0307924747467041,-0.20581579208374023
1696965652576024800,58.48302490234375,0.6676921844482422,0.1614915132522583,0.09482887387275696
1696965652586038800,58.49303881835937,-0.48528289794921875,0.19540166854858398,-0.7337973117828369
1696965652596053000,58.503052978515626,0.6056489944458008,0.22257089614868164,-0.13375741243362427
1696965652606067000,58.51306689453125,0.9153547286987305,0.13123583793640137,-0.49596428871154785
1696965652616081200,58.5230810546875,-1.4949512481689453,-0.19892287254333496,-0.8038939237594604
1696965652626095400,58.53309545898438,0.9987411499023438,0.5901424884796143,-0.14353907108306885
1696965652636109300,58.543109375,0.28525352478027344,-0.050443410873413086,-0.21606425940990448
1696965652646123500,58.55312353515625,0.4136934280395508,0.41721928119659424,-0.22117924690246582
1696965652656137700,58.5631376953125,0.9774837493896484,-0.35986149311065674,-0.013303026556968689
1696965652666151700,58.57315161132812,-0.6825876235961914,0.5298477411270142,-0.21188929677009583
1696965652676166000,58.583165771484374,1.7470369338989258,0.3452870845794678,0.11440406739711761
1696965652686180000,58.59318017578125,-0.7221479415893555,-0.01305091381072998,-0.31692177057266235
1696965652696194000,58.60319409179687,-0.07014751434326172,0.6831743717193604,0.3263294994831085
1696965652706208300,58.613208251953125,0.5900812149047852,0.12223553657531738,-0.19123953580856323
1696965652716222200,58.62322216796875,-1.2935609817504883,0.3406254053115845,0.0017501860857009888
1696965652726236400,58.633236328125,-0.009373664855957031,0.11435556411743164,0.11234654486179352
1696965652736250600,58.643250732421876,0.40715789794921875,0.379819393157959,0.02861541509628296
1696965652746264800,58.65326489257812,-0.8646535873413086,0.060568809509277344,-0.17380362749099731
1696965652756279000,58.663279052734374,-0.044769287109375,-0.12065374851226807,-0.15644484758377075
1696965652766293200,58.67329321289063,-1.1624174118041992,0.32504403591156006,0.03462882339954376
1696965652776307200,58.68330712890625,-0.6764459609985352,0.47862911224365234,-0.42605066299438477
1696965652786321400,58.6933212890625,-1.4770898818969727,0.43568921089172363,0.14049603044986725
1696965652796335600,58.70333569335938,-0.4553356170654297,-0.28336095809936523,-0.8484889268875122
1696965652806349800,58.71334985351562,-1.5143709182739258,0.5288556814193726,-0.6402161121368408
1696965652816364000,58.723364013671876,-0.18677330017089844,-0.04029691219329834,-0.9573243260383606
1696965652826378200,58.73337817382812,-0.45287036895751953,0.005566835403442383,-0.5698643922805786
1696965652836392400,58.743392333984374,-0.6474676132202148,-0.16653859615325928,-0.5354344844818115
1696965652846406400,58.75340649414063,-0.1576089859008789,0.378637433052063,-0.6548340916633606
1696965652856420600,58.76342065429687,-0.18549728393554688,0.5917829275131226,-0.32114899158477783
1696965652866434800,58.773434814453125,-1.1065521240234375,-0.14981865882873535,-0.31708264350891113
1696965652876449000,58.78344897460938,0.5115327835083008,0.7408849000930786,0.3720413148403168
1696965652886463200,58.793463134765624,-0.12929153442382812,0.06478607654571533,-0.07344616949558258
1696965652896477400,58.8034775390625,-0.9079160690307617,0.6631360054016113,0.21570567786693573
1696965652906491400,58.81349145507812,1.0874595642089844,0.21143853664398193,0.35239627957344055
1696965652916505600,58.823505615234374,-1.557560920715332,0.46586835384368896,0.25431519746780396
1696965652926519800,58.83351977539063,0.34787940979003906,0.19636332988739014,0.20300808548927307
1696965652936534000,58.84353393554687,-0.8664207458496094,0.3360391855239868,0.045339107513427734
1696965652946548200,58.85354833984375,0.7456607818603516,-0.13280677795410156,1.1116364002227783
1696965652956562400,58.8635625,0.7154636383056641,0.14576148986816406,0.31248047947883606
1696965652966576400,58.873576416015624,-0.3427543640136719,0.31476473808288574,1.1855969429016113
1696965652976590600,58.883590576171876,1.469167709350586,-0.16326498985290527,1.0373454093933105
1696965652986604800,58.89360473632812,-0.4365367889404297,0.012198567390441895,0.5897934436798096
1696965652996619000,58.903618896484375,0.4004974365234375,0.07679808139801025,0.5751504898071289
1696965653006633200,58.91363330078125,0.5143013000488281,0.08875799179077148,0.39948031306266785
1696965653016647400,58.9236474609375,0.5844192504882812,0.5818004608154297,-0.14092671871185303
1696965653026661400,58.933661376953125,-1.6484413146972656,0.3290506601333618,0.06028828024864197
1696965653036675600,58.94367553710938,0.1278667449951172,0.6734482049942017,0.4469902515411377
1696965653046689800,58.953689697265624,-0.8136072158813477,0.12843012809753418,-0.006725609302520752
1696965653056704000,58.9637041015625,-1.8970661163330078,0.5636247396469116,0.8739418387413025
1696965653066718200,58.97371826171875,2.4605484008789062,0.13677871227264404,1.307081937789917
1696965653076732400,58.983732421875,0.8102579116821289,0.059130191802978516,1.516236662864685
1696965653086746400,58.99374633789063,2.2695560455322266,-0.7238744497299194,0.8926142454147339
1696965653096760600,59.00376049804687,-1.7405929565429688,-0.3149524927139282,1.0005306005477905
1696965653106774800,59.01377490234375,0.6418628692626953,-0.10237491130828857,1.3752038478851318
1696965653116789000,59.0237890625,0.8360958099365234,0.8267816305160522,0.7518169283866882
1696965653126803200,59.03380322265625,-2.0197348594665527,0.5368298292160034,0.38270068168640137
1696965653136817400,59.0438173828125,-0.9734020233154297,1.0336726903915405,-0.6860507726669312
1696965653146831600,59.05383154296875,-4.3502888679504395,-0.770770788192749,0.6985829472541809
1696965653156845600,59.063845458984375,3.8541955947875977,-0.5588518381118774,-2.122431993484497
1696965653166859800,59.07385986328125,-2.5390267372131348,0.6603825092315674,-0.8078837394714355
1696965653176874000,59.0838740234375,-3.0887398719787598,0.23715710639953613,-1.6281870603561401
1696965653186888200,59.09388818359375,2.495295524597168,0.05153381824493408,-1.1812480688095093
1696965653196902400,59.10390234375,-2.3845810890197754,1.9474141597747803,-0.49477940797805786
1696965653206916600,59.11391650390625,-4.831305027008057,-0.4340798854827881,-0.38555464148521423
1696965653216930600,59.1239306640625,-0.6165246963500977,-0.6078896522521973,-0.43822309374809265
1696965653226944800,59.13394482421875,1.5687875747680664,-0.7871770858764648,-0.8092801570892334
1696965653236959000,59.143958984375,0.5505847930908203,0.3951699733734131,-0.2871416211128235
1696965653246973200,59.15397314453125,4.304633140563965,-0.4120340347290039,-0.19210335612297058
1696965653256987400,59.1639873046875,0.8189287185668945,0.3299766778945923,1.6601976156234741
1696965653267001600,59.17400170898438,4.667361259460449,-0.5840679407119751,0.5125536918640137
1696965653277015600,59.184015625,-4.213104248046875,-0.466632604598999,-0.48442450165748596
1696965653287029800,59.19402978515625,2.8189687728881836,-1.5369571447372437,-0.7537167072296143
1696965653297044000,59.2040439453125,2.0533523559570312,-0.5452886819839478,-0.041870687156915665
1696965653307058200,59.21405810546875,-1.5276479721069336,-0.424718976020813,-1.1342449188232422
1696965653317072400,59.224072265625,1.9592771530151367,-1.08218514919281,-0.4171745479106903
1696965653327086600,59.23408666992187,2.8623714447021484,0.24454069137573242,0.1070629209280014
1696965653337100500,59.2441005859375,-1.8422484397888184,0.16500043869018555,-0.8005687594413757
1696965653347114800,59.25411474609375,0.034453392028808594,0.303753137588501,-0.3734799921512604
1696965653357129000,59.26412890625,1.4874610900878906,-0.6074796915054321,-0.5881651043891907
1696965653367143200,59.27414306640625,-3.7491302490234375,-0.7642494440078735,-0.4022180736064911
1696965653377157400,59.28415747070313,3.1928014755249023,-0.3518106937408447,-0.043104760348796844
1696965653387171600,59.294171630859374,-2.127933979034424,-0.1430429220199585,-0.5493131875991821
1696965653397185500,59.304185546875,-0.9627819061279297,0.5530301332473755,-0.23831094801425934
1696965653407199700,59.31419970703125,2.4518775939941406,0.9905158281326294,-0.18839779496192932
1696965653417214000,59.3242138671875,-2.562450885772705,-0.06943190097808838,-0.7536874413490295
1696965653427228200,59.33422827148438,-2.60481595993042,-0.7060505151748657,-0.27727359533309937
1696965653437242400,59.34424243164062,0.06783390045166016,-0.4706927537918091,-0.03909113258123398
1696965653447256600,59.354256591796876,-3.0196948051452637,-0.17681348323822021,-0.1500072181224823
1696965653457270800,59.36427075195313,-1.4125423431396484,0.4228123426437378,-0.6885722279548645
1696965653467284700,59.37428466796875,0.06728172302246094,0.9075863361358643,-0.9587802290916443
1696965653477299000,59.384298828125,-2.3853540420532227,0.46829140186309814,-0.6814562082290649
1696965653487313200,59.39431323242187,-0.9754714965820312,0.04661703109741211,-0.5150684118270874
1696965653497327400,59.404327392578125,-2.6274495124816895,0.2787431478500366,-0.12432266026735306
1696965653507341600,59.41434155273438,-1.6952104568481445,0.37179648876190186,-0.06980013847351074
1696965653517355800,59.42435571289062,-3.856851100921631,0.3751779794692993,0.23768660426139832
1696965653527369700,59.43436962890625,-1.2685747146606445,0.4826226234436035,-0.004196107387542725
1696965653537384000,59.44438403320312,-1.5485715866088867,0.27668297290802,-0.36868762969970703
1696965653547398100,59.454398193359374,-2.879713535308838,0.3440685272216797,0.4736408591270447
1696965653557412400,59.46441235351563,2.191117286682129,-0.3545949459075928,1.8782618045806885
1696965653567426600,59.47442651367187,0.04372978210449219,-0.28425920009613037,0.9835090637207031
1696965653577440800,59.484440673828125,-2.127769947052002,-0.7837556600570679,0.9861645102500916
1696965653587454700,59.49445483398438,0.47083568572998047,-0.675605297088623,0.4786142110824585
1696965653597469000,59.50446899414062,0.6451911926269531,0.18320226669311523,0.37150201201438904
1696965653607483100,59.514483154296876,-2.019474983215332,0.060384511947631836,0.24674515426158905
1696965653617497300,59.52449731445312,-0.6778631210327148,0.6007847785949707,-0.29586103558540344
1696965653627511600,59.534511474609374,-0.3383331298828125,-1.0924650430679321,0.012851133942604065
1696965653637525800,59.54452587890625,4.721981048583984,-1.4094974994659424,-0.40791139006614685
1696965653647539700,59.55453979492187,-2.0331664085388184,-1.5948997735977173,-0.3234548568725586
1696965653657554000,59.564553955078125,0.024825096130371094,0.9785488247871399,0.8542683124542236
1696965653667568000,59.57456811523438,3.2594566345214844,1.2448997497558594,-0.6734853982925415
1696965653677582300,59.58458227539062,-6.535398483276367,1.6267191171646118,-0.5301666259765625
1696965653687596500,59.594596435546876,-3.022467613220215,1.4171639680862427,-0.18216894567012787
1696965653697610800,59.60461083984375,0.09308052062988281,-0.7782847285270691,-0.3117544949054718
1696965653707624700,59.614624755859374,4.049173355102539,-2.744490623474121,-1.413116693496704
1696965653717639000,59.62463891601563,4.1096696853637695,-3.75747013092041,-0.678386390209198
1696965653727653000,59.63465307617187,-1.8644928932189941,-2.6117382049560547,-0.8623647689819336
1696965653737667300,59.644667236328125,3.892449378967285,-0.8680508136749268,2.302375078201294
1696965653747681300,59.65468139648438,7.419340133666992,-2.211686372756958,3.4678549766540527
1696965653757695500,59.66469555664062,5.135004043579102,0.3007846474647522,-0.03249228745698929
1696965653767709700,59.674709716796876,1.069814682006836,-1.9806314706802368,0.9074550271034241
1696965653777723600,59.6847236328125,4.894883155822754,0.19295591115951538,1.934987187385559
1696965653787737900,59.69473779296875,3.243760108947754,-1.388129472732544,-0.31716564297676086
1696965653797752000,59.704751953125,2.265378952026367,-4.007791519165039,-1.5397791862487793
1696965653807766000,59.71476611328125,1.916555404663086,-1.0976849794387817,-1.142123818397522
1696965653817780200,59.7247802734375,3.174060821533203,1.336582899093628,1.6833157539367676
1696965653827794400,59.73479443359375,6.574058532714844,-0.3952532112598419,1.7224714756011963
1696965653837808400,59.74480834960937,4.7952070236206055,-2.6933836936950684,-1.391366958618164
1696965653847822600,59.754822509765624,-5.379278659820557,-0.7737736701965332,-1.08448326587677
1696965653857836500,59.76483642578125,1.2957544326782227,1.4485056400299072,1.3699448108673096
1696965653867850800,59.77485083007812,5.8055830001831055,0.037072837352752686,0.5806061029434204
1696965653877865000,59.784864990234375,-2.4747300148010254,-1.739492416381836,-1.9706850051879883
1696965653887879000,59.79487890625,2.1247243881225586,-2.4057068824768066,-0.4444112777709961
1696965653897893000,59.80489306640625,2.299117088317871,0.33964890241622925,1.9706358909606934
1696965653907907300,59.8149072265625,1.8120536804199219,1.44484543800354,0.03187716007232666
1696965653917921300,59.82492138671875,-1.9614152908325195,-0.5090086460113525,-1.5668261051177979
1696965653927935500,59.834935546875,-3.0545225143432617,-1.3067231178283691,0.812394380569458
1696965653937949400,59.844949462890625,0.883183479309082,-0.06168895959854126,1.012963056564331
1696965653947963600,59.85496362304688,-2.6441054344177246,1.4094080924987793,-0.42572081089019775
1696965653957977900,59.86497778320312,0.4017963409423828,1.0808972120285034,-1.2206228971481323
1696965653967991800,59.87499169921875,-1.6617202758789062,0.7867323160171509,-0.9051006436347961
1696965653978006000,59.88500610351562,-1.8674540519714355,1.3462063074111938,-0.21045155823230743
1696965653988020200,59.895020263671874,0.47022533416748047,-0.7156672477722168,-0.39822763204574585
1696965653998034200,59.9050341796875,-2.947354793548584,-0.619449257850647,-0.247462660074234
1696965654008048400,59.91504833984375,-1.0235910415649414,-0.4841620922088623,0.013056855648756027
1696965654018062600,59.9250625,-3.562373161315918,0.3248882293701172,0.4619176983833313
1696965654028076500,59.93507666015625,-2.0009078979492188,0.6353037357330322,-0.2235991358757019
1696965654038090800,59.9450908203125,-2.325153350830078,0.8004591464996338,-0.8224978446960449
1696965654048104700,59.955104736328124,-1.6077299118041992,0.6597150564193726,-0.28378939628601074
1696965654058119000,59.96511889648438,-1.655740737915039,-0.22581541538238525,-0.25162920355796814
1696965654068133000,59.97513305664062,-1.561380386352539,0.042744994163513184,-0.20048882067203522
1696965654078147300,59.985147216796875,0.22490310668945312,-0.36218035221099854,-0.31010544300079346
1696965654088161300,59.99516137695313,-4.1672749519348145,-0.3009803295135498,0.04794175177812576
1696965654098175500,60.00517553710937,-1.2425098419189453,0.1520700454711914,-0.10804205387830734
1696965654108189700,60.015189697265626,-2.4913177490234375,0.16408872604370117,-0.10806924104690552
1696965654118204000,60.02520385742187,-2.499953269958496,0.6275930404663086,-0.4464176595211029
1696965654128218000,60.035218017578124,-2.0541129112243652,0.21133708953857422,-0.25999337434768677
1696965654138232300,60.045232421875,-0.20474529266357422,-0.29602646827697754,0.4532378911972046
1696965654148246300,60.05524633789062,0.05878257751464844,-0.4785062074661255,0.46203935146331787
1696965654158260500,60.065260498046875,-1.2842950820922852,-0.03219258785247803,0.2989482879638672
1696965654168274700,60.07527465820313,-0.2393817901611328,-0.47068870067596436,0.6515767574310303
1696965654178289000,60.08528881835937,-0.7212285995483398,-0.5098727941513062,0.9601985216140747
1696965654188303000,60.09530322265625,-0.7812623977661133,-1.0612517595291138,0.6086476445198059
1696965654198317300,60.1053173828125,-0.5638084411621094,0.3038688898086548,0.6905060410499573
1696965654208331300,60.115331298828124,2.0138635635375977,-0.45608294010162354,0.5755916237831116
1696965654218345500,60.12534545898438,-0.8093500137329102,-0.21947896480560303,0.8993051052093506
1696965654228359700,60.13535961914062,0.11069488525390625,-1.083449363708496,1.3623863458633423
1696965654238374000,60.145373779296875,0.2789144515991211,-0.8157680034637451,0.8813376426696777
1696965654248388000,60.15538818359375,-0.6145401000976562,-0.3828645944595337,0.1480863094329834
1696965654258402300,60.16540234375,0.37241172790527344,0.8569256067276001,0.440015971660614
1696965654268416500,60.17541650390625,1.0656280517578125,1.4700579643249512,0.29956361651420593
1696965654278430500,60.18543041992187,-1.0575666427612305,1.1291661262512207,-1.3134031295776367
1696965654288444700,60.195444580078124,-2.497493267059326,-1.8236440420150757,-1.2310622930526733
1696965654298459000,60.205458984375,-0.66046142578125,-1.9607633352279663,0.7895596027374268
1696965654308473000,60.21547314453125,1.5315618515014648,2.16940975189209,1.1479483842849731
1696965654318487300,60.2254873046875,0.7877330780029297,0.7850632667541504,-0.7714132070541382
1696965654328501500,60.23550146484375,-0.29808712005615234,-0.7831368446350098,-0.6713526248931885
1696965654338515500,60.24551538085937,-0.3013753890991211,0.6232601404190063,0.6414124369621277
1696965654348529700,60.25552978515625,0.5800247192382812,2.69437313079834,0.12051385641098022
1696965654358544000,60.2655439453125,-2.69871187210083,-0.7725443840026855,-1.7175393104553223
1696965654368558000,60.27555810546875,-1.7843093872070312,-5.346101760864258,-1.480736255645752
1696965654378572300,60.285572265625,1.2800664901733398,-2.0175623893737793,-1.3909313678741455
1696965654388586500,60.29558642578125,1.2736549377441406,4.594773292541504,-0.6970134973526001
1696965654398600400,60.305600341796875,2.8817195892333984,0.8407703638076782,-0.7195573449134827
1696965654408614700,60.31561474609375,1.2970943450927734,-2.226675271987915,0.04410190135240555
1696965654418628900,60.32562890625,1.1699180603027344,-0.09672069549560547,-0.11466792225837708
1696965654428643000,60.33564306640625,-0.9357423782348633,1.906880497932434,-0.33635982871055603
1696965654438657300,60.3456572265625,3.8536672592163086,1.3211774826049805,-0.0032175257802009583
1696965654448671500,60.35567138671875,0.6423778533935547,-0.8680413961410522,-0.7512844800949097
1696965654458685400,60.365685546875,-1.635335922241211,-0.032093167304992676,-0.4387843608856201
1696965654468699600,60.37569970703125,3.370619773864746,1.1532161235809326,-0.26330411434173584
1696965654478713900,60.3857138671875,1.6265993118286133,0.5505435466766357,-0.08454885333776474
1696965654488728000,60.39572802734375,-0.27640247344970703,-0.8067746162414551,0.9028427600860596
1696965654498742300,60.4057421875,1.8489856719970703,0.10019731521606445,0.7857640385627747
1696965654508756500,60.41575659179688,0.48104190826416016,0.8090305328369141,0.6924062967300415
1696965654518770400,60.4257705078125,2.160008430480957,0.4618016481399536,0.052116334438323975
1696965654528784600,60.43578466796875,-0.5899953842163086,-0.7398682832717896,0.7416107058525085
1696965654538798800,60.445798828125,2.1042537689208984,-0.08437764644622803,1.0766019821166992
1696965654548813000,60.45581298828125,2.131157875061035,-0.14461255073547363,0.3853541612625122
1696965654558827300,60.4658271484375,-1.0061140060424805,-0.1853276491165161,0.45750242471694946
1696965654568841500,60.47584155273437,1.2834062576293945,-0.7718849182128906,1.164699673652649
1696965654578855700,60.485855712890626,0.7626657485961914,0.2991131544113159,1.0657374858856201
1696965654588869600,60.49586962890625,-0.703160285949707,0.4421957731246948,-0.07677899301052094
1696965654598883800,60.5058837890625,-0.2968463897705078,0.43366557359695435,0.3861551880836487
1696965654608898000,60.51589794921875,1.0788164138793945,-0.8146899938583374,0.6999403834342957
1696965654618912300,60.52591235351562,-0.8173599243164062,-0.6784018278121948,0.27919164299964905
1696965654628926500,60.535926513671875,-0.43908214569091797,-0.41932839155197144,0.44441378116607666
1696965654638940700,60.54594067382813,0.7414817810058594,-0.39416807889938354,0.5775294899940491
1696965654648954600,60.55595458984375,-0.6947383880615234,-0.7112988233566284,-0.03395916521549225
1696965654658968800,60.56596875,-0.6173906326293945,-0.14580154418945312,-0.14066505432128906
1696965654668983000,60.57598315429688,-0.43470001220703125,-0.4317822754383087,0.13017500936985016
1696965654678997200,60.585997314453124,0.21099376678466797,-0.24309903383255005,-0.1711134910583496
1696965654689011500,60.59601147460938,-1.0513620376586914,-0.5991830229759216,-0.5516079068183899
1696965654699025700,60.60602563476562,-0.47087764739990234,-0.5257154703140259,-0.41125205159187317
1696965654709039600,60.61603955078125,0.18503093719482422,-0.6675114631652832,0.20855197310447693
1696965654719053800,60.6260537109375,-1.1869659423828125,-0.6516619324684143,-0.1087338775396347
1696965654729068000,60.63606811523437,-0.7778654098510742,-0.15223532915115356,0.14545653760433197
1696965654739082200,60.646082275390626,-0.10676097869873047,-0.19118642807006836,0.3074043393135071
1696965654749096400,60.65609643554688,-1.2101469039916992,-0.6768836975097656,0.21275052428245544
1696965654759110700,60.666110595703124,-1.5845537185668945,-0.1415674090385437,-0.12434308975934982
1696965654769124600,60.67612451171875,0.10663032531738281,-0.10627114772796631,-0.06737358868122101
1696965654779138800,60.68613891601562,-1.3602714538574219,-0.608601450920105,-0.0002974867820739746
1696965654789153000,60.696153076171875,-1.2132129669189453,-0.40486761927604675,-0.3052321672439575
1696965654799167200,60.70616723632813,-0.8465099334716797,-0.35187262296676636,-0.04435984790325165
1696965654809181400,60.71618139648437,-0.7244291305541992,-0.4849681556224823,0.16366320848464966
1696965654819195600,60.726195556640626,-0.048239707946777344,-0.47051772475242615,0.010669887065887451
1696965654829209600,60.73620971679688,-0.592259407043457,-0.18940728902816772,0.2667931020259857
1696965654839223800,60.746223876953124,1.3069534301757812,-0.2798900008201599,0.5184800624847412
1696965654849238000,60.75623803710938,0.9030895233154297,-0.455451637506485,0.3939738869667053
1696965654859252200,60.76625219726562,0.003082275390625,-0.6669189929962158,0.24349887669086456
1696965654869266400,60.776266357421875,0.8161687850952148,-0.2514001131057739,0.8098771572113037
1696965654879280600,60.78628076171875,2.1099605560302734,-0.17291778326034546,0.7070074677467346
1696965654889294800,60.796294921875,0.0842437744140625,-0.3029296398162842,0.112968310713768
1696965654899308800,60.806308837890626,0.3475379943847656,0.001968204975128174,0.28331491351127625
1696965654909323000,60.81632299804688,1.628244400024414,-0.17877525091171265,0.4488729238510132
1696965654919337000,60.8263369140625,0.22985553741455078,-0.30442100763320923,-0.06854235380887985
1696965654929351200,60.83635107421875,-0.3863048553466797,0.05085963010787964,0.07334885001182556
1696965654939365400,60.84636547851562,1.699080467224121,-0.08605921268463135,0.7618856430053711
1696965654949379300,60.85637939453125,0.2194957733154297,0.17731916904449463,-0.15702411532402039
1696965654959393500,60.8663935546875,-2.317809581756592,-0.16997182369232178,0.30027881264686584
1696965654969407700,60.87640771484375,2.238095283508301,0.3412243127822876,0.6033241748809814
1696965654979421700,60.886421630859374,0.814539909362793,0.5077391862869263,0.21773691475391388
1696965654989436000,60.89643579101563,-1.2606544494628906,-0.1465545892715454,-0.003210902214050293
1696965654999450000,60.9064501953125,-0.41096019744873047,0.01488184928894043,-0.05057894438505173
1696965655009464800,60.91646484375,0.6612205505371094,0.385237455368042,-0.08056649565696716
1696965655019478800,60.92647875976562,-0.648921012878418,-0.2167036533355713,-0.015877746045589447
1696965655029492500,60.93649243164062,-0.5989093780517578,0.3856137990951538,0.25915274024009705
1696965655039506400,60.94650634765625,1.448328971862793,0.38562142848968506,0.14990176260471344
1696965655049520400,60.95652026367188,-0.7096052169799805,0.30396223068237305,0.18285559117794037
1696965655059534300,60.96653442382812,-0.9704694747924805,-0.18077600002288818,0.19723232090473175
1696965655069548300,60.97654833984375,-0.22689342498779297,0.17366647720336914,-0.07392912358045578
1696965655079562200,60.986562255859376,-0.044483184814453125,0.26168155670166016,-0.04336106777191162
1696965655089576200,60.996576171875,-0.6076469421386719,0.11229908466339111,-0.20849716663360596
1696965655099590100,61.00659008789062,-0.9502363204956055,0.11227333545684814,-0.022099614143371582
1696965655109604400,61.016604248046875,1.0547170639038086,0.2725445032119751,0.06651449203491211
1696965655119618600,61.02661865234375,-1.2699699401855469,-0.1720184087753296,0.12448690831661224
1696965655129632800,61.0366328125,-0.4497690200805664,-0.012167692184448242,-0.31185418367385864
1696965655139647000,61.04664697265625,0.5073032379150391,0.19651925563812256,-0.06970684230327606
1696965655149661400,61.05666137695312,0.07145023345947266,0.08439648151397705,0.2239130586385727
1696965655159675600,61.066675537109376,0.014008522033691406,0.04995393753051758,-0.0009582340717315674
1696965655169690000,61.07669018554687,1.0795564651489258,-0.3316129446029663,0.1731242686510086
1696965655179704300,61.086704345703126,-0.0025701522827148438,-0.17770421504974365,0.6395304203033447
1696965655189718500,61.09671850585938,0.6424264907836914,0.4216136932373047,0.6904791593551636
1696965655199733000,61.10673291015625,1.7210893630981445,-0.07933306694030762,0.423883855342865
1696965655209747200,61.11674731445312,-0.5717868804931641,0.19403553009033203,0.856055736541748
1696965655219761700,61.12676171875,1.1403589248657227,0.0032579898834228516,0.5710893273353577
1696965655229776000,61.13677587890625,0.07221794128417969,-0.09231507778167725,0.49239206314086914
1696965655239790000,61.1467900390625,-0.5871143341064453,0.27364516258239746,0.6381511688232422
1696965655249804000,61.156803955078125,0.49460601806640625,0.2657068967819214,0.64230877161026
1696965655259818200,61.166818359375,-0.22325897216796875,0.14797759056091309,0.3531436324119568
1696965655269832400,61.17683251953125,-1.134963035583496,0.30107927322387695,0.30740731954574585
1696965655279846400,61.186846435546876,-0.5252437591552734,0.028258442878723145,0.4793426990509033
1696965655289860600,61.19686059570312,-0.21286582946777344,0.24388504028320312,0.09955932199954987
1696965655299874600,61.20687451171875,-1.2921457290649414,0.1366022825241089,-0.014458417892456055
1696965655309888800,61.216888671875,0.43640899658203125,0.2882702350616455,0.01389436423778534
1696965655319903000,61.22690307617187,-2.039689540863037,0.3649711608886719,-0.16163238883018494
1696965655329917000,61.2369169921875,0.25904369354248047,0.39555811882019043,0.1216292679309845
1696965655339931100,61.24693115234375,-0.5869388580322266,0.2328331470489502,0.30346250534057617
1696965655349945300,61.2569453125,-0.3561983108520508,0.6638330221176147,0.08409257233142853
1696965655359959300,61.266959228515624,0.5575799942016602,0.12175190448760986,0.6109999418258667
1696965655369973500,61.27697338867188,-0.6573705673217773,0.3872154951095581,0.5521231293678284
1696965655379987700,61.28698779296875,1.203007698059082,0.5795941352844238,0.8629204034805298
1696965655390001700,61.297001708984375,-0.6346111297607422,0.268247127532959,0.6915619969367981
1696965655400016000,61.30701586914063,0.8575620651245117,0.4619523286819458,0.7224125862121582
1696965655410029800,61.31702978515625,0.20596027374267578,0.17924833297729492,0.6942421197891235
1696965655420044000,61.3270439453125,-0.6166810989379883,0.2752033472061157,0.5850531458854675
1696965655430058200,61.33705834960937,1.1913204193115234,0.6512144804000854,0.46481508016586304
1696965655440072200,61.347072265625,-0.5652322769165039,-0.03194379806518555,0.2270258218050003
1696965655450086400,61.35708642578125,0.9032020568847656,0.47064995765686035,0.2287006676197052
1696965655460100600,61.3671005859375,-0.35068607330322266,-0.19418096542358398,-0.018015146255493164
1696965655470114600,61.37711450195312,-0.21602916717529297,0.394429087638855,0.19679269194602966
1696965655480128800,61.387128662109376,1.3713092803955078,0.024017810821533203,0.24868525564670563
1696965655490143000,61.39714306640625,0.2501230239868164,0.6170687675476074,0.34809255599975586
1696965655500157000,61.407156982421874,0.5745058059692383,-0.03429305553436279,0.2247156798839569
1696965655510171100,61.41717114257813,0.13393688201904297,0.5253520011901855,0.3244563937187195
1696965655520185000,61.42718505859375,1.6483726501464844,0.28666532039642334,0.5132530927658081
1696965655530199300,61.43719921875,0.029840469360351562,0.6993288993835449,0.4305535554885864
1696965655540213500,61.44721362304688,0.39264583587646484,0.581238865852356,0.9134408235549927
1696965655550227500,61.4572275390625,0.7888240814208984,0.4745417833328247,0.22358585894107819
1696965655560241700,61.46724169921875,-0.8761758804321289,0.5737206935882568,0.5543996095657349
1696965655570256000,61.477255859375,1.0901308059692383,0.35733771324157715,0.4208734631538391
1696965655580269800,61.48726977539062,-1.1535186767578125,0.8927221298217773,0.4511037766933441
1696965655590284000,61.497283935546875,0.30646324157714844,0.2395240068435669,0.08809320628643036
1696965655600298000,61.50729809570313,-0.4202871322631836,0.26842010021209717,0.6558835506439209
1696965655610312200,61.51731225585937,-1.1172847747802734,1.178140640258789,0.07709813117980957
1696965655620326400,61.527326416015626,-0.5315093994140625,0.20942771434783936,0.1402803510427475
1696965655630340600,61.53734057617187,-1.2806615829467773,0.7362533807754517,0.19574783742427826
1696965655640354800,61.547354736328124,0.9156808853149414,0.12051606178283691,-0.04808211326599121
1696965655650369000,61.557369140625,-2.498427391052246,0.6093288660049438,-0.16161197423934937
1696965655660383200,61.56738330078125,1.1865959167480469,0.5160731077194214,0.31443366408348083
1696965655670397200,61.577397216796875,-0.5503320693969727,0.8474342823028564,0.1476365625858307
1696965655680411400,61.58741137695313,-1.2618446350097656,0.22135043144226074,0.2502520680427551
1696965655690425600,61.59742553710937,0.46649169921875,0.5410807132720947,0.12162549793720245
1696965655700439800,61.607439697265626,-0.6004667282104492,0.6505736112594604,0.5301872491836548
1696965655710454000,61.6174541015625,0.4569272994995117,0.31181418895721436,-0.10251736640930176
1696965655720468200,61.62746826171875,-0.4186697006225586,0.30561983585357666,0.48918062448501587
1696965655730482200,61.63748217773438,0.9393386840820312,0.47439146041870117,0.3963432312011719
1696965655740496400,61.64749633789062,-0.3050708770751953,0.5315712690353394,0.46685999631881714
1696965655750510600,61.657510498046875,0.22095489501953125,0.32805049419403076,-0.011615365743637085
1696965655760524800,61.66752490234375,-0.46721458435058594,0.2416011095046997,0.4277077913284302
1696965655770539000,61.6775390625,0.3174591064453125,0.6351337432861328,0.3959815204143524
1696965655780553200,61.68755322265625,0.9047937393188477,0.0854959487915039,0.14209158718585968
1696965655790567200,61.69756713867187,-1.0994815826416016,0.6610198020935059,0.41067269444465637
1696965655800581400,61.707581298828124,1.9137697219848633,0.7904536724090576,1.2218443155288696
1696965655810595600,61.717595703125,-0.4558382034301758,0.5520846843719482,0.4460892677307129
1696965655820609800,61.72760986328125,-0.5697364807128906,0.09512889385223389,1.0961896181106567
1696965655830624000,61.7376240234375,1.5202999114990234,0.9044712781906128,0.7534947991371155
1696965655840638200,61.74763818359375,-1.3743867874145508,0.1771230697631836,1.079085111618042
1696965655850652200,61.75765209960937,1.0180692672729492,0.7578105926513672,0.8242191076278687
1696965655860666400,61.767666259765626,-0.4844646453857422,0.7070454359054565,0.6963125467300415
1696965655870680600,61.7776806640625,-0.4644927978515625,0.6743952035903931,0.7104896306991577
1696965655880694800,61.78769482421875,-0.4105815887451172,-0.19481432437896729,-0.185835063457489
1696965655890709000,61.797708984375,-1.2554302215576172,0.7560322284698486,0.02517777681350708
1696965655900723200,61.80772314453125,0.37243175506591797,0.5069694519042969,-0.0014508813619613647
1696965655910737200,61.817737060546875,-0.373565673828125,0.6971454620361328,-0.6767383813858032
1696965655920751400,61.82775146484375,-1.7827329635620117,-0.41031861305236816,0.15087464451789856
1696965655930765600,61.837765625,1.4716863632202148,0.960700511932373,0.27611976861953735
1696965655940779800,61.84777978515625,-1.9581379890441895,0.47216880321502686,-0.3799307942390442
1696965655950794000,61.8577939453125,0.7942495346069336,0.6708667278289795,0.20307134091854095
1696965655960808200,61.86780810546875,0.3199443817138672,0.21423757076263428,0.266149640083313
1696965655970822400,61.87782250976562,-1.3630599975585938,0.44806087017059326,0.2307262420654297
1696965655980836400,61.88783642578125,1.9997014999389648,0.653974175453186,-0.15751317143440247
1696965655990850600,61.8978505859375,-1.05792236328125,0.582413911819458,0.9489419460296631
1696965656000864800,61.90786474609375,1.562851905822754,0.2854745388031006,0.8042712211608887
1696965656010879000,61.91787890625,-0.16997718811035156,0.3806161880493164,0.18520276248455048
1696965656020893200,61.92789306640625,0.1264352798461914,0.9989227056503296,0.43945473432540894
1696965656030907400,61.937907470703124,0.6428537368774414,-0.12687134742736816,0.26029884815216064
1696965656040921300,61.94792138671875,-0.9548215866088867,1.0330309867858887,0.06126411259174347
1696965656050935600,61.957935546875,0.32363414764404297,0.20802462100982666,0.3750528395175934
1696965656060949800,61.96794970703125,0.4284372329711914,0.8771474361419678,0.2408149540424347
1696965656070964000,61.9779638671875,-1.3407554626464844,0.10011148452758789,0.27761173248291016
1696965656080978200,61.98797827148437,0.6458520889282227,0.6729875802993774,-0.024554520845413208
1696965656090992400,61.997992431640625,-1.6157550811767578,0.6777260303497314,0.06345905363559723
1696965656101006300,62.00800634765625,0.9063854217529297,-0.09507572650909424,-0.1943223923444748
1696965656111020500,62.0180205078125,-2.182297706604004,1.0229008197784424,0.49349096417427063
1696965656121034800,62.02803466796875,1.946488380432129,0.6404826641082764,0.5325061082839966
1696965656131049000,62.03804907226562,-1.9424753189086914,0.5680111646652222,0.2901952266693115
1696965656141063200,62.048063232421875,0.5127792358398438,0.17965924739837646,0.6327986717224121
1696965656151077400,62.05807739257813,-0.3764524459838867,1.123436450958252,0.6441070437431335
1696965656161091300,62.06809130859375,-0.017995834350585938,0.14307057857513428,0.3399895429611206
1696965656171105500,62.07810546875,0.9764471054077148,0.13976192474365234,0.09221135079860687
1696965656181119700,62.08811962890625,-0.7798709869384766,0.1546473503112793,1.1315852403640747
1696965656191134000,62.098134033203124,2.5334625244140625,0.8355183601379395,1.1718698740005493
1696965656201148200,62.108148193359376,0.4104900360107422,0.22717392444610596,0.8257630467414856
1696965656211162400,62.11816235351562,0.4953575134277344,0.050757408142089844,0.632300853729248
1696965656221176300,62.12817626953125,-0.5330305099487305,0.16702568531036377,0.7882930040359497
1696965656231190500,62.1381904296875,1.8430194854736328,0.7374075651168823,0.05398936569690704
1696965656241204700,62.14820483398437,-0.8893260955810547,-0.4862431287765503,-0.0069736093282699585
1696965656251219000,62.158218994140626,0.44109249114990234,0.3304445743560791,-0.038705289363861084
1696965656261233200,62.16823315429688,1.4874353408813477,-0.08299612998962402,0.40247029066085815
1696965656271247400,62.178247314453124,-0.5610809326171875,0.9740173816680908,-0.23638275265693665
1696965656281261600,62.18826147460938,0.8074522018432617,-0.09116744995117188,-0.32694196701049805
1696965656291275500,62.19827563476562,0.16583633422851562,0.38689327239990234,0.38432803750038147
1696965656301289700,62.208289794921875,-0.8517999649047852,0.15274226665496826,0.5320852994918823
1696965656311304000,62.21830395507813,0.05850982666015625,0.7577552795410156,0.5804661512374878
1696965656321318100,62.22831811523437,0.7567253112792969,0.39353013038635254,0.9283202886581421
1696965656331332400,62.238332275390626,0.5546054840087891,0.527948260307312,1.1341623067855835
1696965656341346600,62.2483466796875,0.3528633117675781,0.6622219085693359,1.3873851299285889
1696965656351360500,62.258360595703124,0.43358516693115234,0.4135274887084961,0.9874540567398071
1696965656361374700,62.26837475585938,-1.8082528114318848,-0.10361647605895996,0.4346180558204651
1696965656371389000,62.27838891601562,-0.6951866149902344,0.360942006111145,0.7190530896186829
1696965656381403100,62.288403076171875,-0.25810813903808594,0.5374021530151367,0.3469592332839966
1696965656391417300,62.29841723632813,-1.5570859909057617,0.11823606491088867,0.2616754174232483
1696965656401431600,62.308431640625,0.27237987518310547,0.33271586894989014,0.4922846853733063
1696965656411445500,62.318445556640626,-0.5974531173706055,0.4039151668548584,0.5154722332954407
1696965656421459700,62.32845971679688,-0.11810588836669922,0.3837183713912964,0.0581061989068985
1696965656431474000,62.338473876953124,-0.12215042114257812,-0.04532599449157715,0.3185265064239502
1696965656441488100,62.34848803710938,0.3562297821044922,0.5891841650009155,0.2745775580406189
1696965656451502300,62.35850244140625,-0.7051725387573242,0.1980605125427246,0.7872546315193176
1696965656461516500,62.3685166015625,1.9391365051269531,1.1355172395706177,1.2750639915466309
1696965656471530500,62.37853051757813,-0.5259075164794922,-0.05943119525909424,0.838006854057312
1696965656481544700,62.38854467773437,-0.023206710815429688,0.8893542289733887,1.4171172380447388
1696965656491559000,62.398558837890626,-0.041762351989746094,0.9258855581283569,1.0082030296325684
1696965656501573000,62.40857299804688,-1.5183210372924805,0.4966810941696167,0.3984962999820709
1696965656511587300,62.41858740234375,-2.3031201362609863,0.2903653383255005,0.46929115056991577
1696965656521601500,62.4286015625,-0.2951650619506836,0.6962549686431885,0.5421273112297058
1696965656531615500,62.43861547851562,-2.650223731994629,0.7354446649551392,0.2191418558359146
1696965656541629700,62.448629638671875,-0.6036968231201172,0.23626923561096191,-0.14556004106998444
1696965656551644000,62.45864379882813,-1.9304003715515137,0.39090025424957275,0.2525758147239685
1696965656561658000,62.468658203125,-1.266718864440918,0.7960203886032104,0.4553464651107788
1696965656571672300,62.47867236328125,-0.3319540023803711,0.7090408802032471,0.15665991604328156
1696965656581686300,62.48868627929688,-2.802046775817871,0.3794015645980835,0.5960133671760559
1696965656591700500,62.498700439453124,0.23852825164794922,0.5146158933639526,0.386488139629364
1696965656601714700,62.50871459960938,-1.1863374710083008,0.48974645137786865,-0.025395706295967102
1696965656611728600,62.51872875976562,0.6316919326782227,0.3282935619354248,0.6443693041801453
1696965656621742800,62.528742919921875,1.2464027404785156,-0.09692275524139404,-0.31920868158340454
1696965656631756800,62.5387568359375,-0.7402009963989258,0.4734675884246826,0.29329973459243774
1696965656641771000,62.54877099609375,1.2823772430419922,0.3493589162826538,0.5689218044281006
1696965656651785200,62.55878515625,0.5481929779052734,0.30350208282470703,0.40927308797836304
1696965656661799200,62.56879907226563,-0.256805419921875,-0.08832788467407227,0.1237444281578064
1696965656671813400,62.5788134765625,1.2587108612060547,0.21805083751678467,0.07660359144210815
1696965656681827600,62.58882763671875,0.9591274261474609,0.6106117963790894,0.1365378201007843
1696965656691841500,62.59884155273438,1.3964452743530273,-0.37091314792633057,-0.16037070751190186
1696965656701855700,62.60885571289062,0.4756174087524414,0.43194639682769775,0.4326156973838806
1696965656711870000,62.618869873046876,2.505232810974121,-0.17898035049438477,0.555443286895752
1696965656721884000,62.6288837890625,0.0625753402709961,0.46060657501220703,0.6870178580284119
1696965656731898000,62.638898193359374,0.6020002365112305,0.02820897102355957,0.9010400772094727
1696965656741912000,62.648912109375,2.4836769104003906,0.4123133420944214,0.7536839842796326
1696965656751926300,62.65892626953125,-0.2699708938598633,0.025746941566467285,0.1443783938884735
1696965656761940500,62.6689404296875,1.8142156600952148,0.3038994073867798,1.1224027872085571
1696965656771954400,62.678954345703126,0.3479804992675781,0.4602159261703491,0.2317291796207428
1696965656781968600,62.68896875,0.26572704315185547,0.20162725448608398,0.21932198107242584
1696965656791982800,62.69898291015625,0.1364593505859375,0.40433740615844727,0.39551013708114624
1696965656801996800,62.70899682617188,-0.5376491546630859,0.2303459644317627,-0.22815296053886414
1696965656812011000,62.71901098632812,0.0321197509765625,0.6760770082473755,-0.5715750455856323
1696965656822025200,62.729025146484375,-0.8563413619995117,0.027070999145507812,0.03672876954078674
1696965656832039200,62.7390390625,1.0376253128051758,0.720058798789978,0.17698390781879425
1696965656842053400,62.74905346679687,0.1562185287475586,0.23767507076263428,0.9065853953361511
1696965656852067300,62.7590673828125,-0.10254383087158203,0.3735858201980591,0.9816341400146484
1696965656862081500,62.76908154296875,0.11268901824951172,0.607431173324585,1.0073835849761963
1696965656872095700,62.779095703125,0.8002004623413086,0.14461028575897217,1.1026467084884644
1696965656882109700,62.789109619140625,-1.184957504272461,0.004595279693603516,0.4371756315231323
1696965656892124000,62.7991240234375,0.021711349487304688,0.36671292781829834,0.7730658054351807
1696965656902138000,62.80913818359375,-0.2363443374633789,0.27403032779693604,0.8461911678314209
1696965656912152300,62.81915234375,0.45191478729248047,-0.24957263469696045,0.32760950922966003
1696965656922166300,62.82916625976563,-1.1786174774169922,0.22662508487701416,-0.3134688138961792
1696965656932180500,62.839180419921874,-1.6253070831298828,0.0863107442855835,0.48017168045043945
1696965656942194700,62.84919458007813,1.8525886535644531,-0.1502985954284668,0.06830625236034393
1696965656952209000,62.859208984375,-2.9208574295043945,-0.5077292919158936,-0.027516916394233704
1696965656962223000,62.86922314453125,0.3159608840942383,0.7162990570068359,0.8374863862991333
1696965656972237300,62.8792373046875,0.3490018844604492,-0.3921600580215454,0.817003607749939
1696965656982251300,62.88925122070312,-1.1530847549438477,0.22942733764648438,0.4668675661087036
1696965656992265500,62.899265380859376,-0.11332416534423828,-0.39046943187713623,0.9241753220558167
1696965657002279700,62.90927978515625,-0.30915260314941406,0.5340496301651001,1.3041669130325317
1696965657012294000,62.9192939453125,-0.1558847427368164,0.15719199180603027,0.5994868874549866
1696965657022308000,62.92930810546875,-0.17473697662353516,-0.2771986722946167,0.7651314735412598
1696965657032322300,62.939322265625,-0.7955617904663086,-0.2528812885284424,0.5926113724708557
1696965657042336500,62.94933642578125,-1.2477216720581055,-0.15600121021270752,0.5214729905128479
1696965657052350500,62.9593505859375,0.523432731628418,0.05979132652282715,-0.03803388774394989
1696965657062364700,62.96936474609375,-2.2010955810546875,-0.3181321620941162,0.24084745347499847
1696965657072379000,62.97937890625,0.6522274017333984,0.35975182056427,0.6313962936401367
1696965657082393000,62.98939306640625,-0.6196155548095703,0.0410151481628418,0.5504558682441711
1696965657092407300,62.9994072265625,-0.8712654113769531,-0.29896605014801025,0.27172479033470154
1696965657102421500,63.00942138671875,0.11603260040283203,0.05101513862609863,0.34715867042541504
1696965657112435500,63.019435546875,-0.5907964706420898,-0.6233969926834106,0.2321050763130188
1696965657122449700,63.02944970703125,0.6487874984741211,1.0584373474121094,0.6922541856765747
1696965657132463900,63.0394638671875,1.302781105041504,0.16032254695892334,0.6598800420761108
1696965657142478000,63.04947802734375,-1.5766611099243164,0.3844940662384033,0.15438054502010345
1696965657152492300,63.0594921875,2.1261215209960938,0.14940142631530762,0.44892194867134094
1696965657162506500,63.06950659179687,-0.7547626495361328,0.33578693866729736,0.27509695291519165
1696965657172520400,63.0795205078125,-0.5283336639404297,0.039634108543395996,0.4959371089935303
1696965657182534700,63.08953466796875,1.3131933212280273,0.06513071060180664,-0.05330115556716919
1696965657192548900,63.099548828125,-2.1825242042541504,0.4701054096221924,0.3910054564476013
1696965657202563000,63.10956298828125,1.9608850479125977,0.5215189456939697,0.6117430925369263
1696965657212577300,63.11957739257812,-0.5279073715209961,0.08154928684234619,0.15542905032634735
1696965657222591500,63.129591552734375,0.47649383544921875,-0.13887882232666016,0.517004132270813
1696965657232605400,63.13960546875,0.6434459686279297,0.2192096710205078,0.8814184665679932
1696965657242619600,63.14961962890625,0.5793275833129883,0.3352377414703369,0.5723968744277954
1696965657252633900,63.1596337890625,0.5162115097045898,0.37038564682006836,0.9678161144256592
1696965657262648000,63.16964794921875,0.23290061950683594,0.13519787788391113,0.9108303189277649
1696965657272662300,63.179662353515624,-0.011493682861328125,0.369134783744812,0.8489598035812378
1696965657282676500,63.18967651367188,0.8916702270507812,0.15295815467834473,0.6650331616401672
1696965657292690400,63.1996904296875,-0.7208547592163086,-0.07368612289428711,0.47326385974884033
1696965657302704600,63.20970458984375,0.5422525405883789,0.3347904682159424,0.9989402294158936
1696965657312718800,63.21971875,0.8276996612548828,-0.021040916442871094,0.5954915285110474
1696965657322733000,63.22973315429687,-1.0331315994262695,-0.008196830749511719,0.6742252111434937
1696965657332747300,63.239747314453126,0.827906608581543,0.33901286125183105,0.4182136058807373
1696965657342761500,63.24976147460937,-1.4865550994873047,0.07097136974334717,0.5661940574645996
1696965657352775700,63.259775634765624,0.733555793762207,0.273770809173584,0.4592496156692505
1696965657362789600,63.26978955078125,0.07766056060791016,-0.0710902214050293,0.5182952284812927
1696965657372803800,63.27980395507812,-0.3675861358642578,0.07670056819915771,0.3771720230579376
1696965657382818000,63.289818115234375,0.2117319107055664,-0.12483394145965576,0.8045485019683838
1696965657392832300,63.29983227539063,0.8654279708862305,0.54201340675354,0.2921922206878662
1696965657402846500,63.30984643554687,-1.2965288162231445,-0.3401225805282593,0.18783050775527954
1696965657412860700,63.319860595703126,0.7274637222290039,0.43998873233795166,0.47391146421432495
1696965657422874600,63.32987451171875,-0.6694812774658203,-0.19878995418548584,0.4383840560913086
1696965657432888800,63.339888916015624,-0.1285104751586914,-0.14075839519500732,0.4796629250049591
1696965657442903000,63.34990307617188,-0.4530029296875,0.04971003532409668,0.21079322695732117
1696965657452917200,63.35991723632812,0.321746826171875,-0.2238694429397583,0.2539549469947815
1696965657462931500,63.369931396484375,0.13949966430664062,0.16794037818908691,0.4899227023124695
1696965657472945700,63.37994555664063,0.39210033416748047,-0.06935513019561768,0.4227325916290283
1696965657482959600,63.389959716796874,-0.5599069595336914,-0.3316059112548828,0.40066826343536377
1696965657492973800,63.399973876953126,0.32517051696777344,0.04436337947845459,0.5840873122215271
1696965657502988000,63.40998803710937,0.028176307678222656,-0.10919511318206787,0.44747135043144226
1696965657513002200,63.420002197265624,0.42452049255371094,0.011483311653137207,0.0867830216884613
1696965657523016400,63.43001635742188,0.10807228088378906,-0.18447589874267578,0.22895875573158264
1696965657533030700,63.44003076171875,0.7244729995727539,-0.42856621742248535,0.8618730306625366
1696965657543044600,63.450044677734375,0.69403076171875,-0.1460583209991455,0.4356364905834198
1696965657553058800,63.46005883789063,0.6879100799560547,0.22395706176757812,0.3127560019493103
1696965657563073000,63.470072998046874,-0.17369937896728516,-0.47047626972198486,0.4773932099342346
1696965657573087200,63.480087158203126,0.7924365997314453,0.2451421022415161,0.8636600971221924
1696965657583101400,63.49010131835937,0.2984762191772461,0.07007801532745361,0.2151574194431305
1696965657593115600,63.50011572265625,-0.0026540756225585938,-0.5551978349685669,0.635937511920929
1696965657603129600,63.51012963867188,0.8673954010009766,0.19470727443695068,1.083510160446167
1696965657613143800,63.52014379882812,0.13487529754638672,-0.1943594217300415,0.8981765508651733
1696965657623158000,63.530157958984375,-0.8303041458129883,0.3762456178665161,0.6233606338500977
1696965657633172200,63.54017211914063,-0.4741172790527344,-0.04849433898925781,0.8998238444328308
1696965657643186400,63.5501865234375,-0.5966930389404297,0.18657326698303223,0.6386203765869141
1696965657653200600,63.56020068359375,-1.340219497680664,-0.1945793628692627,0.478520929813385
1696965657663214800,63.57021484375,-0.0939950942993164,0.08033120632171631,0.45140451192855835
1696965657673228800,63.580228759765625,-1.6891746520996094,0.15198731422424316,0.5343104600906372
1696965657683243000,63.59024291992188,0.006827354431152344,0.32337963581085205,0.6531360745429993
1696965657693257200,63.60025732421875,-1.1203746795654297,0.08918750286102295,0.7648712396621704
1696965657703271400,63.610271484375,0.08185291290283203,0.11786961555480957,0.5355663299560547
1696965657713285600,63.62028564453125,-1.1747007369995117,0.21964776515960693,0.6329677700996399
1696965657723299800,63.6302998046875,0.43839359283447266,0.09663033485412598,0.5863050818443298
1696965657733313800,63.640313720703126,-0.7952547073364258,-0.1308807134628296,0.5843943357467651
1696965657743328000,63.65032788085937,0.07141971588134766,0.5163891315460205,1.023668885231018
1696965657753342200,63.66034228515625,-0.9178552627563477,-0.026246190071105957,0.7312511205673218
1696965657763356400,63.6703564453125,-0.08445072174072266,0.29609835147857666,0.7329934239387512
1696965657773370600,63.68037060546875,-0.6481418609619141,-0.3403196334838867,0.4250856041908264
1696965657783384800,63.690384765625,0.08432292938232422,0.18290627002716064,0.5232742428779602
1696965657793398800,63.70039868164063,0.4852571487426758,-0.20296072959899902,0.059320807456970215
1696965657803413000,63.7104130859375,-0.6721954345703125,-0.08479440212249756,0.34134653210639954
1696965657813427200,63.72042724609375,0.5951433181762695,0.054751038551330566,0.42876049876213074
1696965657823441400,63.73044140625,0.053985595703125,-0.15414273738861084,0.2317056655883789
1696965657833455600,63.74045556640625,-0.8975896835327148,-0.02530491352081299,0.5967884063720703
1696965657843469800,63.7504697265625,2.3731393814086914,0.01915907859802246,0.6326682567596436
1696965657853483800,63.76048388671875,-0.5380344390869141,0.12659132480621338,0.6213947534561157
1696965657863498000,63.770498046875,1.9716815948486328,-0.031604647636413574,1.0798356533050537
1696965657873512200,63.78051220703125,0.4809598922729492,0.01204073429107666,0.6286872029304504
1696965657883526400,63.7905263671875,-0.5193405151367188,-0.14794933795928955,0.896513819694519
1696965657893540600,63.80054052734375,2.3107261657714844,0.10197067260742188,0.4043421745300293
1696965657903554800,63.810554931640624,-0.6430177688598633,-0.30902099609375,0.37560614943504333
1696965657913568800,63.82056884765625,1.0354862213134766,0.21619796752929688,0.7564914226531982
1696965657923583000,63.8305830078125,0.9664554595947266,-0.21389544010162354,0.7460290193557739
1696965657933597200,63.84059716796875,-0.1875743865966797,-0.11402642726898193,0.8074731826782227
1696965657943611400,63.850611328125,-0.14391136169433594,-0.14394891262054443,0.8931299448013306
1696965657953625600,63.86062548828125,0.5733242034912109,0.05515909194946289,0.2018798589706421
1696965657963639800,63.870639892578126,-2.1849288940429688,-0.14441227912902832,0.44623517990112305
1696965657973654000,63.88065405273438,1.4376506805419922,0.16439712047576904,0.283356249332428
1696965657983668000,63.89066796875,-2.808317184448242,-0.6092116832733154,0.3578922152519226
1696965657993682200,63.90068212890625,0.552617073059082,0.6654858589172363,0.9221378564834595
1696965658003696400,63.9106962890625,0.2700538635253906,0.189591646194458,0.6946204304695129
1696965658013710600,63.920710693359375,-1.1549367904663086,0.33405041694641113,0.46149107813835144
1696965658023724500,63.930724609375,0.07114219665527344,-0.31994152069091797,0.6653690338134766
1696965658033738800,63.94073876953125,-0.30658721923828125,0.32050931453704834,0.6103229522705078
1696965658043753000,63.9507529296875,-0.033995628356933594,-0.16401159763336182,0.4845082461833954
1696965658053767000,63.96076684570313,0.11904430389404297,0.5192775726318359,0.9867250323295593
1696965658063781000,63.97078100585937,-0.23082828521728516,-0.47211194038391113,0.9348949193954468
1696965658073795000,63.980795166015625,-0.3880882263183594,0.1932375431060791,0.5931552648544312
1696965658083809300,63.99080932617188,-0.34963130950927734,-0.17088258266448975,0.5319656133651733
1696965658093823500,64.00082348632813,0.10030841827392578,-0.23683559894561768,0.5139762163162231
1696965658103837400,64.01083740234375,0.008755683898925781,-0.2768622636795044,0.05822870135307312
1696965658113851600,64.0208515625,0.2620353698730469,-0.21838104724884033,0.5906262397766113
1696965658123865900,64.03086596679688,0.8678483963012695,-0.4401557445526123,0.3251018524169922
1696965658133879800,64.0408798828125,-0.2714662551879883,-0.04433846473693848,0.06764641404151917
1696965658143894000,64.05089404296875,0.5604667663574219,-0.22819793224334717,0.3850662410259247
1696965658153908200,64.060908203125,0.6025114059448242,-0.22550582885742188,0.6030306816101074
1696965658163922200,64.07092211914062,1.0356826782226562,-0.14316391944885254,0.4096461236476898
1696965658173936400,64.08093627929688,0.5271339416503906,-0.03595328330993652,1.2403619289398193
1696965658183950300,64.09095043945312,1.2330780029296875,0.06378233432769775,1.0886056423187256
1696965658193964500,64.10096459960937,0.026152610778808594,-0.14549195766448975,1.1605108976364136
1696965658203978800,64.11097875976563,0.13146400451660156,0.10597467422485352,0.7687575221061707
1696965658213992700,64.12099267578125,-1.455108642578125,-0.06466031074523926,0.8130329847335815
1696965658224007000,64.1310068359375,0.6796054840087891,-0.044580698013305664,0.3833118677139282
1696965658234021000,64.14102124023438,-1.2996931076049805,-0.017444610595703125,0.1129973828792572
1696965658244035000,64.15103515625,-1.0336723327636719,-0.031221747398376465,0.49000275135040283
1696965658254049300,64.16104931640625,-0.7917518615722656,-0.16297364234924316,0.4902723729610443
1696965658264063500,64.1710634765625,-0.5410537719726562,0.33714330196380615,0.49745872616767883
1696965658274077400,64.18107739257813,-2.0828895568847656,-0.1815803050994873,0.6203808784484863
1696965658284091600,64.19109155273438,0.11568260192871094,-0.05596482753753662,0.558195948600769
1696965658294105600,64.20110571289062,-2.010730266571045,0.18956208229064941,0.5746698379516602
1696965658304119800,64.21111987304687,-0.24741077423095703,0.3496602773666382,0.7668538093566895
1696965658314134000,64.22113403320313,-1.3885688781738281,0.18919456005096436,0.9957935214042664
1696965658324148200,64.23114819335937,-0.05229473114013672,0.44992852210998535,1.2287874221801758
1696965658334162200,64.241162109375,-0.2959108352661133,-0.2298741340637207,0.5862146615982056
1696965658344176400,64.25117626953126,0.01996612548828125,0.09288942813873291,1.0185847282409668
1696965658354190600,64.26119067382812,0.5642690658569336,-0.0004315376281738281,0.8029220700263977
1696965658364204800,64.27120483398437,-0.4168968200683594,0.30077457427978516,0.8070324659347534
1696965658374219000,64.28121899414063,1.0312223434448242,-0.14807331562042236,0.7823140621185303
1696965658384233200,64.29123315429688,-1.312657356262207,-0.2511545419692993,1.0599709749221802
1696965658394247200,64.3012470703125,1.4512567520141602,0.19926607608795166,0.9108696579933167
1696965658404261400,64.31126147460938,0.33491992950439453,-0.0222700834274292,0.730832576751709
1696965658414275600,64.32127563476563,0.007994651794433594,-0.4349992275238037,0.5928915739059448
1696965658424289800,64.33128979492187,1.4036588668823242,-0.24470770359039307,0.8756688237190247
1696965658434304000,64.34130395507813,0.35323238372802734,-0.1513310670852661,0.6112397909164429
1696965658444318200,64.35131811523438,0.3572206497192383,-0.318811297416687,0.23211374878883362
1696965658454332200,64.36133227539062,0.7192926406860352,-0.13474762439727783,0.7137119770050049
1696965658464346400,64.37134643554687,0.5600757598876953,-0.22663867473602295,0.8676049113273621
1696965658474360600,64.38136059570313,0.43905162811279297,0.07022058963775635,0.8316049575805664
1696965658484374800,64.39137475585937,0.6818580627441406,0.3327089548110962,1.341315507888794
1696965658494389000,64.40138891601562,1.3826160430908203,-0.5204473733901978,0.4626067280769348
1696965658504403200,64.4114033203125,-1.7505474090576172,0.3293837308883667,1.0387024879455566
1696965658514417200,64.42141723632812,2.9218759536743164,-0.3219417333602905,0.43511277437210083
1696965658524431400,64.43143139648437,-3.2101035118103027,0.04921233654022217,0.7070490717887878
1696965658534445600,64.44144555664063,2.539745330810547,-0.18877148628234863,0.8241938352584839
1696965658544459800,64.45145971679688,-1.9708399772644043,-0.003526449203491211,0.5383399128913879
1696965658554474000,64.46147387695312,0.6938838958740234,0.20099365711212158,0.724723756313324
1696965658564488200,64.47148828125,-0.4629936218261719,-0.2487947940826416,0.39144837856292725
1696965658574502400,64.48150244140625,-0.9024925231933594,0.3217521905899048,0.7270398139953613
1696965658584516400,64.49151635742187,-0.37438488006591797,-0.25343620777130127,0.8440008163452148
1696965658594530600,64.50153051757812,0.40497493743896484,-0.26475989818573,0.933351457118988
1696965658604544800,64.51154467773438,-1.3450927734375,0.13692796230316162,0.7162925601005554
1696965658614559000,64.52155908203125,1.094599723815918,0.32823967933654785,0.9146627187728882
1696965658624573200,64.5315732421875,-1.0822820663452148,-0.25768184661865234,0.9322310090065002
1696965658634587400,64.54158740234375,-0.1773853302001953,0.06915009021759033,1.2345895767211914
1696965658644601300,64.55160131835937,0.5586776733398438,-0.29860877990722656,0.27456969022750854
1696965658654615600,64.56161547851562,-1.8274669647216797,-0.3454301357269287,0.632416844367981
1696965658664629800,64.57162963867188,0.9049406051635742,-0.07605147361755371,0.2514896094799042
1696965658674644000,64.58164404296875,-1.1041250228881836,-0.29484689235687256,-0.21535860002040863
1696965658684658200,64.591658203125,-0.6146306991577148,-0.05370509624481201,0.4092741012573242
1696965658694672400,64.60167236328125,1.260483741760254,-0.3416457176208496,0.6084616184234619
1696965658704686300,64.61168627929688,-0.5826387405395508,-0.211539626121521,0.5744154453277588
1696965658714700500,64.62170043945312,0.8428659439086914,0.0722053050994873,0.8136826753616333
1696965658724714800,64.63171484375,0.5781536102294922,-0.27850341796875,0.7594313621520996
1696965658734729000,64.64172900390625,-0.8376951217651367,-0.28819096088409424,0.8420988917350769
1696965658744743200,64.6517431640625,1.5153579711914062,-0.13342773914337158,0.542750358581543
1696965658754757400,64.66175732421875,-1.2782983779907227,-0.3927955627441406,0.7061351537704468
1696965658764771300,64.67177124023438,1.983494758605957,0.0995473861694336,0.6970068216323853
1696965658774785500,64.68178564453125,-0.47647953033447266,-0.3264317512512207,0.45520922541618347
1696965658784799700,64.6917998046875,0.3797283172607422,-0.01614964008331299,1.0477813482284546
1696965658794814000,64.70181396484375,0.8241453170776367,0.057643771171569824,0.5257019996643066
1696965658804828200,64.711828125,-1.3664331436157227,-0.3550581932067871,0.6338448524475098
1696965658814842400,64.72184228515626,0.9214372634887695,0.16131269931793213,0.9905831217765808
1696965658824856300,64.73185620117188,0.05467700958251953,0.012331485748291016,0.5128083229064941
1696965658834870500,64.74187060546875,-1.0539865493774414,0.08324635028839111,0.5664702653884888
1696965658844884700,64.751884765625,1.3811063766479492,-0.19956302642822266,0.8653868436813354
1696965658854899000,64.76189892578125,-0.7339954376220703,-0.1227196455001831,0.8037327527999878
1696965658864913200,64.7719130859375,-0.18283462524414062,0.08409500122070312,0.7855415344238281
1696965658874927400,64.78192724609374,0.26232051849365234,0.08137989044189453,0.5054685473442078
1696965658884941600,64.79194165039063,-0.541071891784668,-0.11072194576263428,0.9529156684875488
1696965658894955500,64.80195556640625,-0.2100362777709961,-0.12055099010467529,0.218989759683609
1696965658904969700,64.8119697265625,-0.7493057250976562,-0.423301100730896,0.09157523512840271
1696965658914984000,64.82198388671875,-0.41284847259521484,0.05616748332977295,0.47448357939720154
1696965658924998100,64.831998046875,0.792628288269043,0.021418333053588867,0.5221296548843384
1696965658935012400,64.84201245117187,-0.7335109710693359,-0.1862093210220337,0.4534653425216675
1696965658945026600,64.85202661132813,0.7642459869384766,-0.13734424114227295,1.001064419746399
1696965658955040500,64.86204052734375,0.6862335205078125,-0.03968524932861328,0.7961267232894897
1696965658965054700,64.8720546875,-1.2505817413330078,0.08256363868713379,0.6203619241714478
1696965658975069000,64.88206884765626,1.8871288299560547,-0.18282008171081543,0.8065837025642395
1696965658985083100,64.89208325195312,-0.7926054000854492,0.08234071731567383,1.0763623714447021
1696965658995097300,64.90209741210937,0.3795309066772461,-0.11448407173156738,1.2474238872528076
1696965659005111600,64.91211157226563,0.08296775817871094,0.07119953632354736,1.1115577220916748
1696965659015125500,64.92212548828125,-0.8637266159057617,0.25358450412750244,0.7531447410583496
1696965659025139700,64.9321396484375,-0.3501119613647461,-0.05897665023803711,0.6153641939163208
1696965659035154000,64.94215380859374,-0.7126235961914062,0.012903571128845215,0.628387451171875
1696965659045168000,64.95216821289063,-0.7301559448242188,-0.5598157644271851,0.44735845923423767
1696965659055182300,64.96218237304687,0.43760013580322266,0.12981343269348145,0.7223832607269287
1696965659065196500,64.97219653320313,-1.3221139907836914,0.014465928077697754,0.8784813284873962
1696965659075210500,64.98221044921875,0.8644294738769531,-0.06343638896942139,0.8637747764587402
1696965659085224700,64.992224609375,-1.91373872756958,-0.04259920120239258,0.9214209318161011
1696965659095239000,65.00223901367187,0.885441780090332,0.16084349155426025,1.0622888803482056
1696965659105253000,65.01225317382813,-0.8798322677612305,-0.22572755813598633,0.12429556250572205
1696965659115267300,65.02226733398437,0.05812263488769531,0.08251190185546875,0.5991209745407104
1696965659125281500,65.03228149414062,1.582383155822754,-0.023067831993103027,0.7875635027885437
1696965659135295500,65.04229541015626,-0.23308181762695312,-0.16546666622161865,0.8229907751083374
1696965659145309700,65.05230981445312,0.7562170028686523,-0.3863813877105713,1.036766529083252
1696965659155324000,65.06232397460937,0.10431861877441406,0.11987566947937012,0.9844838380813599
1696965659165338000,65.07233813476563,0.2707042694091797,-0.06341707706451416,0.6312564611434937
1696965659175352300,65.08235229492188,0.05985069274902344,-0.6240766048431396,0.562701940536499
1696965659185366500,65.09236645507812,0.11179828643798828,-0.4337886571884155,0.01504892110824585
1696965659195380700,65.10238061523438,0.7714099884033203,-0.09641003608703613,0.4328826367855072
1696965659205394700,65.11239477539063,-0.7167282104492188,-0.10117232799530029,0.07281827926635742
1696965659215409000,65.12240893554687,1.4021196365356445,-0.2059539556503296,0.3216443359851837
1696965659225423000,65.13242309570313,-0.5982685089111328,-0.13811087608337402,0.31419655680656433
1696965659235437300,65.14243725585938,-0.33400917053222656,-0.5094959735870361,0.5357316136360168
1696965659245451500,65.15245141601562,1.186767578125,0.11604094505310059,0.4354291260242462
1696965659255465700,65.1624658203125,-0.6743803024291992,-0.08474159240722656,0.9893664121627808
1696965659265479700,65.17247973632813,1.515711784362793,0.13277173042297363,1.1212778091430664
1696965659275494000,65.18249389648437,-0.34131526947021484,0.09647071361541748,0.8733879327774048
1696965659285508000,65.19250805664062,-0.13529491424560547,-0.3269704580307007,0.5605939626693726
1696965659295522300,65.20252221679688,-0.4832296371459961,-0.02012765407562256,0.48140645027160645
1696965659305536500,65.21253662109375,-0.12402153015136719,0.27355754375457764,0.597680926322937
1696965659315550700,65.22255078125,-0.5055322647094727,-0.2991682291030884,0.501190185546875
1696965659325564700,65.23256469726563,-0.3422508239746094,0.20581114292144775,0.7128443121910095
1696965659335579000,65.24257885742188,0.24648380279541016,-0.5648685693740845,0.46405401825904846
1696965659345593000,65.25259301757812,-1.1207857131958008,0.45370161533355713,0.6822181344032288
1696965659355607300,65.26260717773438,0.1764383316040039,-0.2075972557067871,0.4046229422092438
1696965659365621500,65.27262158203125,-0.6361856460571289,-0.1948314905166626,0.18606963753700256
1696965659375635700,65.2826357421875,-0.7449760437011719,-0.16091632843017578,0.8182759284973145
1696965659385649700,65.29264965820313,0.5614833831787109,-0.11764442920684814,1.0623793601989746
1696965659395664000,65.30266381835938,0.10077571868896484,0.06286478042602539,0.8685390949249268
1696965659405678000,65.31267797851562,1.6154794692993164,-0.1334747076034546,0.9338110685348511
1696965659415692300,65.3226923828125,-0.23807525634765625,0.10150706768035889,0.6728093028068542
1696965659425706500,65.33270654296875,0.7561264038085938,-0.7197376489639282,0.1911628544330597
1696965659435720400,65.34272045898437,-1.534475326538086,-0.24659669399261475,0.6358057260513306
1696965659445734700,65.35273461914062,1.5847244262695312,-0.13778400421142578,1.2285141944885254
1696965659455748600,65.36274853515626,-0.4020071029663086,-0.23253107070922852,0.8998671770095825
1696965659465762800,65.3727626953125,1.056239128112793,-0.22048115730285645,0.9230587482452393
1696965659475777000,65.38277709960937,0.2657356262207031,-0.42536795139312744,0.5208628177642822
1696965659485791000,65.392791015625,-0.9389934539794922,-0.08671331405639648,0.5776293277740479
1696965659495805200,65.40280517578125,1.223362922668457,-0.2778177261352539,0.378676176071167
1696965659505819400,65.4128193359375,-1.6027946472167969,-0.4905327558517456,0.7106239199638367
1696965659515833300,65.42283325195312,1.9224767684936523,-0.1932142972946167,0.34948858618736267
1696965659525847600,65.43284765625,-1.2010889053344727,-0.31989848613739014,0.6022391319274902
1696965659535861800,65.44286181640625,1.0377445220947266,0.1595519781112671,0.836276650428772
1696965659545875700,65.45287573242187,0.32960033416748047,-0.35440754890441895,0.8556807041168213
1696965659555890000,65.46288989257812,-0.4121694564819336,0.168656587600708,0.9731894731521606
1696965659565904000,65.47290380859376,-0.1280355453491211,-0.1352781057357788,0.9320305585861206
1696965659575918000,65.48291796875,-0.18510150909423828,-0.1643366813659668,0.8525533676147461
1696965659585932300,65.49293237304687,-0.9771003723144531,-0.14103209972381592,0.5269992351531982
1696965659595946200,65.5029462890625,1.0322790145874023,0.0659627914428711,0.6562113165855408
1696965659605960400,65.51296044921875,-0.1832742691040039,-0.09362959861755371,0.2519662380218506
1696965659615974700,65.522974609375,-0.6081552505493164,-0.03581130504608154,0.5325452089309692
1696965659625988600,65.53298852539062,0.1297750473022461,0.06696450710296631,1.1078592538833618
1696965659636002800,65.5430029296875,-0.678034782409668,0.10774886608123779,0.8466209173202515
1696965659646017000,65.55301708984375,-1.006178855895996,-0.13569140434265137,0.6438052654266357
1696965659656031000,65.56303100585937,-0.2724637985229492,-0.025731921195983887,1.0683649778366089
1696965659666045200,65.57304516601563,-0.2910308837890625,-0.13058555126190186,0.7624387741088867
1696965659676059100,65.58305908203126,0.6270933151245117,-0.0012118816375732422,0.6502982378005981
1696965659686073300,65.5930732421875,0.458251953125,0.036944031715393066,0.3720915615558624
1696965659696087600,65.60308764648437,0.7772111892700195,-0.2977478504180908,0.64620041847229
1696965659706101500,65.6131015625,0.3211812973022461,-0.3825894594192505,0.5972027778625488
1696965659716115700,65.62311572265625,-0.0283660888671875,-0.12997782230377197,0.3939170837402344
1696965659726130000,65.6331298828125,0.5686054229736328,-0.33263587951660156,0.6195909380912781
1696965659736144000,65.64314379882812,0.9022951126098633,-0.23971021175384521,0.884777843952179
1696965659746158000,65.65315795898438,0.59405517578125,-0.24896860122680664,0.28999945521354675
1696965659756172300,65.66317236328125,-0.257354736328125,-0.3765956163406372,0.45375776290893555
1696965659766186500,65.6731865234375,0.8807659149169922,-0.2277970314025879,0.31787633895874023
1696965659776200700,65.68320068359375,0.004862785339355469,-0.11301076412200928,0.1253698468208313
1696965659786214700,65.69321459960938,1.0372562408447266,-0.7535983324050903,0.03243207931518555
1696965659796228900,65.70322875976562,-0.746455192565918,-0.44371140003204346,0.6800730228424072
1696965659806243000,65.7132431640625,0.8085432052612305,0.34114885330200195,0.846595287322998
1696965659816257300,65.72325732421875,-1.012923240661621,0.017348408699035645,1.0127947330474854
1696965659826271500,65.733271484375,1.0443906784057617,0.28076744079589844,0.9215375185012817
1696965659836285700,65.74328564453126,-1.7238855361938477,-0.46407198905944824,0.8604975938796997
1696965659846299600,65.75329956054688,0.7314882278442383,0.06056177616119385,1.0244314670562744
1696965659856313900,65.76331396484375,-0.6599216461181641,-0.2626814842224121,0.9248893857002258
1696965659866328000,65.773328125,-0.7826290130615234,0.04898941516876221,1.1004687547683716
1696965659876342300,65.78334228515625,-0.4603290557861328,0.07544493675231934,0.6389188766479492
1696965659886356500,65.7933564453125,-0.4592628479003906,-0.13587546348571777,0.3658702075481415
1696965659896370700,65.80337060546876,-2.2738547325134277,-0.1464366912841797,0.31574249267578125
1696965659906385000,65.81338500976562,-0.2042245864868164,0.06720757484436035,0.804692804813385
1696965659916398800,65.82339892578125,-1.0398950576782227,-0.2019110918045044,0.8667294979095459
1696965659926413000,65.8334130859375,-0.0056285858154296875,-0.0209503173828125,1.1132326126098633
1696965659936427300,65.84342724609375,0.21409225463867188,-0.36965906620025635,0.917305588722229
1696965659946441500,65.85344140625,-1.0338363647460938,0.033332109451293945,0.8953309655189514
1696965659956455700,65.86345556640624,1.7872533798217773,0.005468130111694336,0.09004157781600952
1696965659966470000,65.87346997070313,-1.3801994323730469,-0.29088401794433594,0.20642605423927307
1696965659976483800,65.88348388671875,0.3041963577270508,-0.43822741508483887,0.8628621101379395
1696965659986498000,65.893498046875,2.2487525939941406,-0.23494219779968262,1.0248780250549316
1696965659996512300,65.90351220703126,-0.9350805282592773,-0.03250586986541748,1.0225260257720947
1696965660006526500,65.9135263671875,2.7463788986206055,-0.32947564125061035,1.0785586833953857
1696965660016540700,65.92354077148437,0.5368709564208984,0.1681363582611084,0.3435140550136566
1696965660026555000,65.93355493164063,-0.40624523162841797,-0.8808547258377075,0.3345140814781189
1696965660036568800,65.94356884765625,1.257904052734375,-0.46892035007476807,0.7198711037635803
1696965660046583000,65.9535830078125,-0.6182403564453125,-0.09780275821685791,0.4718010723590851
1696965660056597200,65.96359716796874,1.3043231964111328,-0.6895452737808228,0.5288451910018921
1696965660066611500,65.97361157226563,-0.017050743103027344,-0.29686951637268066,0.38001009821891785
1696965660076625700,65.98362573242187,0.22199249267578125,-0.1679544448852539,0.06105765700340271
1696965660086639900,65.99363989257813,-0.1982870101928711,-0.41549158096313477,0.5302170515060425
1696965660096653800,66.00365380859375,0.46190929412841797,-0.18216216564178467,0.45973286032676697
1696965660106668000,66.01366796875,-1.0914058685302734,0.07149815559387207,0.954625129699707
1696965660116682200,66.02368212890624,2.108013153076172,0.13548779487609863,0.8500643372535706
1696965660126696400,66.03369653320313,-2.235164165496826,-0.06473469734191895,0.2887449860572815
1696965660136710700,66.04371069335937,0.7657241821289062,-0.5781795978546143,0.4443151652812958
1696965660146724900,66.05372485351562,-0.7927675247192383,-0.19834959506988525,0.31977900862693787
1696965660156738800,66.06373876953126,-0.3422870635986328,0.37140464782714844,0.8079042434692383
1696965660166753000,66.0737529296875,1.2980279922485352,-0.39157378673553467,0.5020853281021118
1696965660176767200,66.08376733398437,-2.026210308074951,-0.05785012245178223,1.066840648651123
1696965660186781400,66.09378149414063,0.34830474853515625,-0.20435607433319092,1.1481447219848633
1696965660196795600,66.10379565429687,0.36186695098876953,0.12761640548706055,0.4809871315956116
1696965660206809900,66.11380981445312,-1.1065340042114258,-1.0541819334030151,0.6697887182235718
1696965660216824000,66.12382397460938,0.17702674865722656,-0.06296658515930176,0.9424214363098145
1696965660226838000,66.13383813476563,0.33371734619140625,-0.14075791835784912,1.2995525598526
1696965660236852200,66.14385229492187,1.2026786804199219,-0.6298847198486328,0.4385218322277069
1696965660246866400,66.15386645507813,-2.2408809661865234,-0.4139740467071533,0.8054706454277039
1696965660256880600,66.16388061523438,2.743316650390625,-0.4370352029800415,0.6976051926612854
1696965660266894800,66.17389477539062,-2.562023162841797,-0.5499923229217529,0.5337954759597778
1696965660276909000,66.18390893554688,2.5135107040405273,-0.009292244911193848,0.8515350818634033
1696965660286923000,66.19392309570313,-0.34898853302001953,-0.7804415225982666,0.7823480367660522
1696965660296937200,66.20393725585937,-0.592402458190918,-0.08114171028137207,0.7769451141357422
1696965660306951400,66.21395141601562,1.4884223937988281,-0.44864630699157715,0.4651297926902771
1696965660316965600,66.22396557617188,-1.3532381057739258,-0.43302369117736816,0.46312692761421204
1696965660326979800,66.23397973632812,0.6238307952880859,-0.7134287357330322,0.7811537384986877
1696965660336994000,66.243994140625,0.6803665161132812,-0.2350527048110962,0.6173768043518066
1696965660347008000,66.25400805664063,-0.26694393157958984,-0.45256590843200684,0.7750400304794312
1696965660357022200,66.26402221679687,0.09758472442626953,-0.15011584758758545,0.7843840718269348
1696965660367036400,66.27403637695312,-0.0026903152465820312,-0.28134167194366455,0.6936616897583008
1696965660377050600,66.28405053710938,0.6812906265258789,-0.53336501121521,0.2451433539390564
1696965660387064800,66.29406494140625,-0.6099672317504883,-0.0917978286743164,0.6725980639457703
1696965660397079000,66.3040791015625,0.7298173904418945,-0.508772611618042,0.816336989402771
1696965660407093000,66.31409301757813,-1.177931785583496,-0.31265830993652344,0.7537752389907837
1696965660417107200,66.32410717773438,1.1710872650146484,0.21058368682861328,0.6264314651489258
1696965660427121400,66.33412133789062,-0.9811916351318359,-0.31795787811279297,0.8009887337684631
1696965660437135600,66.34413549804688,0.2057046890258789,-0.1843944787979126,0.5535943508148193
1696965660447149800,66.35414990234375,-1.2371902465820312,-0.844826340675354,0.4646459221839905
1696965660457164000,66.3641640625,0.19426536560058594,0.26039981842041016,0.9678779244422913
1696965660467178000,66.37417797851562,0.7151346206665039,-0.29840826988220215,0.7688040733337402
1696965660477192200,66.38419213867188,-1.1171083450317383,-0.7895524501800537,0.23758450150489807
1696965660487206400,66.39420629882812,-0.37823009490966797,-0.06580400466918945,1.1224446296691895
1696965660497220600,66.404220703125,0.8745241165161133,-0.5236796140670776,0.6598620414733887
1696965660507234800,66.41423486328125,-0.47985076904296875,-0.4247608184814453,0.24198266863822937
1696965660517249000,66.4242490234375,0.3957509994506836,-0.34449827671051025,0.8701134920120239
1696965660527263200,66.43426318359376,0.5146064758300781,-0.29945409297943115,1.0258885622024536
1696965660537277200,66.44427709960938,-0.5241127014160156,-0.5831204652786255,1.1622684001922607
1696965660547291400,66.45429150390625,1.9956121444702148,-0.25762152671813965,0.5202023983001709
1696965660557305600,66.4643056640625,-2.4147086143493652,-0.11822569370269775,0.9315402507781982
1696965660567319800,66.47431982421875,2.2683944702148438,-0.8792911767959595,0.519080400466919
1696965660577334000,66.484333984375,-1.5302009582519531,-0.558509349822998,0.0213528573513031
1696965660587348200,66.49434814453124,0.25989627838134766,-0.634734034538269,0.3631865084171295
1696965660597362200,66.50436206054688,0.6808452606201172,-0.268337607383728,0.44915759563446045
1696965660607376400,66.51437646484375,-1.036722183227539,-0.9153989553451538,0.11963742971420288
1696965660617390600,66.524390625,0.09424018859863281,-0.7159006595611572,0.1441294550895691
1696965660627404800,66.53440478515626,-0.22112464904785156,0.24192070960998535,0.9775104522705078
1696965660637419000,66.5444189453125,0.07621192932128906,-1.0806728601455688,0.4255053699016571
1696965660647433200,66.55443310546875,-0.7457208633422852,0.4363284111022949,0.5264776349067688
1696965660657447200,66.564447265625,0.7760515213012695,-1.4390329122543335,0.29479584097862244
1696965660667461400,66.57446142578125,-1.858123779296875,0.24285924434661865,1.0367287397384644
1696965660677475600,66.5844755859375,2.661423683166504,-0.7409236431121826,0.7288490533828735
1696965660687489800,66.59448974609376,-1.8785624504089355,-0.14311134815216064,0.8675023913383484
1696965660697504000,66.60450390625,0.9156627655029297,-0.35274529457092285,1.2432000637054443
1696965660707518200,66.61451831054687,0.06370258331298828,-0.7903207540512085,0.8513959646224976
1696965660717532200,66.6245322265625,-2.092251777648926,-0.04818141460418701,0.8304691910743713
1696965660727546400,66.63454638671875,2.0558786392211914,-0.5957400798797607,0.7984851598739624
1696965660737560600,66.644560546875,-1.4515399932861328,-0.5460749864578247,0.9828641414642334
1696965660747574800,66.65457470703124,1.1030750274658203,-0.9303385019302368,0.6453728675842285
1696965660757589000,66.66458911132813,0.049658775329589844,-0.12602293491363525,0.9585839509963989
1696965660767603200,66.67460327148437,0.09673023223876953,-0.37395811080932617,1.2143876552581787
1696965660777617200,66.6846171875,1.0140933990478516,-0.8051878213882446,1.0549492835998535
1696965660787631400,66.69463134765626,-0.522669792175293,-0.31476783752441406,1.0719079971313477
1696965660797645600,66.7046455078125,0.4773569107055664,-0.7526915073394775,1.349770188331604
1696965660807659800,66.71465966796875,0.2511577606201172,-0.17757463455200195,0.7771587371826172
1696965660817674000,66.72467407226563,-0.3373270034790039,-0.8932440280914307,0.6159462332725525
1696965660827688200,66.73468823242187,0.49977970123291016,-0.38425207138061523,0.8682770729064941
1696965660837702400,66.74470239257812,0.1973285675048828,-0.5510978698730469,0.4213106036186218
1696965660847716400,66.75471630859376,-0.4385509490966797,-1.0612722635269165,0.6553593873977661
1696965660857730600,66.76473046875,0.5661001205444336,-0.49016308784484863,0.3875371813774109
1696965660867744800,66.77474487304687,-0.7491111755371094,-0.8350948095321655,0.3607884645462036
1696965660877759000,66.78475903320313,0.4236745834350586,-0.41645586490631104,0.6714768409729004
1696965660887773200,66.79477319335938,0.016999244689941406,-0.5046627521514893,0.5629974603652954
1696965660897787400,66.80478735351562,0.041019439697265625,-0.6084913015365601,0.8878117799758911
1696965660907801300,66.81480126953124,0.8394899368286133,-0.5566434860229492,1.2272007465362549
1696965660917815600,66.82481567382813,-0.33780956268310547,-0.509619951248169,1.1125997304916382
1696965660927829800,66.83482983398437,-0.0024089813232421875,-0.6244990825653076,0.6455161571502686
1696965660937844000,66.84484399414063,-1.182175636291504,-0.2570979595184326,1.2690120935440063
1696965660947858200,66.85485815429688,1.4487085342407227,-0.5132327079772949,1.0328025817871094
1696965660957872400,66.86487231445312,-2.3723745346069336,-0.44170892238616943,0.6537196636199951
1696965660967886300,66.87488623046875,0.6864233016967773,-0.3674170970916748,0.9272212982177734
1696965660977900500,66.88490063476563,-0.8055143356323242,-0.6259310245513916,1.0427682399749756
1696965660987914800,66.89491479492187,-1.2295656204223633,-0.21800518035888672,0.953141987323761
1696965660997929000,66.90492895507812,1.110276222229004,-0.48960304260253906,1.17750084400177
1696965661007943200,66.91494311523438,-1.391709327697754,-0.93369460105896,0.9344984292984009
1696965661017957400,66.92495727539062,0.2884969711303711,-0.4207189083099365,0.9426191449165344
1696965661027971300,66.93497143554687,0.43603515625,-0.7934248447418213,1.0510718822479248
1696965661037985500,66.94498559570313,-0.24839496612548828,-0.6855273246765137,1.1072607040405273
1696965661047999700,66.95499975585938,0.664729118347168,-0.8549360036849976,1.1452592611312866
1696965661058014000,66.96501391601562,0.9690084457397461,-0.49010753631591797,1.3860204219818115
1696965661068028200,66.97502807617188,0.49851417541503906,-0.38052356243133545,1.2483458518981934
1696965661078042400,66.98504248046875,0.936711311340332,-0.7377516031265259,1.047892451286316
1696965661088056300,66.99505639648437,-1.296635627746582,-0.7737107276916504,0.6804124712944031
1696965661098070500,67.00507055664062,0.08248424530029297,-0.506213903427124,0.531258225440979
1696965661108084700,67.01508471679688,1.1914558410644531,-0.7612794637680054,0.7837218046188354
1696965661118099000,67.02509887695312,-0.2110004425048828,-0.652489423751831,0.7097139358520508
1696965661128113200,67.03511303710937,0.5925283432006836,-0.6233148574829102,0.9094712734222412
1696965661138127400,67.04512744140625,0.3861837387084961,-0.43396127223968506,1.1061162948608398
1696965661148141600,67.0551416015625,-0.6225175857543945,-0.6513381004333496,0.9727261066436768
1696965661158155800,67.06515576171876,0.09581184387207031,-0.6740281581878662,0.8676326274871826
1696965661168170000,67.075169921875,-0.13298320770263672,-0.7676891088485718,0.8968961238861084
1696965661178184200,67.08518408203125,0.5556440353393555,-0.4947540760040283,0.8246868252754211
1696965661188198400,67.09519848632813,-0.3959360122680664,-0.6085035800933838,0.7314647436141968
1696965661198212600,67.10521264648438,-0.17967891693115234,-0.5795736312866211,0.5287164449691772
1696965661208226800,67.11522680664062,0.3850088119506836,-0.38479721546173096,0.8588035106658936
1696965661218241000,67.12524096679688,0.021353721618652344,-0.5728968381881714,0.8886741995811462
1696965661228255200,67.13525512695313,-1.2972211837768555,-0.44068074226379395,1.2210787534713745
1696965661238269400,67.14526953125,0.6075286865234375,-0.030808448791503906,1.4399046897888184
1696965661248283600,67.15528369140625,0.20971107482910156,-0.7375189065933228,0.705935001373291
1696965661258297900,67.1652978515625,-1.2866363525390625,-0.29455745220184326,1.0443270206451416
1696965661268312000,67.17531201171874,1.956049919128418,-0.6024199724197388,0.9761033058166504
1696965661278326300,67.185326171875,-0.8628368377685547,-0.7443575859069824,1.2547709941864014
1696965661288340500,67.19534057617187,0.8587570190429688,-0.8042553663253784,1.2833471298217773
1696965661298354700,67.20535473632812,-0.3425731658935547,-0.40073442459106445,0.9955614805221558
1696965661308369000,67.21536889648438,0.039897918701171875,-0.3146781921386719,1.1381314992904663
1696965661318383000,67.22538305664062,-0.03646373748779297,-1.1140601634979248,1.1518080234527588
1696965661328397300,67.23539721679687,0.3931140899658203,-0.5848211050033569,0.46461427211761475
1696965661338411800,67.24541186523437,-0.18085765838623047,-0.3802361488342285,0.6096278429031372
1696965661348426000,67.25542602539062,-0.08964824676513672,-0.9143494367599487,0.5653585195541382
1696965661358440200,67.26544018554688,-0.1467266082763672,-0.4833064079284668,0.27055007219314575
1696965661368454400,67.27545434570312,-0.2941093444824219,-1.3487361669540405,-0.009727776050567627
1696965661378468600,67.28546850585937,-0.6990423202514648,-0.24796998500823975,0.4636491537094116
1696965661388482800,67.29548291015625,1.0137100219726562,-0.7058932781219482,0.3306283950805664
1696965661398497000,67.3054970703125,-0.6269083023071289,-0.5231305360794067,0.6839258074760437
1696965661408511200,67.31551123046874,1.0662288665771484,-0.3611416816711426,0.835229218006134
1696965661418525400,67.325525390625,0.30953121185302734,-0.29041779041290283,0.6181311011314392
1696965661428539600,67.33553955078125,-0.3602294921875,-0.4741394519805908,1.1122243404388428
1696965661438553900,67.34555395507813,1.423330307006836,-0.5704494714736938,0.8068726658821106
1696965661448568000,67.35556811523438,-1.6045598983764648,-0.458215594291687,1.1561148166656494
1696965661458582300,67.36558227539062,1.270838737487793,-0.4720480442047119,1.2317280769348145
1696965661468596500,67.37559643554688,0.8762702941894531,-0.5386898517608643,0.642777681350708
1696965661478610700,67.38561059570313,-0.45917415618896484,-0.9003040790557861,0.5484150648117065
1696965661488625000,67.395625,0.19681835174560547,-0.27312183380126953,0.7581689953804016
1696965661498639000,67.40563916015626,0.5929403305053711,-0.6937940120697021,1.06484055519104
1696965661508653300,67.4156533203125,-0.5598697662353516,-0.7327337265014648,0.7559865117073059
1696965661518667500,67.42566748046875,1.2667102813720703,-0.8394614458084106,0.7521476149559021
1696965661528681700,67.435681640625,0.3851194381713867,-0.34984397888183594,0.9196768403053284
1696965661538696000,67.44569604492187,-0.3420391082763672,-0.8271380662918091,0.9816375970840454
1696965661548710100,67.45571020507812,2.2487974166870117,-0.4054596424102783,0.7175092101097107
1696965661558724400,67.46572436523438,-1.807812213897705,-1.0812666416168213,0.7195653915405273
1696965661568738600,67.47573852539062,1.2403030395507812,-0.046446919441223145,1.504439353942871
1696965661578752800,67.48575268554687,1.1232337951660156,-0.5893344879150391,1.054530382156372
1696965661588767000,67.49576708984375,-1.2922544479370117,-0.28357386589050293,1.264577865600586
1696965661598781000,67.50578100585938,1.2771100997924805,-0.9329235553741455,1.8475159406661987
1696965661608795100,67.51579516601562,-0.8092575073242188,0.08628594875335693,1.257493019104004
1696965661618809300,67.52580932617188,-0.02382183074951172,-0.6299221515655518,0.6601640582084656
1696965661628823600,67.53582348632813,-1.7576379776000977,-0.5385860204696655,0.9552789926528931
1696965661638837800,67.54583764648437,0.5826883316040039,-0.60986328125,1.1786346435546875
1696965661648852000,67.55585205078125,-1.0093088150024414,-1.0800050497055054,0.3413125276565552
1696965661658866000,67.56586596679688,-1.527876853942871,-0.23821258544921875,1.0771404504776
1696965661668880100,67.57588012695312,1.4867610931396484,-0.5943461656570435,0.8087798357009888
1696965661678894300,67.58589428710937,-2.702542781829834,-0.6407663822174072,0.32855725288391113
1696965661688908500,67.59590844726563,0.7733345031738281,-0.48746657371520996,0.6073941588401794
1696965661698922800,67.6059228515625,-1.3733282089233398,-0.3690609931945801,0.41615378856658936
1696965661708937000,67.61593701171876,-0.8538990020751953,-0.5467031002044678,0.7585497498512268
1696965661718951000,67.62595092773438,1.3277311325073242,-0.5380271673202515,0.7721841931343079
1696965661728965000,67.63596508789063,-1.2697820663452148,-0.37321341037750244,0.8247527480125427
1696965661738979300,67.64597924804687,1.7294416427612305,-0.01078176498413086,1.083716630935669
1696965661748993500,67.65599365234375,-0.5726079940795898,-0.8867034912109375,1.066991925239563
1696965661759007700,67.6660078125,-0.17009639739990234,0.09377694129943848,1.018615961074829
1696965661769022000,67.67602197265624,1.0681514739990234,-0.43404698371887207,1.3493701219558716
1696965661779036000,67.68603588867188,-0.10980796813964844,-0.2571084499359131,1.68253755569458
1696965661789050000,67.69605004882813,1.4667549133300781,-0.9960949420928955,0.8556879758834839
1696965661799064300,67.70606420898437,-0.581787109375,-0.29013359546661377,0.8117372393608093
1696965661809078500,67.71607861328125,1.2257490158081055,-0.31049036979675293,1.2625889778137207
1696965661819092700,67.7260927734375,0.03761768341064453,-0.9305437803268433,0.7279463410377502
1696965661829107000,67.73610693359375,-1.042536735534668,-0.6120665073394775,1.2741003036499023
1696965661839121200,67.74612109375,2.7970352172851562,-0.5381046533584595,1.1388441324234009
1696965661849135000,67.75613500976563,-1.132624626159668,-0.8783941268920898,0.9247781038284302
1696965661859149300,67.7661494140625,1.2685985565185547,-0.3738553524017334,1.2015780210494995
1696965661869163500,67.77616357421876,0.23390960693359375,-0.4674060344696045,0.48119020462036133
1696965661879177700,67.786177734375,-1.0092697143554688,-0.33425116539001465,0.7844651341438293
1696965661889192000,67.79619189453125,2.3336429595947266,-0.7172646522521973,0.5823931694030762
1696965661899206100,67.8062060546875,-1.3415422439575195,-0.5866842269897461,0.37384891510009766
1696965661909220000,67.81622021484375,0.07145309448242188,-0.8884074687957764,0.736932635307312
1696965661919234300,67.826234375,0.5831613540649414,-0.19258332252502441,1.0952785015106201
1696965661929248500,67.83624853515624,-0.27352142333984375,-0.3887094259262085,0.6274275183677673
1696965661939262700,67.8462626953125,-0.5971364974975586,-0.586229681968689,0.9947224259376526
1696965661949277000,67.85627685546875,-0.21811294555664062,-0.42248451709747314,0.844688355922699
1696965661959291100,67.866291015625,-1.5838651657104492,-0.6635916233062744,0.7903158068656921
1696965661969305000,67.87630517578125,-0.3756570816040039,-0.37385785579681396,0.8625122904777527
1696965661979319300,67.8863193359375,0.14617538452148438,-0.3317984342575073,0.6403042674064636
1696965661989333500,67.89633349609375,-0.5994100570678711,-0.4179377555847168,0.9232702851295471
1696965661999347700,67.90634765625,-1.1043119430541992,-0.3599780797958374,1.0198556184768677
1696965662009362000,67.91636181640625,0.5368757247924805,-0.4332311153411865,1.304922103881836
1696965662019376000,67.92637622070312,-1.0506305694580078,-0.7026772499084473,0.87639319896698
1696965662029390000,67.93639013671876,0.3276491165161133,0.005645155906677246,1.4005987644195557
1696965662039404300,67.946404296875,0.5465536117553711,-0.8518028259277344,0.8010266423225403
1696965662049418500,67.95641845703125,-0.9460315704345703,-0.25547122955322266,0.7835663557052612
1696965662059432700,67.9664326171875,1.3497390747070312,-0.6588300466537476,1.0036368370056152
1696965662069447000,67.97644702148438,-1.1813926696777344,-0.5595465898513794,0.6346695423126221
1696965662079461000,67.98646118164062,0.8230352401733398,-0.5768387317657471,0.6965887546539307
1696965662089475000,67.99647509765624,-0.3489542007446289,-0.6943997144699097,1.3748388290405273
1696965662099489300,68.0064892578125,0.9747791290283203,-0.4923030138015747,1.3792818784713745
1696965662109503500,68.01650341796875,0.4421863555908203,-0.8868352174758911,0.8878253698348999
1696965662119517700,68.026517578125,-0.810664176940918,-0.616913914680481,1.2532975673675537
1696965662129532000,68.03653198242188,1.1168489456176758,-0.275858998298645,1.0886355638504028
1696965662139546000,68.04654614257812,-1.3084001541137695,-0.6995264291763306,0.6000284552574158
1696965662149560300,68.05656030273437,0.5058565139770508,-0.5044342279434204,0.7883649468421936
1696965662159574300,68.06657421875,0.719904899597168,-0.9750075340270996,0.5084657073020935
1696965662169588500,68.07658837890625,-0.868067741394043,-0.5398468971252441,0.5056790113449097
1696965662179602700,68.08660278320312,0.467620849609375,-0.4667694568634033,0.807624101638794
1696965662189617000,68.09661694335938,0.6579093933105469,-0.6358556747436523,0.7697523832321167
1696965662199631000,68.10663110351562,-0.6141090393066406,-0.5647196769714355,1.3105286359786987
1696965662209645300,68.11664526367187,1.7383222579956055,-0.5297998189926147,0.9249944090843201
1696965662219659500,68.12665942382813,-0.6258420944213867,-0.5059456825256348,0.7741031050682068
1696965662229673700,68.136673828125,1.1819677352905273,-0.36809396743774414,0.7260656356811523
1696965662239688000,68.14668798828124,1.0074520111083984,-0.7747632265090942,0.2911863327026367
1696965662249702400,68.15670239257813,-0.7768936157226562,-0.17628931999206543,0.9608997106552124
1696965662259716900,68.166716796875,1.466390609741211,-0.7267336845397949,0.7653256058692932
1696965662269731300,68.1767314453125,-0.6920127868652344,-0.40370607376098633,0.567607045173645
1696965662279745800,68.18674584960938,0.007763862609863281,-0.473901629447937,0.8715643882751465
1696965662289760000,68.19676000976563,0.9017477035522461,-0.4081573486328125,1.1852750778198242
1696965662299774200,68.20677416992187,-0.6723527908325195,-0.9019068479537964,0.35504865646362305
1696965662309788400,68.21678833007813,0.6533241271972656,-0.7275793552398682,0.5423709154129028
1696965662319802600,68.226802734375,-0.01632404327392578,-0.18575775623321533,0.6662918329238892
1696965662329816800,68.23681689453124,-0.47489070892333984,-1.0739439725875854,0.7478612661361694
1696965662339831000,68.2468310546875,-0.1478433609008789,-0.5642426013946533,0.7098864316940308
1696965662349845000,68.25684497070313,-0.7776317596435547,-0.372782826423645,1.2322475910186768
1696965662359859200,68.26685913085937,0.9976644515991211,-0.770926833152771,0.9284919500350952
1696965662369873400,68.27687329101562,-1.952127456665039,-0.74991774559021,1.0909793376922607
1696965662379887600,68.2868876953125,1.3500242233276367,-0.32532012462615967,1.6267788410186768
1696965662389901800,68.29690185546875,-1.0177860260009766,-0.13588154315948486,1.460218906402588
1696965662399916000,68.306916015625,-0.46601200103759766,-0.4049036502838135,1.641343593597412
1696965662409930000,68.31692993164063,-0.2877531051635742,-0.4936943054199219,1.7942299842834473
1696965662419944200,68.32694409179688,-1.4820566177368164,-0.3254706859588623,1.1198774576187134
1696965662429958400,68.33695849609374,-0.7616977691650391,-0.8407683372497559,1.1146464347839355
1696965662439972600,68.34697265625,-0.8506536483764648,-0.37561333179473877,0.8411983847618103
1696965662449986800,68.35698681640625,-1.2308969497680664,-0.6570321321487427,0.7162559032440186
1696965662460001000,68.3670009765625,-1.5527076721191406,-0.6014626026153564,0.9449739456176758
1696965662470015000,68.37701489257813,-1.1763029098510742,-0.48942482471466064,0.9060941338539124
1696965662480029200,68.387029296875,-0.9869241714477539,-0.7255163192749023,1.0815892219543457
1696965662490043400,68.39704345703124,-0.4061861038208008,-0.6750146150588989,1.067439317703247
1696965662500057600,68.4070576171875,0.03435039520263672,-0.351371169090271,1.268676519393921
1696965662510071800,68.41707177734375,0.7558221817016602,-0.5698076486587524,0.84480220079422
1696965662520086000,68.4270859375,-1.9453582763671875,-0.4398921728134155,1.1635661125183105
1696965662530100000,68.43709985351562,2.536029815673828,-0.3931795358657837,1.6411901712417603
1696965662540114200,68.4471142578125,-1.2253332138061523,-0.6376568078994751,1.108616828918457
1696965662550128400,68.45712841796875,1.194869041442871,-0.5216810703277588,1.5119946002960205
1696965662560142600,68.467142578125,2.3769731521606445,-0.7103056907653809,0.8992243409156799
1696965662570156800,68.47715673828125,-1.4657011032104492,-0.7083725929260254,1.0452971458435059
1696965662580171000,68.4871708984375,3.1724462509155273,-0.43338918685913086,1.3754191398620605
1696965662590185000,68.49718505859374,-0.7198963165283203,-0.9742509126663208,0.7761900424957275
1696965662600199200,68.50719921875,0.9875411987304688,-0.5588186979293823,1.3744511604309082
1696965662610213400,68.51721337890625,2.3566837310791016,-0.4318627119064331,1.1854432821273804
1696965662620227600,68.5272275390625,-1.1275053024291992,-1.0817269086837769,1.2659956216812134
1696965662630241800,68.53724169921875,2.1959095001220703,-0.9322582483291626,1.4618197679519653
1696965662640256000,68.54725610351562,0.2842378616333008,-0.4426541328430176,0.9435142874717712
1696965662650270200,68.55727026367188,1.2537288665771484,-0.5016281604766846,1.228386402130127
1696965662660284200,68.5672841796875,1.5088739395141602,-0.8134922981262207,1.3801019191741943
1696965662670298400,68.57729833984375,0.07645320892333984,-1.0479469299316406,0.8137251734733582
1696965662680312600,68.5873125,0.39687061309814453,-0.9124875068664551,1.6546173095703125
1696965662690326800,68.59732690429688,1.7435331344604492,-0.673377275466919,1.0807675123214722
1696965662700341000,68.60734106445312,-0.3437795639038086,-1.0256211757659912,0.6872446537017822
1696965662710355200,68.61735522460937,1.0531129837036133,-0.454418420791626,1.3006362915039062
1696965662720369200,68.627369140625,0.3582305908203125,-1.0334534645080566,1.0476651191711426
1696965662730383400,68.63738330078125,-1.0851945877075195,-0.42626476287841797,1.3182730674743652
1696965662740397600,68.6473974609375,2.3966121673583984,-0.750994086265564,1.3211746215820312
1696965662750411800,68.65741186523438,-0.4656696319580078,-0.7063970565795898,1.547062635421753
1696965662760426000,68.66742602539063,0.20933818817138672,-0.7704579830169678,1.8089492321014404
1696965662770440200,68.67744018554687,-0.06791210174560547,-0.5714448690414429,1.3117079734802246
1696965662780454100,68.6874541015625,-1.462723731994629,-0.4722939729690552,1.5083816051483154
1696965662790468400,68.69746826171875,0.13720989227294922,-0.8336656093597412,1.5582199096679688
1696965662800482600,68.70748266601562,-1.2247371673583984,-0.6083351373672485,1.0727920532226562
1696965662810496800,68.71749682617188,-0.2657613754272461,-0.600151538848877,0.8490912914276123
1696965662820511000,68.72751098632813,-0.8283243179321289,-0.704561710357666,0.6385902166366577
1696965662830525200,68.73752514648437,-0.8689632415771484,-0.8442648649215698,0.8679954409599304
1696965662840539100,68.7475390625,-2.098780632019043,-0.49839210510253906,1.1075756549835205
1696965662850553600,68.7575537109375,0.18558883666992188,-0.49269890785217285,1.2153303623199463
1696965662860567800,68.76756787109375,-0.7411527633666992,-0.607735276222229,0.9176578521728516
1696965662870582000,68.77758203125,-0.2849693298339844,-0.4011201858520508,1.4334502220153809
1696965662880596200,68.78759619140625,0.8342266082763672,-0.9349340200424194,1.511488676071167
1696965662890610400,68.7976103515625,-1.451650619506836,-0.9748203754425049,0.9445380568504333
1696965662900624600,68.80762475585938,1.328415870666504,-0.5718315839767456,0.9882504940032959
1696965662910638800,68.81763891601562,-1.1205205917358398,-0.22913432121276855,1.1719679832458496
1696965662920653000,68.82765307617187,0.26284027099609375,-0.7049850225448608,0.6372992396354675
1696965662930667300,68.83766723632813,-0.19112682342529297,-0.7291373014450073,0.6254655718803406
1696965662940681500,68.84768139648438,0.6077852249145508,-0.8753602504730225,0.9307113289833069
1696965662950695700,68.85769580078124,0.7645101547241211,-0.6643460988998413,0.9905198216438293
1696965662960710000,68.8677099609375,-0.4840431213378906,-0.47864818572998047,1.3528636693954468
1696965662970724000,68.87772412109375,1.7058191299438477,-0.6622042655944824,0.7395627498626709
1696965662980738300,68.88773828125,-1.6616058349609375,-0.1889195442199707,1.0362555980682373
1696965662990752500,68.89775244140625,2.3752660751342773,-0.9498245716094971,1.0742158889770508
1696965663000766700,68.9077666015625,0.0049304962158203125,-0.6039214134216309,0.7461984157562256
1696965663010781000,68.91778100585938,1.3331232070922852,-1.239780306816101,0.6617046594619751
1696965663020795100,68.92779516601563,0.9629936218261719,-0.25641751289367676,1.5229341983795166
1696965663030809300,68.93780932617187,0.24846649169921875,-0.09272277355194092,1.4995970726013184
1696965663040823600,68.94782348632812,0.5729217529296875,-0.5707098245620728,1.359961748123169
1696965663050837800,68.95783764648438,-0.06381988525390625,-0.3551900386810303,1.890334129333496
1696965663060852000,68.96785205078125,0.6098604202270508,-0.6539667844772339,1.450134038925171
1696965663070866200,68.9778662109375,-0.8063154220581055,-0.6247494220733643,1.7167404890060425
1696965663080880400,68.98788037109375,1.9235591888427734,-0.35580289363861084,1.182704210281372
1696965663090894800,68.99789477539062,-0.8957643508911133,-0.6610395908355713,1.2854857444763184
1696965663100909000,69.00790893554688,-1.0565671920776367,-0.19842064380645752,1.408703327178955
1696965663110923300,69.01792333984375,0.15386009216308594,-0.21301031112670898,1.1239519119262695
1696965663120937500,69.0279375,-1.8250212669372559,-1.0017554759979248,0.8691369295120239
1696965663130951700,69.03795166015625,-0.9084930419921875,-0.6332406997680664,1.1528794765472412
1696965663140966000,69.0479658203125,0.5026741027832031,-0.2721751928329468,0.8663495182991028
1696965663150980000,69.05797998046874,-1.4722061157226562,-0.9942491054534912,0.2964051365852356
1696965663160994300,69.06799438476563,-0.49414825439453125,-0.5197404623031616,0.7108661532402039
1696965663171008500,69.07800854492187,0.08976173400878906,-0.7436877489089966,0.5897997617721558
1696965663181022700,69.08802270507813,-2.1275219917297363,-0.20140624046325684,1.0852715969085693
1696965663191037000,69.09803686523438,1.9720468521118164,-0.668486475944519,1.1686673164367676
1696965663201051100,69.10805102539062,-0.43631649017333984,-1.0587202310562134,0.7921851277351379
1696965663211065300,69.1180654296875,-0.0912017822265625,-0.5553972721099854,1.511073350906372
1696965663221079600,69.12807958984375,1.5999536514282227,-0.6697536706924438,0.7055259943008423
1696965663231093800,69.13809375,-1.6962156295776367,-0.3181154727935791,0.6276705861091614
1696965663241108000,69.14810791015626,1.380305290222168,-0.9770652055740356,0.7013514041900635
1696965663251122200,69.1581220703125,0.9946537017822266,-0.5799335241317749,0.3991500735282898
1696965663261136400,69.16813647460937,-1.0289678573608398,-1.3384736776351929,-0.007090866565704346
1696965663271150600,69.17815063476563,1.2487459182739258,-0.19489634037017822,1.1585699319839478
1696965663281164800,69.18816479492187,0.2661924362182617,-0.7667832374572754,0.40404731035232544
1696965663291178800,69.1981787109375,-0.5845851898193359,-0.1326533555984497,0.5462974309921265
1696965663301193000,69.20819287109374,1.109025001525879,-0.30825304985046387,1.093616247177124
1696965663311207200,69.21820727539063,-0.26949310302734375,-0.6824623346328735,0.551504373550415
1696965663321221400,69.22822143554687,-0.703282356262207,-0.48210227489471436,1.410819411277771
1696965663331235600,69.23823559570313,2.533628463745117,-1.038979411125183,1.047850489616394
1696965663341249800,69.24824975585938,-2.589621067047119,-0.5312581062316895,1.031630277633667
1696965663351263700,69.258263671875,2.5675668716430664,-0.02297043800354004,1.7671681642532349
1696965663361278000,69.26827783203125,-0.48692893981933594,-0.6306451559066772,0.9771966338157654
1696965663371292200,69.27829223632813,-0.1371450424194336,-0.5769510269165039,1.271723747253418
1696965663381306400,69.28830639648437,1.268362045288086,-0.6330808401107788,1.3805267810821533
1696965663391320600,69.29832055664062,-1.0953474044799805,-0.6041005849838257,1.1947050094604492
1696965663401334800,69.30833471679688,0.8900480270385742,-0.7697129249572754,0.5958287119865417
1696965663411348700,69.3183486328125,-0.45418453216552734,-0.03568530082702637,1.1410820484161377
1696965663421363000,69.32836303710937,0.5931406021118164,-0.9766631126403809,0.9028816819190979
1696965663431377200,69.33837719726563,-0.6456127166748047,-0.7766683101654053,1.2783554792404175
1696965663441391400,69.34839135742187,1.0523567199707031,-0.7323414087295532,1.4597059488296509
1696965663451405600,69.35840551757812,-1.5922679901123047,-0.626865029335022,1.3484015464782715
1696965663461419800,69.36841967773438,0.7477531433105469,-0.589280366897583,1.4981095790863037
1696965663471433700,69.37843383789063,-0.7873420715332031,-0.4913613796234131,1.0796747207641602
1696965663481448000,69.38844799804687,-1.5311260223388672,-0.17401742935180664,1.226362943649292
1696965663491462100,69.39846215820313,0.575016975402832,-0.9171797037124634,1.0080608129501343
1696965663501476400,69.40847631835938,-1.2566137313842773,-0.6375962495803833,0.5768863558769226
1696965663511490600,69.41849047851562,1.0115175247192383,-0.6412378549575806,0.5692808032035828
1696965663521504800,69.4285048828125,-0.6916322708129883,-0.6367493867874146,0.34245413541793823
1696965663531518700,69.43851879882813,-0.9622173309326172,-0.2100311517715454,0.924048662185669
1696965663541533000,69.44853295898437,1.577418327331543,-0.5313268899917603,0.4031744599342346
1696965663551547100,69.45854711914062,-2.0858845710754395,-0.9868582487106323,0.5109248161315918
1696965663561561300,69.46856127929688,1.6224279403686523,-0.5636997222900391,0.8804779648780823
1696965663571575600,69.47857543945312,1.3703622817993164,-0.5386841297149658,0.311626136302948
1696965663581589800,69.48858984375,-0.4576692581176758,-0.2988288402557373,0.5928397178649902
1696965663591603700,69.49860375976563,1.9521722793579102,-0.5266146659851074,1.0415587425231934
1696965663601618000,69.50861791992187,-1.4549531936645508,-0.5874499082565308,0.5508682131767273
1696965663611632000,69.51863208007812,0.7850093841552734,-0.09825468063354492,1.2062804698944092
1696965663621646300,69.52864624023438,1.1126556396484375,-0.6515226364135742,0.6572239995002747
1696965663631660500,69.53866064453125,-1.241105079650879,-0.5966812372207642,0.40650761127471924
1696965663641674800,69.5486748046875,1.2892732620239258,-0.15833592414855957,0.40117889642715454
1696965663651689000,69.55868896484375,-0.7924785614013672,-0.6339435577392578,-0.32579946517944336
1696965663661703000,69.56870288085938,-1.994889259338379,-0.48659074306488037,-0.2518019676208496
1696965663671717000,69.57871704101562,0.8004627227783203,-0.921007513999939,-0.42053860425949097
1696965663681731300,69.5887314453125,-2.722870349884033,-0.4399726390838623,0.13816481828689575
1696965663691745500,69.59874560546875,1.9473400115966797,-0.8296816349029541,0.18486112356185913
1696965663701759700,69.608759765625,-0.6707029342651367,-0.7029786109924316,-0.22039437294006348
1696965663711774000,69.61877392578126,-0.6785602569580078,-0.5147886276245117,-0.013687074184417725
1696965663721788000,69.62878784179688,1.0726203918457031,-0.3980823755264282,0.013311266899108887
1696965663731802000,69.63880200195312,-1.825634479522705,-0.6994568109512329,-0.10446447134017944
1696965663741816300,69.64881640625,2.207183837890625,-0.5664182901382446,-0.06530779600143433
1696965663751830500,69.65883056640625,-0.21541976928710938,-0.4090210199356079,-0.3139132261276245
1696965663761844700,69.6688447265625,-0.802337646484375,-0.5016313791275024,0.3533455729484558
1696965663771859000,69.67885888671876,2.066897392272949,-0.5340694189071655,0.7034737467765808
1696965663781873000,69.68887280273438,0.06453990936279297,-0.6184554100036621,-0.10263282060623169
1696965663791887000,69.69888720703125,-0.15949535369873047,0.05298948287963867,0.45204484462738037
1696965663801901300,69.7089013671875,2.1439056396484375,-0.40582573413848877,0.36020326614379883
1696965663811915500,69.71891552734375,-0.7899856567382812,-0.8494062423706055,0.572360098361969
1696965663821929700,69.7289296875,1.0419607162475586,-0.911480188369751,0.6754137277603149
1696965663831944000,69.73894384765624,0.04571342468261719,-0.13154733180999756,0.52731853723526
1696965663841958000,69.7489580078125,-0.10728263854980469,-0.6125988960266113,0.7048338651657104
1696965663851972000,69.75897216796875,0.6006145477294922,-0.9312264919281006,0.9179955720901489
1696965663861986300,69.768986328125,-0.9488315582275391,-0.02351391315460205,0.9107213020324707
1696965663872000500,69.77900048828126,0.8021783828735352,-0.8944998979568481,0.16067004203796387
1696965663882014700,69.7890146484375,-2.147470474243164,-0.2193901538848877,-0.3707570433616638
1696965663892029000,69.79902880859375,0.42884349822998047,-0.38297903537750244,0.09456634521484375
1696965663902043000,69.80904296875,0.027357101440429688,-0.24509286880493164,0.31926536560058594
1696965663912057000,69.81905712890625,-0.1016702651977539,-0.9974533319473267,0.3091983199119568
1696965663922071300,69.8290712890625,-0.1766815185546875,-0.1060173511505127,0.6431531310081482
1696965663932085500,69.83908544921874,-0.095245361328125,0.40212762355804443,0.11621826887130737
1696965663942099700,69.849099609375,0.23027706146240234,-1.1527549028396606,0.20463097095489502
1696965663952114000,69.85911401367187,0.22568130493164062,-0.0895085334777832,0.8231081366539001
1696965663962128100,69.86912817382813,0.28739166259765625,-0.24826431274414062,0.6926522850990295
1696965663972142000,69.87914208984375,-0.5489349365234375,-1.0269824266433716,1.4152591228485107
1696965663982156300,69.88915625,1.530653953552246,-1.1632769107818604,0.7115606069564819
1696965663992170500,69.89917041015624,-1.0675048828125,-0.11048388481140137,-0.04143726825714111
1696965664002184700,69.90918481445313,0.36421871185302734,-0.16151368618011475,0.17486822605133057
1696965664012199000,69.91919897460937,0.010358810424804688,-1.002101182937622,1.0688064098358154
1696965664022213000,69.92921313476562,0.22521209716796875,-1.0579233169555664,0.9979576468467712
1696965664032227000,69.93922705078126,-0.9548168182373047,-0.19649744033813477,1.001015543937683
1696965664042241300,69.9492412109375,0.8202371597290039,0.2396332025527954,1.1201939582824707
1696965664052255500,69.95925537109375,0.0061702728271484375,-1.1726024150848389,0.29769307374954224
1696965664062269700,69.96926977539063,-1.2406625747680664,-0.5301400423049927,0.7615522146224976
1696965664072284000,69.97928393554687,1.8158607482910156,-0.24866962432861328,0.7520474791526794
1696965664082298000,69.98929809570312,-0.9456062316894531,-0.44457757472991943,0.49566376209259033
1696965664092312000,69.99931201171874,0.8010702133178711,-0.9110867977142334,1.1862976551055908
1696965664102326300,70.009326171875,0.48880481719970703,-0.29287052154541016,1.078731656074524
1696965664112340500,70.01934057617187,-1.3857049942016602,0.021252155303955078,0.7346912026405334
1696965664122354700,70.02935473632813,0.5529518127441406,-0.2733762264251709,0.8858944773674011
1696965664132369000,70.03936889648438,-0.09853649139404297,-1.1135109663009644,0.15249252319335938
1696965664142383000,70.04938305664062,-1.6030702590942383,-0.0112762451171875,0.4320482015609741
1696965664152397300,70.05939721679688,1.5493507385253906,-0.430198073387146,-0.23103195428848267
1696965664162411500,70.06941162109375,-1.9471125602722168,-0.4855464696884155,0.4268336296081543
1696965664172425700,70.07942578125,1.0105829238891602,-0.8082040548324585,0.6988794803619385
1696965664182440000,70.08943994140625,-1.371358871459961,-0.2523009777069092,0.7676820158958435
1696965664192454100,70.0994541015625,1.502488136291504,-0.33301424980163574,0.5432112216949463
1696965664202468400,70.10946826171875,-0.2970294952392578,-0.9373788833618164,0.49083930253982544
1696965664212482600,70.11948266601563,-0.8465032577514648,-0.5939931869506836,0.5567660927772522
1696965664222496800,70.12949682617187,1.7833232879638672,-0.4358999729156494,0.02965015172958374
1696965664232511000,70.13951098632812,-0.505091667175293,-1.003570556640625,-0.2516658902168274
1696965664242525200,70.14952514648438,1.188018798828125,-0.795466423034668,0.36434394121170044
1696965664252539400,70.15953930664062,0.5737314224243164,-0.5511724948883057,0.6962835788726807
1696965664262553600,70.1695537109375,0.8923864364624023,-1.043906331062317,-0.06104093790054321
1696965664272567800,70.17956787109375,-0.06946659088134766,-0.29315292835235596,0.697438657283783
1696965664282582000,70.18958203125,1.2165822982788086,-0.49475884437561035,0.7093536257743835
1696965664292596200,70.19959619140624,-0.40113067626953125,-0.8318639993667603,0.6597664952278137
1696965664302610400,70.2096103515625,2.0275840759277344,-0.456729531288147,0.8727687001228333
1696965664312624600,70.21962475585937,1.0436334609985352,-1.0985931158065796,0.29167646169662476
1696965664322638800,70.22963891601563,-1.352386474609375,-0.14241302013397217,0.5154480338096619
1696965664332653000,70.23965307617188,1.4847049713134766,-0.8878072500228882,0.9421933889389038
1696965664342667300,70.24966723632812,-1.5619497299194336,-0.497117280960083,0.7685381770133972
1696965664352681500,70.25968139648438,0.2719087600708008,-0.4688977003097534,0.7702696323394775
1696965664362696000,70.26969604492187,0.04278373718261719,-0.26920926570892334,0.9567621350288391
1696965664372710100,70.27971020507813,-1.2474384307861328,-0.716568112373352,0.8833155632019043
1696965664382724400,70.28972436523438,0.7579259872436523,-0.9461477994918823,0.9958337545394897
1696965664392738600,70.29973852539062,-2.2585840225219727,-0.2359985113143921,0.8238544464111328
1696965664402752800,70.30975268554687,0.5657377243041992,-0.4418787956237793,0.9586464166641235
1696965664412767000,70.31976708984375,-0.8353204727172852,-0.6560055017471313,1.0588024854660034
1696965664422781200,70.32978125,-1.4164762496948242,-0.43252527713775635,0.8446526527404785
1696965664432795400,70.33979541015626,0.942225456237793,-0.48743581771850586,0.9352209568023682
1696965664442809600,70.3498095703125,-1.1671619415283203,-0.7517774105072021,0.5834705233573914
1696965664452823800,70.35982373046875,-0.5385217666625977,-0.957179069519043,0.9148557782173157
1696965664462838000,70.36983813476563,0.36081886291503906,-0.34399402141571045,0.3213261365890503
1696965664472852200,70.37985229492188,-0.6052303314208984,-0.5913057327270508,0.45645809173583984
1696965664482866200,70.3898662109375,1.3175945281982422,-0.8137111663818359,0.6149544715881348
1696965664492880400,70.39988037109374,-0.6638574600219727,-1.2546422481536865,0.08016884326934814
1696965664502894600,70.40989453125,0.05028820037841797,-0.6726706027984619,0.41889703273773193
1696965664512908800,70.41990869140625,1.0355215072631836,-0.5971777439117432,0.6570056080818176
1696965664522923000,70.42992309570313,0.10178756713867188,-0.7519972324371338,0.9018405675888062
1696965664532937200,70.43993725585938,1.5501890182495117,-0.8471211194992065,1.1824233531951904
1696965664542951200,70.449951171875,1.3271121978759766,-0.34883320331573486,0.49887651205062866
1696965664552965400,70.45996533203125,0.42630863189697266,-0.6861220598220825,0.9671100378036499
1696965664562979600,70.4699794921875,1.018381118774414,-0.8122918605804443,0.9938430190086365
1696965664572993800,70.47999389648437,0.007826805114746094,-0.7585184574127197,0.9060776233673096
1696965664583008000,70.49000805664062,0.44332218170166016,-0.4340531826019287,1.006665825843811
1696965664593022200,70.50002221679688,0.7578897476196289,-0.7156939506530762,0.7189890742301941
1696965664603036200,70.5100361328125,-0.9876194000244141,-0.5593233108520508,0.9924076199531555
1696965664613050400,70.52005029296875,0.8740339279174805,-0.5986789464950562,0.8299367427825928
1696965664623064600,70.53006469726563,-1.2925729751586914,-0.310868501663208,0.3586878180503845
1696965664633078800,70.54007885742188,-0.3811025619506836,-0.8212140798568726,0.5701899528503418
1696965664643093000,70.55009301757812,-0.9147710800170898,-0.6847046613693237,0.6696999669075012
1696965664653107200,70.56010717773438,-0.43011951446533203,-0.3814082145690918,0.4695388078689575
1696965664663121400,70.57012133789063,-0.5525369644165039,-0.6407564878463745,0.8134080171585083
1696965664673135400,70.58013525390625,0.9060811996459961,-0.49496710300445557,0.9186200499534607
1696965664683149600,70.59014965820313,-0.6678752899169922,-0.3725689649581909,0.619227409362793
1696965664693163800,70.60016381835938,0.17934036254882812,-0.5170046091079712,0.6929322481155396
1696965664703178000,70.61017797851562,-1.2781991958618164,-0.9589532613754272,0.285869836807251
1696965664713192200,70.62019213867187,-0.5107603073120117,-0.6947070360183716,0.8373034000396729
1696965664723206400,70.63020629882813,1.8177785873413086,-0.4463334083557129,0.4329291582107544
1696965664733220400,70.64022045898437,-1.774855136871338,-0.7592251300811768,0.17022347450256348
1696965664743234600,70.65023461914062,1.3644790649414062,-0.820523738861084,0.9631266593933105
1696965664753248800,70.66024877929688,0.3529672622680664,-0.7623981237411499,0.31776511669158936
1696965664763263000,70.67026293945312,-0.4451761245727539,-0.32024455070495605,0.9724103212356567
1696965664773277200,70.68027709960937,2.451849937438965,-1.028754472732544,0.582687258720398
1696965664783291400,70.69029150390625,-1.0129032135009766,-0.45471274852752686,0.7079721689224243
1696965664793305300,70.70030541992188,1.842595100402832,-0.9436318874359131,0.6701556444168091
1696965664803319600,70.71031958007812,0.6201066970825195,-0.19022786617279053,0.5077838897705078
1696965664813333800,70.72033374023438,0.012455940246582031,-0.9644979238510132,0.810141921043396
1696965664823348000,70.73034790039063,0.25688743591308594,-0.4952934980392456,0.9783145189285278
1696965664833362200,70.74036206054687,1.049337387084961,-0.08880960941314697,0.8504129648208618
1696965664843376400,70.75037646484375,-0.15144824981689453,-1.281169056892395,0.5029153823852539
1696965664853390300,70.76039038085938,-1.106226921081543,0.17376995086669922,1.0516952276229858
1696965664863404500,70.77040454101562,1.8252067565917969,-1.075657844543457,0.2185366153717041
1696965664873418800,70.78041870117187,-2.9801340103149414,-0.39313697814941406,0.36902058124542236
1696965664883433000,70.79043286132813,1.447056770324707,-0.31428849697113037,1.0255908966064453
1696965664893447200,70.800447265625,-0.24761295318603516,-0.691801905632019,0.45426273345947266
1696965664903461400,70.81046142578126,-1.0832195281982422,-0.49058961868286133,0.2459719181060791
1696965664913475300,70.82047534179688,1.7010250091552734,-0.6072275638580322,0.5067775249481201
1696965664923489500,70.83048950195312,-1.356161117553711,-0.3409019708633423,0.44952690601348877
1696965664933503700,70.84050366210937,0.5965700149536133,-1.0315128564834595,0.01092827320098877
1696965664943518000,70.85051806640625,-1.3155384063720703,-0.4745163917541504,0.27199578285217285
1696965664953532200,70.8605322265625,1.2630853652954102,-0.4655768871307373,0.3816002607345581
1696965664963546400,70.87054638671874,-0.1442584991455078,-0.6472578048706055,0.3774528503417969
1696965664973560600,70.880560546875,-0.7080183029174805,-0.7978043556213379,-0.014670968055725098
1696965664983574500,70.89057446289063,0.1640024185180664,-0.26796090602874756,0.6253767013549805
1696965664993588700,70.90058862304687,0.9994792938232422,-0.5455199480056763,0.08468925952911377
1696965665003603000,70.91060302734375,-1.5967340469360352,-1.2039579153060913,0.18567132949829102
1696965665013617200,70.9206171875,0.9966583251953125,-0.324383020401001,-0.1640455722808838
1696965665023631400,70.93063134765625,0.3877696990966797,-0.2389582395553589,-0.08248776197433472
1696965665033645600,70.9406455078125,0.4922504425048828,-0.9217185974121094,-0.4006868600845337
1696965665043659500,70.95065942382813,-0.07731914520263672,-0.7862192392349243,-0.1365184783935547
1696965665053673700,70.960673828125,0.6447181701660156,-0.253792405128479,0.5164966583251953
1696965665063688000,70.97068798828126,0.7534732818603516,-0.7896730899810791,0.24811625480651855
1696965665073702100,70.9807021484375,-0.49566078186035156,-0.36353182792663574,0.24873805046081543
1696965665083716400,70.99071630859375,0.21308422088623047,-0.6678171157836914,0.10923922061920166
1696965665093730600,71.00073046875,-0.37061595916748047,-0.05554854869842529,-0.021811842918395996
1696965665103744500,71.01074462890625,1.1496162414550781,-0.7363009452819824,-0.13843834400177002
1696965665113758700,71.0207587890625,-0.6544046401977539,-0.8240272998809814,-0.3238105773925781
1696965665123773000,71.03077294921874,0.8708934783935547,-0.6364651918411255,-0.5907159447669983
1696965665133787100,71.040787109375,-2.1747589111328125,-0.32379162311553955,-0.2930036783218384
1696965665143801300,71.05080126953125,1.38983154296875,-0.14800560474395752,-0.2520700693130493
1696965665153815600,71.06081567382813,-1.098221778869629,-0.6546016931533813,-0.39107125997543335
1696965665163829500,71.07082958984375,0.5048198699951172,-0.5595147609710693,-0.21592700481414795
1696965665173843700,71.08084375,-0.3088979721069336,-0.28327274322509766,-0.41670089960098267
1696965665183858000,71.09085791015625,0.9621334075927734,-0.6397796869277954,-1.0677266120910645
1696965665193872100,71.1008720703125,-0.750462532043457,-0.8324571847915649,-0.6270062923431396
1696965665203886300,71.11088623046875,0.5316238403320312,-0.07919955253601074,-0.7742550373077393
1696965665213900500,71.12090063476562,-1.6009273529052734,-0.6316330432891846,-0.8791057467460632
1696965665223914500,71.13091455078126,0.6821975708007812,-0.12029826641082764,-0.42376452684402466
1696965665233928700,71.1409287109375,0.5660905838012695,-0.8596651554107666,-0.42892950773239136
1696965665243943000,71.15094287109375,-0.38155555725097656,-0.14096665382385254,-0.6759183406829834
1696965665253957000,71.16095703125,0.5320758819580078,-0.7192193269729614,-0.9974991679191589
1696965665263971300,71.17097143554687,0.0675344467163086,-0.09853255748748779,-0.9944925904273987
1696965665273985500,71.18098559570312,0.4399089813232422,-0.26430606842041016,-1.135292410850525
1696965665283999700,71.19099975585938,0.5205936431884766,-0.19933414459228516,-0.2828834652900696
1696965665294013700,71.201013671875,0.815704345703125,-0.9285911321640015,0.34976089000701904
1696965665304028000,71.21102783203125,0.36461925506591797,-0.20897197723388672,0.2541830539703369
1696965665314042000,71.2210419921875,0.2913961410522461,-0.035176873207092285,-0.5593079328536987
1696965665324056300,71.23105639648438,-0.21982765197753906,-0.5603342056274414,-0.3107141852378845
1696965665334070500,71.24107055664062,-0.19104671478271484,-0.4240562915802002,-0.8185548186302185
1696965665344084700,71.25108471679688,0.010272026062011719,-0.4116690158843994,-0.7599517107009888
1696965665354098700,71.2610986328125,-0.05154132843017578,-0.46370959281921387,-0.5791198015213013
1696965665364113000,71.27111279296875,0.685002326965332,-0.36463451385498047,-0.4108409881591797
1696965665374127000,71.28112719726562,-0.2962942123413086,-0.5417780876159668,-0.3944122791290283
1696965665384141300,71.29114135742188,0.6414175033569336,-0.3591996431350708,-0.39104121923446655
1696965665394155500,71.30115551757812,1.2137317657470703,-0.20358312129974365,-0.47065454721450806
1696965665404169700,71.31116967773437,-0.6665868759155273,-0.9640969038009644,-0.30911684036254883
1696965665414183700,71.32118359375,1.5520648956298828,-0.22553277015686035,-0.7243881821632385
1696965665424198000,71.33119799804687,-1.2889108657836914,0.7590529918670654,0.2971540689468384
1696965665434212000,71.34121215820312,1.1316232681274414,-0.5534631013870239,0.2989741563796997
1696965665444226300,71.35122631835938,-3.2815942764282227,-0.6842000484466553,0.009467065334320068
1696965665454240500,71.36124047851563,2.154064178466797,-0.09550881385803223,1.0655463933944702
1696965665464254700,71.37125463867187,-1.8544254302978516,-0.05622732639312744,-0.16374480724334717
1696965665474268700,71.3812685546875,-0.9681873321533203,0.12174749374389648,-0.49496424198150635
1696965665484283000,71.39128295898438,0.9078598022460938,-0.9351187944412231,-0.8886273503303528
1696965665494297000,71.40129711914062,-2.4109253883361816,-0.4712167978286743,-1.2470052242279053
1696965665504311300,71.41131127929688,0.9350986480712891,-0.4177786111831665,-0.3672040104866028
1696965665514325500,71.42132543945313,-1.7143120765686035,-0.14531314373016357,-0.6094650030136108
1696965665524339700,71.43133959960937,-1.9929389953613281,-0.30073094367980957,0.04005473852157593
1696965665534353700,71.44135375976562,3.526308059692383,-0.5055117607116699,-0.05291670560836792
1696965665544367900,71.45136791992188,-2.3357319831848145,0.015572905540466309,-1.118930459022522
1696965665554382000,71.46138208007812,-0.06989765167236328,-0.1678147315979004,-0.9390854239463806
1696965665564396300,71.47139624023437,0.9579324722290039,-1.144489049911499,-1.2691593170166016
1696965665574410500,71.48141040039063,0.15794849395751953,0.06407463550567627,-0.5954219102859497
1696965665584424700,71.4914248046875,2.055368423461914,-1.168987512588501,-0.8964595198631287
1696965665594439000,71.50143896484374,-1.866936206817627,0.3549787998199463,0.40420734882354736
1696965665604452900,71.51145288085938,1.3722476959228516,-0.4174081087112427,1.4646531343460083
1696965665614467000,71.52146704101563,-0.9915199279785156,0.14077138900756836,1.510988712310791
1696965665624481300,71.53148120117187,1.1171684265136719,0.32957684993743896,1.4887032508850098
1696965665634495500,71.54149560546875,0.3544301986694336,0.18503963947296143,0.720887303352356
1696965665644509700,71.551509765625,-0.24131011962890625,-0.5925428867340088,-0.745159387588501
1696965665654524000,71.56152392578124,-0.29805755615234375,-0.9575644731521606,-0.9905233979225159
1696965665664537900,71.57153784179687,-0.18403148651123047,0.014722704887390137,-1.2101423740386963
1696965665674552000,71.58155200195313,-0.5753507614135742,-0.7611960172653198,-0.8800969123840332
1696965665684566300,71.59156616210937,-2.9873909950256348,-0.3223203420639038,-0.11129909753799438
1696965665694580500,71.60158056640626,0.3164958953857422,-0.4058741331100464,0.515146017074585
1696965665704594700,71.6115947265625,0.5827693939208984,0.13810324668884277,-0.9675285816192627
1696965665714609000,71.62160888671875,-0.47484779357910156,-0.7996343374252319,-1.4027152061462402
1696965665724622800,71.63162280273437,3.2874526977539062,0.1077808141708374,-0.7013792991638184
1696965665734637000,71.64163696289063,-0.0032281875610351562,-0.7595643997192383,-1.0572489500045776
1696965665744651300,71.6516513671875,0.8469009399414062,0.4037203788757324,-1.2200230360031128
1696965665754665500,71.66166552734374,-0.03842353820800781,-0.15066540241241455,-0.20613127946853638
1696965665764679700,71.6716796875,1.4336442947387695,0.303622841835022,1.524979829788208
1696965665774694000,71.68169384765625,1.3580074310302734,-1.6548724174499512,1.2880796194076538
1696965665784707800,71.69170776367187,-0.00307464599609375,-0.2964344024658203,-0.3202165961265564
1696965665794722000,71.70172216796875,-1.837954044342041,0.34095871448516846,-0.7158266305923462
1696965665804736300,71.711736328125,3.7236032485961914,0.08984792232513428,-0.4074896574020386
1696965665814750500,71.72175048828124,-3.762950897216797,-1.7704992294311523,-0.3934546113014221
1696965665824764700,71.7317646484375,-0.35715389251708984,-0.1602085828781128,-0.4271653890609741
1696965665834779000,71.74177880859375,-0.3653535842895508,-0.7785857915878296,-0.628768801689148
1696965665844792800,71.75179272460937,-0.45032310485839844,0.5885345935821533,-0.05144006013870239
1696965665854807000,71.76180712890626,0.8410205841064453,0.01849532127380371,-0.24152719974517822
1696965665864821200,71.7718212890625,-1.9847664833068848,-1.618506908416748,-0.13408446311950684
1696965665874835500,71.78183544921875,-0.8428897857666016,0.9207990169525146,-0.8400148749351501
1696965665884849700,71.791849609375,-0.2437591552734375,-0.012361764907836914,-1.1656569242477417
1696965665894864000,71.80186376953125,-1.7332844734191895,-0.3136320114135742,-0.8283159136772156
1696965665904878000,71.81187817382812,-0.8209800720214844,-1.1142672300338745,0.21440720558166504
1696965665914892000,71.82189208984374,1.2358379364013672,0.2226032018661499,0.3198240399360657
1696965665924906200,71.83190625,1.423624038696289,0.49339139461517334,-0.16233384609222412
1696965665934920400,71.84192041015625,0.3169126510620117,-0.18015146255493164,0.9499021172523499
1696965665944934700,71.8519345703125,0.9414072036743164,-1.8196909427642822,0.4517982006072998
1696965665954948900,71.86194897460938,-1.980832576751709,0.37562358379364014,-0.051863133907318115
1696965665964963000,71.87196313476562,2.104559898376465,-0.7651500701904297,0.4656049609184265
1696965665974977000,71.88197705078124,-0.5571632385253906,-0.7246395349502563,-0.06675654649734497
1696965665984991200,71.8919912109375,-1.5741376876831055,-0.8234765529632568,0.21241307258605957
1696965665995005400,71.90200537109375,3.160686492919922,-0.011003255844116211,0.7060760855674744
1696965666005019600,71.91201953125,0.3482189178466797,0.27524662017822266,0.34754079580307007
1696965666015033900,71.92203393554688,1.3837213516235352,-1.1721593141555786,-0.19317233562469482
1696965666025048000,71.93204809570312,-2.178867816925049,-0.37836754322052,-0.07855743169784546
1696965666035062000,71.94206201171875,1.5145597457885742,0.3730839490890503,-0.062316298484802246
1696965666045076200,71.952076171875,0.9807987213134766,-0.42785584926605225,-0.447593629360199
1696965666055090400,71.96209033203125,-1.3056316375732422,-0.6423200368881226,0.042464494705200195
1696965666065104600,71.97210473632812,1.3447113037109375,-0.37242591381073,0.16115200519561768
1696965666075118800,71.98211889648438,-0.512608528137207,0.25365114212036133,-0.48219621181488037
1696965666085133000,71.99213305664063,1.0413751602172852,-0.029895663261413574,-0.6260388493537903
1696965666095147300,72.00214721679687,-0.7284889221191406,-0.3322559595108032,-0.6815349459648132
1696965666105161500,72.01216137695313,-0.7034683227539062,-0.298295259475708,-0.8091123700141907
1696965666115176000,72.02217602539062,0.3260660171508789,-0.6006952524185181,-0.5199247598648071
1696965666125190100,72.03219018554688,0.0433807373046875,-0.03967154026031494,-0.38172727823257446
1696965666135204400,72.04220434570313,1.3382463455200195,-0.10120522975921631,-0.021787285804748535
1696965666145218600,72.05221850585937,-0.1750631332397461,-0.9978547096252441,-0.562857985496521
1696965666155232800,72.06223266601563,-0.6856842041015625,0.09482848644256592,0.06023252010345459
1696965666165247000,72.0722470703125,3.186126708984375,-0.5836856365203857,-0.6952168941497803
1696965666175261200,72.08226123046875,-2.970755100250244,-0.4373514652252197,-0.7689920663833618
1696965666185275400,72.092275390625,2.8901147842407227,-0.27594900131225586,-0.5659011006355286
1696965666195289600,72.10228955078125,-0.7806873321533203,-0.7138760089874268,-0.5952188372612
1696965666205303800,72.1123037109375,0.1142435073852539,0.038551926612854004,-0.3372200131416321
1696965666215318000,72.12231811523438,1.9025154113769531,-0.2514052391052246,0.22818100452423096
1696965666225332200,72.13233227539062,-0.3093070983886719,-0.8474316596984863,0.7227514386177063
1696965666235346400,72.14234643554687,0.7142839431762695,-0.3373633623123169,0.5299695730209351
1696965666245360600,72.15236059570313,-1.0933609008789062,-0.09553384780883789,-0.4534027576446533
1696965666255374800,72.16237475585937,-1.663456916809082,0.4473073482513428,-0.7853378653526306
1696965666265389000,72.17238916015626,0.28559017181396484,-0.46376538276672363,-0.8782504796981812
1696965666275403300,72.1824033203125,-1.5206775665283203,-0.1766490936279297,-1.1674599647521973
1696965666285417500,72.19241748046875,-0.8663873672485352,-0.21436035633087158,-0.5354455709457397
1696965666295431700,72.202431640625,0.5408096313476562,-0.01937413215637207,-0.2733287811279297
1696965666305446000,72.21244580078125,-1.2277717590332031,-0.6869816780090332,0.17629754543304443
1696965666315460000,72.22246020507812,0.7009181976318359,-0.18153703212738037,0.5007208585739136
1696965666325474300,72.23247436523438,-0.8918561935424805,0.053545475006103516,-0.356916606426239
1696965666335488500,72.24248852539063,-0.11592864990234375,-0.09192562103271484,-0.5658906698226929
1696965666345502700,72.25250268554687,-0.6076555252075195,-0.5707442760467529,-0.4405524730682373
1696965666355517000,72.26251684570312,1.1470441818237305,-0.2517204284667969,-0.45453178882598877
1696965666365531100,72.27253125,-0.5230093002319336,0.01800394058227539,-0.25904351472854614
1696965666375545000,72.28254516601562,0.9399614334106445,-0.11250472068786621,-0.09887146949768066
1696965666385559300,72.29255932617187,-1.0212297439575195,-0.6455928087234497,-0.3430963158607483
1696965666395573500,72.30257348632813,0.013006210327148438,-0.2637186050415039,-0.7756011486053467
1696965666405587700,72.31258764648437,-0.35932064056396484,-0.6137675046920776,-1.2009217739105225
1696965666415602000,72.32260180664062,0.7884912490844727,-0.13798177242279053,-1.0371242761611938
1696965666425616100,72.3326162109375,-0.2829551696777344,-0.7564314603805542,-0.7791889309883118
1696965666435630000,72.34263012695313,1.142099380493164,0.15398573875427246,0.14164072275161743
1696965666445644300,72.35264428710937,1.0824737548828125,-0.3830515146255493,0.4908851981163025
1696965666455658500,72.36265844726563,1.6917610168457031,-0.31800878047943115,0.2814587950706482
1696965666465672700,72.37267260742188,0.1779031753540039,-0.15103375911712646,0.3626915216445923
1696965666475687000,72.38268701171874,2.06024169921875,-0.42011356353759766,-0.0967225432395935
1696965666485701000,72.392701171875,-1.5188617706298828,0.14021539688110352,-0.664738118648529
1696965666495715000,72.40271508789063,0.9074296951293945,-0.3345984220504761,-0.10528320074081421
1696965666505729300,72.41272924804687,0.7810077667236328,-0.42886483669281006,-0.9437940716743469
1696965666515743500,72.42274340820312,-2.369643211364746,-0.7359232902526855,-0.5480195879936218
1696965666525757700,72.4327578125,1.3257036209106445,0.5746945142745972,0.4866803288459778
1696965666535772000,72.44277197265625,0.9689340591430664,-0.3924107551574707,0.053350985050201416
1696965666545786000,72.4527861328125,-1.852954387664795,-0.7492462396621704,-0.3222489356994629
1696965666555800000,72.46280004882813,0.8373727798461914,0.2826482057571411,0.28647494316101074
1696965666565814300,72.47281420898437,0.16118144989013672,-0.17468416690826416,-0.31308525800704956
1696965666575828500,72.48282836914062,-2.5106310844421387,-0.9661241769790649,-0.4350000023841858
1696965666585842700,72.4928427734375,0.8929719924926758,-0.07758951187133789,-0.19262981414794922
1696965666595857000,72.50285693359375,-1.3072690963745117,0.1683715581893921,-0.26710402965545654
1696965666605871000,72.51287109375,0.822016716003418,-0.40599048137664795,-0.13355880975723267
1696965666615885300,72.52288525390625,-0.7087240219116211,-1.063217282295227,-0.13335120677947998
1696965666625899300,72.53289916992188,-0.05259990692138672,-0.04544103145599365,-0.32841432094573975
1696965666635913500,72.54291357421874,0.4399566650390625,0.14956772327423096,-0.17489606142044067
1696965666645927700,72.552927734375,1.1267738342285156,-0.6961797475814819,-0.24410218000411987
1696965666655942000,72.56294189453125,-1.1407976150512695,-0.8652673959732056,-0.43823355436325073
1696965666665956000,72.5729560546875,-0.6409769058227539,0.4089463949203491,0.12089216709136963
1696965666675970300,72.58297021484375,1.9360942840576172,-0.13134467601776123,0.16689497232437134
1696965666685984300,72.592984375,-0.5913496017456055,-0.4861457347869873,-0.6133589148521423
1696965666695998500,72.60299853515625,-0.1789560317993164,-0.347495436668396,-0.28822749853134155
1696965666706012700,72.6130126953125,0.45275115966796875,-0.4661223888397217,-0.7803299427032471
1696965666716027000,72.62302685546875,-0.5090761184692383,0.1099858283996582,-0.5790811777114868
1696965666726041000,72.633041015625,1.1845636367797852,-0.4991788864135742,-0.19876128435134888
1696965666736055300,72.64305517578126,-2.4640660285949707,-0.6157402992248535,-0.18610119819641113
1696965666746069200,72.6530693359375,1.0776987075805664,-0.0020760297775268555,0.29693037271499634
1696965666756083500,72.66308349609375,0.258453369140625,0.044434428215026855,-0.3067076802253723
1696965666766097700,72.67309765625,-0.3441333770751953,-0.38355553150177,-0.36537981033325195
1696965666776111900,72.68311181640625,1.448516845703125,-0.21114647388458252,-0.7847285866737366
1696965666786126000,72.6931259765625,-1.130223274230957,-0.14941906929016113,-0.30247509479522705
1696965666796140300,72.70314038085938,1.7919950485229492,-0.284479022026062,-0.31071609258651733
1696965666806154200,72.713154296875,-2.4840316772460938,-0.29733526706695557,0.1081613302230835
1696965666816168400,72.72316845703125,1.0048742294311523,-0.2851827144622803,-0.18248331546783447
1696965666826182700,72.7331826171875,-1.4818439483642578,-0.43279385566711426,-0.0871087908744812
1696965666836196900,72.74319677734375,1.6415157318115234,0.07223260402679443,-0.3462740182876587
1696965666846211000,72.75321118164062,-0.19198322296142578,-0.5982311964035034,-0.7656580209732056
1696965666856225300,72.76322534179687,0.1378917694091797,-0.563536524772644,-0.7969684600830078
1696965666866239200,72.7732392578125,0.4297809600830078,-0.3884885311126709,-0.36243724822998047
1696965666876253400,72.78325341796875,-0.07775688171386719,-0.2858089208602905,0.04558122158050537
1696965666886267600,72.793267578125,0.5294160842895508,-0.5300978422164917,-0.24894779920578003
1696965666896281900,72.80328173828126,-0.46987247467041016,-0.23879659175872803,0.3564058542251587
1696965666906296000,72.81329614257812,2.0876598358154297,-0.022797346115112305,-0.06581741571426392
1696965666916310300,72.82331030273437,-2.1885738372802734,-0.43015897274017334,-0.15658867359161377
1696965666926324500,72.83332446289063,3.043893814086914,-0.08397507667541504,-0.5449714064598083
1696965666936338400,72.84333837890625,-2.0370845794677734,-0.4438662528991699,-0.4537283182144165
1696965666946352600,72.8533525390625,0.30401611328125,-0.10014522075653076,-0.39522600173950195
1696965666956366800,72.86336694335938,0.8533916473388672,-0.5640140771865845,0.09214901924133301
1696965666966381000,72.87338110351563,-0.5632610321044922,0.02559494972229004,0.0904812216758728
1696965666976395300,72.88339526367187,0.3461017608642578,-0.1647019386291504,0.2515619993209839
1696965666986409500,72.89340942382813,-0.3241548538208008,-0.5535584688186646,-1.040833830833435
1696965666996423400,72.90342333984376,-2.4783377647399902,-0.24141156673431396,-0.5596746802330017
1696965667006437600,72.91343774414062,2.2536773681640625,0.19915175437927246,-0.3459811210632324
1696965667016451800,72.92345190429687,-1.7848610877990723,-1.0509185791015625,-0.9020195007324219
1696965667026466000,72.93346606445313,-0.36176204681396484,-0.045618534088134766,0.1386905312538147
1696965667036480300,72.94348022460937,2.4587907791137695,-0.4792933464050293,0.08748865127563477
1696965667046494500,72.95349438476562,-2.84676456451416,0.22783589363098145,-0.006634354591369629
1696965667056508400,72.96350830078126,2.4725341796875,-0.7299165725708008,-1.3265843391418457
1696965667066522600,72.97352270507812,-2.7268238067626953,-0.3073338270187378,-0.81743985414505
1696965667076536800,72.98353686523437,1.0256929397583008,-0.42494916915893555,-1.0580037832260132
1696965667086551000,72.99355102539063,-0.027301788330078125,-0.1541602611541748,-0.7750665545463562
1696965667096565200,73.00356518554688,0.4784860610961914,-0.5825599431991577,-0.8846511244773865
1696965667106579500,73.01357934570312,-0.06591415405273438,-0.42375051975250244,0.016294777393341064
1696965667116593400,73.02359350585938,2.437519073486328,-0.17397212982177734,0.15618133544921875
1696965667126607600,73.03360766601563,-0.9078235626220703,-0.5019458532333374,-0.8087586164474487
1696965667136621800,73.04362182617187,0.16955852508544922,0.05366933345794678,-0.5655485391616821
1696965667146636000,73.05363598632813,1.2066774368286133,-0.39028477668762207,-0.557378888130188
1696965667156650200,73.06365014648438,-0.37320709228515625,-0.3664015531539917,-0.34614479541778564
1696965667166664400,73.07366455078125,0.9230813980102539,-0.5329883098602295,0.06316304206848145
1696965667176678400,73.08367846679687,-0.6988801956176758,-0.014824628829956055,0.2809133529663086
1696965667186692600,73.09369262695313,1.2136955261230469,-0.006683945655822754,-0.02292954921722412
1696965667196706800,73.10370678710937,0.29834461212158203,-0.2699543237686157,-0.4866878390312195
1696965667206721000,73.11372094726562,-1.561417579650879,-0.014835715293884277,-1.0708534717559814
1696965667216735200,73.1237353515625,-0.20557880401611328,-0.5304251909255981,-1.2445118427276611
1696965667226749400,73.13374951171875,-1.9393410682678223,-0.23319411277770996,-0.6014696359634399
1696965667236763600,73.143763671875,0.3878965377807617,-0.7322155237197876,-0.4919753074645996
1696965667246777600,73.15377758789063,-0.869776725769043,0.24308574199676514,-0.4182698726654053
1696965667256791800,73.16379174804688,0.26015758514404297,-0.3897942304611206,0.10768800973892212
1696965667266806000,73.17380590820312,0.21183490753173828,0.13592565059661865,-0.16457217931747437
1696965667276820200,73.1838203125,-0.26702213287353516,-0.4927414655685425,-0.5317977666854858
1696965667286834400,73.19383447265625,0.4407625198364258,0.020791053771972656,-0.8551979660987854
1696965667296848600,73.2038486328125,-0.9887676239013672,-0.5623276233673096,-0.03214186429977417
1696965667306862600,73.21386254882813,0.8241195678710938,0.2021045684814453,-0.03787398338317871
1696965667316876800,73.22387670898438,-1.0033960342407227,-0.9662139415740967,-0.016651451587677002
1696965667326891000,73.23389111328125,0.8004312515258789,0.3010822534561157,0.17737680673599243
1696965667336905200,73.2439052734375,0.5116157531738281,-0.552534818649292,-0.24796748161315918
1696965667346919400,73.25391943359375,-0.18754196166992188,0.07068705558776855,-0.43782466650009155
1696965667356933600,73.26393359375,1.131627082824707,-0.5117449760437012,-0.8169212341308594
1696965667366947600,73.27394750976562,-0.31911277770996094,-0.20793497562408447,-1.0869866609573364
1696965667376961800,73.2839619140625,-0.48555469512939453,-0.5007115602493286,-0.3736540675163269
1696965667386976000,73.29397607421875,1.1120376586914062,-0.34828221797943115,-0.2713657021522522
1696965667396990200,73.303990234375,-0.9072885513305664,-0.18606483936309814,-0.4236348271369934
1696965667407004400,73.31400439453125,2.363710403442383,-0.3021777868270874,0.08897459506988525
1696965667417018600,73.3240185546875,-0.2649049758911133,-0.05549061298370361,-0.8452293872833252
1696965667427032600,73.33403247070312,-1.5739240646362305,-0.23323726654052734,-0.9239380955696106
1696965667437046800,73.344046875,1.9281854629516602,-0.10817193984985352,-0.31466424465179443
1696965667447061000,73.35406103515625,-1.244100570678711,-0.16393518447875977,-0.02307140827178955
1696965667457075200,73.3640751953125,1.1046981811523438,-0.13517653942108154,0.39373689889907837
1696965667467089400,73.37408935546875,-1.1054325103759766,-0.44441521167755127,0.23595553636550903
1696965667477103600,73.384103515625,0.5788249969482422,0.1770380735397339,0.5280272960662842
1696965667487117600,73.39411767578125,0.9210290908813477,0.1609492301940918,-0.6409608125686646
1696965667497131800,73.4041318359375,-1.1078243255615234,-1.1590198278427124,-1.3039978742599487
1696965667507146000,73.41414599609375,-1.3868961334228516,0.03527998924255371,-0.8606352210044861
1696965667517160200,73.42416015625,1.59368896484375,0.08452868461608887,0.01532602310180664
1696965667527174400,73.43417431640626,-2.156627655029297,-0.5932141542434692,-0.7755106687545776
1696965667537188600,73.44418872070312,0.012938499450683594,-0.5618499517440796,-0.5711938142776489
1696965667547202800,73.45420288085937,1.1176891326904297,0.20951533317565918,-0.37113475799560547
1696965667557216800,73.464216796875,-0.968358039855957,-0.4737434387207031,-0.5961320400238037
1696965667567231000,73.47423095703125,2.249932289123535,0.11709511280059814,-0.6651793718338013
1696965667577245200,73.4842451171875,-0.6362571716308594,-0.2566056251525879,-0.9683269262313843
1696965667587259400,73.49425927734374,-1.0310420989990234,-0.4165513515472412,-0.29451918601989746
1696965667597273600,73.50427368164063,1.1266613006591797,0.13540363311767578,0.07398724555969238
1696965667607287800,73.51428784179687,-0.09403705596923828,-0.5095378160476685,0.2447589635848999
1696965667617301800,73.5243017578125,-0.5764694213867188,-0.037758588790893555,-0.5152895450592041
1696965667627316000,73.53431591796875,1.9097719192504883,-0.5548546314239502,-0.580289363861084
1696965667637330200,73.544330078125,-0.8083038330078125,0.17846453189849854,-1.0870565176010132
1696965667647344400,73.55434448242187,0.4122333526611328,-0.47427117824554443,-0.8916342258453369
1696965667657358600,73.56435864257813,-0.17126178741455078,-0.36581504344940186,-0.3990289568901062
1696965667667372500,73.57437255859375,-0.643463134765625,-0.2600172758102417,-0.16936665773391724
1696965667677386800,73.58438671875,1.064173698425293,0.34413933753967285,0.331040620803833
1696965667687400700,73.59440063476562,0.31166934967041016,-0.7344315052032471,-0.17240571975708008
1696965667697415000,73.60441479492188,-0.24798965454101562,-0.09158813953399658,-0.22891825437545776
1696965667707429000,73.61442919921875,0.8422698974609375,0.23277223110198975,-0.8292629718780518
1696965667717443000,73.62444311523437,-0.9851083755493164,-0.5008144378662109,-1.2143900394439697
1696965667727457300,73.63445727539063,-0.9676074981689453,0.017069339752197266,-0.15513575077056885
1696965667737471500,73.64447143554688,0.6980037689208984,-0.7999261617660522,0.08243018388748169
1696965667747485400,73.6544853515625,-1.3677101135253906,-0.022579431533813477,-0.19465160369873047
1696965667757499600,73.66449975585938,0.1458282470703125,-0.2493220567703247,-0.41371017694473267
1696965667767513900,73.67451391601563,0.12727737426757812,-0.1100391149520874,-0.5152013897895813
1696965667777527800,73.68452783203125,-1.549973487854004,-0.14267230033874512,-0.5303683280944824
1696965667787542000,73.6945419921875,1.5456171035766602,-0.11281406879425049,-0.31216853857040405
1696965667797556000,73.70455590820312,-0.9470186233520508,0.1167222261428833,-0.5203921794891357
1696965667807570200,73.71457006835938,0.4649543762207031,-0.10963129997253418,0.41358286142349243
1696965667817584400,73.72458447265625,0.2920989990234375,-0.08730864524841309,0.6699414849281311
1696965667827598300,73.73459838867187,0.1475372314453125,-0.4497925043106079,-0.2686563730239868
1696965667837612500,73.74461254882813,-0.1346282958984375,0.08134496212005615,-0.7995412945747375
1696965667847626800,73.75462670898438,0.4678840637207031,-0.4344526529312134,-0.6411440968513489
1696965667857640700,73.764640625,0.4714670181274414,0.14550280570983887,-0.8602204918861389
1696965667867655000,73.77465502929688,0.6615819931030273,-0.7922004461288452,-0.5860266089439392
1696965667877669000,73.78466918945313,-0.6153488159179688,0.3085782527923584,0.41604578495025635
1696965667887683000,73.79468310546875,1.9281177520751953,-0.38767826557159424,0.588608980178833
1696965667897697300,73.804697265625,-0.7523946762084961,-0.7015565633773804,-0.34796077013015747
1696965667907711500,73.81471142578125,0.047275543212890625,0.14965689182281494,-0.6752333641052246
1696965667917725400,73.82472534179688,2.1070175170898438,-0.36817848682403564,-0.47174662351608276
1696965667927739600,73.83473974609375,-0.826899528503418,-0.34301435947418213,-1.1606533527374268
1696965667937753900,73.84475390625,0.7426309585571289,-0.7505046129226685,-0.507520318031311
1696965667947768000,73.85476806640625,0.16367053985595703,0.4447096586227417,-0.2215288281440735
1696965667957782300,73.8647822265625,-0.9019327163696289,-0.869086742401123,0.1619223952293396
1696965667967796500,73.87479638671876,2.0727767944335938,0.47415435314178467,-0.43163126707077026
1696965667977810400,73.884810546875,-1.9550175666809082,-1.1860990524291992,-0.9609905481338501
1696965667987824600,73.89482470703125,1.9880504608154297,0.851321816444397,0.07341909408569336
1696965667997838800,73.9048388671875,1.5727519989013672,-0.4966839551925659,-0.7611556649208069
1696965668007853000,73.91485302734375,-1.7753634452819824,-0.19662094116210938,-0.500273585319519
1696965668017867300,73.9248671875,1.6464157104492188,-0.09565889835357666,0.15120500326156616
1696965668027881500,73.93488159179688,-1.8881311416625977,-0.304099440574646,0.05096566677093506
1696965668037895700,73.94489575195313,1.040787696838379,-0.19361913204193115,-0.21429914236068726
1696965668047910000,73.95490991210937,-0.9435329437255859,-0.3174161911010742,-0.8734346032142639
1696965668057924000,73.96492407226563,0.08605766296386719,0.15588617324829102,-0.7948814630508423
1696965668067938300,73.97493823242188,0.30226802825927734,-0.4343928098678589,-0.5904398560523987
1696965668077952500,73.98495239257812,0.3829965591430664,-0.3278515338897705,-0.1813257932662964
1696965668087966700,73.994966796875,-1.1074018478393555,-0.13256752490997314,0.1134791374206543
1696965668097981000,74.00498095703125,1.5661249160766602,-0.3198038339614868,0.5493201613426208
1696965668107995100,74.0149951171875,-0.6058816909790039,-0.007297396659851074,-0.10894173383712769
1696965668118009300,74.02500927734376,0.4179868698120117,-0.529572606086731,-0.2017572522163391
1696965668128023600,74.0350234375,0.5515317916870117,-0.04179584980010986,-0.4383779764175415
1696965668138037800,74.04503784179687,-0.15204524993896484,-0.17145752906799316,-0.12883251905441284
1696965668148052000,74.05505200195313,0.5369195938110352,0.17984509468078613,0.14434051513671875
1696965668158066200,74.06506616210937,-1.0839824676513672,-0.49234771728515625,0.4537545442581177
1696965668168080400,74.07508032226562,1.1740045547485352,0.007603287696838379,0.79332035779953
1696965668178094600,74.08509448242188,-0.6444320678710938,-0.24260926246643066,-0.4306856393814087
1696965668188108800,74.09510888671875,-1.4599761962890625,-0.6173281669616699,-0.38171863555908203
1696965668198123000,74.105123046875,1.1096906661987305,0.26608550548553467,-0.7794477939605713
1696965668208137200,74.11513720703125,-1.3821229934692383,-0.8365994691848755,-0.4086567759513855
1696965668218151400,74.1251513671875,-0.10271739959716797,0.5947545766830444,-0.07333028316497803
1696965668228166000,74.13516577148438,-0.4607229232788086,-0.47365665435791016,0.38128894567489624
1696965668238180000,74.14518017578125,0.6154212951660156,0.22018158435821533,-0.26585906744003296
1696965668248194300,74.1551943359375,-1.502791404724121,-0.5994231700897217,-0.6010098457336426
1696965668258208500,74.16520849609375,0.9187517166137695,-0.17358756065368652,-0.5353671312332153
1696965668268222700,74.17522265625,-0.40228748321533203,0.10090517997741699,-0.7079449892044067
1696965668278237000,74.18523681640625,0.8027276992797852,-0.44946348667144775,-0.4049239754676819
1696965668288251100,74.19525122070313,-0.4314889907836914,0.32162511348724365,0.030117690563201904
1696965668298265300,74.20526538085937,-0.1730632781982422,-0.4374810457229614,0.89141446352005
1696965668308279300,74.215279296875,2.2019853591918945,0.3984837532043457,0.20506590604782104
1696965668318293500,74.22529345703126,-1.4306039810180664,-0.8112095594406128,-0.25679105520248413
1696965668328307700,74.2353076171875,2.3089284896850586,0.06065690517425537,-0.5141825675964355
1696965668338322000,74.24532202148437,-0.9557647705078125,-0.14843332767486572,-0.6680925488471985
1696965668348336000,74.25533618164063,0.188262939453125,-0.5783231258392334,-0.4395080804824829
1696965668358350300,74.26535034179688,-0.26610851287841797,-0.38254082202911377,-0.216755211353302
1696965668368364300,74.2753642578125,0.24074840545654297,-0.5176389217376709,-0.2787032723426819
1696965668378378500,74.28537841796874,0.6322946548461914,0.14165616035461426,-0.7705883979797363
1696965668388392700,74.29539282226563,-0.7212419509887695,-0.866726279258728,-0.875401496887207
1696965668398407000,74.30540698242187,0.876795768737793,0.4749366044998169,-0.7951905727386475
1696965668408421000,74.31542114257813,0.25406932830810547,-0.5930542945861816,-0.4794253706932068
1696965668418435300,74.32543530273438,0.6647415161132812,0.13520896434783936,-0.224465012550354
1696965668428449500,74.33544946289062,-0.44506263732910156,-0.7171978950500488,0.197401225566864
1696965668438463500,74.34546337890625,1.4247064590454102,0.07972550392150879,1.0242502689361572
1696965668448477700,74.35547778320313,1.0196857452392578,-0.15784382820129395,0.04813641309738159
1696965668458492000,74.36549194335937,-1.988206386566162,-0.3310708999633789,-0.27171874046325684
1696965668468506000,74.37550610351562,1.8628358840942383,0.027634859085083008,-0.07144254446029663
1696965668478520300,74.38552026367188,-0.8315448760986328,-0.3132157325744629,-0.32262539863586426
1696965668488534500,74.39553442382812,-0.4336357116699219,-0.25567662715911865,-0.023820817470550537
1696965668498548500,74.40554858398437,-0.7904243469238281,-0.1432793140411377,0.5775095820426941
1696965668508562700,74.41556274414063,1.2890405654907227,-0.2592012882232666,0.2895351052284241
1696965668518577000,74.42557690429688,-1.9631872177124023,-0.1914665699005127,-0.2220611572265625
1696965668528591000,74.43559106445312,1.5768518447875977,-0.5907877683639526,-0.3664257526397705
1696965668538605300,74.44560522460938,-0.9211111068725586,0.07775115966796875,-0.6657065749168396
1696965668548619500,74.45561962890625,-0.21195507049560547,-0.5437396764755249,-0.3620421886444092
1696965668558633500,74.46563354492187,-0.34015369415283203,-0.4503542184829712,-0.03780031204223633
1696965668568647700,74.47564770507813,-0.8270320892333984,-0.5097377300262451,-0.023234069347381592
1696965668578662000,74.48566186523438,0.7568426132202148,0.26921117305755615,-0.23536229133605957
1696965668588676000,74.49567602539062,-0.3149271011352539,-0.6744681596755981,0.09548759460449219
1696965668598690300,74.50569018554687,0.9089117050170898,-0.38145458698272705,-0.5930303931236267
1696965668608704500,74.51570458984375,0.22838115692138672,0.056412458419799805,-0.3754664659500122
1696965668618718500,74.52571850585937,0.390777587890625,-0.42299342155456543,-0.06697607040405273
1696965668628732700,74.53573266601562,0.17473411560058594,-0.3188372850418091,0.16662108898162842
1696965668638747000,74.54574682617188,0.6570749282836914,-0.29026055335998535,0.4582340717315674
1696965668648761000,74.55576098632812,1.3579139709472656,-0.17336416244506836,0.03843092918395996
1696965668658775300,74.565775390625,-0.5089588165283203,0.1635897159576416,-0.5192965269088745
1696965668668789500,74.57578955078125,-0.2163095474243164,-0.32058656215667725,-0.8391674160957336
1696965668678803500,74.58580346679688,-0.8654794692993164,0.07606470584869385,-0.7235832214355469
1696965668688817700,74.59581762695312,-0.10842514038085938,-0.7707499265670776,-0.899641752243042
1696965668698832000,74.60583178710938,-1.3356027603149414,0.44345855712890625,-0.20083820819854736
1696965668708846000,74.61584619140625,1.1334524154663086,-0.6017744541168213,0.23735195398330688
1696965668718860300,74.6258603515625,-0.24073219299316406,0.20971643924713135,-0.1433950662612915
1696965668728874500,74.63587451171875,-0.503148078918457,-0.7453529834747314,-0.7933381199836731
1696965668738888700,74.645888671875,0.3249654769897461,0.52879798412323,0.247242271900177
1696965668748902700,74.65590258789062,-0.6744604110717773,-0.5063202381134033,-0.06333768367767334
1696965668758916900,74.66591674804687,-0.08568096160888672,-0.2868485450744629,0.11140727996826172
1696965668768931000,74.67593115234375,-0.2764759063720703,-0.48357093334198,0.18870705366134644
1696965668778945300,74.6859453125,0.18252086639404297,-0.007458329200744629,-0.024535715579986572
1696965668788959500,74.69595947265626,0.11026859283447266,-0.2952747344970703,-0.3363819718360901
1696965668798973700,74.7059736328125,0.4012947082519531,-0.6996692419052124,-0.6456797122955322
1696965668808987600,74.71598754882812,-0.9709339141845703,-0.032006025314331055,-0.6611548066139221
1696965668819001900,74.726001953125,0.3739662170410156,-0.09029650688171387,-0.29379570484161377
1696965668829016000,74.73601611328125,0.3637809753417969,-0.39955854415893555,-0.1175965666770935
1696965668839030300,74.7460302734375,-0.3634357452392578,-0.057439446449279785,-0.06474137306213379
1696965668849044500,74.75604443359374,0.6601400375366211,-0.5653585195541382,-0.1854650378227234
1696965668859058700,74.76605859375,-0.07274913787841797,0.5361818075180054,-0.5685470700263977
1696965668869072600,74.77607275390625,1.0649223327636719,-0.5793783664703369,-0.3948075771331787
1696965668879086800,74.7860869140625,0.1210641860961914,-0.1907576322555542,-0.23471134901046753
1696965668889101000,74.79610107421875,-0.08941364288330078,-0.45458221435546875,-0.3662855625152588
1696965668899115300,74.806115234375,0.3741588592529297,0.24216270446777344,0.5590987801551819
1696965668909129500,74.81612939453125,1.262430191040039,-0.7404344081878662,0.13302278518676758
1696965668919143700,74.82614379882813,0.2694253921508789,-0.159149169921875,-0.02951788902282715
1696965668929157600,74.83615771484375,0.8137979507446289,-0.025699615478515625,-0.21254754066467285
1696965668939171800,74.846171875,1.145768165588379,-0.08750498294830322,0.1093674898147583
1696965668949186000,74.85618603515626,-0.6584787368774414,-0.2857323884963989,-0.27184951305389404
1696965668959200300,74.8662001953125,-0.7096738815307617,-0.9435107707977295,0.09340721368789673
1696965668969214500,74.87621435546875,-0.09622859954833984,0.20468533039093018,0.05289316177368164
1696965668979228700,74.88622875976563,-0.08191967010498047,-0.6618025302886963,-0.8307784795761108
1696965668989242600,74.89624267578125,-1.447758674621582,-0.1938920021057129,-0.5375568866729736
1696965668999256800,74.9062568359375,1.5326871871948242,-0.2631798982620239,-1.1123229265213013
1696965669009271000,74.91627099609374,-2.2882189750671387,-0.6574481725692749,-0.7376769185066223
1696965669019285200,74.92628515625,0.3648996353149414,0.4489107131958008,-0.1907326579093933
1696965669029299500,74.93629956054687,0.116729736328125,-0.7066980600357056,0.2776358723640442
1696965669039313700,74.94631372070313,-0.12749862670898438,0.3684864044189453,0.029921531677246094
1696965669049327900,74.95632788085938,0.9342899322509766,-0.6015328168869019,-0.5188781023025513
1696965669059341800,74.966341796875,-0.5730323791503906,0.24994122982025146,-0.5832067728042603
1696965669069356000,74.97635595703125,1.5024948120117188,-0.3473520278930664,-0.21062499284744263
1696965669079370200,74.98637036132813,-0.19222545623779297,-0.3040924072265625,-0.03709334135055542
1696965669089384400,74.99638452148437,-0.9896411895751953,0.22407567501068115,0.5067442655563354
1696965669099398700,75.00639868164062,2.8258190155029297,-0.17239999771118164,0.48325151205062866
1696965669109412900,75.01641284179688,-2.145707130432129,-0.5606427192687988,-0.4864567518234253
1696965669119426800,75.0264267578125,0.7119979858398438,-0.4476577043533325,-0.6853134632110596
1696965669129441000,75.03644091796875,0.9304523468017578,-0.1136786937713623,-0.5800012946128845
1696965669139455200,75.04645532226563,-1.5852880477905273,-0.4611332416534424,-0.40335631370544434
1696965669149469400,75.05646948242187,1.5489912033081055,-0.16868770122528076,0.7105504274368286
1696965669159483600,75.06648364257812,0.10671043395996094,-0.5916486978530884,0.2692505717277527
1696965669169497900,75.07649780273438,-1.3314275741577148,-0.3582204580307007,-0.15976810455322266
1696965669179511800,75.08651171875,0.2007579803466797,0.17489969730377197,-0.5591738820075989
1696965669189526000,75.09652612304687,-0.48245716094970703,-0.4989337921142578,-0.9159069657325745
1696965669199540200,75.10654028320313,-0.30910301208496094,-0.4200263023376465,-0.8648024797439575
1696965669209554400,75.11655444335938,-0.7853012084960938,0.04096114635467529,-0.15002715587615967
1696965669219568600,75.12656860351562,0.5355186462402344,-0.3209090232849121,0.341447114944458
1696965669229582800,75.13658276367188,-0.6357393264770508,0.15872323513031006,0.5757561922073364
1696965669239596800,75.1465966796875,1.0473833084106445,-0.5751338005065918,-0.11062544584274292
1696965669249611000,75.15661108398437,-1.5158357620239258,0.5774744749069214,-0.6559478044509888
1696965669259625700,75.16662573242188,-0.0647878646850586,-0.5895133018493652,-0.8609414100646973
1696965669269639700,75.1766396484375,-0.2076730728149414,0.2170095443725586,-0.5707954168319702
1696965669279653400,75.1866533203125,-1.2391977310180664,-0.25508153438568115,0.0986221432685852
1696965669289667300,75.19666723632812,0.020429611206054688,0.3172435760498047,0.880357563495636
1696965669299681000,75.20668090820313,-0.4722881317138672,-0.3524618148803711,-0.37844228744506836
1696965669309695000,75.21669506835937,-0.3810234069824219,-0.31778478622436523,-0.5700502395629883
1696965669319709000,75.226708984375,1.626835823059082,0.0051419734954833984,-0.5023230910301208
1696965669329723000,75.23672290039063,0.1838665008544922,-0.9775471687316895,-0.284257173538208
1696965669339736800,75.24673681640625,-0.5905780792236328,0.660973310470581,0.7141044735908508
1696965669349751000,75.2567509765625,1.5216751098632812,-0.5439149141311646,0.9777582287788391
1696965669359765000,75.26676489257812,-0.9958381652832031,-0.1341087818145752,-0.19088077545166016
1696965669369779200,75.276779296875,-1.840001106262207,-0.9499338865280151,-0.7276179194450378
1696965669379793400,75.28679345703125,1.5090150833129883,0.2604858875274658,-0.6650218963623047
1696965669389807600,75.2968076171875,0.42040061950683594,-0.2910041809082031,-1.587785243988037
1696965669399822000,75.30682202148438,-1.4538545608520508,-1.0191899538040161,-0.9929683208465576
1696965669409836300,75.31683618164062,1.0299673080444336,0.08150756359100342,0.15503990650177002
1696965669419850800,75.32685083007813,0.09124755859375,-0.3411186933517456,1.222155213356018
1696965669429865200,75.336865234375,1.0268335342407227,0.12797975540161133,0.8908984065055847
1696965669439879400,75.34687939453126,0.9572238922119141,-0.9927549362182617,-0.4626678228378296
1696965669449894000,75.35689379882812,-0.19238948822021484,0.7895596027374268,-0.7919846773147583
1696965669459908400,75.36690844726563,1.7052536010742188,-0.36227405071258545,-0.10914438962936401
1696965669469922600,75.37692260742188,1.0696735382080078,-0.31452620029449463,-0.4257720112800598
1696965669479937000,75.38693701171874,-1.2310676574707031,0.00012981891632080078,0.22999799251556396
1696965669489951200,75.396951171875,2.207317352294922,-1.35276198387146,0.47436821460723877
1696965669499965400,75.40696533203125,-1.095235824584961,0.780322790145874,-0.4850890040397644
1696965669509980000,75.41697998046875,1.7834091186523438,-1.4943000078201294,-1.2443281412124634
1696965669519993600,75.42699365234375,-0.6805191040039062,0.47399985790252686,-0.29363012313842773
1696965669530007600,75.43700756835938,0.9738492965698242,-0.7493544816970825,-0.0789635181427002
1696965669540021500,75.447021484375,-0.5709505081176758,-0.09675538539886475,0.07108455896377563
1696965669550035200,75.45703515625,-0.49338245391845703,-0.34633100032806396,0.18277788162231445
1696965669560049200,75.46704907226562,0.37341785430908203,-0.8188949823379517,0.05142998695373535
1696965669570063000,75.47706298828125,-1.1659622192382812,0.1417304277420044,-0.3605785369873047
1696965669580077000,75.4870771484375,1.1837186813354492,-0.8110717535018921,-0.47992974519729614
1696965669590091000,75.49709106445313,-0.7156915664672852,-0.356575608253479,-0.6291820406913757
1696965669600105000,75.50710498046875,-1.453984260559082,0.17770147323608398,-0.2547416090965271
1696965669610119200,75.517119140625,2.128936767578125,0.4402831792831421,0.9280871152877808
1696965669620133400,75.52713330078124,-1.0531702041625977,-0.7691267728805542,0.06759685277938843
1696965669630147600,75.53714770507813,-0.7116470336914062,-0.34881114959716797,0.038761794567108154
1696965669640161800,75.54716186523437,1.5840225219726562,0.5036666393280029,-0.5984365940093994
1696965669650176300,75.55717626953125,-1.821730136871338,-0.4054607152938843,-0.8037132024765015
1696965669660190500,75.5671904296875,-0.283203125,0.0321810245513916,-0.5653239488601685
1696965669670205000,75.57720483398438,-0.9651508331298828,-0.6322517395019531,0.07696938514709473
1696965669680219100,75.58721923828125,0.5328712463378906,0.5378948450088501,0.8724390864372253
1696965669690233600,75.59723364257812,2.0083446502685547,-1.0587892532348633,-0.06915062665939331
1696965669700248000,75.607248046875,-1.9340076446533203,-0.051122069358825684,-0.5422400236129761
1696965669710262300,75.61726220703125,2.0846662521362305,-0.17692720890045166,0.01834028959274292
1696965669720276700,75.62727685546875,-0.5386295318603516,-0.08811211585998535,-0.35934025049209595
1696965669730291200,75.63729125976562,-0.5615901947021484,0.02552330493927002,0.24176108837127686
1696965669740305400,75.64730541992188,1.5996894836425781,-0.5402060747146606,-0.41654664278030396
1696965669750319400,75.6573193359375,-1.9542455673217773,-0.04119288921356201,-0.06425625085830688
1696965669760333600,75.66733349609375,1.6864748001098633,-0.6525388956069946,-1.0082371234893799
1696965669770347800,75.67734765625,-0.9878768920898438,0.067901611328125,-0.290124773979187
1696965669780361700,75.68736181640625,0.8586578369140625,-0.2612241506576538,-0.5271867513656616
1696965669790376000,75.6973759765625,-1.312234878540039,-0.3487968444824219,-0.4800671935081482
1696965669800390100,75.70739013671874,0.5733022689819336,0.48067986965179443,0.29480427503585815
1696965669810404000,75.71740405273438,-0.37323665618896484,-0.19595646858215332,0.2974347472190857
1696965669820418300,75.72741821289063,-0.05329704284667969,-0.24269413948059082,-0.20081955194473267
1696965669830432300,75.73743237304687,0.2196035385131836,-0.2929728031158447,-0.8055111765861511
1696965669840446500,75.74744653320313,-0.37347888946533203,0.1113816499710083,-0.07773637771606445
1696965669850460700,75.75746069335938,0.32944488525390625,0.2605888843536377,-0.3315817713737488
1696965669860474600,75.767474609375,-1.095510482788086,-0.40865635871887207,0.3993828296661377
1696965669870488800,75.77748876953125,1.1766557693481445,0.49004876613616943,0.9042469263076782
1696965669880503000,75.7875029296875,-0.6666498184204102,-1.1756088733673096,-0.0688239336013794
1696965669890517000,75.79751708984375,0.2944612503051758,0.33355259895324707,-0.7441599369049072
1696965669900531200,75.80753125,2.0760574340820312,-0.2546703815460205,-0.28138506412506104
1696965669910545400,75.81754541015626,-0.9826297760009766,-0.4357755184173584,0.35634517669677734
1696965669920559400,75.82755932617188,0.5045623779296875,0.04436969757080078,0.1148080825805664
1696965669930573600,75.83757348632813,-0.19472885131835938,-0.827879786491394,-0.4450159966945648
1696965669940587500,75.84758740234375,-2.7696638107299805,0.031014680862426758,0.11569970846176147
1696965669950601700,75.85760180664063,2.196157455444336,-0.7652729749679565,-0.7744591236114502
1696965669960616000,75.86761596679688,-1.402522087097168,0.22921490669250488,-0.9106655120849609
1696965669970630000,75.8776298828125,-0.26648616790771484,-0.4720132350921631,-1.0219228267669678
1696965669980644000,75.88764404296874,0.07857704162597656,-0.6980949640274048,-0.4014177918434143
1696965669990658300,75.897658203125,-1.766469955444336,-0.34548497200012207,-0.21608459949493408
1696965670000672300,75.90767236328125,1.7170219421386719,0.10129809379577637,-0.28053075075149536
1696965670010686500,75.9176865234375,-2.0857057571411133,0.06921982765197754,-0.322933554649353
1696965670020700700,75.92770068359376,1.9612131118774414,-0.2993135452270508,-0.6966323852539062
1696965670030714600,75.93771459960938,0.8152503967285156,-0.3533438444137573,-0.6951857805252075
1696965670040728800,75.94772875976562,-1.2844629287719727,-0.5118107795715332,-0.7948747873306274
1696965670050743000,75.95774291992187,2.7615861892700195,0.04168415069580078,0.7237120270729065
1696965670060757200,75.96775732421875,1.111429214477539,0.21325421333312988,0.44590604305267334
1696965670070771500,75.977771484375,-0.5876407623291016,-0.6215392351150513,0.3846648931503296
1696965670080785700,75.98778564453124,0.6317863464355469,0.13471674919128418,0.06379175186157227
1696965670090799600,75.99779956054688,0.8165931701660156,-0.9834604263305664,0.10564041137695312
1696965670100813800,76.00781372070313,0.48548221588134766,0.3146219253540039,0.5305231809616089
1696965670110828000,76.017828125,0.14420413970947266,-0.5298835039138794,0.30539917945861816
1696965670120842200,76.02784228515625,0.30158519744873047,-0.20776629447937012,-0.25571566820144653
1696965670130856400,76.0378564453125,-2.255370616912842,-0.5914139747619629,-0.10570520162582397
1696965670140870700,76.04787060546874,0.8796348571777344,-0.9366476535797119,-0.27032655477523804
1696965670150884600,76.05788452148437,-0.9905052185058594,-0.0038535594940185547,-0.7620740532875061
1696965670160898800,76.06789892578125,-0.4762716293334961,-0.46174728870391846,-0.8106389045715332
1696965670170913000,76.0779130859375,-0.0828704833984375,-0.11522746086120605,-0.7435280084609985
1696965670180927200,76.08792724609376,-1.0903921127319336,0.023016929626464844,-0.48137831687927246
1696965670190941400,76.09794140625,1.7801265716552734,-0.2303636074066162,0.4797576665878296
1696965670200955600,76.10795556640625,-1.6068077087402344,-0.651930570602417,-0.08575904369354248
1696965670210969600,76.11796948242187,0.4610261917114258,0.3047196865081787,-0.342637300491333
1696965670220983800,76.12798388671875,1.7892074584960938,0.4285914897918701,-0.24733823537826538
1696965670230998000,76.137998046875,-2.0038256645202637,-0.8758828639984131,0.13687735795974731
1696965670241012200,76.14801220703124,0.7913351058959961,0.019088029861450195,0.17689234018325806
1696965670251026400,76.1580263671875,0.087554931640625,0.0260465145111084,-0.40051180124282837
1696965670261040600,76.16804052734375,-0.49548816680908203,-0.1871776580810547,-0.2917206287384033
1696965670271054800,76.17805493164063,1.8760910034179688,0.026474356651306152,-0.16706401109695435
1696965670281068800,76.18806884765625,-2.032349109649658,-0.35978639125823975,-0.2439531683921814
1696965670291083000,76.1980830078125,0.9159708023071289,0.25819075107574463,0.6136659383773804
1696965670301097200,76.20809716796875,0.19234371185302734,-0.6416981220245361,-0.3069530129432678
1696965670311111400,76.218111328125,-2.326615333557129,0.8006268739700317,-0.06311047077178955
1696965670321125600,76.22812573242187,2.318528175354004,-0.5779510736465454,-0.8468589186668396
1696965670331139800,76.23813989257812,-1.9112505912780762,-0.6334819793701172,-0.3898959755897522
1696965670341153800,76.24815380859376,0.10990238189697266,-0.601763129234314,0.424491286277771
1696965670351168000,76.25816796875,0.6541872024536133,-0.2877708673477173,-0.0257912278175354
1696965670361182200,76.26818212890625,-0.8720016479492188,0.30211949348449707,-0.008715510368347168
1696965670371196400,76.27819653320313,0.9127836227416992,-0.7921751737594604,-0.441232293844223
1696965670381210600,76.28821069335937,-0.6328811645507812,0.029714226722717285,-0.21894341707229614
1696965670391224800,76.29822485351562,1.1461095809936523,-0.8794137239456177,-0.3073485493659973
1696965670401238800,76.30823876953124,1.7314577102661133,0.11754536628723145,-0.5757536888122559
1696965670411253000,76.3182529296875,-0.7957887649536133,0.08269047737121582,-0.3764593005180359
1696965670421267200,76.32826708984375,0.6354560852050781,-0.26913130283355713,0.5092150568962097
1696965670431281400,76.33828149414063,1.5321283340454102,0.2887885570526123,-0.0016184449195861816
1696965670441295600,76.34829565429688,-0.12483978271484375,-1.05082368850708,-0.7029808759689331
1696965670451309800,76.35830981445312,1.491093635559082,0.408998966217041,-0.5088555812835693
1696965670461323800,76.36832373046875,-0.49991798400878906,-0.4558964967727661,-0.21870052814483643
1696965670471338000,76.378337890625,0.0938272476196289,0.10703504085540771,0.6999005675315857
1696965670481352200,76.38835229492187,1.049306869506836,-0.4403066635131836,0.43639910221099854
1696965670491366400,76.39836645507812,-2.1258325576782227,-0.6043602228164673,0.345197856426239
1696965670501380600,76.40838061523438,0.5453071594238281,0.2130495309829712,-0.005306541919708252
1696965670511394800,76.41839477539062,-0.45931053161621094,-0.1789102554321289,-1.0328359603881836
1696965670521408800,76.42840869140625,-1.1367988586425781,-0.6022592782974243,-1.061899185180664
1696965670531423000,76.43842309570313,-1.5778427124023438,-0.009659290313720703,-0.48534488677978516
1696965670541437200,76.44843725585937,-0.07851600646972656,-0.7666531801223755,0.10834187269210815
1696965670551451400,76.45845141601562,-1.9793167114257812,-0.25755441188812256,0.30845630168914795
1696965670561465600,76.46846557617188,0.7249422073364258,-0.32893097400665283,0.012914419174194336
1696965670571479800,76.47847973632813,-0.9249782562255859,0.39831435680389404,-0.4970134496688843
1696965670581494000,76.48849389648437,0.2860393524169922,-0.687401533126831,-0.630052387714386
1696965670591508000,76.49850805664063,0.2810831069946289,0.5389208793640137,0.2129807472229004
1696965670601522200,76.50852221679688,-1.062479019165039,-0.3732950687408447,0.6094100475311279
1696965670611536400,76.51853637695312,2.2656173706054688,-0.02091991901397705,0.7125734090805054
1696965670621550600,76.52855053710938,0.11901187896728516,-0.25368595123291016,-0.22403132915496826
1696965670631564800,76.53856469726563,-0.0010538101196289062,-0.3166477680206299,-0.6613767743110657
1696965670641579000,76.5485791015625,1.6473913192749023,0.032918334007263184,-0.22053760290145874
1696965670651593000,76.55859301757812,-1.5055866241455078,-0.13092637062072754,0.33050239086151123
1696965670661607200,76.56860717773438,2.0382080078125,-0.26371777057647705,0.48714113235473633
1696965670671621400,76.57862133789062,-0.4227733612060547,-0.11516737937927246,0.05956679582595825
1696965670681635600,76.58863549804687,0.10335159301757812,-0.7792885303497314,-0.44382938742637634
1696965670691649800,76.59864990234375,0.24633121490478516,-0.32621777057647705,-1.2615656852722168
1696965670701664000,76.6086640625,-0.8389549255371094,-0.6718388795852661,-0.816543698310852
1696965670711678000,76.61867797851562,0.21971511840820312,0.3127084970474243,-0.4774858355522156
1696965670721692200,76.62869213867188,-0.8368959426879883,-0.3888254165649414,0.4745165705680847
1696965670731706400,76.63870629882813,1.6742849349975586,-0.3497849702835083,1.0072312355041504
1696965670741720600,76.64872045898437,-1.5886821746826172,-0.9167604446411133,-0.054471731185913086
1696965670751734800,76.65873486328125,1.1671972274780273,0.26961028575897217,-0.27129119634628296
1696965670761749000,76.6687490234375,0.28086090087890625,0.23974573612213135,-0.46953362226486206
1696965670771763000,76.67876293945312,-0.5707015991210938,-0.48112285137176514,-0.5449671745300293
1696965670781777200,76.68877709960938,-0.955845832824707,0.0343705415725708,0.8008076548576355
1696965670791791400,76.69879125976563,0.5992269515991211,-0.2126981019973755,0.5775395631790161
1696965670801805600,76.7088056640625,0.38720226287841797,0.2872985601425171,-0.11326467990875244
1696965670811819800,76.71881982421876,-0.000881195068359375,-0.5064364671707153,-0.8349965214729309
1696965670821834000,76.728833984375,0.037400245666503906,-0.19056272506713867,-0.4590684175491333
1696965670831848000,76.73884790039062,-0.45484256744384766,0.25416648387908936,0.5735751390457153
1696965670841862100,76.74886206054687,1.1371688842773438,-1.245489478111267,0.3035932183265686
1696965670851876400,76.75887646484375,-1.2498674392700195,0.7647901773452759,0.2295272946357727
1696965670861890600,76.768890625,1.070063591003418,-0.8323086500167847,-0.19500821828842163
1696965670871904800,76.77890478515624,0.1696643829345703,0.07561051845550537,-0.7964502573013306
1696965670881919000,76.7889189453125,-0.4574394226074219,-1.0444328784942627,-1.6910357475280762
1696965670891933200,76.79893310546875,-1.2055330276489258,-0.43373608589172363,-0.7523878216743469
1696965670901947100,76.80894702148437,2.261892318725586,0.4168589115142822,0.011093318462371826
1696965670911961300,76.81896142578125,-1.058614730834961,-1.1748769283294678,0.08703207969665527
1696965670921975600,76.8289755859375,0.6543645858764648,-0.2740342617034912,-0.08689004182815552
1696965670931989800,76.83898974609374,0.5390415191650391,-0.22717297077178955,-0.7319789528846741
1696965670942004000,76.84900390625,1.5080747604370117,0.6013097763061523,-0.6405004262924194
1696965670952018200,76.85901806640625,-0.8886537551879883,-0.6208916902542114,-0.6087496280670166
1696965670962032000,76.8690322265625,-0.3988046646118164,-0.2680528163909912,0.6468771696090698
1696965670972046300,76.87904638671876,1.9396915435791016,0.3882333040237427,1.1809179782867432
1696965670982060500,76.889060546875,-0.12932586669921875,-0.47199416160583496,-0.3192451596260071
1696965670992074800,76.89907470703125,0.49237060546875,0.2507948875427246,-0.6400599479675293
1696965671002089000,76.9090888671875,0.057033538818359375,-0.45641863346099854,-0.8506290912628174
1696965671012103200,76.91910327148437,-1.0323591232299805,0.04044365882873535,-0.047718346118927
1696965671022117000,76.9291171875,1.2163591384887695,-0.5421326160430908,0.3332720398902893
1696965671032131300,76.93913134765624,-0.8118600845336914,-0.509198784828186,0.6422994136810303
1696965671042145500,76.9491455078125,0.059515953063964844,0.39842236042022705,0.6063594818115234
1696965671052159700,76.95915966796875,2.4439430236816406,-0.44262588024139404,-0.5800713896751404
1696965671062174000,76.96917407226563,-2.3400559425354004,-0.4997624158859253,-0.9444469213485718
1696965671072188200,76.97918823242188,-0.8192605972290039,-0.591576099395752,-0.684806227684021
1696965671082202000,76.9892021484375,0.8220863342285156,0.1002122163772583,0.04276818037033081
1696965671092216300,76.99921630859374,-0.6843271255493164,-0.6454522609710693,-0.2478797435760498
1696965671102230500,77.00923046875,-0.5531291961669922,-0.7302072048187256,0.04361534118652344
1696965671112244700,77.01924462890625,0.36110782623291016,0.3347461223602295,-0.8789718151092529
1696965671122259000,77.02925903320312,-0.49453163146972656,0.1934300661087036,-0.6337045431137085
1696965671132273200,77.03927319335938,0.3005847930908203,-0.33836066722869873,-0.25090503692626953
1696965671142287000,77.049287109375,-1.4341850280761719,0.18087029457092285,0.4571099877357483
1696965671152301300,77.05930126953125,0.714756965637207,-0.10347485542297363,0.45053666830062866
1696965671162315500,77.0693154296875,1.1098899841308594,0.18593835830688477,0.2741004228591919
1696965671172329700,77.07932983398437,0.6627702713012695,-0.6267194747924805,-0.07249683141708374
1696965671182344000,77.08934399414062,0.1879100799560547,0.09564292430877686,-0.24624884128570557
1696965671192358100,77.09935815429688,0.32572460174560547,0.11589038372039795,-0.18233627080917358
1696965671202372000,77.1093720703125,0.5736217498779297,-0.3577622175216675,0.6808961629867554
1696965671212386300,77.11938623046875,-1.5541658401489258,0.10540807247161865,0.7066987752914429
1696965671222400500,77.129400390625,0.2498931884765625,-0.9412268400192261,-0.446951299905777
1696965671232414700,77.13941479492188,0.04384899139404297,0.40474069118499756,-1.5181695222854614
1696965671242429000,77.14942895507812,-1.9197874069213867,-1.1954944133758545,-0.905483067035675
1696965671252443100,77.15944311523438,0.9805202484130859,-0.21435701847076416,-0.5633788108825684
1696965671262457300,77.16945727539063,-1.9314632415771484,-0.1696680784225464,-0.030628204345703125
1696965671272471300,77.17947119140625,1.437363624572754,-0.03962886333465576,0.6611804366111755
1696965671282485500,77.18948559570312,-1.2416057586669922,-0.4797598123550415,0.019073784351348877
1696965671292499700,77.19949975585938,0.17489051818847656,-0.39456427097320557,-0.6262444853782654
1696965671302514000,77.20951391601562,1.6706371307373047,0.26337528228759766,-0.6623784303665161
1696965671312528100,77.21952807617187,-2.0506744384765625,-0.35013508796691895,0.27101635932922363
1696965671322542300,77.22954223632813,2.249256134033203,0.17548060417175293,1.0081595182418823
1696965671332556300,77.23955639648437,0.370758056640625,0.2636960744857788,0.024441838264465332
1696965671342570500,77.24957055664062,-0.5527963638305664,-0.8296964168548584,0.22019803524017334
1696965671352584700,77.25958471679688,1.7849788665771484,0.3284261226654053,-0.13083434104919434
1696965671362599000,77.26959887695313,-1.0825014114379883,-0.6271613836288452,-0.6003255248069763
1696965671372613000,77.27961303710937,0.5879945755004883,-0.2641308307647705,0.17955410480499268
1696965671382627300,77.28962744140625,0.27106666564941406,-0.5848106145858765,0.4210599660873413
1696965671392641300,77.29964135742188,0.07865142822265625,-0.0937490463256836,0.18430328369140625
1696965671402655500,77.30965551757812,0.7094478607177734,-0.5779213905334473,-0.7849156856536865
1696965671412669700,77.31966967773438,-1.0365371704101562,-0.22750306129455566,-0.6987130045890808
1696965671422684000,77.32968383789063,0.1416645050048828,-0.7567534446716309,-0.7745357155799866
1696965671432698000,77.33969799804687,-0.35536670684814453,-0.32529187202453613,-0.6039453744888306
1696965671442712300,77.34971240234376,0.1573486328125,-0.46829867362976074,0.43873780965805054
1696965671452726300,77.35972631835938,-0.3013801574707031,-0.22987759113311768,0.1628287434577942
1696965671462740500,77.36974047851562,0.6358737945556641,-0.40101706981658936,0.058984220027923584
1696965671472754700,77.37975463867187,0.610957145690918,0.35259556770324707,-0.7751227617263794
1696965671482769000,77.38976879882813,-0.5129480361938477,-1.0311744213104248,0.019519448280334473
1696965671492783000,77.399783203125,-0.5542640686035156,0.8396769762039185,0.8127830624580383
1696965671502797300,77.40979736328126,1.4535446166992188,-0.9683653116226196,0.16480529308319092
1696965671512811300,77.41981127929688,-0.9862375259399414,0.5774072408676147,0.6807854771614075
1696965671522825500,77.42982543945313,1.6964178085327148,-0.4620755910873413,0.5769128203392029
1696965671532839700,77.43983959960937,0.23949432373046875,-0.5100898742675781,-0.18288171291351318
1696965671542854000,77.44985400390625,-1.0991802215576172,0.6048438549041748,-0.22627562284469604
1696965671552868000,77.4598681640625,1.985682487487793,-1.1441895961761475,0.46351176500320435
1696965671562882300,77.46988232421874,-1.7889747619628906,0.7770167589187622,0.5471689701080322
1696965671572896500,77.479896484375,1.5207529067993164,-1.056613564491272,-0.05909937620162964
1696965671582910500,77.48991040039063,-0.33111572265625,-0.2523897886276245,-0.07397115230560303
1696965671592924700,77.49992456054687,-0.4842042922973633,-0.20738661289215088,-0.3936479091644287
1696965671602939000,77.50993896484376,-0.0237884521484375,-0.7046495676040649,-0.2909696102142334
1696965671612953000,77.519953125,-0.9412002563476562,0.7081727981567383,0.23624080419540405
1696965671622967300,77.52996728515625,0.7241172790527344,-1.4312273263931274,0.15432733297348022
1696965671632981500,77.5399814453125,-2.0348401069641113,0.35578107833862305,-0.5541298389434814
1696965671642995500,77.54999536132813,-0.05164813995361328,-0.7122719287872314,-0.8412948846817017
1696965671653009700,77.560009765625,-0.3234577178955078,-0.026495814323425293,-0.8747498989105225
1696965671663023900,77.57002392578126,-1.8038725852966309,0.2371596097946167,-0.7105189561843872
1696965671673038000,77.5800380859375,1.101480484008789,-0.3489469289779663,-0.25498807430267334
1696965671683052300,77.59005224609375,-1.0127830505371094,-0.09803450107574463,-0.10538113117218018
1696965671693066500,77.60006640625,1.9328536987304688,-0.1496514081954956,-0.3552124500274658
1696965671703080400,77.61008056640625,-0.7946815490722656,0.11149108409881592,0.0056261420249938965
1696965671713094700,77.6200947265625,1.5194597244262695,-0.40214431285858154,-0.022556066513061523
1696965671723108900,77.63010888671874,1.0957441329956055,-0.5692709684371948,0.43492788076400757
1696965671733123000,77.640123046875,0.5002593994140625,0.24789869785308838,0.5244202017784119
1696965671743137300,77.65013720703125,0.828953742980957,-0.4724416732788086,0.17292308807373047
1696965671753151500,77.6601513671875,-0.37787437438964844,-0.001697540283203125,-0.08203399181365967
1696965671763165400,77.67016552734376,1.3147172927856445,-0.6134927272796631,-0.5388933420181274
1696965671773179600,77.6801796875,-0.4754638671875,-0.21390831470489502,-0.23052263259887695
1696965671783193900,77.69019384765625,0.4667501449584961,-0.5781210660934448,-0.21661198139190674
1696965671793208000,77.7002080078125,0.16015243530273438,-1.3988008499145508,-0.20175701379776
1696965671803222300,77.71022216796875,-0.8817167282104492,0.6212401390075684,-0.1052931547164917
1696965671813236500,77.72023657226562,1.8969860076904297,-1.0146572589874268,-0.42891305685043335
1696965671823250400,77.73025048828126,-0.42477989196777344,0.6463466882705688,-0.47644293308258057
1696965671833264600,77.7402646484375,0.26947021484375,-1.1468030214309692,-0.38416844606399536
1696965671843278800,77.75027880859375,0.3700523376464844,0.5066008567810059,1.035093069076538
1696965671853293000,77.76029296875,1.8930530548095703,-0.49834930896759033,0.0081862211227417
1696965671863307300,77.77030737304688,-0.18937969207763672,-0.14867687225341797,0.5674993991851807
1696965671873321500,77.78032153320312,1.1587553024291992,-0.24418962001800537,0.40440040826797485
1696965671883335700,77.79033569335938,-1.1233272552490234,-0.24439787864685059,-0.32105761766433716
1696965671893350000,77.80034985351563,0.27457714080810547,0.30255985260009766,0.15930873155593872
1696965671903364000,77.81036401367187,-0.10268783569335938,-0.7128431797027588,-0.3997839093208313
1696965671913378300,77.82037841796875,-2.3389196395874023,-0.48371732234954834,-0.6629442572593689
1696965671923392500,77.830392578125,-0.24468517303466797,-0.06527495384216309,-0.6975691318511963
1696965671933407000,77.84040698242187,0.6981868743896484,-0.33325695991516113,-0.6379228234291077
1696965671943421200,77.85042114257813,-0.6413002014160156,0.10739755630493164,-0.0348934531211853
1696965671953435400,77.86043530273437,-0.04182624816894531,-0.8514944314956665,-0.41301482915878296
1696965671963449600,77.87044970703126,-0.2375202178955078,0.140244722366333,0.37862473726272583
1696965671973463800,77.8804638671875,0.5472574234008789,-0.8719557523727417,-0.21800726652145386
1696965671983478000,77.89047802734375,-1.475107192993164,-0.37915825843811035,-0.2161807417869568
1696965671993492200,77.9004921875,1.0517215728759766,0.6399173736572266,-0.20910900831222534
1696965672003506400,77.91050634765625,0.21810245513916016,-1.2581675052642822,-0.5944967269897461
1696965672013520600,77.92052075195312,-1.8030853271484375,0.38631153106689453,0.22286075353622437
1696965672023534800,77.93053491210938,1.7470264434814453,-0.3532363176345825,0.49066251516342163
1696965672033549000,77.94054907226563,-0.8991222381591797,0.2719978094100952,0.45651698112487793
1696965672043563300,77.95056323242187,1.7497024536132812,-0.5752623081207275,-0.2761352062225342
1696965672053577500,77.96057739257813,-0.9296436309814453,-0.34217727184295654,0.17255622148513794
1696965672063591700,77.970591796875,1.207784652709961,0.43394505977630615,0.23650121688842773
1696965672073606000,77.98060595703124,-0.11832714080810547,-0.43779146671295166,0.36319500207901
1696965672083620000,77.9906201171875,0.28277587890625,-0.4095175266265869,0.3971303105354309
1696965672093634300,78.00063427734375,0.19626808166503906,-0.014526724815368652,0.10751092433929443
1696965672103648500,78.0106484375,0.9979362487792969,-0.1557995080947876,-0.10730510950088501
1696965672113662700,78.02066284179688,-0.7293481826782227,-0.2584569454193115,-0.5513819456100464
1696965672123677000,78.03067700195312,-0.08790016174316406,-0.22655856609344482,-0.9370071291923523
1696965672133691100,78.04069116210937,-2.3907947540283203,-0.8724312782287598,-0.4971151351928711
1696965672143705300,78.05070532226563,0.7546396255493164,-0.2588167190551758,0.4640759229660034
1696965672153719600,78.06071948242187,0.5615415573120117,-0.3527860641479492,-0.61741042137146
1696965672163733800,78.07073364257812,-1.872220516204834,-0.28828465938568115,-0.8028426170349121
1696965672173748000,78.080748046875,2.0175533294677734,-0.3558751344680786,-0.48035648465156555
1696965672183762200,78.09076220703125,-2.846798896789551,0.00633692741394043,-0.11869734525680542
1696965672193776000,78.10077612304687,0.17951488494873047,-0.0639643669128418,0.5753886699676514
1696965672203790300,78.11079028320313,2.664213180541992,0.15672028064727783,0.44331425428390503
1696965672213804500,78.12080444335938,-1.8870959281921387,-1.010133147239685,-0.5293247103691101
1696965672223818800,78.13081884765624,1.519272804260254,0.41753625869750977,0.11330652236938477
1696965672233833000,78.1408330078125,1.1090774536132812,0.19931280612945557,-0.5725895166397095
1696965672243847200,78.15084716796875,-1.9233603477478027,-0.5254112482070923,0.47719722986221313
1696965672253861000,78.16086108398437,1.4825944900512695,-0.21827316284179688,0.06112462282180786
1696965672263875300,78.17087524414063,-2.3341827392578125,-0.7704119682312012,0.27028888463974
1696965672273889500,78.1808896484375,2.979092597961426,0.2354440689086914,-0.4551214575767517
1696965672283903700,78.19090380859375,-2.4040608406066895,-1.0977355241775513,-1.236618995666504
1696965672293918000,78.20091796875,-0.4922924041748047,-0.2385491132736206,-0.6592150330543518
1696965672303932200,78.21093212890625,1.1056947708129883,-0.22263967990875244,-0.15076076984405518
1696965672313946000,78.22094604492187,-1.191666603088379,-0.49654722213745117,-0.7343611717224121
1696965672323960300,78.23096020507812,0.9472646713256836,-0.7125334739685059,-0.6726447343826294
1696965672333974500,78.240974609375,-1.1810531616210938,-1.0865364074707031,-0.8558699488639832
1696965672343988700,78.25098876953125,0.4363584518432617,0.8663853406906128,-0.9296881556510925
1696965672354003000,78.2610029296875,0.7701616287231445,-1.0015301704406738,-0.8852730989456177
1696965672364017200,78.27101708984375,-0.30162811279296875,-0.10411369800567627,0.4861149191856384
1696965672374031400,78.28103125,1.7205390930175781,-0.5910521745681763,0.47135406732559204
1696965672384045300,78.29104541015624,0.38792991638183594,0.019806623458862305,0.21372997760772705
1696965672394059500,78.3010595703125,2.604128837585449,0.04977583885192871,-0.13466256856918335
1696965672404073700,78.31107373046875,-0.6799840927124023,-1.175430417060852,-0.41785264015197754
1696965672414088000,78.321087890625,-0.6116800308227539,0.4368065595626831,0.6548207998275757
1696965672424102100,78.33110205078125,2.165952682495117,-0.24985945224761963,0.4071100950241089
1696965672434116400,78.34111645507812,-2.2879133224487305,-0.053037405014038086,-0.05383211374282837
1696965672444130300,78.35113037109375,2.1515579223632812,-0.7415252923965454,-0.7827233672142029
1696965672454144500,78.36114453125,-2.775073528289795,-0.5248045921325684,-1.2667850255966187
1696965672464158700,78.37115869140625,0.9728240966796875,0.47431445121765137,-1.1732770204544067
1696965672474173000,78.3811728515625,-1.7091083526611328,-0.9513211250305176,-0.7445998191833496
1696965672484187100,78.39118725585938,-1.8870820999145508,-0.2773773670196533,-0.033201396465301514
1696965672494201300,78.40120141601562,1.0856714248657227,-0.8002939224243164,-0.12676256895065308
1696965672504215300,78.41121533203125,-1.1439104080200195,-0.14944815635681152,-0.8858062028884888
1696965672514229500,78.4212294921875,0.3787984848022461,0.07148873805999756,-1.0832245349884033
1696965672524243700,78.43124365234375,-0.30969810485839844,-0.8623273372650146,-0.2638094425201416
1696965672534258000,78.4412578125,-0.5858116149902344,0.3531385660171509,-0.15631473064422607
1696965672544272100,78.45127221679688,0.26151180267333984,-0.4022982120513916,0.23504871129989624
1696965672554286300,78.46128637695313,0.7295045852661133,-0.14917707443237305,0.008008122444152832
1696965672564300300,78.47130029296875,0.1733236312866211,-0.6322451829910278,-0.08112329244613647
1696965672574314500,78.481314453125,1.1238670349121094,0.6647768020629883,0.05747544765472412
1696965672584328700,78.49132861328125,-0.054190635681152344,-0.24252402782440186,0.37743914127349854
1696965672594343000,78.50134301757812,1.5268373489379883,-0.4578007459640503,0.7255734205245972
1696965672604357000,78.51135717773437,-0.9137439727783203,-0.26671111583709717,-0.07772433757781982
1696965672614371300,78.52137133789063,1.9596214294433594,-0.06888723373413086,0.2832450270652771
1696965672624385300,78.53138525390625,-0.5868215560913086,0.14765989780426025,-0.4903514087200165
1696965672634399500,78.5413994140625,-1.4419736862182617,-1.035737156867981,-0.5926509499549866
1696965672644413700,78.55141357421876,2.7330141067504883,-0.005240678787231445,-0.5819191336631775
1696965672654428000,78.56142797851562,-1.8318462371826172,-0.26899611949920654,-0.469435453414917
1696965672664442000,78.57144213867187,0.6232395172119141,-0.9303634166717529,-0.4344233274459839
1696965672674456300,78.58145629882813,-0.3956794738769531,-0.38885927200317383,-0.767864465713501
1696965672684470500,78.59147045898438,0.3697357177734375,-0.3418107032775879,-1.1667182445526123
1696965672694484500,78.601484375,-1.2933731079101562,-0.011289000511169434,-0.9128671884536743
1696965672704498700,78.61149877929688,0.35355186462402344,-0.9474295377731323,-0.4649638533592224
1696965672714513000,78.62151293945313,1.118178367614746,-0.17657232284545898,-0.23433411121368408
1696965672724527000,78.63152709960937,-0.0023756027221679688,-0.14777088165283203,-0.22193396091461182
1696965672734541300,78.64154125976563,3.252035140991211,-0.36258208751678467,-0.6069362759590149
1696965672744555500,78.65155541992188,-2.2596540451049805,-0.1419997215270996,-0.5578241348266602
1696965672754569500,78.66156958007812,2.4384260177612305,-0.415336012840271,0.5790999531745911
1696965672764583700,78.67158374023437,0.7563838958740234,0.0695955753326416,0.13682615756988525
1696965672774598000,78.68159790039063,0.2095355987548828,-0.5901224613189697,0.41920405626296997
1696965672784612000,78.69161206054687,4.147346496582031,-0.13596069812774658,0.1866031289100647
1696965672794626300,78.70162622070312,-1.3528661727905273,-0.5736758708953857,-0.04751944541931152
1696965672804640500,78.711640625,1.1021184921264648,-0.20330095291137695,0.5049005746841431
1696965672814654500,78.72165454101562,0.38782787322998047,0.1472092866897583,0.21929645538330078
1696965672824668700,78.73166870117187,-0.9459609985351562,-0.644241452217102,0.4511350393295288
1696965672834683000,78.74168286132813,0.6909103393554688,-0.45065033435821533,0.3051825165748596
1696965672844697000,78.75169702148438,-1.0881147384643555,-1.0865604877471924,-0.4763844311237335
1696965672854711300,78.76171118164062,0.8498764038085938,0.4202381372451782,-0.6836182475090027
1696965672864725500,78.7717255859375,-2.8304028511047363,-0.036260128021240234,-1.015124797821045
1696965672874739500,78.78173950195313,-1.0271472930908203,-0.5182173252105713,-0.2932285666465759
1696965672884753700,78.79175366210937,-1.1523818969726562,-0.19642949104309082,-0.2504030466079712
1696965672894767900,78.80176782226563,-1.1783266067504883,-0.45209717750549316,-0.3907867670059204
1696965672904782000,78.81178198242188,0.5742292404174805,0.8879368305206299,0.018535733222961426
1696965672914796300,78.82179638671874,0.4244670867919922,-0.9063502550125122,-0.528357207775116
1696965672924810500,78.831810546875,-2.1945271492004395,0.5581469535827637,-0.10434979200363159
1696965672934824400,78.84182446289063,0.027486801147460938,-0.05901169776916504,-0.12735432386398315
1696965672944838700,78.85183862304687,-1.3723344802856445,0.06598556041717529,-0.15756362676620483
1696965672954852900,78.86185278320312,-0.4905271530151367,0.019251465797424316,-0.7975975275039673
1696965672964867000,78.8718671875,-0.13562297821044922,-0.3407210111618042,-0.7492387294769287
1696965672974881300,78.88188134765625,-1.3448610305786133,0.08047938346862793,-0.6460587382316589
1696965672984895500,78.8918955078125,0.23992919921875,-0.34210264682769775,-0.3394876718521118
1696965672994909400,78.90190942382813,-0.46863555908203125,0.19279420375823975,-0.44200488924980164
1696965673004923600,78.91192358398438,-1.1845159530639648,-0.07741963863372803,-0.41100990772247314
1696965673014937900,78.92193774414062,0.6380157470703125,-0.9097628593444824,-0.32609203457832336
1696965673024952000,78.9319521484375,-0.3867015838623047,0.7043105363845825,-0.5415311455726624
1696965673034966300,78.94196630859375,-0.5012626647949219,-0.8135546445846558,0.20222920179367065
1696965673044980500,78.95198046875,1.319890022277832,0.24010992050170898,0.5332158803939819
1696965673054994700,78.96199462890625,-0.31408119201660156,-0.5304950475692749,-0.17384487390518188
1696965673065008600,78.97200854492188,1.458745002746582,-0.038762569427490234,0.8311021327972412
1696965673075022800,78.98202294921875,1.960759162902832,-0.20872032642364502,0.21769750118255615
1696965673085037000,78.992037109375,-1.891998291015625,-0.8120925426483154,-0.1647891402244568
1696965673095051300,79.00205126953125,0.5056972503662109,0.39308369159698486,-0.09714758396148682
1696965673105065500,79.0120654296875,-1.3358135223388672,-0.35803544521331787,-0.1250585913658142
1696965673115079700,79.02207958984376,1.1459531784057617,-0.6130406856536865,-0.2762426733970642
1696965673125093600,79.03209375,0.1684093475341797,-0.3911893367767334,-1.0904603004455566
1696965673135107800,79.04210791015625,-1.6870174407958984,-0.4496265649795532,-0.30076780915260315
1696965673145122000,79.0521220703125,1.7336139678955078,0.3053849935531616,0.3406720757484436
1696965673155136300,79.06213623046875,-0.9283590316772461,-0.8982776403427124,-0.2951555550098419
1696965673165150500,79.072150390625,-0.0186004638671875,0.0455632209777832,-0.1682407259941101
1696965673175164700,79.08216455078124,0.057656288146972656,-0.40716230869293213,-0.4298820197582245
1696965673185178600,79.0921787109375,0.06158733367919922,-0.6466306447982788,-1.2517566680908203
1696965673195192800,79.10219287109375,-0.9516925811767578,-0.34928715229034424,-1.3860362768173218
1696965673205207000,79.11220703125,-0.30383777618408203,-0.35870838165283203,0.2790144085884094
1696965673215221200,79.12222119140625,1.030360221862793,-0.015035271644592285,-0.35097068548202515
1696965673225235500,79.1322353515625,-0.9891080856323242,-0.5925931930541992,-0.7551976442337036
1696965673235249700,79.14224975585938,1.728215217590332,-0.1494215726852417,-0.09601747989654541
1696965673245263600,79.152263671875,0.004364013671875,-0.15440666675567627,-0.2409929633140564
1696965673255277800,79.16227783203125,0.7493562698364258,-0.8375989198684692,0.15354496240615845
1696965673265292000,79.1722919921875,0.5528182983398438,0.26130831241607666,0.5604745745658875
1696965673275306200,79.18230615234376,-0.1366424560546875,-0.6126986742019653,0.9081913828849792
1696965673285320400,79.19232055664062,2.51584529876709,0.34301841259002686,0.48763906955718994
1696965673295334700,79.20233471679687,-0.5671272277832031,-0.44804584980010986,-0.33592766523361206
1696965673305348600,79.2123486328125,0.08917808532714844,-0.6714732646942139,0.29758018255233765
1696965673315362800,79.22236279296875,0.8393840789794922,-0.024181604385375977,-0.014793455600738525
1696965673325377000,79.232376953125,-0.37597084045410156,-0.4581063985824585,0.11861938238143921
1696965673335391200,79.24239111328124,0.47582149505615234,0.028378725051879883,-0.23327183723449707
1696965673345405400,79.25240551757813,-0.7577342987060547,-0.8084515333175659,-0.6838284134864807
1696965673355419600,79.26241967773437,-0.5402555465698242,-0.4454164505004883,-0.43224456906318665
1696965673365433900,79.27243383789063,0.10224628448486328,0.2298222780227661,-0.25115180015563965
1696965673375448000,79.28244799804688,-0.4468193054199219,-0.716127872467041,-0.03854459524154663
1696965673385462300,79.29246215820312,-0.23945903778076172,0.07948267459869385,-0.18831968307495117
1696965673395476500,79.3024765625,0.8368854522705078,-0.7984788417816162,-0.2784688472747803
1696965673405490700,79.31249072265625,-0.6931295394897461,0.2720468044281006,0.165971577167511
1696965673415505000,79.3225048828125,1.7602081298828125,0.15113520622253418,0.39706921577453613
1696965673425519000,79.33251904296876,-0.29775428771972656,-0.28754162788391113,0.5417458415031433
1696965673435533300,79.342533203125,0.07587623596191406,0.19007337093353271,0.8132514953613281
1696965673445547500,79.35254760742187,0.047417640686035156,-0.10157012939453125,0.11801344156265259
1696965673455561700,79.36256176757813,0.36748600006103516,0.21162796020507812,-0.41112232208251953
1696965673465576000,79.37257592773437,-2.1032838821411133,-0.7163664102554321,-0.5024502277374268
1696965673475590100,79.38259008789062,-0.2775115966796875,-0.21618926525115967,-0.37584516406059265
1696965673485604400,79.39260424804688,-0.4770488739013672,0.6504485607147217,0.1234661340713501
1696965673495618600,79.40261865234375,0.6232051849365234,-0.4539010524749756,-0.11243921518325806
1696965673505633000,79.41263305664063,-2.039609432220459,0.006625533103942871,-0.3222767114639282
1696965673515647200,79.42264721679688,0.7936906814575195,-0.33175182342529297,-0.6118221282958984
1696965673525661400,79.43266137695312,-0.66522216796875,-0.04010140895843506,-0.8365212678909302
1696965673535675600,79.44267553710938,-3.640716552734375,0.2079026699066162,0.20835447311401367
1696965673545689900,79.45268994140625,1.934809684753418,-0.2971409559249878,0.710187554359436
1696965673555704000,79.4627041015625,-1.2381258010864258,0.3872990608215332,0.2837302088737488
1696965673565718300,79.47271826171875,0.9189958572387695,-0.631665825843811,-0.2741090655326843
1696965673575732500,79.482732421875,-0.02915191650390625,0.39366614818573,0.2457953691482544
1696965673585746700,79.49274658203124,0.14647197723388672,-0.29640090465545654,0.7126432657241821
1696965673595761000,79.50276098632813,0.4707660675048828,-0.30089712142944336,0.38750046491622925
1696965673605775000,79.51277514648437,-0.998326301574707,0.7369160652160645,0.14343583583831787
1696965673615789300,79.52278930664062,0.7999114990234375,-1.0320810079574585,-0.23471331596374512
1696965673625803500,79.53280346679688,0.09958744049072266,-0.181512713432312,-0.4875124394893646
1696965673635817700,79.54281762695312,-0.10671138763427734,-0.5400543212890625,-0.6310587525367737
1696965673645832000,79.55283203125,0.37594127655029297,0.2764941453933716,0.2668163776397705
1696965673655846100,79.56284619140625,1.0480594635009766,-0.15913856029510498,0.4919503927230835
1696965673665860400,79.5728603515625,1.0831537246704102,-0.840116024017334,-0.3371034860610962
1696965673675874600,79.58287451171876,-0.8074760437011719,-0.10987770557403564,-0.5757946968078613
1696965673685888800,79.592888671875,0.6035890579223633,-0.0042008161544799805,-0.5647614598274231
1696965673695903000,79.60290307617187,-0.8984975814819336,-0.8212765455245972,-0.09092319011688232
1696965673705917200,79.61291723632813,0.14516830444335938,0.3133488893508911,0.46798282861709595
1696965673715931100,79.62293115234375,0.9520225524902344,-0.6614412069320679,-0.1971387267112732
1696965673725945300,79.6329453125,-0.7993879318237305,-0.08148336410522461,-0.8958175182342529
1696965673735959600,79.64295947265624,1.6251840591430664,-0.8616197109222412,-0.6378149390220642
1696965673745973800,79.65297387695313,-0.834381103515625,-0.3142446279525757,0.20053744316101074
1696965673755988000,79.66298803710937,1.1120023727416992,-0.04547882080078125,0.10431540012359619
1696965673766002200,79.67300219726563,-0.20888614654541016,-0.18935859203338623,0.3413674831390381
1696965673776016100,79.68301611328125,-0.05086231231689453,-0.17585229873657227,0.4595695734024048
1696965673786030300,79.6930302734375,1.9375314712524414,-0.8047307729721069,-0.26818543672561646
1696965673796044500,79.70304443359375,-0.8242607116699219,-0.08976006507873535,-0.2953523099422455
1696965673806058800,79.71305883789063,0.28696346282958984,-0.4918304681777954,0.020244956016540527
1696965673816073000,79.72307299804687,-0.0812835693359375,0.06901693344116211,0.8930830955505371
1696965673826087200,79.73308715820312,-0.5874547958374023,-0.10991013050079346,0.2901875972747803
1696965673836101000,79.74310107421876,0.2170267105102539,-0.3935149908065796,0.014670848846435547
1696965673846115300,79.753115234375,0.49382781982421875,-0.0173494815826416,-0.4696460962295532
1696965673856129500,79.76312963867187,-1.0839929580688477,-0.3276745080947876,-1.0911810398101807
1696965673866143700,79.77314379882813,-1.348526954650879,-0.20240890979766846,0.23307085037231445
1696965673876158000,79.78315795898438,-0.5945634841918945,0.06339395046234131,0.047032952308654785
1696965673886172200,79.79317211914062,-0.5980005264282227,-0.013570666313171387,-0.4849691689014435
1696965673896186000,79.80318603515624,-0.036988258361816406,-0.6841530799865723,-0.390669584274292
1696965673906200300,79.81320043945313,-0.45205020904541016,-0.42626523971557617,-0.40022706985473633
1696965673916214500,79.82321459960937,0.5478429794311523,0.37774014472961426,-0.19316208362579346
1696965673926228700,79.83322875976563,-0.8720264434814453,-0.018482685089111328,0.3605104684829712
1696965673936243000,79.84324291992188,-0.43969249725341797,-0.5710608959197998,0.6794313192367554
1696965673946257200,79.85325708007812,1.9217777252197266,0.22318851947784424,-0.04949110746383667
1696965673956271400,79.86327124023437,-1.4033918380737305,-0.39427614212036133,-0.44066885113716125
1696965673966285300,79.87328540039063,0.7359399795532227,-0.4940277338027954,0.48288196325302124
1696965673976299500,79.88329956054687,1.2313127517700195,0.7119619846343994,0.08777207136154175
1696965673986313700,79.89331372070312,-0.3774099349975586,-0.6416503190994263,0.0939818024635315
1696965673996328000,79.90332788085938,1.214808464050293,0.24949264526367188,0.3475027084350586
1696965674006342100,79.91334204101562,-0.5324983596801758,-0.7716846466064453,-0.28330159187316895
1696965674016356400,79.9233564453125,-0.8659610748291016,0.3459357023239136,-0.46524518728256226
1696965674026370300,79.93337036132813,0.6940212249755859,0.011246085166931152,-0.04787665605545044
1696965674036384500,79.94338452148438,0.06152153015136719,-0.5475351810455322,0.2751808762550354
1696965674046398700,79.95339868164062,0.22373199462890625,0.03703773021697998,-0.1444389820098877
1696965674056413000,79.96341284179688,1.0591888427734375,-0.26770663261413574,-0.5768293738365173
1696965674066427100,79.97342724609375,-1.0550670623779297,-0.8204383850097656,-0.6015118956565857
1696965674076441300,79.98344140625,-0.006165504455566406,0.14618957042694092,0.016759037971496582
1696965674086455300,79.99345532226563,1.676213264465332,-0.5963801145553589,0.4238664507865906
1696965674096469500,80.00346948242188,-1.849348545074463,0.6352918148040771,0.44129478931427
1696965674106483700,80.01348364257812,3.621273994445801,-0.6160880327224731,0.4131820797920227
1696965674116498000,80.02349780273437,-0.4150991439819336,-0.27730417251586914,-0.5756309628486633
1696965674126512000,80.03351220703125,-1.7666172981262207,-0.3765507936477661,-0.49470630288124084
1696965674136526300,80.0435263671875,2.7012176513671875,0.0007592439651489258,-0.07704561948776245
1696965674146540300,80.05354028320312,-1.677260398864746,-0.06665158271789551,0.3107525706291199
1696965674156554500,80.06355444335938,1.2655725479125977,-0.4581022262573242,0.7586487531661987
1696965674166568700,80.07356860351562,0.010669708251953125,-0.15708541870117188,-0.213964581489563
1696965674176583000,80.0835830078125,-0.056593894958496094,0.39029455184936523,-0.9827430248260498
1696965674186597000,80.09359716796875,-1.2837743759155273,-0.5503586530685425,-0.06034815311431885
1696965674196611300,80.103611328125,-0.6930332183837891,0.0506211519241333,0.05364924669265747
1696965674206625300,80.11362524414062,0.2023763656616211,-0.4378279447555542,0.1081165075302124
1696965674216639500,80.12363940429688,0.2785310745239258,0.1837770938873291,-0.37622788548469543
1696965674226653700,80.13365380859375,-0.013462066650390625,-1.0551764965057373,-0.30068111419677734
1696965674236668000,80.14366796875,0.1540985107421875,-0.13106834888458252,0.44817620515823364
1696965674246682000,80.15368212890625,-0.3717231750488281,-0.06168794631958008,-0.1718529462814331
1696965674256696300,80.1636962890625,-1.2162046432495117,-0.2867867946624756,0.6778271198272705
1696965674266710500,80.17371044921875,2.872084617614746,-0.3076751232147217,0.32015353441238403
1696965674276724500,80.18372436523437,-0.35004138946533203,-0.18703293800354004,-0.42513829469680786
1696965674286738700,80.19373876953125,0.40094947814941406,-0.5469154119491577,-0.24175196886062622
1696965674296753000,80.2037529296875,0.16184711456298828,0.33695900440216064,0.2528877258300781
1696965674306767000,80.21376708984376,0.9161834716796875,-0.7563486099243164,0.24828386306762695
1696965674316781300,80.22378125,0.09765911102294922,0.280256986618042,-0.247772216796875
1696965674326795500,80.23379541015625,-0.28972911834716797,-0.6173968315124512,0.14173239469528198
1696965674336809500,80.2438095703125,2.3633852005004883,-0.24615824222564697,-0.8554537296295166
1696965674346823700,80.25382373046875,-2.205329418182373,0.2687116861343384,-0.38690638542175293
1696965674356838000,80.263837890625,1.704493522644043,-0.20371603965759277,0.5468276739120483
1696965674366852000,80.27385205078124,-0.35393524169921875,-0.4051792621612549,-0.707011342048645
1696965674376866300,80.2838662109375,-1.63372802734375,-0.18041324615478516,0.03367346525192261
1696965674386880500,80.29388061523437,4.344307899475098,-0.06672954559326172,0.21509206295013428
1696965674396894500,80.30389453125,-3.04850435256958,-0.60746169090271,0.08094865083694458
1696965674406908700,80.31390869140625,1.0632572174072266,-0.5590312480926514,0.7828651666641235
1696965674416923000,80.3239228515625,-0.15668106079101562,0.5147068500518799,0.3405112028121948
1696965674426937000,80.33393701171875,-0.21890735626220703,-0.22239196300506592,0.3353804349899292
1696965674436951300,80.34395141601563,2.5681581497192383,-0.4183323383331299,0.29401010274887085
1696965674446965500,80.35396557617187,-2.9043045043945312,-0.3435964584350586,-0.2794737219810486
1696965674456979500,80.3639794921875,0.9586620330810547,-0.28912484645843506,0.6777017712593079
1696965674466993700,80.37399365234376,2.2517452239990234,-0.02801060676574707,0.01915431022644043
1696965674477008000,80.3840078125,-1.3707942962646484,0.08203697204589844,-0.3306785225868225
1696965674487022000,80.39402197265625,-0.8274221420288086,-0.83805251121521,0.4201905131340027
1696965674497036300,80.40403637695313,2.55281925201416,0.45697009563446045,-0.6408766508102417
1696965674507050500,80.41405053710938,-2.2889976501464844,-0.42975783348083496,-0.32743245363235474
1696965674517064400,80.424064453125,-0.2522401809692383,0.6850007772445679,0.3776964545249939
1696965674527078700,80.43407861328124,1.568817138671875,-1.293792963027954,-0.6165019869804382
1696965674537092900,80.4440927734375,-2.898078441619873,0.28303778171539307,-0.47740867733955383
1696965674547107000,80.45410717773437,2.184377670288086,-0.39154481887817383,0.07146072387695312
1696965674557121300,80.46412133789063,-1.3184213638305664,-0.011759161949157715,-0.15118342638015747
1696965674567135500,80.47413549804688,-0.13584136962890625,-0.9075491428375244,-0.1702505350112915
1696965674577149400,80.4841494140625,-1.0229358673095703,0.20523715019226074,0.16500568389892578
1696965674587163600,80.49416357421875,0.08243751525878906,0.1261376142501831,0.5991750359535217
1696965674597177900,80.504177734375,1.8170833587646484,-0.42816829681396484,-0.687153697013855
1696965674607192000,80.51419213867187,-2.191547393798828,-0.7443259954452515,-0.3294660449028015
1696965674617206300,80.52420629882812,1.1206417083740234,0.35497474670410156,0.24265992641448975
1696965674627220500,80.53422045898438,-0.08179855346679688,-0.3743278980255127,-0.3002006411552429
1696965674637234700,80.54423461914062,-1.3860626220703125,-0.0627903938293457,-0.3027087450027466
1696965674647248600,80.55424853515625,-0.3265542984008789,-0.7680925130844116,-0.008602321147918701
1696965674657262800,80.56426293945313,0.39534854888916016,0.855190634727478,-0.39932721853256226
1696965674667277000,80.57427709960938,0.4755210876464844,-0.5940492153167725,-0.14132529497146606
1696965674677291300,80.58429125976562,-0.8681211471557617,0.03413081169128418,0.7099299430847168
1696965674687305500,80.59430541992188,1.7273883819580078,-0.4914141893386841,-0.6577346324920654
1696965674697319700,80.60431958007813,-1.760110855102539,0.11302828788757324,-0.3715832233428955
1696965674707333600,80.61433374023437,2.778487205505371,-0.43687331676483154,-0.19602680206298828
1696965674717347800,80.62434790039063,-2.1114401817321777,-0.31199634075164795,-0.4849708676338196
1696965674727362000,80.63436206054688,0.4536619186401367,-1.218613862991333,0.3522416949272156
1696965674737376300,80.64437622070312,1.6388731002807617,0.7296713590621948,0.18386709690093994
1696965674747390500,80.65439038085937,-1.4770030975341797,-0.5238001346588135,-0.6838538646697998
1696965674757404700,80.66440478515625,2.669872283935547,-0.26741766929626465,-0.3155093789100647
1696965674767418600,80.67441870117187,-1.847266674041748,-0.8069382905960083,-0.18817484378814697
1696965674777432800,80.68443286132812,0.5414581298828125,0.2862858772277832,1.1633234024047852
1696965674787447000,80.69444702148438,1.5915193557739258,-0.2871919870376587,0.5299037098884583
1696965674797461200,80.70446118164062,-2.178006649017334,-0.8600572347640991,0.01732015609741211
1696965674807475500,80.71447534179687,2.0032501220703125,0.16926908493041992,0.39590758085250854
1696965674817489700,80.72448974609375,-1.097966194152832,0.1380476951599121,-0.8776242136955261
1696965674827503600,80.73450366210938,-0.9621639251708984,-0.7354958057403564,-0.48180750012397766
1696965674837517800,80.74451782226562,0.31663990020751953,0.339638352394104,0.16736072301864624
1696965674847532000,80.75453198242188,-1.0323448181152344,-0.3621699810028076,-0.8746074438095093
1696965674857546200,80.76454614257813,-0.28460216522216797,-0.18664181232452393,-0.8108222484588623
1696965674867560400,80.774560546875,-0.05397796630859375,-0.7128651142120361,-0.442571222782135
1696965674877574700,80.78457470703125,-1.774078369140625,-0.4189227819442749,-0.01173710823059082
1696965674887588600,80.79458862304688,0.3850412368774414,-0.041715264320373535,-0.15289974212646484
1696965674897602800,80.80460278320312,-0.8957576751708984,-0.856894850730896,0.31665897369384766
1696965674907617000,80.81461694335937,0.9937047958374023,0.692658543586731,0.4385019540786743
1696965674917631200,80.82463134765625,1.1677532196044922,-0.5384409427642822,-0.5677199363708496
1696965674927645400,80.8346455078125,-2.963388442993164,-0.2910677194595337,-0.17256605625152588
1696965674937659600,80.84465966796876,0.26416587829589844,-0.12008273601531982,0.9079680442810059
1696965674947673900,80.854673828125,2.3559703826904297,-0.11560678482055664,0.22201645374298096
1696965674957687800,80.86468774414062,-1.1954355239868164,-0.05998027324676514,-0.737563967704773
1696965674967702000,80.87470190429687,-0.2514152526855469,-1.0200493335723877,-0.8992567658424377
1696965674977716200,80.88471630859375,-0.5233936309814453,0.6079304218292236,-0.5795484781265259
1696965674987730400,80.89473046875,-0.14969730377197266,-0.7131949663162231,-0.33384811878204346
1696965674997744600,80.90474462890624,-0.11080551147460938,-0.17000830173492432,0.5379260182380676
1696965675007758800,80.9147587890625,0.9162979125976562,-0.17095661163330078,0.27631324529647827
1696965675017772800,80.92477270507813,1.415663719177246,-0.8860145807266235,0.09769439697265625
1696965675027787000,80.934787109375,0.9439821243286133,0.13804781436920166,-0.12836843729019165
1696965675037801200,80.94480126953125,-0.08112621307373047,-0.9223921298980713,0.004465699195861816
1696965675047815400,80.9548154296875,-0.47258472442626953,0.015958547592163086,0.20788508653640747
1696965675057829600,80.96482958984375,0.4363079071044922,-0.7760848999023438,-0.23535776138305664
1696965675067843800,80.97484375,-0.28113365173339844,-0.2746373414993286,-0.4381883442401886
1696965675077857800,80.98485791015625,1.7026481628417969,-0.3531494140625,-0.16163647174835205
1696965675087872000,80.9948720703125,0.7341451644897461,-0.4147937297821045,0.0766710638999939
1696965675097886200,81.00488623046876,-0.13765525817871094,-0.06991004943847656,-0.22081714868545532
1696965675107900400,81.014900390625,-0.5331306457519531,-0.057738304138183594,0.6365203857421875
1696965675117914600,81.02491455078125,1.0306644439697266,-0.45367980003356934,0.5710189938545227
1696965675127928800,81.0349287109375,-1.9054961204528809,-0.49110639095306396,-0.33774250745773315
1696965675137942800,81.04494287109375,2.3564453125,-0.21246826648712158,-0.18613845109939575
1696965675147957000,81.05495703125,-1.4421873092651367,-0.12101209163665771,0.41492873430252075
1696965675157971200,81.06497119140624,0.6772937774658203,-0.4390990734100342,0.05948370695114136
1696965675167985400,81.0749853515625,-1.0535259246826172,-0.11149835586547852,-0.34638285636901855
1696965675177999600,81.08499951171875,0.005082130432128906,-0.9063085317611694,-0.029698848724365234
1696965675188013800,81.09501391601563,0.24437332153320312,0.6215556859970093,0.1407383680343628
1696965675198027800,81.10502783203125,-0.7837791442871094,-0.7422221899032593,-0.4793381690979004
1696965675208042000,81.1150419921875,-1.1922855377197266,-0.5117928981781006,0.32750266790390015
1696965675218056200,81.12505615234375,-0.028009414672851562,-0.6640098094940186,-0.05429619550704956
1696965675228070400,81.1350703125,-0.19536590576171875,0.034282803535461426,-0.4310746490955353
1696965675238084600,81.14508471679687,0.4792976379394531,0.05279409885406494,-0.1619662642478943
1696965675248098800,81.15509887695312,0.0961904525756836,-1.0247893333435059,0.19062423706054688
1696965675258113000,81.16511303710938,-1.428492546081543,0.6745030879974365,0.8578646183013916
1696965675268127000,81.175126953125,1.3032512664794922,-0.34797704219818115,0.3213930130004883
1696965675278141200,81.18514111328125,-1.8920040130615234,-0.010522603988647461,-0.046720266342163086
1696965675288155400,81.1951552734375,0.5106668472290039,-0.6637496948242188,-0.7794398665428162
1696965675298169600,81.20516967773438,-0.26935768127441406,-0.26359105110168457,-0.3343454599380493
1696965675308183800,81.21518383789062,-0.1638011932373047,-0.19604265689849854,0.39496487379074097
1696965675318198000,81.22519799804688,0.7967185974121094,0.0685124397277832,0.5851362347602844
1696965675328212000,81.2352119140625,-0.3669281005859375,0.4527024030685425,0.7950184345245361
1696965675338226200,81.24522607421875,-0.027582168579101562,-1.3562806844711304,-0.18019479513168335
1696965675348240400,81.25524047851563,-1.1940813064575195,-0.27236759662628174,-0.3157903552055359
1696965675358254600,81.26525463867188,0.8584909439086914,-0.567524790763855,0.3751198649406433
1696965675368268800,81.27526879882812,0.3832225799560547,0.12483584880828857,0.38878655433654785
1696965675378283000,81.28528295898437,-1.291275978088379,-0.6695002317428589,-1.1886985301971436
1696965675388297000,81.295296875,1.0341262817382812,-0.24960386753082275,-0.45356208086013794
1696965675398311200,81.30531127929687,-0.41612911224365234,-0.42630982398986816,-0.2567330002784729
1696965675408325400,81.31532543945312,-0.6881494522094727,-0.8423079252243042,-0.1768873929977417
1696965675418339600,81.32533959960938,1.1385574340820312,0.2661820650100708,-0.5403123497962952
1696965675428353800,81.33535375976562,-0.5790529251098633,-0.5964938402175903,0.381869912147522
1696965675438368000,81.34536791992187,1.6960973739624023,-0.23967373371124268,0.0014993548393249512
1696965675448382000,81.3553818359375,0.00010013580322265625,-0.19004583358764648,-0.9693753719329834
1696965675458396200,81.36539624023438,-1.6291265487670898,-0.5929733514785767,-0.11132633686065674
1696965675468410400,81.37541040039062,3.01479434967041,-0.48191142082214355,0.5755630135536194
1696965675478424600,81.38542456054688,0.33106422424316406,-0.23678874969482422,-0.17023783922195435
1696965675488438800,81.39543872070313,0.038761138916015625,0.006478786468505859,0.0782848596572876
1696965675498453000,81.40545288085937,2.3850317001342773,-1.1175260543823242,-0.10408341884613037
1696965675508467000,81.41546704101563,-2.5331244468688965,-0.41688811779022217,-0.1600552797317505
1696965675518481200,81.42548120117188,1.740248680114746,-0.969632625579834,0.018991529941558838
1696965675528495400,81.43549536132812,-0.03134918212890625,0.11314499378204346,-0.47221842408180237
1696965675538509600,81.44550952148437,-0.021915435791015625,-0.7249249219894409,-0.8389272689819336
1696965675548523800,81.45552368164063,1.6134614944458008,-0.3978942632675171,0.44405901432037354
1696965675558538000,81.4655380859375,-0.7413206100463867,-1.1038682460784912,-0.6922963261604309
1696965675568552200,81.47555224609376,-0.6482152938842773,0.16302740573883057,-0.004563510417938232
1696965675578566100,81.48556616210938,0.0756998062133789,-0.17032527923583984,-0.23763781785964966
1696965675588580400,81.49558032226562,0.12837791442871094,-0.4213886260986328,-0.23962754011154175
1696965675598594600,81.50559448242187,-1.2472572326660156,-0.2329808473587036,-0.10882383584976196
1696965675608608800,81.51560888671875,0.15126800537109375,-0.38138318061828613,-0.12467461824417114
1696965675618623000,81.525623046875,0.7105560302734375,-0.21055090427398682,0.49800461530685425
1696965675628637200,81.53563720703124,0.8526296615600586,-0.2812819480895996,-0.37055379152297974
1696965675638651100,81.54565112304688,-2.518162727355957,-0.14437270164489746,-0.11937010288238525
1696965675648665300,81.55566528320313,1.2582950592041016,0.1702430248260498,0.16172468662261963
1696965675658679600,81.56567944335937,-0.1591043472290039,-1.0498441457748413,-0.8048146963119507
1696965675668693800,81.57569384765625,-3.044556140899658,-0.3306070566177368,0.10886424779891968
1696965675678708000,81.5857080078125,2.869357109069824,-0.7324903011322021,0.4624484181404114
1696965675688722200,81.59572216796874,-2.489091396331787,0.026921987533569336,-0.8583106398582458
1696965675698736000,81.60573608398437,0.7994346618652344,-0.20686352252960205,-0.3166865110397339
1696965675708750300,81.61575024414063,1.0616340637207031,-0.34434080123901367,-0.26916563510894775
1696965675718764500,81.6257646484375,-2.1671276092529297,-0.49391281604766846,-0.18833988904953003
1696965675728778800,81.63577880859376,3.4100656509399414,-0.7284159660339355,-0.26822036504745483
1696965675738793000,81.64579296875,-2.756828784942627,0.06857168674468994,-0.43849486112594604
1696965675748807200,81.65580712890625,-0.36141014099121094,-0.16245758533477783,0.5415551066398621
1696965675758821000,81.66582104492187,4.637962341308594,-0.14159655570983887,-0.21510976552963257
1696965675768835300,81.67583544921875,-3.0571775436401367,-0.45790982246398926,-0.6191821694374084
1696965675778849500,81.685849609375,1.872488021850586,-0.8341964483261108,0.48282164335250854
1696965675788863700,81.69586376953124,1.8822269439697266,0.22287559509277344,0.030868172645568848
1696965675798878000,81.7058779296875,-0.10108470916748047,-0.8897107839584351,-0.7785982489585876
1696965675808892200,81.71589208984375,0.39202880859375,-0.23399865627288818,-0.2680343985557556
1696965675818906000,81.72590600585937,1.3324146270751953,-0.7242785692214966,0.12277054786682129
1696965675828920300,81.73592041015625,0.9235334396362305,0.13390040397644043,0.412121057510376
1696965675838934500,81.7459345703125,-1.8593788146972656,-1.9097954034805298,-0.13501501083374023
1696965675848948700,81.75594873046875,1.557037353515625,0.25685882568359375,0.10702943801879883
1696965675858963000,81.765962890625,2.624256134033203,0.0735706090927124,-0.9028385877609253
1696965675868977200,81.77597705078125,-3.76539945602417,-0.8329246044158936,-0.7843815684318542
1696965675878991400,81.78599145507812,1.7103567123413086,-1.2072032690048218,1.241499900817871
1696965675889005300,81.79600537109376,2.6390256881713867,0.6599643230438232,0.22179073095321655
1696965675899019500,81.80601953125,-5.017000675201416,-0.35299599170684814,-0.1564996838569641
1696965675909033700,81.81603369140625,3.45223331451416,-0.416750431060791,0.8761557936668396
1696965675919048000,81.8260478515625,0.2816638946533203,-0.8403326272964478,-0.468525767326355
1696965675929062100,81.83606225585937,-2.8112401962280273,0.46117496490478516,-0.45037904381752014
1696965675939076400,81.84607641601562,1.1819829940795898,-0.868335485458374,0.6887522339820862
1696965675949090300,81.85609033203124,0.27553367614746094,-0.1719367504119873,0.054366350173950195
1696965675959104500,81.8661044921875,-1.3880157470703125,0.1860671043395996,-0.12422943115234375
1696965675969118700,81.87611865234375,0.15437984466552734,-0.6012866497039795,-0.1962050199508667
1696965675979133000,81.8861328125,-0.7252712249755859,-1.0087943077087402,0.15383630990982056
1696965675989147100,81.89614721679688,0.20339012145996094,-0.6499749422073364,-0.18287593126296997
1696965675999161300,81.90616137695312,-1.6168642044067383,-0.02331852912902832,0.12964028120040894
1696965676009175300,81.91617529296875,0.8949413299560547,-0.36003077030181885,-0.30802279710769653
1696965676019189500,81.926189453125,1.2230825424194336,-0.6373511552810669,-0.1174357533454895
1696965676029203700,81.93620361328125,-2.860574722290039,0.17186927795410156,-0.26139354705810547
1696965676039218000,81.94621801757812,1.7332630157470703,0.18282151222229004,0.3586661219596863
1696965676049232100,81.95623217773438,1.6715869903564453,-0.6754492521286011,-0.21981793642044067
1696965676059246300,81.96624633789062,-1.3952264785766602,-0.5796260833740234,-0.1697291135787964
1696965676069260300,81.97626025390625,0.8535871505737305,-0.2899082899093628,-0.065937340259552
1696965676079274500,81.9862744140625,1.2098121643066406,0.5551152229309082,0.21132487058639526
1696965676089288700,81.99628881835937,-0.8957338333129883,-0.45816755294799805,-0.07295107841491699
1696965676099303000,82.00630297851562,0.6401205062866211,-0.91230309009552,0.3133126497268677
1696965676109317000,82.01631713867188,0.6524877548217773,-0.5419512987136841,-0.5276467204093933
1696965676119331300,82.02633129882813,1.4873371124267578,0.34005606174468994,0.07982069253921509
1696965676129345300,82.03634521484375,1.0773210525512695,-1.1866116523742676,-0.9960544109344482
1696965676139359500,82.046359375,-2.088298797607422,-0.4060401916503906,0.526679515838623
1696965676149373700,82.05637377929688,3.2494935989379883,0.11693310737609863,0.9450006484985352
1696965676159388000,82.06638793945312,-1.4028539657592773,-0.71117103099823,-0.3339531123638153
1696965676169402000,82.07640209960938,-0.2336864471435547,-0.12865257263183594,-0.24742716550827026
1696965676179416300,82.08641625976563,1.3301811218261719,-1.0141953229904175,-0.503767728805542
1696965676189430500,82.09643041992187,-3.0356698036193848,0.39076030254364014,-0.12995624542236328
1696965676199444500,82.10644458007812,3.0692062377929688,-0.6041477918624878,0.08538353443145752
1696965676209458700,82.11645874023438,-2.7336630821228027,-0.3715088367462158,0.03401404619216919
1696965676219473000,82.12647290039062,-0.45296573638916016,-0.2024604082107544,0.37405139207839966
1696965676229487000,82.13648706054687,-0.10730552673339844,-0.4441162347793579,-0.18937373161315918
1696965676239501300,82.14650122070313,-2.4200310707092285,0.2098548412322998,0.34401047229766846
1696965676249515500,82.156515625,2.741917610168457,0.08742451667785645,0.2425144910812378
1696965676259530500,82.16653051757812,-2.664389133453369,-0.5055704116821289,0.2118331789970398
1696965676269545000,82.176544921875,2.139012336730957,-0.8152897357940674,0.37928295135498047
1696965676279559200,82.18655908203125,-0.847686767578125,-0.03172123432159424,0.5593053698539734
1696965676289573400,82.19657348632812,-1.5345287322998047,-0.03064751625061035,0.29457974433898926
1696965676299587300,82.20658740234374,0.9342422485351562,-0.9413446187973022,-0.13411736488342285
1696965676309601500,82.2166015625,-2.221587657928467,0.009007930755615234,0.35514330863952637
1696965676319615700,82.22661572265625,1.1853790283203125,-0.3319876194000244,-0.15061235427856445
1696965676329630000,82.2366298828125,-1.2451725006103516,-0.5700149536132812,-0.7916508913040161
1696965676339644200,82.24664404296875,0.6353073120117188,-0.9245446920394897,-0.8414974808692932
1696965676349658400,82.25665844726562,0.06610107421875,-0.005153059959411621,-0.05641782283782959
1696965676359672300,82.26667236328124,-0.9718341827392578,-0.16164040565490723,-0.16315507888793945
1696965676369686500,82.2766865234375,1.1235275268554688,-0.48471295833587646,0.6887421011924744
1696965676379700700,82.28670068359375,0.9056339263916016,-0.7029534578323364,-0.3551631569862366
1696965676389715000,82.29671484375,0.23896121978759766,0.25516223907470703,-0.004578649997711182
1696965676399729200,82.30672924804688,2.9619569778442383,-0.37572669982910156,0.38695675134658813
1696965676409743400,82.31674340820312,-1.2641429901123047,-0.3541358709335327,0.2995118498802185
1696965676419757300,82.32675732421875,-0.07713985443115234,-1.1937087774276733,0.24027752876281738
1696965676429771500,82.336771484375,2.09283447265625,0.2475191354751587,-0.22913473844528198
1696965676439785700,82.34678564453125,0.6541042327880859,-0.7075680494308472,0.04729938507080078
1696965676449800000,82.35680004882812,-0.9956140518188477,-1.0539703369140625,0.13160580396652222
1696965676459814100,82.36681420898438,0.7743692398071289,-0.41637706756591797,0.8649758696556091
1696965676469828400,82.37682836914063,0.17130756378173828,-0.5422458648681641,0.30848193168640137
1696965676479842300,82.38684228515625,0.13222599029541016,0.3780856132507324,-0.6444748640060425
1696965676489856500,82.3968564453125,0.6865606307983398,-1.3616034984588623,-0.7248965501785278
1696965676499870700,82.40687060546875,-3.0030674934387207,0.08003413677215576,0.5215082168579102
1696965676509885700,82.4168857421875,3.230375289916992,-0.8750873804092407,0.7112216949462891
1696965676519899100,82.42689916992188,-2.530026435852051,0.13041889667510986,0.16250497102737427
1696965676529912600,82.43691259765625,0.5053176879882812,-0.5242244005203247,0.24437248706817627
1696965676539926000,82.44692602539062,1.2934484481811523,0.3649674654006958,-0.1336078643798828
1696965676549939700,82.45693969726562,-1.5533418655395508,-0.5713491439819336,-0.16378211975097656
1696965676559953200,82.466953125,-0.4400787353515625,-0.6977635622024536,0.1782437562942505
1696965676569967000,82.47696704101563,-0.3723793029785156,0.5423383712768555,0.32951366901397705
1696965676579980800,82.48698071289063,0.9044170379638672,-0.11962473392486572,-0.09693098068237305
1696965676589994800,82.49699487304687,-0.5550155639648438,-0.5606054067611694,0.014900505542755127
1696965676600009000,82.50700903320312,-0.3578300476074219,-0.9029734134674072,0.42739611864089966
1696965676610023200,82.51702319335938,-0.5673971176147461,0.15990674495697021,0.14809852838516235
1696965676620037400,82.52703735351562,0.050332069396972656,0.260189414024353,-0.13686329126358032
1696965676630051600,82.53705151367187,-1.1922721862792969,-1.069283127784729,-0.16072404384613037
1696965676640066300,82.54706640625,1.190220832824707,-0.11330699920654297,0.08982759714126587
1696965676650080800,82.55708081054688,0.35608386993408203,-0.8240165710449219,-0.12322938442230225
1696965676660095500,82.56709545898437,-0.5099620819091797,0.6562973260879517,-0.056933820247650146
1696965676670110200,82.57711010742187,1.163705825805664,-1.1508008241653442,-0.12187302112579346
1696965676680124700,82.58712475585938,-2.4751405715942383,-0.08694601058959961,0.1856764554977417
1696965676690139400,82.59713940429687,2.9393301010131836,-0.4550551176071167,0.0027820467948913574
1696965676700154000,82.60715405273437,-0.2447347640991211,0.9539792537689209,-0.556374192237854
1696965676710168300,82.61716821289062,-1.0998897552490234,-0.9321835041046143,0.6825905442237854
1696965676720182500,82.6271826171875,2.9405956268310547,-0.0280759334564209,0.38652974367141724
1696965676730196700,82.63719677734375,-2.4521846771240234,-0.4423428773880005,0.3852860927581787
1696965676740211000,82.6472109375,2.332132339477539,0.14398276805877686,0.6538825631141663
1696965676750225000,82.65722485351563,-1.7497358322143555,-0.776375412940979,0.3318326473236084
1696965676760239000,82.66723901367187,-0.05006599426269531,0.25695109367370605,0.16919583082199097
1696965676770253300,82.67725341796876,-0.05929374694824219,-0.5608464479446411,-0.17261356115341187
1696965676780267500,82.687267578125,-2.5923514366149902,0.26136136054992676,-0.34674662351608276
1696965676790281700,82.69728173828125,0.8685922622680664,-0.8486045598983765,-0.43398550152778625
1696965676800296000,82.7072958984375,-0.7440090179443359,-0.3708423376083374,-1.045600414276123
1696965676810310000,82.71730981445313,-1.7838935852050781,-0.37722039222717285,-0.3852013349533081
1696965676820324000,82.72732397460938,0.1749105453491211,-0.09093904495239258,-0.03405272960662842
1696965676830338300,82.73733837890624,-0.8624105453491211,-0.2825124263763428,0.275546133518219
1696965676840352500,82.7473525390625,-0.6263542175292969,-0.3396172523498535,0.5323647856712341
1696965676850366700,82.75736669921875,1.9027338027954102,0.1986783742904663,0.02397024631500244
1696965676860381000,82.767380859375,-1.0695762634277344,-0.26249122619628906,-0.24742257595062256
1696965676870395000,82.77739477539062,0.41898441314697266,-0.06450843811035156,0.8781236410140991
1696965676880409000,82.7874091796875,2.4051427841186523,0.05119132995605469,0.1378156542778015
1696965676890423300,82.79742333984375,-1.3138294219970703,-0.2027796506881714,0.6019342541694641
1696965676900437500,82.8074375,1.9380836486816406,-0.3142733573913574,0.6110929846763611
1696965676910451700,82.81745166015625,-1.0299911499023438,-0.7141951322555542,-0.050670087337493896
1696965676920466000,82.8274658203125,-0.0914459228515625,0.31329596042633057,0.3021591901779175
1696965676930479900,82.83747998046876,1.3854351043701172,-1.0619157552719116,-0.08310151100158691
1696965676940494000,82.847494140625,-3.0673608779907227,-0.2608436346054077,-0.014986693859100342
1696965676950508300,82.85750830078125,3.6771974563598633,-0.6585501432418823,-0.4091874659061432
1696965676960522500,82.8675224609375,-2.0602474212646484,0.05286848545074463,-0.14329510927200317
1696965676970536700,82.87753662109375,0.5481901168823242,-0.777556300163269,-0.06974941492080688
1696965676980551000,82.88755102539062,0.2558422088623047,-0.5256154537200928,-0.5429589748382568
1696965676990564900,82.89756494140624,-2.1243767738342285,-0.02661752700805664,-0.14306092262268066
1696965677000579000,82.9075791015625,1.847163200378418,-0.11014211177825928,-0.7496353983879089
1696965677010593300,82.91759326171875,-1.1530895233154297,-0.31775593757629395,-0.658715009689331
1696965677020607500,82.927607421875,0.07363605499267578,-0.13527750968933105,0.6243619322776794
1696965677030621700,82.93762158203126,2.9029645919799805,0.08450162410736084,0.3704129457473755
1696965677040636000,82.94763598632812,-2.2507967948913574,0.10126960277557373,-0.05395388603210449
1696965677050650000,82.95765014648437,2.447779655456543,-0.39290881156921387,1.172337532043457
1696965677060664000,82.9676640625,-1.6820850372314453,-0.5327796936035156,0.5936076045036316
1696965677070678300,82.97767822265625,1.0547428131103516,0.05790126323699951,1.1243727207183838
1696965677080692500,82.9876923828125,0.8377456665039062,-0.04519295692443848,0.8876094222068787
1696965677090706700,82.99770678710938,-1.1960153579711914,-0.7553325891494751,0.2605941891670227
1696965677100720600,83.007720703125,0.9618520736694336,-0.11445200443267822,-0.5655969977378845
1696965677110734800,83.01773486328125,-1.1142034530639648,-0.7004275321960449,-0.3824434280395508
1696965677120749000,83.0277490234375,-0.7577095031738281,-0.13557982444763184,-0.4619077444076538
1696965677130763000,83.03776293945313,0.037212371826171875,-0.9429795742034912,-0.3839070796966553
1696965677140777200,83.04777709960938,-1.156804084777832,-0.08024799823760986,0.043650031089782715
1696965677150791400,83.05779150390624,1.3451967239379883,-0.4827195405960083,0.5087379813194275
1696965677160805400,83.06780541992188,1.1700925827026367,0.48708951473236084,-0.6585448980331421
1696965677170819600,83.07781958007813,-2.1393046379089355,-1.1776536703109741,0.012523055076599121
1696965677180833800,83.08783374023437,2.3965063095092773,0.48529016971588135,1.0027129650115967
1696965677190847700,83.09784765625,0.11563587188720703,-0.5155428647994995,-0.6099315285682678
1696965677200862000,83.10786206054688,-0.2522430419921875,0.18498313426971436,0.40380924940109253
1696965677210876000,83.1178759765625,3.2132625579833984,-0.7865152359008789,0.7422523498535156
1696965677220890000,83.12789013671875,-1.85050630569458,-0.3226583003997803,0.18908727169036865
1696965677230904300,83.137904296875,2.172313690185547,-0.8892034292221069,-0.3783271312713623
1696965677240918300,83.14791821289063,-1.936596393585205,-0.12969064712524414,-0.20099449157714844
1696965677250932500,83.15793237304688,1.0157537460327148,-0.7559353113174438,-0.30263304710388184
1696965677260946700,83.16794677734374,1.582810401916504,-0.29066920280456543,-0.5429211258888245
1696965677270960600,83.17796069335938,-1.8182101249694824,-1.0421358346939087,-0.3216857314109802
1696965677280974800,83.18797485351563,1.9330472946166992,-0.14625680446624756,-0.08560431003570557
1696965677290989000,83.19798901367187,-0.842595100402832,-1.1715177297592163,0.10185301303863525
1696965677301003000,83.2080029296875,-1.078761100769043,0.0775521993637085,0.18331867456436157
1696965677311017200,83.21801733398438,2.646487236022949,-0.39303696155548096,-0.29488110542297363
1696965677321031200,83.22803125,-2.515202522277832,0.39159250259399414,-0.46358218789100647
1696965677331045400,83.23804541015625,1.0845718383789062,-0.9835788011550903,0.3100329041481018
1696965677341059600,83.2480595703125,1.3932723999023438,0.35652267932891846,-0.17256271839141846
1696965677351073800,83.25807373046875,-2.0939502716064453,-1.1099615097045898,0.05589425563812256
1696965677361087700,83.26808764648437,3.521871566772461,0.2497924566268921,0.5617802143096924
1696965677371102000,83.27810205078126,-1.9579968452453613,-0.8483226299285889,0.4638190269470215
1696965677381116200,83.2881162109375,0.39750003814697266,-0.4392280578613281,0.43213409185409546
1696965677391130400,83.29813037109375,0.4733572006225586,-0.2961634397506714,0.5156239867210388
1696965677401144600,83.30814453125,-0.7896633148193359,-0.49476051330566406,-0.2646983861923218
1696965677411158800,83.31815869140625,0.4834747314453125,-0.8932418823242188,-0.8387728929519653
1696965677421172700,83.3281728515625,-2.255570888519287,-0.5681500434875488,-0.48711884021759033
1696965677431187000,83.33818701171874,1.439253807067871,-0.039121031761169434,-0.4442511200904846
1696965677441201200,83.348201171875,-1.3880481719970703,-0.7330008745193481,-0.37399107217788696
1696965677451215400,83.35821533203125,-0.7921342849731445,-0.5031375885009766,-0.10637974739074707
1696965677461229600,83.3682294921875,1.1742258071899414,-0.31770193576812744,0.10086691379547119
1696965677471243800,83.37824389648438,-0.3194894790649414,0.14103662967681885,0.24138283729553223
1696965677481257700,83.3882578125,0.16395854949951172,-0.7465556859970093,0.30893003940582275
1696965677491272000,83.39827197265625,1.8022003173828125,-0.17524564266204834,-0.11898535490036011
1696965677501286100,83.4082861328125,0.1351909637451172,-0.09147918224334717,0.044804513454437256
1696965677511300400,83.41830029296875,0.14888286590576172,-0.5952433347702026,-0.0278170108795166
1696965677521314600,83.428314453125,-0.13376331329345703,-0.6080430746078491,0.45564907789230347
1696965677531328800,83.43832885742188,0.6932926177978516,-0.09364748001098633,0.8099726438522339
1696965677541343000,83.44834301757813,-0.7327556610107422,-1.213207721710205,-0.0454062819480896
1696965677551357000,83.45835693359375,-0.631321907043457,-0.2793090343475342,-0.666883111000061
1696965677561371100,83.46837109375,0.8232650756835938,-0.6430661678314209,-0.5892800092697144
1696965677571385300,83.47838525390625,-2.4854650497436523,-0.876582145690918,-0.6401422023773193
1696965677581399600,83.48839965820312,0.5736188888549805,-0.8066043853759766,-0.44502636790275574
1696965677591413800,83.49841381835938,0.3768491744995117,0.13823723793029785,-0.3413160443305969
1696965677601428000,83.50842797851563,-0.2931509017944336,-0.8828538656234741,-0.47426050901412964
1696965677611442000,83.51844189453125,0.8831119537353516,-0.8454278707504272,0.06920313835144043
1696965677621456100,83.5284560546875,-0.5138378143310547,0.09919345378875732,-0.04476088285446167
1696965677631470300,83.53847021484376,-0.5224485397338867,-0.5616312026977539,-0.09051650762557983
1696965677641484500,83.54848461914062,0.5543966293334961,-0.4698317050933838,0.025400757789611816
1696965677651498800,83.55849877929687,1.7475109100341797,-0.25165855884552,-0.02750980854034424
1696965677661513000,83.56851293945313,0.7163753509521484,-0.38849782943725586,0.4369894862174988
1696965677671527000,83.57852685546875,0.6808090209960938,-0.5617687702178955,0.8178052306175232
1696965677681541000,83.588541015625,-0.19997787475585938,-0.2812565565109253,0.9853965640068054
1696965677691555300,83.59855541992188,0.5357065200805664,-0.750333309173584,0.5777167081832886
1696965677701569500,83.60856958007813,-0.3208608627319336,-0.5989128351211548,0.09308439493179321
1696965677711583700,83.61858374023437,-0.4639253616333008,-0.8432047367095947,-0.07206159830093384
1696965677721598000,83.62859790039063,1.1235017776489258,-0.1007620096206665,-0.5473026633262634
1696965677731612000,83.63861181640625,-0.5754976272583008,-0.9343390464782715,-0.4845571517944336
1696965677741626000,83.64862622070312,-2.7674031257629395,-0.5352696180343628,-0.37734073400497437
1696965677751640300,83.65864038085938,1.1238365173339844,-0.5725654363632202,-0.24481654167175293
1696965677761654500,83.66865454101563,-2.1275691986083984,-0.4918302297592163,-0.13343948125839233
1696965677771668700,83.67866870117187,-1.0188446044921875,-0.7659440040588379,-0.03406745195388794
1696965677781683000,83.68868286132812,1.4732742309570312,0.34274470806121826,-0.40669697523117065
1696965677791697000,83.69869677734376,-2.042257785797119,-0.6535483598709106,-0.051736652851104736
1696965677801711000,83.70871118164062,0.6578207015991211,-0.508063793182373,0.009526371955871582
1696965677811725300,83.71872534179687,0.7895193099975586,-0.2544896602630615,-0.1566581130027771
1696965677821739500,83.72873950195313,-0.4449949264526367,-0.23389863967895508,0.13501232862472534
1696965677831753700,83.73875366210937,0.740931510925293,-0.6654157638549805,0.8038405179977417
1696965677841768000,83.74876782226562,1.0775976181030273,-0.17348229885101318,0.4030590057373047
1696965677851782000,83.75878198242188,0.5206804275512695,-0.41782820224761963,0.24912887811660767
1696965677861796000,83.76879614257813,-2.066229820251465,-1.0170185565948486,-0.13028216361999512
1696965677871810300,83.77881030273437,0.7144641876220703,-0.5839530229568481,-0.08011442422866821
1696965677881824500,83.78882446289063,1.1858148574829102,-0.19210028648376465,-0.6311185359954834
1696965677891838700,83.79883862304688,-2.764136791229248,-1.1677796840667725,-0.4244757294654846
1696965677901853000,83.80885302734374,1.189126968383789,-0.344527006149292,-0.19771671295166016
1696965677911867100,83.8188671875,-0.681889533996582,-0.7183746099472046,-0.7694214582443237
1696965677921881000,83.82888110351563,-2.9404187202453613,-0.4351375102996826,-0.02646738290786743
1696965677931895300,83.83889526367187,3.804375648498535,-0.23202908039093018,0.26276594400405884
1696965677941909500,83.84890942382812,-1.3415441513061523,-0.17699480056762695,-0.05344247817993164
1696965677951923700,83.858923828125,0.7686624526977539,-0.6556234359741211,0.23583823442459106
1696965677961938000,83.86893798828125,1.8419122695922852,-0.09113931655883789,0.7077951431274414
1696965677971952000,83.8789521484375,0.4513559341430664,-0.019454240798950195,0.32029545307159424
1696965677981966000,83.88896606445313,0.02918720245361328,-1.4842143058776855,-0.021186470985412598
1696965677991980300,83.89898022460937,1.2190818786621094,-0.09029030799865723,0.849672257900238
1696965678001994500,83.90899438476562,0.6998691558837891,-0.434822678565979,0.22366219758987427
1696965678012008700,83.9190087890625,0.08596992492675781,-0.898308277130127,-0.49775466322898865
1696965678022023000,83.92902294921875,-0.01433563232421875,-0.8247259855270386,-0.037045061588287354
1696965678032037000,83.939037109375,-0.3532075881958008,-0.39644598960876465,-0.5226629376411438
1696965678042051000,83.94905102539063,0.32576656341552734,-0.45006418228149414,-0.1262415051460266
1696965678052065300,83.95906518554688,1.4486465454101562,-0.8595160245895386,-0.16085392236709595
1696965678062079500,83.96907958984374,-1.995100498199463,-0.47954046726226807,-0.1778733730316162
1696965678072093700,83.97909375,0.8577127456665039,-0.3793957233428955,0.4919466972351074
1696965678082108000,83.98910791015625,0.712773323059082,-0.207891583442688,-0.016526758670806885
1696965678092122000,83.9991220703125,-1.6685075759887695,-0.54441237449646,-0.2574932277202606
1696965678102136000,84.00913598632812,1.0977582931518555,-0.5795780420303345,0.8507390022277832
1696965678112150300,84.019150390625,1.1766319274902344,0.17086267471313477,0.23473697900772095
1696965678122164500,84.02916455078125,-1.6360673904418945,-0.7640112638473511,-0.49142971634864807
1696965678132178700,84.0391787109375,0.9628763198852539,-0.04479384422302246,0.0225067138671875
1696965678142193000,84.04919287109375,-1.562164306640625,-1.0162855386734009,0.005844712257385254
1696965678152207000,84.05920703125,-1.0232629776000977,-0.026962876319885254,0.05751246213912964
1696965678162221000,84.06922094726562,1.3974857330322266,-0.7125104665756226,0.5018794536590576
1696965678172235300,84.0792353515625,-0.5936794281005859,-0.42259109020233154,-0.14359551668167114
1696965678182249500,84.08924951171875,-0.27692127227783203,-0.21620023250579834,-0.15455591678619385
1696965678192263700,84.099263671875,0.44053077697753906,-0.25820398330688477,0.2429991364479065
1696965678202278000,84.10927783203125,-1.6726007461547852,-0.5577257871627808,-0.5515016317367554
1696965678212292000,84.1192919921875,-0.751490592956543,-0.5945127010345459,-0.3634503185749054
1696965678222306300,84.12930639648438,0.44547462463378906,-0.2514486312866211,0.057611823081970215
1696965678232320300,84.1393203125,-0.6310586929321289,-0.3737605810165405,-0.286975622177124
1696965678242334500,84.14933447265625,0.6127424240112305,-0.5483357906341553,-0.6467058658599854
1696965678252348700,84.1593486328125,-0.1818094253540039,0.14036428928375244,-0.3284197449684143
1696965678262363000,84.16936279296876,-0.7594642639160156,-0.5034654140472412,-0.000004410743713378906
1696965678272377000,84.17937719726562,1.4399518966674805,-0.4357651472091675,0.3730263113975525
1696965678282391300,84.18939135742187,1.603938102722168,-0.2934938669204712,0.11796945333480835
1696965678292405200,84.1994052734375,-0.12048721313476562,-0.13453257083892822,0.0635141134262085
1696965678302419500,84.20941943359375,2.517056465148926,-0.9512342214584351,0.8113209009170532
1696965678312433700,84.21943359375,0.7095842361450195,-0.4147768020629883,0.15470629930496216
1696965678322448000,84.22944775390626,-2.8620119094848633,-0.6808627843856812,0.017825186252593994
1696965678332462000,84.23946215820312,2.15224552154541,-0.438113808631897,0.4556291103363037
1696965678342476300,84.24947631835937,2.156614303588867,-0.06065642833709717,-0.6289321184158325
1696965678352490200,84.259490234375,-2.9090938568115234,-1.3007121086120605,-1.2261698246002197
1696965678362504400,84.26950439453125,0.1273632049560547,-0.41798341274261475,-0.8776490688323975
1696965678372518700,84.2795185546875,0.34264373779296875,-0.40110766887664795,-0.05608859658241272
1696965678382532900,84.28953295898438,-2.768673896789551,-0.7284748554229736,-0.7103514075279236
1696965678392547000,84.29954711914063,0.7642154693603516,-0.5763446092605591,-0.4639086425304413
1696965678402561300,84.30956127929687,1.0978517532348633,0.08671796321868896,-0.416641503572464
1696965678412575200,84.3195751953125,-1.2653770446777344,-0.4417301416397095,-0.021387875080108643
1696965678422589400,84.32958935546876,2.3550214767456055,-0.6251356601715088,0.15015125274658203
1696965678432603600,84.33960375976562,-1.033492088317871,-0.2185755968093872,0.09451138973236084
1696965678442617900,84.34961791992187,0.5889406204223633,0.12950730323791504,0.004221677780151367
1696965678452632000,84.35963208007813,-0.32522106170654297,-0.38954007625579834,0.3240547776222229
1696965678462646300,84.36964624023437,2.1553192138671875,-0.5664327144622803,0.14827018976211548
1696965678472660200,84.37966015625,-1.7486839294433594,-0.640412449836731,-0.03785276412963867
1696965678482674400,84.38967431640626,-0.0822305679321289,-0.2526510953903198,0.27616649866104126
1696965678492688600,84.39968872070312,1.3422565460205078,-0.634738564491272,-0.19739550352096558
1696965678502702800,84.40970288085937,-2.8280420303344727,-0.34269213676452637,-0.4970243275165558
1696965678512717000,84.41971704101563,0.37071990966796875,-0.5952273607254028,-0.580176591873169
1696965678522731300,84.42973120117188,0.05918312072753906,-0.33749425411224365,-0.4600282311439514
1696965678532745500,84.43974536132812,-1.1449966430664062,-0.7090716361999512,-0.28827986121177673
1696965678542759400,84.44975952148438,-0.61669921875,-0.8205132484436035,-0.7449865937232971
1696965678552773600,84.45977368164063,-0.3858051300048828,0.09023129940032959,-0.6532382369041443
1696965678562787800,84.46978784179687,0.7240238189697266,-0.7069975137710571,-0.49456125497817993
1696965678572802000,84.47980200195312,-0.9976367950439453,-0.20044994354248047,0.08264774084091187
1696965678582816300,84.48981616210938,2.120023727416992,-0.09394276142120361,0.0878099799156189
1696965678592830500,84.49983056640625,0.012694358825683594,-0.3621178865432739,-0.17111682891845703
1696965678602844400,84.50984448242187,0.31345081329345703,-0.29456114768981934,-0.10426563024520874
1696965678612858600,84.51985864257813,1.3021392822265625,0.11575937271118164,0.7552449107170105
1696965678622872800,84.52987280273437,0.16609477996826172,-1.2895206212997437,-0.25178229808807373
1696965678632887000,84.53988696289062,-0.9237699508666992,-0.08790242671966553,-0.3327661156654358
1696965678642901200,84.5499013671875,1.071131706237793,-0.3905848264694214,-0.1144171953201294
1696965678652915500,84.55991552734375,0.16551685333251953,-0.4544062614440918,-0.10383951663970947
1696965678662929400,84.56992944335937,-0.38928985595703125,-0.2462855577468872,-0.2642003893852234
1696965678672943600,84.57994360351563,-1.219919204711914,-0.877488374710083,-0.7570542693138123
1696965678682957800,84.58995776367188,-0.7246599197387695,-0.7534803152084351,0.08089882135391235
1696965678692972000,84.59997192382812,1.2127342224121094,-0.03930246829986572,0.4511021375656128
1696965678702986200,84.609986328125,-1.6383275985717773,-0.37202298641204834,-0.5940573811531067
1696965678713000400,84.62000048828125,-1.2044029235839844,-0.32888245582580566,-0.4149203896522522
1696965678723014400,84.63001440429687,1.2644414901733398,-0.6522642374038696,-0.20310699939727783
1696965678733028600,84.64002856445312,-2.4942445755004883,0.1535639762878418,0.1972806453704834
1696965678743042800,84.65004272460938,1.9026517868041992,-0.5835927724838257,0.35749661922454834
1696965678753057000,84.66005712890625,-0.9066781997680664,-0.37534141540527344,-0.4832746684551239
1696965678763071200,84.6700712890625,-0.3695840835571289,0.15350282192230225,0.36992353200912476
1696965678773085400,84.68008544921875,2.1880321502685547,-0.4542948007583618,0.5194249153137207
1696965678783099400,84.69009936523437,-2.873645305633545,-0.25926172733306885,-0.27436232566833496
1696965678793113600,84.70011352539062,0.9845256805419922,-0.5028564929962158,0.43895095586776733
1696965678803127800,84.7101279296875,2.974590301513672,-0.5956196784973145,0.016331732273101807
1696965678813142000,84.72014208984375,-1.3242292404174805,-0.08274579048156738,-0.15855973958969116
1696965678823156200,84.73015625,-0.7000179290771484,-0.6143354177474976,-0.09694945812225342
1696965678833170400,84.74017041015625,0.46720218658447266,-0.7871286869049072,0.2389264702796936
1696965678843184600,84.7501845703125,0.07859230041503906,-0.2612781524658203,-1.6526339054107666
1696965678853198600,84.76019848632812,-3.209289073944092,-0.5700060129165649,-1.020936369895935
1696965678863212800,84.770212890625,2.0793752670288086,-0.6108185052871704,-0.7850807309150696
1696965678873227000,84.78022705078125,-2.0589613914489746,-0.40592026710510254,-1.2869269847869873
1696965678883241200,84.7902412109375,-0.6923627853393555,-0.32392382621765137,-0.8594785928726196
1696965678893255400,84.80025537109375,2.8513288497924805,-0.1284247636795044,0.3690769672393799
1696965678903269600,84.81026953125,-2.741621494293213,-0.3903111219406128,-0.4645942449569702
1696965678913283600,84.82028369140625,0.9869794845581055,-0.09217393398284912,-0.21298515796661377
1696965678923297800,84.8302978515625,3.18831729888916,-0.12478458881378174,0.4097486138343811
1696965678933312000,84.84031201171875,-0.9528179168701172,-0.8182433843612671,0.21688121557235718
1696965678943326200,84.850326171875,0.8506069183349609,-0.6536345481872559,0.7383947372436523
1696965678953340400,84.86034033203126,1.918905258178711,-0.05618774890899658,1.018277883529663
1696965678963354600,84.87035473632812,1.073328971862793,-0.13496088981628418,0.5706509947776794
1696965678973368600,84.88036865234375,-0.33957862854003906,-0.7558009624481201,0.21361064910888672
1696965678983382800,84.8903828125,0.6597957611083984,-0.3897937536239624,0.4409259557723999
1696965678993397000,84.90039697265625,0.1276988983154297,-0.6797059774398804,-1.1333345174789429
1696965679003411200,84.9104111328125,-2.6108455657958984,-0.7073562145233154,-0.4385214149951935
1696965679013425400,84.92042529296874,2.5709571838378906,-0.988580584526062,-0.20953154563903809
1696965679023439600,84.93043969726563,-2.0125060081481934,-0.22419416904449463,-0.4918040335178375
1696965679033453600,84.94045361328125,0.5293769836425781,0.24888217449188232,0.29299604892730713
1696965679043467800,84.9504677734375,3.4293813705444336,-0.007170438766479492,-0.29898157715797424
1696965679053482000,84.96048193359375,-5.027158260345459,-1.5021448135375977,-0.6469504237174988
1696965679063496200,84.97049609375,0.9532594680786133,0.07755124568939209,0.6508035659790039
1696965679073510400,84.98051049804687,4.907954216003418,0.8712546825408936,-0.3790784478187561
1696965679083524600,84.99052465820313,-4.736905097961426,-0.575980544090271,-0.7077662348747253
1696965679093538600,85.00053857421875,2.4086103439331055,-1.2222800254821777,-0.2825202941894531
1696965679103552800,85.010552734375,-0.1764545440673828,-0.5775644779205322,-0.1530817747116089
1696965679113567000,85.02056689453126,-1.9060406684875488,0.4946024417877197,-0.7223086953163147
1696965679123581200,85.03058129882812,1.0524368286132812,-0.8856159448623657,-0.567430853843689
1696965679133595400,85.04059545898437,-1.0428152084350586,-0.9206559062004089,-0.716459333896637
1696965679143609600,85.05060961914063,-1.9329195022583008,-0.04204976558685303,-0.29089784622192383
1696965679153623800,85.06062377929688,2.410806655883789,0.3162851333618164,0.40053361654281616
1696965679163637800,85.0706376953125,1.1106452941894531,-0.41863179206848145,0.21693319082260132
1696965679173652000,85.08065185546874,-3.2067203521728516,-1.2121330499649048,0.07026708126068115
1696965679183666200,85.09066625976563,2.343832015991211,0.5834096670150757,0.460818886756897
1696965679193680400,85.10068041992187,0.7330646514892578,-0.29588377475738525,0.21344196796417236
1696965679203694600,85.11069458007813,-1.1273469924926758,-0.4037652015686035,0.2117443084716797
1696965679213708800,85.12070874023438,2.7839393615722656,-0.7734657526016235,0.5307015180587769
1696965679223722800,85.13072265625,0.46962738037109375,0.043599486351013184,0.17424386739730835
1696965679233737000,85.14073706054687,0.9702463150024414,-0.3475397825241089,0.15764832496643066
1696965679243751200,85.15075122070313,2.128983497619629,-0.004486203193664551,0.23531943559646606
1696965679253765400,85.16076538085937,-0.054764747619628906,-0.994203507900238,0.23658400774002075
1696965679263779600,85.17077954101562,-0.6088323593139648,-0.32804858684539795,0.5403345823287964
1696965679273793800,85.18079370117188,3.000120162963867,0.04171490669250488,0.6928888559341431
1696965679283807700,85.19080786132812,0.25548744201660156,-0.7042144536972046,-0.2749951183795929
1696965679293822000,85.20082202148437,-1.336308479309082,-1.036852240562439,0.4665537476539612
1696965679303836200,85.21083618164063,2.895737648010254,0.3324108123779297,0.7410426735877991
1696965679313850400,85.22085034179688,-0.69000244140625,-0.7743666172027588,-0.5861397981643677
1696965679323864600,85.23086450195312,-3.2586493492126465,-0.40980470180511475,0.25399041175842285
1696965679333878800,85.24087866210938,3.285999298095703,-0.5820627212524414,0.3238900899887085
1696965679343892700,85.25089282226563,-2.4124069213867188,0.3464244604110718,-0.31415531039237976
1696965679353907000,85.26090698242187,0.011446952819824219,-1.0099706649780273,-0.2117435336112976
1696965679363921200,85.27092114257813,1.1731176376342773,-0.0544431209564209,0.11372405290603638
1696965679373935400,85.28093530273438,-2.284367561340332,-0.30177605152130127,0.1575566530227661
1696965679383949600,85.29094946289062,0.8275642395019531,-0.32457590103149414,0.19678592681884766
1696965679393963800,85.3009638671875,-0.048797607421875,0.038961052894592285,0.5905662178993225
1696965679403977700,85.31097778320313,-0.2632722854614258,0.06146395206451416,0.4305267333984375
1696965679413992000,85.32099194335937,-0.8314399719238281,-0.8302421569824219,0.1130182147026062
1696965679424006100,85.33100610351562,-0.3708181381225586,0.17624783515930176,0.20136862993240356
1696965679434020400,85.34102026367188,0.007916450500488281,-0.2242199182510376,-0.2407970130443573
1696965679444034600,85.35103466796875,-1.497818946838379,-0.1411447525024414,0.0548056960105896
1696965679454048800,85.361048828125,1.0813426971435547,-0.2480701208114624,0.23877841234207153
1696965679464063000,85.37106298828125,-1.463582992553711,-0.39419031143188477,-0.13512066006660461
1696965679474077000,85.38107690429688,-1.1263418197631836,-0.0798349380493164,-0.009982138872146606
1696965679484091100,85.39109106445312,1.0837812423706055,-0.971912145614624,-0.29813921451568604
1696965679494105300,85.40110522460938,-3.817004680633545,0.18097543716430664,-0.14889052510261536
1696965679504119600,85.41111962890625,3.129696846008301,-0.13467037677764893,-0.011541634798049927
1696965679514133800,85.4211337890625,-1.2595272064208984,-0.998593270778656,0.23019549250602722
1696965679524148000,85.43114794921875,-0.09634876251220703,-0.0032271146774291992,0.6294914484024048
1696965679534162000,85.44116186523438,2.1063785552978516,-0.3437560796737671,0.017211467027664185
1696965679544176000,85.45117602539062,-0.6280050277709961,0.25413036346435547,0.43351274728775024
1696965679554190300,85.4611904296875,2.0348615646362305,-0.5404684543609619,0.6400448083877563
1696965679564204500,85.47120458984375,-1.2205305099487305,-0.6097390651702881,0.213182270526886
1696965679574218800,85.48121875,1.3622808456420898,-0.477364182472229,0.1193549633026123
1696965679584233000,85.49123291015626,-0.8871116638183594,-0.5690748691558838,-0.07456502318382263
1696965679594247000,85.50124682617188,1.7372665405273438,-0.24870634078979492,-0.6559249758720398
1696965679604261000,85.51126123046875,0.27594852447509766,-0.7542352676391602,0.09377467632293701
1696965679614275300,85.521275390625,-0.4419364929199219,-0.3755565881729126,-0.023726552724838257
1696965679624289500,85.53128955078125,0.2512960433959961,-0.7408043146133423,-0.37848615646362305
1696965679634303700,85.5413037109375,-1.1635780334472656,-0.39974355697631836,-0.13116240501403809
1696965679644318000,85.55131787109374,-0.35793018341064453,-0.8032037019729614,-0.32832765579223633
1696965679654332000,85.56133178710938,0.0056476593017578125,-0.2932354211807251,-0.6017397046089172
1696965679664346000,85.57134619140625,-0.12775611877441406,-0.3800687789916992,-0.6150593161582947
1696965679674360300,85.5813603515625,-2.095848560333252,-0.36549437046051025,-0.16426795721054077
1696965679684374500,85.59137451171875,0.8907556533813477,-0.7230560779571533,0.06927111744880676
1696965679694388700,85.601388671875,0.24401378631591797,0.15349650382995605,0.453601598739624
1696965679704403000,85.61140283203125,0.7786178588867188,-0.4141644239425659,0.18686985969543457
1696965679714417000,85.6214169921875,-0.1741962432861328,-0.26275014877319336,0.4092470407485962
1696965679724431000,85.63143115234375,0.21802043914794922,-0.27033841609954834,0.4309357702732086
1696965679734445300,85.6414453125,-1.6794042587280273,-0.4881911277770996,0.3443290889263153
1696965679744459500,85.65145947265626,1.673811912536621,-0.2514418363571167,0.6565969586372375
1696965679754473700,85.6614736328125,2.042801856994629,-0.43392670154571533,-0.04578739404678345
1696965679764488000,85.67148803710937,-2.0527024269104004,-0.6311112642288208,0.16633710265159607
1696965679774502000,85.681501953125,2.056396484375,-0.46163809299468994,0.06807631254196167
1696965679784516000,85.69151611328125,-1.9192805290222168,-0.18292295932769775,-0.06981724500656128
1696965679794530300,85.7015302734375,-1.384469985961914,-0.5915161371231079,0.14796367287635803
1696965679804544500,85.71154443359374,1.1323738098144531,-1.1903996467590332,-0.5440369248390198
1696965679814558700,85.72155883789063,-0.992161750793457,-0.06589210033416748,-0.9677426815032959
1696965679824573000,85.73157299804687,-0.3200721740722656,-1.0129958391189575,-0.8365581631660461
1696965679834587100,85.74158715820313,-0.5773410797119141,-0.22653985023498535,-0.05106562376022339
1696965679844601000,85.75160107421875,1.3643665313720703,-0.17735230922698975,0.2002388834953308
1696965679854615300,85.761615234375,-1.4148387908935547,-0.45990145206451416,-0.1663253903388977
1696965679864629500,85.77162939453125,1.1589574813842773,-0.5081313848495483,0.9028675556182861
1696965679874643700,85.78164379882813,2.1792354583740234,-0.9379397630691528,0.4506092667579651
1696965679884658000,85.79165795898437,-2.0171051025390625,-1.0610203742980957,0.4702981114387512
1696965679894672100,85.80167211914062,2.2929868698120117,-0.4084141254425049,0.6040771007537842
1696965679904686000,85.81168603515626,0.04163646697998047,-0.3007620573043823,-0.2579437792301178
1696965679914700300,85.8217001953125,-0.5129613876342773,-0.2252558469772339,0.02932596206665039
1696965679924714500,85.83171459960937,0.7641735076904297,-0.6050049066543579,-0.28070497512817383
1696965679934728700,85.84172875976563,-0.6714143753051758,-0.8322913646697998,0.1672966182231903
1696965679944743000,85.85174291992188,1.1317310333251953,-0.9406024217605591,-0.6012657880783081
1696965679954757000,85.86175708007812,-1.8483343124389648,-0.5055115222930908,-0.7485907077789307
1696965679964771000,85.87177099609374,-0.4815998077392578,-0.8467663526535034,-0.64340740442276
1696965679974785300,85.88178540039063,-0.2795753479003906,-0.23867309093475342,-0.45051923394203186
1696965679984799500,85.89179956054687,-0.3123331069946289,-0.5670039653778076,-0.0022549331188201904
1696965679994813700,85.90181372070313,-0.029470443725585938,-0.8562597632408142,0.24120265245437622
1696965680004828000,85.91182788085938,0.4435892105102539,-1.0301238298416138,0.4900469183921814
1696965680014842000,85.92184204101562,1.6369895935058594,-0.1761082410812378,0.5352572798728943
1696965680024856000,85.93185595703125,-0.6127195358276367,-0.4177374839782715,0.5351318120956421
1696965680034870300,85.94187036132813,1.4285879135131836,-0.41111886501312256,0.969072163105011
1696965680044884500,85.95188452148437,1.0761089324951172,-1.00576913356781,0.46428537368774414
1696965680054898700,85.96189868164062,-1.416304588317871,-0.46888208389282227,0.3047642111778259
1696965680064913000,85.97191284179688,0.8087005615234375,-0.4740102291107178,0.17960438132286072
1696965680074927000,85.98192700195312,0.8495016098022461,-0.46052682399749756,0.06969770789146423
1696965680084941000,85.99194116210937,-1.9095025062561035,-0.6677951812744141,0.2016545832157135
1696965680094955300,86.00195532226563,0.03443622589111328,-0.962702214717865,-0.6586614847183228
1696965680104969500,86.01196948242188,-0.3480539321899414,-0.4988662004470825,-0.10409238934516907
1696965680114983700,86.02198364257812,-0.07920646667480469,-0.4689466953277588,-0.4043254852294922
1696965680124998000,86.03199780273438,-1.5702028274536133,-0.9225360155105591,-0.3877769112586975
1696965680135012000,86.04201220703125,1.9311132431030273,-0.3610190153121948,-0.5848475098609924
1696965680145026300,86.0520263671875,-1.8955421447753906,-0.5556210279464722,-0.23880872130393982
1696965680155040300,86.06204028320313,-0.9931182861328125,-0.5033494234085083,-0.38423386216163635
1696965680165054500,86.07205444335938,1.8670587539672852,-0.5992560386657715,-0.41834452748298645
1696965680175068700,86.08206860351562,-1.190443992614746,0.2439960241317749,0.4401753842830658
1696965680185083000,86.09208276367187,1.8612241744995117,-0.4601825475692749,1.0049940347671509
1696965680195097000,86.10209716796875,2.4011974334716797,0.0972282886505127,0.006555408239364624
1696965680205111300,86.112111328125,-1.4557771682739258,-0.3917299509048462,-0.3862081468105316
1696965680215125200,86.12212524414062,-2.2119579315185547,-0.5117554664611816,0.7661718726158142
1696965680225139500,86.13213940429688,3.4891910552978516,0.04086494445800781,0.5102260112762451
1696965680235153700,86.14215356445312,-1.4552841186523438,-0.9151842594146729,-0.3525599539279938
1696965680245167900,86.15216796875,0.3068561553955078,0.2533224821090698,0.26941797137260437
1696965680255182000,86.16218212890625,2.446963310241699,-0.06166088581085205,-0.0668354332447052
1696965680265196300,86.1721962890625,-2.7484960556030273,-0.43928205966949463,-0.29324203729629517
1696965680275210200,86.18221020507812,0.029676437377929688,-0.4087334871292114,-0.43386930227279663
1696965680285224400,86.19222436523438,0.20193004608154297,-0.4312267303466797,-0.11211982369422913
1696965680295238700,86.20223876953125,-0.8498859405517578,-0.1329256296157837,-0.5606607794761658
1696965680305252900,86.2122529296875,-0.6659994125366211,-0.9888765811920166,-0.23127293586730957
1696965680315267000,86.22226708984375,1.003474235534668,0.4437124729156494,0.4077051281929016
1696965680325281300,86.23228125,-0.4272480010986328,-0.4419194459915161,-0.14140647649765015
1696965680335295200,86.24229516601562,-2.629269599914551,-0.44415581226348877,-0.021359175443649292
1696965680345309400,86.25230932617187,1.3961267471313477,-0.020167827606201172,0.2617317736148834
1696965680355323600,86.26232373046875,-0.016510009765625,-0.07748675346374512,0.2962064743041992
1696965680365337900,86.272337890625,0.33219337463378906,-0.5139956474304199,0.015170454978942871
1696965680375352000,86.28235205078126,0.0736227035522461,-0.09024429321289062,0.26822593808174133
1696965680385366300,86.2923662109375,-0.44722938537597656,0.4642995595932007,0.41942059993743896
1696965680395380200,86.30238012695312,-0.4511260986328125,-0.8265228867530823,-0.06987372040748596
1696965680405394400,86.31239453125,-0.04846763610839844,0.17001783847808838,0.40462207794189453
1696965680415408600,86.32240869140625,0.8024282455444336,-0.43260693550109863,0.22407829761505127
1696965680425422800,86.3324228515625,-0.19368553161621094,-0.044510602951049805,-0.12796297669410706
1696965680435437000,86.34243701171874,0.48538780212402344,-0.434573769569397,0.2650998830795288
1696965680445451300,86.352451171875,-1.8712315559387207,0.07437503337860107,0.12471449375152588
1696965680455465500,86.36246557617187,-1.255599021911621,-0.7805081605911255,-0.3260641396045685
1696965680465479400,86.3724794921875,-0.4444875717163086,-0.02429342269897461,0.41943123936653137
1696965680475493600,86.38249365234375,1.3391609191894531,-0.17516732215881348,0.05536770820617676
1696965680485507800,86.3925078125,-1.942230224609375,-0.3154878616333008,-0.1430046260356903
1696965680495522000,86.40252197265625,2.444356918334961,-0.17299914360046387,0.5823404788970947
1696965680505536300,86.41253637695313,-1.5461511611938477,-0.023975253105163574,0.8756689429283142
1696965680515550500,86.42255053710937,-0.802546501159668,-0.13224554061889648,1.1841623783111572
1696965680525564700,86.43256469726562,2.334162712097168,-0.19494235515594482,0.7935553193092346
1696965680535579000,86.44257885742188,-1.7333087921142578,-0.03802776336669922,0.9748183488845825
1696965680545593000,86.45259301757812,2.671558380126953,-0.02577972412109375,1.1228656768798828
1696965680555607300,86.46260717773437,-0.8284244537353516,-0.5186668634414673,0.00720176100730896
1696965680565621500,86.47262158203125,-2.527768611907959,-0.5567508935928345,-0.44851604104042053
1696965680575635700,86.4826357421875,0.7327470779418945,-0.20740151405334473,0.29052308201789856
1696965680585650000,86.49264990234374,0.6495351791381836,-0.41808414459228516,-0.3549257814884186
1696965680595664100,86.5026640625,-0.8094387054443359,-0.32491564750671387,-0.2142312228679657
1696965680605678300,86.51267822265625,1.3478507995605469,-0.5744504928588867,0.4019288122653961
1696965680615692500,86.52269262695313,0.059227943420410156,-0.18786287307739258,0.25575387477874756
1696965680625706800,86.53270678710938,-0.7865734100341797,-0.5589542388916016,0.7016388177871704
1696965680635721000,86.54272094726562,0.7827787399291992,-0.6556155681610107,0.5682419538497925
1696965680645735400,86.5527353515625,0.9627542495727539,0.002398252487182617,0.6719894409179688
1696965680655749600,86.56274951171875,0.23902511596679688,-0.5758273601531982,0.6066571474075317
1696965680665763800,86.57276391601563,0.16224098205566406,0.30772173404693604,0.9670557975769043
1696965680675778000,86.58277807617188,0.41492557525634766,-0.6960421800613403,0.5467628240585327
1696965680685792300,86.59279223632812,-2.2615723609924316,-0.46096372604370117,0.33646783232688904
1696965680695806500,86.60280639648437,1.0409307479858398,-0.21500098705291748,0.6323666572570801
1696965680705820700,86.61282055664063,0.8715658187866211,-0.16930711269378662,0.024867713451385498
1696965680715835000,86.6228349609375,-1.2042617797851562,-0.7419226169586182,0.5123162865638733
1696965680725849000,86.63284912109376,1.4654731750488281,-0.1669292449951172,1.337437629699707
1696965680735863300,86.64286328125,1.4330167770385742,-0.20221173763275146,1.1165785789489746
1696965680745877500,86.65287744140625,-0.43367576599121094,-0.4695417881011963,0.7187916040420532
1696965680755891700,86.6628916015625,0.909820556640625,-0.3898897171020508,1.1762263774871826
1696965680765906000,86.67290600585937,1.4954919815063477,-0.42752623558044434,0.6368316411972046
1696965680775920000,86.68292016601562,-1.3178071975708008,0.1951848268508911,0.12853989005088806
1696965680785934300,86.69293432617188,0.2669944763183594,-1.2141954898834229,-0.23501278460025787
1696965680795948500,86.70294848632813,-0.015103340148925781,-0.03610396385192871,0.13450244069099426
1696965680805962800,86.71296264648437,0.7642765045166016,-0.5441116094589233,0.0631413459777832
1696965680815977000,86.72297705078125,-0.7184371948242188,-0.6638106107711792,0.23995953798294067
1696965680825991200,86.7329912109375,1.0039596557617188,-0.27453792095184326,0.9230782389640808
1696965680836005400,86.74300537109374,0.4958076477050781,0.08642637729644775,0.7755465507507324
1696965680846019600,86.75301953125,1.2064008712768555,-0.19954335689544678,0.6566472053527832
1696965680856033800,86.76303369140625,1.5628118515014648,-0.11095881462097168,0.9094375371932983
1696965680866048000,86.77304809570313,-0.5816011428833008,-0.36816203594207764,0.5818451046943665
1696965680876062200,86.78306225585938,1.7038393020629883,-0.17647838592529297,0.3159768581390381
1696965680886076400,86.79307641601562,-0.7172679901123047,-0.2858612537384033,0.3719941973686218
1696965680896090600,86.80309057617187,0.21612834930419922,-0.8534971475601196,-0.5796865224838257
1696965680906104800,86.81310473632813,-0.2949790954589844,0.034700751304626465,0.14456024765968323
1696965680916119000,86.823119140625,1.326639175415039,0.20520710945129395,0.6860669255256653
1696965680926133200,86.83313330078126,-0.3869009017944336,-1.0518134832382202,-0.03479325771331787
1696965680936147500,86.8431474609375,-1.0690507888793945,0.5078004598617554,-0.047527194023132324
1696965680946161400,86.85316137695312,2.0025854110717773,-0.5973068475723267,0.467140793800354
1696965680956175600,86.86317553710937,-2.6084518432617188,0.21336281299591064,0.284407377243042
1696965680966189800,86.87318994140625,1.7847528457641602,0.1274278163909912,0.8009901642799377
1696965680976204000,86.8832041015625,-0.55999755859375,-0.1963348388671875,0.5417810678482056
1696965680986218200,86.89321826171874,-1.1610584259033203,-0.024233460426330566,0.6898691654205322
1696965680996232400,86.903232421875,1.8671703338623047,-0.1290445327758789,0.5261678099632263
1696965681006246400,86.91324633789063,-3.5463643074035645,0.04206395149230957,0.6779865622520447
1696965681016260600,86.92326049804687,0.4425697326660156,0.0967857837677002,0.8342722058296204
1696965681026274800,86.93327490234375,-0.8151788711547852,0.20412218570709229,0.31263405084609985
1696965681036289000,86.9432890625,-1.964895248413086,-0.12202000617980957,0.2747461795806885
1696965681046303200,86.95330322265625,1.5569915771484375,0.3665125370025635,0.6230505108833313
1696965681056317400,86.9633173828125,-1.1471757888793945,-0.1894131898880005,-0.14848989248275757
1696965681066331400,86.97333129882813,0.9103717803955078,0.06776893138885498,0.5236572027206421
1696965681076345600,86.983345703125,-1.3424129486083984,-0.40291452407836914,0.8255860209465027
1696965681086359800,86.99335986328126,0.3802223205566406,-0.2468562126159668,0.40974533557891846
1696965681096374000,87.0033740234375,1.5211429595947266,0.7189714908599854,-0.2113162875175476
1696965681106388200,87.01338818359375,-1.0820417404174805,-0.3525731563568115,0.3109138011932373
1696965681116402400,87.02340234375,1.6247129440307617,-0.7478554248809814,-0.3446243405342102
1696965681126416400,87.03341650390625,-1.2416725158691406,-0.027271747589111328,0.03460896015167236
1696965681136430600,87.0434306640625,2.9379119873046875,0.19533312320709229,0.17819857597351074
1696965681146444800,87.05344482421874,-0.5763750076293945,-0.5542874336242676,0.02703148126602173
1696965681156459000,87.063458984375,0.3134937286376953,-0.11905956268310547,0.9640726447105408
1696965681166473200,87.07347314453125,1.8615779876708984,-0.17686223983764648,0.5437345504760742
1696965681176487400,87.0834873046875,-0.5324697494506836,0.4320235252380371,0.5136710405349731
1696965681186501400,87.09350146484375,1.996932029724121,-0.3628157377243042,-0.0934566855430603
1696965681196515600,87.103515625,-2.427753448486328,-0.08579885959625244,-0.14463281631469727
1696965681206529800,87.11352978515625,2.0461912155151367,-0.021820902824401855,0.7257524728775024
1696965681216544000,87.1235439453125,1.1052742004394531,-0.4234497547149658,0.45561909675598145
1696965681226558200,87.13355810546875,-1.176712989807129,0.5431592464447021,0.7824522256851196
1696965681236572400,87.14357250976562,2.008906364440918,-0.5388299226760864,0.8220514059066772
1696965681246586400,87.15358642578126,-1.0826530456542969,-0.12521278858184814,-0.07388806343078613
1696965681256600600,87.1636005859375,-0.535059928894043,-0.02344381809234619,-0.1586165428161621
1696965681266614800,87.17361474609375,-0.33240509033203125,0.32844507694244385,-0.27971407771110535
1696965681276629000,87.18362890625,-1.3731346130371094,-0.9541775584220886,-0.32444697618484497
1696965681286643200,87.19364331054688,1.1207513809204102,0.5351740121841431,0.18534249067306519
1696965681296657400,87.20365747070312,-0.3483266830444336,-0.14517474174499512,0.3808403015136719
1696965681306671600,87.21367163085938,-0.1943817138671875,0.6368627548217773,0.17603176832199097
1696965681316685600,87.223685546875,-1.507401466369629,-0.740645170211792,0.1528797149658203
1696965681326699800,87.23369970703125,-1.2737855911254883,1.0088638067245483,1.0794774293899536
1696965681336714000,87.2437138671875,0.16273021697998047,0.5095105171203613,0.16506242752075195
1696965681346728200,87.25372827148438,-1.1181068420410156,-0.15435004234313965,-0.035629212856292725
1696965681356742400,87.26374243164062,0.20832538604736328,0.3794058561325073,0.0327075719833374
1696965681366756600,87.27375659179687,-0.914820671081543,-0.050968289375305176,0.506537675857544
1696965681376770600,87.2837705078125,-0.5739269256591797,0.6812893152236938,0.591768205165863
1696965681386784800,87.29378466796875,-0.07089614868164062,-0.10111129283905029,-0.014566481113433838
1696965681396799000,87.30379907226562,-1.8583502769470215,0.34681403636932373,-0.14027047157287598
1696965681406813200,87.31381323242188,-0.5493335723876953,0.06813955307006836,0.5210153460502625
1696965681416827400,87.32382739257812,1.438817024230957,0.4219409227371216,-0.0611034631729126
1696965681426841600,87.33384155273437,-2.5547947883605957,0.022471308708190918,0.2265864610671997
1696965681436855600,87.34385546875,1.488565444946289,-0.5153583288192749,0.3293154835700989
1696965681446869800,87.35386987304688,-0.05872917175292969,0.3944211006164551,0.26952826976776123
1696965681456884000,87.36388403320312,0.8960113525390625,-0.2032485008239746,-0.3281576633453369
1696965681466898200,87.37389819335938,-0.7545156478881836,0.3854105472564697,0.26611942052841187
1696965681476912400,87.38391235351563,0.4838113784790039,-0.25852930545806885,0.5373005867004395
1696965681486926600,87.39392651367187,0.47321033477783203,0.1973557472229004,0.6978177428245544
1696965681496940500,87.4039404296875,-0.10701560974121094,0.06062757968902588,-0.14550065994262695
1696965681506954800,87.41395483398438,1.11163330078125,-0.2837132215499878,-0.5370383262634277
1696965681516969000,87.42396899414062,-1.0130119323730469,0.7606627941131592,-0.5394163727760315
1696965681526983200,87.43398315429687,1.2976722717285156,-0.250085711479187,0.783637285232544
1696965681536997400,87.44399731445313,1.1409740447998047,0.773084282875061,0.23685503005981445
1696965681547011600,87.45401147460937,-1.6380681991577148,-0.9497406482696533,0.03425353765487671
1696965681557025500,87.46402563476562,2.9338417053222656,0.49367213249206543,0.2741994261741638
1696965681567039700,87.47403979492188,-0.9103221893310547,-0.8261433839797974,-0.886574923992157
1696965681577054000,87.48405395507812,-0.18668460845947266,0.4728975296020508,-0.247738778591156
1696965681587068200,87.49406811523437,0.9710063934326172,0.5275173187255859,0.4649900197982788
1696965681597082400,87.50408227539063,-0.05901050567626953,-0.5800904035568237,0.6186167597770691
1696965681607096600,87.5140966796875,2.1824684143066406,0.5702619552612305,-0.008014380931854248
1696965681617110800,87.52411083984374,-1.2868518829345703,-1.2869521379470825,-0.5893418788909912
1696965681627124700,87.53412475585938,0.5083723068237305,0.715207576751709,-0.07244539260864258
1696965681637139000,87.54413891601563,0.914158821105957,0.289858341217041,-0.09059703350067139
1696965681647153200,87.55415307617187,-1.7922134399414062,-0.2782694101333618,0.5332480669021606
1696965681657167400,87.56416748046875,-0.10520076751708984,0.6284312009811401,0.5636240839958191
1696965681667181600,87.574181640625,1.7731704711914062,0.03110980987548828,-0.09525495767593384
1696965681677195800,87.58419580078125,-0.9876337051391602,0.3282700777053833,-0.48861613869667053
1696965681687209700,87.59420971679687,-0.8124351501464844,-0.10887658596038818,0.4260515570640564
1696965681697224000,87.60422387695313,0.6043329238891602,0.5036929845809937,0.9945603609085083
1696965681707238100,87.61423803710937,-0.4101095199584961,1.1722931861877441,0.2700653672218323
1696965681717252400,87.62425244140626,0.37984466552734375,-0.6627429723739624,0.18488115072250366
1696965681727266600,87.6342666015625,-0.28994274139404297,0.37218403816223145,0.19785445928573608
1696965681737280800,87.64428076171875,0.5133934020996094,0.2447504997253418,-0.988326370716095
1696965681747294700,87.65429467773437,-0.6484184265136719,0.24469101428985596,0.5436340570449829
1696965681757309000,87.66430883789063,1.2650222778320312,0.16648387908935547,0.6219165921211243
1696965681767323100,87.6743232421875,-1.1560964584350586,-0.11683237552642822,-0.20287805795669556
1696965681777337300,87.68433740234374,1.8285608291625977,-0.08515655994415283,-0.19294530153274536
1696965681787351600,87.6943515625,0.3486480712890625,0.4191352128982544,-0.40599772334098816
1696965681797365800,87.70436572265625,-1.210113525390625,0.03226876258850098,-0.15541410446166992
1696965681807380000,87.7143798828125,1.0537490844726562,0.5735974311828613,0.8634309768676758
1696965681817394200,87.72439428710938,0.9322338104248047,0.19485759735107422,0.760213315486908
1696965681827408400,87.73440844726562,0.07920360565185547,0.013896703720092773,-0.5330278873443604
1696965681837422600,87.74442260742188,-0.9430522918701172,0.7608528137207031,-0.3304099440574646
1696965681847436800,87.75443676757813,0.6127357482910156,-0.02134418487548828,0.24215471744537354
1696965681857451000,87.76445092773437,-1.7970671653747559,0.43220043182373047,0.0368533730506897
1696965681867465200,87.77446533203126,-0.3878211975097656,0.9777905941009521,0.1281881332397461
1696965681877479400,87.7844794921875,0.0480194091796875,-0.3404874801635742,-0.43221527338027954
1696965681887493600,87.79449365234375,-0.8600749969482422,0.5481481552124023,-0.7303227186203003
1696965681897507800,87.8045078125,0.1981067657470703,-0.10642659664154053,-0.2661135196685791
1696965681907522000,87.81452197265625,-1.9429521560668945,0.6512871980667114,0.3154227137565613
1696965681917536300,87.82453637695312,0.6366586685180664,0.9805938005447388,-0.20429784059524536
1696965681927550500,87.83455053710938,-1.4102210998535156,-0.9362457990646362,-0.9116420745849609
1696965681937564700,87.84456469726562,-1.1346426010131836,0.16067898273468018,-0.5797237157821655
1696965681947579000,87.85457885742187,0.5406503677368164,-0.03565788269042969,-0.8616204261779785
1696965681957593000,87.86459301757813,-1.4011602401733398,0.20070374011993408,-0.5548389554023743
1696965681967607600,87.87460766601562,0.3373556137084961,0.5892393589019775,0.28840309381484985
1696965681977621800,87.88462182617188,0.2118511199951172,0.1509467363357544,0.05930984020233154
1696965681987636000,87.89463598632813,0.12946414947509766,0.4112389087677002,-0.9486292004585266
1696965681997650200,87.90465014648437,-0.5350675582885742,-0.1181023120880127,-0.6465209722518921
1696965682007664400,87.91466430664063,0.14934062957763672,-0.34734249114990234,0.12008094787597656
1696965682017678600,87.9246787109375,0.7409372329711914,0.39638757705688477,-0.10298305749893188
1696965682027692800,87.93469287109374,-1.6313142776489258,0.6700565814971924,-0.33189740777015686
1696965682037707000,87.94470703125,1.1340761184692383,-0.8536338806152344,-0.14845585823059082
1696965682047721200,87.95472119140625,-0.0636758804321289,0.830963134765625,-0.265004962682724
1696965682057735400,87.9647353515625,0.6858425140380859,-0.9519257545471191,-0.8828191757202148
1696965682067749600,87.97474951171876,-1.5188264846801758,0.29765844345092773,-0.553496778011322
1696965682077763800,87.98476391601562,1.0071659088134766,-0.29226529598236084,-0.4255993366241455
1696965682087778000,87.99477807617187,-0.5722990036010742,-0.367526650428772,0.35125410556793213
1696965682097792300,88.00479223632813,2.414754867553711,0.003011941909790039,-0.39109277725219727
1696965682107806500,88.01480639648437,-2.059065341949463,-1.1098393201828003,-0.08564037084579468
1696965682117820700,88.02482055664062,1.1565208435058594,-0.4048738479614258,-0.268099844455719
1696965682127835000,88.0348349609375,-1.9090895652770996,1.1885457038879395,-0.42231252789497375
1696965682137849000,88.04484912109375,-1.2503662109375,0.9894014596939087,-0.3033360242843628
1696965682147863000,88.05486303710937,3.187333106994629,0.9804739952087402,-0.9235590696334839
1696965682157877200,88.06487719726563,-1.1692371368408203,-0.5586988925933838,-1.1831876039505005
1696965682167891500,88.07489135742188,0.24343585968017578,-1.0056400299072266,-0.21245992183685303
1696965682177905700,88.08490576171874,1.6287956237792969,-0.2712130546569824,-0.3808080554008484
1696965682187920000,88.094919921875,-2.011630058288574,1.0169116258621216,-0.31027793884277344
1696965682197934000,88.10493408203125,-0.023209571838378906,0.9121965169906616,0.42233145236968994
1696965682207948300,88.1149482421875,-0.34855175018310547,0.6215120553970337,-0.41259995102882385
1696965682217962200,88.12496215820312,0.09165763854980469,-0.1621326208114624,-0.6432009935379028
1696965682227976400,88.1349765625,0.46968841552734375,-0.289278507232666,-0.055353403091430664
1696965682237990700,88.14499072265625,0.07639598846435547,0.38455915451049805,-0.6462187170982361
1696965682248004900,88.1550048828125,2.2934722900390625,0.7183430194854736,-0.20190516114234924
1696965682258019000,88.16501904296875,0.3483295440673828,-0.9732801914215088,-0.8215394020080566
1696965682268033300,88.175033203125,-2.921069622039795,-0.3215111494064331,-0.4463198781013489
1696965682278047200,88.18504711914062,1.0715656280517578,1.5860661268234253,-0.7156074047088623
1696965682288061400,88.1950615234375,-1.1381349563598633,-0.30711233615875244,-1.0457181930541992
1696965682298075600,88.20507568359375,-0.9102869033813477,0.5780178308486938,-0.9893595576286316
1696965682308089900,88.21508984375,0.8701200485229492,-0.41054701805114746,-0.9779340028762817
1696965682318104000,88.22510400390625,-0.019903182983398438,0.03519463539123535,-0.07725384831428528
1696965682328118300,88.2351181640625,1.581557273864746,1.0746817588806152,-0.16179364919662476
1696965682338132200,88.24513232421874,0.3502311706542969,1.0712450742721558,0.37578028440475464
1696965682348146400,88.255146484375,-0.9502487182617188,-0.20337426662445068,-0.1210174560546875
1696965682358160600,88.26516064453125,0.920405387878418,0.3124338388442993,0.26942765712738037
1696965682368174800,88.2751748046875,-0.6962976455688477,0.6497193574905396,0.28020375967025757
1696965682378189000,88.28518896484375,-0.28857994079589844,-0.30247926712036133,-0.5580977201461792
1696965682388203300,88.29520336914062,0.6919431686401367,1.1489207744598389,-0.266853928565979
1696965682398217200,88.30521728515625,1.3882513046264648,0.40160250663757324,-0.6502271890640259
1696965682408231400,88.3152314453125,-1.5918874740600586,-0.34475839138031006,-0.3773643374443054
1696965682418245600,88.32524560546875,0.2372283935546875,0.34181106090545654,-0.09638020396232605
1696965682428259800,88.335259765625,0.5572423934936523,0.5796226263046265,0.27626001834869385
1696965682438274000,88.34527416992188,-1.9382801055908203,-0.27499234676361084,0.028206557035446167
1696965682448288300,88.35528833007812,2.285281181335449,0.9726539850234985,-0.7250640392303467
1696965682458302200,88.36530224609375,-0.9023952484130859,0.14392304420471191,-1.1564888954162598
1696965682468316400,88.37531640625,-1.4254446029663086,-0.03436756134033203,0.7406075596809387
1696965682478330600,88.38533056640625,2.1334896087646484,0.4985719919204712,0.7200756072998047
1696965682488344800,88.3953447265625,-3.353386402130127,1.3510133028030396,-1.3565367460250854
1696965682498359000,88.40535913085938,0.6063632965087891,0.4387727975845337,-1.3682194948196411
1696965682508373200,88.41537329101563,-0.8417396545410156,-0.7696325778961182,-1.2644000053405762
1696965682518387200,88.42538720703125,-2.503617286682129,0.781373143196106,-1.0419561862945557
1696965682528401400,88.4354013671875,0.642451286315918,0.7239034175872803,-0.2896440625190735
1696965682538415600,88.44541552734376,0.5261907577514648,0.7477186918258667,-0.8153048753738403
1696965682548429800,88.45542993164062,0.04189014434814453,0.5908966064453125,-0.5226212739944458
1696965682558444000,88.46544409179687,2.0389671325683594,0.04446280002593994,-0.5245857834815979
1696965682568458200,88.47545825195313,-0.6559734344482422,-0.5322902202606201,0.9659098982810974
1696965682578472400,88.48547241210937,-0.0006542205810546875,1.0435131788253784,0.9142017364501953
1696965682588486400,88.495486328125,0.4671754837036133,-0.4606466293334961,-0.1167692244052887
1696965682598500600,88.50550048828126,-0.6667966842651367,0.8578438758850098,-0.7899062633514404
1696965682608514800,88.51551489257812,2.0920286178588867,-0.5817396640777588,-0.5403483510017395
1696965682618529000,88.52552905273437,-1.5879974365234375,0.24868428707122803,-0.32213765382766724
1696965682628543200,88.53554321289063,1.593536376953125,0.32348811626434326,0.34262290596961975
1696965682638557400,88.54555737304688,-1.205765724182129,0.9638043642044067,-0.03788942098617554
1696965682648571400,88.5555712890625,1.443582534790039,0.22281384468078613,-0.8810409307479858
1696965682658585600,88.56558569335938,-0.23680973052978516,-0.6760432720184326,-0.6171625256538391
1696965682668599800,88.57559985351563,-1.010371208190918,-0.26656198501586914,-0.4822863042354584
1696965682678614000,88.58561401367187,1.0849790573120117,1.2159757614135742,-0.2924550175666809
1696965682688628200,88.59562817382813,0.657379150390625,0.37978827953338623,0.03754568099975586
1696965682698642400,88.60564233398438,1.2100152969360352,0.4842183589935303,-0.8072856664657593
1696965682708656600,88.61565673828125,-0.890803337097168,-1.2127856016159058,-1.3856662511825562
1696965682718670800,88.6256708984375,0.45917510986328125,0.4128209352493286,-0.7315723299980164
1696965682728685000,88.63568505859375,2.6812868118286133,0.5634361505508423,-0.1238553524017334
1696965682738699300,88.64569921875,-3.1930155754089355,0.078116774559021,0.49290451407432556
1696965682748713500,88.65571337890626,2.7017030715942383,-0.6845793724060059,0.421785831451416
1696965682758727700,88.66572778320312,1.477585792541504,0.8134900331497192,-1.375014305114746
1696965682768742000,88.67574194335937,-2.429821014404297,0.2929636240005493,-0.7306922674179077
1696965682778756400,88.68575634765625,2.838107109069824,-0.0031571388244628906,0.7266192436218262
1696965682788770600,88.6957705078125,-0.039832115173339844,0.5723146200180054,0.6830730438232422
1696965682798784800,88.70578466796874,-1.8844342231750488,0.8852336406707764,-0.07989943027496338
1696965682808799000,88.71579907226563,1.183640480041504,0.06000185012817383,-0.14446035027503967
1696965682818813200,88.72581323242187,-0.5391397476196289,0.1767866611480713,-0.7241240739822388
1696965682828827400,88.73582739257813,-2.5112338066101074,0.23647558689117432,-0.7942813038825989
1696965682838841600,88.74584155273438,1.2177934646606445,0.9344429969787598,-0.004517287015914917
1696965682848855800,88.75585571289062,-0.3377647399902344,0.25704896450042725,-0.7181389331817627
1696965682858870000,88.7658701171875,0.40828800201416016,-0.15800142288208008,-1.2485570907592773
1696965682868884200,88.77588427734375,-0.9061079025268555,-0.08267045021057129,-1.26469087600708
1696965682878898400,88.7858984375,-2.0123186111450195,0.3623225688934326,-0.7330701351165771
1696965682888912600,88.79591259765625,0.024184226989746094,1.1017258167266846,0.2404659390449524
1696965682898926800,88.8059267578125,0.607147216796875,-0.22018718719482422,-0.10347145795822144
1696965682908941000,88.81594116210937,-1.4869585037231445,-0.5251290798187256,-1.3316986560821533
1696965682918955300,88.82595532226563,0.0840311050415039,1.0424567461013794,-1.1140327453613281
1696965682928969500,88.83596948242187,0.027400970458984375,0.23248803615570068,-0.0002765357494354248
1696965682938983700,88.84598364257812,-1.3395977020263672,0.44021642208099365,0.5344910621643066
1696965682948998000,88.85599780273438,1.846151351928711,0.7229896783828735,0.5793129801750183
1696965682959012000,88.86601220703125,0.09260368347167969,0.18938958644866943,-0.06241321563720703
1696965682969026300,88.8760263671875,0.9232645034790039,-0.14695370197296143,-0.7797027826309204
1696965682979040500,88.88604052734375,-1.4731388092041016,0.8308366537094116,-0.1822374016046524
1696965682989054700,88.8960546875,-2.0671567916870117,0.6567637920379639,0.5757030248641968
1696965682999069000,88.90606884765624,0.9044723510742188,0.4554370641708374,0.03126537799835205
1696965683009083400,88.91608349609375,-0.7182474136352539,0.3592510223388672,-0.6832624673843384
1696965683019097600,88.92609765625,-0.08623695373535156,0.13924193382263184,-0.5744969248771667
1696965683029111800,88.93611181640625,-0.8607215881347656,-0.38968050479888916,-0.5623908638954163
1696965683039126000,88.9461259765625,-1.7241525650024414,0.24132192134857178,-0.3397761583328247
1696965683049140200,88.95614013671874,-0.42532920837402344,0.5650757551193237,-0.8828036785125732
1696965683059154400,88.96615454101563,-1.4044857025146484,0.013578176498413086,-1.0391654968261719
1696965683069168600,88.97616870117187,0.3425884246826172,0.14416742324829102,-1.2820534706115723
1696965683079182800,88.98618286132813,-1.8661484718322754,-0.41008460521698,-0.812188446521759
1696965683089197000,88.99619702148438,0.049294471740722656,0.7473723888397217,0.04469054937362671
1696965683099211300,89.00621118164062,2.7966489791870117,0.7618731260299683,-0.505772590637207
1696965683109225500,89.0162255859375,-1.6451616287231445,0.35133349895477295,-0.06905248761177063
1696965683119239700,89.02623974609375,1.6840801239013672,-0.745567798614502,-0.7329126596450806
1696965683129254000,89.03625390625,-2.92185115814209,1.2461519241333008,-0.33080989122390747
1696965683139268000,89.04626806640626,0.7065706253051758,-0.4590874910354614,0.29161885380744934
1696965683149282300,89.0562822265625,0.7573871612548828,0.734119176864624,-0.2845318019390106
1696965683159296500,89.06629663085937,1.1511287689208984,-0.8759317398071289,-1.1223492622375488
1696965683169310700,89.07631079101563,0.6469249725341797,0.6687871217727661,-0.2431146800518036
1696965683179325000,89.08632495117187,2.446432113647461,0.41864049434661865,0.6783390045166016
1696965683189339100,89.09633911132812,-1.2393360137939453,-0.4030115604400635,-0.31583595275878906
1696965683199353300,89.10635327148438,-1.8531098365783691,0.14358127117156982,0.5758197903633118
1696965683209367600,89.11636743164063,2.9870386123657227,-0.04079091548919678,-0.6610828042030334
1696965683219381500,89.12638159179687,-1.239914894104004,-0.39990103244781494,-1.8264926671981812
1696965683229395700,89.13639575195313,-0.7446689605712891,0.054848551750183105,-1.026031255722046
1696965683239410000,89.14640991210938,1.1460199356079102,0.3363301753997803,0.035788148641586304
1696965683249424100,89.15642407226562,0.015076637268066406,0.46997952461242676,0.034454524517059326
1696965683259438300,89.16643823242188,-0.0034332275390625,0.07305347919464111,0.11215206980705261
1696965683269452500,89.17645263671875,-0.9398994445800781,-0.09584307670593262,-0.772698163986206
1696965683279466500,89.18646655273437,-2.0124001502990723,0.1784987449645996,-0.575380802154541
1696965683289480700,89.19648071289062,-0.31085872650146484,0.6155843734741211,0.3077056109905243
1696965683299495000,89.20649487304688,-0.14230823516845703,1.402591347694397,0.13733619451522827
1696965683309509000,89.21650903320312,0.2252330780029297,-0.19721341133117676,-0.8764915466308594
1696965683319523300,89.2265234375,-0.868927001953125,0.42378270626068115,-0.81383216381073
1696965683329537500,89.23653759765625,-1.4453201293945312,0.006794571876525879,0.3666374385356903
1696965683339551500,89.24655151367188,0.5699996948242188,0.9146838188171387,0.21875721216201782
1696965683349565700,89.25656567382812,-1.3958854675292969,-1.004044532775879,-0.5105353593826294
1696965683359580000,89.26657983398438,-1.530940055847168,1.036414623260498,-0.2778055667877197
1696965683369594000,89.27659399414063,2.3574600219726562,-0.6403775215148926,-0.4989112615585327
1696965683379608300,89.2866083984375,-3.807460308074951,0.2277369499206543,-0.13536670804023743
1696965683389622500,89.29662255859375,2.647068977355957,0.4569445848464966,0.6279423236846924
1696965683399636500,89.30663647460938,0.8254318237304688,1.0801090002059937,0.03537902235984802
1696965683409650700,89.31665063476562,0.1246042251586914,0.030703425407409668,0.016383886337280273
1696965683419665000,89.32666479492187,1.3670110702514648,0.14647233486175537,-0.574131190776825
1696965683429679000,89.33667919921875,-2.9953203201293945,0.2954062223434448,-1.0422720909118652
1696965683439693300,89.346693359375,2.4782943725585938,0.3948814868927002,-1.1399259567260742
1696965683449707500,89.35670751953126,-0.007091522216796875,0.29476118087768555,-0.7793384194374084
1696965683459721500,89.36672143554688,-0.5670852661132812,0.217920184135437,0.168272465467453
1696965683469735700,89.37673559570312,4.886876106262207,-0.5857871770858765,-0.23069699108600616
1696965683479750000,89.38675,-3.5442676544189453,0.6380429267883301,0.06421059370040894
1696965683489764000,89.39676416015625,2.9234933853149414,0.43436241149902344,-0.1271168291568756
1696965683499778300,89.4067783203125,-0.3845653533935547,-1.2489745616912842,-0.8212868571281433
1696965683509792500,89.41679248046874,0.0172271728515625,0.751045823097229,-0.19206035137176514
1696965683519806700,89.426806640625,3.2915048599243164,-0.47723984718322754,-0.6482864618301392
1696965683529820700,89.43682055664063,-3.3823957443237305,-0.20064198970794678,-0.7605462074279785
1696965683539835000,89.4468349609375,3.2588062286376953,0.08752918243408203,-0.334937185049057
1696965683549849000,89.45684912109375,-1.315871238708496,0.6864875555038452,-0.4757412075996399
1696965683559863300,89.46686328125,1.2482128143310547,-0.15208911895751953,0.7477907538414001
1696965683569877500,89.47687744140624,3.1199216842651367,0.4173898696899414,-0.043727725744247437
1696965683579891700,89.4868916015625,-4.437099456787109,0.7268096208572388,0.18840306997299194
1696965683589905700,89.49690576171875,3.2236318588256836,0.4012831449508667,0.5817334651947021
1696965683599919900,89.506919921875,0.1158456802368164,-0.029140591621398926,-0.8145740032196045
1696965683609934000,89.51693408203126,-1.7195978164672852,1.2597532272338867,-0.3305004835128784
1696965683619948300,89.5269482421875,3.355562210083008,-0.6638139486312866,-0.028986632823944092
1696965683629962500,89.53696240234375,-3.1461639404296875,0.3019462823867798,-0.36442410945892334
1696965683639976700,89.54697680664063,-0.02789020538330078,-0.04230475425720215,-0.6649950742721558
1696965683649990700,89.55699072265625,-1.3741512298583984,0.4969249963760376,-0.5039172768592834
1696965683660004900,89.5670048828125,0.9369468688964844,0.14201557636260986,-0.8195573091506958
1696965683670019000,89.57701904296874,-2.0219907760620117,0.11107027530670166,-0.460043340921402
1696965683680033300,89.587033203125,-0.17744731903076172,0.278592586517334,0.45102715492248535
1696965683690047500,89.59704760742187,1.7494268417358398,0.3006502389907837,-0.006039530038833618
1696965683700061700,89.60706176757813,-2.4551191329956055,0.5209892988204956,-0.17505747079849243
1696965683710075600,89.61707568359375,1.8706045150756836,0.40476250648498535,0.025836944580078125
1696965683720089900,89.62708984375,-0.6947765350341797,0.3911738395690918,-0.20708250999450684
1696965683730104000,89.63710400390624,-0.8608818054199219,0.5154893398284912,0.35171955823898315
1696965683740118300,89.6471181640625,1.9319019317626953,0.8198201656341553,-0.013623148202896118
1696965683750132500,89.65713256835937,-0.5868759155273438,-0.2912898063659668,-0.8386082649230957
1696965683760146700,89.66714672851562,-0.523463249206543,0.3232264518737793,-0.43301618099212646
1696965683770160600,89.67716064453126,1.0976152420043945,0.12410318851470947,1.0249695777893066
1696965683780174800,89.6871748046875,0.3586454391479492,0.5294606685638428,0.09941667318344116
1696965683790189000,89.69718896484375,-1.8122873306274414,-0.30675697326660156,-0.8899047374725342
1696965683800203300,89.70720336914063,0.24664020538330078,0.3000909090042114,-0.8773733377456665
1696965683810217500,89.71721752929687,0.6235198974609375,-0.16962623596191406,-1.3877885341644287
1696965683820231700,89.72723168945312,-2.70883846282959,-0.2844374179840088,-1.2908661365509033
1696965683830246100,89.73724609375,2.1480417251586914,0.024219274520874023,0.16901043057441711
1696965683840260400,89.74726025390625,-0.054599761962890625,0.895321249961853,0.16048291325569153
1696965683850274600,89.75727465820313,0.5990228652954102,-0.10581684112548828,-0.1664593368768692
1696965683860288800,89.76728881835938,2.1510696411132812,0.31552743911743164,-0.38986414670944214
1696965683870303000,89.77730297851562,-2.756819248199463,0.7578070163726807,0.647965669631958
1696965683880317200,89.78731713867188,2.4051074981689453,-0.35384535789489746,0.4303702712059021
1696965683890331400,89.79733129882813,-0.5539102554321289,0.44913291931152344,-0.5120975971221924
1696965683900345600,89.807345703125,1.998976707458496,0.6298928260803223,0.03281325101852417
1696965683910359800,89.81735986328125,0.0016431808471679688,-0.4091377258300781,0.05287832021713257
1696965683920374000,89.8273740234375,-1.3275327682495117,-0.131369948387146,0.2875773012638092
1696965683930388200,89.83738818359375,1.734065055847168,0.6382191181182861,-0.4600622057914734
1696965683940402400,89.84740234375,-3.239981174468994,-0.29045963287353516,-1.2267580032348633
1696965683950416600,89.85741674804687,0.7002077102661133,-0.2380824089050293,-1.0325868129730225
1696965683960430800,89.86743090820312,-0.012434005737304688,-0.25543344020843506,-0.629621148109436
1696965683970445000,89.87744506835938,-2.989649772644043,0.8076380491256714,0.21979156136512756
1696965683980459300,89.88745922851562,3.0479936599731445,-0.28381025791168213,-0.3667810261249542
1696965683990473500,89.89747338867187,-2.6309542655944824,0.4479861259460449,-0.5189276933670044
1696965684000487700,89.90748779296875,1.3556556701660156,-0.14128732681274414,-0.09914208948612213
1696965684010502000,89.917501953125,-1.5759820938110352,0.2636146545410156,-0.38269829750061035
1696965684020516000,89.92751611328126,-1.8834905624389648,0.20869195461273193,0.15551462769508362
1696965684030530300,89.9375302734375,2.446432113647461,1.2869571447372437,1.0182926654815674
1696965684040544500,89.94754443359375,0.6193132400512695,-0.7666940689086914,-0.25326067209243774
1696965684050558700,89.95755883789063,-0.7536077499389648,0.7238113880157471,-0.6308872103691101
1696965684060573200,89.9675732421875,-0.03502368927001953,0.142586350440979,0.6844013929367065
1696965684070587400,89.97758740234374,0.7536144256591797,0.26361334323883057,0.10558468103408813
1696965684080601600,89.9876015625,-2.6464314460754395,0.2606147527694702,-0.43548816442489624
1696965684090615800,89.99761572265625,2.234149932861328,-0.30039262771606445,-1.1051267385482788
1696965684100630000,90.00763012695313,-3.228023052215576,-0.18703174591064453,-0.6933202743530273
1696965684110644200,90.01764428710938,2.0357160568237305,-0.3957878351211548,-0.5028001070022583
1696965684120658400,90.02765844726562,-0.3429889678955078,1.1806936264038086,-0.35859835147857666
1696965684130672600,90.03767260742187,-0.6342735290527344,-0.0005158185958862305,-0.3002091646194458
1696965684140686600,90.0476865234375,1.4036598205566406,-0.8015283346176147,0.06089174747467041
1696965684150700800,90.05770068359375,-0.21503543853759766,0.6670266389846802,-0.18376193940639496
1696965684160715000,90.06771508789062,0.7464208602905273,0.8132646083831787,0.8260177373886108
1696965684170729200,90.07772924804688,0.4341888427734375,0.03108394145965576,0.5773236751556396
1696965684180743400,90.08774340820312,2.4683046340942383,-0.42464780807495117,-0.22596509754657745
1696965684190757600,90.09775756835937,0.26517295837402344,1.1118698120117188,0.3365520238876343
1696965684200771600,90.107771484375,1.4971189498901367,-0.3977179527282715,0.3379502296447754
1696965684210785800,90.11778588867188,-2.175808906555176,0.3644164800643921,0.07618486881256104
1696965684220800000,90.12780004882812,0.24222278594970703,-0.04495894908905029,0.9686297178268433
1696965684230814200,90.13781420898438,0.2567901611328125,0.5254031419754028,-0.22613734006881714
1696965684240828400,90.14782836914063,-1.6511592864990234,-1.1898831129074097,-1.451540231704712
1696965684250842600,90.15784252929687,-1.0584516525268555,0.8710358142852783,0.23472881317138672
1696965684260856600,90.16785668945313,1.4964828491210938,0.5143023729324341,0.25314295291900635
1696965684270870800,90.17787084960938,-3.643777847290039,-0.010035991668701172,-0.41440510749816895
1696965684280885000,90.18788500976562,1.616246223449707,-0.15254271030426025,0.30135318636894226
1696965684290899200,90.19789916992187,-1.6980009078979492,0.44253969192504883,-0.24696247279644012
1696965684300913400,90.20791333007813,-1.2837677001953125,0.15957367420196533,0.49990522861480713
1696965684310927600,90.217927734375,2.0842084884643555,0.22297585010528564,1.064283013343811
1696965684320941800,90.22794189453126,-1.2755765914916992,0.8327623605728149,0.7394810914993286
1696965684330955800,90.23795581054688,2.4160709381103516,0.17144834995269775,0.14072397351264954
1696965684340970000,90.24796997070312,-1.5461435317993164,0.031604766845703125,0.30667951703071594
1696965684350984200,90.25798413085937,0.15822315216064453,0.310632586479187,0.7329751253128052
1696965684360998400,90.26799829101563,-0.6545505523681641,-0.28536689281463623,0.5957412123680115
1696965684371012600,90.2780126953125,1.1334047317504883,0.40043067932128906,-0.08140170574188232
1696965684381026800,90.28802685546874,1.312272071838379,-0.4347625970840454,-1.3311686515808105
1696965684391040800,90.29804077148438,-3.5317397117614746,0.028934359550476074,-0.4165820777416229
1696965684401055000,90.30805493164063,2.6409072875976562,-0.2620750665664673,0.04888129234313965
1696965684411069200,90.31806909179687,-1.6748695373535156,0.3911261558532715,-0.9602186679840088
1696965684421083400,90.32808349609375,-0.4914360046386719,0.09176075458526611,0.09909266233444214
1696965684431097600,90.33809765625,2.2013254165649414,-0.7700073719024658,-0.3438034951686859
1696965684441111800,90.34811181640625,-2.926848888397217,0.12469100952148438,0.35297152400016785
1696965684451125800,90.35812573242187,4.114340782165527,0.6572389602661133,1.0352694988250732
1696965684461140000,90.36813989257813,-1.7243547439575195,-0.25601649284362793,0.3799916207790375
1696965684471154200,90.378154296875,1.4756088256835938,0.4544750452041626,0.5846292972564697
1696965684481168400,90.38816845703126,2.7536277770996094,-0.1768721342086792,0.3512134552001953
1696965684491182600,90.3981826171875,-2.7387328147888184,0.17939496040344238,0.3594680726528168
1696965684501196800,90.40819677734375,2.681722640991211,-0.3031775951385498,0.4929349720478058
1696965684511210800,90.41821069335937,-1.395247459411621,0.6437277793884277,0.6858386397361755
1696965684521225000,90.42822485351563,1.5512657165527344,0.5243706703186035,0.2473151981830597
1696965684531239200,90.4382392578125,-1.7637252807617188,-0.42769575119018555,-0.7099921703338623
1696965684541253400,90.44825341796874,-1.9985780715942383,-0.5408488512039185,-0.06337374448776245
1696965684551267600,90.458267578125,1.7013015747070312,0.9574570655822754,0.6342358589172363
1696965684561281800,90.46828173828125,-0.6207494735717773,-0.1124345064163208,-0.04521474242210388
1696965684571295700,90.47829565429687,-0.6761980056762695,-0.2661358118057251,-0.1882336139678955
1696965684581310000,90.48831005859375,0.2767190933227539,0.6226620674133301,0.1348872184753418
1696965684591324200,90.49832421875,-0.7942056655883789,-0.3273460865020752,0.2122318148612976
1696965684601338400,90.50833837890625,-0.940495491027832,0.5599528551101685,0.5176768898963928
1696965684611352600,90.5183525390625,1.7715845108032227,0.3332868814468384,0.8041172027587891
1696965684621366800,90.52836669921875,-0.029625892639160156,0.31651556491851807,0.5417542457580566
1696965684631381000,90.53838110351562,0.7348947525024414,-0.1413421630859375,0.7877705693244934
1696965684641395000,90.54839501953126,-0.25115203857421875,0.09054315090179443,0.6162495613098145
1696965684651409200,90.5584091796875,-1.340580940246582,0.21593797206878662,0.2667831480503082
1696965684661423400,90.56842333984375,1.6680374145507812,-0.20158958435058594,-0.3456466495990753
1696965684671437600,90.5784375,-2.3018712997436523,-0.7963155508041382,-1.0610880851745605
1696965684681451800,90.58845166015625,-0.8011360168457031,0.609466552734375,-0.029105275869369507
1696965684691466000,90.59846606445312,2.2265806198120117,-0.1566849946975708,-0.21897289156913757
1696965684701480000,90.60847998046874,-4.186629772186279,0.21605455875396729,-0.3909851312637329
1696965684711494100,90.618494140625,3.4538803100585938,0.38850247859954834,-0.3030485510826111
1696965684721508400,90.62850830078125,-1.1020584106445312,0.09951889514923096,-0.02692413330078125
1696965684731522600,90.6385224609375,-0.0060100555419921875,-0.6384249925613403,0.7417200803756714
1696965684741536800,90.64853686523438,2.804616928100586,-0.045502543449401855,0.8080788850784302
1696965684751551000,90.65855102539062,-1.0970144271850586,1.0761728286743164,0.21741878986358643
1696965684761565000,90.66856494140625,2.4179887771606445,0.3650228977203369,0.255138635635376
1696965684771579100,90.6785791015625,-0.08172798156738281,-0.4399832487106323,0.8448481559753418
1696965684781593300,90.68859326171875,-1.1282463073730469,-0.0019510984420776367,0.8153648376464844
1696965684791607600,90.69860766601562,0.9817981719970703,-0.08855891227722168,-0.0003915131092071533
1696965684801621800,90.70862182617188,0.883946418762207,0.7327549457550049,-0.1497350037097931
1696965684811636000,90.71863598632812,-0.34108734130859375,-0.3759242296218872,-0.10544723272323608
1696965684821650000,90.72864990234375,-2.3570075035095215,-0.6995935440063477,-0.3299838900566101
1696965684831664000,90.7386640625,0.33939361572265625,0.6081256866455078,0.5713485479354858
1696965684841678300,90.74867822265625,0.6831350326538086,0.36483442783355713,0.0038586556911468506
1696965684851692500,90.75869262695312,-3.704977512359619,-0.1652050018310547,-0.3111182451248169
1696965684861706800,90.76870678710938,0.9055585861206055,-0.3055436611175537,0.03503847122192383
1696965684871721000,90.77872094726563,-0.27104663848876953,0.6860325336456299,0.3090440332889557
1696965684881735000,90.78873486328125,-0.24205875396728516,0.3405904769897461,0.663992702960968
1696965684891749000,90.7987490234375,0.37540435791015625,-0.054885149002075195,0.9447262287139893
1696965684901763300,90.80876342773438,0.613184928894043,0.3924170732498169,0.7815262079238892
1696965684911777500,90.81877758789062,-0.38193511962890625,-0.03220558166503906,0.311237096786499
1696965684921791700,90.82879174804688,-1.1314992904663086,0.28204572200775146,0.5533779263496399
1696965684931806000,90.83880590820313,1.3033971786499023,-0.29983723163604736,0.2207391858100891
1696965684941820200,90.84882006835937,-1.136789321899414,0.7364016771316528,0.12205195426940918
1696965684951834000,90.85883422851562,0.9777956008911133,-0.2644754648208618,0.07714265584945679
1696965684961848300,90.86884838867188,-3.267636299133301,-0.6742595434188843,-0.15523380041122437
1696965684971862500,90.87886254882812,1.8720645904541016,0.66153883934021,0.6408560276031494
1696965684981876700,90.88887670898437,1.0991220474243164,0.09329164028167725,0.4510425329208374
1696965684991891000,90.89889086914063,-2.2394042015075684,-0.34383833408355713,-0.30202317237854004
1696965685001905200,90.9089052734375,2.348642349243164,-0.27611827850341797,0.27076297998428345
1696965685011919000,90.91891918945312,-1.493290901184082,0.2433263063430786,0.41900724172592163
1696965685021933300,90.92893334960938,2.2368507385253906,0.23788607120513916,1.017392873764038
1696965685031947500,90.93894750976563,1.7975387573242188,-0.15801453590393066,0.7518891096115112
1696965685041961700,90.94896166992187,-0.13254451751708984,0.24002230167388916,1.1285531520843506
1696965685051976000,90.95897583007813,1.2345638275146484,-0.206329345703125,0.2929062843322754
1696965685061990100,90.968990234375,-0.44541263580322266,0.025886178016662598,-0.05509352684020996
1696965685072004000,90.97900415039062,-0.7544469833374023,-0.31850123405456543,0.23345398902893066
1696965685082018300,90.98901831054687,2.2436952590942383,0.34700143337249756,0.5118448734283447
1696965685092032500,90.99903247070313,1.0440473556518555,-1.02608060836792,-0.25770628452301025
1696965685102046700,91.00904663085937,-1.877096176147461,-0.13928544521331787,0.5805372595787048
1696965685112061000,91.01906103515626,2.280135154724121,0.8488031625747681,1.3807307481765747
1696965685122075100,91.0290751953125,0.7892036437988281,0.1394268274307251,0.2932910919189453
1696965685132089000,91.03908911132812,-2.743363857269287,-0.23082172870635986,0.14062827825546265
1696965685142103300,91.04910327148437,1.6697216033935547,-0.2869342565536499,1.2855374813079834
1696965685152117500,91.05911743164063,-1.3010358810424805,0.48385322093963623,1.0166938304901123
1696965685162131700,91.06913159179688,2.09915828704834,-0.4650055170059204,-0.18313658237457275
1696965685172146000,91.07914599609374,-2.329133987426758,0.5892494916915894,1.0952467918395996
1696965685182160100,91.08916015625,3.128220558166504,0.7977334260940552,1.746260404586792
1696965685192174000,91.09917407226563,-2.445125102996826,-0.856106162071228,0.34120482206344604
1696965685202188300,91.10918823242187,-1.899465560913086,0.4915114641189575,0.9136439561843872
1696965685212202500,91.11920239257813,2.037487030029297,-0.26526570320129395,-0.02872103452682495
1696965685222216700,91.129216796875,-3.634514808654785,0.33592164516448975,0.39628058671951294
1696965685232231000,91.13923095703124,3.546480178833008,0.08417785167694092,1.2345139980316162
1696965685242245000,91.1492451171875,-1.1349897384643555,-0.017636895179748535,-0.017857909202575684
1696965685252259300,91.15925927734375,-3.5650668144226074,-0.19678258895874023,0.6788669228553772
1696965685262273300,91.16927319335937,4.48105525970459,0.745936393737793,0.8098720908164978
1696965685272287500,91.17928759765626,-3.1755642890930176,-0.25178682804107666,-0.6235111951828003
1696965685282301700,91.1893017578125,-2.269998550415039,-0.41643452644348145,0.5918319225311279
1696965685292316000,91.19931591796875,5.926435470581055,0.46568751335144043,1.0660285949707031
1696965685302330000,91.209330078125,-3.329716205596924,0.338470458984375,0.033740341663360596
1696965685312344300,91.21934423828125,0.863194465637207,-0.12805819511413574,1.0881659984588623
1696965685322358300,91.22935815429688,2.1379079818725586,0.08276236057281494,1.2174365520477295
1696965685332372500,91.23937255859374,-3.8025455474853516,-0.18570804595947266,0.856037437915802
1696965685342386700,91.24938671875,4.017712593078613,0.5239826440811157,0.9243045449256897
1696965685352401000,91.25940087890625,0.0470733642578125,-0.818635106086731,-0.09444332122802734
1696965685362415000,91.2694150390625,-2.8302664756774902,0.06479060649871826,0.5248910188674927
1696965685372429300,91.27942919921875,1.8687686920166016,-0.5291171073913574,0.779791533946991
1696965685382443300,91.289443359375,-2.4080777168273926,0.37014591693878174,0.2895886301994324
1696965685392457500,91.29945751953124,-0.7491941452026367,-0.41682910919189453,0.16777431964874268
1696965685402471700,91.3094716796875,-1.33966064453125,0.3495752811431885,0.05812877416610718
1696965685412486000,91.31948583984375,-0.8832187652587891,0.5652836561203003,-0.03285020589828491
1696965685422500000,91.3295,-0.039458274841308594,-0.20247089862823486,0.16455739736557007
1696965685432514300,91.33951440429688,-0.3028678894042969,-0.14883637428283691,0.8792420029640198
1696965685442528300,91.3495283203125,0.8301382064819336,0.3581109046936035,0.35739707946777344
1696965685452542500,91.35954248046875,-1.2984704971313477,0.02410590648651123,1.1780688762664795
1696965685462556700,91.369556640625,0.8161115646362305,0.25943422317504883,1.024007797241211
1696965685472571000,91.37957080078125,-1.2270193099975586,-0.27222776412963867,-0.1596086025238037
1696965685482585000,91.38958520507812,-0.3358602523803711,0.14160394668579102,-0.5733746290206909
1696965685492599300,91.39959936523438,-0.39710330963134766,0.05067884922027588,0.3587079644203186
1696965685502613200,91.40961328125,-0.9175825119018555,-0.503380298614502,0.15415656566619873
1696965685512627500,91.41962744140625,-1.403151512145996,-0.29504621028900146,-0.3498271107673645
1696965685522641700,91.4296416015625,-0.038125038146972656,0.19002938270568848,-0.21721595525741577
1696965685532655900,91.43965576171875,1.59161376953125,-0.9463367462158203,-0.6599575877189636
1696965685542670000,91.44967016601562,-1.632878303527832,0.3174591064453125,0.20363444089889526
1696965685552684300,91.45968432617188,2.924997329711914,0.3727712631225586,1.259455680847168
1696965685562698500,91.46969848632813,-0.32149791717529297,-0.07032287120819092,0.6646010279655457
1696965685572712400,91.47971240234375,1.1596155166625977,-0.6277825832366943,1.4312515258789062
1696965685582726700,91.4897265625,2.4906368255615234,0.7811591625213623,0.8273025155067444
1696965685592740900,91.49974096679688,-1.3244857788085938,-1.146045207977295,-0.22207653522491455
1696965685602755000,91.50975512695312,-0.2550010681152344,0.18499386310577393,0.02549046277999878
1696965685612769300,91.51976928710937,0.9118213653564453,-0.16413748264312744,1.1893497705459595
1696965685622783500,91.52978344726563,2.052046775817871,-0.14808106422424316,0.19951975345611572
1696965685632797400,91.53979736328125,1.3018131256103516,-0.7729126214981079,-0.24813240766525269
1696965685642811600,91.54981176757812,-3.1633687019348145,-0.08495616912841797,-0.07121473550796509
1696965685652825900,91.55982592773438,1.0973529815673828,0.5212318897247314,0.8695054054260254
1696965685662840000,91.56984008789063,1.7408151626586914,-0.26200664043426514,0.44277316331863403
1696965685672854300,91.57985424804687,-1.483597755432129,-0.5866280794143677,-0.2311035394668579
1696965685682868500,91.58986840820313,0.9102449417114258,0.7519972324371338,0.7368735671043396
1696965685692882400,91.59988232421875,1.5109186172485352,-0.084922194480896,0.1672258973121643
1696965685702896600,91.60989672851562,-3.656999111175537,-0.4368324279785156,-0.14098215103149414
1696965685712910800,91.61991088867188,3.524545669555664,-0.06710851192474365,0.730085015296936
1696965685722925000,91.62992504882813,-0.9784145355224609,0.22986304759979248,0.3862817883491516
1696965685732939300,91.63993920898437,-0.22101783752441406,-0.18192839622497559,0.817317545413971
1696965685742953500,91.64995336914062,0.6266517639160156,-0.09821248054504395,1.233808994293213
1696965685752967400,91.65996752929688,-0.44951343536376953,0.8853466510772705,1.1092225313186646
1696965685762981600,91.66998168945312,0.6028814315795898,-0.17723464965820312,0.5380649566650391
1696965685772995800,91.67999584960937,0.8982744216918945,-0.4658545255661011,0.4664873480796814
1696965685783010000,91.69001000976563,-1.9611907005310059,0.5644975900650024,0.0568658709526062
1696965685793024300,91.70002416992187,0.022100448608398438,-0.28271543979644775,0.3114044666290283
1696965685803038500,91.71003857421876,-0.8377618789672852,-0.43443310260772705,-0.245344877243042
1696965685813052400,91.72005249023438,-0.6298294067382812,0.3263965845108032,-0.15378844738006592
1696965685823066600,91.73006665039063,0.5956335067749023,0.758179783821106,0.3035361170768738
1696965685833080800,91.74008081054687,-0.33251476287841797,-0.28174304962158203,0.5229422450065613
1696965685843095000,91.75009497070313,0.29460811614990234,-0.1153254508972168,0.1008685827255249
1696965685853109200,91.76010913085938,0.4850435256958008,0.3919490575790405,0.6300393342971802
1696965685863123500,91.77012353515624,-0.6240196228027344,0.20152902603149414,0.4458504915237427
1696965685873137700,91.7801376953125,0.21320247650146484,-0.3970714807510376,0.52197265625
1696965685883151600,91.79015161132813,0.28001976013183594,0.23247575759887695,0.8871761560440063
1696965685893165800,91.80016577148437,1.6264734268188477,0.440277099609375,0.18847519159317017
1696965685903180000,91.81017993164062,-0.2505970001220703,-1.078290581703186,0.36988699436187744
1696965685913194200,91.8201943359375,0.7532367706298828,-0.03504812717437744,0.7827726602554321
1696965685923208400,91.83020849609375,0.8468294143676758,0.5118162631988525,0.5872467756271362
1696965685933222700,91.84022265625,-1.535151481628418,-0.6410439014434814,0.07795095443725586
1696965685943236600,91.85023657226563,0.8337459564208984,-0.02420055866241455,0.6179469227790833
1696965685953250800,91.86025073242187,-0.8457393646240234,0.02927112579345703,-0.006668806076049805
1696965685963265000,91.87026513671876,-0.8581829071044922,0.3956451416015625,0.29081761837005615
1696965685973279200,91.880279296875,3.0431699752807617,-0.642125129699707,0.46770811080932617
1696965685983293400,91.89029345703125,-2.6121411323547363,0.8727145195007324,0.3075910210609436
1696965685993307600,91.9003076171875,1.3687458038330078,-0.6686087846755981,0.11140090227127075
1696965686003321600,91.91032153320313,-2.728776454925537,0.12218916416168213,0.19974201917648315
1696965686013335800,91.92033569335938,1.2712631225585938,-0.4822554588317871,0.16828984022140503
1696965686023350000,91.93035009765624,-1.1633806228637695,0.5805326700210571,0.17179900407791138
1696965686033364200,91.9403642578125,0.7166013717651367,-0.43403351306915283,0.8498551845550537
1696965686043378400,91.95037841796875,1.187821388244629,-0.45171427726745605,-0.25994789600372314
1696965686053392600,91.960392578125,-2.9397807121276855,0.4731431007385254,-0.09919512271881104
1696965686063406600,91.97040649414062,2.051682472229004,-0.7975674867630005,0.45190954208374023
1696965686073420800,91.9804208984375,-2.4165425300598145,-0.584457278251648,-0.46492910385131836
1696965686083435000,91.99043505859375,-0.6530742645263672,0.8139574527740479,0.33364492654800415
1696965686093449200,92.00044921875,2.4791860580444336,0.19610607624053955,0.48387855291366577
1696965686103463400,92.01046337890625,-1.6898117065429688,-0.09422242641448975,0.2923762798309326
1696965686113477600,92.0204775390625,1.1236648559570312,-0.45304179191589355,0.5474829077720642
1696965686123491600,92.03049169921874,-2.2192130088806152,0.547641396522522,0.5387097597122192
1696965686133505800,92.040505859375,2.630033493041992,-0.5083016157150269,0.34456372261047363
1696965686143520000,92.05052001953125,-0.49161243438720703,-0.3342195749282837,-0.3235437870025635
1696965686153534200,92.0605341796875,-3.7402472496032715,-0.6195836067199707,0.28007984161376953
1696965686163548400,92.07054833984375,4.138049125671387,0.3933563232421875,1.1572986841201782
1696965686173562600,92.08056274414062,-0.27782440185546875,-0.7307618856430054,-1.0335774421691895
1696965686183576600,92.09057666015624,-3.474490165710449,-0.07860052585601807,-0.5130577087402344
1696965686193590800,92.1005908203125,2.803574562072754,-0.914374828338623,-0.04014253616333008
1696965686203605000,92.11060498046875,-1.2506704330444336,-0.23301362991333008,-1.042042851448059
1696965686213619200,92.120619140625,-1.9024829864501953,0.5012248754501343,-0.26793617010116577
1696965686223633400,92.13063330078126,2.6522350311279297,0.02079010009765625,0.026302695274353027
1696965686233647600,92.14064770507812,-2.667757511138916,-0.02601611614227295,-0.11223006248474121
1696965686243661800,92.15066186523437,2.259990692138672,0.06392955780029297,0.21808689832687378
1696965686253675800,92.16067578125,-0.7075834274291992,-0.10015285015106201,-0.2003093957901001
1696965686263690000,92.17068994140625,0.7657155990600586,-0.49088144302368164,0.3388955593109131
1696965686273704200,92.1807041015625,0.18614482879638672,-0.18138575553894043,0.8074904084205627
1696965686283718400,92.19071850585938,-0.1402263641357422,-0.3560001850128174,-0.542037844657898
1696965686293732600,92.20073266601563,-0.9183835983276367,-0.09270143508911133,0.30897897481918335
1696965686303746800,92.21074682617187,2.323963165283203,-0.2889590263366699,1.41447114944458
1696965686313760800,92.2207607421875,0.15772151947021484,-0.5434186458587646,-0.7689896821975708
1696965686323775000,92.23077490234375,-1.7687296867370605,-1.1064743995666504,-0.1384974718093872
1696965686333789200,92.2407890625,4.438924789428711,0.48282647132873535,0.30479156970977783
1696965686343803400,92.25080346679688,-2.290530204772949,0.08068668842315674,0.07105046510696411
1696965686353817600,92.26081762695313,0.33304691314697266,-1.2244298458099365,0.24324780702590942
1696965686363831800,92.27083178710937,1.384307861328125,0.547508955001831,0.6234535574913025
1696965686373846000,92.28084594726562,0.4581632614135742,0.13723039627075195,0.35485583543777466
1696965686383860200,92.29086010742188,-1.4775390625,-0.5529510974884033,0.291861891746521
1696965686393874400,92.30087451171875,1.2250185012817383,0.22278571128845215,-0.05458962917327881
1696965686403888600,92.310888671875,-1.2382450103759766,-0.9140583276748657,-0.32323795557022095
1696965686413902800,92.32090283203125,-1.6795024871826172,-0.14037847518920898,-0.6146941184997559
1696965686423917000,92.3309169921875,-0.04100322723388672,-0.758442759513855,-0.7317114472389221
1696965686433931300,92.34093115234376,-2.2384424209594727,0.07197308540344238,-0.2141285538673401
1696965686443945500,92.35094555664062,1.8722143173217773,-0.3546123504638672,0.5253273248672485
1696965686453959700,92.36095971679687,0.48699378967285156,0.34759294986724854,0.17920595407485962
1696965686463974000,92.37097387695313,-0.24572372436523438,-1.4772329330444336,-0.6276860237121582
1696965686473988000,92.38098803710938,-2.2654247283935547,-0.0879206657409668,0.27522599697113037
1696965686484002300,92.39100219726562,3.09171199798584,0.6937370300292969,0.7275881767272949
1696965686494016500,92.4010166015625,0.6234493255615234,-0.665124773979187,-0.7164322733879089
1696965686504030700,92.41103076171875,-1.1412715911865234,-0.2060922384262085,0.14392930269241333
1696965686514045000,92.421044921875,3.836514472961426,0.23305737972259521,0.6998755931854248
1696965686524059100,92.43105908203125,-1.9788627624511719,-0.9111233949661255,0.4480994939804077
1696965686534073600,92.44107348632812,2.4793014526367188,0.6610782146453857,1.2892115116119385
1696965686544087800,92.451087890625,2.5833168029785156,-1.4414453506469727,0.6765408515930176
1696965686554102000,92.46110205078125,-2.158748149871826,-0.17490732669830322,-0.4699912667274475
1696965686564116200,92.4711162109375,3.116863250732422,0.04990565776824951,0.4155133366584778
1696965686574130400,92.48113037109376,-0.7558279037475586,-1.2232012748718262,-0.07731914520263672
1696965686584144600,92.49114453125,-0.2621603012084961,-0.5611107349395752,0.7949010133743286
1696965686594158800,92.50115893554687,3.327153205871582,-0.16469573974609375,-0.7983212471008301
1696965686604173000,92.51117309570313,-3.891132354736328,-0.7568979263305664,-0.9127139449119568
1696965686614187300,92.52118725585937,2.297591209411621,-0.5765985250473022,-0.696487545967102
1696965686624201500,92.53120141601562,-1.4573640823364258,0.12920689582824707,-0.1271166205406189
1696965686634215700,92.54121557617188,0.35693836212158203,-0.5086573362350464,0.16604483127593994
1696965686644230000,92.55122998046875,2.1067581176757812,0.3504958152770996,0.6553010940551758
1696965686654244000,92.561244140625,0.06570148468017578,-0.0627903938293457,-0.19946879148483276
1696965686664258300,92.57125830078125,-1.6532917022705078,-0.43848860263824463,0.000055909156799316406
1696965686674272300,92.58127221679688,1.2081012725830078,-0.24820101261138916,0.1552308201789856
1696965686684286500,92.59128637695312,-1.1208934783935547,-0.0716022253036499,-0.4592098593711853
1696965686694300700,92.60130078125,-1.3188676834106445,-0.3068627119064331,0.261404812335968
1696965686704315000,92.61131494140625,1.3706254959106445,0.5023173093795776,1.128584384918213
1696965686714329000,92.6213291015625,-0.5876531600952148,-0.6329599618911743,0.2628229260444641
1696965686724343300,92.63134326171875,-0.6673240661621094,-0.6564819812774658,0.22987854480743408
1696965686734357500,92.641357421875,-0.565617561340332,0.11903584003448486,0.3447263240814209
1696965686744371500,92.65137133789062,-0.5789508819580078,-0.2297886610031128,-0.2719751000404358
1696965686754385700,92.6613857421875,-2.240683078765869,-0.28765273094177246,-0.6018933057785034
1696965686764399900,92.67139990234375,-0.5251398086547852,0.16799914836883545,-0.44147151708602905
1696965686774414000,92.6814140625,-0.06025218963623047,0.08603215217590332,0.04756426811218262
1696965686784428300,92.69142822265626,-1.5996274948120117,-0.22081387042999268,-0.2569087743759155
1696965686794442500,92.7014423828125,0.48705387115478516,-0.3487064838409424,-0.2634393572807312
1696965686804456400,92.71145654296875,-1.6646699905395508,-0.6907501220703125,-0.3328937888145447
1696965686814470700,92.721470703125,0.10653400421142578,0.5900273323059082,-0.2743831276893616
1696965686824484900,92.73148486328125,-0.549107551574707,-1.257755994796753,-0.6912904977798462
1696965686834499000,92.7414990234375,-1.852613925933838,0.16977107524871826,0.5353895425796509
1696965686844513300,92.75151318359374,2.370150566101074,-0.16939771175384521,0.42765599489212036
1696965686854527500,92.76152758789063,-0.67529296875,-0.6535849571228027,-0.06951040029525757
1696965686864541400,92.77154150390625,-1.0284605026245117,-0.7326109409332275,-0.5034022927284241
1696965686874555600,92.7815556640625,2.2896852493286133,0.010019183158874512,-0.04282897710800171
1696965686884569900,92.79156982421875,-0.3349943161010742,-1.0250052213668823,-0.17993086576461792
1696965686894584000,92.801583984375,0.2721271514892578,-0.39192521572113037,-0.19845885038375854
1696965686904598300,92.81159838867187,0.46668529510498047,-0.40731287002563477,-0.054530560970306396
1696965686914612500,92.82161254882813,1.7649612426757812,-0.4068789482116699,0.09133386611938477
1696965686924626400,92.83162646484375,0.9053487777709961,0.3384348154067993,0.740045964717865
1696965686934640600,92.841640625,1.2794389724731445,-2.0091166496276855,-0.6105454564094543
1696965686944654800,92.85165478515626,-2.058530807495117,0.040813326835632324,-0.19661885499954224
1696965686954669000,92.8616689453125,2.9776525497436523,-0.6393094062805176,-0.37643635272979736
1696965686964683300,92.87168334960937,-1.2055034637451172,-0.6143832206726074,-0.7003786563873291
1696965686974697500,92.88169750976563,-0.42842674255371094,-0.6162441968917847,0.21686118841171265
1696965686984711400,92.89171142578125,2.5500593185424805,-0.7283854484558105,0.23723489046096802
1696965686994725600,92.9017255859375,-1.0353355407714844,-1.0705797672271729,-1.0739878416061401
1696965687004739800,92.91173974609374,0.5020542144775391,0.18795645236968994,-0.08211767673492432
1696965687014754000,92.92175415039063,1.6914186477661133,-1.0587422847747803,0.1023857593536377
1696965687024768300,92.93176831054687,0.5504827499389648,-0.36905038356781006,-0.06289136409759521
1696965687034782500,92.94178247070313,1.3386735916137695,-0.45518040657043457,0.27322953939437866
1696965687044796700,92.95179663085938,0.7340211868286133,-0.30203723907470703,0.6543068885803223
1696965687054810600,92.961810546875,0.4989595413208008,0.09732842445373535,0.6166530251502991
1696965687064824800,92.97182495117187,-0.017755508422851562,-0.4778740406036377,0.16001111268997192
1696965687074839000,92.98183911132813,-0.3321533203125,-0.42601311206817627,0.020877957344055176
1696965687084853200,92.99185327148437,1.0260696411132812,0.3776395320892334,-0.5436781048774719
1696965687094867500,93.00186743164062,-0.9489288330078125,-0.2911067008972168,-0.7538643479347229
1696965687104881700,93.01188159179688,-0.9508209228515625,-0.4598228931427002,-0.253324031829834
1696965687114895600,93.0218955078125,-0.8854494094848633,0.18016207218170166,0.10186183452606201
1696965687124909800,93.03190991210937,-0.15207195281982422,0.03102433681488037,0.203541100025177
1696965687134924000,93.04192407226563,-1.0444107055664062,-0.2187819480895996,0.020338475704193115
1696965687144938200,93.05193823242188,-0.22967243194580078,-0.28444230556488037,-0.2633066177368164
1696965687154952400,93.06195239257812,0.5503110885620117,-0.04320394992828369,-0.2955353856086731
1696965687164966700,93.07196655273438,-0.8267478942871094,-0.2860751152038574,0.06253445148468018
1696965687174980600,93.08198071289063,0.7618036270141602,0.03161883354187012,0.45752662420272827
1696965687184994800,93.09199487304687,-0.37238407135009766,0.5042484998703003,-0.20096230506896973
1696965687195009000,93.10200903320313,-1.3606767654418945,-0.14995253086090088,0.19634348154067993
1696965687205023200,93.11202319335938,1.9206085205078125,-0.4587494134902954,-0.18674325942993164
1696965687215037400,93.12203735351562,-2.77168607711792,0.25853586196899414,-0.3515089154243469
1696965687225051600,93.1320517578125,3.2790937423706055,-0.35707640647888184,-0.08905476331710815
1696965687235065600,93.14206567382813,-1.0620355606079102,0.17218446731567383,-0.18250173330307007
1696965687245079800,93.15207983398437,-1.2088069915771484,-0.6483397483825684,0.09323787689208984
1696965687255094000,93.16209399414062,2.77911376953125,-0.4649308919906616,0.09548509120941162
1696965687265108200,93.17210815429688,-4.266113758087158,-0.16893374919891357,-0.7832262516021729
1696965687275122400,93.18212231445312,1.3719921112060547,-0.702507734298706,-0.777946412563324
1696965687285136600,93.19213671875,1.9239721298217773,0.3147786855697632,0.4043918251991272
1696965687295150600,93.20215063476563,0.31787967681884766,-1.2684400081634521,-0.5236545205116272
1696965687305164800,93.21216479492188,0.39371585845947266,0.13895249366760254,-0.04049479961395264
1696965687315179000,93.22217895507812,1.381856918334961,-0.7005664110183716,-0.047733306884765625
1696965687325193200,93.23219311523438,-1.3399572372436523,-0.35869038105010986,0.5783231258392334
1696965687335207400,93.24220751953125,1.596470832824707,0.0022192001342773438,0.8969282507896423
1696965687345221600,93.2522216796875,0.7377071380615234,-0.5681185722351074,0.5692223310470581
1696965687355235800,93.26223583984375,0.24305152893066406,0.05274617671966553,-0.24702847003936768
1696965687365249800,93.27224975585938,0.5577878952026367,-0.6088448762893677,0.13688325881958008
1696965687375264000,93.28226391601562,1.0963354110717773,0.2104785442352295,-0.24106699228286743
1696965687385278200,93.2922783203125,-3.5558362007141113,-1.4492658376693726,-1.0047608613967896
1696965687395292400,93.30229248046875,-0.43700599670410156,0.2742273807525635,-0.11072248220443726
1696965687405306600,93.312306640625,2.427130699157715,-1.261197566986084,-0.5250817537307739
1696965687415320800,93.32232080078126,-3.0788636207580566,-0.13342320919036865,-0.48908984661102295
1696965687425334800,93.33233471679688,1.645054817199707,-0.10740029811859131,0.0468440055847168
1696965687435349000,93.34234887695312,0.7243003845214844,-0.8322271108627319,-0.053888797760009766
1696965687445363200,93.35236328125,-2.483701705932617,0.34641754627227783,0.35146772861480713
1696965687455377400,93.36237744140625,2.706851005554199,-0.6065077781677246,0.5420084595680237
1696965687465391600,93.3723916015625,-2.3074254989624023,0.2314155101776123,-0.5978491902351379
1696965687475405800,93.38240576171874,-0.8303651809692383,-0.951349139213562,-0.016770005226135254
1696965687485419800,93.39241967773438,1.3176374435424805,0.6389948129653931,0.09390789270401001
1696965687495434000,93.40243408203125,-2.327399730682373,-1.087772250175476,-0.4246702790260315
1696965687505448200,93.4124482421875,0.8415966033935547,0.5647300481796265,0.3928287625312805
1696965687515462400,93.42246240234375,-0.675206184387207,-1.1763122081756592,-0.22648084163665771
1696965687525476600,93.4324765625,-2.537904739379883,0.7476426362991333,0.030719339847564697
1696965687535490800,93.44249072265625,1.9881591796875,-1.1643476486206055,-0.06475520133972168
1696965687545504800,93.4525048828125,-2.522627830505371,-0.7658076286315918,-0.29276543855667114
1696965687555519000,93.46251904296875,-0.5487155914306641,-0.2722504138946533,-0.7547903060913086
1696965687565533200,93.472533203125,0.39894962310791016,0.31514012813568115,-0.7272577285766602
1696965687575547400,93.48254736328126,-0.9497337341308594,-0.5668915510177612,-0.7703984975814819
1696965687585561600,93.4925615234375,0.8016281127929688,-0.8199590444564819,0.018246352672576904
1696965687595575800,93.50257592773437,0.2978229522705078,0.2516671419143677,-0.2136557698249817
1696965687605589800,93.51258984375,1.1855039596557617,-0.7949889898300171,0.05910855531692505
1696965687615604000,93.52260400390625,0.9965858459472656,0.06489872932434082,0.5495595335960388
1696965687625618200,93.5326181640625,-0.4544553756713867,-1.2170486450195312,0.24690872430801392
1696965687635632400,93.54263232421874,2.34688663482666,0.952851414680481,0.7384728789329529
1696965687645646600,93.552646484375,1.6809864044189453,-1.0092250108718872,-0.5440784096717834
1696965687655660800,93.56266088867187,-1.6439332962036133,-0.6743290424346924,-0.3243092894554138
1696965687665674800,93.5726748046875,1.1597814559936523,-0.9591790437698364,-0.459120512008667
1696965687675689000,93.58268896484375,-0.8016729354858398,-0.11209762096405029,-0.29052305221557617
1696965687685703200,93.592703125,0.5952587127685547,-0.924656867980957,-0.41056889295578003
1696965687695717400,93.60271728515625,-0.5186443328857422,-0.4603879451751709,-0.29331982135772705
1696965687705731600,93.61273168945313,-0.10638904571533203,-0.371740460395813,-0.10430949926376343
1696965687715745800,93.62274584960937,0.10488033294677734,-0.12046515941619873,0.1296352744102478
1696965687725760000,93.63276000976562,1.4519767761230469,-0.14478635787963867,-0.4420221745967865
1696965687735774000,93.64277392578126,-2.8227152824401855,-0.8385093212127686,0.03796851634979248
1696965687745788200,93.6527880859375,2.5648040771484375,-0.11988365650177002,0.033781349658966064
1696965687755802400,93.66280224609375,-3.2657546997070312,-0.26004862785339355,-0.24048298597335815
1696965687765816600,93.67281665039063,1.8548564910888672,0.09623229503631592,1.0124199390411377
1696965687775830800,93.68283081054688,0.6564846038818359,-0.3502880334854126,0.29805850982666016
1696965687785845000,93.69284497070312,-2.4997339248657227,-0.3839317560195923,0.018907904624938965
1696965687795859000,93.70285888671874,1.1523265838623047,-0.1949291229248047,0.10057038068771362
1696965687805873200,93.712873046875,-0.3508720397949219,-0.10635030269622803,0.6993548274040222
1696965687815887400,93.72288745117187,-0.6421422958374023,-0.505782961845398,-0.4333302676677704
1696965687825901600,93.73290161132813,-1.2621707916259766,-0.3464970588684082,-0.3837820887565613
1696965687835915800,93.74291577148438,-0.5375213623046875,-0.06128990650177002,-0.023063302040100098
1696965687845930000,93.75292993164062,-0.4837379455566406,-0.26143527030944824,0.3127274513244629
1696965687855944000,93.76294384765625,-0.08198738098144531,-0.09053349494934082,-0.6261932253837585
1696965687865958100,93.77295825195313,-0.9562187194824219,-0.7835240364074707,0.1147310733795166
1696965687875972400,93.78297241210937,1.0289497375488281,0.3071784973144531,-0.04885023832321167
1696965687885986600,93.79298657226562,-1.3965768814086914,-0.8327258825302124,-0.4410105347633362
1696965687896000800,93.80300073242188,0.30276012420654297,0.4227656126022339,-0.3804689645767212
1696965687906015000,93.81301489257812,0.1111907958984375,-1.0852630138397217,-0.17617160081863403
1696965687916029000,93.82302880859375,0.053040504455566406,0.5803846120834351,0.5868819952011108
1696965687926043100,93.83304321289063,2.933749198913574,-1.2870478630065918,-0.7627524137496948
1696965687936057300,93.84305737304688,-2.5062084197998047,-0.15644729137420654,0.05019533634185791
1696965687946071600,93.85307153320312,3.47725772857666,-0.3361508846282959,0.5050380229949951
1696965687956085800,93.86308569335938,-0.1288433074951172,-0.6857824325561523,0.25691288709640503
1696965687966100000,93.87309985351563,0.16683578491210938,0.07055699825286865,0.36559367179870605
1696965687976114000,93.88311401367187,3.4975900650024414,-0.5176403522491455,0.0476841926574707
1696965687986128100,93.89312817382813,-2.723123073577881,-0.4974766969680786,-0.3636622428894043
1696965687996142300,93.90314233398438,2.936455726623535,-0.7768611907958984,0.2141459584236145
1696965688006156500,93.91315649414062,1.1524600982666016,0.48982787132263184,-0.08015245199203491
1696965688016170800,93.92317065429687,-1.5788755416870117,-1.1690404415130615,-0.25003546476364136
1696965688026185000,93.93318505859375,2.1479692459106445,0.4038517475128174,0.17066305875778198
1696965688036199200,93.94319921875,-1.5601482391357422,-1.0329149961471558,0.06961774826049805
1696965688046213000,93.95321313476562,1.110243797302246,0.342557430267334,0.18884813785552979
1696965688056227300,93.96322729492188,0.2956581115722656,-0.9502701759338379,0.04027444124221802
1696965688066241500,93.97324145507812,-0.5123634338378906,-0.38152313232421875,-0.1708545684814453
1696965688076255700,93.983255859375,-0.5103664398193359,-0.5527135133743286,-0.2332007884979248
1696965688086270000,93.99327001953125,-0.2126445770263672,0.2740570306777954,-0.04069840908050537
1696965688096284200,94.0032841796875,-0.9328718185424805,-0.6251641511917114,-0.2302461862564087
1696965688106298000,94.01329809570312,-1.3124971389770508,-0.4487694501876831,-0.09251272678375244
1696965688116312300,94.02331225585938,-0.5539007186889648,-0.2776002883911133,0.090079665184021
1696965688126326500,94.03332641601563,0.9629249572753906,0.2701627016067505,0.8327141404151917
1696965688136340700,94.0433408203125,-1.113229751586914,-0.27377748489379883,0.15422874689102173
1696965688146355000,94.05335498046875,-0.7330408096313477,-0.13371717929840088,0.4648657441139221
1696965688156369200,94.063369140625,-0.014524459838867188,0.16232812404632568,0.01398235559463501
1696965688166383000,94.07338305664062,-1.51983642578125,0.08041691780090332,0.2147718071937561
1696965688176397300,94.08339721679687,0.36126708984375,-0.5943106412887573,-0.33078593015670776
1696965688186411500,94.09341162109375,-1.1498422622680664,0.018115997314453125,-0.1312490701675415
1696965688196425700,94.10342578125,-0.3496551513671875,-0.32006263732910156,-0.6385255455970764
1696965688206440000,94.11343994140626,-1.8208069801330566,-0.8348593711853027,-0.125127911567688
1696965688216454100,94.1234541015625,-0.8944988250732422,0.31236445903778076,0.7697485685348511
1696965688226468000,94.13346801757812,1.4676504135131836,-1.2243130207061768,-0.48032069206237793
1696965688236482300,94.143482421875,-2.693636894226074,0.49488186836242676,-0.2621244192123413
1696965688246496500,94.15349658203125,3.911717414855957,-1.0999112129211426,0.40310001373291016
1696965688256510700,94.1635107421875,-2.304616928100586,-0.09937214851379395,0.15076547861099243
1696965688266525000,94.17352490234374,0.360504150390625,-0.34880292415618896,0.06087374687194824
1696965688276539100,94.1835390625,1.091689109802246,-0.2819443941116333,1.0621089935302734
1696965688286553000,94.19355297851563,1.446126937866211,-0.5731511116027832,1.050102949142456
1696965688296567300,94.2035673828125,0.27619171142578125,-0.11512458324432373,0.08203363418579102
1696965688306581500,94.21358154296875,1.3547639846801758,-0.6098554134368896,0.5813683271408081
1696965688316595700,94.223595703125,0.8542013168334961,-0.5722697973251343,-0.3153344988822937
1696965688326610000,94.23360986328125,-1.7147598266601562,-1.0888123512268066,-0.3267679810523987
1696965688336624000,94.2436240234375,1.5292835235595703,-0.26584649085998535,0.2807084321975708
1696965688346638300,94.25363842773437,-1.040471076965332,-0.8043085336685181,-0.1667574644088745
1696965688356652300,94.26365234375,-0.613037109375,-0.4293307065963745,-0.24581986665725708
1696965688366666500,94.27366650390626,1.0660228729248047,-0.5170294046401978,-0.33134225010871887
1696965688376680700,94.2836806640625,-2.3097872734069824,0.21927285194396973,0.3980095386505127
1696965688386695000,94.29369482421875,1.6188764572143555,-1.2161939144134521,0.19944626092910767
1696965688396709000,94.30370922851563,-1.6343469619750977,0.038034677505493164,-0.3036172389984131
1696965688406723300,94.31372338867187,-0.019647598266601562,-0.3832991123199463,0.6511970162391663
1696965688416737300,94.3237373046875,-0.009846687316894531,-0.4622182846069336,0.176222026348114
1696965688426751500,94.33375146484374,-2.8438162803649902,0.22264885902404785,-0.02463376522064209
1696965688436765700,94.343765625,1.7839984893798828,-0.4016726016998291,0.8244072794914246
1696965688446780000,94.35377978515625,1.0536823272705078,-0.2254854440689087,0.6555774211883545
1696965688456794000,94.36379418945313,-2.127267360687256,-1.0578291416168213,0.3739776015281677
1696965688466808300,94.37380834960938,0.7354593276977539,-0.050069451332092285,0.9025178551673889
1696965688476822300,94.383822265625,-0.33245182037353516,0.14201366901397705,0.8043263554573059
1696965688486836500,94.39383642578125,-1.0150575637817383,-0.9523493051528931,0.31473785638809204
1696965688496850700,94.4038505859375,-1.615279197692871,-0.6464602947235107,-0.3405543565750122
1696965688506865000,94.41386499023437,1.3798351287841797,0.5728753805160522,-0.018504083156585693
1696965688516879000,94.42387915039062,0.2919883728027344,-0.9642422795295715,-0.24207234382629395
1696965688526893300,94.43389331054688,-1.5297460556030273,-0.44875502586364746,-0.47108593583106995
1696965688536907300,94.4439072265625,0.09394073486328125,-0.4296836853027344,0.5769392848014832
1696965688546921500,94.45392138671875,1.5704708099365234,0.27866697311401367,0.6174996495246887
1696965688556935700,94.46393579101563,-1.7306852340698242,-0.4723609685897827,0.7643934488296509
1696965688566950000,94.47394995117187,2.301297187805176,-0.6502588987350464,0.6108019948005676
1696965688576964000,94.48396411132812,0.967585563659668,-0.6495058536529541,0.28182148933410645
1696965688586978300,94.49397827148438,0.11907100677490234,-0.5825077295303345,0.3827744722366333
1696965688596992300,94.5039921875,1.169936180114746,-0.26582372188568115,0.18032920360565186
1696965688607006500,94.51400634765625,-1.2555913925170898,-0.8075820207595825,0.2654072046279907
1696965688617020700,94.52402075195313,-0.7745704650878906,-0.9123611450195312,0.7504416108131409
1696965688627035000,94.53403491210938,2.8112030029296875,-0.4425668716430664,0.3651902675628662
1696965688637049000,94.54404907226562,-0.9894628524780273,0.21265053749084473,0.1987895965576172
1696965688647063300,94.55406323242188,3.0079030990600586,-0.882665753364563,0.6245172023773193
1696965688657077500,94.56407739257813,-1.6435613632202148,-0.9166659116744995,0.012629866600036621
1696965688667091500,94.57409155273437,0.24292564392089844,0.3548787832260132,0.8845077157020569
1696965688677105700,94.58410571289062,2.7373838424682617,-0.5290824174880981,-0.2821909189224243
1696965688687120000,94.59411987304688,-3.0606460571289062,-0.579574704170227,0.007826447486877441
1696965688697134000,94.60413403320312,2.4237003326416016,-0.21137309074401855,0.6121090650558472
1696965688707148300,94.61414819335937,1.132645606994629,-0.16678893566131592,0.36176764965057373
1696965688717162500,94.62416259765625,-1.50732421875,-0.59796142578125,0.43105804920196533
1696965688727176400,94.63417651367187,1.0863609313964844,-0.9836041331291199,0.4826316833496094
1696965688737190700,94.64419067382812,-0.8655662536621094,-0.16973137855529785,0.45510590076446533
1696965688747204900,94.65420483398438,0.040368080139160156,-0.8343981504440308,0.9437955021858215
1696965688757219000,94.66421899414063,0.2698249816894531,-0.11467540264129639,0.4167787432670593
1696965688767233300,94.6742333984375,-1.5417070388793945,-0.5619415044784546,0.49749600887298584
1696965688777247500,94.68424755859375,0.4265279769897461,0.22349166870117188,0.9030736088752747
1696965688787261400,94.69426147460938,-0.057430267333984375,-0.6612038612365723,0.2981981635093689
1696965688797275600,94.70427563476562,-0.26258087158203125,0.04346418380737305,1.100682020187378
1696965688807289900,94.71428979492188,0.19253158569335938,-0.6636091470718384,1.4202988147735596
1696965688817304000,94.72430395507813,-0.2916431427001953,0.1621342897415161,1.2043401002883911
1696965688827318300,94.734318359375,1.8783292770385742,-0.18897831439971924,-0.030231952667236328
1696965688837332500,94.74433251953126,-0.9262933731079102,-0.3965984582901001,0.22908437252044678
1696965688847346400,94.75434643554688,-0.9818429946899414,-0.9576884508132935,0.06589251756668091
1696965688857360600,94.76436059570312,0.5966777801513672,-0.7663655281066895,-0.3148292303085327
1696965688867374800,94.77437475585937,-1.8747286796569824,-0.23081684112548828,-0.151198148727417
1696965688877389000,94.78438916015625,-0.6901178359985352,-0.8957418203353882,0.3500962257385254
1696965688887403300,94.7944033203125,1.8634281158447266,0.09673869609832764,-0.46641141176223755
1696965688897417500,94.80441748046874,-3.6458535194396973,-0.5070692300796509,-0.20752906799316406
1696965688907431400,94.81443139648438,0.7979803085327148,-0.6238065958023071,0.3508586287498474
1696965688917445600,94.82444555664063,0.1841878890991211,-0.6105775833129883,0.22825992107391357
1696965688927459800,94.8344599609375,0.5853204727172852,-0.3299722671508789,0.2304539680480957
1696965688937474000,94.84447412109375,-0.0035457611083984375,-0.0007013082504272461,0.13027435541152954
1696965688947488300,94.85448828125,0.751063346862793,-0.005894064903259277,0.7593043446540833
1696965688957502500,94.86450244140624,2.5032291412353516,-0.12937188148498535,1.4079065322875977
1696965688967516700,94.8745166015625,-1.6124515533447266,-1.8343504667282104,0.45843613147735596
1696965688977530600,94.88453051757813,1.5540237426757812,-0.09178948402404785,1.827491044998169
1696965688987544800,94.894544921875,2.969740867614746,0.22289156913757324,0.7557090520858765
1696965688997559000,94.90455908203126,-3.7995567321777344,-1.319490909576416,0.4384763836860657
1696965689007573200,94.9145732421875,1.0877676010131836,-0.8440837860107422,0.12394964694976807
1696965689017587500,94.92458740234375,-1.9730110168457031,-0.11144638061523438,-0.5650680065155029
1696965689027601700,94.9346015625,-0.49182796478271484,0.23373687267303467,0.24359780550003052
1696965689037615600,94.94461572265625,2.5780181884765625,-1.2682359218597412,0.3992730379104614
1696965689047629800,94.9546298828125,-5.035558223724365,-0.09753978252410889,0.1265261173248291
1696965689057644000,94.96464404296874,1.1252927780151367,0.19724500179290771,0.12713533639907837
1696965689067658200,94.974658203125,-0.13797283172607422,-0.6690965890884399,0.34891587495803833
1696965689077672400,94.98467236328125,-0.6734676361083984,-0.23443341255187988,0.3989819884300232
1696965689087686700,94.99468676757813,1.5649614334106445,-0.6229157447814941,0.9917179942131042
1696965689097700600,95.00470068359375,-2.132615089416504,-0.8145558834075928,0.4455074667930603
1696965689107714800,95.01471484375,1.9336214065551758,-0.007270932197570801,0.6550466418266296
1696965689117729000,95.02472900390624,1.4893054962158203,-0.37046539783477783,-0.3527519702911377
1696965689127743200,95.0347431640625,-3.168311595916748,-0.8863996267318726,0.7447172999382019
1696965689137757400,95.04475732421875,4.279055595397949,-0.41566145420074463,1.849892497062683
1696965689147771600,95.05477172851562,-0.2277069091796875,-0.4932975769042969,0.616209089756012
1696965689157785600,95.06478564453126,-1.6037101745605469,-0.8484835624694824,0.7525618672370911
1696965689167799800,95.0747998046875,3.1114988327026367,0.11398148536682129,0.411690890789032
1696965689177814000,95.08481396484375,-0.4560842514038086,-0.5079604387283325,0.18320107460021973
1696965689187828200,95.094828125,-0.06262683868408203,-0.7298663854598999,0.8177614808082581
1696965689197842400,95.10484252929687,1.404322624206543,-0.682997465133667,0.13894182443618774
1696965689207856600,95.11485668945312,-2.273338794708252,0.07315230369567871,0.04451173543930054
1696965689217870600,95.12487060546874,-0.23642349243164062,-0.7466859817504883,0.4288090467453003
1696965689227884800,95.134884765625,4.982385635375977,0.6233630180358887,2.104422092437744
1696965689237899000,95.14489892578125,-2.7939281463623047,-1.3876878023147583,0.3187558650970459
1696965689247913200,95.15491333007813,-2.4286680221557617,-0.9533922076225281,0.8730477690696716
1696965689257927400,95.16492749023438,2.9286365509033203,0.13223934173583984,0.9078388810157776
1696965689267941600,95.17494165039062,-1.2925310134887695,-0.20241916179656982,0.3938317894935608
1696965689277955800,95.18495581054688,-1.5661840438842773,-0.6780565977096558,0.6473981142044067
1696965689287969800,95.1949697265625,0.30603504180908203,-0.964394211769104,0.7770624160766602
1696965689297984000,95.20498388671875,-1.132913589477539,0.19001102447509766,0.3256848454475403
1696965689307998200,95.21499829101562,-0.7285470962524414,-0.046344876289367676,0.7567299008369446
1696965689318012400,95.22501245117188,1.0320014953613281,-0.2734832763671875,0.8356344103813171
1696965689328026600,95.23502661132812,-3.1231799125671387,-0.6092252731323242,0.43548375368118286
1696965689338040800,95.24504077148437,1.4955329895019531,0.34963178634643555,0.9075994491577148
1696965689348054800,95.2550546875,0.8228654861450195,-0.060791015625,0.38432174921035767
1696965689358069000,95.26506909179687,-2.915822982788086,-0.05545234680175781,1.024172306060791
1696965689368083200,95.27508325195312,0.7649669647216797,-1.4176301956176758,0.9029550552368164
1696965689378097400,95.28509741210938,-0.054442405700683594,0.6704928874969482,-0.09546828269958496
1696965689388111600,95.29511157226563,-0.04488658905029297,-0.034360647201538086,1.2800283432006836
1696965689398125800,95.30512573242187,1.5896425247192383,-2.066162586212158,0.9199023246765137
1696965689408139800,95.31513989257813,-3.849010467529297,-1.1949347257614136,-0.053710222244262695
1696965689418154000,95.32515405273438,2.869757652282715,1.2650479078292847,1.292407512664795
1696965689428168200,95.33516821289062,1.3241806030273438,-1.250091314315796,0.24140501022338867
1696965689438182400,95.34518237304688,-4.227300643920898,-0.7612838745117188,1.2160098552703857
1696965689448196600,95.35519653320313,2.7827625274658203,-0.6908502578735352,1.6337625980377197
1696965689458210800,95.3652109375,-1.3860235214233398,0.37196266651153564,0.80100417137146
1696965689468224800,95.37522485351562,3.299069404602051,-0.13771867752075195,-0.33895885944366455
1696965689478239000,95.38523901367188,-0.7222070693969727,-0.8739713430404663,0.0385013222694397
1696965689488253200,95.39525317382812,-1.2415742874145508,-0.7149627208709717,0.9484192132949829
1696965689498267400,95.40526733398437,1.6380376815795898,-0.6156493425369263,0.6713193655014038
1696965689508281600,95.41528149414063,-0.4546079635620117,-0.37802934646606445,-0.058264195919036865
1696965689518295800,95.4252958984375,0.7994327545166016,-0.9330497980117798,0.9265034794807434
1696965689528309800,95.43530981445312,-0.6648473739624023,-1.0748727321624756,0.4990025758743286
1696965689538324000,95.44532397460938,0.5792913436889648,0.47107481956481934,0.2412293553352356
1696965689548338200,95.45533813476563,1.3573408126831055,-0.9601023197174072,0.35420602560043335
1696965689558352400,95.46535229492187,-2.162041187286377,-1.1655710935592651,0.04531431198120117
1696965689568366600,95.47536669921875,-0.9669466018676758,0.08963072299957275,1.3736659288406372
1696965689578380800,95.485380859375,4.789159774780273,0.16356635093688965,0.6795848608016968
1696965689588395000,95.49539501953124,-3.029916763305664,-0.49414241313934326,0.3395387530326843
1696965689598409000,95.50540893554688,0.6666994094848633,-0.7529556751251221,1.9321315288543701
1696965689608423200,95.51542309570313,3.307588577270508,-0.08697092533111572,0.9487481713294983
1696965689618437400,95.52543725585937,-2.807260513305664,0.5934815406799316,0.7565721273422241
1696965689628451600,95.53545166015626,4.506049156188965,-1.1877268552780151,1.622077465057373
1696965689638465800,95.5454658203125,-2.2613511085510254,-0.6190028190612793,0.7928754687309265
1696965689648480000,95.55547998046875,-0.8946123123168945,-0.9711920022964478,0.6488237977027893
1696965689658494200,95.565494140625,1.8080663681030273,-0.0784003734588623,0.7285858988761902
1696965689668508400,95.57550830078125,-1.4171428680419922,-0.6341027021408081,0.6050676703453064
1696965689678522600,95.58552270507812,1.4586334228515625,-0.40881872177124023,1.1968028545379639
1696965689688536800,95.59553686523438,0.1791534423828125,-1.3275508880615234,0.3103322386741638
1696965689698551000,95.60555102539062,-0.8433876037597656,0.5379842519760132,1.0968973636627197
1696965689708565200,95.61556518554687,3.0006208419799805,-0.11940109729766846,0.55268794298172
1696965689718579500,95.62557934570313,-4.837906360626221,-0.8012048006057739,0.23448115587234497
1696965689728593700,95.63559375,0.606715202331543,-0.35192716121673584,0.7447275519371033
1696965689738607900,95.64560791015624,2.627105712890625,-0.21322667598724365,0.24426960945129395
1696965689748622000,95.6556220703125,-1.4406709671020508,0.19018471240997314,0.08339512348175049
1696965689758636300,95.66563623046875,1.0631322860717773,-0.9180150032043457,1.42732834815979
1696965689768650500,95.675650390625,-0.08171558380126953,-0.6741516590118408,0.5186895132064819
1696965689778664700,95.68566479492188,-2.1026997566223145,0.3792058229446411,0.5171091556549072
1696965689788679200,95.69567919921874,3.2405052185058594,-0.6377137899398804,0.7919807434082031
1696965689798693400,95.705693359375,-2.0661401748657227,-0.842201828956604,0.7173247933387756
1696965689808707600,95.71570751953125,1.6848344802856445,-0.20601284503936768,0.9339867830276489
1696965689818721800,95.7257216796875,-0.636113166809082,-0.19792771339416504,0.40173065662384033
1696965689828736000,95.73573608398438,-1.4710416793823242,-0.09586751461029053,0.732291579246521
1696965689838750200,95.74575024414062,2.3317527770996094,-0.7524853944778442,1.056753158569336
1696965689848764400,95.75576440429687,-2.2468481063842773,0.24808049201965332,0.9572051763534546
1696965689858778600,95.76577856445313,1.8391895294189453,-0.25826728343963623,1.3531379699707031
1696965689868792800,95.77579272460937,0.01877880096435547,-0.27316391468048096,0.9512150883674622
1696965689878807000,95.78580712890626,0.19981765747070312,-0.02997004985809326,0.8589679598808289
1696965689888821200,95.7958212890625,-0.24962997436523438,-0.2044762372970581,1.1536970138549805
1696965689898835500,95.80583544921875,-0.5033597946166992,-0.6167081594467163,0.49610215425491333
1696965689908849400,95.81584936523437,0.8738460540771484,-0.5227712392807007,0.26348674297332764
1696965689918863600,95.82586352539063,-1.4170970916748047,-1.0460917949676514,0.10164576768875122
1696965689928877800,95.8358779296875,-1.6909770965576172,-0.2316122055053711,0.44625598192214966
1696965689938892000,95.84589208984374,0.8930501937866211,-0.48364388942718506,-0.609824538230896
1696965689948906200,95.85590625,-3.0653395652770996,0.184478759765625,0.09092849493026733
1696965689958920400,95.86592041015625,1.5110712051391602,-0.897768497467041,1.362143874168396
1696965689968934400,95.87593432617187,-2.2007336616516113,-0.12820208072662354,0.7524318695068359
1696965689978948600,95.88594848632812,1.0670585632324219,-0.2450650930404663,0.29567915201187134
1696965689988962800,95.895962890625,-0.3107185363769531,0.16396939754486084,0.5341559648513794
1696965689998977000,95.90597705078125,0.8265714645385742,-0.09384453296661377,0.704484224319458
1696965690008991200,95.9159912109375,-0.16913795471191406,-0.6336053609848022,0.7532286643981934
1696965690019005400,95.92600537109375,-1.0674400329589844,-0.2138296365737915,1.1015503406524658
1696965690029019400,95.93601928710937,2.226848602294922,-0.7081530094146729,0.39795857667922974
1696965690039033600,95.94603369140626,-0.8272790908813477,0.0389331579208374,0.7308163046836853
1696965690049047800,95.9560478515625,1.3440208435058594,-1.5816726684570312,0.3022613525390625
1696965690059062000,95.96606201171875,-1.7177906036376953,-0.27093422412872314,0.4526951313018799
1696965690069076000,95.97607592773437,2.7540245056152344,0.16765105724334717,0.7367013096809387
1696965690079090200,95.98609008789063,-0.669133186340332,-0.8444708585739136,-0.6950275897979736
1696965690089104100,95.99610424804688,-2.1393938064575195,-0.5923148393630981,0.39575886726379395
1696965690099118300,96.00611840820312,4.269576072692871,-0.6084330081939697,0.9351869225502014
1696965690109132500,96.01613256835938,-2.0050859451293945,0.09143757820129395,0.46216684579849243
1696965690119146500,96.026146484375,2.438753128051758,-0.3528636693954468,0.7383627891540527
1696965690129160700,96.03616064453125,-2.0434927940368652,-1.0333855152130127,0.5227649807929993
1696965690139175000,96.0461748046875,-0.4481229782104492,-0.21428215503692627,1.296566128730774
1696965690149188900,96.05618896484376,3.1662416458129883,0.26748716831207275,0.7013055682182312
1696965690159203000,96.066203125,-3.1340298652648926,-0.1217426061630249,1.042793869972229
1696965690169217300,96.07621728515625,0.7151432037353516,-1.1500085592269897,1.1158664226531982
1696965690179231200,96.08623120117187,1.544173240661621,-0.35219240188598633,-0.39931732416152954
1696965690189245400,96.09624536132813,-3.6726441383361816,-0.8967821002006531,-1.1662216186523438
1696965690199259400,96.10625927734375,1.5749921798706055,-0.605387806892395,0.670775830745697
1696965690209273600,96.11627368164062,-0.1911172866821289,-0.27646613121032715,0.532644510269165
1696965690219287800,96.12628784179688,-1.118215560913086,-0.1664564609527588,0.6357777714729309
1696965690229301800,96.1363017578125,2.3213396072387695,0.2937394380569458,0.30649298429489136
1696965690239316000,96.14631591796875,-0.7469301223754883,-0.7766345739364624,0.23880541324615479
1696965690249330200,96.156330078125,0.4644746780395508,0.1575833559036255,1.2880902290344238
1696965690259344100,96.16634423828125,2.1885013580322266,-0.9113816022872925,0.7924957275390625
1696965690269358300,96.1763583984375,-1.901784896850586,0.1925487518310547,0.43252837657928467
1696965690279372500,96.18637255859375,3.311117172241211,-0.010733723640441895,0.8571143746376038
1696965690289386500,96.19638647460937,-1.0538902282714844,0.18095076084136963,0.615960419178009
1696965690299400700,96.20640063476563,-0.19192981719970703,-0.46057677268981934,0.6502337455749512
1696965690309415000,96.21641479492187,1.2810907363891602,-0.5079402923583984,1.691143274307251
1696965690319429000,96.22642919921876,-0.7101116180419922,-1.5828313827514648,1.3004610538482666
1696965690329443000,96.23644311523438,-0.7422847747802734,-0.46402835845947266,0.06587857007980347
1696965690339457300,96.24645727539063,-0.25824451446533203,0.8696669340133667,-0.844536542892456
1696965690349471500,96.25647143554687,-0.8111639022827148,-0.05763399600982666,-0.5278656482696533
1696965690359485700,96.26648559570313,-2.858262062072754,-1.5016560554504395,0.6565967202186584
1696965690369500000,96.2765,-1.1020288467407227,-0.2967735528945923,1.5416783094406128
1696965690379514000,96.28651416015624,1.0169134140014648,0.701758623123169,0.054487645626068115
1696965690389528000,96.29652807617188,0.5651102066040039,0.01627790927886963,-0.642426609992981
1696965690399542300,96.30654223632813,-0.9545736312866211,0.07838904857635498,0.9186241626739502
1696965690409556500,96.31655639648437,-0.02077484130859375,-0.5958529710769653,1.4268057346343994
1696965690419570700,96.32657080078125,-2.0329203605651855,0.03528094291687012,0.7206418514251709
1696965690429585000,96.3365849609375,2.0997438430786133,-0.23813402652740479,0.10240358114242554
1696965690439599000,96.34659912109375,-1.197317123413086,-0.38617098331451416,0.26146256923675537
1696965690449613000,96.35661303710937,1.5287094116210938,-0.45090341567993164,0.28084683418273926
1696965690459627300,96.36662719726563,-1.3232917785644531,-1.1436986923217773,-0.8356733918190002
1696965690469641500,96.37664135742187,-0.5270662307739258,-0.10838782787322998,0.6289641261100769
1696965690479655700,96.38665576171876,3.445948600769043,-0.3000624179840088,1.2788975238800049
1696965690489670000,96.396669921875,-1.8962135314941406,-0.4446537494659424,0.39683204889297485
1696965690499684000,96.40668408203125,2.0315284729003906,-0.2924114465713501,1.4760754108428955
1696965690509698000,96.41669799804687,1.343134880065918,-0.36986732482910156,0.7876755595207214
1696965690519712300,96.42671215820313,-0.36223316192626953,-0.2448716163635254,0.32863616943359375
1696965690529726500,96.4367265625,1.2636194229125977,-0.666867733001709,-0.0718260407447815
1696965690539740700,96.44674072265624,-1.6831140518188477,-0.4756242036819458,0.14235901832580566
1696965690549755000,96.4567548828125,1.9477663040161133,-0.3275843858718872,0.2203463912010193
1696965690559769000,96.46676904296875,-0.0873098373413086,-0.42423200607299805,0.3719395399093628
1696965690569783000,96.47678295898437,0.25234317779541016,-0.7229955196380615,0.678367018699646
1696965690579797200,96.48679736328126,-0.5126752853393555,-0.5204850435256958,0.6422543525695801
1696965690589811500,96.4968115234375,-0.8220357894897461,-0.3857370615005493,0.005648910999298096
1696965690599825700,96.50682568359375,-0.04527854919433594,-0.5641731023788452,0.7488018870353699
1696965690609839900,96.51683984375,1.1925888061523438,-0.19739532470703125,0.2297329306602478
1696965690619854000,96.52685400390625,-1.447835922241211,0.034999847412109375,-0.4316496253013611
1696965690629868300,96.53686840820312,-1.4390506744384766,-0.3458176851272583,0.12651658058166504
1696965690639882200,96.54688232421876,1.9239883422851562,0.1893380880355835,0.6984045505523682
1696965690649896400,96.556896484375,-0.6368837356567383,-0.5335839986801147,0.6391187906265259
1696965690659910700,96.56691064453125,0.153564453125,-0.34488046169281006,1.5307602882385254
1696965690669924900,96.5769248046875,1.0413322448730469,-0.24572467803955078,0.8121214509010315
1696965690679939000,96.58693896484375,0.22170162200927734,0.49340641498565674,0.6391071677207947
1696965690689953300,96.59695336914062,0.6512012481689453,-0.5307998657226562,0.17498701810836792
1696965690699967200,96.60696728515624,-1.983747959136963,-0.5082006454467773,0.0648316740989685
1696965690709981400,96.6169814453125,0.1230173110961914,-0.7423712015151978,-0.7988979816436768
1696965690719995600,96.62699560546875,-0.9381523132324219,-0.12470555305480957,-1.186491847038269
1696965690730009900,96.637009765625,-2.4400267601013184,-0.6233925819396973,0.5476288795471191
1696965690740024000,96.64702416992188,2.5501461029052734,-0.27543628215789795,0.4521426558494568
1696965690750038300,96.65703833007812,-2.674384117126465,0.12967848777770996,0.010157644748687744
1696965690760052200,96.66705224609375,3.0903711318969727,-0.37176764011383057,0.4996371865272522
1696965690770066400,96.67706640625,-0.33297157287597656,-0.27201783657073975,0.665459394454956
1696965690780080600,96.68708056640625,1.4396381378173828,-0.4003347158432007,0.9274436831474304
1696965690790094800,96.6970947265625,0.3567352294921875,-0.7387843132019043,0.6481284499168396
1696965690800109000,96.70710913085938,1.2057971954345703,-0.047229647636413574,0.846572995185852
1696965690810123300,96.71712329101562,1.9816293716430664,0.32399141788482666,0.11435753107070923
1696965690820137200,96.72713720703125,-2.3333487510681152,-0.5959484577178955,-0.34976810216903687
1696965690830151400,96.7371513671875,1.3566169738769531,-0.939842164516449,0.7507646083831787
1696965690840165600,96.74716552734375,0.11543083190917969,-0.09166979789733887,0.26401907205581665
1696965690850179800,96.75717993164062,1.8208208084106445,-0.0473475456237793,-0.36882126331329346
1696965690860194000,96.76719409179688,-1.7482986450195312,-1.3974395990371704,-1.1763358116149902
1696965690870208300,96.77720825195313,-1.9587082862854004,0.24329686164855957,-0.31101059913635254
1696965690880222200,96.78722216796875,1.004800796508789,0.24657928943634033,0.16388386487960815
1696965690890236400,96.797236328125,-3.4654016494750977,-1.2313562631607056,-0.44826531410217285
1696965690900250600,96.80725073242188,2.3779687881469727,0.09957456588745117,0.9598201513290405
1696965690910264800,96.81726489257812,1.7182283401489258,0.07255029678344727,-0.20180219411849976
1696965690920279000,96.82727905273437,-2.3430142402648926,-0.479398250579834,0.444885790348053
1696965690930293200,96.83729321289063,3.2396163940429688,-0.30405092239379883,1.1037579774856567
1696965690940307500,96.84730737304687,-3.5868921279907227,-0.978742241859436,0.8878360390663147
1696965690950321400,96.8573212890625,1.1564855575561523,1.0378729104995728,0.6625457406044006
1696965690960335600,96.86733569335938,1.922560691833496,-0.5260165929794312,0.07571154832839966
1696965690970349800,96.87734985351562,-3.6100544929504395,-0.16920721530914307,0.4685189127922058
1696965690980364000,96.88736401367187,3.369029998779297,-0.6880911588668823,0.13171690702438354
1696965690990378200,96.89737817382813,-2.880305290222168,-0.18826496601104736,-0.46146339178085327
1696965691000392400,96.90739233398438,-0.32635498046875,-0.1895531415939331,0.05717509984970093
1696965691010406400,96.91740649414062,2.1309309005737305,0.1590636968612671,-0.1557222604751587
1696965691020420600,96.92742065429688,-3.5903444290161133,-0.7168760299682617,-0.7286553978919983
1696965691030434800,96.93743481445313,0.9060039520263672,-0.8456016778945923,-0.054121971130371094
1696965691040449000,96.94744897460937,2.1564102172851562,0.4502984285354614,0.5739144682884216
1696965691050463200,96.95746313476562,0.39684295654296875,-0.49312901496887207,0.3456704020500183
1696965691060477400,96.9674775390625,0.43931102752685547,-0.509533166885376,0.5162159204483032
1696965691070491400,96.97749145507812,-0.3885936737060547,-0.549375057220459,0.2498791217803955
1696965691080505600,96.98750561523437,3.435267448425293,-0.0838170051574707,0.9209180474281311
1696965691090519800,96.99751977539063,0.6938972473144531,0.025698423385620117,0.7113550901412964
1696965691100534000,97.00753393554687,0.4429616928100586,-1.4839341640472412,-0.20532870292663574
1696965691110548200,97.01754833984376,-0.7475566864013672,-0.22333943843841553,0.3306388854980469
1696965691120562400,97.0275625,1.69598388671875,-0.335968017578125,0.7050501108169556
1696965691130576400,97.03757641601563,0.6118688583374023,-0.39040207862854004,-0.3154398202896118
1696965691140590600,97.04759057617187,-1.6639862060546875,-0.5199851989746094,-0.1317213773727417
1696965691150604800,97.05760473632813,1.5568323135375977,-0.058415770530700684,0.08836263418197632
1696965691160619000,97.06761889648438,-0.6837177276611328,-0.666327953338623,-1.0346018075942993
1696965691170633200,97.07763330078124,-0.6234664916992188,0.34081971645355225,0.6160014867782593
1696965691180647400,97.0876474609375,1.88275146484375,-0.8954537510871887,0.7891638875007629
1696965691190661400,97.09766137695313,-2.3890700340270996,-0.06628143787384033,0.23571884632110596
1696965691200675600,97.10767553710937,1.0192108154296875,-0.23327338695526123,0.17926132678985596
1696965691210689800,97.11768969726562,-0.4634971618652344,0.5396274328231812,0.7198207974433899
1696965691220704000,97.1277041015625,0.30620765686035156,-0.28669238090515137,0.23605793714523315
1696965691230718200,97.13771826171875,0.20546722412109375,-0.3043711185455322,0.15801119804382324
1696965691240732400,97.147732421875,-3.6364030838012695,0.02424144744873047,0.14424651861190796
1696965691250746400,97.15774633789063,0.41371917724609375,-0.7101908922195435,-0.6205379962921143
1696965691260760600,97.16776049804687,-3.423922538757324,-0.38942158222198486,0.2581941485404968
1696965691270774800,97.17777490234376,2.6723718643188477,0.79169762134552,0.47176891565322876
1696965691280789000,97.1877890625,-2.198826789855957,-0.8547141551971436,-0.7866333723068237
1696965691290803200,97.19780322265625,-2.299304962158203,0.32830655574798584,-0.2925533652305603
1696965691300817400,97.2078173828125,3.536283493041992,-0.6341814994812012,0.0004711747169494629
1696965691310831600,97.21783154296875,-2.8708720207214355,0.6752163171768188,0.2973368763923645
1696965691320845600,97.22784545898438,0.6571321487426758,-0.8594549894332886,0.9009318351745605
1696965691330859800,97.23785986328124,0.49758434295654297,-0.2086176872253418,-0.18912851810455322
1696965691340874000,97.2478740234375,-2.304640769958496,-0.5779633522033691,0.3747382164001465
1696965691350888200,97.25788818359375,4.123201370239258,0.4727855920791626,0.36859822273254395
1696965691360902400,97.26790234375,-0.10246944427490234,-1.1198008060455322,-0.1520058512687683
1696965691370916600,97.27791650390625,-1.153646469116211,0.09516942501068115,0.20068740844726562
1696965691380930600,97.2879306640625,3.2402000427246094,-1.117003083229065,0.5574943423271179
1696965691390944800,97.29794482421875,-3.2858786582946777,-0.268440842628479,0.16940921545028687
1696965691400959000,97.307958984375,4.022652626037598,-0.21000099182128906,0.6829149723052979
1696965691410973200,97.31797314453125,-0.9132795333862305,-0.715904951095581,-0.23580831289291382
1696965691420987400,97.3279873046875,-0.4003944396972656,-0.0625525712966919,0.8520303964614868
1696965691431001600,97.33800170898438,2.0993738174438477,-0.6903131008148193,-1.039231538772583
1696965691441015600,97.348015625,-4.2425665855407715,0.02515256404876709,-0.260755717754364
1696965691451029800,97.35802978515625,0.6956548690795898,-0.6359508037567139,0.3050248622894287
1696965691461044000,97.3680439453125,-0.03224658966064453,-0.1942908763885498,-0.27789735794067383
1696965691471058200,97.37805810546875,-2.1068482398986816,-0.23179090023040771,-1.103846549987793
1696965691481072400,97.388072265625,2.238710403442383,-0.7391046285629272,-0.15073728561401367
1696965691491086600,97.39808666992188,-2.1671977043151855,-0.11557173728942871,0.3534514904022217
1696965691501100500,97.4081005859375,2.9073448181152344,0.01137399673461914,0.38765478134155273
1696965691511114800,97.41811474609375,-2.5702481269836426,-0.8078422546386719,-0.0033609867095947266
1696965691521129000,97.42812890625,1.4644060134887695,-0.2599751949310303,1.1863622665405273
1696965691531143200,97.43814306640625,3.625337600708008,0.2918691635131836,0.3572371006011963
1696965691541157400,97.44815747070312,-3.4313650131225586,-0.7658193111419678,-0.0057716965675354
1696965691551171600,97.45817163085937,2.3445587158203125,-0.3740825653076172,0.8687079548835754
1696965691561185500,97.468185546875,2.6444015502929688,0.15279090404510498,0.4852607250213623
1696965691571199700,97.47819970703125,-1.4760704040527344,-0.280987024307251,0.44028306007385254
1696965691581214000,97.4882138671875,1.0552387237548828,-0.12053406238555908,0.8910751342773438
1696965691591228200,97.49822827148438,-0.9598197937011719,-0.29390549659729004,0.16818547248840332
1696965691601242400,97.50824243164062,-0.1257476806640625,-0.27018964290618896,0.38022345304489136
1696965691611256600,97.51825659179687,2.3785524368286133,-0.1023017168045044,0.1738833785057068
1696965691621270800,97.52827075195313,-3.4860024452209473,-0.8093945980072021,-0.8233629465103149
1696965691631284700,97.53828466796875,0.12045764923095703,-0.12937617301940918,-1.0417845249176025
1696965691641299000,97.548298828125,-3.563417434692383,-0.8286035060882568,-0.5498314499855042
1696965691651313200,97.55831323242188,0.4451761245727539,0.09689092636108398,0.07278114557266235
1696965691661327400,97.56832739257813,-1.9825797080993652,-0.3169722557067871,0.13711512088775635
1696965691671341600,97.57834155273437,0.07695388793945312,0.05704164505004883,0.042916297912597656
1696965691681355800,97.58835571289063,-0.12856769561767578,-0.08004558086395264,-0.6666502356529236
1696965691691369700,97.59836962890626,-1.0074939727783203,0.3668581247329712,-0.5260549783706665
1696965691701384000,97.60838403320312,-0.5267629623413086,-0.7650543451309204,-0.19177085161209106
1696965691711398100,97.61839819335937,0.26272010803222656,0.2669135332107544,0.25388258695602417
1696965691721412400,97.62841235351563,0.5583829879760742,-0.43894433975219727,0.09216618537902832
1696965691731426600,97.63842651367187,-0.7765159606933594,0.012343287467956543,-0.6672682762145996
1696965691741440800,97.64844067382812,-0.1724863052368164,-0.4643203020095825,0.6740196347236633
1696965691751454700,97.65845483398438,2.4606189727783203,-0.18763351440429688,0.3972809314727783
1696965691761469000,97.66846899414062,0.7572927474975586,-0.19150424003601074,-0.5570895671844482
1696965691771483100,97.67848315429687,0.46395111083984375,-0.8560482859611511,0.03975933790206909
1696965691781497300,97.68849731445313,1.174483299255371,-0.6863949298858643,-0.27626246213912964
1696965691791511600,97.69851147460938,-2.0926871299743652,-0.22122430801391602,-0.46420586109161377
1696965691801525800,97.70852587890624,2.5429039001464844,0.4028177261352539,0.4120367169380188
1696965691811539700,97.71853979492188,0.34807586669921875,-1.3632586002349854,-0.5536394715309143
1696965691821554000,97.72855395507813,-0.021294593811035156,-0.036025404930114746,-0.37117093801498413
1696965691831568100,97.73856811523437,1.6854448318481445,-0.7134605646133423,0.01962214708328247
1696965691841582300,97.74858227539063,-1.764291763305664,-0.48435676097869873,-0.17966866493225098
1696965691851596500,97.75859643554688,0.882476806640625,-0.6772092580795288,-0.7549633383750916
1696965691861610800,97.76861083984375,0.5415716171264648,-0.08424603939056396,-0.8426333069801331
1696965691871624700,97.77862475585937,-1.7335319519042969,-0.5640949010848999,-0.24828261137008667
1696965691881639000,97.78863891601563,2.064920425415039,-0.5178868770599365,-0.4030873775482178
1696965691891653000,97.79865307617187,-0.38626670837402344,-0.41613030433654785,-0.4558005928993225
1696965691901667300,97.80866723632812,-0.8908958435058594,-0.5668647289276123,-0.06228649616241455
1696965691911681500,97.818681640625,2.193678855895996,0.19029808044433594,-0.3943033218383789
1696965691921695700,97.82869580078125,-0.18659114837646484,0.013100147247314453,-0.4770621061325073
1696965691931710000,97.8387099609375,-0.25174903869628906,-0.6978281736373901,-0.056408047676086426
1696965691941724000,97.84872387695313,1.4450464248657227,-0.29158759117126465,-0.2737535238265991
1696965691951738000,97.85873803710938,-0.6031084060668945,0.6094565391540527,-0.19598978757858276
1696965691961752300,97.86875244140624,3.2500247955322266,-0.1252739429473877,-0.13934391736984253
1696965691971766500,97.8787666015625,-2.3432278633117676,-0.6172338724136353,-0.36092108488082886
1696965691981780700,97.88878076171875,0.9735488891601562,0.05424535274505615,0.39569443464279175
1696965691991795000,97.898794921875,0.6181440353393555,-0.19857311248779297,-0.8882275819778442
1696965692001809000,97.90880883789063,-3.311361312866211,-0.259635329246521,-0.47089534997940063
1696965692011823000,97.91882299804688,2.7327375411987305,0.006878376007080078,0.27161842584609985
1696965692021837300,97.92883740234375,-0.3758049011230469,-0.5853127241134644,-1.3093678951263428
1696965692031851500,97.9388515625,-3.504749298095703,-0.08958268165588379,-0.4486847519874573
1696965692041865700,97.94886572265625,3.4287033081054688,-0.38758981227874756,-0.6997842192649841
1696965692051880000,97.9588798828125,-3.9238128662109375,-0.017374873161315918,-0.5039556622505188
1696965692061894000,97.96889379882812,-0.025160789489746094,-0.2890397310256958,-0.2614014744758606
1696965692071908000,97.978908203125,1.5763397216796875,0.20460450649261475,-0.5447871088981628
1696965692081922300,97.98892236328125,-2.2937278747558594,0.23489320278167725,-0.748285174369812
1696965692091936500,97.9989365234375,1.9553956985473633,-0.33947014808654785,-0.0894046425819397
1696965692101950700,98.00895068359375,-1.4946279525756836,-0.7408604621887207,-0.3021594285964966
1696965692111965000,98.01896484375,-0.4163322448730469,0.39086973667144775,-0.13073796033859253
1696965692121979000,98.02897875976562,0.7122611999511719,0.3459678888320923,-0.7465945482254028
1696965692131993000,98.0389931640625,-0.2791862487792969,-0.05736434459686279,-0.6113183498382568
1696965692142007300,98.04900732421875,-0.4982624053955078,-0.5900291204452515,-0.2797706127166748
1696965692152021500,98.059021484375,0.013361930847167969,0.0884850025177002,-1.0695359706878662
1696965692162035700,98.06903564453125,-1.865109920501709,-0.38166964054107666,-0.8241511583328247
1696965692172050000,98.0790498046875,1.546320915222168,0.08973133563995361,-1.16838800907135
1696965692182063900,98.08906396484375,-1.2148933410644531,-1.1929906606674194,-0.8919990658760071
1696965692192078000,98.099078125,0.6705112457275391,0.5825234651565552,-0.5093773007392883
1696965692202092300,98.10909228515625,1.4713640213012695,-0.8734817504882812,-1.4090118408203125
1696965692212106500,98.1191064453125,-3.062382698059082,0.3682131767272949,-0.5437167882919312
1696965692222120700,98.12912060546876,2.9614133834838867,-0.8132035136222839,0.12487548589706421
1696965692232135000,98.13913500976562,0.2873573303222656,0.005075573921203613,-0.11550939083099365
1696965692242149000,98.14914916992187,0.7828264236450195,-0.6474907398223877,-1.2905467748641968
1696965692252163000,98.1591630859375,1.5649585723876953,-0.2901254892349243,-0.38923829793930054
1696965692262177300,98.16917724609375,0.17496013641357422,-0.40720677375793457,-0.7229284644126892
1696965692272191500,98.17919140625,0.4945535659790039,-0.526688814163208,-0.42590653896331787
1696965692282205700,98.18920581054688,-0.2617311477661133,-0.028850078582763672,-1.1604552268981934
1696965692292220000,98.19921997070313,-0.2370920181274414,-0.4068986177444458,0.056008994579315186
1696965692302234000,98.20923413085937,1.8655805587768555,-0.2946197986602783,-1.3852207660675049
1696965692312248000,98.219248046875,-1.9047298431396484,-0.3112645149230957,-1.2286659479141235
1696965692322262300,98.22926220703125,-1.6079988479614258,-0.20057129859924316,-0.8665352463722229
1696965692332276500,98.2392763671875,0.31736183166503906,-0.15160071849822998,-1.118602991104126
1696965692342290400,98.24929052734375,0.11504268646240234,0.4381769895553589,-1.5085982084274292
1696965692352304600,98.2593046875,0.5219612121582031,-0.4756460189819336,-1.0379217863082886
1696965692362318800,98.26931884765625,-3.965888500213623,-0.6689187288284302,-1.1096346378326416
1696965692372332800,98.27933276367187,0.5639209747314453,0.6260769367218018,-0.2784300446510315
1696965692382347000,98.28934692382812,-0.11102581024169922,0.21763479709625244,-0.7367140054702759
1696965692392361200,98.299361328125,-1.99843168258667,-0.3256286382675171,-0.8770076036453247
1696965692402375200,98.30937524414063,0.3858461380004883,-0.35463619232177734,-1.010195016860962
1696965692412389400,98.31938940429687,0.43744659423828125,1.0309386253356934,-0.8049286007881165
1696965692422403600,98.32940356445313,-2.220716953277588,-0.7423825263977051,-0.7307370901107788
1696965692432417500,98.33941748046875,-0.8112001419067383,-0.2573363780975342,-0.5171040296554565
1696965692442431700,98.349431640625,0.814753532409668,0.3202279806137085,-0.7184624671936035
1696965692452445700,98.35944580078124,-0.09086418151855469,-0.028672099113464355,-1.162031650543213
1696965692462460000,98.3694599609375,0.056738853454589844,-0.39808952808380127,-1.2281286716461182
1696965692472474000,98.37947412109375,0.7968273162841797,0.5731496810913086,-1.365873098373413
1696965692482488000,98.38948803710937,-1.5807609558105469,-1.062103033065796,-1.5273832082748413
1696965692492502300,98.39950219726562,0.9128923416137695,0.5219475030899048,-0.39119353890419006
1696965692502516500,98.4095166015625,1.0963554382324219,-0.8140031099319458,-0.773672342300415
1696965692512530400,98.41953051757812,0.7109785079956055,0.04928004741668701,-1.0506649017333984
1696965692522544600,98.42954467773437,1.8512048721313477,-1.0277180671691895,-0.39603614807128906
1696965692532558800,98.43955883789063,0.035778045654296875,-0.1776672601699829,-0.386717289686203
1696965692542572800,98.44957275390625,1.6021509170532227,0.16854071617126465,-0.514630913734436
1696965692552587000,98.4595869140625,2.30588436126709,-0.643541693687439,-0.31749123334884644
1696965692562601000,98.46960107421874,-0.47174644470214844,-1.0459566116333008,-1.3102445602416992
1696965692572615200,98.479615234375,1.092057228088379,0.7868677377700806,-0.7508114576339722
1696965692582629400,98.48962939453125,-0.29627323150634766,-1.6210764646530151,-1.9841892719268799
1696965692592643300,98.49964331054687,-2.2686991691589355,0.556122899055481,-1.1349871158599854
1696965692602657500,98.50965747070312,5.244696617126465,-0.1953672170639038,-1.7911617755889893
1696965692612671700,98.51967163085938,-3.8213653564453125,-0.43641138076782227,-0.21221041679382324
1696965692622685700,98.52968579101562,0.3062562942504883,-1.1911519765853882,-0.5050727128982544
1696965692632700000,98.53969995117187,4.033879280090332,1.0690606832504272,-0.0969383716583252
1696965692642714000,98.54971411132813,-0.18511390686035156,0.2785158157348633,-0.8860982656478882
1696965692652728000,98.55972802734375,-2.028712272644043,-0.06895017623901367,-0.40618741512298584
1696965692662742300,98.5697421875,2.9602231979370117,-0.41310834884643555,-0.07013899087905884
1696965692672756500,98.57975659179688,-0.7732763290405273,0.35281479358673096,-0.9044034481048584
1696965692682770700,98.58977075195313,-0.2742767333984375,-0.24270379543304443,-0.4062214195728302
1696965692692785000,98.59978491210937,2.770923614501953,-0.5846233367919922,-0.6963041424751282
1696965692702798800,98.609798828125,-2.7835960388183594,0.8802305459976196,-0.7009929418563843
1696965692712813000,98.61981298828125,1.376164436340332,-0.16095340251922607,-1.0131521224975586
1696965692722827300,98.6298271484375,-2.1486778259277344,0.3078267574310303,-1.10420823097229
1696965692732841500,98.63984155273438,-1.3357744216918945,-0.018070340156555176,-0.6497355699539185
1696965692742855700,98.64985571289063,1.8555030822753906,0.642092227935791,-0.25405001640319824
1696965692752870000,98.65986987304687,-0.9925289154052734,0.3243967294692993,-0.8224302530288696
1696965692762883800,98.6698837890625,-0.32607269287109375,0.019637584686279297,-1.4021434783935547
1696965692772898000,98.67989794921876,-1.7922697067260742,-0.2952570915222168,-1.229923963546753
1696965692782912300,98.68991235351562,-1.0136480331420898,0.1624528169631958,-0.9450193047523499
1696965692792926500,98.69992651367187,-0.07924270629882812,0.06537795066833496,0.03993302583694458
1696965692802940700,98.70994067382813,1.5932931900024414,-0.5105304718017578,0.22159814834594727
1696965692812955000,98.71995483398437,-1.5691604614257812,-0.10978543758392334,-0.29364877939224243
1696965692822968800,98.72996875,1.9935283660888672,0.5070059299468994,-0.9593551754951477
1696965692832983000,98.73998315429688,-0.5962505340576172,0.3587757349014282,-0.11937326192855835
1696965692842997200,98.74999731445313,1.6936359405517578,-0.7273608446121216,0.37730085849761963
1696965692853011500,98.76001147460937,-2.2437705993652344,-0.9854320287704468,-1.1486502885818481
1696965692863025700,98.77002563476563,-0.46143150329589844,1.4363288879394531,-0.7952545285224915
1696965692873040000,98.78003979492188,3.6401405334472656,-0.37436819076538086,-1.0079607963562012
1696965692883053800,98.7900537109375,-2.586108684539795,-0.5329232215881348,-0.7537941336631775
1696965692893068000,98.80006811523438,0.019746780395507812,-0.9282382130622864,0.12968683242797852
1696965692903082200,98.81008227539063,2.217759132385254,0.5093427896499634,-0.8971050381660461
1696965692913096400,98.82009643554687,-1.7492856979370117,0.2690967321395874,-0.9854188561439514
1696965692923110700,98.83011059570312,1.6865854263305664,-0.8731247782707214,-0.1648237109184265
1696965692933124900,98.84012475585938,-0.27176952362060547,-0.278420090675354,-0.08168238401412964
1696965692943138800,98.85013891601562,1.7263240814208984,-0.42208409309387207,0.512056291103363
1696965692953153000,98.86015307617187,1.8467369079589844,-0.17284071445465088,-0.027481794357299805
1696965692963167200,98.87016723632813,-0.6043787002563477,-0.07828855514526367,0.1035882830619812
1696965692973181400,98.88018139648437,-0.12496662139892578,-0.34707725048065186,-0.08054488897323608
1696965692983195600,98.89019555664062,-0.674046516418457,-0.17286741733551025,-0.11038702726364136
1696965692993209900,98.9002099609375,3.2889137268066406,0.5782127380371094,-0.29844582080841064
1696965693003224000,98.91022412109375,-1.8313422203063965,-0.27555251121520996,-0.6638673543930054
1696965693013238000,98.92023803710937,-1.5354175567626953,-0.6239496469497681,0.22555309534072876
1696965693023252200,98.93025219726563,0.9869203567504883,0.06068754196166992,-0.8162170648574829
1696965693033266400,98.94026635742188,-2.1740784645080566,0.29538512229919434,-1.1278576850891113
1696965693043280600,98.95028076171874,-0.37133312225341797,-0.07178258895874023,-0.604553759098053
1696965693053294800,98.960294921875,-0.6706571578979492,-0.5172953605651855,-0.44732823967933655
1696965693063309000,98.97030908203125,-2.805105209350586,0.13287580013275146,-0.7465282678604126
1696965693073323000,98.98032299804687,-0.16463851928710938,0.713494062423706,0.4218252897262573
1696965693083337200,98.99033715820312,0.6146926879882812,0.03637230396270752,-0.6459051370620728
1696965693093351400,99.00035131835938,-3.716327667236328,-0.14180433750152588,-0.7371498346328735
1696965693103365600,99.01036572265625,0.13949203491210938,0.06254279613494873,-0.8612617254257202
1696965693113379800,99.0203798828125,-0.6826486587524414,-0.10819518566131592,-1.3481457233428955
1696965693123394000,99.03039404296875,-0.8580951690673828,0.2624666690826416,-0.5216079950332642
1696965693133408000,99.04040795898437,0.4443531036376953,0.06287848949432373,0.36792975664138794
1696965693143422200,99.05042211914062,0.3565244674682617,0.1684640645980835,0.24390500783920288
1696965693153436400,99.0604365234375,1.5737075805664062,-0.16670334339141846,-0.29133141040802
1696965693163450600,99.07045068359375,-0.5708398818969727,-0.7635313272476196,0.09510111808776855
1696965693173464800,99.08046484375,0.8299999237060547,-0.046274662017822266,0.3609877824783325
1696965693183479000,99.09047900390625,2.6625194549560547,0.5036947727203369,-0.28179454803466797
1696965693193493000,99.10049291992188,-1.1863689422607422,-0.6101409196853638,-1.0007297992706299
1696965693203507200,99.11050708007812,1.2726850509643555,-0.3007868528366089,0.15568143129348755
1696965693213521400,99.120521484375,0.7870073318481445,-0.05860555171966553,0.3190484046936035
1696965693223535600,99.13053564453125,1.5395021438598633,-0.23417270183563232,-0.21298706531524658
1696965693233549800,99.1405498046875,-0.5094337463378906,-0.6788794994354248,-1.382966160774231
1696965693243564000,99.15056396484376,-1.817427158355713,-0.3846200704574585,-0.45135945081710815
1696965693253578000,99.16057788085938,4.227778434753418,0.1706702709197998,-0.1448346972465515
1696965693263592200,99.17059228515625,-2.2811079025268555,-0.7034584283828735,-0.6289616823196411
1696965693273606400,99.1806064453125,0.9074029922485352,-0.47669148445129395,-0.0010987520217895508
1696965693283620600,99.19062060546875,0.5479516983032227,-0.18378102779388428,-0.08523476123809814
1696965693293634800,99.200634765625,-0.2462911605834961,-0.28571248054504395,-0.5900332927703857
1696965693303649000,99.21064892578126,0.7872400283813477,-0.01659560203552246,-0.6490324139595032
1696965693313663200,99.22066333007812,1.2644271850585938,-0.08494627475738525,0.10886818170547485
1696965693323677200,99.23067724609375,-0.606328010559082,-0.5545743703842163,-0.24912452697753906
1696965693333691400,99.24069140625,1.2450504302978516,0.19981884956359863,0.7048732042312622
1696965693343705600,99.25070556640625,2.0216808319091797,0.3152432441711426,0.232907235622406
1696965693353719800,99.2607197265625,-1.207859992980957,0.049152255058288574,0.1533733606338501
1696965693363734000,99.27073413085938,1.4137077331542969,0.016262412071228027,0.3144916892051697
1696965693373748200,99.28074829101563,0.38802146911621094,-0.3749493360519409,-0.8115250468254089
1696965693383762200,99.29076220703125,-1.2035865783691406,0.3338124752044678,-0.4025118947029114
1696965693393776400,99.3007763671875,0.8694009780883789,-0.6917343139648438,0.6527366042137146
1696965693403790600,99.31079052734376,0.9629068374633789,0.4261382818222046,-0.23167330026626587
1696965693413804800,99.3208046875,-2.5368261337280273,-0.2820420265197754,-0.3127053380012512
1696965693423819000,99.33081909179687,3.0177297592163086,0.33702826499938965,0.20832937955856323
1696965693433833200,99.34083325195313,-1.5666227340698242,-0.8990892171859741,0.2789744734764099
1696965693443847200,99.35084716796875,2.011028289794922,0.5660276412963867,0.06791764497756958
1696965693453861400,99.360861328125,-2.1979928016662598,-0.10405230522155762,-0.4075378179550171
1696965693463875600,99.37087548828126,-0.9361515045166016,-0.019528985023498535,0.6050503253936768
1696965693473889800,99.38088989257812,1.718235969543457,0.25745058059692383,-0.209558367729187
1696965693483904000,99.39090405273437,-2.3858165740966797,-0.02352321147918701,0.012092232704162598
1696965693493918000,99.40091796875,-0.18650341033935547,-0.16868412494659424,-0.6688969135284424
1696965693503932200,99.41093212890625,-0.6836309432983398,0.23052716255187988,-1.503894329071045
1696965693513946400,99.4209462890625,-3.281590461730957,-0.18432915210723877,-0.9405757784843445
1696965693523960300,99.43096020507812,1.104867935180664,0.20459330081939697,0.9604771137237549
1696965693533974500,99.440974609375,-0.14561080932617188,0.023418664932250977,-0.6104991436004639
1696965693543988700,99.45098876953125,-4.212711334228516,0.08021104335784912,-0.6801052093505859
1696965693554002700,99.46100268554687,4.208456993103027,0.24455618858337402,0.4910072088241577
1696965693564017000,99.47101684570312,-1.8033275604248047,-0.6888842582702637,-0.3016616106033325
1696965693574030800,99.48103076171876,-2.0871477127075195,0.602694034576416,-0.23508024215698242
1696965693584045000,99.49104516601562,2.553126335144043,0.18488121032714844,0.134229838848114
1696965693594059300,99.50105932617187,-2.581009864807129,0.22762203216552734,-0.15458142757415771
1696965693604073200,99.5110732421875,0.13358402252197266,-0.36695384979248047,0.27131521701812744
1696965693614087400,99.52108740234375,0.8544769287109375,-0.16358458995819092,0.665472149848938
1696965693624101600,99.5311015625,-1.0839710235595703,0.08699941635131836,0.10098671913146973
1696965693634115600,99.54111547851562,2.7543697357177734,0.015700101852416992,-0.8919641375541687
1696965693644129800,99.5511298828125,-2.1891016960144043,-0.5942656993865967,-0.7568869590759277
1696965693654144000,99.56114404296875,-1.4290571212768555,-0.8279597163200378,0.22318345308303833
1696965693664158000,99.57115795898437,1.46954345703125,0.40840840339660645,-0.6765391230583191
1696965693674172200,99.58117211914063,-1.5308904647827148,-0.45166945457458496,-0.20695441961288452
1696965693684186000,99.59118603515626,1.507577896118164,-0.21775555610656738,-0.0783766508102417
1696965693694200300,99.60120043945312,-1.3732566833496094,-0.6309430599212646,0.42669832706451416
1696965693704214500,99.61121459960937,0.6223001480102539,0.4705538749694824,-0.3758609890937805
1696965693714228500,99.621228515625,-0.20176029205322266,-0.6909139156341553,-0.7939499616622925
1696965693724242700,99.63124267578125,-0.09570503234863281,0.3038516044616699,0.24175423383712769
1696965693734257000,99.6412568359375,-0.06685638427734375,-0.8495223522186279,-0.3489599823951721
1696965693744270800,99.65127075195312,-1.3001527786254883,0.6437957286834717,0.28179681301116943
1696965693754285000,99.66128515625,3.677596092224121,-0.573354959487915,0.17710083723068237
1696965693764299300,99.67129931640625,-1.979529857635498,-0.5402126312255859,-0.2740727663040161
1696965693774313200,99.68131323242187,0.8680486679077148,-0.5347217321395874,-0.22269397974014282
1696965693784327400,99.69132739257813,1.8318281173706055,0.1292346715927124,0.24317067861557007
1696965693794341400,99.70134130859375,-2.3442139625549316,-0.7384597063064575,-0.6416925191879272
1696965693804355600,99.71135546875,2.34444522857666,0.1719975471496582,0.014740467071533203
1696965693814369800,99.72136987304688,1.0016059875488281,-0.24542772769927979,-0.0752149224281311
1696965693824383700,99.7313837890625,-0.44366931915283203,-0.3244647979736328,0.4120420813560486
1696965693834398000,99.74139794921875,1.1870241165161133,-0.13772940635681152,-0.4540383219718933
1696965693844412200,99.751412109375,-2.2367844581604004,0.4567103385925293,0.3608778119087219
1696965693854426000,99.76142602539062,3.2216100692749023,-0.16414856910705566,0.5200659036636353
1696965693864440300,99.7714404296875,-2.157464027404785,-0.1557830572128296,-0.1445235013961792
1696965693874454500,99.78145458984375,1.5753746032714844,0.10461509227752686,0.8074054718017578
1696965693884468700,99.79146875,0.73553466796875,-1.0024656057357788,-1.029226541519165
1696965693894483000,99.80148291015625,-3.5670485496520996,-0.07384765148162842,-0.16508036851882935
1696965693904497200,99.8114970703125,4.327642440795898,-0.5312204360961914,0.414131760597229
1696965693914511400,99.82151147460938,-2.9267807006835938,0.22665071487426758,-0.6709712147712708
1696965693924525300,99.831525390625,-0.6595077514648438,0.04014229774475098,-0.22026395797729492
1696965693934539500,99.84153955078125,3.735288619995117,-0.4283813238143921,0.8865793943405151
1696965693944553700,99.8515537109375,-2.161123752593994,0.16702735424041748,-0.06736403703689575
1696965693954568000,99.86156787109375,2.4318857192993164,-0.02148258686065674,0.8243575692176819
1696965693964582100,99.87158203125,0.4962339401245117,0.20979583263397217,-0.1240038275718689
1696965693974596400,99.88159643554687,-1.4404067993164062,-0.2628641128540039,0.15522629022598267
1696965693984610300,99.8916103515625,3.098480224609375,0.4610058069229126,0.1599377989768982
1696965693994624500,99.90162451171875,-3.727665901184082,-0.721599817276001,-0.0023432374000549316
1696965694004638700,99.911638671875,2.526742935180664,1.1435312032699585,1.0294809341430664
1696965694014653000,99.92165283203126,2.0000829696655273,-0.7827308177947998,0.24139028787612915
1696965694024667100,99.93166723632812,-2.0905051231384277,-0.037219882011413574,-0.09213721752166748
1696965694034681300,99.94168139648437,1.0635013580322266,-1.1693207025527954,-0.5188484787940979
1696965694044695300,99.9516953125,-1.2847156524658203,0.7943943738937378,0.1330675482749939
1696965694054709500,99.96170947265625,-0.5027608871459961,-0.734017014503479,-0.48542848229408264
1696965694064723700,99.9717236328125,0.058905601501464844,0.15941345691680908,0.3826081156730652
1696965694074738000,99.98173803710938,1.109999656677246,0.25552308559417725,0.1000407338142395
1696965694084752100,99.99175219726563,-0.4209871292114258,-0.2612752914428711,0.5026443004608154
1696965694094766300,100.00176635742187,0.7412395477294922,0.7515913248062134,0.6483445167541504
1696965694104780300,100.0117802734375,-0.8276357650756836,0.08606743812561035,1.263508677482605
1696965694114794500,100.02179443359375,0.6416597366333008,0.739359974861145,0.8021743297576904
1696965694124808700,100.03180859375,-1.9019432067871094,-0.31195008754730225,0.851399302482605
1696965694134823000,100.04182299804687,0.2961397171020508,0.8663405179977417,0.30898016691207886
1696965694144837000,100.05183715820313,-1.5785551071166992,-0.4134942293167114,-0.261788547039032
1696965694154851300,100.06185131835937,-0.5048809051513672,-0.43309640884399414,-0.39374876022338867
1696965694164865300,100.071865234375,1.9081792831420898,-0.9849586486816406,-1.5114643573760986
1696965694174879500,100.08187939453126,-1.5127811431884766,-0.21242141723632812,-1.5357675552368164
1696965694184893700,100.09189379882812,-1.9436774253845215,-0.12225782871246338,-1.1656861305236816
1696965694194908000,100.10190795898437,1.6580276489257812,-0.6186302900314331,-0.5899108052253723
1696965694204922000,100.11192211914063,-2.54080867767334,-0.25735700130462646,-0.47802796959877014
1696965694214936300,100.12193627929688,1.8179502487182617,-0.2708693742752075,0.7327720522880554
1696965694224950500,100.13195043945312,2.0190906524658203,0.5207756757736206,0.020942986011505127
1696965694234964500,100.14196459960938,-0.5953168869018555,-0.7426173686981201,0.31348609924316406
1696965694244978700,100.15197875976563,1.876565933227539,0.718133807182312,0.043379902839660645
1696965694254993000,100.16199291992187,-1.717280387878418,-0.3781418800354004,0.12239128351211548
1696965694265007000,100.17200708007813,1.3114023208618164,0.5375106334686279,0.3305707573890686
1696965694275021300,100.18202124023438,2.3397951126098633,-0.9550168514251709,0.12523967027664185
1696965694285035500,100.19203540039062,-0.40398693084716797,0.19710350036621094,0.25554484128952026
1696965694295049500,100.20204956054687,0.915318489074707,-1.767469048500061,-0.45505303144454956
1696965694305063700,100.21206372070313,-1.3087882995605469,0.5253112316131592,0.35825812816619873
1696965694315078000,100.22207788085937,1.9480924606323242,-0.7293740510940552,-0.6291317939758301
1696965694325092000,100.23209204101562,-0.46914005279541016,0.7562897205352783,-0.5294607281684875
1696965694335106300,100.24210620117188,-0.759831428527832,-1.5131126642227173,-0.7382457852363586
1696965694345120500,100.25212060546875,0.25640869140625,0.34044408798217773,0.17479288578033447
1696965694355134500,100.26213452148437,-1.9713683128356934,-0.2601966857910156,0.34372127056121826
1696965694365148700,100.27214868164063,3.190000534057617,0.7292611598968506,0.541115939617157
1696965694375163000,100.28216284179688,-2.757445812225342,-0.2812507152557373,-0.9108781814575195
1696965694385177000,100.29217700195312,-2.2152605056762695,-0.24588227272033691,0.6548859477043152
1696965694395191300,100.30219140625,3.8973169326782227,0.8729162216186523,0.5809105038642883
1696965694405205500,100.31220556640625,-1.3020439147949219,-0.6219769716262817,-0.17760950326919556
1696965694415219500,100.32221948242187,-1.595046043395996,-0.005516529083251953,0.2549440264701843
1696965694425233700,100.33223364257813,0.5257043838500977,-0.6544663906097412,0.6593783497810364
