time,seconds_elapsed,z,y,x
1696964978549298400,0.18329833984375,-0.09387365728616714,-0.02982652559876442,0.004394086077809334
1696964978559206400,0.193206298828125,-0.0981345921754837,-0.01384802907705307,-0.014780107885599136
1696964978569149200,0.203149169921875,-0.10133028775453568,-0.03408745676279068,0.012915950268507004
1696964978579128300,0.21312841796875,-0.09387365728616714,-0.01491326279938221,0.00226362026296556
1696964978589143800,0.223143798828125,-0.09493889659643173,-0.03408745676279068,0.011850717477500439
1696964978599193900,0.23319384765625,-0.0991998240351677,-0.009587096981704235,-0.024367205798625946
1696964978609276000,0.24327587890625,-0.09174319356679916,-0.04580501839518547,0.03848154470324516
1696964978619385900,0.2533857421875,-0.09387365728616714,-0.02343512699007988,-0.005193010903894901
1696964978629518800,0.263518798828125,-0.09706936031579971,-0.02343512699007988,-0.0030625448562204838
1696964978639669000,0.2736689453125,-0.09280842542648315,-0.03408745676279068,0.025698747485876083
1696964978649830400,0.283830322265625,-0.08961272984743118,-0.03408745676279068,0.00226362026296556
1696964978659996700,0.29399658203125,-0.09387365728616714,-0.01810896210372448,0.011850717477500439
1696964978670127600,0.304127685546875,-0.09493889659643173,-0.0159784946590662,-0.011584409512579441
1696964978680141800,0.314141845703125,-0.08961272984743118,-0.03089175745844841,0.043807707726955414
1696964978690156000,0.324156005859375,-0.09280842542648315,-0.007456631399691105,-0.026497671380639076
1696964978700170000,0.334169921875,-0.09280842542648315,-0.0213046595454216,0.005459319334477186
1696964978710184200,0.34418408203125,-0.09067796170711517,-0.004260932095348835,0.012915950268507004
1696964978720198400,0.354198486328125,-0.09280842542648315,-0.02236989326775074,-0.027562905102968216
1696964978730212600,0.364212646484375,-0.09387365728616714,-0.004260932095348835,-0.009453942999243736
1696964978740226800,0.374226806640625,-0.08961272984743118,-0.02663082629442215,0.013981183059513569
1696964978750241000,0.384240966796875,-0.09174319356679916,-0.01171756349503994,-0.03928046673536301
1696964978760255000,0.3942548828125,-0.09174319356679916,-0.0319569893181324,0.005459319334477186
1696964978770269200,0.404269287109375,-0.09387365728616714,-0.0106523297727108,-0.026497671380639076
1696964978780283400,0.414283447265625,-0.08854749798774719,-0.04473978653550148,0.007589785382151604
1696964978790297600,0.424297607421875,-0.09174319356679916,-0.02450035884976387,-0.020106272771954536
1696964978800311800,0.434311767578125,-0.0981345921754837,-0.01491326279938221,-0.023301972076296806
1696964978810326000,0.444325927734375,-0.08961272984743118,-0.0532616525888443,0.04274247586727142
1696964978820340200,0.45434033203125,-0.09600412845611572,-0.0159784946590662,-0.026497671380639076
1696964978830354200,0.464354248046875,-0.10026505589485168,-0.02343512699007988,-0.001997311832383275
1696964978840368400,0.474368408203125,-0.09706936031579971,-0.02663082629442215,0.027829213067889214
1696964978850382600,0.484382568359375,-0.0981345921754837,-0.02556559257209301,-0.004127778112888336
1696964978860396800,0.494396728515625,-0.10452599078416824,-0.012782796286046505,0.008655018173158169
1696964978870411000,0.504410888671875,-0.10133028775453568,-0.0159784946590662,0.026763979345560074
1696964978880425200,0.51442529296875,-0.10026505589485168,-0.02450035884976387,0.025698747485876083
1696964978890439200,0.524439208984375,-0.10346075892448425,-0.0106523297727108,-0.006258244160562754
1696964978900453400,0.534453369140625,-0.10452599078416824,-0.007456631399691105,0.03528584539890289
1696964978910467600,0.544467529296875,-0.0991998240351677,-0.03408745676279068,0.024633513763546944
1696964978920481800,0.554481689453125,-0.10133028775453568,0.0031956990715116262,0.005459319334477186
1696964978930496000,0.56449609375,-0.10346075892448425,-0.01810896210372448,0.027829213067889214
1696964978940510200,0.57451025390625,-0.10133028775453568,-0.0159784946590662,0.015046416781842709
1696964978950524200,0.584524169921875,-0.09706936031579971,-0.0106523297727108,0.026763979345560074
1696964978960538400,0.594538330078125,-0.10133028775453568,-0.009587096981704235,-0.007323476951569319
1696964978970552600,0.604552490234375,-0.10026505589485168,0.004260932095348835,0.024633513763546944
1696964978980566800,0.61456689453125,-0.09600412845611572,-0.0106523297727108,0.03209014609456062
1696964978990581000,0.6245810546875,-0.0991998240351677,0.012782796286046505,-0.021171506494283676
1696964979000595200,0.63459521484375,-0.0991998240351677,0.0031956990715116262,0.034220609813928604
1696964979010609200,0.644609130859375,-0.09706936031579971,0.01704372838139534,-0.001997311832383275
1696964979020623400,0.654623291015625,-0.09600412845611572,0.0021304660476744175,0.007589785382151604
1696964979030637600,0.664637451171875,-0.0991998240351677,0.02343512699007988,-0.016910573467612267
1696964979040651800,0.67465185546875,-0.09387365728616714,-0.0053261648863554,0.027829213067889214
1696964979050666000,0.684666015625,-0.09493889659643173,-0.0021304660476744175,-0.019041040912270546
1696964979060680200,0.69468017578125,-0.09493889659643173,0.0021304660476744175,-0.001997311832383275
1696964979070694100,0.704694091796875,-0.09600412845611572,-0.02023942768573761,0.005459319334477186
1696964979080708400,0.714708251953125,-0.09280842542648315,-0.012782796286046505,-0.011584409512579441
1696964979090722600,0.72472265625,-0.09280842542648315,-0.03089175745844841,0.020372580736875534
1696964979100736800,0.73473681640625,-0.0981345921754837,-0.01917419396340847,-0.024367205798625946
1696964979110751000,0.7447509765625,-0.09280842542648315,-0.03408745676279068,0.024633513763546944
1696964979120765200,0.75476513671875,-0.09387365728616714,-0.03728315606713295,0.009720250964164734
1696964979130779400,0.764779296875,-0.10239552706480026,0.004260932095348835,-0.03288906812667847
1696964979140793300,0.77479345703125,-0.09706936031579971,-0.05006595328450203,0.048068638890981674
1696964979150807600,0.7848076171875,-0.09600412845611572,-0.0031956990715116262,-0.005193010903894901
1696964979160821800,0.79482177734375,-0.10239552706480026,-0.012782796286046505,0.007589785382151604
1696964979170836000,0.8048359375,-0.10239552706480026,0.0010652330238372087,0.020372580736875534
1696964979180850200,0.81485009765625,-0.0981345921754837,-0.007456631399691105,0.024633513763546944
1696964979190864400,0.824864501953125,-0.10026505589485168,-0.012782796286046505,0.0033288532868027687
1696964979200878600,0.834878662109375,-0.10346075892448425,0.0106523297727108,0.008655018173158169
1696964979210892800,0.844892822265625,-0.10026505589485168,-0.01171756349503994,0.021437814459204674
1696964979220907000,0.854906982421875,-0.09600412845611572,-0.01384802907705307,0.007589785382151604
1696964979230921200,0.864921142578125,-0.10026505589485168,0.0010652330238372087,-0.0009320789249613881
1696964979240935400,0.874935302734375,-0.09706936031579971,-0.03302222490310669,0.026763979345560074
1696964979250949600,0.88494970703125,-0.09387365728616714,-0.01810896210372448,0.00226362026296556
1696964979260963800,0.8949638671875,-0.09493889659643173,-0.02556559257209301,-0.005193010903894901
1696964979270978000,0.90497802734375,-0.09706936031579971,-0.03728315606713295,0.008655018173158169
1696964979280992300,0.9149921875,-0.08854749798774719,-0.03941362351179123,0.00226362026296556
1696964979291006500,0.92500634765625,-0.09174319356679916,-0.04154408723115921,-0.0009320789249613881
1696964979301020700,0.935020751953125,-0.09280842542648315,-0.03621792420744896,-0.0030625448562204838
1696964979311035000,0.945034912109375,-0.09387365728616714,-0.03515268862247467,0.0011983871227130294
1696964979321049000,0.955049072265625,-0.09174319356679916,-0.0319569893181324,0.006524552125483751
1696964979331063300,0.965063232421875,-0.09280842542648315,-0.02982652559876442,-0.010519175790250301
1696964979341077500,0.975077392578125,-0.09600412845611572,-0.004260932095348835,-0.004127778112888336
1696964979351091700,0.985091796875,-0.09387365728616714,-0.0106523297727108,0.009720250964164734
1696964979361106000,0.99510595703125,-0.09387365728616714,-0.02450035884976387,-0.004127778112888336
1696964979371120000,1.0051201171875,-0.0991998240351677,0.00852186419069767,-0.016910573467612267
1696964979381134300,1.01513427734375,-0.09493889659643173,-0.01384802907705307,0.005459319334477186
1696964979391148500,1.0251484375,-0.09174319356679916,0,-0.004127778112888336
1696964979401162800,1.035162841796875,-0.09280842542648315,-0.01491326279938221,-0.0030625448562204838
1696964979411177000,1.045177001953125,-0.09387365728616714,0.00852186419069767,-0.020106272771954536
1696964979421191400,1.05519140625,-0.0874822586774826,-0.02663082629442215,0.029959678649902344
1696964979431205600,1.06520556640625,-0.08961272984743118,-0.0031956990715116262,-0.020106272771954536
1696964979441219800,1.0752197265625,-0.08961272984743118,-0.02343512699007988,-0.001997311832383275
1696964979451234000,1.085234130859375,-0.0874822586774826,-0.0159784946590662,0.005459319334477186
1696964979461248300,1.095248291015625,-0.08428656309843063,-0.02556559257209301,0.004394086077809334
1696964979471262500,1.105262451171875,-0.0874822586774826,-0.01704372838139534,-0.029693370684981346
1696964979481276700,1.115276611328125,-0.09067796170711517,-0.004260932095348835,0.008655018173158169
1696964979491291000,1.125290771484375,-0.08322133123874664,-0.03834838792681694,0.013981183059513569
1696964979501305000,1.13530517578125,-0.0874822586774826,0.0021304660476744175,-0.027562905102968216
1696964979511319300,1.1453193359375,-0.09067796170711517,-0.01171756349503994,0.015046416781842709
1696964979521333500,1.15533349609375,-0.08854749798774719,-0.0031956990715116262,-0.011584409512579441
1696964979531347700,1.16534765625,-0.08854749798774719,0.004260932095348835,-0.015845341607928276
1696964979541362000,1.17536181640625,-0.08961272984743118,0.004260932095348835,0.007589785382151604
1696964979551376100,1.185376220703125,-0.09280842542648315,0.012782796286046505,-0.012649642303586006
1696964979561390300,1.195390380859375,-0.09174319356679916,0.01384802907705307,0.0033288532868027687
1696964979571404500,1.205404541015625,-0.09280842542648315,0.0053261648863554,-0.015845341607928276
1696964979581418800,1.215418701171875,-0.09280842542648315,0.02769605815410614,-0.001997311832383275
1696964979591433000,1.225432861328125,-0.09067796170711517,-0.012782796286046505,0.0033288532868027687
1696964979601447200,1.235447265625,-0.09280842542648315,0.01384802907705307,-0.023301972076296806
1696964979611461400,1.24546142578125,-0.09174319356679916,-0.009587096981704235,0.023568280041217804
1696964979621475600,1.2554755859375,-0.09600412845611572,0.0053261648863554,-0.04673709720373154
1696964979631489800,1.26548974609375,-0.08961272984743118,-0.02450035884976387,0.048068638890981674
1696964979641504000,1.27550390625,-0.09280842542648315,-0.009587096981704235,-0.026497671380639076
1696964979651518200,1.285518310546875,-0.09706936031579971,-0.0031956990715116262,-0.011584409512579441
1696964979661532700,1.29553271484375,-0.09174319356679916,-0.02982652559876442,0.040612008422613144
1696964979671547000,1.305546875,-0.09280842542648315,-0.0031956990715116262,-0.03288906812667847
1696964979681561000,1.31556103515625,-0.09600412845611572,-0.0213046595454216,0.029959678649902344
1696964979691575300,1.3255751953125,-0.09706936031579971,0.0106523297727108,-0.011584409512579441
1696964979701589500,1.335589599609375,-0.09280842542648315,-0.01704372838139534,0.034220609813928604
1696964979711604200,1.345604248046875,-0.09387365728616714,-0.004260932095348835,-0.006258244160562754
1696964979721618700,1.35561865234375,-0.0981345921754837,0.02876129187643528,0.00226362026296556
1696964979731633000,1.3656328125,-0.09493889659643173,-0.01491326279938221,0.037416309118270874
1696964979741647000,1.375647216796875,-0.09174319356679916,0.02236989326775074,-0.014780107885599136
1696964979751661300,1.385661376953125,-0.09387365728616714,-0.004260932095348835,0.015046416781842709
1696964979761675500,1.395675537109375,-0.09387365728616714,0.01704372838139534,-0.006258244160562754
1696964979771689700,1.405689697265625,-0.08961272984743118,-0.00852186419069767,0.017176883295178413
1696964979781704000,1.415703857421875,-0.0874822586774826,-0.0010652330238372087,-0.007323476951569319
1696964979791718100,1.42571826171875,-0.08961272984743118,-0.0159784946590662,0.010785484686493874
1696964979801732400,1.435732421875,-0.08535179495811462,0.0021304660476744175,-0.0009320789249613881
1696964979811746600,1.44574658203125,-0.08215609937906265,-0.03728315606713295,0.011850717477500439
1696964979821760800,1.4557607421875,-0.08322133123874664,-0.0159784946590662,-0.004127778112888336
1696964979831775000,1.46577490234375,-0.08641702681779861,-0.004260932095348835,0.0011983871227130294
1696964979841789400,1.47578955078125,-0.0768299326300621,-0.05858781561255455,0.027829213067889214
1696964979851803600,1.4858037109375,-0.08215609937906265,0,-0.013714875094592571
1696964979861817900,1.49581787109375,-0.08535179495811462,-0.02663082629442215,0.026763979345560074
1696964979871832000,1.50583203125,-0.08428656309843063,-0.012782796286046505,-0.001997311832383275
1696964979881846300,1.51584619140625,-0.08002562820911407,-0.0213046595454216,0.023568280041217804
1696964979891860500,1.525860595703125,-0.08535179495811462,-0.01810896210372448,0.004394086077809334
1696964979901874700,1.535874755859375,-0.08961272984743118,0.009587096981704235,0.0001331541279796511
1696964979911889000,1.545888916015625,-0.08641702681779861,-0.01917419396340847,0.04593817517161369
1696964979921903000,1.555903076171875,-0.08641702681779861,-0.012782796286046505,-0.020106272771954536
1696964979931917300,1.565917236328125,-0.09067796170711517,0.007456631399691105,0.009720250964164734
1696964979941931500,1.575931640625,-0.08854749798774719,-0.02343512699007988,0.031024912372231483
1696964979951945700,1.58594580078125,-0.08854749798774719,-0.0063913981430232525,-0.012649642303586006
1696964979961960000,1.5959599609375,-0.08961272984743118,-0.01171756349503994,0.010785484686493874
1696964979971974100,1.60597412109375,-0.09174319356679916,-0.0106523297727108,0.004394086077809334
1696964979981988400,1.61598828125,-0.0874822586774826,-0.01384802907705307,0.010785484686493874
1696964979992002600,1.62600244140625,-0.08854749798774719,-0.02236989326775074,0.0033288532868027687
1696964980002016800,1.636016845703125,-0.08961272984743118,-0.01171756349503994,-0.005193010903894901
1696964980012031000,1.646031005859375,-0.09067796170711517,-0.004260932095348835,0.0033288532868027687
1696964980022045200,1.656045166015625,-0.08428656309843063,-0.03834838792681694,0.028894444927573204
1696964980032059400,1.666059326171875,-0.08854749798774719,-0.0031956990715116262,-0.048867564648389816
1696964980042073600,1.676073486328125,-0.08961272984743118,-0.01171756349503994,0.036351077258586884
1696964980052087800,1.686087890625,-0.08535179495811462,-0.01491326279938221,-0.0030625448562204838
1696964980062102000,1.69610205078125,-0.08428656309843063,-0.01384802907705307,-0.014780107885599136
1696964980072116200,1.7061162109375,-0.0874822586774826,-0.007456631399691105,0.005459319334477186
1696964980082130700,1.716130615234375,-0.08641702681779861,-0.0063913981430232525,-0.009453942999243736
1696964980092145000,1.726144775390625,-0.08002562820911407,-0.00852186419069767,0.012915950268507004
1696964980102159000,1.7361591796875,-0.08215609937906265,-0.009587096981704235,-0.010519175790250301
1696964980112173300,1.74617333984375,-0.08322133123874664,0.0010652330238372087,0.0033288532868027687
1696964980122187500,1.7561875,-0.0778951644897461,-0.0031956990715116262,0.009720250964164734
1696964980132201700,1.76620166015625,-0.0768299326300621,-0.0106523297727108,0.0011983871227130294
1696964980142216000,1.7762158203125,-0.0778951644897461,0.004260932095348835,-0.010519175790250301
1696964980152230100,1.786230224609375,-0.0778951644897461,-0.0021304660476744175,0.020372580736875534
1696964980162244400,1.796244384765625,-0.07256899774074554,0.0031956990715116262,0.006524552125483751
1696964980172258600,1.806258544921875,-0.07150376588106155,-0.01384802907705307,-0.0009320789249613881
1696964980182272800,1.816272705078125,-0.07469946891069412,0.01810896210372448,0.004394086077809334
1696964980192287000,1.826286865234375,-0.07043853402137756,-0.0053261648863554,0.018242115154862404
1696964980202301200,1.83630126953125,-0.067242830991745,0.00852186419069767,-0.008388710208237171
1696964980212315400,1.8463154296875,-0.06830807030200958,0.0010652330238372087,0.008655018173158169
1696964980222329600,1.85632958984375,-0.067242830991745,0.0021304660476744175,0.005459319334477186
1696964980232343800,1.86634375,-0.06404713541269302,0.009587096981704235,0.009720250964164734
1696964980242358000,1.87635791015625,-0.06298190355300903,-0.0031956990715116262,0.005459319334477186
1696964980252372200,1.886372314453125,-0.06404713541269302,0.01171756349503994,-0.006258244160562754
1696964980262386400,1.896386474609375,-0.06298190355300903,0.0106523297727108,0.005459319334477186
1696964980272400600,1.906400634765625,-0.05659050494432449,-0.004260932095348835,0.020372580736875534
1696964980282414800,1.916414794921875,-0.05978620424866676,0.02023942768573761,-0.024367205798625946
1696964980292429000,1.926428955078125,-0.058720968663692474,-0.0063913981430232525,0.026763979345560074
1696964980302443300,1.936443359375,-0.0555252730846405,0.0213046595454216,-0.011584409512579441
1696964980312457700,1.946457763671875,-0.054460037499666214,-0.009587096981704235,0.015046416781842709
1696964980322472000,1.956471923828125,-0.05659050494432449,0.01491326279938221,-0.013714875094592571
1696964980332486100,1.966486083984375,-0.05659050494432449,0.00852186419069767,-0.006258244160562754
1696964980342500400,1.976500244140625,-0.051264338195323944,0.0063913981430232525,0.021437814459204674
1696964980352514600,1.9865146484375,-0.05232957378029823,-0.0010652330238372087,-0.030758604407310486
1696964980362528800,1.99652880859375,-0.054460037499666214,0.01810896210372448,0.009720250964164734
1696964980372543000,2.00654296875,-0.050199106335639954,-0.01171756349503994,0.009720250964164734
1696964980382557200,2.01655712890625,-0.04913387447595596,0.01384802907705307,-0.027562905102968216
1696964980392571400,2.0265712890625,-0.050199106335639954,-0.004260932095348835,0.029959678649902344
1696964980402585600,2.036585693359375,-0.05232957378029823,0.007456631399691105,-0.03288906812667847
1696964980412599800,2.046599853515625,-0.047003407031297684,0.0010652330238372087,0.03209014609456062
1696964980422614000,2.056614013671875,-0.04593817517161369,-0.0063913981430232525,-0.004127778112888336
1696964980432628200,2.066628173828125,-0.050199106335639954,0.01384802907705307,-0.012649642303586006
1696964980442642400,2.076642333984375,-0.047003407031297684,-0.00852186419069767,0.027829213067889214
1696964980452656600,2.08665673828125,-0.04274247586727142,-0.0010652330238372087,0.009720250964164734
1696964980462670800,2.0966708984375,-0.041677240282297134,-0.00852186419069767,-0.008388710208237171
1696964980472685000,2.10668505859375,-0.043807707726955414,0.0053261648863554,0.006524552125483751
1696964980482699300,2.11669921875,-0.03848154470324516,-0.004260932095348835,0.029959678649902344
1696964980492713500,2.12671337890625,-0.03848154470324516,-0.004260932095348835,0.0001331541279796511
1696964980502727700,2.136727783203125,-0.041677240282297134,-0.0010652330238372087,0.010785484686493874
1696964980512742000,2.146741943359375,-0.041677240282297134,0.0106523297727108,0.004394086077809334
1696964980522756000,2.156756103515625,-0.034220609813928604,-0.0021304660476744175,0.03209014609456062
1696964980532770300,2.166770263671875,-0.03528584539890289,-0.009587096981704235,0.0001331541279796511
1696964980542784500,2.176784423828125,-0.03848154470324516,0.01810896210372448,-0.0009320789249613881
1696964980552799000,2.186799072265625,-0.034220609813928604,-0.0106523297727108,0.026763979345560074
1696964980562813200,2.196813232421875,-0.03209014609456062,0.0021304660476744175,0.0011983871227130294
1696964980572827400,2.206827392578125,-0.033155377954244614,-0.0106523297727108,0.0033288532868027687
1696964980582841600,2.216841552734375,-0.034220609813928604,-0.0021304660476744175,0.0011983871227130294
1696964980592855800,2.226855712890625,-0.028894444927573204,-0.0063913981430232525,0.021437814459204674
1696964980602870000,2.2368701171875,-0.027829213067889214,-0.03302222490310669,0.0001331541279796511
1696964980612884200,2.24688427734375,-0.033155377954244614,0.02023942768573761,-0.012649642303586006
1696964980622898400,2.2568984375,-0.029959678649902344,-0.03089175745844841,0.018242115154862404
1696964980632912600,2.26691259765625,-0.027829213067889214,0.0063913981430232525,-0.005193010903894901
1696964980642926800,2.2769267578125,-0.029959678649902344,-0.02982652559876442,0.0033288532868027687
1696964980652941000,2.286941162109375,-0.03209014609456062,0.01810896210372448,-0.011584409512579441
1696964980662955300,2.296955322265625,-0.028894444927573204,-0.01491326279938221,0.024633513763546944
1696964980672969500,2.306969482421875,-0.029959678649902344,-0.0031956990715116262,-0.015845341607928276
1696964980682983700,2.316983642578125,-0.033155377954244614,-0.0031956990715116262,-0.004127778112888336
1696964980692998000,2.326997802734375,-0.036351077258586884,0.0159784946590662,-0.005193010903894901
1696964980703012000,2.33701220703125,-0.031024912372231483,-0.012782796286046505,0.019307348877191544
1696964980713026300,2.3470263671875,-0.03209014609456062,-0.0010652330238372087,-0.019041040912270546
1696964980723040800,2.357040771484375,-0.03528584539890289,0.00852186419069767,0.00226362026296556
1696964980733055000,2.367054931640625,-0.034220609813928604,-0.0021304660476744175,0.0011983871227130294
1696964980743069200,2.377069091796875,-0.03209014609456062,-0.0021304660476744175,0.013981183059513569
1696964980753083400,2.38708349609375,-0.036351077258586884,-0.0053261648863554,-0.012649642303586006
1696964980763097900,2.397097900390625,-0.03954677656292915,0.01384802907705307,-0.008388710208237171
1696964980773112000,2.407112060546875,-0.03528584539890289,-0.009587096981704235,0.024633513763546944
1696964980783126300,2.417126220703125,-0.03528584539890289,-0.007456631399691105,-0.011584409512579441
1696964980793140500,2.427140380859375,-0.040612008422613144,0.0106523297727108,0.0001331541279796511
1696964980803155000,2.437155029296875,-0.040612008422613144,-0.009587096981704235,0.016111649572849274
1696964980813169200,2.447169189453125,-0.03848154470324516,0.0031956990715116262,0.0033288532868027687
1696964980823183400,2.457183349609375,-0.040612008422613144,-0.007456631399691105,0.0001331541279796511
1696964980833197600,2.467197509765625,-0.044872939586639404,0.00852186419069767,-0.0030625448562204838
1696964980843212000,2.4772119140625,-0.04274247586727142,-0.0021304660476744175,0.025698747485876083
1696964980853226200,2.487226318359375,-0.041677240282297134,-0.0053261648863554,0.005459319334477186
1696964980863240400,2.497240478515625,-0.044872939586639404,0.0010652330238372087,-0.006258244160562754
1696964980873254700,2.507254638671875,-0.047003407031297684,0.004260932095348835,0.007589785382151604
1696964980883269000,2.51726904296875,-0.040612008422613144,-0.01171756349503994,0.03209014609456062
1696964980893283300,2.527283447265625,-0.043807707726955414,-0.0053261648863554,-0.017975807189941406
1696964980903297500,2.537297607421875,-0.047003407031297684,0.0053261648863554,0.021437814459204674
1696964980913311700,2.547311767578125,-0.04593817517161369,-0.009587096981704235,0.007589785382151604
1696964980923326200,2.557326171875,-0.041677240282297134,-0.0063913981430232525,0.006524552125483751
1696964980933340400,2.56734033203125,-0.044872939586639404,-0.01384802907705307,0.012915950268507004
1696964980943354600,2.577354736328125,-0.04593817517161369,0.0010652330238372087,-0.009453942999243736
1696964980953368800,2.587368896484375,-0.041677240282297134,-0.01810896210372448,0.036351077258586884
1696964980963383300,2.59738330078125,-0.041677240282297134,-0.007456631399691105,-0.008388710208237171
1696964980973397500,2.6073974609375,-0.044872939586639404,-0.01171756349503994,0.013981183059513569
1696964980983411700,2.61741162109375,-0.044872939586639404,-0.0031956990715116262,-0.0009320789249613881
1696964980993426000,2.627426025390625,-0.04274247586727142,-0.01917419396340847,0.021437814459204674
1696964981003440400,2.6374404296875,-0.04274247586727142,-0.0106523297727108,-0.001997311832383275
1696964981013454600,2.64745458984375,-0.04913387447595596,-0.0021304660476744175,0.0033288532868027687
1696964981023468800,2.65746875,-0.044872939586639404,-0.004260932095348835,0.03209014609456062
1696964981033483000,2.66748291015625,-0.043807707726955414,-0.02343512699007988,-0.007323476951569319
1696964981043497200,2.677497314453125,-0.048068638890981674,0.007456631399691105,-0.006258244160562754
1696964981053511700,2.68751171875,-0.050199106335639954,-0.0063913981430232525,0.024633513763546944
1696964981063526000,2.69752587890625,-0.04913387447595596,0.0021304660476744175,-0.011584409512579441
1696964981073540000,2.7075400390625,-0.050199106335639954,-0.012782796286046505,0.022503048181533813
1696964981083554300,2.71755419921875,-0.054460037499666214,0.01171756349503994,-0.006258244160562754
1696964981093568800,2.72756884765625,-0.0555252730846405,0,0.0011983871227130294
1696964981103583000,2.7375830078125,-0.053394805639982224,-0.009587096981704235,0.021437814459204674
1696964981113597200,2.74759716796875,-0.058720968663692474,-0.004260932095348835,-0.027562905102968216
1696964981123611400,2.757611328125,-0.06298190355300903,0.012782796286046505,0.00226362026296556
1696964981133625900,2.7676259765625,-0.058720968663692474,-0.01384802907705307,0.015046416781842709
1696964981143640000,2.77764013671875,-0.06298190355300903,0.0021304660476744175,-0.025432437658309937
1696964981153654300,2.787654296875,-0.06511236727237701,-0.0106523297727108,0.016111649572849274
1696964981163668500,2.79766845703125,-0.06830807030200958,0.0053261648863554,-0.03288906812667847
1696964981173683000,2.807682861328125,-0.066177599132061,-0.012782796286046505,0.025698747485876083
1696964981183697200,2.817697265625,-0.07043853402137756,-0.004260932095348835,-0.027562905102968216
1696964981193711400,2.82771142578125,-0.07576470077037811,0.01810896210372448,-0.010519175790250301
1696964981203725600,2.8377255859375,-0.07256899774074554,-0.0106523297727108,0.021437814459204674
1696964981213740000,2.847739990234375,-0.07256899774074554,-0.007456631399691105,-0.014780107885599136
1696964981223754200,2.857754150390625,-0.07896039634943008,0.012782796286046505,-0.014780107885599136
1696964981233768400,2.8677685546875,-0.08002562820911407,-0.009587096981704235,0.006524552125483751
1696964981243782700,2.87778271484375,-0.07469946891069412,0,0.0001331541279796511
1696964981253797000,2.887797119140625,-0.07896039634943008,-0.01491326279938221,-0.005193010903894901
1696964981263811300,2.897811279296875,-0.08109086751937866,-0.004260932095348835,-0.007323476951569319
1696964981273825500,2.907825439453125,-0.08002562820911407,0.0010652330238372087,0.0033288532868027687
1696964981283839700,2.91783984375,-0.0778951644897461,-0.01917419396340847,0.0011983871227130294
1696964981293854200,2.927854248046875,-0.08109086751937866,-0.01384802907705307,-0.001997311832383275
1696964981303868400,2.937868408203125,-0.08535179495811462,0.009587096981704235,-0.011584409512579441
1696964981313882600,2.947882568359375,-0.08109086751937866,-0.02343512699007988,0.025698747485876083
1696964981323896800,2.957896728515625,-0.08002562820911407,-0.01171756349503994,-0.008388710208237171
1696964981333911300,2.967911376953125,-0.08535179495811462,-0.0021304660476744175,-0.007323476951569319
1696964981343925500,2.977925537109375,-0.0874822586774826,-0.004260932095348835,0.0001331541279796511
1696964981353939700,2.987939697265625,-0.08109086751937866,-0.01810896210372448,0.020372580736875534
1696964981363954000,2.997953857421875,-0.08428656309843063,-0.02023942768573761,-0.0030625448562204838
1696964981373968400,3.007968505859375,-0.09067796170711517,0.01810896210372448,-0.020106272771954536
1696964981383982600,3.017982666015625,-0.08535179495811462,-0.02769605815410614,0.040612008422613144
1696964981393996800,3.027996826171875,-0.08535179495811462,0.0031956990715116262,-0.029693370684981346
1696964981404011000,3.038010986328125,-0.0874822586774826,-0.01384802907705307,0.017176883295178413
1696964981414025500,3.048025390625,-0.09174319356679916,0.01810896210372448,-0.014780107885599136
1696964981424039700,3.058039794921875,-0.08854749798774719,-0.009587096981704235,0.026763979345560074
1696964981434054000,3.068053955078125,-0.08854749798774719,-0.0021304660476744175,-0.008388710208237171
1696964981444068000,3.078068115234375,-0.09174319356679916,0.01384802907705307,-0.016910573467612267
1696964981454082600,3.08808251953125,-0.08961272984743118,-0.01491326279938221,0.028894444927573204
1696964981464096800,3.0980966796875,-0.08961272984743118,0.0021304660476744175,-0.019041040912270546
1696964981474111000,3.108111083984375,-0.09067796170711517,-0.0053261648863554,0.0001331541279796511
1696964981484125200,3.118125244140625,-0.09067796170711517,-0.007456631399691105,0.00226362026296556
1696964981494139600,3.1281396484375,-0.08961272984743118,-0.01704372838139534,0.006524552125483751
1696964981504153900,3.13815380859375,-0.0874822586774826,-0.007456631399691105,-0.001997311832383275
1696964981514168000,3.14816796875,-0.09280842542648315,-0.007456631399691105,-0.016910573467612267
1696964981524182300,3.158182373046875,-0.08854749798774719,-0.0159784946590662,0.031024912372231483
1696964981534196500,3.168196533203125,-0.09174319356679916,-0.012782796286046505,-0.011584409512579441
1696964981544210700,3.178210693359375,-0.09600412845611572,0.009587096981704235,-0.024367205798625946
1696964981554225000,3.188224853515625,-0.09387365728616714,-0.0159784946590662,0.047003407031297684
1696964981564239000,3.198239013671875,-0.09280842542648315,-0.0021304660476744175,-0.013714875094592571
1696964981574253300,3.20825341796875,-0.0991998240351677,0.009587096981704235,-0.004127778112888336
1696964981584267500,3.218267578125,-0.0991998240351677,0.0031956990715116262,0.022503048181533813
1696964981594281700,3.22828173828125,-0.09387365728616714,0,0.005459319334477186
1696964981604296000,3.2382958984375,-0.0981345921754837,0.0021304660476744175,0.005459319334477186
1696964981614310100,3.24831005859375,-0.10239552706480026,0.01491326279938221,-0.006258244160562754
1696964981624324400,3.258324462890625,-0.09706936031579971,0,0.021437814459204674
1696964981634338800,3.2683388671875,-0.09706936031579971,-0.0053261648863554,0.016111649572849274
1696964981644353000,3.27835302734375,-0.10239552706480026,0.01491326279938221,-0.029693370684981346
1696964981654367200,3.2883671875,-0.10133028775453568,0.0010652330238372087,0.025698747485876083
1696964981664381400,3.29838134765625,-0.09706936031579971,-0.004260932095348835,0.021437814459204674
1696964981674395600,3.308395751953125,-0.10239552706480026,0.012782796286046505,-0.03608476743102074
1696964981684409900,3.318409912109375,-0.10452599078416824,0.0010652330238372087,0.034220609813928604
1696964981694424000,3.328424072265625,-0.0991998240351677,-0.0053261648863554,0.011850717477500439
1696964981704438300,3.338438232421875,-0.10239552706480026,0.007456631399691105,-0.014780107885599136
1696964981714452500,3.348452392578125,-0.1087869256734848,0.00852186419069767,-0.0030625448562204838
1696964981724466700,3.358466796875,-0.10133028775453568,-0.0159784946590662,0.022503048181533813
1696964981734481000,3.36848095703125,-0.10026505589485168,0.0021304660476744175,-0.001997311832383275
1696964981744495000,3.3784951171875,-0.10665645450353622,-0.004260932095348835,-0.012649642303586006
1696964981754509300,3.38850927734375,-0.10239552706480026,-0.01171756349503994,0.015046416781842709
1696964981764523500,3.3985234375,-0.0991998240351677,-0.0213046595454216,0.024633513763546944
1696964981774537700,3.408537841796875,-0.10559122264385223,0.004260932095348835,-0.030758604407310486
1696964981784552000,3.418552001953125,-0.10452599078416824,-0.02769605815410614,0.016111649572849274
1696964981794566100,3.428566162109375,-0.0981345921754837,-0.0031956990715116262,0.023568280041217804
1696964981804580400,3.438580322265625,-0.10239552706480026,-0.02450035884976387,-0.006258244160562754
1696964981814594600,3.448594482421875,-0.10559122264385223,0.0053261648863554,-0.008388710208237171
1696964981824607700,3.458607666015625,-0.10026505589485168,-0.01810896210372448,0.043807707726955414
1696964981834622000,3.4686220703125,-0.10133028775453568,-0.007456631399691105,-0.020106272771954536
1696964981844636200,3.47863623046875,-0.10452599078416824,-0.0021304660476744175,0.010785484686493874
1696964981854650400,3.488650390625,-0.0991998240351677,-0.01810896210372448,0.029959678649902344
1696964981864664600,3.49866455078125,-0.0991998240351677,-0.00852186419069767,-0.005193010903894901
1696964981874678800,3.5086787109375,-0.0991998240351677,-0.02450035884976387,0.024633513763546944
1696964981884693200,3.518693359375,-0.10346075892448425,0.0031956990715116262,-0.015845341607928276
1696964981894707500,3.52870751953125,-0.09493889659643173,-0.02556559257209301,0.03954677656292915
1696964981904721700,3.5387216796875,-0.0981345921754837,-0.02769605815410614,0.004394086077809334
1696964981914735900,3.54873583984375,-0.10346075892448425,0.007456631399691105,-0.028628136962652206
1696964981924750300,3.558750244140625,-0.09600412845611572,-0.04154408723115921,0.054460037499666214
1696964981934764500,3.5687646484375,-0.09706936031579971,-0.0021304660476744175,-0.03288906812667847
1696964981944778800,3.57877880859375,-0.10026505589485168,-0.01810896210372448,-0.001997311832383275
1696964981954793000,3.58879296875,-0.0991998240351677,-0.01491326279938221,0.016111649572849274
1696964981964807400,3.598807373046875,-0.0981345921754837,-0.00852186419069767,-0.014780107885599136
1696964981974821600,3.608821533203125,-0.0991998240351677,-0.0213046595454216,0.008655018173158169
1696964981984835800,3.6188359375,-0.10239552706480026,-0.0010652330238372087,-0.024367205798625946
1696964981994850000,3.62885009765625,-0.0991998240351677,-0.01704372838139534,0.020372580736875534
1696964982004864500,3.638864501953125,-0.10026505589485168,-0.0053261648863554,-0.015845341607928276
1696964982014878700,3.648878662109375,-0.10452599078416824,-0.00852186419069767,-0.012649642303586006
1696964982024893000,3.658892822265625,-0.10346075892448425,-0.01171756349503994,0.017176883295178413
1696964982034907100,3.6689072265625,-0.10026505589485168,-0.012782796286046505,-0.005193010903894901
1696964982044921600,3.678921630859375,-0.10346075892448425,-0.01704372838139534,-0.001997311832383275
1696964982054935800,3.688935791015625,-0.10559122264385223,-0.0031956990715116262,-0.005193010903894901
1696964982064950000,3.698949951171875,-0.10026505589485168,-0.02876129187643528,0.031024912372231483
1696964982074964200,3.708964111328125,-0.10239552706480026,-0.01384802907705307,-0.014780107885599136
1696964982084978700,3.718978759765625,-0.10559122264385223,-0.01917419396340847,0.013981183059513569
1696964982094993000,3.728992919921875,-0.10452599078416824,-0.0053261648863554,0.011850717477500439
1696964982105007000,3.739007080078125,-0.10026505589485168,-0.02982652559876442,0.024633513763546944
1696964982115021300,3.749021240234375,-0.10346075892448425,-0.00852186419069767,-0.007323476951569319
1696964982125035800,3.759035888671875,-0.10559122264385223,0.0031956990715116262,0.012915950268507004
1696964982135050000,3.769050048828125,-0.10239552706480026,-0.02663082629442215,0.031024912372231483
1696964982145064200,3.779064208984375,-0.10026505589485168,0.0031956990715116262,0.0033288532868027687
1696964982155078400,3.789078369140625,-0.10665645450353622,-0.0063913981430232525,-0.0009320789249613881
1696964982165092900,3.7990927734375,-0.10346075892448425,0.004260932095348835,0.024633513763546944
1696964982175107000,3.809107177734375,-0.10026505589485168,-0.01704372838139534,0.020372580736875534
1696964982185121300,3.819121337890625,-0.10239552706480026,0.009587096981704235,-0.023301972076296806
1696964982195135500,3.829135498046875,-0.10346075892448425,-0.0053261648863554,0.036351077258586884
1696964982205149700,3.839149658203125,-0.0981345921754837,-0.01491326279938221,0.010785484686493874
1696964982215164200,3.8491640625,-0.10133028775453568,0.0031956990715116262,-0.014780107885599136
1696964982225178400,3.859178466796875,-0.10559122264385223,-0.0053261648863554,0.010785484686493874
1696964982235192600,3.869192626953125,-0.0981345921754837,-0.01917419396340847,0.011850717477500439
1696964982245206800,3.879206787109375,-0.10239552706480026,-0.004260932095348835,-0.015845341607928276
1696964982255221200,3.88922119140625,-0.10559122264385223,0,0.005459319334477186
1696964982265235500,3.8992353515625,-0.10133028775453568,-0.02769605815410614,0.015046416781842709
1696964982275249700,3.909249755859375,-0.10133028775453568,0.007456631399691105,-0.007323476951569319
1696964982285264000,3.919263916015625,-0.1087869256734848,0.0021304660476744175,-0.006258244160562754
1696964982295278300,3.9292783203125,-0.10559122264385223,-0.0213046595454216,0.005459319334477186
1696964982305292500,3.93929248046875,-0.10133028775453568,0.009587096981704235,0.029959678649902344
1696964982315306800,3.949306640625,-0.11198262125253677,-0.004260932095348835,-0.030758604407310486
1696964982325321000,3.959321044921875,-0.10665645450353622,-0.0010652330238372087,0.029959678649902344
1696964982335335400,3.96933544921875,-0.10346075892448425,-0.01384802907705307,0.033155377954244614
1696964982345349600,3.979349609375,-0.11411308497190475,0.02982652559876442,-0.045671865344047546
1696964982355363800,3.98936376953125,-0.10346075892448425,-0.03728315606713295,0.08322133123874664
1696964982365378000,3.9993779296875,-0.10985215753316879,0.012782796286046505,-0.019041040912270546
1696964982375392500,4.009392578125,-0.11411308497190475,-0.01171756349503994,0.0011983871227130294
1696964982385406700,4.01940673828125,-0.10239552706480026,-0.02556559257209301,0.0778951644897461
1696964982395421000,4.0294208984375,-0.11198262125253677,0.0053261648863554,-0.045671865344047546
1696964982405435100,4.03943505859375,-0.10985215753316879,-0.03408745676279068,0.060851436108350754
1696964982415449600,4.04944970703125,-0.10665645450353622,-0.0213046595454216,0.017176883295178413
1696964982425463800,4.0594638671875,-0.11198262125253677,-0.0031956990715116262,-0.014780107885599136
1696964982435478000,4.06947802734375,-0.10452599078416824,-0.04473978653550148,0.08215609937906265
1696964982445492200,4.0794921875,-0.11411308497190475,0.009587096981704235,-0.045671865344047546
1696964982455506700,4.089506591796875,-0.10665645450353622,-0.04580501839518547,0.07363422960042953
1696964982465521000,4.09952099609375,-0.11091738939285278,0.009587096981704235,-0.001997311832383275
1696964982475535000,4.10953515625,-0.11091738939285278,-0.03515268862247467,0.03209014609456062
1696964982485549300,4.11954931640625,-0.11198262125253677,0.00852186419069767,0.019307348877191544
1696964982495563800,4.129563720703125,-0.11091738939285278,-0.0063913981430232525,0.017176883295178413
1696964982505578000,4.139577880859375,-0.10985215753316879,-0.02343512699007988,0.041677240282297134
1696964982515592200,4.14959228515625,-0.11411308497190475,0.02236989326775074,-0.011584409512579441
1696964982525606400,4.1596064453125,-0.1087869256734848,-0.04793548583984375,0.07469946891069412
1696964982535620600,4.16962060546875,-0.11624355614185333,0.03834838792681694,-0.04673709720373154
1696964982545634800,4.179634765625,-0.1087869256734848,-0.04473978653550148,0.09174319356679916
1696964982555649000,4.18964892578125,-0.11517832428216934,0.0031956990715116262,-0.029693370684981346
1696964982565663200,4.199663330078125,-0.11091738939285278,-0.01704372838139534,0.041677240282297134
1696964982575677400,4.209677490234375,-0.11198262125253677,-0.0159784946590662,0.03528584539890289
1696964982585691600,4.219691650390625,-0.11411308497190475,-0.02450035884976387,-0.016910573467612267
1696964982595705900,4.229705810546875,-0.11091738939285278,-0.0021304660476744175,0.053394805639982224
1696964982605720000,4.239719970703125,-0.11091738939285278,-0.04687025398015976,0.020372580736875534
1696964982615734500,4.249734619140625,-0.11411308497190475,0.02023942768573761,-0.015845341607928276
1696964982625748700,4.259748779296875,-0.11091738939285278,-0.05858781561255455,0.07469946891069412
1696964982635763000,4.269762939453125,-0.11304785311222076,0.02769605815410614,-0.024367205798625946
1696964982645777200,4.279777099609375,-0.11304785311222076,-0.04047885537147522,0.041677240282297134
1696964982655791400,4.289791259765625,-0.11411308497190475,-0.009587096981704235,0.028894444927573204
1696964982665805600,4.2998056640625,-0.11517832428216934,-0.0021304660476744175,0.0011983871227130294
1696964982675819800,4.30981982421875,-0.11730878800153732,-0.02982652559876442,0.04593817517161369
1696964982685834000,4.319833984375,-0.11837401986122131,-0.0021304660476744175,-0.010519175790250301
1696964982695848200,4.32984814453125,-0.11624355614185333,-0.04473978653550148,0.057655736804008484
1696964982705862400,4.3398623046875,-0.1205044835805893,-0.00852186419069767,-0.017975807189941406
1696964982715876600,4.349876708984375,-0.12263495475053787,-0.01810896210372448,0.029959678649902344
1696964982725890800,4.359890869140625,-0.1205044835805893,-0.04047885537147522,0.029959678649902344
1696964982735905000,4.369905029296875,-0.1194392517209053,-0.01810896210372448,0.004394086077809334
1696964982745919200,4.379919189453125,-0.12263495475053787,-0.03728315606713295,0.024633513763546944
1696964982755933400,4.389933349609375,-0.12476541846990585,-0.009587096981704235,0.011850717477500439
1696964982765947600,4.39994775390625,-0.12156971544027328,-0.05645735189318657,0.027829213067889214
1696964982775961900,4.4099619140625,-0.12476541846990585,0.009587096981704235,-0.015845341607928276
1696964982785976000,4.41997607421875,-0.12476541846990585,-0.06284874677658081,0.058720968663692474
1696964982795990300,4.429990234375,-0.12476541846990585,0.00852186419069767,-0.020106272771954536
1696964982806004500,4.44000439453125,-0.12370018661022186,-0.06497921794652939,0.047003407031297684
1696964982816018700,4.450018798828125,-0.12583065032958984,0.0031956990715116262,-0.0030625448562204838
1696964982826033000,4.460032958984375,-0.12263495475053787,-0.04900071769952774,0.029959678649902344
1696964982836047000,4.470047119140625,-0.12476541846990585,-0.01917419396340847,0.026763979345560074
1696964982846061300,4.480061279296875,-0.12370018661022186,-0.01917419396340847,-0.0009320789249613881
1696964982856075800,4.49007568359375,-0.12263495475053787,-0.03728315606713295,0.04593817517161369
1696964982866090000,4.500090087890625,-0.12156971544027328,-0.01384802907705307,0.0001331541279796511
1696964982876104200,4.510104248046875,-0.12583065032958984,-0.02343512699007988,0.022503048181533813
1696964982886118400,4.520118408203125,-0.1205044835805893,-0.01917419396340847,0.017176883295178413
1696964982896132600,4.530132568359375,-0.12476541846990585,-0.02236989326775074,0.017176883295178413
1696964982906146800,4.540146728515625,-0.12476541846990585,-0.02343512699007988,0.010785484686493874
1696964982916161000,4.5501611328125,-0.12583065032958984,-0.0031956990715116262,-0.0030625448562204838
1696964982926175200,4.56017529296875,-0.12263495475053787,-0.02236989326775074,0.028894444927573204
1696964982936189400,4.570189453125,-0.1290263533592224,-0.02023942768573761,-0.022236740216612816
1696964982946204000,4.580203857421875,-0.12370018661022186,-0.004260932095348835,0.021437814459204674
1696964982956218000,4.590218017578125,-0.1290263533592224,-0.02663082629442215,-0.008388710208237171
1696964982966232300,4.600232421875,-0.12689588963985443,0.007456631399691105,-0.001997311832383275
1696964982976246500,4.61024658203125,-0.1311568170785904,-0.02556559257209301,-0.001997311832383275
1696964982986260700,4.6202607421875,-0.1311568170785904,0.01704372838139534,-0.019041040912270546
1696964982996275200,4.630275146484375,-0.13328728079795837,-0.01491326279938221,0.0011983871227130294
1696964983006289400,4.640289306640625,-0.13222205638885498,0.0021304660476744175,-0.026497671380639076
1696964983016303600,4.6503037109375,-0.13861344754695892,0.0010652330238372087,-0.010519175790250301
1696964983026317800,4.66031787109375,-0.13541774451732635,0.007456631399691105,-0.016910573467612267
1696964983036332300,4.670332275390625,-0.13861344754695892,-0.01491326279938221,-0.030758604407310486
1696964983046346500,4.680346435546875,-0.13754820823669434,0.00852186419069767,-0.012649642303586006
1696964983056360700,4.690360595703125,-0.1396786868572235,-0.0213046595454216,-0.03608476743102074
1696964983066375000,4.700375,-0.13648298382759094,0.007456631399691105,-0.03928046673536301
1696964983076389400,4.710389404296875,-0.14287437498569489,-0.02769605815410614,0.016111649572849274
1696964983086403600,4.720403564453125,-0.13861344754695892,-0.004260932095348835,-0.07656362652778625
1696964983096417800,4.730417724609375,-0.13861344754695892,-0.03728315606713295,0.031024912372231483
1696964983106432000,4.740431884765625,-0.14287437498569489,-0.0010652330238372087,-0.055258963257074356
1696964983116446500,4.750446533203125,-0.14287437498569489,-0.03302222490310669,-0.004127778112888336
1696964983126460700,4.760460693359375,-0.1396786868572235,-0.012782796286046505,0.004394086077809334
1696964983136475000,4.770474853515625,-0.14713531732559204,-0.0031956990715116262,-0.024367205798625946
1696964983146489000,4.780489013671875,-0.1418091505765915,-0.02876129187643528,0.011850717477500439
1696964983156503600,4.790503662109375,-0.14393961429595947,0.01810896210372448,0.0011983871227130294
1696964983166517800,4.800517822265625,-0.14820054173469543,-0.00852186419069767,-0.0009320789249613881
1696964983176532000,4.810531982421875,-0.14500483870506287,0.01171756349503994,-0.0009320789249613881
1696964983186546200,4.820546142578125,-0.14500483870506287,0.0031956990715116262,0.04274247586727142
1696964983196560600,4.830560546875,-0.14607007801532745,0.009587096981704235,-0.03928046673536301
1696964983206574800,4.840574951171875,-0.14500483870506287,0.0053261648863554,0.027829213067889214
1696964983216589000,4.850589111328125,-0.1407439112663269,-0.0159784946590662,0.023568280041217804
1696964983226603300,4.860603271484375,-0.14500483870506287,0.0053261648863554,-0.044606633484363556
1696964983236617700,4.87061767578125,-0.1407439112663269,-0.03089175745844841,0.047003407031297684
1696964983246632000,4.8806318359375,-0.1396786868572235,-0.01810896210372448,-0.029693370684981346
1696964983256646100,4.890646240234375,-0.13754820823669434,-0.03834838792681694,-0.007323476951569319
1696964983266660400,4.900660400390625,-0.13435252010822296,-0.04793548583984375,0.013981183059513569
1696964983276674800,4.9106748046875,-0.13541774451732635,-0.04473978653550148,-0.030758604407310486
1696964983286689000,4.92068896484375,-0.13435252010822296,-0.0426093190908432,0.009720250964164734
1696964983296703200,4.930703125,-0.13328728079795837,-0.05006595328450203,-0.006258244160562754
1696964983306717400,4.940717529296875,-0.13541774451732635,-0.05219641700387001,-0.024367205798625946
1696964983316732000,4.95073193359375,-0.1311568170785904,-0.03408745676279068,0.024633513763546944
1696964983326746000,4.96074609375,-0.13754820823669434,-0.03834838792681694,-0.023301972076296806
1696964983336760300,4.97076025390625,-0.13328728079795837,-0.03302222490310669,0.0033288532868027687
1696964983346774500,4.9807744140625,-0.13648298382759094,-0.03621792420744896,0.022503048181533813
1696964983356789000,4.9907890625,-0.13754820823669434,-0.02023942768573761,-0.030758604407310486
1696964983366803200,5.00080322265625,-0.13435252010822296,-0.02982652559876442,0.03954677656292915
1696964983376817400,5.0108173828125,-0.13754820823669434,-0.03834838792681694,-0.001997311832383275
1696964983386831600,5.02083154296875,-0.13328728079795837,-0.01491326279938221,-0.006258244160562754
1696964983396846000,5.03084619140625,-0.1311568170785904,-0.07669677585363388,0.033155377954244614
1696964983406860300,5.0408603515625,-0.13754820823669434,-0.01171756349503994,-0.037150003015995026
1696964983416874500,5.05087451171875,-0.12370018661022186,-0.09267527610063553,0.07576470077037811
1696964983426888700,5.060888671875,-0.13222205638885498,-0.03941362351179123,-0.043541401624679565
1696964983436903000,5.07090283203125,-0.12583065032958984,-0.08734910935163498,0.041677240282297134
1696964983446917000,5.080917236328125,-0.12156971544027328,-0.07776200771331787,0.022503048181533813
1696964983456931300,5.090931396484375,-0.12796111404895782,-0.07350108027458191,-0.037150003015995026
1696964983466945500,5.100945556640625,-0.11837401986122131,-0.12463226169347763,0.08641702681779861
1696964983476959700,5.110959716796875,-0.1300915777683258,-0.04154408723115921,-0.050998032093048096
1696964983486974200,5.12097412109375,-0.12476541846990585,-0.14167599380016327,0.050199106335639954
1696964983496988400,5.130988525390625,-0.11304785311222076,-0.08095771074295044,0.016111649572849274
1696964983507002600,5.141002685546875,-0.1205044835805893,-0.12037133425474167,0.017176883295178413
1696964983517016800,5.151016845703125,-0.11411308497190475,-0.10439283400774002,0.031024912372231483
1696964983527031000,5.161031005859375,-0.11304785311222076,-0.1288931965827942,0.053394805639982224
1696964983537045200,5.171045166015625,-0.1205044835805893,-0.08947957307100296,-0.020106272771954536
1696964983547059500,5.1810595703125,-0.10559122264385223,-0.10865376889705658,0.10772168636322021
1696964983557073700,5.19107373046875,-0.11091738939285278,-0.10758853703737259,0.036351077258586884
1696964983567087900,5.201087890625,-0.10985215753316879,-0.06497921794652939,0.033155377954244614
1696964983577102000,5.21110205078125,-0.09706936031579971,-0.11184946447610855,0.15885287523269653
1696964983587116300,5.2211162109375,-0.11198262125253677,-0.04047885537147522,-0.010519175790250301
1696964983597130500,5.231130615234375,-0.0991998240351677,-0.05858781561255455,0.15352670848369598
1696964983607144700,5.241144775390625,-0.0981345921754837,-0.04154408723115921,0.11091738939285278
1696964983617159000,5.251158935546875,-0.11091738939285278,-0.0010652330238372087,0.07256899774074554
1696964983627173000,5.261173095703125,-0.0981345921754837,-0.02982652559876442,0.19826649129390717
1696964983637187300,5.271187255859375,-0.10985215753316879,0.02769605815410614,0.0778951644897461
1696964983647201500,5.281201416015625,-0.1205044835805893,0.02663082629442215,0.13435252010822296
1696964983657215700,5.2912158203125,-0.10665645450353622,0.01704372838139534,0.19294032454490662
1696964983667230000,5.30122998046875,-0.12263495475053787,0.05219641700387001,0.09067796170711517
1696964983677244200,5.311244140625,-0.12156971544027328,0.03728315606713295,0.17802706360816956
1696964983687258400,5.32125830078125,-0.1205044835805893,0.03834838792681694,0.14713531732559204
1696964983697272600,5.3312724609375,-0.13328728079795837,0.04047885537147522,0.10772168636322021
1696964983707286800,5.341286865234375,-0.1311568170785904,0.05006595328450203,0.14926578104496002
1696964983717301200,5.35130126953125,-0.13648298382759094,0.0213046595454216,0.14393961429595947
1696964983727315500,5.3613154296875,-0.14393961429595947,0.0745663121342659,0.07576470077037811
1696964983737329700,5.37132958984375,-0.14287437498569489,0.02236989326775074,0.15033100545406342
1696964983747344000,5.38134375,-0.14820054173469543,0.04793548583984375,0.08535179495811462
1696964983757358000,5.391358154296875,-0.15033100545406342,0.06284874677658081,0.057655736804008484
1696964983767372300,5.401372314453125,-0.14607007801532745,0.03728315606713295,0.12796111404895782
1696964983777386500,5.411386474609375,-0.15672241151332855,0.07669677585363388,0.022503048181533813
1696964983787400700,5.421400634765625,-0.16098333895206451,0.06178351491689682,0.07896039634943008
1696964983797415000,5.431414794921875,-0.15991811454296112,0.07030537724494934,0.04913387447595596
1696964983807429000,5.44142919921875,-0.16524426639080048,0.09374050796031952,-0.013714875094592571
1696964983817443300,5.451443359375,-0.15778763592243195,0.08095771074295044,0.03848154470324516
1696964983827457500,5.46145751953125,-0.151396244764328,0.09054480493068695,0.0011983871227130294
1696964983837471700,5.4714716796875,-0.15565717220306396,0.09693620353937149,-0.04673709720373154
1696964983847486000,5.48148583984375,-0.14926578104496002,0.08734910935163498,0.011850717477500439
1696964983857500200,5.491500244140625,-0.14820054173469543,0.10332760214805603,-0.06591129302978516
1696964983867514400,5.501514404296875,-0.14820054173469543,0.10971900075674057,-0.07017222791910172
1696964983877528600,5.511528564453125,-0.1407439112663269,0.10971900075674057,-0.05312849581241608
1696964983887542800,5.521542724609375,-0.13648298382759094,0.08734910935163498,-0.10958584398031235
1696964983897557000,5.531556884765625,-0.1300915777683258,0.10758853703737259,-0.10745538026094437
1696964983907571200,5.5415712890625,-0.1205044835805893,0.06710968166589737,-0.09147688746452332
1696964983917585400,5.55158544921875,-0.11837401986122131,0.09480573982000351,-0.14793424308300018
1696964983927599600,5.561599609375,-0.11198262125253677,0.05539211630821228,-0.14047759771347046
1696964983937613800,5.57161376953125,-0.10239552706480026,0.03941362351179123,-0.12662957608699799
1696964983947628000,5.5816279296875,-0.10026505589485168,0.03834838792681694,-0.1884130984544754
1696964983957642500,5.591642578125,-0.09280842542648315,0.0063913981430232525,-0.17456506192684174
1696964983967656700,5.60165673828125,-0.08322133123874664,-0.02450035884976387,-0.1692388951778412
1696964983977671000,5.6116708984375,-0.08641702681779861,0.007456631399691105,-0.232087641954422
1696964983987685000,5.62168505859375,-0.07896039634943008,-0.02769605815410614,-0.18308693170547485
1696964983997699300,5.63169921875,-0.07576470077037811,-0.03515268862247467,-0.1990654170513153
1696964984007713500,5.641713623046875,-0.08002562820911407,0.0063913981430232525,-0.24380521476268768
1696964984017727700,5.651727783203125,-0.0768299326300621,-0.0319569893181324,-0.1788259893655777
1696964984027742000,5.661741943359375,-0.07576470077037811,-0.004260932095348835,-0.23741380870342255
1696964984037756200,5.671756103515625,-0.08215609937906265,0.00852186419069767,-0.232087641954422
1696964984047770400,5.681770263671875,-0.0778951644897461,-0.02556559257209301,-0.17563030123710632
1696964984057784600,5.69178466796875,-0.0778951644897461,-0.01171756349503994,-0.23528334498405457
1696964984067798800,5.701798828125,-0.08322133123874664,-0.02663082629442215,-0.21504391729831696
1696964984077813000,5.71181298828125,-0.07576470077037811,-0.0426093190908432,-0.1788259893655777
1696964984087827200,5.7218271484375,-0.0768299326300621,-0.0319569893181324,-0.22250054776668549
1696964984097841400,5.73184130859375,-0.08428656309843063,-0.05006595328450203,-0.20332635939121246
1696964984107856000,5.74185595703125,-0.07469946891069412,-0.05965305119752884,-0.14154283702373505
1696964984117870000,5.7518701171875,-0.08215609937906265,-0.05539211630821228,-0.2001306563615799
1696964984127884300,5.76188427734375,-0.0874822586774826,-0.07243584841489792,-0.18095645308494568
1696964984137898500,5.7718984375,-0.07469946891069412,-0.10545806586742401,-0.09680305421352386
1696964984147913000,5.781912841796875,-0.0874822586774826,-0.07350108027458191,-0.20545682311058044
1696964984157927200,5.79192724609375,-0.09280842542648315,-0.11930610239505768,-0.12236864119768143
1696964984167941400,5.80194140625,-0.08109086751937866,-0.11291470378637314,-0.08721595257520676
1696964984177955600,5.81195556640625,-0.10133028775453568,-0.09161003679037094,-0.18308693170547485
1696964984187970000,5.821969970703125,-0.10133028775453568,-0.1395455300807953,-0.06484606117010117
1696964984197984300,5.831984375,-0.09280842542648315,-0.10119713842868805,-0.06910699605941772
1696964984207998500,5.84199853515625,-0.11091738939285278,-0.10545806586742401,-0.14367330074310303
1696964984218012700,5.8520126953125,-0.10665645450353622,-0.09374050796031952,-0.021171506494283676
1696964984228027000,5.86202685546875,-0.0991998240351677,-0.1171756312251091,-0.021171506494283676
1696964984238041300,5.872041259765625,-0.12263495475053787,-0.04580501839518547,-0.11597724258899689
1696964984248055600,5.8820556640625,-0.11198262125253677,-0.10013190656900406,0.050199106335639954
1696964984258069800,5.89206982421875,-0.1087869256734848,-0.07669677585363388,-0.012649642303586006
1696964984268084000,5.902083984375,-0.1290263533592224,-0.02450035884976387,-0.054193731397390366
1696964984278098400,5.912098388671875,-0.11411308497190475,-0.09267527610063553,0.08002562820911407
1696964984288112600,5.922112548828125,-0.1087869256734848,-0.04047885537147522,0.009720250964164734
1696964984298126800,5.932126953125,-0.12689588963985443,-0.06071828305721283,-0.009453942999243736
1696964984308141000,5.94214111328125,-0.1087869256734848,-0.07030537724494934,0.0778951644897461
1696964984318155500,5.952155517578125,-0.1087869256734848,-0.06284874677658081,0.03209014609456062
1696964984328169700,5.962169677734375,-0.12796111404895782,-0.03089175745844841,-0.021171506494283676
1696964984338184000,5.972183837890625,-0.10665645450353622,-0.10758853703737259,0.1194392517209053
1696964984348198100,5.9821982421875,-0.11091738939285278,-0.03941362351179123,-0.028628136962652206
1696964984358212600,5.992212646484375,-0.1205044835805893,-0.07989247888326645,0.0033288532868027687
1696964984368226800,6.002226806640625,-0.10239552706480026,-0.11930610239505768,0.07896039634943008
1696964984378241000,6.012240966796875,-0.10985215753316879,-0.06710968166589737,-0.07017222791910172
1696964984388255200,6.022255126953125,-0.11198262125253677,-0.10971900075674057,-0.009453942999243736
1696964984398269700,6.032269775390625,-0.09600412845611572,-0.12037133425474167,0.016111649572849274
1696964984408284000,6.042283935546875,-0.10452599078416824,-0.07882724702358246,-0.11171631515026093
1696964984418298000,6.052298095703125,-0.10026505589485168,-0.11291470378637314,-0.024367205798625946
1696964984428312300,6.062312255859375,-0.09067796170711517,-0.08947957307100296,-0.0723026916384697
1696964984438326800,6.072326904296875,-0.09706936031579971,-0.05965305119752884,-0.12130340933799744
1696964984448341000,6.082341064453125,-0.09387365728616714,-0.0639139786362648,-0.07336792349815369
1696964984458355200,6.092355224609375,-0.08641702681779861,-0.03941362351179123,-0.12130340933799744
1696964984468369400,6.102369384765625,-0.08854749798774719,-0.01917419396340847,-0.13302096724510193
1696964984478383600,6.112383544921875,-0.08322133123874664,-0.02343512699007988,-0.1031944528222084
1696964984488397800,6.122397705078125,-0.07896039634943008,0.007456631399691105,-0.15112993121147156
1696964984498412000,6.132412109375,-0.08002562820911407,0.007456631399691105,-0.12876003980636597
1696964984508426200,6.14242626953125,-0.0778951644897461,0.01917419396340847,-0.1468690037727356
1696964984518440400,6.1524404296875,-0.07469946891069412,0.0213046595454216,-0.12876003980636597
1696964984528454700,6.16245458984375,-0.07576470077037811,0.01810896210372448,-0.14154283702373505
1696964984538468900,6.17246875,-0.07043853402137756,0.02450035884976387,-0.13302096724510193
1696964984548483000,6.182483154296875,-0.07043853402137756,0.007456631399691105,-0.1138467788696289
1696964984558497300,6.192497314453125,-0.07363422960042953,0.03941362351179123,-0.15965180099010468
1696964984568511500,6.202511474609375,-0.07043853402137756,-0.0031956990715116262,-0.07443315535783768
1696964984578525700,6.212525634765625,-0.07469946891069412,0.03515268862247467,-0.12662957608699799
1696964984588540000,6.222539794921875,-0.08322133123874664,0.02876129187643528,-0.1042596846818924
1696964984598554400,6.232554443359375,-0.08002562820911407,0.02450035884976387,-0.047802332788705826
1696964984608568600,6.242568603515625,-0.08641702681779861,0.03941362351179123,-0.08934641629457474
1696964984618582800,6.252582763671875,-0.09174319356679916,0.04580501839518547,-0.05632419511675835
1696964984628597000,6.262596923828125,-0.09174319356679916,0.03621792420744896,-0.014780107885599136
1696964984638611200,6.272611083984375,-0.09706936031579971,0.0532616525888443,-0.021171506494283676
1696964984648625400,6.28262548828125,-0.10665645450353622,0.04687025398015976,-0.022236740216612816
1696964984658639600,6.2926396484375,-0.10239552706480026,0.03408745676279068,0.04593817517161369
1696964984668653800,6.30265380859375,-0.1087869256734848,0.05432688444852829,0.020372580736875534
1696964984678668000,6.31266796875,-0.1194392517209053,0.05006595328450203,0.03528584539890289
1696964984688682200,6.32268212890625,-0.11304785311222076,0.03515268862247467,0.09706936031579971
1696964984698696400,6.332696533203125,-0.11837401986122131,0.04473978653550148,0.08322133123874664
1696964984708710700,6.342710693359375,-0.1300915777683258,0.05219641700387001,0.07363422960042953
1696964984718724900,6.352724853515625,-0.12156971544027328,0.03089175745844841,0.15778763592243195
1696964984728739000,6.362739013671875,-0.12476541846990585,0.04687025398015976,0.1396786868572235
1696964984738753300,6.372753173828125,-0.13435252010822296,0.05219641700387001,0.12583065032958984
1696964984748767500,6.382767578125,-0.12476541846990585,0.03408745676279068,0.21744069457054138
1696964984758781700,6.39278173828125,-0.1290263533592224,0.0319569893181324,0.1716356724500656
1696964984768796000,6.4027958984375,-0.13435252010822296,0.04687025398015976,0.18974463641643524
1696964984778810000,6.41281005859375,-0.1205044835805893,0.0021304660476744175,0.27176758646965027
1696964984788824300,6.42282421875,-0.12370018661022186,0.02343512699007988,0.20359265804290771
1696964984798838500,6.432838623046875,-0.1311568170785904,0.00852186419069767,0.23981058597564697
1696964984808852700,6.442852783203125,-0.11837401986122131,-0.02876129187643528,0.2920069992542267
1696964984818867000,6.452866943359375,-0.11517832428216934,-0.03089175745844841,0.23874534666538239
1696964984828881200,6.462881103515625,-0.12370018661022186,-0.0213046595454216,0.27283281087875366
1696964984838895600,6.4728955078125,-0.11411308497190475,-0.06178351491689682,0.2792242169380188
1696964984848909800,6.482909912109375,-0.11730878800153732,-0.02236989326775074,0.27389803528785706
1696964984858924000,6.492924072265625,-0.12583065032958984,-0.03408745676279068,0.25046291947364807
1696964984868938200,6.502938232421875,-0.11411308497190475,-0.04367455467581749,0.30692026019096375
1696964984878952400,6.512952392578125,-0.12156971544027328,-0.03408745676279068,0.2600499987602234
1696964984888966700,6.522966552734375,-0.12476541846990585,-0.02663082629442215,0.235549658536911
1696964984898980900,6.53298095703125,-0.11624355614185333,-0.05113118514418602,0.3090507388114929
1696964984908995000,6.5429951171875,-0.12370018661022186,-0.02236989326775074,0.19720126688480377
1696964984919009300,6.55300927734375,-0.12370018661022186,-0.03621792420744896,0.24194104969501495
1696964984929023500,6.5630234375,-0.11624355614185333,-0.05219641700387001,0.25046291947364807
1696964984939037700,6.57303759765625,-0.12156971544027328,-0.02450035884976387,0.16524426639080048
1696964984949052000,6.583052001953125,-0.1194392517209053,-0.05219641700387001,0.22383208572864532
1696964984959066000,6.593066162109375,-0.11624355614185333,-0.03728315606713295,0.1833532303571701
1696964984969080300,6.603080322265625,-0.1205044835805893,-0.03728315606713295,0.14393961429595947
1696964984979094500,6.613094482421875,-0.11624355614185333,-0.03621792420744896,0.15352670848369598
1696964984989108700,6.623108642578125,-0.11304785311222076,-0.0532616525888443,0.14820054173469543
1696964984999123000,6.633123046875,-0.11837401986122131,-0.02236989326775074,0.0874822586774826
1696964985009137200,6.64313720703125,-0.11304785311222076,-0.04900071769952774,0.11837401986122131
1696964985019151400,6.6531513671875,-0.1087869256734848,-0.05006595328450203,0.09387365728616714
1696964985029165600,6.66316552734375,-0.11517832428216934,-0.01704372838139534,0.03209014609456062
1696964985039179800,6.6731796875,-0.11304785311222076,-0.05219641700387001,0.07469946891069412
1696964985049194000,6.683194091796875,-0.10985215753316879,-0.02982652559876442,0.025698747485876083
1696964985059208200,6.693208251953125,-0.11411308497190475,-0.01917419396340847,-0.001997311832383275
1696964985069222400,6.703222412109375,-0.11091738939285278,-0.04900071769952774,0.022503048181533813
1696964985079236900,6.71323681640625,-0.1087869256734848,-0.01810896210372448,-0.024367205798625946
1696964985089251000,6.7232509765625,-0.11517832428216934,-0.02023942768573761,-0.044606633484363556
1696964985099265300,6.733265380859375,-0.11091738939285278,-0.03834838792681694,-0.03608476743102074
1696964985109279500,6.743279541015625,-0.10985215753316879,-0.009587096981704235,-0.054193731397390366
1696964985119293700,6.753293701171875,-0.11837401986122131,-0.02876129187643528,-0.07443315535783768
1696964985129308000,6.763307861328125,-0.11091738939285278,-0.02023942768573761,-0.06378082931041718
1696964985139322400,6.773322265625,-0.11091738939285278,-0.01917419396340847,-0.07443315535783768
1696964985149336600,6.783336669921875,-0.12156971544027328,-0.0063913981430232525,-0.12023817747831345
1696964985159350800,6.793350830078125,-0.11091738939285278,-0.0213046595454216,-0.050998032093048096
1696964985169365000,6.803364990234375,-0.11624355614185333,-0.004260932095348835,-0.10639014840126038
1696964985179379500,6.81337939453125,-0.12263495475053787,0.0031956990715116262,-0.1138467788696289
1696964985189393700,6.8233935546875,-0.11304785311222076,-0.02236989326775074,-0.048867564648389816
1696964985199407900,6.833407958984375,-0.11837401986122131,0.007456631399691105,-0.13408620655536652
1696964985209422000,6.843422119140625,-0.12476541846990585,0.0021304660476744175,-0.10532491654157639
1696964985219436500,6.8534365234375,-0.11517832428216934,-0.009587096981704235,-0.05632419511675835
1696964985229450800,6.86345068359375,-0.12370018661022186,0.007456631399691105,-0.13941237330436707
1696964985239465000,6.87346484375,-0.12156971544027328,-0.0053261648863554,-0.08402025699615479
1696964985249479200,6.883479248046875,-0.11624355614185333,-0.01810896210372448,-0.0712374597787857
1696964985259493600,6.89349365234375,-0.12583065032958984,0.009587096981704235,-0.13834713399410248
1696964985269507800,6.9035078125,-0.12370018661022186,-0.009587096981704235,-0.07549838721752167
1696964985279522000,6.91352197265625,-0.11837401986122131,-0.01810896210372448,-0.07017222791910172
1696964985289536300,6.923536376953125,-0.1300915777683258,0.02556559257209301,-0.12023817747831345
1696964985299550700,6.93355078125,-0.12476541846990585,-0.02982652559876442,-0.047802332788705826
1696964985309565000,6.94356494140625,-0.12263495475053787,0.01384802907705307,-0.07549838721752167
1696964985319579100,6.9535791015625,-0.13435252010822296,0.00852186419069767,-0.08934641629457474
1696964985329593300,6.96359326171875,-0.12796111404895782,-0.0021304660476744175,-0.037150003015995026
1696964985339607800,6.97360791015625,-0.12583065032958984,-0.0053261648863554,-0.048867564648389816
1696964985349622000,6.9836220703125,-0.13435252010822296,0.02663082629442215,-0.06910699605941772
1696964985359636200,6.99363623046875,-0.1290263533592224,-0.02876129187643528,-0.014780107885599136
1696964985369650400,7.003650390625,-0.12476541846990585,0.01384802907705307,-0.033954303711652756
1696964985379665000,7.013664794921875,-0.13541774451732635,0.007456631399691105,-0.050998032093048096
1696964985389679000,7.02367919921875,-0.1300915777683258,-0.01171756349503994,-0.001997311832383275
1696964985399693300,7.033693359375,-0.12476541846990585,-0.0063913981430232525,-0.011584409512579441
1696964985409707500,7.04370751953125,-0.13328728079795837,0.007456631399691105,-0.03928046673536301
1696964985419721700,7.0537216796875,-0.12476541846990585,-0.02236989326775074,0.011850717477500439
1696964985429736200,7.063736083984375,-0.12370018661022186,-0.01704372838139534,-0.0009320789249613881
1696964985439750400,7.07375048828125,-0.13328728079795837,0.004260932095348835,-0.009453942999243736
1696964985449764600,7.0837646484375,-0.12476541846990585,-0.04473978653550148,0.005459319334477186
1696964985459778800,7.09377880859375,-0.12263495475053787,0,0.023568280041217804
1696964985469793300,7.103793212890625,-0.1407439112663269,-0.05006595328450203,0.010785484686493874
1696964985479807500,7.113807373046875,-0.1311568170785904,-0.02450035884976387,0.04274247586727142
1696964985489821700,7.12382177734375,-0.1290263533592224,-0.05752258375287056,0.047003407031297684
1696964985499836000,7.1338359375,-0.13648298382759094,0.01810896210372448,-0.059519894421100616
1696964985509850400,7.143850341796875,-0.1205044835805893,-0.07137060910463333,0.08215609937906265
1696964985519864600,7.153864501953125,-0.12156971544027328,0.0021304660476744175,-0.019041040912270546
1696964985529878800,7.163878662109375,-0.12796111404895782,-0.0213046595454216,0.0001331541279796511
1696964985539893000,7.17389306640625,-0.12263495475053787,-0.03834838792681694,0.040612008422613144
1696964985549907200,7.1839072265625,-0.12370018661022186,-0.0053261648863554,0.025698747485876083
1696964985559921700,7.193921630859375,-0.13648298382759094,-0.03621792420744896,-0.0009320789249613881
1696964985569936000,7.203935791015625,-0.12796111404895782,-0.0053261648863554,0.03954677656292915
1696964985579950000,7.2139501953125,-0.12796111404895782,-0.04154408723115921,0.054460037499666214
1696964985589964300,7.22396435546875,-0.13861344754695892,0.01171756349503994,-0.050998032093048096
1696964985599978500,7.233978515625,-0.12476541846990585,-0.05006595328450203,0.09600412845611572
1696964985609992700,7.24399267578125,-0.1290263533592224,-0.0213046595454216,-0.019041040912270546
1696964985620007000,7.2540068359375,-0.13541774451732635,-0.02450035884976387,-0.0009320789249613881
1696964985630021000,7.264021240234375,-0.12263495475053787,-0.04793548583984375,0.04593817517161369
1696964985640035300,7.274035400390625,-0.1290263533592224,-0.02876129187643528,-0.023301972076296806
1696964985650049500,7.284049560546875,-0.1311568170785904,-0.04580501839518547,0.0001331541279796511
1696964985660063700,7.294063720703125,-0.12156971544027328,-0.04580501839518547,0.028894444927573204
1696964985670078000,7.304077880859375,-0.1290263533592224,-0.04367455467581749,-0.029693370684981346
1696964985680092200,7.314092041015625,-0.1300915777683258,-0.02663082629442215,-0.011584409512579441
1696964985690106400,7.3241064453125,-0.1194392517209053,-0.07030537724494934,0.03209014609456062
1696964985700120600,7.33412060546875,-0.1311568170785904,0.0021304660476744175,-0.06591129302978516
1696964985710134800,7.344134765625,-0.12689588963985443,-0.05645735189318657,0.04274247586727142
1696964985720149000,7.35414892578125,-0.11730878800153732,-0.05219641700387001,-0.007323476951569319
1696964985730163200,7.3641630859375,-0.12796111404895782,0.0053261648863554,-0.042476166039705276
1696964985740177400,7.374177490234375,-0.12476541846990585,-0.07350108027458191,0.04913387447595596
1696964985750191600,7.384191650390625,-0.11837401986122131,-0.00852186419069767,-0.029693370684981346
1696964985760205800,7.394205810546875,-0.12583065032958984,-0.03728315606713295,0.016111649572849274
1696964985770220000,7.404219970703125,-0.1194392517209053,-0.04367455467581749,0.012915950268507004
1696964985780234200,7.414234130859375,-0.11411308497190475,-0.02236989326775074,0.018242115154862404
1696964985790248400,7.42424853515625,-0.12583065032958984,-0.02663082629442215,0.00226362026296556
1696964985800263000,7.434262939453125,-0.11624355614185333,-0.01917419396340847,0.019307348877191544
1696964985810277000,7.444277099609375,-0.11304785311222076,-0.04047885537147522,0.04274247586727142
1696964985820291300,7.454291259765625,-0.12263495475053787,0.00852186419069767,-0.009453942999243736
1696964985830305500,7.464305419921875,-0.10985215753316879,-0.05219641700387001,0.058720968663692474
1696964985840319700,7.47431982421875,-0.11091738939285278,0,0.013981183059513569
1696964985850334000,7.484333984375,-0.11837401986122131,-0.03408745676279068,0.015046416781842709
1696964985860348200,7.49434814453125,-0.10772168636322021,-0.012782796286046505,0.034220609813928604
1696964985870362400,7.5043623046875,-0.11091738939285278,-0.02982652559876442,0.03528584539890289
1696964985880376600,7.51437646484375,-0.11517832428216934,-0.012782796286046505,-0.013714875094592571
1696964985890390800,7.524390869140625,-0.10346075892448425,-0.03621792420744896,0.061916667968034744
1696964985900405000,7.534405029296875,-0.1087869256734848,-0.03834838792681694,-0.0030625448562204838
1696964985910419200,7.544419189453125,-0.11411308497190475,0.0010652330238372087,-0.011584409512579441
1696964985920433400,7.554433349609375,-0.10346075892448425,-0.0639139786362648,0.06511236727237701
1696964985930447600,7.564447509765625,-0.11091738939285278,-0.01171756349503994,-0.040345702320337296
1696964985940461800,7.5744619140625,-0.11091738939285278,-0.04473978653550148,0.027829213067889214
1696964985950476000,7.58447607421875,-0.10346075892448425,-0.03834838792681694,0.028894444927573204
1696964985960490200,7.594490234375,-0.10772168636322021,-0.02023942768573761,-0.024367205798625946
1696964985970504400,7.60450439453125,-0.10985215753316879,-0.02982652559876442,0.020372580736875534
1696964985980518700,7.6145185546875,-0.10346075892448425,-0.02769605815410614,0.028894444927573204
1696964985990532900,7.624532958984375,-0.1087869256734848,-0.0063913981430232525,-0.005193010903894901
1696964986000547000,7.634547119140625,-0.11091738939285278,-0.01704372838139534,0.012915950268507004
1696964986010561300,7.644561279296875,-0.10239552706480026,-0.02769605815410614,0.06937330216169357
1696964986020575700,7.65457568359375,-0.11198262125253677,0.02876129187643528,-0.033954303711652756
1696964986030590000,7.66458984375,-0.1087869256734848,-0.02769605815410614,0.05232957378029823
1696964986040604200,7.674604248046875,-0.0991998240351677,-0.009587096981704235,0.04913387447595596
1696964986050618400,7.684618408203125,-0.11091738939285278,0.0053261648863554,-0.015845341607928276
1696964986060632800,7.6946328125,-0.10346075892448425,-0.0319569893181324,0.06937330216169357
1696964986070647000,7.70464697265625,-0.0991998240351677,-0.007456631399691105,0.023568280041217804
1696964986080661200,7.7146611328125,-0.10559122264385223,-0.01810896210372448,0.009720250964164734
1696964986090675500,7.724675537109375,-0.10133028775453568,-0.01384802907705307,0.036351077258586884
1696964986100690000,7.73468994140625,-0.09387365728616714,-0.03834838792681694,0.057655736804008484
1696964986110704000,7.7447041015625,-0.10559122264385223,0.0159784946590662,-0.038215234875679016
1696964986120718300,7.75471826171875,-0.09493889659643173,-0.04793548583984375,0.08854749798774719
1696964986130732500,7.764732666015625,-0.0991998240351677,0.01171756349503994,-0.016910573467612267
1696964986140747000,7.7747470703125,-0.10452599078416824,-0.004260932095348835,0.016111649572849274
1696964986150761200,7.78476123046875,-0.09493889659643173,-0.0021304660476744175,0.040612008422613144
1696964986160775400,7.794775390625,-0.10133028775453568,0.00852186419069767,-0.011584409512579441
1696964986170789600,7.80478955078125,-0.10452599078416824,0.03728315606713295,0.015046416781842709
1696964986180804000,7.81480419921875,-0.0981345921754837,0.004260932095348835,0.03209014609456062
1696964986190818300,7.824818359375,-0.10133028775453568,0.02023942768573761,-0.016910573467612267
1696964986200832500,7.83483251953125,-0.10133028775453568,0.02876129187643528,0.015046416781842709
1696964986210846700,7.8448466796875,-0.0981345921754837,0.007456631399691105,0.009720250964164734
1696964986220861200,7.854861083984375,-0.0991998240351677,0.01810896210372448,-0.001997311832383275
1696964986230875400,7.86487548828125,-0.09706936031579971,0.009587096981704235,0.010785484686493874
1696964986240889600,7.8748896484375,-0.09280842542648315,-0.0063913981430232525,0.018242115154862404
1696964986250903800,7.88490380859375,-0.0981345921754837,0.0063913981430232525,-0.014780107885599136
1696964986260918300,7.894918212890625,-0.09067796170711517,0.004260932095348835,0.016111649572849274
1696964986270932500,7.904932373046875,-0.09280842542648315,-0.00852186419069767,0.024633513763546944
1696964986280946700,7.91494677734375,-0.09387365728616714,-0.0031956990715116262,-0.025432437658309937
1696964986290961000,7.9249609375,-0.08535179495811462,-0.01171756349503994,0.06511236727237701
1696964986300975400,7.934975341796875,-0.09174319356679916,0.007456631399691105,-0.009453942999243736
1696964986310989600,7.944989501953125,-0.08641702681779861,-0.01491326279938221,0.0033288532868027687
1696964986321003800,7.955003662109375,-0.08428656309843063,0.0063913981430232525,0.054460037499666214
1696964986331018000,7.96501806640625,-0.08961272984743118,0.02023942768573761,-0.040345702320337296
1696964986341032400,7.975032470703125,-0.0778951644897461,-0.03302222490310669,0.06298190355300903
1696964986351046700,7.985046630859375,-0.08215609937906265,0.03941362351179123,-0.004127778112888336
1696964986361060900,7.995060791015625,-0.08428656309843063,-0.02663082629442215,0.00226362026296556
1696964986371075000,8.005074951171874,-0.07469946891069412,0.02450035884976387,0.027829213067889214
1696964986381089300,8.01508935546875,-0.08215609937906265,0.01491326279938221,-0.013714875094592571
1696964986391103700,8.025103759765624,-0.07363422960042953,-0.01704372838139534,0.022503048181533813
1696964986401118000,8.035117919921875,-0.07150376588106155,0.0213046595454216,0.006524552125483751
1696964986411132200,8.045132080078124,-0.07256899774074554,-0.0053261648863554,0.00226362026296556
1696964986421146400,8.055146484375,-0.06511236727237701,0.004260932095348835,0.022503048181533813
1696964986431160800,8.065160888671874,-0.07150376588106155,0.02450035884976387,-0.014780107885599136
1696964986441175000,8.075175048828125,-0.06937330216169357,0.0010652330238372087,0.005459319334477186
1696964986451189200,8.085189208984374,-0.0555252730846405,-0.02450035884976387,0.033155377954244614
1696964986461203500,8.095203369140625,-0.06511236727237701,0.02450035884976387,-0.041410934180021286
1696964986471218000,8.105218017578125,-0.058720968663692474,-0.02876129187643528,0.03954677656292915
1696964986481232100,8.115232177734375,-0.05232957378029823,-0.0213046595454216,-0.007323476951569319
1696964986491246300,8.125246337890625,-0.05978620424866676,-0.009587096981704235,-0.028628136962652206
1696964986501260500,8.135260498046875,-0.048068638890981674,-0.06284874677658081,0.06404713541269302
1696964986511275000,8.14527490234375,-0.05232957378029823,-0.0053261648863554,-0.048867564648389816
1696964986521289200,8.155289306640626,-0.054460037499666214,-0.05219641700387001,0.009720250964164734
1696964986531303400,8.165303466796875,-0.04913387447595596,-0.03515268862247467,0.025698747485876083
1696964986541317600,8.175317626953126,-0.053394805639982224,-0.01704372838139534,-0.05312849581241608
1696964986551332000,8.18533203125,-0.04913387447595596,-0.03834838792681694,0.053394805639982224
1696964986561346300,8.19534619140625,-0.048068638890981674,-0.02450035884976387,-0.019041040912270546
1696964986571360500,8.205360595703125,-0.051264338195323944,-0.0021304660476744175,-0.030758604407310486
1696964986581374700,8.215374755859376,-0.047003407031297684,-0.03302222490310669,0.017176883295178413
1696964986591389000,8.225388916015625,-0.047003407031297684,0.01384802907705307,-0.024367205798625946
1696964986601403100,8.235403076171876,-0.048068638890981674,-0.0213046595454216,-0.016910573467612267
1696964986611417600,8.24541748046875,-0.041677240282297134,0.01171756349503994,0.007589785382151604
1696964986621431800,8.255431884765626,-0.043807707726955414,-0.0063913981430232525,-0.025432437658309937
1696964986631446000,8.265446044921875,-0.040612008422613144,0,-0.027562905102968216
1696964986641460200,8.275460205078126,-0.033155377954244614,-0.01384802907705307,0.0001331541279796511
1696964986651474400,8.285474365234375,-0.03954677656292915,0.0031956990715116262,-0.04993279650807381
1696964986661488600,8.295488525390626,-0.029959678649902344,-0.02769605815410614,0.006524552125483751
1696964986671502800,8.3055029296875,-0.026763979345560074,-0.007456631399691105,-0.021171506494283676
1696964986681517000,8.31551708984375,-0.03209014609456062,0.0031956990715116262,-0.03608476743102074
1696964986691531300,8.32553125,-0.024633513763546944,-0.02769605815410614,0.00226362026296556
1696964986701545500,8.33554541015625,-0.020372580736875534,0.0031956990715116262,-0.005193010903894901
1696964986711560400,8.345560546875,-0.029959678649902344,0.009587096981704235,-0.040345702320337296
1696964986721574100,8.35557421875,-0.020372580736875534,-0.02556559257209301,0.019307348877191544
1696964986731587800,8.365587890625,-0.017176883295178413,-0.0106523297727108,0.016111649572849274
1696964986741601500,8.3756015625,-0.031024912372231483,0.02556559257209301,-0.06697652488946915
1696964986751615500,8.385615478515625,-0.017176883295178413,-0.03621792420744896,0.06511236727237701
1696964986761629200,8.395629150390626,-0.019307348877191544,0.0053261648863554,-0.021171506494283676
1696964986771643100,8.40564306640625,-0.031024912372231483,-0.0031956990715116262,-0.027562905102968216
1696964986781657000,8.415656982421876,-0.013981183059513569,-0.02769605815410614,0.07150376588106155
1696964986791671000,8.425671142578125,-0.021437814459204674,-0.004260932095348835,-0.038215234875679016
1696964986801685200,8.435685302734376,-0.028894444927573204,-0.0010652330238372087,0.007589785382151604
1696964986811699500,8.445699462890625,-0.016111649572849274,-0.02663082629442215,0.06298190355300903
1696964986821714000,8.4557138671875,-0.023568280041217804,0.012782796286046505,-0.031823836266994476
1696964986831728400,8.465728271484375,-0.027829213067889214,0.0053261648863554,0.028894444927573204
1696964986841742800,8.475742919921874,-0.016111649572849274,0,0.040612008422613144
1696964986851757600,8.485757568359375,-0.025698747485876083,0.02450035884976387,-0.025432437658309937
1696964986861772000,8.49577197265625,-0.024633513763546944,0.012782796286046505,0.021437814459204674
1696964986871786800,8.505786865234375,-0.017176883295178413,0.0053261648863554,0.027829213067889214
1696964986881801500,8.515801513671875,-0.020372580736875534,0.01491326279938221,-0.03608476743102074
1696964986891816000,8.52581591796875,-0.015046416781842709,-0.01704372838139534,0.022503048181533813
1696964986901830700,8.53583056640625,-0.009720250964164734,-0.02876129187643528,-0.0009320789249613881
1696964986911844900,8.545844970703126,-0.013981183059513569,0.009587096981704235,-0.042476166039705276
1696964986921859000,8.555859130859375,-0.007589785382151604,-0.07137060910463333,0.023568280041217804
1696964986931873500,8.56587353515625,-0.0001331541279796511,-0.03515268862247467,-0.023301972076296806
1696964986941887700,8.5758876953125,-0.005459319334477186,-0.03834838792681694,-0.007323476951569319
1696964986951902000,8.58590185546875,-0.0011983871227130294,-0.0532616525888443,-0.019041040912270546
1696964986961916700,8.595916748046875,0.009453942999243736,-0.06497921794652939,0.037416309118270874
1696964986971930400,8.605930419921876,-0.0011983871227130294,-0.02023942768573761,-0.04673709720373154
1696964986981944000,8.615944091796875,0.001997311832383275,-0.06178351491689682,0.031024912372231483
1696964986991958000,8.6259580078125,0.009453942999243736,-0.02876129187643528,0.025698747485876083
1696964987001971700,8.6359716796875,0.0009320789249613881,-0.03089175745844841,-0.014780107885599136
1696964987011985700,8.645985595703126,0.008388710208237171,-0.03302222490310669,0.04913387447595596
1696964987021999400,8.655999267578125,0.012649642303586006,-0.04900071769952774,0.047003407031297684
1696964987032013300,8.666013427734375,0.004127778112888336,-0.0010652330238372087,-0.023301972076296806
1696964987042027500,8.676027587890625,0.015845341607928276,-0.05539211630821228,0.08854749798774719
1696964987052041700,8.686041748046875,0.013714875094592571,-0.01917419396340847,0.012915950268507004
1696964987062056000,8.696055908203125,0.012649642303586006,-0.02450035884976387,0.024633513763546944
1696964987072070400,8.7060703125,0.023301972076296806,-0.05858781561255455,0.06404713541269302
1696964987082084600,8.716084716796875,0.020106272771954536,-0.0021304660476744175,0.00226362026296556
1696964987092099000,8.72609912109375,0.017975807189941406,-0.04580501839518547,0.0555252730846405
1696964987102113800,8.73611376953125,0.025432437658309937,-0.02343512699007988,0.010785484686493874
1696964987112128300,8.746128173828126,0.025432437658309937,-0.02663082629442215,0.06404713541269302
1696964987122143000,8.75614306640625,0.021171506494283676,-0.03089175745844841,-0.005193010903894901
1696964987132157400,8.766157470703124,0.027562905102968216,-0.00852186419069767,0.04593817517161369
1696964987142172200,8.776172119140625,0.026497671380639076,-0.04047885537147522,0.053394805639982224
1696964987152186600,8.7861865234375,0.017975807189941406,0.01491326279938221,-0.037150003015995026
1696964987162201000,8.796201171875,0.029693370684981346,-0.03302222490310669,0.0981345921754837
1696964987172215300,8.80621533203125,0.024367205798625946,-0.00852186419069767,-0.017975807189941406
1696964987182229500,8.8162294921875,0.024367205798625946,-0.0010652330238372087,0.029959678649902344
1696964987192243700,8.82624365234375,0.03288906812667847,-0.03408745676279068,0.05978620424866676
1696964987202258000,8.8362578125,0.026497671380639076,0.01810896210372448,-0.035019535571336746
1696964987212272000,8.846272216796875,0.029693370684981346,-0.02023942768573761,0.067242830991745
1696964987222286300,8.856286376953125,0.033954303711652756,0.01491326279938221,0.010785484686493874
1696964987232300500,8.866300537109375,0.028628136962652206,0.0106523297727108,0.005459319334477186
1696964987242314800,8.876314697265625,0.03288906812667847,0.0010652330238372087,0.026763979345560074
1696964987252329000,8.886328857421875,0.037150003015995026,0.02982652559876442,0.023568280041217804
1696964987262343200,8.89634326171875,0.031823836266994476,0.02769605815410614,0.0033288532868027687
1696964987272357400,8.906357421875,0.03608476743102074,0.02982652559876442,0.023568280041217804
1696964987282371600,8.91637158203125,0.040345702320337296,0.02982652559876442,0.026763979345560074
1696964987292385800,8.9263857421875,0.035019535571336746,0.04580501839518547,0.011850717477500439
1696964987302400000,8.93639990234375,0.035019535571336746,0.02982652559876442,0.015046416781842709
1696964987312414200,8.946414306640625,0.044606633484363556,0.02769605815410614,0.05659050494432449
1696964987322428400,8.956428466796876,0.037150003015995026,0.03728315606713295,0.008655018173158169
1696964987332442600,8.966442626953125,0.037150003015995026,0.02876129187643528,0.017176883295178413
1696964987342456800,8.976456787109376,0.047802332788705826,0,0.0874822586774826
1696964987352471300,8.98647119140625,0.03928046673536301,0.0319569893181324,-0.025432437658309937
1696964987362485500,8.996485595703126,0.044606633484363556,0.0031956990715116262,0.07896039634943008
1696964987372499700,9.006499755859375,0.047802332788705826,0.004260932095348835,0.05232957378029823
1696964987382514000,9.016513916015626,0.03928046673536301,0.03621792420744896,-0.006258244160562754
1696964987392528100,9.026528076171875,0.043541401624679565,0,0.08002562820911407
1696964987402542300,9.036542236328126,0.044606633484363556,0.01704372838139534,0.03954677656292915
1696964987412556500,9.046556640625,0.038215234875679016,0.0213046595454216,0.023568280041217804
1696964987422570800,9.05657080078125,0.041410934180021286,-0.0010652330238372087,0.05978620424866676
1696964987432585000,9.0665849609375,0.044606633484363556,0.02663082629442215,0.04274247586727142
1696964987442599200,9.07659912109375,0.035019535571336746,0.0106523297727108,0.015046416781842709
1696964987452613400,9.08661328125,0.040345702320337296,0.01810896210372448,0.04913387447595596
1696964987462627600,9.096627685546874,0.041410934180021286,-0.0063913981430232525,0.04913387447595596
1696964987472641800,9.106641845703125,0.033954303711652756,0.04154408723115921,-0.024367205798625946
1696964987482656000,9.116656005859374,0.042476166039705276,-0.01917419396340847,0.0874822586774826
1696964987492670200,9.126670166015625,0.040345702320337296,0.009587096981704235,-0.022236740216612816
1696964987502684400,9.136684326171874,0.037150003015995026,0.01704372838139534,0.004394086077809334
1696964987512698600,9.14669873046875,0.044606633484363556,-0.01917419396340847,0.04593817517161369
1696964987522712800,9.156712890625,0.040345702320337296,0.01810896210372448,-0.024367205798625946
1696964987532727000,9.16672705078125,0.040345702320337296,0.004260932095348835,0.03528584539890289
1696964987542741200,9.1767412109375,0.042476166039705276,0.0010652330238372087,-0.014780107885599136
1696964987552755500,9.18675537109375,0.04673709720373154,0.007456631399691105,0.020372580736875534
1696964987562769700,9.196769775390624,0.042476166039705276,0.0106523297727108,0.004394086077809334
1696964987572783900,9.206783935546875,0.044606633484363556,0.009587096981704235,-0.010519175790250301
1696964987582798000,9.216798095703124,0.044606633484363556,0.009587096981704235,0.029959678649902344
1696964987592812500,9.2268125,0.040345702320337296,0.03302222490310669,-0.038215234875679016
1696964987602826800,9.23682666015625,0.047802332788705826,0.0010652330238372087,0.051264338195323944
1696964987612841000,9.246841064453125,0.044606633484363556,0.03834838792681694,-0.033954303711652756
1696964987622855200,9.256855224609374,0.03928046673536301,0.05432688444852829,-0.010519175790250301
1696964987632869400,9.266869384765625,0.04673709720373154,0.02982652559876442,0.022503048181533813
1696964987642883600,9.276883544921875,0.042476166039705276,0.07243584841489792,-0.033954303711652756
1696964987652897800,9.286897705078125,0.037150003015995026,0.06710968166589737,-0.007323476951569319
1696964987662912000,9.296912109375,0.043541401624679565,0.07776200771331787,-0.008388710208237171
1696964987672926200,9.30692626953125,0.043541401624679565,0.07030537724494934,-0.013714875094592571
1696964987682940400,9.3169404296875,0.037150003015995026,0.09480573982000351,-0.054193731397390366
1696964987692954600,9.32695458984375,0.042476166039705276,0.06071828305721283,0.012915950268507004
1696964987702968800,9.33696875,0.042476166039705276,0.07669677585363388,-0.03928046673536301
1696964987712983800,9.34698388671875,0.042476166039705276,0.03941362351179123,-0.026497671380639076
1696964987722998300,9.356998291015625,0.048867564648389816,0.0031956990715116262,0.005459319334477186
1696964987733012500,9.367012451171876,0.048867564648389816,0.02450035884976387,-0.027562905102968216
1696964987743026700,9.377026611328125,0.038215234875679016,-0.03621792420744896,-0.043541401624679565
1696964987753041000,9.387041015625,0.044606633484363556,-0.01491326279938221,0.031024912372231483
1696964987763055000,9.39705517578125,0.029693370684981346,-0.02343512699007988,-0.020106272771954536
1696964987773069300,9.4070693359375,0.025432437658309937,-0.01810896210372448,-0.028628136962652206
1696964987783083500,9.41708349609375,0.043541401624679565,-0.04687025398015976,0.06830807030200958
1696964987793097700,9.42709765625,0.03608476743102074,-0.0213046595454216,-0.017975807189941406
1696964987803112000,9.43711181640625,0.033954303711652756,0.01171756349503994,-0.045671865344047546
1696964987813126100,9.447126220703124,0.05312849581241608,-0.02663082629442215,0.07256899774074554
1696964987823140400,9.457140380859375,0.043541401624679565,0.0053261648863554,-0.11917294561862946
1696964987833154600,9.467154541015624,0.024367205798625946,-0.02023942768573761,0.1194392517209053
1696964987843168800,9.477168701171875,0.033954303711652756,-0.0053261648863554,-0.07975932210683823
1696964987853183000,9.487182861328124,0.038215234875679016,-0.05752258375287056,0.007589785382151604
1696964987863197400,9.497197509765625,0.030758604407310486,-0.03834838792681694,0.020372580736875534
1696964987873211600,9.507211669921874,0.035019535571336746,-0.0010652330238372087,-0.09999874979257584
1696964987883225900,9.517225830078125,0.059519894421100616,-0.16298064589500427,0.053394805639982224
1696964987893240000,9.527239990234374,0.041410934180021286,0.04687025398015976,-0.09680305421352386
1696964987903254300,9.537254150390625,0.011584409512579441,-0.07350108027458191,-0.03608476743102074
1696964987913268500,9.5472685546875,0.08508548885583878,-0.01384802907705307,-0.001997311832383275
1696964987923282700,9.55728271484375,0.14154283702373505,0.0639139786362648,-0.21823962032794952
1696964987933297000,9.567296875,0.09467258304357529,0.03621792420744896,0.0001331541279796511
1696964987943311000,9.57731103515625,0.023301972076296806,0.0958709716796875,-0.09680305421352386
1696964987953325300,9.5873251953125,0.043541401624679565,0.02236989326775074,-0.07762885838747025
1696964987963339500,9.597339599609375,0.06271559745073318,0.02556559257209301,-0.026497671380639076
1696964987973353700,9.607353759765624,0.04673709720373154,0.02663082629442215,-0.12769481539726257
1696964987983368000,9.617367919921875,0.05632419511675835,0.01491326279938221,-0.09999874979257584
1696964987993382100,9.627382080078124,0.07656362652778625,-0.0426093190908432,-0.038215234875679016
1696964988003396400,9.637396240234375,0.06484606117010117,-0.04687025398015976,-0.0829550251364708
1696964988013410600,9.64741064453125,0.037150003015995026,-0.00852186419069767,-0.050998032093048096
1696964988023424800,9.6574248046875,0.05632419511675835,-0.09161003679037094,-0.052063263952732086
1696964988033439000,9.66743896484375,0.050998032093048096,-0.06178351491689682,-0.11917294561862946
1696964988043453200,9.677453125,0.050998032093048096,-0.05645735189318657,-0.031823836266994476
1696964988053467400,9.68746728515625,0.05632419511675835,-0.05539211630821228,-0.05312849581241608
1696964988063481600,9.697481689453125,0.04993279650807381,-0.03408745676279068,-0.04673709720373154
1696964988073495800,9.707495849609375,0.045671865344047546,-0.01810896210372448,-0.027562905102968216
1696964988083510000,9.717510009765626,0.043541401624679565,-0.00852186419069767,-0.050998032093048096
1696964988093524200,9.727524169921875,0.038215234875679016,0.03941362351179123,0.00226362026296556
1696964988103538700,9.73753857421875,0.038215234875679016,-0.0213046595454216,0.011850717477500439
1696964988113553000,9.747552978515625,0.037150003015995026,-0.009587096981704235,-0.028628136962652206
1696964988123567000,9.757567138671876,0.031823836266994476,0.01810896210372448,-0.019041040912270546
1696964988133581300,9.767581298828125,0.023301972076296806,-0.02343512699007988,-0.004127778112888336
1696964988143595500,9.777595458984376,0.045671865344047546,-0.08415340632200241,-0.001997311832383275
1696964988153609700,9.787609619140625,0.047802332788705826,-0.05645735189318657,-0.016910573467612267
1696964988163624000,9.7976240234375,0.044606633484363556,-0.12250179797410965,-0.005193010903894901
1696964988173638100,9.80763818359375,0.04673709720373154,-0.04047885537147522,-0.06378082931041718
1696964988183652400,9.81765234375,0.05632419511675835,-0.09906667470932007,0.026763979345560074
1696964988193666600,9.82766650390625,0.05312849581241608,-0.07989247888326645,-0.037150003015995026
1696964988203680800,9.8376806640625,0.05632419511675835,-0.04793548583984375,-0.012649642303586006
1696964988213695000,9.847695068359375,0.061650361865758896,-0.05219641700387001,-0.001997311832383275
1696964988223709200,9.857709228515626,0.058454662561416626,-0.02236989326775074,-0.011584409512579441
1696964988233723400,9.867723388671875,0.059519894421100616,-0.03728315606713295,0.0001331541279796511
1696964988243737600,9.877737548828126,0.06591129302978516,-0.0106523297727108,-0.005193010903894901
1696964988253751800,9.887751708984375,0.06271559745073318,0.0021304660476744175,0.009720250964164734
1696964988263766000,9.89776611328125,0.061650361865758896,-0.009587096981704235,0.0033288532868027687
1696964988273780200,9.9077802734375,0.06804175674915314,0,0.022503048181533813
1696964988283794400,9.91779443359375,0.06804175674915314,-0.0159784946590662,0.005459319334477186
1696964988293808600,9.92780859375,0.06697652488946915,0.007456631399691105,-0.023301972076296806
1696964988303822800,9.93782275390625,0.07762885838747025,-0.03089175745844841,0.06298190355300903
1696964988313837000,9.947837158203125,0.06910699605941772,0.009587096981704235,-0.052063263952732086
1696964988323851300,9.957851318359374,0.0723026916384697,-0.01917419396340847,0.022503048181533813
1696964988333865700,9.96786572265625,0.07549838721752167,0.0053261648863554,-0.0030625448562204838
1696964988343880000,9.9778798828125,0.07549838721752167,0,-0.019041040912270546
1696964988353894100,9.98789404296875,0.0712374597787857,0.02450035884976387,-0.023301972076296806
1696964988363908400,9.997908447265624,0.07549838721752167,0.02876129187643528,-0.016910573467612267
1696964988373922600,10.007922607421875,0.0712374597787857,0.03621792420744896,-0.037150003015995026
1696964988383936800,10.017936767578124,0.06697652488946915,0.06604444980621338,-0.059519894421100616
1696964988393951000,10.027950927734375,0.06591129302978516,0.11930610239505768,-0.014780107885599136
1696964988403965200,10.037965087890624,0.060585130006074905,0.03408745676279068,0.008655018173158169
1696964988413979400,10.0479794921875,0.06910699605941772,0.05432688444852829,-0.12449911236763
1696964988423993600,10.05799365234375,0.06271559745073318,0.08308817446231842,0.060851436108350754
1696964988434007800,10.0680078125,0.054193731397390366,0.02236989326775074,-0.10106398165225983
1696964988444022000,10.07802197265625,0.05312849581241608,-0.007456631399691105,0.025698747485876083
1696964988454036200,10.0880361328125,0.0030625448562204838,0.08308817446231842,-0.04993279650807381
1696964988464050400,10.098050537109375,0.042476166039705276,-0.0532616525888443,0.07363422960042953
1696964988474064600,10.108064697265625,0.033954303711652756,0.01810896210372448,-0.07975932210683823
1696964988484078800,10.118078857421875,0.040345702320337296,-0.06178351491689682,0.08428656309843063
1696964988494093000,10.128093017578125,0.059519894421100616,0.007456631399691105,0.004394086077809334
1696964988504107300,10.138107177734375,0.04993279650807381,-0.02982652559876442,-0.013714875094592571
1696964988514121500,10.14812158203125,0.054193731397390366,-0.01491326279938221,0.06298190355300903
1696964988524135700,10.1581357421875,0.09999874979257584,0.0958709716796875,-0.030758604407310486
1696964988534150000,10.16814990234375,0.035019535571336746,0.04367455467581749,0.11198262125253677
1696964988544164000,10.1781640625,0.03928046673536301,0.05113118514418602,0.0033288532868027687
1696964988554178300,10.18817822265625,0.042476166039705276,0.11078423261642456,0.012915950268507004
1696964988564192500,10.198192626953125,0.054193731397390366,0.02663082629442215,0.12476541846990585
1696964988574207000,10.20820703125,0.054193731397390366,0.10758853703737259,-0.026497671380639076
1696964988584221200,10.21822119140625,0.06378082931041718,0.07030537724494934,0.12796111404895782
1696964988594235400,10.2282353515625,0.052063263952732086,0.06497921794652939,0.010785484686493874
1696964988604249600,10.23824951171875,0.052063263952732086,0.11397993564605713,0.061916667968034744
1696964988614263800,10.248263916015626,0.061650361865758896,0.09161003679037094,0.08002562820911407
1696964988624278000,10.258278076171875,0.04993279650807381,0.12995843589305878,-0.019041040912270546
1696964988634292200,10.268292236328126,0.10852061212062836,0.15232832729816437,0.08854749798774719
1696964988644306400,10.278306396484375,0.10106398165225983,0.15552401542663574,-0.06271559745073318
1696964988654320600,10.288320556640626,0.059519894421100616,0.1608501821756363,0.060851436108350754
1696964988664334800,10.2983349609375,0.03288906812667847,0.17469821870326996,-0.09147688746452332
1696964988674349000,10.30834912109375,0.041410934180021286,0.2034595012664795,-0.042476166039705276
1696964988684363300,10.31836328125,0.044606633484363556,0.22689463198184967,-0.009453942999243736
1696964988694377500,10.32837744140625,0.07017222791910172,0.1288931965827942,-0.05312849581241608
1696964988704391700,10.3383916015625,0.07017222791910172,0.1501978635787964,-0.06804175674915314
1696964988714406000,10.348406005859376,0.08828118443489075,0.1597849577665329,-0.08082455396652222
1696964988724420000,10.358420166015625,0.041410934180021286,0.16830681264400482,-0.08402025699615479
1696964988734434300,10.368434326171876,0.054193731397390366,0.20452474057674408,-0.027562905102968216
1696964988744448500,10.378448486328125,0.054193731397390366,0.09906667470932007,-0.044606633484363556
1696964988754462700,10.388462646484374,0.052063263952732086,0.14274121820926666,-0.010519175790250301
1696964988764477000,10.398476806640625,0.014780107885599136,0.12463226169347763,-0.0712374597787857
1696964988774491100,10.4084912109375,-0.025698747485876083,0.06817491352558136,-0.05312849581241608
1696964988784505300,10.41850537109375,-0.06404713541269302,0.0010652330238372087,-0.017975807189941406
1696964988794519600,10.42851953125,-0.006524552125483751,0.06071828305721283,-0.11704248189926147
1696964988804533800,10.43853369140625,0.025432437658309937,-0.04580501839518547,0.012915950268507004
1696964988814548200,10.44854833984375,-0.010785484686493874,0.009587096981704235,-0.0829550251364708
1696964988824562400,10.4585625,0.052063263952732086,-0.0213046595454216,-0.041410934180021286
1696964988834576600,10.46857666015625,0.059519894421100616,0.0063913981430232525,0.017176883295178413
1696964988844590800,10.4785908203125,0.058454662561416626,0.07669677585363388,-0.050998032093048096
1696964988854605000,10.48860498046875,0.061650361865758896,0.01491326279938221,0.07256899774074554
1696964988864619300,10.498619384765625,0.06271559745073318,0.10439283400774002,0.061916667968034744
1696964988874633500,10.508633544921874,0.055258963257074356,0.06710968166589737,0.06404713541269302
1696964988884647700,10.518647705078125,0.019041040912270546,0.03941362351179123,0.047003407031297684
1696964988894662000,10.528661865234374,-0.11091738939285278,-0.06284874677658081,0.11517832428216934
1696964988904676000,10.538676025390625,-0.3015941083431244,-0.05645735189318657,-0.008388710208237171
1696964988914690300,10.548690185546874,-0.35698622465133667,-0.09161003679037094,0.043807707726955414
1696964988924704500,10.55870458984375,-0.34100770950317383,-0.08095771074295044,0.023568280041217804
1696964988934718700,10.56871875,-0.19294032454490662,-0.12143656611442566,0.027829213067889214
1696964988944733000,10.57873291015625,-0.04274247586727142,-0.09374050796031952,-0.007323476951569319
1696964988954747100,10.5887470703125,0.10958584398031235,-0.14380645751953125,0.005459319334477186
1696964988964761300,10.59876123046875,0.1031944528222084,-0.08095771074295044,0.008655018173158169
1696964988974775600,10.608775634765625,0.0936073511838913,-0.03089175745844841,-0.041410934180021286
1696964988984789800,10.618789794921875,0.10852061212062836,-0.1693720519542694,0.04274247586727142
1696964988994804000,10.628803955078125,0.10532491654157639,-0.04154408723115921,-0.048867564648389816
1696964989004818200,10.638818115234375,0.10639014840126038,-0.1587197184562683,0.033155377954244614
1696964989014832400,10.648832275390625,0.09999874979257584,-0.04900071769952774,-0.030758604407310486
1696964989024846600,10.6588466796875,0.09999874979257584,-0.13315412402153015,0.027829213067889214
1696964989034860800,10.66886083984375,0.09893351793289185,-0.0319569893181324,-0.05312849581241608
1696964989044875000,10.678875,0.0936073511838913,-0.06817491352558136,0.020372580736875534
1696964989054889500,10.688889404296875,0.09041165560483932,-0.09800143539905548,-0.045671865344047546
1696964989064903700,10.698903564453126,0.08508548885583878,0.009587096981704235,-0.023301972076296806
1696964989074918000,10.70891796875,0.08402025699615479,-0.10865376889705658,-0.007323476951569319
1696964989084932000,10.71893212890625,0.08508548885583878,-0.02982652559876442,-0.038215234875679016
1696964989094946300,10.7289462890625,0.07656362652778625,-0.15658925473690033,-0.026497671380639076
1696964989104960500,10.73896044921875,0.07017222791910172,0,-0.06378082931041718
1696964989114974700,10.748974609375,0.07869409024715424,-0.2013290375471115,0.03848154470324516
1696964989124989000,10.758989013671876,0.061650361865758896,-0.0639139786362648,-0.09041165560483932
1696964989135003100,10.769003173828125,0.05632419511675835,-0.15658925473690033,0.011850717477500439
1696964989145017300,10.779017333984376,0.059519894421100616,-0.12250179797410965,-0.027562905102968216
1696964989155031600,10.789031494140625,0.052063263952732086,-0.08415340632200241,-0.025432437658309937
1696964989165045800,10.799045654296876,0.03608476743102074,-0.10226237028837204,-0.025432437658309937
1696964989175060000,10.80906005859375,0.03608476743102074,-0.05539211630821228,-0.021171506494283676
1696964989185074200,10.81907421875,0.038215234875679016,-0.10013190656900406,-0.021171506494283676
1696964989195088400,10.82908837890625,0.021171506494283676,0.01491326279938221,-0.06378082931041718
1696964989205102600,10.8391025390625,0.031823836266994476,-0.08415340632200241,0.029959678649902344
1696964989215116800,10.84911669921875,0.025432437658309937,-0.03408745676279068,-0.0723026916384697
1696964989225131000,10.859131103515624,0.029693370684981346,0.02876129187643528,-0.054193731397390366
1696964989235145200,10.869145263671875,0.038215234875679016,-0.04580501839518547,-0.005193010903894901
1696964989245159400,10.879159423828124,0.047802332788705826,-0.0010652330238372087,-0.06271559745073318
1696964989255173600,10.889173583984375,0.04993279650807381,-0.0213046595454216,-0.037150003015995026
1696964989265187800,10.899187744140624,0.06378082931041718,-0.05432688444852829,-0.031823836266994476
1696964989275202000,10.9092021484375,0.0723026916384697,0.004260932095348835,-0.061650361865758896
1696964989285216300,10.91921630859375,0.07443315535783768,-0.0426093190908432,-0.035019535571336746
1696964989295230700,10.929230712890625,0.08402025699615479,-0.0213046595454216,-0.029693370684981346
1696964989305245000,10.939244873046874,0.09467258304357529,-0.03941362351179123,-0.025432437658309937
1696964989315259100,10.949259033203125,0.09147688746452332,0.04900071769952774,-0.024367205798625946
1696964989325273300,10.9592734375,0.10212921351194382,-0.0532616525888443,0.016111649572849274
1696964989335287600,10.96928759765625,0.10212921351194382,0.05752258375287056,-0.007323476951569319
1696964989345301800,10.9793017578125,0.0936073511838913,0.0213046595454216,0.010785484686493874
1696964989355316000,10.98931591796875,0.09893351793289185,0.07563154399394989,0.005459319334477186
1696964989365330200,10.999330078125,0.09893351793289185,0.01384802907705307,0.058720968663692474
1696964989375344400,11.009344482421875,0.08402025699615479,0.10226237028837204,-0.015845341607928276
1696964989385358600,11.019358642578124,0.07336792349815369,0.03834838792681694,0.027829213067889214
1696964989395372800,11.029372802734375,0.0723026916384697,0.0159784946590662,0.018242115154862404
1696964989405387000,11.039386962890624,0.06591129302978516,0.04687025398015976,-0.016910573467612267
1696964989415401200,11.049401123046875,0.05632419511675835,0.0063913981430232525,-0.015845341607928276
1696964989425415400,11.05941552734375,0.06271559745073318,0.009587096981704235,-0.015845341607928276
1696964989435429600,11.0694296875,0.07762885838747025,-0.06284874677658081,-0.035019535571336746
1696964989445443800,11.07944384765625,0.06378082931041718,0.007456631399691105,-0.07762885838747025
1696964989455458000,11.0894580078125,0.054193731397390366,-0.08628387749195099,-0.03608476743102074
1696964989465472300,11.09947216796875,0.061650361865758896,0.04580501839518547,-0.031823836266994476
1696964989475486500,11.109486572265626,0.059519894421100616,0.007456631399691105,-0.058454662561416626
1696964989485500700,11.119500732421875,0.06484606117010117,0.01171756349503994,-0.031823836266994476
1696964989495515000,11.129514892578126,0.059519894421100616,0.03621792420744896,-0.04993279650807381
1696964989505529000,11.139529052734375,0.057389430701732635,0.04047885537147522,-0.024367205798625946
1696964989515543300,11.149543212890626,0.055258963257074356,0.05219641700387001,-0.03928046673536301
1696964989525557800,11.159557861328125,0.061650361865758896,0.004260932095348835,-0.041410934180021286
1696964989535572000,11.169572021484376,0.06484606117010117,0.00852186419069767,-0.033954303711652756
1696964989545586200,11.179586181640625,0.060585130006074905,0.04473978653550148,-0.059519894421100616
1696964989555600400,11.189600341796876,0.06697652488946915,-0.02556559257209301,-0.033954303711652756
1696964989565614600,11.199614501953125,0.08188978582620621,-0.00852186419069767,-0.050998032093048096
1696964989575628800,11.20962890625,0.08082455396652222,0.02236989326775074,-0.04993279650807381
1696964989585643000,11.21964306640625,0.08188978582620621,-0.01171756349503994,-0.020106272771954536
1696964989595657200,11.2296572265625,0.08721595257520676,0.05858781561255455,-0.028628136962652206
1696964989605671400,11.23967138671875,0.08721595257520676,0.06497921794652939,-0.024367205798625946
1696964989615685600,11.249685546875,0.09147688746452332,0.10439283400774002,0.005459319334477186
1696964989625699800,11.259699951171875,0.09893351793289185,0.08947957307100296,0.019307348877191544
1696964989635714000,11.269714111328126,0.09467258304357529,0.1810896098613739,0.009720250964164734
1696964989645728300,11.279728271484375,0.09680305421352386,0.1267627328634262,0.066177599132061
1696964989655742500,11.289742431640626,0.09999874979257584,0.18854624032974243,0.017176883295178413
1696964989665756700,11.299756591796875,0.09999874979257584,0.16191542148590088,0.06511236727237701
1696964989675771000,11.30977099609375,0.09573781490325928,0.1480673849582672,0.053394805639982224
1696964989685785000,11.31978515625,0.09786828607320786,0.17682868242263794,0.024633513763546944
1696964989695799300,11.32979931640625,0.1042596846818924,0.16617634892463684,0.10133028775453568
1696964989705813500,11.3398134765625,0.09041165560483932,0.17682868242263794,0.03954677656292915
1696964989715827700,11.34982763671875,0.09147688746452332,0.1821548491716385,0.029959678649902344
1696964989725842000,11.359842041015625,0.09147688746452332,0.13634982705116272,0.09067796170711517
1696964989735856000,11.369856201171874,0.08082455396652222,0.18854624032974243,-0.007323476951569319
1696964989745870300,11.379870361328125,0.0723026916384697,0.13421936333179474,0.04913387447595596
1696964989755884500,11.389884521484374,0.06804175674915314,0.12037133425474167,0.020372580736875534
1696964989765899000,11.39989892578125,0.06378082931041718,0.11291470378637314,0.013981183059513569
1696964989775913200,11.409913330078124,0.06378082931041718,0.08308817446231842,0.018242115154862404
1696964989785927400,11.419927490234375,0.06484606117010117,0.06284874677658081,-0.013714875094592571
1696964989795941600,11.429941650390624,0.055258963257074356,0.04793548583984375,-0.009453942999243736
1696964989805955800,11.439955810546875,0.048867564648389816,0.05432688444852829,-0.014780107885599136
1696964989815970000,11.449969970703124,0.05632419511675835,0.0053261648863554,-0.019041040912270546
1696964989825984300,11.459984375,0.06271559745073318,0.0063913981430232525,-0.008388710208237171
1696964989835998500,11.46999853515625,0.04993279650807381,0.00852186419069767,-0.043541401624679565
1696964989846012700,11.4800126953125,0.054193731397390366,0.05113118514418602,-0.041410934180021286
1696964989856027000,11.49002685546875,0.06378082931041718,0.01384802907705307,-0.007323476951569319
1696964989866041000,11.500041015625,0.06378082931041718,0.02769605815410614,-0.07656362652778625
1696964989876055300,11.51005517578125,0.057389430701732635,0.0106523297727108,-0.042476166039705276
1696964989886069500,11.520069580078125,0.07549838721752167,-0.0063913981430232525,-0.022236740216612816
1696964989896083700,11.530083740234375,0.08082455396652222,-0.0010652330238372087,-0.06697652488946915
1696964989906098000,11.540097900390625,0.07869409024715424,-0.04793548583984375,-0.055258963257074356
1696964989916112100,11.550112060546875,0.08721595257520676,-0.04047885537147522,-0.03608476743102074
1696964989926126300,11.560126220703125,0.10852061212062836,-0.10119713842868805,-0.027562905102968216
1696964989936140500,11.570140625,0.10532491654157639,-0.07882724702358246,-0.03608476743102074
1696964989946154800,11.58015478515625,0.10639014840126038,-0.15765449404716492,-0.019041040912270546
1696964989956169000,11.5901689453125,0.12130340933799744,-0.10013190656900406,-0.006258244160562754
1696964989966183200,11.60018310546875,0.11917294561862946,-0.13528458774089813,-0.005193010903894901
1696964989976197400,11.610197265625,0.1149120107293129,-0.11078423261642456,-0.008388710208237171
1696964989986211600,11.620211669921876,0.11917294561862946,-0.06497921794652939,0.010785484686493874
1696964989996225800,11.630225830078125,0.11917294561862946,-0.08841434121131897,0.004394086077809334
1696964990006240300,11.640240234375,0.11278154700994492,-0.0426093190908432,0.005459319334477186
1696964990016254500,11.65025439453125,0.1149120107293129,-0.06710968166589737,0.021437814459204674
1696964990026268700,11.6602685546875,0.11810771375894547,-0.05219641700387001,-0.006258244160562754
1696964990036283000,11.670282958984375,0.12023817747831345,-0.0426093190908432,0.015046416781842709
1696964990046297000,11.680297119140626,0.12130340933799744,-0.07989247888326645,0.021437814459204674
1696964990056311300,11.690311279296875,0.12236864119768143,-0.05006595328450203,-0.006258244160562754
1696964990066325500,11.700325439453126,0.1255643367767334,-0.05965305119752884,0.022503048181533813
1696964990076339700,11.710339599609375,0.12130340933799744,-0.0532616525888443,-0.001997311832383275
1696964990086354000,11.72035400390625,0.12982527911663055,-0.08308817446231842,0.037416309118270874
1696964990096368000,11.7303681640625,0.1255643367767334,-0.06178351491689682,-0.005193010903894901
1696964990106382300,11.74038232421875,0.12130340933799744,-0.03408745676279068,0.009720250964164734
1696964990116396500,11.750396484375,0.1255643367767334,-0.0745663121342659,0.033155377954244614
1696964990126410800,11.76041064453125,0.1255643367767334,-0.04900071769952774,0.004394086077809334
1696964990136425000,11.770425048828125,0.1149120107293129,-0.03621792420744896,0.006524552125483751
1696964990146439200,11.780439208984374,0.1138467788696289,-0.06071828305721283,0.025698747485876083
1696964990156453400,11.790453369140625,0.11704248189926147,-0.02663082629442215,0.029959678649902344
1696964990166467600,11.800467529296874,0.10852061212062836,-0.05006595328450203,0.011850717477500439
1696964990176481800,11.810481689453125,0.09786828607320786,0.0021304660476744175,0.007589785382151604
1696964990186496000,11.82049609375,0.09999874979257584,-0.04367455467581749,0.048068638890981674
1696964990196510200,11.83051025390625,0.10106398165225983,0.02450035884976387,0.020372580736875534
1696964990206524400,11.8405244140625,0.08934641629457474,-0.03302222490310669,0.027829213067889214
1696964990216538600,11.85053857421875,0.09041165560483932,0.02343512699007988,0.022503048181533813
1696964990226552800,11.860552734375,0.09147688746452332,-0.0159784946590662,0.04593817517161369
1696964990236567000,11.870567138671875,0.08828118443489075,0.01384802907705307,0.019307348877191544
1696964990246581500,11.88058154296875,0.08402025699615479,0.004260932095348835,0.033155377954244614
1696964990256595700,11.890595703125,0.09041165560483932,-0.00852186419069767,0.057655736804008484
1696964990266610000,11.90060986328125,0.08721595257520676,0.0063913981430232525,0.019307348877191544
1696964990276624100,11.9106240234375,0.08828118443489075,0.0010652330238372087,0.03848154470324516
1696964990286638300,11.920638427734374,0.08934641629457474,0.0021304660476744175,0.04593817517161369
1696964990296652500,11.930652587890625,0.0925421193242073,-0.0159784946590662,0.03954677656292915
1696964990306666800,11.940666748046874,0.09147688746452332,0.03941362351179123,0.022503048181533813
1696964990316681000,11.950680908203125,0.09467258304357529,-0.0319569893181324,0.07576470077037811
1696964990326695200,11.960695068359374,0.09573781490325928,0.0021304660476744175,0.009720250964164734
1696964990336709400,11.97070947265625,0.09999874979257584,0.009587096981704235,0.047003407031297684
1696964990346723600,11.9807236328125,0.09786828607320786,-0.009587096981704235,0.037416309118270874
1696964990356737800,11.99073779296875,0.09999874979257584,0.01704372838139534,0.027829213067889214
1696964990366752000,12.000751953125,0.10212921351194382,-0.04580501839518547,0.05232957378029823
1696964990376766200,12.01076611328125,0.10212921351194382,0.05006595328450203,0.0001331541279796511
1696964990386780400,12.020780517578125,0.10745538026094437,-0.06604444980621338,0.08641702681779861
1696964990396794600,12.030794677734375,0.1042596846818924,0.03621792420744896,-0.017975807189941406
1696964990406808800,12.040808837890625,0.1031944528222084,-0.03515268862247467,0.048068638890981674
1696964990416823000,12.050822998046876,0.10852061212062836,0.01704372838139534,0.021437814459204674
1696964990426837200,12.060837158203125,0.11065108329057693,-0.0213046595454216,0.037416309118270874
1696964990436851500,12.0708515625,0.10532491654157639,0.01384802907705307,0.0033288532868027687
1696964990446865700,12.08086572265625,0.10745538026094437,0.0063913981430232525,0.034220609813928604
1696964990456879900,12.0908798828125,0.1138467788696289,-0.01171756349503994,0.024633513763546944
1696964990466894000,12.10089404296875,0.11171631515026093,0.01491326279938221,0.004394086077809334
1696964990476908300,12.110908203125,0.1042596846818924,-0.0031956990715116262,0.019307348877191544
1696964990486922800,12.1209228515625,0.11171631515026093,0.009587096981704235,0.026763979345560074
1696964990496937000,12.13093701171875,0.11278154700994492,-0.01171756349503994,0.015046416781842709
1696964990506951200,12.140951171875,0.1042596846818924,0.0159784946590662,-0.001997311832383275
1696964990516965400,12.15096533203125,0.10745538026094437,-0.01704372838139534,0.031024912372231483
1696964990526979600,12.1609794921875,0.10958584398031235,0.02023942768573761,0.0033288532868027687
1696964990536993800,12.170993896484376,0.10639014840126038,-0.02663082629442215,0.017176883295178413
1696964990547008000,12.181008056640625,0.1042596846818924,0.02769605815410614,0.0033288532868027687
1696964990557022200,12.191022216796876,0.10532491654157639,-0.02236989326775074,0.026763979345560074
1696964990567036400,12.201036376953125,0.1031944528222084,0.02876129187643528,-0.004127778112888336
1696964990577050600,12.211050537109376,0.10106398165225983,-0.01171756349503994,0.022503048181533813
1696964990587064800,12.22106494140625,0.1031944528222084,0.007456631399691105,0.016111649572849274
1696964990597079000,12.2310791015625,0.10212921351194382,-0.004260932095348835,0.016111649572849274
1696964990607093200,12.24109326171875,0.0936073511838913,0.02450035884976387,0.006524552125483751
1696964990617107500,12.251107421875,0.09893351793289185,-0.007456631399691105,0.041677240282297134
1696964990627121700,12.26112158203125,0.10212921351194382,0.0053261648863554,0.009720250964164734
1696964990637136000,12.271135986328124,0.09147688746452332,0.01704372838139534,0.011850717477500439
1696964990647150000,12.281150146484375,0.09680305421352386,-0.02769605815410614,0.0555252730846405
1696964990657164300,12.291164306640624,0.09999874979257584,0.0319569893181324,0.010785484686493874
1696964990667178500,12.301178466796875,0.09467258304357529,0.0106523297727108,0.027829213067889214
1696964990677192700,12.311192626953124,0.09893351793289185,-0.00852186419069767,0.041677240282297134
1696964990687207000,12.32120703125,0.1042596846818924,0.0063913981430232525,0.026763979345560074
1696964990697221000,12.33122119140625,0.10212921351194382,-0.0021304660476744175,0.041677240282297134
1696964990707235300,12.3412353515625,0.09680305421352386,-0.0021304660476744175,0.019307348877191544
1696964990717249500,12.35124951171875,0.10745538026094437,-0.012782796286046505,0.0555252730846405
1696964990727264000,12.361263916015625,0.10745538026094437,-0.02023942768573761,0.03209014609456062
1696964990737278200,12.3712783203125,0.09893351793289185,0.01384802907705307,0.005459319334477186
1696964990747292400,12.38129248046875,0.10852061212062836,-0.03302222490310669,0.07150376588106155
1696964990757306600,12.391306640625,0.10958584398031235,0.0063913981430232525,0.006524552125483751
1696964990767320800,12.40132080078125,0.10532491654157639,-0.009587096981704235,0.034220609813928604
1696964990777335000,12.4113349609375,0.10532491654157639,-0.0053261648863554,0.034220609813928604
1696964990787349200,12.421349365234375,0.11065108329057693,0.0063913981430232525,0.037416309118270874
1696964990797363500,12.431363525390625,0.1031944528222084,0.0159784946590662,0.005459319334477186
1696964990807377700,12.441377685546875,0.10745538026094437,-0.0021304660476744175,0.04593817517161369
1696964990817391900,12.451391845703125,0.11065108329057693,0.01384802907705307,0.03528584539890289
1696964990827406000,12.461406005859375,0.10532491654157639,0.01491326279938221,0.020372580736875534
1696964990837420300,12.471420166015625,0.10639014840126038,0.01171756349503994,0.028894444927573204
1696964990847434500,12.4814345703125,0.11278154700994492,-0.0106523297727108,0.048068638890981674
1696964990857448700,12.49144873046875,0.10639014840126038,0.01384802907705307,0.004394086077809334
1696964990867463000,12.501462890625,0.1031944528222084,0.007456631399691105,0.03209014609456062
1696964990877477000,12.51147705078125,0.11171631515026093,-0.0053261648863554,0.03848154470324516
1696964990887491300,12.5214912109375,0.10745538026094437,-0.02769605815410614,0.023568280041217804
1696964990897505500,12.531505615234375,0.1031944528222084,0.02236989326775074,0.004394086077809334
1696964990907519700,12.541519775390626,0.10745538026094437,-0.03728315606713295,0.048068638890981674
1696964990917534000,12.551533935546875,0.10745538026094437,-0.0106523297727108,0.013981183059513569
1696964990927548200,12.561548095703126,0.10106398165225983,0.01491326279938221,0.011850717477500439
1696964990937562400,12.571562255859375,0.10639014840126038,-0.02769605815410614,0.04593817517161369
1696964990947576600,12.58157666015625,0.1031944528222084,0,0.0001331541279796511
1696964990957591000,12.591591064453125,0.10212921351194382,0,0.026763979345560074
1696964990967605200,12.601605224609376,0.1031944528222084,-0.0021304660476744175,0.015046416781842709
1696964990977619500,12.611619384765625,0.10639014840126038,-0.01917419396340847,0.03954677656292915
1696964990987633700,12.621633544921876,0.10212921351194382,0.00852186419069767,-0.009453942999243736
1696964990997648000,12.63164794921875,0.10106398165225983,0.01917419396340847,0.037416309118270874
1696964991007662000,12.641662109375,0.1031944528222084,0,0.019307348877191544
1696964991017676300,12.65167626953125,0.1042596846818924,-0.00852186419069767,0.013981183059513569
1696964991027690500,12.6616904296875,0.09999874979257584,0.03302222490310669,0.011850717477500439
1696964991037704700,12.67170458984375,0.10532491654157639,-0.03408745676279068,0.041677240282297134
1696964991047719000,12.681718994140626,0.10639014840126038,0.02663082629442215,-0.011584409512579441
1696964991057733000,12.691733154296875,0.1042596846818924,-0.01917419396340847,0.03209014609456062
1696964991067747300,12.701747314453126,0.1042596846818924,0.02769605815410614,0.00226362026296556
1696964991077761500,12.711761474609375,0.1138467788696289,-0.03302222490310669,0.047003407031297684
1696964991087775700,12.721775634765624,0.10532491654157639,0.03089175745844841,-0.013714875094592571
1696964991097790000,12.7317900390625,0.10639014840126038,0.01171756349503994,0.034220609813928604
1696964991107804200,12.74180419921875,0.1149120107293129,-0.012782796286046505,0.023568280041217804
1696964991117818400,12.751818359375,0.10958584398031235,0.03089175745844841,0.0011983871227130294
1696964991127832600,12.76183251953125,0.10745538026094437,0.0010652330238372087,0.026763979345560074
1696964991137846800,12.7718466796875,0.11278154700994492,0.0213046595454216,0.017176883295178413
1696964991147861000,12.781861083984374,0.1138467788696289,-0.0159784946590662,0.025698747485876083
1696964991157875200,12.791875244140625,0.10745538026094437,0.03621792420744896,0.0001331541279796511
1696964991167889400,12.801889404296874,0.1149120107293129,-0.01704372838139534,0.040612008422613144
1696964991177903600,12.811903564453125,0.11278154700994492,0.007456631399691105,0.007589785382151604
1696964991187917800,12.821917724609374,0.11065108329057693,0.03302222490310669,0.008655018173158169
1696964991197932300,12.831932373046875,0.1138467788696289,-0.03302222490310669,0.04274247586727142
1696964991207946500,12.841946533203124,0.11278154700994492,0.02236989326775074,-0.007323476951569319
1696964991217960700,12.851960693359375,0.11065108329057693,0.02023942768573761,0.029959678649902344
1696964991227975000,12.861974853515624,0.11171631515026093,-0.03834838792681694,0.022503048181533813
1696964991237989000,12.871989013671875,0.11278154700994492,0.02876129187643528,0.010785484686493874
1696964991248003300,12.88200341796875,0.10958584398031235,-0.007456631399691105,0.017176883295178413
1696964991258017500,12.892017578125,0.10745538026094437,0.0063913981430232525,0.011850717477500439
1696964991268031700,12.90203173828125,0.1138467788696289,-0.02236989326775074,0.03528584539890289
1696964991278046000,12.9120458984375,0.10639014840126038,0.0213046595454216,-0.006258244160562754
1696964991288060200,12.92206005859375,0.10958584398031235,-0.0213046595454216,0.03209014609456062
1696964991298074400,12.932074462890625,0.11278154700994492,-0.00852186419069767,0.016111649572849274
1696964991308088600,12.942088623046875,0.10745538026094437,0.01704372838139534,-0.0009320789249613881
1696964991318102800,12.952102783203125,0.11065108329057693,-0.02343512699007988,0.026763979345560074
1696964991328117000,12.962116943359375,0.1138467788696289,-0.0031956990715116262,0.024633513763546944
1696964991338131200,12.972131103515625,0.10745538026094437,0.0106523297727108,-0.005193010903894901
1696964991348145400,12.9821455078125,0.11171631515026093,-0.009587096981704235,0.031024912372231483
1696964991358159600,12.99215966796875,0.11704248189926147,-0.01704372838139534,0.025698747485876083
1696964991368173800,13.002173828125,0.10745538026094437,0.02663082629442215,-0.008388710208237171
1696964991378188000,13.01218798828125,0.11278154700994492,-0.01917419396340847,0.033155377954244614
1696964991388202200,13.0222021484375,0.11810771375894547,-0.0010652330238372087,0.023568280041217804
1696964991398216400,13.032216552734376,0.11065108329057693,0.0010652330238372087,0.0033288532868027687
1696964991408230700,13.042230712890625,0.11704248189926147,-0.0063913981430232525,0.027829213067889214
1696964991418244900,13.052244873046876,0.11917294561862946,-0.012782796286046505,0.024633513763546944
1696964991428259000,13.062259033203125,0.11171631515026093,0.0021304660476744175,-0.0030625448562204838
1696964991438273500,13.0722734375,0.12023817747831345,-0.0159784946590662,0.036351077258586884
1696964991448287700,13.082287841796875,0.12023817747831345,-0.01917419396340847,0.013981183059513569
1696964991458302000,13.092302001953126,0.11278154700994492,0.01384802907705307,0.006524552125483751
1696964991468316200,13.102316162109375,0.1255643367767334,-0.04367455467581749,0.04913387447595596
1696964991478330400,13.112330322265626,0.12023817747831345,0,-0.009453942999243736
1696964991488344600,13.122344482421875,0.11597724258899689,0.007456631399691105,0.022503048181533813
1696964991498358800,13.13235888671875,0.12662957608699799,-0.0532616525888443,0.041677240282297134
1696964991508373000,13.142373046875,0.11810771375894547,0.04047885537147522,-0.017975807189941406
1696964991518387200,13.15238720703125,0.12449911236763,-0.0426093190908432,0.04913387447595596
1696964991528401400,13.1624013671875,0.12449911236763,0.01171756349503994,0.008655018173158169
1696964991538415600,13.17241552734375,0.11917294561862946,0.01704372838139534,0.009720250964164734
1696964991548429800,13.182429931640625,0.12343387305736542,-0.0053261648863554,0.034220609813928604
1696964991558444000,13.192444091796874,0.12449911236763,0.0063913981430232525,0.019307348877191544
1696964991568458200,13.202458251953125,0.11810771375894547,0.03941362351179123,0.0011983871227130294
1696964991578472400,13.212472412109374,0.12769481539726257,-0.02236989326775074,0.054460037499666214
1696964991588486700,13.222486572265625,0.11917294561862946,0.0532616525888443,-0.010519175790250301
1696964991598500900,13.2325009765625,0.12343387305736542,-0.0031956990715116262,0.03848154470324516
1696964991608515000,13.24251513671875,0.1255643367767334,0.01704372838139534,0.020372580736875534
1696964991618529300,13.252529296875,0.11917294561862946,0.01810896210372448,0.007589785382151604
1696964991628543500,13.26254345703125,0.12769481539726257,-0.0021304660476744175,0.040612008422613144
1696964991638557700,13.2725576171875,0.11917294561862946,0.02023942768573761,0.004394086077809334
1696964991648572000,13.282572021484375,0.12449911236763,0.0063913981430232525,0.026763979345560074
1696964991658586000,13.292586181640624,0.12343387305736542,-0.0053261648863554,0.020372580736875534
1696964991668600300,13.302600341796875,0.12130340933799744,0.0106523297727108,0.021437814459204674
1696964991678614800,13.31261474609375,0.12449911236763,-0.00852186419069767,0.022503048181533813
1696964991688629000,13.32262890625,0.12023817747831345,0.02450035884976387,0.011850717477500439
1696964991698643200,13.332643310546874,0.12236864119768143,-0.0106523297727108,0.03848154470324516
1696964991708657400,13.342657470703125,0.11810771375894547,0.04047885537147522,-0.0009320789249613881
1696964991718671600,13.352671630859374,0.12023817747831345,-0.009587096981704235,0.041677240282297134
1696964991728685800,13.362685791015625,0.12023817747831345,0.03621792420744896,0.010785484686493874
1696964991738700000,13.372699951171874,0.11597724258899689,0.0213046595454216,0.024633513763546944
1696964991748714200,13.38271435546875,0.12343387305736542,0,0.033155377954244614
1696964991758728200,13.392728271484375,0.1149120107293129,0.05539211630821228,-0.0030625448562204838
1696964991768742400,13.402742431640625,0.12130340933799744,-0.01171756349503994,0.053394805639982224
1696964991778756600,13.412756591796875,0.11704248189926147,0.04473978653550148,-0.009453942999243736
1696964991788770800,13.422770751953125,0.12130340933799744,0.01917419396340847,0.044872939586639404
1696964991798785000,13.432784912109375,0.12130340933799744,0.0031956990715116262,0.013981183059513569
1696964991808799200,13.44279931640625,0.11917294561862946,0.04154408723115921,0.008655018173158169
1696964991818813200,13.452813232421875,0.12662957608699799,0.0021304660476744175,0.041677240282297134
1696964991828827400,13.462827392578125,0.12023817747831345,0.01917419396340847,-0.0030625448562204838
1696964991838841600,13.472841552734375,0.12876003980636597,0.01704372838139534,0.036351077258586884
1696964991848855800,13.482855712890625,0.12236864119768143,0.0106523297727108,0.0011983871227130294
1696964991858870000,13.4928701171875,0.12769481539726257,-0.0010652330238372087,0.024633513763546944
1696964991868884200,13.50288427734375,0.12343387305736542,0.0159784946590662,0.007589785382151604
1696964991878898400,13.5128984375,0.12769481539726257,-0.012782796286046505,0.009720250964164734
1696964991888912400,13.522912353515625,0.12982527911663055,0.02023942768573761,0.007589785382151604
1696964991898926600,13.532926513671875,0.12769481539726257,-0.02876129187643528,0.012915950268507004
1696964991908940800,13.54294091796875,0.13195574283599854,0.01810896210372448,-0.004127778112888336
1696964991918955000,13.552955078125,0.12876003980636597,-0.01704372838139534,0.009720250964164734
1696964991928969200,13.56296923828125,0.13302096724510193,0.0021304660476744175,0.006524552125483751
1696964991938983400,13.5729833984375,0.12982527911663055,-0.012782796286046505,0.0011983871227130294
1696964991948997400,13.582997314453126,0.1362166702747345,0,0.00226362026296556
1696964991959011600,13.593011474609375,0.13089050352573395,-0.0010652330238372087,0.00226362026296556
1696964991969025800,13.60302587890625,0.1351514458656311,-0.0106523297727108,0.0011983871227130294
1696964991979040000,13.6130400390625,0.13195574283599854,0.02023942768573761,-0.0009320789249613881
1696964991989054200,13.62305419921875,0.1362166702747345,-0.03089175745844841,0.012915950268507004
1696964991999068400,13.633068359375,0.1351514458656311,0.03408745676279068,-0.004127778112888336
1696964992009082600,13.64308251953125,0.1362166702747345,-0.02343512699007988,0.016111649572849274
1696964992019096800,13.653096923828125,0.1362166702747345,0.03621792420744896,0.0001331541279796511
1696964992029111000,13.663111083984376,0.1351514458656311,-0.01704372838139534,0.018242115154862404
1696964992039125200,13.673125244140625,0.13834713399410248,0.03408745676279068,0.00226362026296556
1696964992049139500,13.683139404296876,0.1351514458656311,-0.02023942768573761,0.026763979345560074
1696964992059153700,13.693153564453125,0.13728190958499908,0.0426093190908432,-0.0030625448562204838
1696964992069167900,13.70316796875,0.1362166702747345,-0.0053261648863554,0.037416309118270874
1696964992079182000,13.71318212890625,0.14154283702373505,0.0053261648863554,0.011850717477500439
1696964992089196300,13.7231962890625,0.1351514458656311,0.02876129187643528,0.008655018173158169
1696964992099210500,13.73321044921875,0.13834713399410248,-0.01171756349503994,0.03848154470324516
1696964992109224700,13.743224609375,0.13728190958499908,0.02982652559876442,0.0001331541279796511
1696964992119239000,13.753239013671875,0.13728190958499908,0.0053261648863554,0.037416309118270874
1696964992129253000,13.763253173828126,0.1351514458656311,0.0106523297727108,0.012915950268507004
1696964992139267300,13.773267333984375,0.1351514458656311,0.02236989326775074,0.008655018173158169
1696964992149281500,13.783281494140626,0.1362166702747345,0.009587096981704235,0.031024912372231483
1696964992159295700,13.793295654296875,0.1351514458656311,0.02450035884976387,0.00226362026296556
1696964992169310200,13.803310302734374,0.13408620655536652,0.007456631399691105,0.024633513763546944
1696964992179324400,13.813324462890625,0.13408620655536652,0.02663082629442215,0.009720250964164734
1696964992189338600,13.823338623046874,0.13408620655536652,0.02663082629442215,0.005459319334477186
1696964992199352800,13.833352783203125,0.13195574283599854,0.01384802907705307,0.021437814459204674
1696964992209367000,13.843366943359374,0.1362166702747345,0.03728315606713295,0.00226362026296556
1696964992219381200,13.85338134765625,0.12982527911663055,0.03089175745844841,0.008655018173158169
1696964992229395500,13.8633955078125,0.1351514458656311,0.009587096981704235,0.024633513763546944
1696964992239409700,13.87340966796875,0.12982527911663055,0.05752258375287056,-0.011584409512579441
1696964992249424000,13.883423828125,0.1351514458656311,-0.0010652330238372087,0.029959678649902344
1696964992259438000,13.89343798828125,0.12982527911663055,0.05113118514418602,-0.011584409512579441
1696964992269452300,13.903452392578124,0.1362166702747345,0.01704372838139534,0.019307348877191544
1696964992279466500,13.913466552734375,0.13302096724510193,0.0053261648863554,0.0011983871227130294
1696964992289480700,13.923480712890624,0.1362166702747345,0.02556559257209301,0.007589785382151604
1696964992299495000,13.933494873046875,0.1351514458656311,0.0063913981430232525,0.011850717477500439
1696964992309509000,13.943509033203124,0.1351514458656311,0.01491326279938221,-0.011584409512579441
1696964992319523300,13.9535234375,0.1362166702747345,0.009587096981704235,0.026763979345560074
1696964992329537500,13.96353759765625,0.13728190958499908,0,-0.010519175790250301
1696964992339551700,13.9735517578125,0.13089050352573395,0.04047885537147522,0.0011983871227130294
1696964992349566000,13.98356591796875,0.13834713399410248,-0.0053261648863554,0.012915950268507004
1696964992359580200,13.993580078125,0.13089050352573395,0.05432688444852829,-0.022236740216612816
1696964992369594400,14.003594482421875,0.13834713399410248,-0.01171756349503994,0.036351077258586884
1696964992379608600,14.013608642578125,0.13408620655536652,0.04154408723115921,-0.035019535571336746
1696964992389622800,14.023622802734375,0.1362166702747345,0.004260932095348835,0.03209014609456062
1696964992399637000,14.033636962890625,0.1351514458656311,0.03302222490310669,0.00226362026296556
1696964992409651500,14.0436513671875,0.13728190958499908,0.01171756349503994,0.010785484686493874
1696964992419665700,14.053665771484376,0.13408620655536652,0.03941362351179123,0.013981183059513569
1696964992429679900,14.063679931640625,0.13728190958499908,0.007456631399691105,0.022503048181533813
1696964992439694000,14.073694091796876,0.13408620655536652,0.04047885537147522,0.009720250964164734
1696964992449708300,14.083708251953125,0.14047759771347046,-0.0010652330238372087,0.04274247586727142
1696964992459722500,14.093722412109376,0.1351514458656311,0.0426093190908432,0.0001331541279796511
1696964992469736700,14.10373681640625,0.1362166702747345,0.02769605815410614,0.033155377954244614
1696964992479751000,14.1137509765625,0.13834713399410248,0.0021304660476744175,0.025698747485876083
1696964992489765000,14.12376513671875,0.1362166702747345,0.04793548583984375,0.005459319334477186
1696964992499779300,14.133779296875,0.1362166702747345,0.004260932095348835,0.028894444927573204
1696964992509793500,14.14379345703125,0.14047759771347046,0.01917419396340847,0.008655018173158169
1696964992519807700,14.153807861328126,0.13728190958499908,0.02343512699007988,0.005459319334477186
1696964992529822000,14.163822021484375,0.14473854005336761,-0.009587096981704235,0.020372580736875534
1696964992539836200,14.173836181640626,0.13834713399410248,0.04047885537147522,-0.019041040912270546
1696964992549850400,14.183850341796875,0.14367330074310303,-0.01810896210372448,0.028894444927573204
1696964992559864600,14.193864501953126,0.14154283702373505,0.04580501839518547,-0.03288906812667847
1696964992569878800,14.203878662109375,0.14793424308300018,-0.01704372838139534,0.026763979345560074
1696964992579893000,14.21389306640625,0.14154283702373505,0.05113118514418602,-0.042476166039705276
1696964992589907200,14.2239072265625,0.15112993121147156,-0.0063913981430232525,0.022503048181533813
1696964992599921400,14.23392138671875,0.14473854005336761,0.0319569893181324,-0.038215234875679016
1696964992609935600,14.243935546875,0.15006470680236816,0.02876129187643528,0.004394086077809334
1696964992619949800,14.25394970703125,0.15006470680236816,0.0010652330238372087,-0.014780107885599136
1696964992629964000,14.263964111328125,0.14899946749210358,0.05006595328450203,-0.025432437658309937
1696964992639978200,14.273978271484374,0.15219517052173615,-0.0031956990715116262,0.004394086077809334
1696964992649992700,14.28399267578125,0.15326039493083954,0.03089175745844841,-0.029693370684981346
1696964992660007000,14.2940068359375,0.15112993121147156,-0.007456631399691105,0.0011983871227130294
1696964992670021000,14.304021240234375,0.15219517052173615,0.04580501839518547,-0.015845341607928276
1696964992680035300,14.314035400390624,0.15326039493083954,-0.01917419396340847,-0.004127778112888336
1696964992690049500,14.324049560546875,0.15326039493083954,0.04580501839518547,-0.010519175790250301
1696964992700063700,14.334063720703124,0.15006470680236816,0.00852186419069767,0.0001331541279796511
1696964992710078000,14.344077880859375,0.15219517052173615,0.02023942768573761,-0.008388710208237171
1696964992720092200,14.354092041015624,0.15006470680236816,0.02982652559876442,0.006524552125483751
1696964992730106400,14.3641064453125,0.15006470680236816,0.03515268862247467,0.0011983871227130294
1696964992740120600,14.37412060546875,0.15006470680236816,-0.0053261648863554,0.012915950268507004
1696964992750134800,14.384134765625,0.14793424308300018,0.08628387749195099,-0.006258244160562754
1696964992760149000,14.39414892578125,0.1468690037727356,-0.03621792420744896,0.031024912372231483
1696964992770163200,14.4041630859375,0.145803764462471,0.08841434121131897,-0.016910573467612267
1696964992780177400,14.414177490234374,0.14793424308300018,-0.0159784946590662,0.036351077258586884
1696964992790191600,14.424191650390625,0.14154283702373505,0.0532616525888443,-0.007323476951569319
1696964992800205800,14.434205810546874,0.15006470680236816,0.004260932095348835,0.031024912372231483
1696964992810220000,14.444219970703125,0.14367330074310303,0.0319569893181324,-0.001997311832383275
1696964992820234200,14.454234130859374,0.15006470680236816,0.0021304660476744175,0.022503048181533813
1696964992830248400,14.46424853515625,0.14473854005336761,0.0213046595454216,-0.0030625448562204838
1696964992840262700,14.4742626953125,0.15112993121147156,0.02236989326775074,0.011850717477500439
1696964992850276900,14.48427685546875,0.14899946749210358,-0.0159784946590662,0.008655018173158169
1696964992860291000,14.494291015625,0.14899946749210358,0.04473978653550148,-0.016910573467612267
1696964992870305300,14.50430517578125,0.14793424308300018,-0.01491326279938221,0.017176883295178413
1696964992880319500,14.514319580078125,0.15432563424110413,0.01384802907705307,-0.012649642303586006
1696964992890334000,14.524333984375,0.15006470680236816,0.02236989326775074,-0.009453942999243736
1696964992900348200,14.53434814453125,0.15219517052173615,0.0010652330238372087,0.005459319334477186
1696964992910362400,14.5443623046875,0.14899946749210358,0.0319569893181324,-0.025432437658309937
1696964992920376600,14.55437646484375,0.1553908735513687,0.009587096981704235,0.013981183059513569
1696964992930390800,14.564390869140626,0.15006470680236816,0.03728315606713295,-0.019041040912270546
1696964992940405000,14.574405029296875,0.15219517052173615,0.02982652559876442,0.0001331541279796511
1696964992950419200,14.584419189453126,0.15326039493083954,0.04154408723115921,0.00226362026296556
1696964992960433400,14.594433349609375,0.15432563424110413,0.02876129187643528,0.0001331541279796511
1696964992970447600,14.604447509765626,0.15432563424110413,0.02663082629442215,0.006524552125483751
1696964992980461800,14.6144619140625,0.1553908735513687,0.04900071769952774,0.00226362026296556
1696964992990476000,14.62447607421875,0.1553908735513687,-0.004260932095348835,0.007589785382151604
1696964993000490200,14.634490234375,0.1575213372707367,0.02982652559876442,0.007589785382151604
1696964993010504400,14.64450439453125,0.1553908735513687,-0.0031956990715116262,0.013981183059513569
1696964993020518700,14.6545185546875,0.15326039493083954,0.06497921794652939,-0.001997311832383275
1696964993030532900,14.664532958984376,0.15965180099010468,-0.0426093190908432,0.040612008422613144
1696964993040547000,14.674547119140625,0.15219517052173615,0.07137060910463333,-0.024367205798625946
1696964993050561300,14.684561279296876,0.1575213372707367,-0.02769605815410614,0.06298190355300903
1696964993060575500,14.694575439453125,0.15219517052173615,0.07882724702358246,-0.029693370684981346
1696964993070589700,14.704589599609376,0.1564560979604721,-0.03302222490310669,0.060851436108350754
1696964993080604000,14.71460400390625,0.15112993121147156,0.07243584841489792,-0.010519175790250301
1696964993090618000,14.7246181640625,0.1564560979604721,-0.01384802907705307,0.028894444927573204
1696964993100632300,14.73463232421875,0.15219517052173615,0.05645735189318657,0.0001331541279796511
1696964993110646500,14.744646484375,0.1585865616798401,0.0010652330238372087,0.033155377954244614
1696964993120660700,14.75466064453125,0.15432563424110413,0.0426093190908432,-0.012649642303586006
1696964993130675200,14.76467529296875,0.16071702539920807,0.0106523297727108,0.021437814459204674
1696964993140689400,14.774689453125,0.1575213372707367,0.03408745676279068,-0.006258244160562754
1696964993150703600,14.78470361328125,0.16178226470947266,0.0106523297727108,0.011850717477500439
1696964993160717800,14.7947177734375,0.16071702539920807,0.01491326279938221,0.0033288532868027687
1696964993170732000,14.80473193359375,0.15965180099010468,0.02023942768573761,-0.007323476951569319
1696964993180746200,14.814746337890625,0.1585865616798401,0.03728315606713295,-0.0009320789249613881
1696964993190760400,14.824760498046874,0.16071702539920807,0.01917419396340847,-0.008388710208237171
1696964993200774700,14.834774658203125,0.1585865616798401,0.05006595328450203,-0.007323476951569319
1696964993210788900,14.844788818359374,0.1564560979604721,0.04580501839518547,-0.006258244160562754
1696964993220803000,14.854802978515625,0.1564560979604721,0.05752258375287056,0.0033288532868027687
1696964993230817300,14.8648173828125,0.1564560979604721,0.05219641700387001,0.007589785382151604
1696964993240831500,14.87483154296875,0.1575213372707367,0.05006595328450203,0.018242115154862404
1696964993250845700,14.884845703125,0.15112993121147156,0.03302222490310669,0.006524552125483751
1696964993260860000,14.89485986328125,0.1575213372707367,0.06284874677658081,0.019307348877191544
1696964993270874000,14.9048740234375,0.15219517052173615,0.02663082629442215,0.019307348877191544
1696964993280888300,14.914888427734375,0.1564560979604721,0.03941362351179123,0.026763979345560074
1696964993290902500,14.924902587890625,0.14793424308300018,0.0319569893181324,0.00226362026296556
1696964993300916700,14.934916748046875,0.1585865616798401,0.02236989326775074,0.044872939586639404
1696964993310931000,14.944930908203125,0.14793424308300018,0.04580501839518547,0.008655018173158169
1696964993320945200,14.954945068359375,0.15326039493083954,0.01810896210372448,0.040612008422613144
1696964993330959400,14.96495947265625,0.14793424308300018,0.04580501839518547,0.009720250964164734
1696964993340973600,14.9749736328125,0.14899946749210358,0.0063913981430232525,0.031024912372231483
1696964993350987800,14.98498779296875,0.14793424308300018,0.05965305119752884,0.0011983871227130294
1696964993361002000,14.995001953125,0.1468690037727356,-0.004260932095348835,0.037416309118270874
1696964993371016400,15.005016357421875,0.145803764462471,0.07350108027458191,-0.008388710208237171
1696964993381030700,15.01503076171875,0.14047759771347046,0.01491326279938221,0.021437814459204674
1696964993391044900,15.025044921875,0.14473854005336761,0.06071828305721283,0.013981183059513569
1696964993401059000,15.03505908203125,0.13941237330436707,0.03834838792681694,-0.0009320789249613881
1696964993411073300,15.0450732421875,0.14260807633399963,0.05219641700387001,0.012915950268507004
1696964993421087500,15.05508740234375,0.145803764462471,0.0031956990715116262,0.018242115154862404
1696964993431101700,15.065101806640625,0.13834713399410248,0.09267527610063553,-0.038215234875679016
1696964993441116000,15.075115966796876,0.15112993121147156,-0.0319569893181324,0.054460037499666214
1696964993451130000,15.085130126953125,0.13941237330436707,0.08628387749195099,-0.06910699605941772
1696964993461144300,15.095144287109376,0.14473854005336761,-0.0053261648863554,0.029959678649902344
1696964993471158500,15.105158447265625,0.15006470680236816,0.00852186419069767,-0.037150003015995026
1696964993481172700,15.1151728515625,0.14260807633399963,0.04580501839518547,-0.030758604407310486
1696964993491187000,15.12518701171875,0.15219517052173615,-0.0319569893181324,0.011850717477500439
1696964993501201200,15.135201171875,0.14260807633399963,0.06178351491689682,-0.07656362652778625
1696964993511215400,15.14521533203125,0.1468690037727356,-0.01384802907705307,0.018242115154862404
1696964993521229600,15.1552294921875,0.14260807633399963,0.04047885537147522,-0.048867564648389816
1696964993531243800,15.165243896484375,0.14047759771347046,0.04900071769952774,-0.022236740216612816
1696964993541258000,15.175258056640626,0.13834713399410248,0.01171756349503994,-0.019041040912270546
1696964993551272200,15.185272216796875,0.14260807633399963,0.05858781561255455,-0.021171506494283676
1696964993561286400,15.195286376953124,0.1362166702747345,0.0213046595454216,-0.020106272771954536
1696964993571300600,15.205300537109375,0.13941237330436707,0.05113118514418602,-0.027562905102968216
1696964993581314800,15.215314697265624,0.14260807633399963,0.009587096981704235,0.007589785382151604
1696964993591329000,15.2253291015625,0.13302096724510193,0.06071828305721283,-0.060585130006074905
1696964993601343500,15.235343505859374,0.1468690037727356,-0.02876129187643528,0.03954677656292915
1696964993611357700,15.245357666015625,0.13728190958499908,0.05432688444852829,-0.04993279650807381
1696964993621372000,15.255371826171874,0.13408620655536652,0.007456631399691105,0.0011983871227130294
1696964993631386000,15.26538623046875,0.145803764462471,-0.012782796286046505,0.017176883295178413
1696964993641400300,15.275400390625,0.13941237330436707,0.02556559257209301,-0.029693370684981346
1696964993651414500,15.28541455078125,0.13302096724510193,0.009587096981704235,-0.0009320789249613881
1696964993661428700,15.2954287109375,0.14367330074310303,-0.0031956990715116262,0.025698747485876083
1696964993671443000,15.30544287109375,0.13834713399410248,-0.0063913981430232525,-0.011584409512579441
1696964993681457200,15.31545703125,0.13089050352573395,0.02982652559876442,-0.0009320789249613881
1696964993691471400,15.325471435546875,0.14047759771347046,-0.01491326279938221,0.04274247586727142
1696964993701485600,15.335485595703124,0.1351514458656311,-0.01171756349503994,-0.005193010903894901
1696964993711499800,15.345499755859375,0.13089050352573395,0.04793548583984375,0.004394086077809334
1696964993721514000,15.355513916015624,0.1362166702747345,-0.02876129187643528,0.04913387447595596
1696964993731528200,15.365528076171875,0.1351514458656311,0.01810896210372448,-0.0030625448562204838
1696964993741542400,15.37554248046875,0.12982527911663055,0.0063913981430232525,0.034220609813928604
1696964993751556600,15.385556640625,0.1351514458656311,0.01171756349503994,0.017176883295178413
1696964993761570800,15.39557080078125,0.1362166702747345,-0.02663082629442215,0.041677240282297134
1696964993771585000,15.4055849609375,0.13089050352573395,0.03941362351179123,-0.0009320789249613881
1696964993781599200,15.41559912109375,0.13089050352573395,-0.03089175745844841,0.04593817517161369
1696964993791613400,15.425613525390625,0.1362166702747345,0.01491326279938221,0.018242115154862404
1696964993801627600,15.435627685546875,0.13302096724510193,-0.0010652330238372087,0.015046416781842709
1696964993811641900,15.445641845703125,0.13195574283599854,-0.01491326279938221,0.018242115154862404
1696964993821656000,15.455656005859375,0.13408620655536652,0.00852186419069767,0.013981183059513569
1696964993831670300,15.465670166015625,0.13195574283599854,-0.02876129187643528,0.011850717477500439
1696964993841684700,15.475684814453125,0.12982527911663055,0.02343512699007988,-0.011584409512579441
1696964993851699000,15.485698974609376,0.12982527911663055,-0.04154408723115921,0.027829213067889214
1696964993861713200,15.495713134765625,0.12876003980636597,0.0063913981430232525,-0.019041040912270546
1696964993871727400,15.505727294921876,0.12662957608699799,-0.0063913981430232525,0.0011983871227130294
1696964993881741600,15.515741455078125,0.12769481539726257,0,-0.008388710208237171
1696964993891755800,15.525755859375,0.12876003980636597,0,-0.004127778112888336
1696964993901770000,15.53577001953125,0.12876003980636597,-0.012782796286046505,-0.015845341607928276
1696964993911784200,15.5457841796875,0.12236864119768143,0.05113118514418602,-0.029693370684981346
1696964993921798400,15.55579833984375,0.12876003980636597,-0.03515268862247467,0.008655018173158169
1696964993931812600,15.5658125,0.12769481539726257,0.02343512699007988,-0.037150003015995026
1696964993941826800,15.575826904296875,0.1255643367767334,0.0010652330238372087,-0.011584409512579441
1696964993951841000,15.585841064453126,0.12769481539726257,-0.0021304660476744175,-0.028628136962652206
1696964993961855700,15.595855712890625,0.12876003980636597,0.0159784946590662,-0.013714875094592571
1696964993971870000,15.605869873046874,0.12876003980636597,-0.01704372838139534,-0.020106272771954536
1696964993981884200,15.61588427734375,0.12236864119768143,0.03834838792681694,-0.04673709720373154
1696964993991898400,15.6258984375,0.12769481539726257,-0.007456631399691105,0.004394086077809334
1696964994001912600,15.63591259765625,0.1255643367767334,0.0053261648863554,-0.040345702320337296
1696964994011926800,15.6459267578125,0.12449911236763,0.04687025398015976,-0.028628136962652206
1696964994021940700,15.655940673828125,0.12236864119768143,0.0031956990715116262,-0.013714875094592571
1696964994031955000,15.665954833984374,0.12876003980636597,0.02769605815410614,-0.023301972076296806
1696964994041969200,15.67596923828125,0.1255643367767334,0.02663082629442215,-0.027562905102968216
1696964994051983400,15.6859833984375,0.12130340933799744,0.04047885537147522,-0.024367205798625946
1696964994061997600,15.69599755859375,0.12130340933799744,0.03302222490310669,-0.023301972076296806
1696964994072011800,15.70601171875,0.12769481539726257,-0.004260932095348835,-0.009453942999243736
1696964994082026000,15.71602587890625,0.12130340933799744,0.05432688444852829,-0.047802332788705826
1696964994092040000,15.7260400390625,0.12023817747831345,-0.0031956990715116262,-0.010519175790250301
1696964994102054100,15.73605419921875,0.12449911236763,0.03515268862247467,-0.014780107885599136
1696964994112068400,15.746068359375,0.1255643367767334,-0.01384802907705307,-0.016910573467612267
1696964994122082600,15.75608251953125,0.11810771375894547,0.06178351491689682,-0.030758604407310486
1696964994132096800,15.7660966796875,0.12236864119768143,-0.0213046595454216,0.005459319334477186
1696964994142111000,15.776111083984375,0.12449911236763,0.03515268862247467,-0.027562905102968216
1696964994152125000,15.786125,0.12023817747831345,-0.0053261648863554,0.0033288532868027687
1696964994162139100,15.79613916015625,0.11810771375894547,0.02556559257209301,-0.023301972076296806
1696964994172153300,15.8061533203125,0.12130340933799744,0.0106523297727108,0.006524552125483751
1696964994182167600,15.81616748046875,0.12343387305736542,0.004260932095348835,0.004394086077809334
1696964994192181800,15.826181640625,0.11597724258899689,0.04047885537147522,-0.013714875094592571
1696964994202196000,15.836196044921875,0.1149120107293129,0.02236989326775074,0.010785484686493874
1696964994212210700,15.846210693359374,0.12023817747831345,0.02023942768573761,0.012915950268507004
1696964994222225700,15.8562255859375,0.11704248189926147,0.004260932095348835,0.008655018173158169
1696964994232239900,15.866239990234375,0.11171631515026093,0.0319569893181324,-0.004127778112888336
1696964994242253800,15.87625390625,0.11171631515026093,0.02343512699007988,0.013981183059513569
1696964994252268000,15.88626806640625,0.11810771375894547,0,0.012915950268507004
1696964994262282200,15.8962822265625,0.11597724258899689,0.01491326279938221,0.007589785382151604
1696964994272296400,15.90629638671875,0.1149120107293129,-0.004260932095348835,0.009720250964164734
1696964994282310700,15.916310546875,0.1149120107293129,0.03302222490310669,0.005459319334477186
1696964994292324900,15.926324951171875,0.11810771375894547,-0.02769605815410614,0.023568280041217804
1696964994302338800,15.9363388671875,0.11278154700994492,0.03089175745844841,-0.012649642303586006
1696964994312353000,15.94635302734375,0.10852061212062836,0.0031956990715116262,0.007589785382151604
1696964994322367200,15.9563671875,0.11278154700994492,0.012782796286046505,0.018242115154862404
1696964994332381400,15.96638134765625,0.11171631515026093,-0.0031956990715116262,0.005459319334477186
1696964994342395600,15.976395751953126,0.10639014840126038,0.02023942768573761,-0.013714875094592571
1696964994352409900,15.986409912109375,0.10852061212062836,0.02450035884976387,0.015046416781842709
1696964994362423800,15.996423828125,0.11278154700994492,-0.0053261648863554,-0.001997311832383275
1696964994372438000,16.00643798828125,0.10745538026094437,0.03515268862247467,-0.011584409512579441
1696964994382452200,16.0164521484375,0.10745538026094437,-0.009587096981704235,0.011850717477500439
1696964994392466400,16.026466552734377,0.10958584398031235,0.02343512699007988,-0.019041040912270546
1696964994402480600,16.036480712890626,0.11278154700994492,-0.01704372838139534,0.013981183059513569
1696964994412494800,16.046494873046875,0.10639014840126038,0.0159784946590662,-0.028628136962652206
1696964994422509000,16.056509033203124,0.10532491654157639,0.01384802907705307,-0.0030625448562204838
1696964994432523000,16.06652294921875,0.11278154700994492,-0.02663082629442215,0.010785484686493874
1696964994442537200,16.076537109375,0.10852061212062836,0.0106523297727108,-0.025432437658309937
1696964994452551400,16.086551513671875,0.1042596846818924,0.01491326279938221,-0.007323476951569319
1696964994462565600,16.096565673828124,0.10639014840126038,-0.02876129187643528,0.006524552125483751
1696964994472579800,16.106579833984377,0.10639014840126038,0.03728315606713295,-0.026497671380639076
1696964994482594000,16.116593994140626,0.10745538026094437,-0.02769605815410614,0.013981183059513569
1696964994492608300,16.126608154296875,0.09999874979257584,0.05219641700387001,-0.029693370684981346
1696964994502622500,16.13662255859375,0.1031944528222084,-0.01171756349503994,0.018242115154862404
1696964994512636700,16.14663671875,0.1042596846818924,0.0213046595454216,-0.013714875094592571
1696964994522651000,16.15665087890625,0.10212921351194382,0.01171756349503994,-0.009453942999243736
1696964994532665000,16.1666650390625,0.09680305421352386,0.02343512699007988,-0.008388710208237171
1696964994542679300,16.17667919921875,0.1042596846818924,-0.0010652330238372087,0.011850717477500439
1696964994552693500,16.186693603515625,0.10106398165225983,0.01171756349503994,-0.014780107885599136
1696964994562707700,16.196707763671874,0.09680305421352386,0.009587096981704235,-0.001997311832383275
1696964994572722000,16.206721923828123,0.09893351793289185,0.01171756349503994,-0.0009320789249613881
1696964994582736100,16.216736083984376,0.10212921351194382,-0.004260932095348835,-0.001997311832383275
1696964994592750300,16.226750244140625,0.09680305421352386,0.012782796286046505,-0.009453942999243736
1696964994602764500,16.2367646484375,0.09786828607320786,-0.0031956990715116262,0.004394086077809334
1696964994612779000,16.246779052734375,0.09680305421352386,0.01704372838139534,-0.017975807189941406
1696964994622793200,16.256793212890624,0.10212921351194382,-0.02769605815410614,0.019307348877191544
1696964994632807400,16.266807373046873,0.09573781490325928,0.01810896210372448,-0.031823836266994476
1696964994642821600,16.276821533203126,0.09467258304357529,0.009587096981704235,0.007589785382151604
1696964994652835800,16.2868359375,0.10106398165225983,-0.0213046595454216,0.005459319334477186
1696964994662850300,16.296850341796876,0.09999874979257584,0.01171756349503994,-0.005193010903894901
1696964994672864500,16.306864501953125,0.09467258304357529,-0.0031956990715116262,-0.0009320789249613881
1696964994682878700,16.316878662109374,0.09573781490325928,0,0.006524552125483751
1696964994692893000,16.326892822265624,0.10106398165225983,-0.01171756349503994,0.018242115154862404
1696964994702907400,16.336907470703125,0.09786828607320786,-0.004260932095348835,-0.001997311832383275
1696964994712921600,16.346921630859374,0.0936073511838913,-0.007456631399691105,0.012915950268507004
1696964994722935800,16.356935791015626,0.09999874979257584,0,0.026763979345560074
1696964994732950000,16.366949951171875,0.09893351793289185,-0.02236989326775074,0.010785484686493874
1696964994742964500,16.376964599609376,0.09467258304357529,0.0159784946590662,0.019307348877191544
1696964994752978700,16.386978759765626,0.0925421193242073,-0.0053261648863554,0.013981183059513569
1696964994762993000,16.396992919921875,0.09893351793289185,-0.0021304660476744175,0.026763979345560074
1696964994773007000,16.407007080078124,0.09680305421352386,-0.0106523297727108,0.025698747485876083
1696964994783021600,16.417021484375,0.09041165560483932,0.02023942768573761,0.0011983871227130294
1696964994793035800,16.427035888671874,0.0936073511838913,-0.0031956990715116262,0.037416309118270874
1696964994803050000,16.437050048828127,0.09467258304357529,0.004260932095348835,0.008655018173158169
1696964994813064200,16.447064208984376,0.09041165560483932,0.01384802907705307,0.016111649572849274
1696964994823078700,16.45707861328125,0.08721595257520676,-0.0063913981430232525,0.008655018173158169
1696964994833092900,16.4670927734375,0.09147688746452332,0.01917419396340847,0.024633513763546944
1696964994843107000,16.477107177734375,0.0936073511838913,-0.01810896210372448,0.011850717477500439
1696964994853121300,16.487121337890624,0.08828118443489075,0.007456631399691105,0.00226362026296556
1696964994863135700,16.4971357421875,0.08828118443489075,-0.009587096981704235,0.010785484686493874
1696964994873150000,16.50714990234375,0.0925421193242073,-0.0106523297727108,0.005459319334477186
1696964994883164200,16.5171640625,0.09041165560483932,-0.0213046595454216,0.008655018173158169
1696964994893178400,16.527178466796876,0.08828118443489075,-0.007456631399691105,0.006524552125483751
1696964994903192600,16.537192626953125,0.08721595257520676,-0.0031956990715116262,-0.005193010903894901
1696964994913206800,16.547206787109374,0.09147688746452332,-0.0319569893181324,0.021437814459204674
1696964994923221000,16.557220947265623,0.08615072071552277,0,-0.013714875094592571
1696964994933235200,16.567235107421876,0.08402025699615479,-0.01810896210372448,0.009720250964164734
1696964994943249400,16.57724951171875,0.0829550251364708,0.01171756349503994,-0.010519175790250301
1696964994953263600,16.587263671875,0.08934641629457474,-0.0159784946590662,0.025698747485876083
1696964994963277800,16.59727783203125,0.08082455396652222,0.009587096981704235,-0.025432437658309937
1696964994973292000,16.6072919921875,0.08082455396652222,0.0031956990715116262,0.005459319334477186
1696964994983306200,16.61730615234375,0.08402025699615479,-0.0213046595454216,0.009720250964164734
1696964994993320400,16.627320556640626,0.08188978582620621,0.03089175745844841,-0.024367205798625946
1696964995003334700,16.637334716796875,0.0829550251364708,-0.03941362351179123,0.022503048181533813
1696964995013348900,16.647348876953124,0.07869409024715424,0.04154408723115921,-0.031823836266994476
1696964995023363000,16.657363037109373,0.0829550251364708,-0.01917419396340847,0.021437814459204674
1696964995033377300,16.667377197265626,0.08508548885583878,-0.012782796286046505,-0.015845341607928276
1696964995043391500,16.6773916015625,0.07975932210683823,-0.0021304660476744175,-0.005193010903894901
1696964995053405700,16.68740576171875,0.07975932210683823,0.009587096981704235,0.0001331541279796511
1696964995063420000,16.697419921875,0.08721595257520676,-0.03302222490310669,0.005459319334477186
1696964995073434400,16.707434326171875,0.08188978582620621,-0.007456631399691105,-0.011584409512579441
1696964995083448600,16.717448486328124,0.07656362652778625,0.004260932095348835,-0.007323476951569319
1696964995093462800,16.727462890625,0.08188978582620621,-0.0213046595454216,0.015046416781842709
1696964995103477000,16.73747705078125,0.08188978582620621,0,-0.011584409512579441
1696964995113491200,16.7474912109375,0.07762885838747025,-0.01491326279938221,0.008655018173158169
1696964995123505400,16.75750537109375,0.07549838721752167,0.009587096981704235,-0.009453942999243736
1696964995133519600,16.76751953125,0.07975932210683823,-0.02663082629442215,0.010785484686493874
1696964995143533800,16.777533935546874,0.07975932210683823,-0.0063913981430232525,0.00226362026296556
1696964995153548000,16.787548095703126,0.0723026916384697,0.0031956990715116262,-0.008388710208237171
1696964995163562200,16.797562255859376,0.07443315535783768,0.0021304660476744175,0.016111649572849274
1696964995173576400,16.807576416015625,0.07656362652778625,0.007456631399691105,-0.001997311832383275
1696964995183590700,16.817590576171874,0.07336792349815369,-0.009587096981704235,0.009720250964164734
1696964995193604900,16.82760498046875,0.07017222791910172,0.02023942768573761,-0.004127778112888336
1696964995203619000,16.837619140625,0.0723026916384697,0.0053261648863554,0.007589785382151604
1696964995213633300,16.84763330078125,0.07549838721752167,-0.007456631399691105,0.009720250964164734
1696964995223647500,16.8576474609375,0.07017222791910172,0.02236989326775074,-0.008388710208237171
1696964995233661700,16.86766162109375,0.06804175674915314,0,0.00226362026296556
1696964995243676000,16.877676025390624,0.07443315535783768,0.0053261648863554,0.009720250964164734
1696964995253690000,16.887690185546877,0.0723026916384697,-0.00852186419069767,0.0001331541279796511
1696964995263704300,16.897704345703126,0.06591129302978516,0.0159784946590662,-0.005193010903894901
1696964995273718500,16.907718505859375,0.06910699605941772,-0.01491326279938221,0.011850717477500439
1696964995283732700,16.917732666015624,0.0723026916384697,0,-0.001997311832383275
1696964995293747000,16.927746826171877,0.06804175674915314,-0.009587096981704235,0.004394086077809334
1696964995303761200,16.93776123046875,0.06378082931041718,0,-0.005193010903894901
1696964995313775600,16.947775634765627,0.06910699605941772,0,0.018242115154862404
1696964995323789800,16.957789794921876,0.06697652488946915,-0.009587096981704235,-0.005193010903894901
1696964995333804000,16.967803955078125,0.06378082931041718,0.01491326279938221,0.0033288532868027687
1696964995343818200,16.977818359375,0.06378082931041718,-0.0031956990715116262,0.00226362026296556
1696964995353832400,16.98783251953125,0.06804175674915314,-0.0021304660476744175,0.013981183059513569
1696964995363846700,16.9978466796875,0.06378082931041718,0.0063913981430232525,-0.007323476951569319
1696964995373860900,17.00786083984375,0.059519894421100616,0.0106523297727108,0.006524552125483751
1696964995383875000,17.017875,0.06484606117010117,-0.009587096981704235,0.015046416781842709
1696964995393889300,17.02788916015625,0.06484606117010117,0.01704372838139534,-0.0030625448562204838
1696964995403903500,17.037903564453124,0.058454662561416626,-0.0053261648863554,0.0033288532868027687
1696964995413917700,17.047917724609373,0.061650361865758896,0.0063913981430232525,0.008655018173158169
1696964995423932000,17.057931884765626,0.06591129302978516,-0.01917419396340847,0.013981183059513569
1696964995433946000,17.067946044921875,0.060585130006074905,0.012782796286046505,-0.005193010903894901
1696964995443960300,17.077960205078124,0.059519894421100616,-0.01171756349503994,0.016111649572849274
1696964995453974500,17.087974609375,0.06271559745073318,-0.0213046595454216,0.013981183059513569
1696964995463988700,17.09798876953125,0.06378082931041718,0.0021304660476744175,0.010785484686493874
1696964995474003000,17.1080029296875,0.058454662561416626,-0.01704372838139534,0.004394086077809334
1696964995484017200,17.11801708984375,0.060585130006074905,0,0.021437814459204674
1696964995494031400,17.12803125,0.06591129302978516,-0.02450035884976387,0.021437814459204674
1696964995504045600,17.138045654296874,0.060585130006074905,0.00852186419069767,-0.004127778112888336
1696964995514059800,17.148059814453124,0.058454662561416626,-0.0063913981430232525,0.028894444927573204
1696964995524074000,17.158073974609376,0.06484606117010117,-0.01491326279938221,0.024633513763546944
1696964995534088200,17.168088134765625,0.060585130006074905,0.0063913981430232525,0.0001331541279796511
1696964995544102400,17.178102294921874,0.057389430701732635,0.004260932095348835,0.019307348877191544
1696964995554116900,17.188116943359375,0.060585130006074905,0.0010652330238372087,0.024633513763546944
1696964995564131000,17.198131103515625,0.06271559745073318,-0.012782796286046505,0.015046416781842709
1696964995574145300,17.208145263671874,0.057389430701732635,0.02236989326775074,0.005459319334477186
1696964995584159500,17.218159423828126,0.058454662561416626,-0.0010652330238372087,0.021437814459204674
1696964995594173700,17.228173583984375,0.06271559745073318,-0.007456631399691105,0.024633513763546944
1696964995604188000,17.23818798828125,0.058454662561416626,0.0159784946590662,0.0011983871227130294
1696964995614202000,17.2482021484375,0.055258963257074356,0.01491326279938221,0.019307348877191544
1696964995624216300,17.25821630859375,0.059519894421100616,-0.004260932095348835,0.025698747485876083
1696964995634230500,17.26823046875,0.060585130006074905,0.009587096981704235,0.008655018173158169
1696964995644244700,17.27824462890625,0.054193731397390366,0.01384802907705307,0.010785484686493874
1696964995654259000,17.288259033203126,0.054193731397390366,0.0053261648863554,0.013981183059513569
1696964995664273200,17.298273193359375,0.059519894421100616,0.0031956990715116262,0.024633513763546944
1696964995674287400,17.308287353515624,0.057389430701732635,-0.004260932095348835,0.00226362026296556
1696964995684301600,17.318301513671877,0.05312849581241608,0.01810896210372448,0.012915950268507004
1696964995694315800,17.328315673828126,0.057389430701732635,-0.0021304660476744175,0.025698747485876083
1696964995704330000,17.338330078125,0.057389430701732635,-0.004260932095348835,0.010785484686493874
1696964995714344200,17.34834423828125,0.05312849581241608,0.02023942768573761,0.00226362026296556
1696964995724358400,17.3583583984375,0.050998032093048096,0.0010652330238372087,0.013981183059513569
1696964995734372600,17.36837255859375,0.057389430701732635,0.0053261648863554,0.021437814459204674
1696964995744386800,17.37838671875,0.055258963257074356,-0.0021304660476744175,0.006524552125483751
1696964995754401000,17.388401123046876,0.052063263952732086,0.02343512699007988,0.007589785382151604
1696964995764415200,17.398415283203125,0.054193731397390366,-0.004260932095348835,0.021437814459204674
1696964995774429400,17.408429443359374,0.05632419511675835,0.01810896210372448,0.004394086077809334
1696964995784444000,17.41844384765625,0.054193731397390366,0.007456631399691105,0.007589785382151604
1696964995794458000,17.4284580078125,0.050998032093048096,0.03089175745844841,0.0001331541279796511
1696964995804472300,17.438472412109373,0.05632419511675835,0.004260932095348835,0.029959678649902344
1696964995814486500,17.448486572265626,0.05632419511675835,0.01384802907705307,-0.001997311832383275
1696964995824500700,17.458500732421875,0.052063263952732086,0.02023942768573761,0.005459319334477186
1696964995834515000,17.468514892578124,0.050998032093048096,0.01917419396340847,0.012915950268507004
1696964995844529200,17.478529052734373,0.057389430701732635,0.01171756349503994,0.017176883295178413
1696964995854543400,17.48854345703125,0.055258963257074356,0.009587096981704235,0.006524552125483751
1696964995864557600,17.4985576171875,0.05312849581241608,0.0213046595454216,0.007589785382151604
1696964995874571800,17.50857177734375,0.057389430701732635,0.0106523297727108,0.021437814459204674
1696964995884586000,17.5185859375,0.059519894421100616,0.01171756349503994,0.010785484686493874
1696964995894600200,17.52860009765625,0.057389430701732635,0.01810896210372448,0.006524552125483751
1696964995904614400,17.538614501953123,0.054193731397390366,0.02343512699007988,0.005459319334477186
1696964995914628600,17.548628662109376,0.06271559745073318,0.004260932095348835,0.025698747485876083
1696964995924642800,17.558642822265625,0.06484606117010117,0.0063913981430232525,0.009720250964164734
1696964995934657000,17.568656982421874,0.061650361865758896,0.0213046595454216,0.00226362026296556
1696964995944671200,17.578671142578123,0.06271559745073318,0.0031956990715116262,0.017176883295178413
1696964995954685400,17.588685546875,0.06804175674915314,0.0031956990715116262,0.011850717477500439
1696964995964699600,17.59869970703125,0.07017222791910172,-0.007456631399691105,0.010785484686493874
1696964995974713900,17.6087138671875,0.06591129302978516,0.01384802907705307,0.004394086077809334
1696964995984728000,17.61872802734375,0.07017222791910172,0.004260932095348835,0.016111649572849274
1696964995994742300,17.6287421875,0.07549838721752167,-0.0021304660476744175,0.018242115154862404
1696964996004756500,17.638756591796874,0.0723026916384697,0.0010652330238372087,-0.001997311832383275
1696964996014770700,17.648770751953126,0.06804175674915314,0.02769605815410614,0.00226362026296556
1696964996024785200,17.65878515625,0.07443315535783768,-0.00852186419069767,0.029959678649902344
1696964996034799400,17.66879931640625,0.07549838721752167,0.01384802907705307,-0.0009320789249613881
1696964996044813600,17.6788134765625,0.0723026916384697,-0.0010652330238372087,0.006524552125483751
1696964996054827800,17.688827880859375,0.0712374597787857,0.01491326279938221,0.007589785382151604
1696964996064842000,17.698842041015624,0.07443315535783768,0.0010652330238372087,0.009720250964164734
1696964996074856200,17.708856201171876,0.07656362652778625,-0.007456631399691105,0.011850717477500439
1696964996084870400,17.718870361328126,0.0712374597787857,0.004260932095348835,-0.006258244160562754
1696964996094884600,17.728884521484375,0.06910699605941772,0.01704372838139534,0.008655018173158169
1696964996104898800,17.73889892578125,0.07443315535783768,-0.01384802907705307,0.017176883295178413
1696964996114913000,17.7489130859375,0.07336792349815369,-0.004260932095348835,-0.008388710208237171
1696964996124927200,17.75892724609375,0.06910699605941772,0.004260932095348835,0.009720250964164734
1696964996134941400,17.76894140625,0.06804175674915314,0.0031956990715116262,0.00226362026296556
1696964996144955600,17.77895556640625,0.07336792349815369,-0.0010652330238372087,0.010785484686493874
1696964996154969900,17.788969970703125,0.07017222791910172,-0.01917419396340847,0.0011983871227130294
1696964996164984000,17.798984130859374,0.06591129302978516,0.02663082629442215,-0.0030625448562204838
1696964996174998300,17.808998291015627,0.06910699605941772,-0.01917419396340847,0.019307348877191544
1696964996185012500,17.819012451171876,0.0712374597787857,0.0053261648863554,-0.004127778112888336
1696964996195026700,17.829026611328125,0.06910699605941772,-0.0106523297727108,0.009720250964164734
1696964996205041000,17.839041015625,0.06591129302978516,0.01810896210372448,-0.007323476951569319
1696964996215055000,17.84905517578125,0.0712374597787857,-0.0106523297727108,0.019307348877191544
1696964996225069300,17.8590693359375,0.07443315535783768,0,0.0033288532868027687
1696964996235083500,17.86908349609375,0.0712374597787857,0.0031956990715116262,0.004394086077809334
1696964996245097700,17.87909765625,0.07017222791910172,0.0031956990715116262,0.0001331541279796511
1696964996255112000,17.88911181640625,0.07443315535783768,0.009587096981704235,0.009720250964164734
1696964996265126400,17.89912646484375,0.07762885838747025,-0.01491326279938221,0.020372580736875534
1696964996275140600,17.909140625,0.07336792349815369,0.02023942768573761,-0.011584409512579441
1696964996285154800,17.91915478515625,0.07336792349815369,0.009587096981704235,0.013981183059513569
1696964996295169000,17.9291689453125,0.08082455396652222,-0.0106523297727108,0.009720250964164734
1696964996305183200,17.939183349609376,0.08082455396652222,0.007456631399691105,0.006524552125483751
1696964996315197400,17.949197509765625,0.07869409024715424,0.0010652330238372087,0.005459319334477186
1696964996325211600,17.959211669921874,0.08082455396652222,0.02876129187643528,0.00226362026296556
1696964996335225900,17.969225830078123,0.08828118443489075,-0.01810896210372448,0.019307348877191544
1696964996345240000,17.979239990234376,0.08828118443489075,0.0063913981430232525,-0.004127778112888336
1696964996355254300,17.989254150390625,0.08508548885583878,0.0106523297727108,0.006524552125483751
1696964996365268500,17.9992685546875,0.08828118443489075,0.0021304660476744175,0.008655018173158169
1696964996375282700,18.00928271484375,0.09467258304357529,-0.0053261648863554,0.008655018173158169
1696964996385297000,18.019296875,0.0925421193242073,-0.0053261648863554,0.0033288532868027687
1696964996395311000,18.02931103515625,0.08828118443489075,0.02982652559876442,-0.005193010903894901
1696964996405325300,18.0393251953125,0.09467258304357529,-0.004260932095348835,0.016111649572849274
1696964996415339500,18.049339599609375,0.09786828607320786,0.0010652330238372087,0.005459319334477186
1696964996425353700,18.059353759765624,0.0936073511838913,0.012782796286046505,0.00226362026296556
1696964996435368000,18.069367919921874,0.0925421193242073,0.01704372838139534,0.0001331541279796511
1696964996445382100,18.079382080078126,0.09573781490325928,0.0106523297727108,0.015046416781842709
1696964996455396400,18.089396240234375,0.09999874979257584,-0.0031956990715116262,0.010785484686493874
1696964996465410600,18.09941064453125,0.09573781490325928,0.02343512699007988,-0.001997311832383275
1696964996475424800,18.1094248046875,0.0925421193242073,0.01384802907705307,0.007589785382151604
1696964996485439000,18.11943896484375,0.10106398165225983,-0.0010652330238372087,0.019307348877191544
1696964996495453200,18.129453125,0.09999874979257584,-0.0053261648863554,0.012915950268507004
1696964996505467600,18.139467529296876,0.09467258304357529,0.02450035884976387,0.0001331541279796511
1696964996515481900,18.14948193359375,0.09573781490325928,0,0.017176883295178413
1696964996525496000,18.15949609375,0.1031944528222084,-0.0063913981430232525,0.022503048181533813
1696964996535510300,18.16951025390625,0.09893351793289185,-0.0063913981430232525,0.006524552125483751
1696964996545524500,18.1795244140625,0.09786828607320786,0.004260932095348835,0.013981183059513569
1696964996555538700,18.18953857421875,0.09573781490325928,0.0159784946590662,0.011850717477500439
1696964996565553000,18.199552978515626,0.10532491654157639,-0.02556559257209301,0.028894444927573204
1696964996575567000,18.209567138671876,0.10106398165225983,0.0063913981430232525,0.004394086077809334
1696964996585581300,18.219581298828125,0.09680305421352386,-0.0010652330238372087,0.013981183059513569
1696964996595595500,18.229595458984374,0.10212921351194382,-0.0010652330238372087,0.019307348877191544
1696964996605609700,18.239609619140627,0.10639014840126038,-0.009587096981704235,0.018242115154862404
1696964996615624000,18.2496240234375,0.1031944528222084,0.00852186419069767,0.0011983871227130294
1696964996625638100,18.25963818359375,0.10212921351194382,0.0021304660476744175,0.016111649572849274
1696964996635652400,18.26965234375,0.10745538026094437,0.0053261648863554,0.017176883295178413
1696964996645666600,18.27966650390625,0.10958584398031235,-0.0106523297727108,0.021437814459204674
1696964996655680800,18.2896806640625,0.10745538026094437,0.01704372838139534,-0.001997311832383275
1696964996665695000,18.299695068359377,0.10745538026094437,0.0063913981430232525,0.013981183059513569
1696964996675709200,18.309709228515626,0.1138467788696289,0.0053261648863554,0.022503048181533813
1696964996685723400,18.319723388671875,0.1149120107293129,-0.0063913981430232525,0.008655018173158169
1696964996695737600,18.329737548828124,0.11171631515026093,0.02236989326775074,0.005459319334477186
1696964996705751800,18.339751708984377,0.11278154700994492,0.0053261648863554,0.017176883295178413
1696964996715766000,18.34976611328125,0.11704248189926147,0.00852186419069767,0.012915950268507004
1696964996725780200,18.3597802734375,0.11810771375894547,-0.007456631399691105,0.015046416781842709
1696964996735794400,18.36979443359375,0.1138467788696289,0.02769605815410614,0.0001331541279796511
1696964996745809000,18.379808837890625,0.11597724258899689,0.00852186419069767,0.025698747485876083
1696964996755823000,18.389822998046874,0.12130340933799744,-0.0106523297727108,0.020372580736875534
1696964996765837300,18.39983740234375,0.11704248189926147,0.02876129187643528,-0.001997311832383275
1696964996775851500,18.4098515625,0.1138467788696289,0.0031956990715116262,0.023568280041217804
1696964996785865700,18.41986572265625,0.11810771375894547,0.02343512699007988,0.013981183059513569
1696964996795880000,18.4298798828125,0.12130340933799744,-0.0010652330238372087,0.027829213067889214
1696964996805894100,18.43989404296875,0.11597724258899689,0.01491326279938221,0.0011983871227130294
1696964996815908400,18.449908447265624,0.11278154700994492,0.03302222490310669,0.012915950268507004
1696964996825922600,18.459922607421873,0.12023817747831345,0,0.03528584539890289
1696964996835936800,18.469936767578126,0.11917294561862946,0.01171756349503994,0.008655018173158169
1696964996845951000,18.479950927734375,0.11704248189926147,0.01384802907705307,0.012915950268507004
1696964996855965200,18.489965087890624,0.11278154700994492,0.02769605815410614,0.012915950268507004
1696964996865979400,18.4999794921875,0.12023817747831345,0.0053261648863554,0.025698747485876083
1696964996875993600,18.50999365234375,0.11917294561862946,0.004260932095348835,0.009720250964164734
1696964996886007800,18.5200078125,0.1149120107293129,0.0213046595454216,0.011850717477500439
1696964996896022000,18.53002197265625,0.1149120107293129,0.01704372838139534,0.013981183059513569
1696964996906036200,18.5400361328125,0.11917294561862946,0.009587096981704235,0.019307348877191544
1696964996916050400,18.550050537109374,0.11810771375894547,-0.0053261648863554,0.004394086077809334
1696964996926064600,18.560064697265624,0.1149120107293129,0.03302222490310669,0.0011983871227130294
1696964996936078800,18.570078857421876,0.11597724258899689,0.0021304660476744175,0.021437814459204674
1696964996946093000,18.580093017578125,0.12023817747831345,0.01491326279938221,0.009720250964164734
1696964996956107300,18.590107177734374,0.11810771375894547,0,0.004394086077809334
1696964996966121500,18.60012158203125,0.11704248189926147,0.02023942768573761,0.006524552125483751
1696964996976136000,18.610135986328125,0.11917294561862946,0.007456631399691105,0.016111649572849274
1696964996986150100,18.620150146484374,0.12236864119768143,0.0106523297727108,0.011850717477500439
1696964996996164400,18.630164306640626,0.12236864119768143,0.0010652330238372087,0.009720250964164734
1696964997006178600,18.640178466796876,0.11917294561862946,0.03728315606713295,-0.006258244160562754
1696964997016192800,18.65019287109375,0.1255643367767334,0.00852186419069767,0.031024912372231483
1696964997026207000,18.66020703125,0.12876003980636597,0.0106523297727108,0.008655018173158169
1696964997036221200,18.67022119140625,0.12662957608699799,0.01917419396340847,0.006524552125483751
1696964997046235400,18.6802353515625,0.1255643367767334,0.02663082629442215,0.011850717477500439
1696964997056249600,18.69024951171875,0.1351514458656311,0.0010652330238372087,0.022503048181533813
1696964997066263800,18.700263916015626,0.1351514458656311,0.01384802907705307,0.008655018173158169
1696964997076278000,18.710278076171875,0.13089050352573395,0.02556559257209301,0.010785484686493874
1696964997086292200,18.720292236328124,0.13302096724510193,0.02663082629442215,0.013981183059513569
1696964997096306400,18.730306396484377,0.14047759771347046,0.0021304660476744175,0.023568280041217804
1696964997106320600,18.740320556640626,0.13834713399410248,0.0106523297727108,0.0011983871227130294
1696964997116334800,18.7503349609375,0.13302096724510193,0.04367455467581749,0.0011983871227130294
1696964997126349000,18.76034912109375,0.13941237330436707,0.007456631399691105,0.028894444927573204
1696964997136363300,18.77036328125,0.14473854005336761,0.007456631399691105,0.011850717477500439
1696964997146377500,18.78037744140625,0.13941237330436707,0.03302222490310669,-0.005193010903894901
1696964997156391700,18.7903916015625,0.13728190958499908,0.02236989326775074,0.017176883295178413
1696964997166406000,18.800406005859376,0.14047759771347046,0.0106523297727108,0.004394086077809334
1696964997176420400,18.81042041015625,0.14367330074310303,0.02023942768573761,0.016111649572849274
1696964997186434600,18.8204345703125,0.13941237330436707,0,0.005459319334477186
1696964997196448800,18.83044873046875,0.13408620655536652,0.04473978653550148,-0.0030625448562204838
1696964997206463000,18.840462890625,0.14154283702373505,-0.01491326279938221,0.026763979345560074
1696964997216477400,18.8504775390625,0.13941237330436707,0.01171756349503994,0.0011983871227130294
1696964997226491600,18.86049169921875,0.13302096724510193,0.02769605815410614,0.0011983871227130294
1696964997236505900,18.870505859375,0.13302096724510193,0.01491326279938221,0.020372580736875534
1696964997246520000,18.88052001953125,0.1362166702747345,0.004260932095348835,0.011850717477500439
1696964997256534500,18.890534423828125,0.13302096724510193,0.01917419396340847,0.0001331541279796511
1696964997266548700,18.900548828125,0.12876003980636597,0.01704372838139534,0.016111649572849274
1696964997276563000,18.91056298828125,0.12769481539726257,0.02450035884976387,0.007589785382151604
1696964997286577200,18.9205771484375,0.13195574283599854,-0.0031956990715116262,0.021437814459204674
1696964997296591400,18.93059130859375,0.12662957608699799,0.009587096981704235,0.0011983871227130294
1696964997306605800,18.940605712890626,0.12130340933799744,0.02343512699007988,0.016111649572849274
1696964997316620000,18.9506201171875,0.12449911236763,0.012782796286046505,0.013981183059513569
1696964997326634200,18.96063427734375,0.12662957608699799,-0.0063913981430232525,0.017176883295178413
1696964997336648400,18.9706484375,0.12023817747831345,0.0159784946590662,0.006524552125483751
1696964997346663000,18.980662841796875,0.11917294561862946,0.03408745676279068,0.012915950268507004
1696964997356677000,18.990677001953124,0.12343387305736542,-0.01384802907705307,0.025698747485876083
1696964997366691300,19.00069140625,0.12130340933799744,0.02982652559876442,0.00226362026296556
1696964997376705500,19.01070556640625,0.11917294561862946,0.0053261648863554,0.016111649572849274
1696964997386720000,19.020719970703126,0.11917294561862946,0.03302222490310669,-0.0009320789249613881
1696964997396734200,19.030734130859376,0.1255643367767334,-0.01810896210372448,0.033155377954244614
1696964997406748400,19.04074853515625,0.12343387305736542,0.02343512699007988,-0.017975807189941406
1696964997416762600,19.0507626953125,0.12130340933799744,0.012782796286046505,0.015046416781842709
1696964997426777000,19.060777099609375,0.12449911236763,0.012782796286046505,0.009720250964164734
1696964997436791300,19.070791259765624,0.12876003980636597,-0.004260932095348835,-0.0009320789249613881
1696964997446805500,19.080805419921877,0.12662957608699799,0.0053261648863554,-0.0030625448562204838
1696964997456819700,19.09081982421875,0.12343387305736542,0.0159784946590662,0.0011983871227130294
1696964997466834000,19.100833984375,0.12982527911663055,0.007456631399691105,0.00226362026296556
1696964997476848400,19.110848388671876,0.13302096724510193,-0.004260932095348835,0.006524552125483751
1696964997486862600,19.120862548828125,0.12876003980636597,0.02236989326775074,-0.012649642303586006
1696964997496876800,19.130876708984374,0.12769481539726257,0.02023942768573761,0.005459319334477186
1696964997506891000,19.14089111328125,0.13302096724510193,0.0021304660476744175,0.0033288532868027687
1696964997516905200,19.1509052734375,0.13302096724510193,0.01810896210372448,-0.004127778112888336
1696964997526919400,19.16091943359375,0.12982527911663055,0.01384802907705307,0.0033288532868027687
1696964997536933600,19.17093359375,0.12982527911663055,0.02663082629442215,-0.001997311832383275
1696964997546947800,19.18094775390625,0.1362166702747345,0.0010652330238372087,0.009720250964164734
1696964997556962000,19.190962158203124,0.1351514458656311,0.007456631399691105,-0.0030625448562204838
1696964997566976300,19.200976318359373,0.12982527911663055,0.01810896210372448,0.0011983871227130294
1696964997576990500,19.210990478515626,0.12982527911663055,0.01810896210372448,0.0011983871227130294
1696964997587004700,19.221004638671875,0.13728190958499908,-0.01384802907705307,0.015046416781842709
1696964997597019000,19.231018798828124,0.13302096724510193,0.0063913981430232525,-0.006258244160562754
1696964997607033000,19.241033203125,0.12769481539726257,0.02343512699007988,0.00226362026296556
1696964997617047300,19.25104736328125,0.12876003980636597,0.01704372838139534,0.012915950268507004
1696964997627061500,19.2610615234375,0.13408620655536652,-0.0021304660476744175,0.0033288532868027687
1696964997637075700,19.27107568359375,0.12876003980636597,0.02023942768573761,0.0001331541279796511
1696964997647090000,19.28108984375,0.12343387305736542,0.01491326279938221,0.011850717477500439
1696964997657104100,19.291104248046874,0.1255643367767334,0.02556559257209301,0.0033288532868027687
1696964997667118300,19.301118408203124,0.12876003980636597,-0.0106523297727108,0.016111649572849274
1696964997677132500,19.311132568359376,0.12130340933799744,0.02343512699007988,-0.001997311832383275
1696964997687146800,19.321146728515625,0.11597724258899689,0.02663082629442215,0.004394086077809334
1696964997697161000,19.331160888671874,0.12130340933799744,0.01384802907705307,0.019307348877191544
1696964997707175200,19.341175048828124,0.12343387305736542,0.0021304660476744175,0.009720250964164734
1696964997717189600,19.351189697265625,0.11597724258899689,0.03941362351179123,-0.004127778112888336
1696964997727203800,19.361203857421874,0.11278154700994492,0.02023942768573761,0.016111649572849274
1696964997737218000,19.371218017578126,0.12023817747831345,0.0213046595454216,0.004394086077809334
1696964997747232300,19.381232177734375,0.12130340933799744,-0.0010652330238372087,0.015046416781842709
1696964997757246500,19.39124658203125,0.1149120107293129,0.01704372838139534,0.00226362026296556
1696964997767260700,19.4012607421875,0.11278154700994492,0.03728315606713295,0.004394086077809334
1696964997777275000,19.41127490234375,0.12023817747831345,-0.01384802907705307,0.016111649572849274
1696964997787289000,19.4212890625,0.11810771375894547,0.01917419396340847,-0.0009320789249613881
1696964997797303300,19.43130322265625,0.1149120107293129,0.004260932095348835,0.011850717477500439
1696964997807317500,19.4413173828125,0.1149120107293129,0.02982652559876442,0.0001331541279796511
1696964997817331700,19.451331787109375,0.12236864119768143,-0.01810896210372448,0.023568280041217804
1696964997827346000,19.461345947265624,0.11917294561862946,0.02450035884976387,-0.009453942999243736
1696964997837360000,19.471360107421877,0.11597724258899689,0.007456631399691105,0.020372580736875534
1696964997847374300,19.481374267578126,0.11597724258899689,0.03089175745844841,-0.0030625448562204838
1696964997857388500,19.491388427734375,0.12343387305736542,-0.0063913981430232525,0.024633513763546944
1696964997867402800,19.50140283203125,0.12023817747831345,0.00852186419069767,-0.004127778112888336
1696964997877417000,19.5114169921875,0.11704248189926147,0.02450035884976387,0.011850717477500439
1696964997887431200,19.52143115234375,0.11810771375894547,0.0053261648863554,0.016111649572849274
1696964997897445400,19.5314453125,0.1255643367767334,0.0021304660476744175,0.008655018173158169
1696964997907459600,19.54145947265625,0.12130340933799744,0.0021304660476744175,0.011850717477500439
1696964997917473800,19.551473876953125,0.11704248189926147,0.02236989326775074,0.005459319334477186
1696964997927488000,19.561488037109374,0.12130340933799744,0.009587096981704235,0.020372580736875534
1696964997937502200,19.571502197265627,0.1255643367767334,-0.0063913981430232525,0.019307348877191544
1696964997947516400,19.581516357421876,0.12023817747831345,0.01810896210372448,0.00226362026296556
1696964997957531000,19.59153076171875,0.11597724258899689,0.01384802907705307,0.012915950268507004
1696964997967545000,19.601545166015626,0.12236864119768143,0.01384802907705307,0.019307348877191544
1696964997977559300,19.611559326171875,0.12343387305736542,-0.012782796286046505,0.022503048181533813
1696964997987573500,19.621573486328124,0.11597724258899689,0.03408745676279068,-0.005193010903894901
1696964997997587700,19.631587646484373,0.1149120107293129,0.007456631399691105,0.024633513763546944
1696964998007602000,19.641601806640626,0.12023817747831345,0.01384802907705307,0.017176883295178413
1696964998017616100,19.6516162109375,0.11917294561862946,-0.0053261648863554,0.019307348877191544
1696964998027630300,19.66163037109375,0.1149120107293129,0.02343512699007988,0.004394086077809334
1696964998037644500,19.67164453125,0.11065108329057693,0.02556559257209301,0.016111649572849274
1696964998047658800,19.68165869140625,0.11810771375894547,-0.0010652330238372087,0.027829213067889214
1696964998057673000,19.6916728515625,0.11810771375894547,0.009587096981704235,0.008655018173158169
1696964998067687200,19.701687255859376,0.11278154700994492,0.01704372838139534,0.018242115154862404
1696964998077701400,19.711701416015625,0.10958584398031235,0.02343512699007988,0.012915950268507004
1696964998087715600,19.721715576171874,0.11597724258899689,0.01171756349503994,0.025698747485876083
1696964998097729800,19.731729736328123,0.1149120107293129,-0.009587096981704235,0.013981183059513569
1696964998107744000,19.741743896484376,0.10958584398031235,0.03621792420744896,0.005459319334477186
1696964998117758200,19.75175830078125,0.10852061212062836,0.0063913981430232525,0.027829213067889214
1696964998127772400,19.7617724609375,0.1149120107293129,0.012782796286046505,0.015046416781842709
1696964998137786600,19.77178662109375,0.11278154700994492,-0.004260932095348835,0.012915950268507004
1696964998147800800,19.78180078125,0.10745538026094437,0.02982652559876442,0.009720250964164734
1696964998157815000,19.79181494140625,0.10852061212062836,0.00852186419069767,0.023568280041217804
1696964998167829200,19.801829345703126,0.1149120107293129,0.01491326279938221,0.018242115154862404
1696964998177843500,19.811843505859375,0.11065108329057693,0.004260932095348835,0.007589785382151604
1696964998187857700,19.821857666015624,0.10745538026094437,0.02450035884976387,0.012915950268507004
1696964998197872000,19.8318720703125,0.10958584398031235,0.01810896210372448,0.017176883295178413
1696964998207886300,19.84188623046875,0.1138467788696289,-0.0010652330238372087,0.023568280041217804
1696964998217900500,19.851900634765624,0.11065108329057693,0.012782796286046505,-0.0009320789249613881
1696964998227914800,19.861914794921876,0.10532491654157639,0.03408745676279068,0.007589785382151604
1696964998237929000,19.871928955078126,0.11065108329057693,0.009587096981704235,0.025698747485876083
1696964998247943200,19.881943115234375,0.1138467788696289,0.01704372838139534,0.006524552125483751
1696964998257957400,19.891957275390624,0.10745538026094437,0.01384802907705307,0.0033288532868027687
1696964998267971600,19.9019716796875,0.10532491654157639,0.02663082629442215,0.010785484686493874
1696964998277985800,19.91198583984375,0.10958584398031235,0.01384802907705307,0.015046416781842709
1696964998288000000,19.922,0.11065108329057693,0.0031956990715116262,0.010785484686493874
1696964998298014200,19.93201416015625,0.10639014840126038,0.03089175745844841,-0.005193010903894901
1696964998308028400,19.9420283203125,0.1031944528222084,0.01491326279938221,0.013981183059513569
1696964998318042600,19.952042724609374,0.10958584398031235,0.007456631399691105,0.021437814459204674
1696964998328056800,19.962056884765627,0.10745538026094437,0.007456631399691105,0.0001331541279796511
1696964998338071000,19.972071044921876,0.10212921351194382,0.02769605815410614,0.0033288532868027687
1696964998348085200,19.982085205078125,0.1031944528222084,0.01171756349503994,0.019307348877191544
1696964998358099500,19.992099365234374,0.10852061212062836,0.00852186419069767,0.011850717477500439
1696964998368113700,20.00211376953125,0.1042596846818924,0.0031956990715116262,0.0001331541279796511
1696964998378128000,20.0121279296875,0.09786828607320786,0.02982652559876442,0.005459319334477186
1696964998388142000,20.02214208984375,0.10106398165225983,0,0.018242115154862404
1696964998398156300,20.03215625,0.10532491654157639,0.00852186419069767,0.012915950268507004
1696964998408170500,20.04217041015625,0.09893351793289185,0.0063913981430232525,-0.0009320789249613881
1696964998418184700,20.052184814453124,0.0925421193242073,0.02663082629442215,0.008655018173158169
1696964998428199000,20.062198974609377,0.09893351793289185,-0.0010652330238372087,0.025698747485876083
1696964998438213400,20.07221337890625,0.09893351793289185,-0.0021304660476744175,0.004394086077809334
1696964998448227600,20.0822275390625,0.0925421193242073,0.02556559257209301,-0.004127778112888336
1696964998458241800,20.09224169921875,0.09041165560483932,0.01704372838139534,0.019307348877191544
1696964998468256000,20.102256103515625,0.09467258304357529,0.0063913981430232525,0.013981183059513569
1696964998478270200,20.112270263671874,0.09467258304357529,0.009587096981704235,0.010785484686493874
1696964998488284400,20.122284423828123,0.08721595257520676,0.02663082629442215,-0.004127778112888336
1696964998498298600,20.132298583984376,0.08721595257520676,0.01917419396340847,0.021437814459204674
1696964998508312800,20.142312744140625,0.0925421193242073,-0.00852186419069767,0.017176883295178413
1696964998518327000,20.1523271484375,0.08934641629457474,0.012782796286046505,-0.005193010903894901
1696964998528341200,20.16234130859375,0.08402025699615479,0.02236989326775074,0.008655018173158169
1696964998538355500,20.17235546875,0.08615072071552277,0.0063913981430232525,0.016111649572849274
1696964998548369700,20.18236962890625,0.08934641629457474,-0.0021304660476744175,0.011850717477500439
1696964998558383900,20.1923837890625,0.08402025699615479,0.01171756349503994,-0.005193010903894901
1696964998568398000,20.202398193359375,0.08082455396652222,0.01704372838139534,0.008655018173158169
1696964998578412300,20.212412353515624,0.0829550251364708,0.0031956990715116262,0.016111649572849274
1696964998588426500,20.222426513671873,0.0829550251364708,0,0.005459319334477186
1696964998598440700,20.232440673828126,0.07762885838747025,0.02343512699007988,-0.009453942999243736
1696964998608455000,20.242454833984375,0.07656362652778625,0.01917419396340847,0.016111649572849274
1696964998618469000,20.25246923828125,0.07975932210683823,0.0010652330238372087,0.011850717477500439
1696964998628483300,20.2624833984375,0.07656362652778625,0.012782796286046505,-0.005193010903894901
1696964998638497500,20.27249755859375,0.0723026916384697,0.02876129187643528,0.006524552125483751
1696964998648511700,20.28251171875,0.07336792349815369,0.0063913981430232525,0.010785484686493874
1696964998658526000,20.29252587890625,0.07762885838747025,0.0106523297727108,0.004394086077809334
1696964998668540400,20.30254052734375,0.0723026916384697,-0.00852186419069767,0.007589785382151604
1696964998678554600,20.3125546875,0.06804175674915314,0.03834838792681694,-0.009453942999243736
1696964998688568800,20.32256884765625,0.07336792349815369,-0.012782796286046505,0.027829213067889214
1696964998698583000,20.3325830078125,0.07336792349815369,0.012782796286046505,-0.004127778112888336
1696964998708597200,20.34259716796875,0.0712374597787857,0.0010652330238372087,0.005459319334477186
1696964998718611500,20.352611572265626,0.06591129302978516,0.02556559257209301,-0.006258244160562754
1696964998728625700,20.362625732421876,0.07336792349815369,-0.0106523297727108,0.028894444927573204
1696964998738640000,20.372639892578125,0.07336792349815369,0.0010652330238372087,-0.0030625448562204838
1696964998748654000,20.382654052734374,0.06697652488946915,0.01810896210372448,-0.0030625448562204838
1696964998758668300,20.392668212890626,0.06591129302978516,0.0159784946590662,0.017176883295178413
1696964998768682500,20.4026826171875,0.0712374597787857,0.0010652330238372087,0.012915950268507004
1696964998778696700,20.41269677734375,0.07017222791910172,-0.0010652330238372087,0.00226362026296556
1696964998788711000,20.4227109375,0.06378082931041718,0.02556559257209301,-0.0009320789249613881
1696964998798725000,20.43272509765625,0.06591129302978516,-0.0010652330238372087,0.022503048181533813
1696964998808739300,20.4427392578125,0.07017222791910172,-0.004260932095348835,0.008655018173158169
1696964998818753500,20.45275341796875,0.06697652488946915,-0.0063913981430232525,-0.0009320789249613881
1696964998828767700,20.462767822265626,0.060585130006074905,0.03302222490310669,0.0001331541279796511
1696964998838782000,20.472781982421875,0.06591129302978516,-0.007456631399691105,0.022503048181533813
1696964998848796200,20.482796142578124,0.06697652488946915,0.0106523297727108,-0.0030625448562204838
1696964998858810400,20.492810302734377,0.06271559745073318,-0.0031956990715116262,0.0011983871227130294
1696964998868824600,20.502824462890626,0.058454662561416626,0.01704372838139534,-0.0009320789249613881
1696964998878838800,20.5128388671875,0.06271559745073318,-0.004260932095348835,0.012915950268507004
1696964998888853000,20.52285302734375,0.06484606117010117,-0.01704372838139534,0.004394086077809334
1696964998898867200,20.5328671875,0.05632419511675835,0.01810896210372448,-0.017975807189941406
1696964998908881700,20.542881591796874,0.055258963257074356,-0.0010652330238372087,0.015046416781842709
1696964998918895900,20.552895751953123,0.059519894421100616,-0.00852186419069767,0.006524552125483751
1696964998928910000,20.56291015625,0.057389430701732635,-0.0031956990715116262,-0.007323476951569319
1696964998938924300,20.57292431640625,0.050998032093048096,0.012782796286046505,-0.006258244160562754
1696964998948938500,20.5829384765625,0.050998032093048096,0.01491326279938221,0.004394086077809334
1696964998958952700,20.59295263671875,0.05632419511675835,-0.02343512699007988,0.011850717477500439
1696964998968967000,20.602966796875,0.052063263952732086,-0.0021304660476744175,-0.019041040912270546
1696964998978981000,20.612981201171873,0.047802332788705826,0.01491326279938221,0.0011983871227130294
1696964998988995300,20.622995361328126,0.048867564648389816,-0.0053261648863554,0.010785484686493874
1696964998999009500,20.633009521484375,0.052063263952732086,-0.0063913981430232525,-0.001997311832383275
1696964999009024000,20.64302392578125,0.047802332788705826,-0.004260932095348835,-0.010519175790250301
1696964999019038200,20.6530380859375,0.042476166039705276,0.01917419396340847,-0.004127778112888336
1696964999029052400,20.663052490234374,0.048867564648389816,-0.00852186419069767,0.018242115154862404
1696964999039066600,20.673066650390624,0.048867564648389816,-0.0053261648863554,-0.008388710208237171
1696964999049081000,20.6830810546875,0.043541401624679565,0.0106523297727108,-0.009453942999243736
1696964999059095300,20.69309521484375,0.041410934180021286,0.0053261648863554,0.008655018173158169
1696964999069109500,20.703109619140626,0.04673709720373154,-0.0021304660476744175,0.011850717477500439
1696964999079123700,20.713123779296875,0.045671865344047546,-0.0159784946590662,-0.004127778112888336
1696964999089138200,20.72313818359375,0.040345702320337296,0.01917419396340847,-0.012649642303586006
1696964999099152400,20.73315234375,0.041410934180021286,0.00852186419069767,0.016111649572849274
1696964999109166600,20.74316650390625,0.04673709720373154,-0.0106523297727108,0.010785484686493874
1696964999119180800,20.753180908203124,0.043541401624679565,0.004260932095348835,-0.010519175790250301
1696964999129195000,20.763195068359376,0.03928046673536301,0.009587096981704235,0.0011983871227130294
1696964999139209500,20.77320947265625,0.041410934180021286,0.0106523297727108,0.007589785382151604
1696964999149223700,20.7832236328125,0.044606633484363556,-0.0063913981430232525,0.005459319334477186
1696964999159238000,20.79323779296875,0.042476166039705276,-0.0031956990715116262,-0.007323476951569319
1696964999169252000,20.803252197265625,0.038215234875679016,0.012782796286046505,-0.004127778112888336
1696964999179266600,20.8132666015625,0.040345702320337296,-0.0053261648863554,0.017176883295178413
1696964999189280800,20.82328076171875,0.041410934180021286,-0.0053261648863554,-0.005193010903894901
1696964999199295000,20.833294921875,0.03928046673536301,-0.0031956990715116262,-0.011584409512579441
1696964999209309200,20.84330908203125,0.035019535571336746,0.0106523297727108,0.0001331541279796511
1696964999219323600,20.85332373046875,0.038215234875679016,0.0021304660476744175,0.006524552125483751
1696964999229337900,20.863337890625,0.038215234875679016,-0.0021304660476744175,0.0011983871227130294
1696964999239352000,20.87335205078125,0.035019535571336746,-0.0010652330238372087,-0.016910573467612267
1696964999249366300,20.8833662109375,0.030758604407310486,0.02663082629442215,-0.001997311832383275
1696964999259380500,20.89338037109375,0.033954303711652756,-0.0106523297727108,0.017176883295178413
1696964999269395000,20.90339501953125,0.033954303711652756,0.0031956990715116262,-0.009453942999243736
1696964999279409200,20.9134091796875,0.029693370684981346,-0.0021304660476744175,-0.008388710208237171
1696964999289423400,20.92342333984375,0.025432437658309937,0.0213046595454216,0.0011983871227130294
1696964999299437600,20.9334375,0.031823836266994476,-0.00852186419069767,0.015046416781842709
1696964999309451800,20.94345166015625,0.029693370684981346,0.0031956990715116262,-0.008388710208237171
1696964999319466000,20.953466064453124,0.025432437658309937,0.0063913981430232525,-0.001997311832383275
1696964999329480200,20.963480224609373,0.024367205798625946,0.0159784946590662,0.0011983871227130294
1696964999339494400,20.973494384765626,0.027562905102968216,-0.0053261648863554,0.020372580736875534
1696964999349508600,20.983508544921875,0.025432437658309937,-0.01171756349503994,-0.005193010903894901
1696964999359522800,20.993522705078124,0.020106272771954536,0.02876129187643528,-0.008388710208237171
1696964999369537000,21.003537109375,0.017975807189941406,-0.0021304660476744175,0.023568280041217804
1696964999379551200,21.01355126953125,0.024367205798625946,0.0063913981430232525,0.005459319334477186
1696964999389565400,21.0235654296875,0.021171506494283676,0.0010652330238372087,0.00226362026296556
1696964999399579600,21.03357958984375,0.015845341607928276,0.01384802907705307,0.00226362026296556
1696964999409593900,21.04359375,0.016910573467612267,0.01704372838139534,0.009720250964164734
1696964999419608000,21.053608154296874,0.022236740216612816,-0.004260932095348835,0.020372580736875534
1696964999429622300,21.063622314453124,0.015845341607928276,0.004260932095348835,-0.005193010903894901
1696964999439636500,21.073636474609376,0.012649642303586006,0.01491326279938221,0.0033288532868027687
1696964999449650700,21.083650634765625,0.012649642303586006,0.007456631399691105,0.019307348877191544
1696964999459665000,21.093664794921875,0.017975807189941406,0.0010652330238372087,0.012915950268507004
1696964999469679000,21.10367919921875,0.015845341607928276,-0.0010652330238372087,-0.004127778112888336
1696964999479693300,21.113693359375,0.012649642303586006,0.0106523297727108,0.008655018173158169
1696964999489707500,21.12370751953125,0.012649642303586006,0.01384802907705307,0.013981183059513569
1696964999499721700,21.1337216796875,0.016910573467612267,0,0.013981183059513569
1696964999509736200,21.143736083984376,0.013714875094592571,0.0010652330238372087,-0.004127778112888336
1696964999519750400,21.15375048828125,0.010519175790250301,0.02556559257209301,0.005459319334477186
1696964999529764600,21.1637646484375,0.011584409512579441,0.0053261648863554,0.021437814459204674
1696964999539778800,21.17377880859375,0.016910573467612267,0.004260932095348835,0.017176883295178413
1696964999549793000,21.18379296875,0.014780107885599136,-0.004260932095348835,-0.012649642303586006
1696964999559807200,21.19380712890625,0.009453942999243736,0.01810896210372448,0.016111649572849274
1696964999569821400,21.203821533203126,0.010519175790250301,0.0106523297727108,0.011850717477500439
1696964999579835600,21.213835693359375,0.015845341607928276,-0.0031956990715116262,0.010785484686493874
1696964999589849900,21.223849853515624,0.012649642303586006,-0.0021304660476744175,0.00226362026296556
1696964999599864000,21.233864013671877,0.010519175790250301,0.02450035884976387,0.005459319334477186
1696964999609878300,21.243878173828126,0.011584409512579441,0.009587096981704235,0.013981183059513569
1696964999619892500,21.253892578125,0.016910573467612267,-0.0010652330238372087,0.006524552125483751
1696964999629906700,21.26390673828125,0.014780107885599136,0,-0.0030625448562204838
1696964999639921000,21.2739208984375,0.010519175790250301,0.012782796286046505,0.007589785382151604
1696964999649935000,21.28393505859375,0.012649642303586006,0.0063913981430232525,0.010785484686493874
1696964999659949300,21.29394921875,0.016910573467612267,-0.00852186419069767,0.007589785382151604
1696964999669963500,21.303963623046876,0.013714875094592571,-0.0010652330238372087,-0.004127778112888336
1696964999679977700,21.313977783203125,0.009453942999243736,0.0159784946590662,0.0033288532868027687
1696964999689992000,21.323991943359374,0.012649642303586006,0.00852186419069767,0.007589785382151604
1696964999700006100,21.334006103515627,0.017975807189941406,-0.0213046595454216,0.008655018173158169
1696964999710020400,21.344020263671876,0.013714875094592571,0.0106523297727108,-0.007323476951569319
1696964999720034600,21.35403466796875,0.007323476951569319,0.009587096981704235,0.010785484686493874
1696964999730048800,21.364048828125,0.011584409512579441,0.009587096981704235,0.007589785382151604
1696964999740063000,21.37406298828125,0.016910573467612267,-0.02023942768573761,0.018242115154862404
1696964999750077400,21.384077392578124,0.012649642303586006,0.0063913981430232525,-0.005193010903894901
1696964999760091600,21.394091552734373,0.007323476951569319,0.0159784946590662,0.0011983871227130294
1696964999770105900,21.40410595703125,0.013714875094592571,-0.0031956990715116262,0.018242115154862404
1696964999780120000,21.4141201171875,0.014780107885599136,-0.0063913981430232525,0.00226362026296556
1696964999790134300,21.42413427734375,0.010519175790250301,-0.0031956990715116262,0.0001331541279796511
1696964999800148500,21.4341484375,0.006258244160562754,0.01704372838139534,0.00226362026296556
1696964999810162700,21.44416259765625,0.013714875094592571,-0.01171756349503994,0.012915950268507004
1696964999820177000,21.454177001953123,0.014780107885599136,-0.00852186419069767,-0.001997311832383275
1696964999830191000,21.464191162109376,0.011584409512579441,-0.009587096981704235,0.0011983871227130294
1696964999840205300,21.474205322265625,0.007323476951569319,0.01704372838139534,-0.0030625448562204838
1696964999850219500,21.484219482421874,0.012649642303586006,-0.01384802907705307,0.008655018173158169
1696964999860233700,21.494233642578124,0.014780107885599136,-0.01171756349503994,0.0011983871227130294
1696964999870248000,21.504248046875,0.009453942999243736,-0.0031956990715116262,-0.008388710208237171
1696964999880262100,21.51426220703125,0.005193010903894901,0.02236989326775074,-0.0030625448562204838
1696964999890276400,21.5242763671875,0.013714875094592571,-0.02556559257209301,0.020372580736875534
1696964999900290600,21.53429052734375,0.011584409512579441,-0.0021304660476744175,-0.015845341607928276
1696964999910304800,21.5443046875,0.009453942999243736,-0.0021304660476744175,0.00226362026296556
1696964999920319000,21.554319091796874,0.004127778112888336,0.01704372838139534,-0.004127778112888336
1696964999930333200,21.564333251953126,0.012649642303586006,-0.01384802907705307,0.008655018173158169
1696964999940347400,21.574347412109375,0.012649642303586006,-0.01810896210372448,0.0011983871227130294
1696964999950361600,21.584361572265625,0.007323476951569319,0.0053261648863554,-0.012649642303586006
1696964999960375800,21.594375732421874,0.008388710208237171,-0.004260932095348835,0.008655018173158169
1696964999970390000,21.60439013671875,0.015845341607928276,-0.02663082629442215,0.006524552125483751
1696964999980404200,21.614404296875,0.013714875094592571,-0.0159784946590662,-0.014780107885599136
1696964999990418700,21.624418701171876,0.009453942999243736,-0.0010652330238372087,0.007589785382151604
1696965000000433000,21.634432861328126,0.010519175790250301,-0.0021304660476744175,0.004394086077809334
1696965000010447000,21.644447021484375,0.015845341607928276,-0.012782796286046505,0.006524552125483751
1696965000020461300,21.65446142578125,0.014780107885599136,-0.02236989326775074,-0.0009320789249613881
1696965000030475500,21.6644755859375,0.009453942999243736,0.02663082629442215,-0.007323476951569319
1696965000040489700,21.67448974609375,0.012649642303586006,-0.01810896210372448,0.024633513763546944
1696965000050504000,21.68450390625,0.015845341607928276,-0.0021304660476744175,-0.001997311832383275
1696965000060518100,21.69451806640625,0.014780107885599136,-0.00852186419069767,0.006524552125483751
1696965000070532400,21.704532470703125,0.008388710208237171,0.0213046595454216,0.004394086077809334
1696965000080546600,21.714546630859374,0.014780107885599136,0.0010652330238372087,0.017176883295178413
1696965000090560800,21.724560791015627,0.017975807189941406,-0.004260932095348835,0.004394086077809334
1696965000100575000,21.734574951171876,0.013714875094592571,0.012782796286046505,0.0011983871227130294
1696965000110589200,21.744589111328125,0.011584409512579441,0.01171756349503994,0.010785484686493874
1696965000120603400,21.754603271484374,0.016910573467612267,0.009587096981704235,0.011850717477500439
1696965000130617600,21.76461767578125,0.017975807189941406,-0.0159784946590662,0.005459319334477186
1696965000140631800,21.7746318359375,0.013714875094592571,0.01491326279938221,-0.006258244160562754
1696965000150646000,21.78464599609375,0.009453942999243736,0.0106523297727108,0.009720250964164734
1696965000160660200,21.79466015625,0.014780107885599136,-0.009587096981704235,0.007589785382151604
1696965000170674400,21.80467431640625,0.014780107885599136,-0.0031956990715116262,-0.001997311832383275
1696965000180688600,21.814688720703124,0.009453942999243736,0.0106523297727108,-0.001997311832383275
1696965000190702800,21.824702880859373,0.007323476951569319,0.02450035884976387,-0.0009320789249613881
1696965000200717000,21.834717041015626,0.012649642303586006,-0.00852186419069767,0.009720250964164734
1696965000210731300,21.844731201171875,0.009453942999243736,-0.0021304660476744175,-0.008388710208237171
1696965000220745700,21.854745849609376,0.006258244160562754,0.02023942768573761,-0.007323476951569319
1696965000230760000,21.864760009765625,0.0030625448562204838,0.01704372838139534,0.0033288532868027687
1696965000240774100,21.874774169921874,0.009453942999243736,-0.01171756349503994,0.0011983871227130294
1696965000250788400,21.884788330078123,0.007323476951569319,0.0063913981430232525,-0.012649642303586006
1696965000260802600,21.894802490234376,0.0030625448562204838,0.0031956990715116262,-0.0009320789249613881
1696965000270816800,21.904816650390625,0.004127778112888336,0.01704372838139534,-0.0030625448562204838
1696965000280831000,21.9148310546875,0.007323476951569319,-0.01171756349503994,-0.001997311832383275
1696965000290845200,21.92484521484375,0.006258244160562754,0.007456631399691105,-0.012649642303586006
1696965000300859400,21.934859375,0.0030625448562204838,0.01384802907705307,-0.0030625448562204838
1696965000310873600,21.94487353515625,0.005193010903894901,0.01491326279938221,0.00226362026296556
1696965000320887800,21.9548876953125,0.008388710208237171,-0.0159784946590662,0.0001331541279796511
1696965000330902000,21.964902099609375,0.005193010903894901,0.0159784946590662,-0.019041040912270546
1696965000340916200,21.974916259765624,0.0009320789249613881,0.0031956990715116262,0.008655018173158169
1696965000350930400,21.984930419921874,0.007323476951569319,0.01171756349503994,0.0011983871227130294
1696965000360944600,21.994944580078126,0.009453942999243736,-0.012782796286046505,-0.0009320789249613881
1696965000370958800,22.004958740234375,0.005193010903894901,0.0021304660476744175,-0.006258244160562754
1696965000380973000,22.01497314453125,0.001997311832383275,0.0213046595454216,-0.001997311832383275
1696965000390987300,22.0249873046875,0.008388710208237171,-0.0053261648863554,0.016111649572849274
1696965000401001500,22.03500146484375,0.009453942999243736,-0.00852186419069767,-0.007323476951569319
1696965000411015700,22.045015625,0.005193010903894901,0.02343512699007988,-0.0030625448562204838
1696965000421030000,22.05502978515625,0.0030625448562204838,0.0063913981430232525,0.005459319334477186
1696965000431044000,22.065044189453126,0.011584409512579441,-0.0031956990715116262,0.008655018173158169
1696965000441058300,22.075058349609375,0.009453942999243736,-0.01491326279938221,-0.005193010903894901
1696965000451072500,22.085072509765624,0.005193010903894901,0.01384802907705307,0.0001331541279796511
1696965000461087000,22.0950869140625,0.005193010903894901,-0.0021304660476744175,0.007589785382151604
1696965000471101200,22.10510107421875,0.011584409512579441,-0.0063913981430232525,0.005459319334477186
1696965000481115400,22.115115478515627,0.009453942999243736,-0.0159784946590662,0.0011983871227130294
1696965000491129600,22.125129638671876,0.004127778112888336,0.01171756349503994,-0.007323476951569319
1696965000501143800,22.135143798828125,0.005193010903894901,0.0106523297727108,0.019307348877191544
1696965000511158000,22.145157958984374,0.009453942999243736,-0.02663082629442215,0.005459319334477186
1696965000521172200,22.155172119140627,0.007323476951569319,0.01384802907705307,-0.009453942999243736
1696965000531186400,22.1651865234375,0.001997311832383275,-0.0053261648863554,0.013981183059513569
1696965000541200600,22.17520068359375,0.0030625448562204838,0.02343512699007988,0.005459319334477186
1696965000551214800,22.18521484375,0.006258244160562754,-0.01491326279938221,0.015046416781842709
1696965000561229000,22.19522900390625,0.001997311832383275,0.012782796286046505,-0.0030625448562204838
1696965000571243300,22.2052431640625,-0.0033288532868027687,0.0213046595454216,0.005459319334477186
1696965000581257500,22.215257568359377,0.001997311832383275,0.009587096981704235,0.019307348877191544
1696965000591271700,22.225271728515626,0.004127778112888336,-0.0031956990715116262,0.005459319334477186
1696965000601286000,22.235285888671875,0.0009320789249613881,0.01491326279938221,-0.001997311832383275
1696965000611300000,22.245300048828124,-0.0033288532868027687,0.01810896210372448,0.011850717477500439
1696965000621314300,22.255314208984377,0.0009320789249613881,0.0106523297727108,0.010785484686493874
1696965000631328500,22.26532861328125,0.001997311832383275,-0.004260932095348835,0.011850717477500439
1696965000641342700,22.2753427734375,-0.00226362026296556,0.0106523297727108,-0.007323476951569319
1696965000651357000,22.28535693359375,-0.004394086077809334,0.02556559257209301,0.008655018173158169
1696965000661371100,22.29537109375,0.0009320789249613881,-0.009587096981704235,0.017176883295178413
1696965000671385300,22.30538525390625,0.0009320789249613881,-0.0010652330238372087,-0.0009320789249613881
1696965000681399600,22.315399658203123,-0.00226362026296556,0.009587096981704235,-0.004127778112888336
1696965000691413800,22.325413818359376,-0.005459319334477186,0.01810896210372448,0.007589785382151604
1696965000701428200,22.33542822265625,-0.0001331541279796511,-0.0031956990715116262,0.010785484686493874
1696965000711442400,22.3454423828125,-0.0001331541279796511,0.0021304660476744175,-0.0030625448562204838
1696965000721456600,22.35545654296875,-0.004394086077809334,0.007456631399691105,0.0011983871227130294
1696965000731470800,22.365470947265624,-0.005459319334477186,0.0213046595454216,0.00226362026296556
1696965000741485000,22.375485107421873,0.0009320789249613881,-0.01171756349503994,0.008655018173158169
1696965000751499300,22.385499267578126,-0.0011983871227130294,-0.0031956990715116262,-0.008388710208237171
1696965000761513500,22.395513427734375,-0.006524552125483751,0.007456631399691105,0.00226362026296556
1696965000771527700,22.405527587890624,-0.004394086077809334,0.0031956990715116262,0.0011983871227130294
1696965000781542000,22.4155419921875,0.001997311832383275,-0.01810896210372448,0.013981183059513569
1696965000791556000,22.42555615234375,-0.0033288532868027687,0.0063913981430232525,-0.020106272771954536
1696965000801570300,22.4355703125,-0.006524552125483751,0.0010652330238372087,0.010785484686493874
1696965000811584500,22.44558447265625,-0.0011983871227130294,-0.009587096981704235,0.006524552125483751
1696965000821598700,22.4555986328125,-0.0001331541279796511,-0.01491326279938221,0.0001331541279796511
1696965000831613000,22.465613037109375,-0.00226362026296556,-0.012782796286046505,-0.005193010903894901
1696965000841627100,22.475627197265624,-0.005459319334477186,0.007456631399691105,-0.0009320789249613881
1696965000851641300,22.485641357421876,-0.0001331541279796511,-0.0053261648863554,0.009720250964164734
1696965000861655600,22.495655517578125,0.001997311832383275,-0.02769605815410614,0.0033288532868027687
1696965000871669800,22.505669677734375,-0.0011983871227130294,0.0010652330238372087,-0.011584409512579441
1696965000881684000,22.51568408203125,-0.004394086077809334,-0.004260932095348835,0.0033288532868027687
1696965000891698200,22.5256982421875,0.001997311832383275,-0.01810896210372448,0.008655018173158169
1696965000901712400,22.53571240234375,0.001997311832383275,-0.01917419396340847,-0.007323476951569319
1696965000911726600,22.5457265625,-0.00226362026296556,-0.012782796286046505,0.004394086077809334
1696965000921740800,22.55574072265625,-0.004394086077809334,0.0053261648863554,-0.006258244160562754
1696965000931755000,22.565755126953125,0.0009320789249613881,-0.01917419396340847,0.012915950268507004
1696965000941769500,22.57576953125,0.001997311832383275,-0.02663082629442215,0.0001331541279796511
1696965000951783700,22.58578369140625,-0.0033288532868027687,0.00852186419069767,-0.012649642303586006
1696965000961798400,22.59579833984375,-0.005459319334477186,-0.004260932095348835,0.009720250964164734
1696965000971812600,22.6058125,0.0009320789249613881,-0.02343512699007988,0.006524552125483751
1696965000981826800,22.615826904296874,-0.0011983871227130294,-0.00852186419069767,-0.005193010903894901
1696965000991841000,22.625841064453127,-0.004394086077809334,-0.0159784946590662,0.006524552125483751
1696965001001855200,22.635855224609376,-0.006524552125483751,0.012782796286046505,-0.008388710208237171
1696965001011869400,22.645869384765625,-0.00226362026296556,-0.01704372838139534,0.010785484686493874
1696965001021884000,22.6558837890625,-0.0011983871227130294,-0.012782796286046505,0.0033288532868027687
1696965001031898000,22.665898193359375,-0.006524552125483751,0,-0.005193010903894901
1696965001041912300,22.675912353515624,-0.008655018173158169,0.012782796286046505,0.0011983871227130294
1696965001051926500,22.685926513671873,-0.00226362026296556,-0.01810896210372448,0.012915950268507004
1696965001061940700,22.695940673828126,-0.00226362026296556,-0.004260932095348835,-0.007323476951569319
1696965001071955000,22.705954833984375,-0.008655018173158169,0.009587096981704235,0.005459319334477186
1696965001081969200,22.71596923828125,-0.009720250964164734,-0.0021304660476744175,0.006524552125483751
1696965001091983400,22.7259833984375,-0.004394086077809334,0,0.0001331541279796511
1696965001101997600,22.73599755859375,-0.005459319334477186,-0.02343512699007988,0.012915950268507004
1696965001112011800,22.74601171875,-0.010785484686493874,0.0159784946590662,-0.008388710208237171
1696965001122026000,22.75602587890625,-0.011850717477500439,0.004260932095348835,0.007589785382151604
1696965001132040200,22.766040283203125,-0.004394086077809334,-0.01917419396340847,0.012915950268507004
1696965001142054400,22.776054443359374,-0.007589785382151604,0.0010652330238372087,-0.009453942999243736
1696965001152068600,22.786068603515623,-0.011850717477500439,-0.0021304660476744175,0.009720250964164734
1696965001162082800,22.796082763671876,-0.011850717477500439,0.0021304660476744175,-0.0009320789249613881
1696965001172097000,22.806096923828125,-0.007589785382151604,-0.004260932095348835,0.0033288532868027687
1696965001182111200,22.816111328125,-0.008655018173158169,-0.01917419396340847,0.009720250964164734
1696965001192125400,22.82612548828125,-0.013981183059513569,0.012782796286046505,-0.010519175790250301
1696965001202139600,22.8361396484375,-0.012915950268507004,-0.0053261648863554,0.013981183059513569
1696965001212153900,22.84615380859375,-0.007589785382151604,-0.01704372838139534,0.0033288532868027687
1696965001222168000,22.85616796875,-0.008655018173158169,-0.0106523297727108,-0.005193010903894901
1696965001232182300,22.866182373046875,-0.013981183059513569,0.0053261648863554,-0.001997311832383275
1696965001242196500,22.876196533203125,-0.012915950268507004,-0.004260932095348835,0.008655018173158169
1696965001252210700,22.886210693359374,-0.007589785382151604,-0.012782796286046505,0.0001331541279796511
1696965001262225200,22.89622509765625,-0.008655018173158169,-0.01491326279938221,0.0001331541279796511
1696965001272239400,22.9062392578125,-0.012915950268507004,0.0159784946590662,-0.007323476951569319
1696965001282253600,22.916253662109376,-0.009720250964164734,-0.0106523297727108,0.0033288532868027687
1696965001292267800,22.926267822265626,-0.005459319334477186,-0.01171756349503994,0.004394086077809334
1696965001302282000,22.936281982421875,-0.008655018173158169,-0.007456631399691105,-0.009453942999243736
1696965001312296200,22.946296142578124,-0.010785484686493874,0.01491326279938221,-0.0030625448562204838
1696965001322310400,22.956310302734376,-0.007589785382151604,-0.01171756349503994,0.005459319334477186
1696965001332324600,22.96632470703125,-0.0033288532868027687,-0.007456631399691105,-0.005193010903894901
1696965001342338800,22.9763388671875,-0.005459319334477186,-0.0031956990715116262,-0.001997311832383275
1696965001352353000,22.98635302734375,-0.008655018173158169,0.009587096981704235,-0.012649642303586006
1696965001362367200,22.9963671875,-0.00226362026296556,-0.00852186419069767,0.011850717477500439
1696965001372381400,23.00638134765625,-0.00226362026296556,-0.0053261648863554,-0.005193010903894901
1696965001382395600,23.016395751953127,-0.004394086077809334,0.0021304660476744175,0.0011983871227130294
1696965001392409900,23.026409912109376,-0.007589785382151604,0.01491326279938221,-0.004127778112888336
1696965001402424000,23.036424072265625,-0.00226362026296556,-0.007456631399691105,0.009720250964164734
1696965001412438300,23.046438232421874,-0.0001331541279796511,-0.01810896210372448,0.004394086077809334
1696965001422452500,23.056452392578127,-0.007589785382151604,0.01384802907705307,-0.012649642303586006
1696965001432466700,23.066466796875,-0.007589785382151604,0,0.015046416781842709
1696965001442481000,23.07648095703125,-0.0033288532868027687,-0.0021304660476744175,0.0011983871227130294
1696965001452495000,23.0864951171875,-0.0033288532868027687,-0.01384802907705307,0.011850717477500439
1696965001462509300,23.09650927734375,-0.007589785382151604,0.0021304660476744175,-0.007323476951569319
1696965001472523500,23.1065234375,-0.010785484686493874,0.03089175745844841,0.0001331541279796511
1696965001482537700,23.116537841796877,-0.005459319334477186,-0.01810896210372448,0.011850717477500439
1696965001492552000,23.126552001953126,-0.005459319334477186,0.0063913981430232525,-0.009453942999243736
1696965001502566400,23.13656640625,-0.010785484686493874,0.004260932095348835,0.0001331541279796511
1696965001512580600,23.14658056640625,-0.011850717477500439,0.01704372838139534,0.0011983871227130294
1696965001522594800,23.1565947265625,-0.007589785382151604,-0.0106523297727108,-0.004127778112888336
1696965001532609000,23.166609130859374,-0.008655018173158169,0.0053261648863554,-0.005193010903894901
1696965001542623200,23.176623291015623,-0.012915950268507004,-0.0010652330238372087,-0.007323476951569319
1696965001552637400,23.186637451171876,-0.012915950268507004,0.02343512699007988,-0.007323476951569319
1696965001562651600,23.196651611328125,-0.008655018173158169,-0.012782796286046505,0.0033288532868027687
1696965001572665900,23.206665771484374,-0.009720250964164734,0.009587096981704235,-0.019041040912270546
1696965001582680000,23.21668017578125,-0.012915950268507004,0.01171756349503994,-0.001997311832383275
1696965001592694300,23.2266943359375,-0.012915950268507004,0.012782796286046505,-0.006258244160562754
1696965001602708500,23.23670849609375,-0.008655018173158169,-0.0031956990715116262,-0.001997311832383275
1696965001612722700,23.24672265625,-0.008655018173158169,-0.007456631399691105,-0.008388710208237171
1696965001622737000,23.25673681640625,-0.012915950268507004,0.01810896210372448,-0.006258244160562754
1696965001632751000,23.266751220703124,-0.010785484686493874,-0.0063913981430232525,0.004394086077809334
1696965001642765300,23.276765380859374,-0.007589785382151604,0.004260932095348835,-0.0030625448562204838
1696965001652779500,23.286779541015626,-0.008655018173158169,-0.01171756349503994,-0.0009320789249613881
1696965001662793700,23.296793701171875,-0.011850717477500439,0.01810896210372448,-0.005193010903894901
1696965001672808000,23.306807861328124,-0.007589785382151604,-0.0031956990715116262,0.016111649572849274
1696965001682822100,23.316822265625,-0.005459319334477186,-0.00852186419069767,-0.0030625448562204838
1696965001692836400,23.32683642578125,-0.008655018173158169,0.0159784946590662,-0.007323476951569319
1696965001702850600,23.3368505859375,-0.009720250964164734,-0.0010652330238372087,0.016111649572849274
1696965001712864800,23.34686474609375,-0.006524552125483751,0.01704372838139534,0.00226362026296556
1696965001722879000,23.35687890625,-0.004394086077809334,-0.0213046595454216,0.009720250964164734
1696965001732893200,23.36689306640625,-0.006524552125483751,0.01917419396340847,-0.0030625448562204838
1696965001742907600,23.37690771484375,-0.008655018173158169,0.0031956990715116262,0.006524552125483751
1696965001752921900,23.386921875,-0.0011983871227130294,-0.009587096981704235,0.020372580736875534
1696965001762936000,23.39693603515625,-0.00226362026296556,-0.0106523297727108,-0.009453942999243736
1696965001772950300,23.4069501953125,-0.006524552125483751,0.01917419396340847,0.008655018173158169
1696965001782964500,23.416964599609376,-0.006524552125483751,-0.004260932095348835,0.008655018173158169
1696965001792978700,23.426978759765625,-0.0011983871227130294,0.007456631399691105,0.0033288532868027687
1696965001802993000,23.436992919921874,-0.00226362026296556,-0.02556559257209301,0.008655018173158169
1696965001813007000,23.447007080078127,-0.007589785382151604,0.02023942768573761,-0.011584409512579441
1696965001823021300,23.457021240234376,-0.004394086077809334,-0.01917419396340847,0.022503048181533813
1696965001833035500,23.467035400390625,-0.0001331541279796511,-0.01704372838139534,0.0001331541279796511
1696965001843049700,23.4770498046875,-0.005459319334477186,-0.012782796286046505,-0.011584409512579441
1696965001853064000,23.48706396484375,-0.009720250964164734,0.0159784946590662,0.004394086077809334
1696965001863078100,23.497078125,-0.005459319334477186,-0.02556559257209301,0.018242115154862404
1696965001873092400,23.50709228515625,-0.005459319334477186,0,-0.016910573467612267
1696965001883106600,23.5171064453125,-0.008655018173158169,-0.01704372838139534,0.004394086077809334
1696965001893120800,23.527120849609375,-0.010785484686493874,0.012782796286046505,-0.0030625448562204838
1696965001903135000,23.537135009765624,-0.007589785382151604,-0.0159784946590662,0.013981183059513569
1696965001913149200,23.547149169921877,-0.007589785382151604,-0.012782796286046505,-0.0030625448562204838
1696965001923163400,23.557163330078126,-0.010785484686493874,0.0010652330238372087,-0.005193010903894901
1696965001933177600,23.567177490234375,-0.013981183059513569,0.007456631399691105,0.006524552125483751
1696965001943191800,23.57719189453125,-0.006524552125483751,-0.02236989326775074,0.015046416781842709
1696965001953206000,23.5872060546875,-0.008655018173158169,-0.0010652330238372087,-0.007323476951569319
1696965001963220200,23.59722021484375,-0.012915950268507004,0.00852186419069767,0.007589785382151604
1696965001973234400,23.607234375,-0.011850717477500439,-0.007456631399691105,0.013981183059513569
1696965001983249000,23.617248779296876,-0.006524552125483751,-0.01171756349503994,0.007589785382151604
1696965001993263000,23.62726318359375,-0.009720250964164734,-0.01704372838139534,0.008655018173158169
1696965002003277300,23.63727734375,-0.012915950268507004,0.01491326279938221,0.0011983871227130294
1696965002013291500,23.64729150390625,-0.007589785382151604,-0.01384802907705307,0.028894444927573204
1696965002023305700,23.6573056640625,-0.005459319334477186,0.0010652330238372087,0.0033288532868027687
1696965002033320000,23.66731982421875,-0.009720250964164734,-0.004260932095348835,0.008655018173158169
1696965002043334100,23.677334228515626,-0.012915950268507004,0.02343512699007988,0.010785484686493874
1696965002053348400,23.687348388671875,-0.005459319334477186,-0.009587096981704235,0.021437814459204674
1696965002063362600,23.697362548828124,-0.005459319334477186,0,0.00226362026296556
1696965002073376800,23.707376708984373,-0.009720250964164734,0.009587096981704235,0.0001331541279796511
1696965002083391000,23.717390869140626,-0.008655018173158169,0.01704372838139534,0.010785484686493874
1696965002093405200,23.7274052734375,-0.00226362026296556,-0.0010652330238372087,0.008655018173158169
1696965002103419400,23.73741943359375,-0.00226362026296556,-0.004260932095348835,-0.004127778112888336
1696965002113433600,23.74743359375,-0.005459319334477186,0.01491326279938221,-0.004127778112888336
1696965002123447800,23.75744775390625,-0.004394086077809334,0.01171756349503994,0.0001331541279796511
1696965002133462000,23.7674619140625,-0.0001331541279796511,-0.01384802907705307,0.0001331541279796511
1696965002143476200,23.777476318359376,-0.00226362026296556,0,-0.013714875094592571
1696965002153490400,23.787490478515625,-0.005459319334477186,0.004260932095348835,-0.006258244160562754
1696965002163504600,23.797504638671874,-0.0033288532868027687,0,-0.004127778112888336
1696965002173518800,23.807518798828124,-0.0011983871227130294,-0.0053261648863554,-0.006258244160562754
1696965002183533000,23.817532958984376,-0.004394086077809334,-0.00852186419069767,-0.011584409512579441
1696965002193547300,23.82754736328125,-0.008655018173158169,0.02769605815410614,-0.017975807189941406
1696965002203561500,23.8375615234375,-0.005459319334477186,-0.01917419396340847,0.010785484686493874
1696965002213576000,23.847575927734376,-0.004394086077809334,0.004260932095348835,-0.017975807189941406
1696965002223590100,23.857590087890625,-0.006524552125483751,-0.01810896210372448,0.0001331541279796511
1696965002233604400,23.867604248046874,-0.012915950268507004,0.02236989326775074,-0.014780107885599136
1696965002243618600,23.87761865234375,-0.005459319334477186,-0.02663082629442215,0.011850717477500439
1696965002253632800,23.8876328125,-0.006524552125483751,-0.009587096981704235,-0.007323476951569319
1696965002263647000,23.89764697265625,-0.009720250964164734,-0.012782796286046505,0.00226362026296556
1696965002273661200,23.9076611328125,-0.012915950268507004,-0.004260932095348835,-0.006258244160562754
1696965002283675400,23.91767529296875,-0.007589785382151604,-0.01704372838139534,0.015046416781842709
1696965002293689600,23.927689697265624,-0.006524552125483751,-0.03408745676279068,0.005459319334477186
1696965002303703800,23.937703857421877,-0.012915950268507004,0.009587096981704235,-0.0030625448562204838
1696965002313718000,23.947718017578126,-0.013981183059513569,-0.0053261648863554,0.015046416781842709
1696965002323732200,23.957732177734375,-0.007589785382151604,-0.0159784946590662,0.012915950268507004
1696965002333746400,23.967746337890624,-0.007589785382151604,-0.01917419396340847,0.008655018173158169
1696965002343760600,23.9777607421875,-0.016111649572849274,0.02343512699007988,-0.0009320789249613881
1696965002353774800,23.98777490234375,-0.011850717477500439,-0.009587096981704235,0.015046416781842709
1696965002363789300,23.997789306640627,-0.005459319334477186,-0.007456631399691105,0.009720250964164734
1696965002373803500,24.007803466796876,-0.007589785382151604,-0.01917419396340847,0.010785484686493874
1696965002383817700,24.017817626953125,-0.011850717477500439,0.02343512699007988,-0.0030625448562204838
1696965002393832000,24.02783203125,-0.010785484686493874,-0.0031956990715116262,0.015046416781842709
1696965002403846400,24.037846435546875,-0.00226362026296556,-0.01171756349503994,0.004394086077809334
1696965002413860600,24.047860595703124,-0.004394086077809334,-0.0010652330238372087,-0.0030625448562204838
1696965002423874800,24.057874755859373,-0.009720250964164734,0.0159784946590662,0.007589785382151604
1696965002433889000,24.067888916015626,-0.005459319334477186,0.0010652330238372087,0.005459319334477186
1696965002443903500,24.077903564453123,-0.0011983871227130294,-0.0021304660476744175,0.0033288532868027687
1696965002453917700,24.087917724609376,-0.004394086077809334,-0.0021304660476744175,-0.004127778112888336
1696965002463932000,24.097931884765625,-0.008655018173158169,0.03089175745844841,-0.004127778112888336
1696965002473946000,24.107946044921874,-0.004394086077809334,-0.0031956990715116262,0.012915950268507004
1696965002483960300,24.117960205078123,-0.00226362026296556,0.0010652330238372087,-0.004127778112888336
1696965002493974800,24.127974853515624,-0.005459319334477186,0.0159784946590662,-0.009453942999243736
1696965002503989000,24.137989013671874,-0.008655018173158169,0.02236989326775074,0.0001331541279796511
1696965002514003200,24.148003173828126,-0.00226362026296556,-0.004260932095348835,0.004394086077809334
1696965002524017400,24.158017333984375,-0.004394086077809334,0.004260932095348835,-0.006258244160562754
1696965002534032000,24.168031982421876,-0.009720250964164734,0.01704372838139534,-0.007323476951569319
1696965002544046000,24.178046142578125,-0.009720250964164734,0.01917419396340847,-0.004127778112888336
1696965002554060300,24.188060302734375,-0.004394086077809334,-0.007456631399691105,0.0001331541279796511
1696965002564074500,24.198074462890624,-0.007589785382151604,0.0053261648863554,-0.0030625448562204838
1696965002574089000,24.2080888671875,-0.011850717477500439,0.012782796286046505,-0.006258244160562754
1696965002584103200,24.218103271484374,-0.009720250964164734,0.0106523297727108,-0.0030625448562204838
1696965002594117400,24.228117431640626,-0.005459319334477186,-0.0213046595454216,0.007589785382151604
1696965002604131600,24.238131591796876,-0.010785484686493874,0.01384802907705307,-0.017975807189941406
1696965002614146000,24.24814599609375,-0.013981183059513569,0.00852186419069767,0.008655018173158169
1696965002624160300,24.25816015625,-0.010785484686493874,-0.004260932095348835,0.0011983871227130294
1696965002634174500,24.268174560546875,-0.008655018173158169,-0.0053261648863554,0.005459319334477186
1696965002644188700,24.278188720703124,-0.015046416781842709,-0.004260932095348835,-0.0009320789249613881
1696965002654203100,24.288203125,-0.017176883295178413,0.02556559257209301,-0.005193010903894901
1696965002664217300,24.29821728515625,-0.008655018173158169,-0.03302222490310669,0.022503048181533813
1696965002674231600,24.3082314453125,-0.009720250964164734,-0.004260932095348835,-0.005193010903894901
1696965002684245800,24.318245849609376,-0.016111649572849274,-0.009587096981704235,0.00226362026296556
1696965002694260200,24.32826025390625,-0.015046416781842709,0.0106523297727108,0.0011983871227130294
1696965002704274400,24.3382744140625,-0.008655018173158169,-0.0319569893181324,0.017176883295178413
1696965002714288600,24.34828857421875,-0.011850717477500439,-0.0031956990715116262,-0.007323476951569319
1696965002724302800,24.358302734375,-0.013981183059513569,-0.012782796286046505,0.008655018173158169
1696965002734317000,24.368317138671873,-0.012915950268507004,0.012782796286046505,-0.005193010903894901
1696965002744331300,24.378331298828126,-0.007589785382151604,-0.03408745676279068,0.017176883295178413
1696965002754345500,24.388345458984375,-0.009720250964164734,-0.007456631399691105,-0.011584409512579441
1696965002764359700,24.398359619140624,-0.013981183059513569,0.01384802907705307,0.00226362026296556
1696965002774374000,24.408373779296873,-0.009720250964164734,-0.0106523297727108,0.009720250964164734
1696965002784388000,24.41838818359375,-0.005459319334477186,-0.0053261648863554,-0.0009320789249613881
1696965002794402300,24.42840234375,-0.007589785382151604,-0.0159784946590662,0.0011983871227130294
1696965002804416800,24.438416748046876,-0.012915950268507004,0.02236989326775074,-0.008388710208237171
1696965002814431000,24.448430908203125,-0.005459319334477186,-0.012782796286046505,0.012915950268507004
1696965002824445200,24.458445068359374,-0.00226362026296556,-0.01917419396340847,0.005459319334477186
1696965002834459400,24.46845947265625,-0.006524552125483751,0.0053261648863554,-0.006258244160562754
1696965002844473600,24.4784736328125,-0.009720250964164734,0,0.00226362026296556
1696965002854487800,24.48848779296875,-0.0033288532868027687,-0.0031956990715116262,0.008655018173158169
1696965002864502000,24.498501953125,-0.0011983871227130294,-0.03302222490310669,0.007589785382151604
1696965002874516200,24.50851611328125,-0.008655018173158169,0.01704372838139534,-0.010519175790250301
1696965002884530400,24.518530517578125,-0.008655018173158169,-0.00852186419069767,0.015046416781842709
1696965002894544600,24.528544677734374,-0.004394086077809334,-0.0021304660476744175,-0.005193010903894901
1696965002904558800,24.538558837890626,-0.0033288532868027687,-0.03408745676279068,0.021437814459204674
1696965002914573000,24.548572998046875,-0.011850717477500439,0.02982652559876442,-0.017975807189941406
1696965002924587300,24.558587158203125,-0.011850717477500439,-0.0053261648863554,0.015046416781842709
1696965002934601500,24.5686015625,-0.006524552125483751,-0.0063913981430232525,0.005459319334477186
1696965002944615700,24.57861572265625,-0.007589785382151604,-0.0159784946590662,0.00226362026296556
1696965002954630000,24.5886298828125,-0.012915950268507004,0.009587096981704235,-0.0030625448562204838
1696965002964644000,24.59864404296875,-0.012915950268507004,-0.004260932095348835,0.0033288532868027687
1696965002974658300,24.608658203125,-0.005459319334477186,-0.0159784946590662,0.009720250964164734
1696965002984672500,24.618672607421875,-0.008655018173158169,-0.00852186419069767,-0.006258244160562754
1696965002994686700,24.628686767578124,-0.012915950268507004,0.004260932095348835,0.004394086077809334
1696965003004701000,24.638700927734376,-0.012915950268507004,-0.0021304660476744175,-0.0030625448562204838
1696965003014715100,24.648715087890626,-0.007589785382151604,-0.0053261648863554,0.00226362026296556
1696965003024729300,24.658729248046875,-0.009720250964164734,-0.01917419396340847,0.006524552125483751
1696965003034743600,24.66874365234375,-0.015046416781842709,0.01917419396340847,-0.009453942999243736
1696965003044758000,24.678758056640625,-0.011850717477500439,-0.0106523297727108,0.013981183059513569
1696965003054772200,24.688772216796874,-0.008655018173158169,-0.0031956990715116262,-0.001997311832383275
1696965003064786400,24.698786376953127,-0.009720250964164734,-0.0021304660476744175,0.005459319334477186
1696965003074800600,24.708800537109376,-0.012915950268507004,0.0031956990715116262,-0.004127778112888336
1696965003084814800,24.71881494140625,-0.009720250964164734,0.0063913981430232525,0.007589785382151604
1696965003094829000,24.7288291015625,-0.004394086077809334,-0.02023942768573761,0.013981183059513569
1696965003104843300,24.73884326171875,-0.007589785382151604,0.007456631399691105,-0.0030625448562204838
1696965003114857500,24.748857421875,-0.010785484686493874,0.007456631399691105,0.004394086077809334
1696965003124871700,24.75887158203125,-0.005459319334477186,-0.0021304660476744175,0.012915950268507004
1696965003134886000,24.768885986328126,-0.0011983871227130294,-0.0213046595454216,0.011850717477500439
1696965003144900000,24.778900146484375,-0.005459319334477186,0.0021304660476744175,0.004394086077809334
1696965003154914300,24.788914306640624,-0.009720250964164734,0.007456631399691105,0.0033288532868027687
1696965003164928500,24.798928466796873,-0.004394086077809334,-0.0063913981430232525,0.015046416781842709
1696965003174942700,24.808942626953126,-0.0001331541279796511,-0.0159784946590662,0.016111649572849274
1696965003184957000,24.81895703125,-0.005459319334477186,-0.0021304660476744175,0.00226362026296556
1696965003194971100,24.82897119140625,-0.007589785382151604,0,0.009720250964164734
1696965003204985300,24.8389853515625,-0.0033288532868027687,-0.0031956990715116262,0.009720250964164734
1696965003214999600,24.84899951171875,-0.0001331541279796511,-0.02663082629442215,0.018242115154862404
1696965003225013800,24.859013671875,-0.007589785382151604,0.0106523297727108,-0.006258244160562754
1696965003235028000,24.869028076171876,-0.009720250964164734,0.0010652330238372087,0.010785484686493874
1696965003245042200,24.879042236328125,-0.005459319334477186,-0.012782796286046505,0.010785484686493874
1696965003255056400,24.889056396484374,-0.004394086077809334,-0.0213046595454216,0.009720250964164734
1696965003265070600,24.899070556640623,-0.009720250964164734,0.004260932095348835,-0.008388710208237171
1696965003275084800,24.909084716796876,-0.012915950268507004,-0.0021304660476744175,0.0033288532868027687
1696965003285099300,24.919099365234374,-0.007589785382151604,-0.012782796286046505,0.005459319334477186
1696965003295113500,24.929113525390626,-0.006524552125483751,-0.02450035884976387,0.0033288532868027687
1696965003305127700,24.939127685546875,-0.008655018173158169,-0.0063913981430232525,-0.007323476951569319
1696965003315142000,24.949141845703124,-0.011850717477500439,-0.01384802907705307,-0.0030625448562204838
1696965003325156000,24.959156005859374,-0.008655018173158169,-0.009587096981704235,-0.007323476951569319
1696965003335170300,24.96917041015625,-0.007589785382151604,-0.02556559257209301,0.005459319334477186
1696965003345184500,24.9791845703125,-0.012915950268507004,-0.01384802907705307,-0.015845341607928276
1696965003355198700,24.98919873046875,-0.015046416781842709,0.012782796286046505,-0.010519175790250301
1696965003365213000,24.999212890625,-0.010785484686493874,-0.03408745676279068,0.011850717477500439
1696965003375227100,25.00922705078125,-0.007589785382151604,-0.009587096981704235,-0.014780107885599136
1696965003385241300,25.019241455078124,-0.012915950268507004,-0.01384802907705307,-0.005193010903894901
1696965003395255600,25.029255615234376,-0.013981183059513569,0.0010652330238372087,-0.009453942999243736
1696965003405269800,25.039269775390625,-0.008655018173158169,-0.02876129187643528,0.005459319334477186
1696965003415284000,25.049283935546875,-0.007589785382151604,-0.02023942768573761,-0.005193010903894901
1696965003425298200,25.059298095703124,-0.010785484686493874,-0.00852186419069767,-0.0009320789249613881
1696965003435312400,25.0693125,-0.011850717477500439,0,-0.0030625448562204838
1696965003445326600,25.07932666015625,-0.006524552125483751,-0.02450035884976387,0.017176883295178413
1696965003455340800,25.0893408203125,-0.005459319334477186,-0.01810896210372448,-0.0009320789249613881
1696965003465355000,25.09935498046875,-0.010785484686493874,0.004260932095348835,0.007589785382151604
1696965003475369200,25.109369140625,-0.010785484686493874,-0.0063913981430232525,0.010785484686493874
1696965003485383400,25.119383544921874,-0.0033288532868027687,0.0010652330238372087,0.013981183059513569
1696965003495397600,25.129397705078127,-0.0033288532868027687,-0.01810896210372448,0.021437814459204674
1696965003505411800,25.139411865234376,-0.007589785382151604,0.004260932095348835,0.016111649572849274
1696965003515426000,25.149426025390625,-0.009720250964164734,0.02343512699007988,0.006524552125483751
1696965003525440500,25.1594404296875,-0.0001331541279796511,-0.02876129187643528,0.03528584539890289
1696965003535454700,25.169454833984375,-0.004394086077809334,0.0010652330238372087,0.008655018173158169
1696965003545469000,25.179468994140624,-0.008655018173158169,0.004260932095348835,0.016111649572849274
1696965003555483100,25.189483154296877,-0.006524552125483751,0.0053261648863554,0.013981183059513569
1696965003565497300,25.199497314453126,-0.0001331541279796511,-0.012782796286046505,0.020372580736875534
1696965003575511600,25.209511474609375,-0.0033288532868027687,-0.007456631399691105,0.007589785382151604
1696965003585526000,25.219526123046876,-0.008655018173158169,0.01171756349503994,0.00226362026296556
1696965003595540200,25.229540283203125,-0.005459319334477186,-0.0021304660476744175,0.011850717477500439
1696965003605554400,25.239554443359374,-0.0033288532868027687,-0.01491326279938221,0.005459319334477186
1696965003615568600,25.249568603515623,-0.006524552125483751,0.0053261648863554,-0.010519175790250301
1696965003625583000,25.2595830078125,-0.009720250964164734,0.0031956990715116262,0.0011983871227130294
1696965003635597300,25.269597412109373,-0.009720250964164734,0.009587096981704235,-0.0030625448562204838
1696965003645611500,25.279611572265626,-0.006524552125483751,-0.007456631399691105,-0.0009320789249613881
1696965003655625700,25.289625732421875,-0.010785484686493874,0.01917419396340847,-0.019041040912270546
1696965003665640200,25.29964013671875,-0.011850717477500439,0.0063913981430232525,0.0011983871227130294
1696965003675654400,25.309654296875,-0.009720250964164734,0.01384802907705307,-0.010519175790250301
1696965003685668600,25.319668701171874,-0.008655018173158169,0.0021304660476744175,-0.0030625448562204838
1696965003695682800,25.329682861328124,-0.011850717477500439,0.012782796286046505,-0.011584409512579441
1696965003705697300,25.339697265625,-0.015046416781842709,0.0213046595454216,-0.012649642303586006
1696965003715711500,25.34971142578125,-0.007589785382151604,-0.012782796286046505,0.011850717477500439
1696965003725725700,25.3597255859375,-0.007589785382151604,0.009587096981704235,-0.005193010903894901
1696965003735740000,25.369739990234375,-0.015046416781842709,0.0213046595454216,-0.004127778112888336
1696965003745754400,25.37975439453125,-0.013981183059513569,0.02023942768573761,0.00226362026296556
1696965003755768600,25.3897685546875,-0.004394086077809334,-0.009587096981704235,0.020372580736875534
1696965003765782800,25.39978271484375,-0.007589785382151604,-0.0021304660476744175,0.0001331541279796511
1696965003775797000,25.409796875,-0.015046416781842709,0.02450035884976387,-0.0009320789249613881
1696965003785811500,25.4198115234375,-0.010785484686493874,0.0031956990715116262,0.022503048181533813
1696965003795825700,25.42982568359375,-0.005459319334477186,-0.009587096981704235,0.017176883295178413
1696965003805840000,25.43983984375,-0.011850717477500439,0.007456631399691105,-0.004127778112888336
1696965003815854000,25.44985400390625,-0.015046416781842709,0.03621792420744896,0.018242115154862404
1696965003825868300,25.459868408203125,-0.009720250964164734,-0.01491326279938221,0.023568280041217804
1696965003835882800,25.4698828125,-0.008655018173158169,0.01917419396340847,0.00226362026296556
1696965003845897000,25.47989697265625,-0.012915950268507004,0.0021304660476744175,0.013981183059513569
1696965003855911200,25.4899111328125,-0.016111649572849274,0.04367455467581749,0.005459319334477186
1696965003865925400,25.49992529296875,-0.009720250964164734,-0.007456631399691105,0.028894444927573204
1696965003875939600,25.509939697265626,-0.010785484686493874,0.01171756349503994,0.004394086077809334
1696965003885953800,25.519953857421875,-0.015046416781842709,0.02343512699007988,0.004394086077809334
1696965003895968000,25.529968017578124,-0.015046416781842709,0.01810896210372448,0.017176883295178413
1696965003905982200,25.539982177734377,-0.008655018173158169,-0.0063913981430232525,0.015046416781842709
1696965003915996400,25.549996337890626,-0.012915950268507004,0.02236989326775074,-0.004127778112888336
1696965003926011000,25.560010986328123,-0.013981183059513569,0.0063913981430232525,0.019307348877191544
1696965003936025000,25.570025146484376,-0.011850717477500439,0.02023942768573761,0.0001331541279796511
1696965003946039300,25.580039306640625,-0.008655018173158169,0.0010652330238372087,0.015046416781842709
1696965003956053500,25.590053466796874,-0.012915950268507004,0.0010652330238372087,0.0001331541279796511
1696965003966067700,25.600067626953123,-0.012915950268507004,0.02343512699007988,0.0001331541279796511
1696965003976082000,25.61008203125,-0.008655018173158169,-0.01810896210372448,0.021437814459204674
1696965003986096000,25.62009619140625,-0.009720250964164734,0.009587096981704235,-0.008388710208237171
1696965003996110300,25.6301103515625,-0.012915950268507004,0.0010652330238372087,0.007589785382151604
1696965004006124500,25.64012451171875,-0.013981183059513569,0.0063913981430232525,0.006524552125483751
1696965004016138800,25.650138671875,-0.009720250964164734,-0.007456631399691105,0.011850717477500439
1696965004026153000,25.660153076171873,-0.010785484686493874,-0.01171756349503994,0.004394086077809334
1696965004036167200,25.670167236328126,-0.018242115154862404,0.03089175745844841,-0.0030625448562204838
1696965004046181400,25.680181396484375,-0.013981183059513569,-0.0159784946590662,0.027829213067889214
1696965004056195600,25.690195556640624,-0.009720250964164734,-0.004260932095348835,0.004394086077809334
1696965004066209800,25.700209716796873,-0.013981183059513569,-0.009587096981704235,0.006524552125483751
1696965004076224000,25.71022412109375,-0.017176883295178413,0.01810896210372448,0.0033288532868027687
1696965004086238200,25.72023828125,-0.010785484686493874,-0.0106523297727108,0.029959678649902344
1696965004096252400,25.73025244140625,-0.009720250964164734,-0.01491326279938221,0.0033288532868027687
1696965004106266600,25.7402666015625,-0.015046416781842709,0.01810896210372448,0.0033288532868027687
1696965004116280800,25.75028076171875,-0.013981183059513569,-0.01171756349503994,0.026763979345560074
1696965004126295000,25.760294921875,-0.007589785382151604,-0.0106523297727108,0.004394086077809334
1696965004136309200,25.770309326171876,-0.009720250964164734,-0.01384802907705307,0.011850717477500439
1696965004146323500,25.780323486328125,-0.012915950268507004,0.007456631399691105,0.004394086077809334
1696965004156337700,25.790337646484375,-0.008655018173158169,-0.01491326279938221,0.025698747485876083
1696965004166352100,25.80035205078125,-0.006524552125483751,-0.01384802907705307,0.0011983871227130294
1696965004176366300,25.810366455078125,-0.010785484686493874,-0.0010652330238372087,0.0011983871227130294
1696965004186380500,25.820380615234374,-0.010785484686493874,0.0031956990715116262,0.010785484686493874
1696965004196394800,25.830394775390626,-0.007589785382151604,-0.00852186419069767,0.015046416781842709
1696965004206409000,25.840408935546876,-0.007589785382151604,-0.0031956990715116262,-0.004127778112888336
1696965004216423200,25.850423095703125,-0.012915950268507004,0.01384802907705307,-0.0009320789249613881
1696965004226437400,25.860437255859374,-0.009720250964164734,0,0.013981183059513569
1696965004236451600,25.87045166015625,-0.007589785382151604,-0.009587096981704235,-0.005193010903894901
1696965004246465800,25.8804658203125,-0.011850717477500439,0.01917419396340847,-0.007323476951569319
1696965004256480000,25.89047998046875,-0.012915950268507004,-0.004260932095348835,0.006524552125483751
1696965004266494200,25.900494140625,-0.006524552125483751,0.0021304660476744175,0.004394086077809334
1696965004276508400,25.91050830078125,-0.008655018173158169,-0.009587096981704235,-0.005193010903894901
1696965004286522600,25.920522705078124,-0.015046416781842709,0.0213046595454216,-0.017975807189941406
1696965004296536800,25.930536865234377,-0.008655018173158169,-0.02982652559876442,0.020372580736875534
1696965004306551000,25.940551025390626,-0.008655018173158169,-0.007456631399691105,-0.016910573467612267
1696965004316565200,25.950565185546875,-0.011850717477500439,-0.0010652330238372087,-0.005193010903894901
1696965004326579500,25.960579345703124,-0.011850717477500439,0.0021304660476744175,0.00226362026296556
1696965004336593700,25.97059375,-0.006524552125483751,-0.03089175745844841,0.012915950268507004
1696965004346607900,25.98060791015625,-0.010785484686493874,0.01810896210372448,-0.023301972076296806
1696965004356622000,25.9906220703125,-0.013981183059513569,-0.01917419396340847,0.004394086077809334
1696965004366636300,26.00063623046875,-0.009720250964164734,-0.012782796286046505,0.004394086077809334
1696965004376650500,26.010650390625,-0.009720250964164734,-0.0159784946590662,0.0001331541279796511
1696965004386664700,26.020664794921874,-0.015046416781842709,-0.0010652330238372087,-0.013714875094592571
1696965004396679000,26.030678955078123,-0.011850717477500439,-0.01704372838139534,0.011850717477500439
1696965004406693400,26.040693359375,-0.009720250964164734,-0.02450035884976387,0.007589785382151604
1696965004416707600,26.05070751953125,-0.011850717477500439,-0.004260932095348835,-0.016910573467612267
1696965004426721800,26.0607216796875,-0.016111649572849274,-0.004260932095348835,-0.0030625448562204838
1696965004436736000,26.070736083984375,-0.007589785382151604,-0.02982652559876442,0.026763979345560074
1696965004446750200,26.080750244140624,-0.010785484686493874,-0.009587096981704235,-0.025432437658309937
1696965004456764400,26.090764404296873,-0.016111649572849274,0.0031956990715116262,-0.005193010903894901
1696965004466778600,26.100778564453126,-0.008655018173158169,-0.04047885537147522,0.026763979345560074
1696965004476792800,26.110792724609375,-0.007589785382151604,-0.01810896210372448,-0.014780107885599136
1696965004486807000,26.12080712890625,-0.012915950268507004,0.0010652330238372087,-0.010519175790250301
1696965004496821200,26.1308212890625,-0.010785484686493874,-0.03621792420744896,0.019307348877191544
1696965004506835500,26.14083544921875,-0.004394086077809334,-0.0213046595454216,0.00226362026296556
1696965004516849700,26.150849609375,-0.009720250964164734,-0.004260932095348835,-0.009453942999243736
1696965004526864000,26.16086376953125,-0.011850717477500439,-0.01810896210372448,0.004394086077809334
1696965004536878000,26.170878173828125,-0.0033288532868027687,-0.02450035884976387,0.019307348877191544
1696965004546892300,26.180892333984374,-0.008655018173158169,-0.00852186419069767,-0.017975807189941406
1696965004556906500,26.190906494140624,-0.012915950268507004,-0.0031956990715116262,-0.005193010903894901
1696965004566920700,26.200920654296876,-0.007589785382151604,-0.0159784946590662,0.019307348877191544
1696965004576935000,26.210934814453125,-0.006524552125483751,-0.01917419396340847,-0.0009320789249613881
1696965004586949000,26.22094921875,-0.013981183059513569,0.0213046595454216,-0.021171506494283676
1696965004596963300,26.23096337890625,-0.010785484686493874,-0.02982652559876442,0.025698747485876083
1696965004606977500,26.2409775390625,-0.008655018173158169,-0.0021304660476744175,-0.0030625448562204838
1696965004616991700,26.25099169921875,-0.011850717477500439,0.0053261648863554,-0.011584409512579441
1696965004627006000,26.261005859375,-0.015046416781842709,0.0063913981430232525,0.007589785382151604
1696965004637020200,26.271020263671875,-0.009720250964164734,-0.0106523297727108,0.005459319334477186
1696965004647034600,26.28103466796875,-0.010785484686493874,0.01384802907705307,0.0001331541279796511
1696965004657048800,26.291048828125,-0.018242115154862404,0.009587096981704235,-0.010519175790250301
1696965004667063000,26.30106298828125,-0.011850717477500439,0.0063913981430232525,0.020372580736875534
1696965004677077200,26.3110771484375,-0.010785484686493874,-0.01810896210372448,0.006524552125483751
1696965004687091500,26.321091552734377,-0.019307348877191544,0.04473978653550148,-0.017975807189941406
1696965004697105700,26.331105712890626,-0.017176883295178413,-0.0213046595454216,0.029959678649902344
1696965004707119900,26.341119873046875,-0.012915950268507004,0.02023942768573761,0.006524552125483751
1696965004717134000,26.351134033203124,-0.017176883295178413,0.0031956990715116262,0.0033288532868027687
1696965004727148300,26.361148193359377,-0.023568280041217804,0.02982652559876442,0.004394086077809334
1696965004737162500,26.37116259765625,-0.011850717477500439,-0.01810896210372448,0.03954677656292915
1696965004747176700,26.3811767578125,-0.017176883295178413,0.01810896210372448,-0.010519175790250301
1696965004757191000,26.39119091796875,-0.021437814459204674,0.02556559257209301,0.013981183059513569
1696965004767205000,26.401205078125,-0.018242115154862404,-0.007456631399691105,0.026763979345560074
1696965004777219300,26.41121923828125,-0.013981183059513569,0.0021304660476744175,0.011850717477500439
1696965004787233500,26.421233642578127,-0.021437814459204674,0.02023942768573761,0.0033288532868027687
1696965004797247700,26.431247802734376,-0.019307348877191544,-0.009587096981704235,0.023568280041217804
1696965004807262000,26.441261962890625,-0.015046416781842709,0.0063913981430232525,0.023568280041217804
1696965004817276200,26.451276123046874,-0.015046416781842709,-0.009587096981704235,0.00226362026296556
1696965004827290400,26.461290283203127,-0.019307348877191544,0.02450035884976387,0.00226362026296556
1696965004837304600,26.4713046875,-0.011850717477500439,-0.02769605815410614,0.041677240282297134
1696965004847318800,26.48131884765625,-0.013981183059513569,0.0053261648863554,-0.016910573467612267
1696965004857333000,26.4913330078125,-0.017176883295178413,0.012782796286046505,0.004394086077809334
1696965004867347200,26.50134716796875,-0.010785484686493874,-0.03089175745844841,0.028894444927573204
1696965004877361700,26.511361572265624,-0.010785484686493874,-0.0021304660476744175,-0.011584409512579441
1696965004887376000,26.5213759765625,-0.012915950268507004,-0.0053261648863554,0.0001331541279796511
1696965004897390000,26.53139013671875,-0.012915950268507004,-0.01384802907705307,0.011850717477500439
1696965004907404300,26.541404296875,-0.007589785382151604,-0.02769605815410614,0.006524552125483751
1696965004917418500,26.55141845703125,-0.011850717477500439,0.0053261648863554,-0.007323476951569319
1696965004927432700,26.5614326171875,-0.016111649572849274,-0.012782796286046505,0.005459319334477186
1696965004937447000,26.571447021484374,-0.009720250964164734,-0.0159784946590662,0.022503048181533813
1696965004947461000,26.581461181640623,-0.010785484686493874,-0.0106523297727108,-0.005193010903894901
1696965004957475300,26.591475341796876,-0.017176883295178413,0.0010652330238372087,0.0033288532868027687
1696965004967489500,26.601489501953125,-0.011850717477500439,-0.02556559257209301,0.03528584539890289
1696965004977503700,26.611503662109374,-0.011850717477500439,-0.01491326279938221,0.007589785382151604
1696965004987518000,26.62151806640625,-0.019307348877191544,0.02236989326775074,0.0001331541279796511
1696965004997532200,26.6315322265625,-0.015046416781842709,-0.03302222490310669,0.047003407031297684
1696965005007546400,26.64154638671875,-0.010785484686493874,-0.0159784946590662,0.018242115154862404
1696965005017560600,26.651560546875,-0.019307348877191544,0.00852186419069767,0.005459319334477186
1696965005027574800,26.66157470703125,-0.019307348877191544,-0.00852186419069767,0.041677240282297134
1696965005037589000,26.671589111328124,-0.010785484686493874,-0.02450035884976387,0.028894444927573204
1696965005047603200,26.681603271484374,-0.018242115154862404,0.02023942768573761,0.00226362026296556
1696965005057617400,26.691617431640626,-0.021437814459204674,-0.00852186419069767,0.027829213067889214
1696965005067631600,26.701631591796875,-0.013981183059513569,0.007456631399691105,0.03209014609456062
1696965005077645800,26.711645751953125,-0.017176883295178413,0.0021304660476744175,0.009720250964164734
1696965005087660000,26.721659912109374,-0.021437814459204674,0.02769605815410614,0.008655018173158169
1696965005097674200,26.73167431640625,-0.015046416781842709,-0.01704372838139534,0.036351077258586884
1696965005107688400,26.7416884765625,-0.017176883295178413,0.0010652330238372087,0.00226362026296556
1696965005117703000,26.751702880859376,-0.020372580736875534,0.0213046595454216,-0.0009320789249613881
1696965005127717000,26.761717041015626,-0.016111649572849274,-0.02450035884976387,0.034220609813928604
1696965005137731300,26.7717314453125,-0.012915950268507004,0.0031956990715116262,0.0011983871227130294
1696965005147745500,26.78174560546875,-0.018242115154862404,0.02450035884976387,-0.0030625448562204838
1696965005157759700,26.791759765625,-0.017176883295178413,-0.0106523297727108,0.018242115154862404
1696965005167774000,26.80177392578125,-0.011850717477500439,-0.0021304660476744175,0.012915950268507004
1696965005177788200,26.8117880859375,-0.017176883295178413,0.02982652559876442,-0.020106272771954536
1696965005187802400,26.82180224609375,-0.017176883295178413,-0.02343512699007988,0.027829213067889214
1696965005197816600,26.831816650390625,-0.013981183059513569,0.02236989326775074,0.005459319334477186
1696965005207830800,26.841830810546874,-0.017176883295178413,0.01917419396340847,-0.006258244160562754
1696965005217845000,26.851844970703127,-0.019307348877191544,0.0159784946590662,0.011850717477500439
1696965005227859500,26.861859375,-0.015046416781842709,0.0213046595454216,0.013981183059513569
1696965005237873700,26.871873779296877,-0.017176883295178413,0.00852186419069767,0.0033288532868027687
1696965005247888000,26.881887939453126,-0.021437814459204674,0.05006595328450203,-0.007323476951569319
1696965005257902000,26.891902099609375,-0.011850717477500439,-0.00852186419069767,0.03954677656292915
1696965005267916500,26.90191650390625,-0.016111649572849274,0.02236989326775074,-0.008388710208237171
1696965005277930800,26.9119306640625,-0.019307348877191544,0.05432688444852829,0.0001331541279796511
1696965005287945000,26.921945068359374,-0.013981183059513569,-0.02236989326775074,0.03209014609456062
1696965005297959200,26.931959228515623,-0.011850717477500439,0.01384802907705307,0.007589785382151604
1696965005307973600,26.9419736328125,-0.017176883295178413,0.009587096981704235,-0.007323476951569319
1696965005317987800,26.95198779296875,-0.015046416781842709,0.0063913981430232525,0.017176883295178413
1696965005328002000,26.962001953125,-0.007589785382151604,-0.03941362351179123,0.027829213067889214
1696965005338016300,26.972016357421875,-0.020372580736875534,0.06497921794652939,-0.043541401624679565
1696965005348030700,26.98203076171875,-0.015046416781842709,-0.04154408723115921,0.048068638890981674
1696965005358045000,26.992044921875,-0.010785484686493874,0.0213046595454216,-0.011584409512579441
1696965005368059100,27.00205908203125,-0.017176883295178413,0.02236989326775074,-0.010519175790250301
1696965005378073300,27.0120732421875,-0.019307348877191544,-0.004260932095348835,0.0001331541279796511
1696965005388087800,27.022087890625,-0.009720250964164734,0.0031956990715116262,0.011850717477500439
1696965005398102000,27.03210205078125,-0.017176883295178413,0.012782796286046505,-0.019041040912270546
1696965005408116200,27.0421162109375,-0.020372580736875534,0.02663082629442215,-0.006258244160562754
1696965005418130400,27.05213037109375,-0.011850717477500439,-0.02343512699007988,0.024633513763546944
1696965005428144600,27.06214453125,-0.016111649572849274,0.0319569893181324,-0.033954303711652756
1696965005438159000,27.0721591796875,-0.019307348877191544,-0.007456631399691105,-0.0009320789249613881
1696965005448173300,27.08217333984375,-0.010785484686493874,-0.004260932095348835,0.009720250964164734
1696965005458187500,27.0921875,-0.011850717477500439,-0.0159784946590662,-0.006258244160562754
1696965005468201700,27.10220166015625,-0.019307348877191544,0.03515268862247467,-0.029693370684981346
1696965005478216200,27.11221630859375,-0.011850717477500439,-0.05113118514418602,0.03209014609456062
1696965005488230400,27.12223046875,-0.010785484686493874,0.01917419396340847,-0.021171506494283676
1696965005498244600,27.13224462890625,-0.016111649572849274,-0.01384802907705307,-0.004127778112888336
1696965005508258800,27.1422587890625,-0.011850717477500439,-0.01171756349503994,0.012915950268507004
1696965005518273300,27.152273193359374,-0.009720250964164734,-0.03515268862247467,0.004394086077809334
1696965005528287500,27.16228759765625,-0.017176883295178413,0.02556559257209301,-0.022236740216612816
1696965005538301700,27.1723017578125,-0.012915950268507004,-0.05965305119752884,0.034220609813928604
1696965005548316000,27.18231591796875,-0.011850717477500439,0.007456631399691105,-0.006258244160562754
1696965005558330000,27.192330078125,-0.019307348877191544,-0.004260932095348835,-0.0030625448562204838
1696965005568344300,27.20234423828125,-0.013981183059513569,-0.02450035884976387,0.023568280041217804
1696965005578358500,27.212358642578124,-0.011850717477500439,-0.01491326279938221,0.007589785382151604
1696965005588372700,27.222372802734377,-0.020372580736875534,0.01384802907705307,-0.008388710208237171
1696965005598387000,27.232386962890626,-0.015046416781842709,-0.02769605815410614,0.021437814459204674
1696965005608401200,27.242401123046875,-0.010785484686493874,-0.01491326279938221,0.022503048181533813
1696965005618415600,27.25241552734375,-0.020372580736875534,0.004260932095348835,-0.020106272771954536
1696965005628429800,27.262429931640625,-0.016111649572849274,-0.01491326279938221,0.021437814459204674
1696965005638444000,27.272444091796874,-0.009720250964164734,-0.02236989326775074,0.021437814459204674
1696965005648458200,27.282458251953123,-0.017176883295178413,0.009587096981704235,-0.019041040912270546
1696965005658472400,27.292472412109376,-0.018242115154862404,-0.007456631399691105,0.009720250964164734
1696965005668486700,27.302486572265625,-0.010785484686493874,-0.02556559257209301,0.024633513763546944
1696965005678500900,27.3125009765625,-0.018242115154862404,0.02663082629442215,-0.030758604407310486
1696965005688515000,27.32251513671875,-0.019307348877191544,-0.0213046595454216,0.022503048181533813
1696965005698529300,27.332529296875,-0.011850717477500439,-0.0063913981430232525,0.011850717477500439
1696965005708543500,27.34254345703125,-0.018242115154862404,0.01171756349503994,-0.025432437658309937
1696965005718557700,27.3525576171875,-0.022503048181533813,0.02343512699007988,0.010785484686493874
1696965005728572000,27.362572021484375,-0.009720250964164734,-0.03941362351179123,0.024633513763546944
1696965005738586000,27.372586181640624,-0.020372580736875534,0.04580501839518547,-0.03608476743102074
1696965005748600300,27.382600341796874,-0.018242115154862404,-0.02343512699007988,0.027829213067889214
1696965005758614500,27.392614501953126,-0.011850717477500439,-0.009587096981704235,0.0033288532868027687
1696965005768628700,27.402628662109375,-0.017176883295178413,0.0213046595454216,-0.016910573467612267
1696965005778643000,27.412642822265624,-0.021437814459204674,-0.01491326279938221,0.010785484686493874
1696965005788657200,27.4226572265625,-0.011850717477500439,0.004260932095348835,0.007589785382151604
1696965005798671400,27.43267138671875,-0.015046416781842709,-0.01810896210372448,0.004394086077809334
1696965005808685600,27.442685546875,-0.022503048181533813,0.01810896210372448,-0.011584409512579441
1696965005818699800,27.45269970703125,-0.009720250964164734,-0.03941362351179123,0.03954677656292915
1696965005828714000,27.4627138671875,-0.016111649572849274,0.012782796286046505,-0.021171506494283676
1696965005838728200,27.472728271484375,-0.019307348877191544,-0.004260932095348835,0.008655018173158169
1696965005848742400,27.482742431640624,-0.009720250964164734,-0.03302222490310669,0.040612008422613144
1696965005858756900,27.4927568359375,-0.017176883295178413,0.0031956990715116262,-0.017975807189941406
1696965005868771000,27.50277099609375,-0.019307348877191544,0.007456631399691105,0.019307348877191544
1696965005878785300,27.512785400390626,-0.009720250964164734,-0.0426093190908432,0.03528584539890289
1696965005888799500,27.522799560546876,-0.016111649572849274,0.01917419396340847,-0.009453942999243736
1696965005898813700,27.532813720703125,-0.023568280041217804,-0.0010652330238372087,0.021437814459204674
1696965005908828000,27.542827880859374,-0.011850717477500439,-0.02556559257209301,0.03848154470324516
1696965005918842000,27.552842041015627,-0.016111649572849274,0.007456631399691105,0.0001331541279796511
1696965005928856300,27.562856201171876,-0.022503048181533813,0.004260932095348835,0.010785484686493874
1696965005938870500,27.57287060546875,-0.013981183059513569,-0.02236989326775074,0.04274247586727142
1696965005948884700,27.582884765625,-0.015046416781842709,-0.0063913981430232525,0.0033288532868027687
1696965005958899000,27.59289892578125,-0.022503048181533813,0.01704372838139534,0.0011983871227130294
1696965005968913200,27.6029130859375,-0.012915950268507004,-0.02023942768573761,0.03848154470324516
1696965005978927400,27.61292724609375,-0.017176883295178413,0.00852186419069767,-0.006258244160562754
1696965005988941600,27.622941650390626,-0.018242115154862404,0.0213046595454216,0.005459319334477186
1696965005998955800,27.632955810546875,-0.012915950268507004,-0.01917419396340847,0.026763979345560074
1696965006008970000,27.642969970703124,-0.015046416781842709,0.0021304660476744175,-0.012649642303586006
1696965006018984200,27.652984130859377,-0.019307348877191544,0.04047885537147522,-0.001997311832383275
1696965006028998400,27.662998291015626,-0.010785484686493874,-0.0426093190908432,0.023568280041217804
1696965006039012600,27.6730126953125,-0.015046416781842709,0.02769605815410614,-0.026497671380639076
1696965006049026800,27.68302685546875,-0.019307348877191544,0.02769605815410614,-0.005193010903894901
1696965006059041000,27.693041015625,-0.009720250964164734,-0.04047885537147522,0.017176883295178413
1696965006069055200,27.70305517578125,-0.011850717477500439,0.0213046595454216,-0.029693370684981346
1696965006079069400,27.7130693359375,-0.018242115154862404,0.0213046595454216,-0.014780107885599136
1696965006089084000,27.723083984375,-0.012915950268507004,-0.0159784946590662,0.008655018173158169
1696965006099098000,27.73309814453125,-0.009720250964164734,0.00852186419069767,-0.025432437658309937
1696965006109112300,27.7431123046875,-0.018242115154862404,0.0319569893181324,-0.017975807189941406
1696965006119126500,27.75312646484375,-0.011850717477500439,-0.04047885537147522,0.016111649572849274
1696965006129140700,27.763140625,-0.010785484686493874,0.02343512699007988,-0.030758604407310486
1696965006139155000,27.773155029296873,-0.020372580736875534,0.00852186419069767,-0.011584409512579441
1696965006149169200,27.783169189453126,-0.015046416781842709,-0.004260932095348835,0.008655018173158169
1696965006159183400,27.793183349609375,-0.011850717477500439,-0.01810896210372448,-0.004127778112888336
1696965006169197600,27.803197509765624,-0.020372580736875534,0.0426093190908432,-0.023301972076296806
1696965006179211800,27.813211669921873,-0.013981183059513569,-0.03621792420744896,0.029959678649902344
1696965006189226000,27.82322607421875,-0.012915950268507004,0.01704372838139534,-0.013714875094592571
1696965006199240200,27.833240234375,-0.020372580736875534,0.01171756349503994,-0.007323476951569319
1696965006209254400,27.84325439453125,-0.011850717477500439,-0.02876129187643528,0.022503048181533813
1696965006219268600,27.8532685546875,-0.011850717477500439,-0.0021304660476744175,-0.0030625448562204838
1696965006229282800,27.86328271484375,-0.022503048181533813,0.01384802907705307,-0.008388710208237171
1696965006239297000,27.873297119140624,-0.008655018173158169,-0.03941362351179123,0.031024912372231483
1696965006249311200,27.883311279296876,-0.008655018173158169,0,-0.013714875094592571
1696965006259325400,27.893325439453125,-0.018242115154862404,0.01171756349503994,0.0033288532868027687
1696965006269339600,27.903339599609374,-0.008655018173158169,-0.01810896210372448,0.012915950268507004
1696965006279353900,27.913353759765624,-0.004394086077809334,-0.0021304660476744175,-0.004127778112888336
1696965006289368000,27.9233681640625,-0.011850717477500439,0.02023942768573761,-0.001997311832383275
1696965006299382500,27.933382568359374,-0.006524552125483751,-0.0159784946590662,0.006524552125483751
1696965006309396700,27.943396728515626,-0.0011983871227130294,0.007456631399691105,0.004394086077809334
1696965006319411000,27.953410888671876,-0.007589785382151604,0.012782796286046505,-0.014780107885599136
1696965006329425200,27.963425048828125,-0.00226362026296556,0.00852186419069767,-0.001997311832383275
1696965006339439600,27.973439697265626,0.0030625448562204838,-0.01810896210372448,0.012915950268507004
1696965006349453800,27.983453857421875,-0.007589785382151604,0.03941362351179123,-0.037150003015995026
1696965006359468000,27.993468017578124,0.001997311832383275,-0.01917419396340847,0.027829213067889214
1696965006369482200,28.003482177734377,0.005193010903894901,-0.01917419396340847,-0.009453942999243736
1696965006379496700,28.01349658203125,-0.0033288532868027687,0.0532616525888443,-0.033954303711652756
1696965006389511000,28.023510986328127,0.004127778112888336,-0.05645735189318657,0.034220609813928604
1696965006399525000,28.033525146484376,0.004127778112888336,0.04580501839518547,-0.03928046673536301
1696965006409539300,28.043539306640625,0.0009320789249613881,-0.02236989326775074,0.016111649572849274
1696965006419553800,28.0535537109375,0.001997311832383275,0.012782796286046505,-0.020106272771954536
1696965006429568000,28.063568115234375,0.006258244160562754,-0.02450035884976387,0.013981183059513569
1696965006439582200,28.073582275390624,-0.00226362026296556,0.03408745676279068,-0.035019535571336746
1696965006449596400,28.083596435546873,0.004127778112888336,-0.02343512699007988,0.011850717477500439
1696965006459611000,28.09361083984375,0.0030625448562204838,0.0031956990715116262,-0.005193010903894901
1696965006469625000,28.103625,-0.0011983871227130294,0.01917419396340847,-0.023301972076296806
1696965006479639300,28.113639404296876,0.001997311832383275,-0.02556559257209301,0.010785484686493874
1696965006489653500,28.123653564453125,0.0030625448562204838,-0.0021304660476744175,-0.004127778112888336
1696965006499668000,28.13366796875,-0.005459319334477186,0.02023942768573761,-0.029693370684981346
1696965006509682200,28.14368212890625,0.0030625448562204838,-0.0213046595454216,0.022503048181533813
1696965006519696400,28.1536962890625,-0.0011983871227130294,-0.01704372838139534,-0.007323476951569319
1696965006529710600,28.163710693359373,-0.007589785382151604,0.04580501839518547,-0.031823836266994476
1696965006539724800,28.173724853515626,0.0009320789249613881,-0.04793548583984375,0.05232957378029823
1696965006549739300,28.1837392578125,0.0009320789249613881,0.004260932095348835,-0.028628136962652206
1696965006559753500,28.19375341796875,-0.011850717477500439,0.03515268862247467,-0.0030625448562204838
1696965006569767700,28.203767578125,-0.00226362026296556,-0.04473978653550148,0.037416309118270874
1696965006579782000,28.213781982421875,-0.0033288532868027687,0.04154408723115921,-0.015845341607928276
1696965006589796400,28.22379638671875,-0.012915950268507004,0.007456631399691105,0.018242115154862404
1696965006599810600,28.233810546875,-0.0033288532868027687,-0.004260932095348835,0.027829213067889214
1696965006609824800,28.24382470703125,-0.0033288532868027687,-0.004260932095348835,0.008655018173158169
1696965006619839000,28.2538388671875,-0.015046416781842709,0.03941362351179123,-0.0009320789249613881
1696965006629853400,28.263853515625,-0.0033288532868027687,-0.01491326279938221,0.03954677656292915
1696965006639867600,28.27386767578125,-0.00226362026296556,-0.0063913981430232525,0.005459319334477186
1696965006649881900,28.2838818359375,-0.010785484686493874,0.04687025398015976,0.00226362026296556
1696965006659896000,28.29389599609375,0.001997311832383275,-0.05858781561255455,0.053394805639982224
1696965006669910500,28.30391064453125,-0.0033288532868027687,0.04687025398015976,-0.031823836266994476
1696965006679924700,28.3139248046875,-0.008655018173158169,-0.0159784946590662,0.029959678649902344
1696965006689939000,28.32393896484375,0.0030625448562204838,-0.01704372838139534,0.021437814459204674
1696965006699953200,28.333953125,-0.0011983871227130294,0.03089175745844841,-0.016910573467612267
1696965006709967400,28.34396728515625,-0.006524552125483751,-0.02343512699007988,0.023568280041217804
1696965006719981600,28.353981689453125,0.0030625448562204838,0.01491326279938221,0.006524552125483751
1696965006729995800,28.363995849609374,-0.00226362026296556,-0.02023942768573761,-0.004127778112888336
1696965006740010000,28.374010009765627,-0.005459319334477186,0.04793548583984375,-0.009453942999243736
1696965006750024200,28.384024169921876,0.004127778112888336,-0.03941362351179123,0.037416309118270874
1696965006760038400,28.394038330078125,-0.007589785382151604,0.03089175745844841,-0.043541401624679565
1696965006770052600,28.404052490234374,-0.004394086077809334,0.0021304660476744175,0.023568280041217804
1696965006780066800,28.41406689453125,0.0030625448562204838,-0.01384802907705307,0.010785484686493874
1696965006790081000,28.4240810546875,-0.005459319334477186,0.04154408723115921,-0.030758604407310486
1696965006800095200,28.43409521484375,-0.008655018173158169,-0.0159784946590662,0.016111649572849274
1696965006810109400,28.444109375,0.004127778112888336,0.0159784946590662,0.004394086077809334
1696965006820124000,28.4541240234375,-0.007589785382151604,0.02663082629442215,-0.022236740216612816
1696965006830138000,28.46413818359375,-0.007589785382151604,-0.007456631399691105,0.018242115154862404
1696965006840152300,28.47415234375,0.0009320789249613881,-0.009587096981704235,0.006524552125483751
1696965006850166500,28.48416650390625,-0.008655018173158169,0.0426093190908432,-0.022236740216612816
1696965006860180700,28.4941806640625,-0.005459319334477186,-0.01917419396340847,0.025698747485876083
1696965006870195000,28.50419482421875,-0.0011983871227130294,0.007456631399691105,0.005459319334477186
1696965006880209200,28.514209228515625,-0.008655018173158169,0.0106523297727108,-0.005193010903894901
1696965006890223400,28.524223388671874,-0.0033288532868027687,-0.00852186419069767,0.027829213067889214
1696965006900237600,28.534237548828123,0.0009320789249613881,-0.01491326279938221,0.012915950268507004
1696965006910251800,28.544251708984376,-0.007589785382151604,0.02769605815410614,-0.008388710208237171
1696965006920266000,28.554265869140625,-0.0011983871227130294,-0.0319569893181324,0.050199106335639954
1696965006930280200,28.5642802734375,-0.0011983871227130294,0.009587096981704235,-0.005193010903894901
1696965006940294400,28.57429443359375,-0.008655018173158169,0.02023942768573761,0.015046416781842709
1696965006950308600,28.58430859375,0.0030625448562204838,-0.04687025398015976,0.03848154470324516
1696965006960322800,28.59432275390625,-0.0033288532868027687,0.04473978653550148,-0.015845341607928276
1696965006970337000,28.6043369140625,-0.004394086077809334,-0.02982652559876442,0.03209014609456062
1696965006980351200,28.614351318359375,0.0009320789249613881,0.01491326279938221,0.0033288532868027687
1696965006990365400,28.624365478515625,-0.0033288532868027687,0.00852186419069767,0.00226362026296556
1696965007000379600,28.634379638671874,-0.0011983871227130294,0.0106523297727108,0.005459319334477186
1696965007010393900,28.644393798828126,0.005193010903894901,-0.01171756349503994,0.018242115154862404
1696965007020408000,28.654407958984375,-0.006524552125483751,0.04473978653550148,-0.03288906812667847
1696965007030422300,28.66442236328125,0.001997311832383275,-0.02556559257209301,0.026763979345560074
1696965007040436500,28.6744365234375,0.004127778112888336,0.009587096981704235,-0.019041040912270546
1696965007050450700,28.68445068359375,-0.0033288532868027687,0.0213046595454216,-0.009453942999243736
1696965007060465200,28.694465087890624,0.006258244160562754,-0.04687025398015976,0.016111649572849274
1696965007070479400,28.704479248046876,0.006258244160562754,0.01384802907705307,-0.031823836266994476
1696965007080493600,28.71449365234375,-0.0001331541279796511,-0.0063913981430232525,0.0033288532868027687
1696965007090507800,28.7245078125,0.008388710208237171,-0.03089175745844841,0.0001331541279796511
1696965007100522000,28.73452197265625,0.0030625448562204838,0.01917419396340847,-0.021171506494283676
1696965007110536200,28.7445361328125,0.004127778112888336,-0.03408745676279068,0.010785484686493874
1696965007120550400,28.75455029296875,0.011584409512579441,-0.012782796286046505,-0.0030625448562204838
1696965007130564600,28.764564697265627,-0.0001331541279796511,0.0159784946590662,-0.016910573467612267
1696965007140578800,28.774578857421876,0.007323476951569319,-0.0213046595454216,0.011850717477500439
1696965007150593000,28.784593017578125,0.006258244160562754,-0.0031956990715116262,-0.0009320789249613881
1696965007160607200,28.794607177734374,-0.0001331541279796511,0.0106523297727108,-0.008388710208237171
1696965007170621400,28.804621337890627,0.010519175790250301,-0.03089175745844841,0.034220609813928604
1696965007180635600,28.8146357421875,0.001997311832383275,0.02023942768573761,-0.024367205798625946
1696965007190649900,28.82464990234375,0.006258244160562754,-0.02876129187643528,0.031024912372231483
1696965007200664000,28.8346640625,0.010519175790250301,-0.00852186419069767,0.013981183059513569
1696965007210678300,28.84467822265625,0.001997311832383275,0.01917419396340847,-0.012649642303586006
1696965007220692500,28.8546923828125,0.009453942999243736,-0.03408745676279068,0.03528584539890289
1696965007230706700,28.864706787109377,0.008388710208237171,0.02450035884976387,-0.0009320789249613881
1696965007240721000,28.874720947265626,0.007323476951569319,-0.0319569893181324,0.018242115154862404
1696965007250735000,28.884735107421875,0.010519175790250301,0.02876129187643528,0.0033288532868027687
1696965007260749300,28.894749267578124,0.007323476951569319,-0.02556559257209301,0.03209014609456062
1696965007270763500,28.904763427734373,0.009453942999243736,-0.004260932095348835,-0.005193010903894901
1696965007280777700,28.91477783203125,0.007323476951569319,0.02236989326775074,0.009720250964164734
1696965007290792200,28.924792236328123,0.007323476951569319,-0.04047885537147522,0.024633513763546944
1696965007300806400,28.934806396484376,0.006258244160562754,0.0319569893181324,-0.017975807189941406
1696965007310820600,28.944820556640625,0.008388710208237171,-0.01917419396340847,0.034220609813928604
1696965007320834800,28.954834716796874,0.008388710208237171,-0.009587096981704235,-0.006258244160562754
1696965007330849300,28.964849365234375,0.007323476951569319,0.02663082629442215,0.0001331541279796511
1696965007340863500,28.974863525390624,0.007323476951569319,-0.05006595328450203,0.023568280041217804
1696965007350877700,28.984877685546873,0.008388710208237171,0.02769605815410614,-0.020106272771954536
1696965007360892000,28.994891845703126,0.007323476951569319,-0.0319569893181324,0.03528584539890289
1696965007370906400,29.00490625,0.006258244160562754,-0.01704372838139534,-0.009453942999243736
1696965007380920600,29.014920654296876,0.006258244160562754,0.02236989326775074,0.007589785382151604
1696965007390934800,29.024934814453125,0.006258244160562754,-0.06178351491689682,0.026763979345560074
1696965007400949000,29.034948974609375,0.005193010903894901,0.04793548583984375,-0.017975807189941406
1696965007410963500,29.04496337890625,0.006258244160562754,-0.05539211630821228,0.037416309118270874
1696965007420977700,29.054977783203125,0.006258244160562754,0.02876129187643528,-0.011584409512579441
1696965007430992000,29.064991943359374,0.007323476951569319,-0.0213046595454216,0.027829213067889214
1696965007441006000,29.075006103515626,0.005193010903894901,0.01171756349503994,-0.006258244160562754
1696965007451020500,29.0850205078125,0.007323476951569319,-0.0021304660476744175,0.024633513763546944
1696965007461034800,29.09503466796875,0.006258244160562754,0,0.007589785382151604
1696965007471049000,29.105049072265626,0.007323476951569319,0.0010652330238372087,0.00226362026296556
1696965007481063200,29.115063232421875,0.006258244160562754,-0.0010652330238372087,0.020372580736875534
1696965007491077600,29.12507763671875,0.009453942999243736,-0.00852186419069767,0.011850717477500439
1696965007501091800,29.135091796875,0.006258244160562754,0.0106523297727108,0.0011983871227130294
1696965007511106000,29.14510595703125,0.010519175790250301,-0.02236989326775074,0.029959678649902344
1696965007521120300,29.155120361328127,0.004127778112888336,0.00852186419069767,-0.016910573467612267
1696965007531134700,29.165134765625,0.008388710208237171,-0.01171756349503994,0.036351077258586884
1696965007541149000,29.17514892578125,0.006258244160562754,-0.012782796286046505,-0.008388710208237171
1696965007551163100,29.1851630859375,0.0030625448562204838,0.02343512699007988,0.0011983871227130294
1696965007561177300,29.19517724609375,0.009453942999243736,-0.05113118514418602,0.03209014609456062
1696965007571191800,29.20519189453125,0.004127778112888336,0.04580501839518547,-0.033954303711652756
1696965007581206000,29.2152060546875,0.008388710208237171,-0.03621792420744896,0.03954677656292915
1696965007591220200,29.22522021484375,0.001997311832383275,0.02450035884976387,-0.022236740216612816
1696965007601234400,29.235234375,0.006258244160562754,-0.0159784946590662,0.013981183059513569
1696965007611249000,29.245248779296876,0.005193010903894901,0.01917419396340847,-0.001997311832383275
1696965007621263000,29.25526318359375,0.006258244160562754,-0.01704372838139534,0.00226362026296556
1696965007631277300,29.26527734375,0.006258244160562754,0.01917419396340847,0.0033288532868027687
1696965007641291500,29.27529150390625,0.0030625448562204838,-0.009587096981704235,0.0011983871227130294
1696965007651306000,29.285305908203124,0.009453942999243736,0,0.0001331541279796511
1696965007661320200,29.2953203125,0.004127778112888336,0.02023942768573761,0.016111649572849274
1696965007671334400,29.30533447265625,0.008388710208237171,-0.02982652559876442,0.006524552125483751
1696965007681348600,29.3153486328125,0.001997311832383275,0.04580501839518547,-0.014780107885599136
1696965007691363000,29.325363037109376,0.009453942999243736,-0.05539211630821228,0.044872939586639404
1696965007701377300,29.335377197265625,0.009453942999243736,0.03089175745844841,-0.028628136962652206
1696965007711391500,29.3453916015625,0.0009320789249613881,-0.0010652330238372087,0.021437814459204674
1696965007721405700,29.35540576171875,0.010519175790250301,0.0010652330238372087,0.016111649572849274
1696965007731420000,29.365419921875,0.004127778112888336,0.03834838792681694,-0.013714875094592571
1696965007741434400,29.375434326171874,0.013714875094592571,-0.01491326279938221,0.047003407031297684
1696965007751448600,29.385448486328126,0.0009320789249613881,0.04580501839518547,-0.024367205798625946
1696965007761462800,29.395462890625,0.010519175790250301,0.0010652330238372087,0.031024912372231483
1696965007771477000,29.40547705078125,0.009453942999243736,0.02876129187643528,0.0033288532868027687
1696965007781491500,29.415491455078126,0.008388710208237171,0,0.007589785382151604
1696965007791505700,29.425505615234375,0.009453942999243736,0.03941362351179123,0.009720250964164734
1696965007801519900,29.435519775390624,0.008388710208237171,-0.0031956990715116262,0.017176883295178413
1696965007811534000,29.4455341796875,0.012649642303586006,0.02556559257209301,-0.005193010903894901
1696965007821548500,29.455548583984374,0.006258244160562754,0.00852186419069767,0.018242115154862404
1696965007831562800,29.465562744140627,0.012649642303586006,-0.0031956990715116262,-0.001997311832383275
1696965007841577000,29.475576904296876,0.008388710208237171,0.02450035884976387,0.0011983871227130294
1696965007851591200,29.485591064453125,0.012649642303586006,-0.02663082629442215,0.016111649572849274
1696965007861605600,29.495605712890626,0.007323476951569319,0.04047885537147522,-0.020106272771954536
1696965007871619800,29.505619873046875,0.011584409512579441,-0.03089175745844841,0.031024912372231483
1696965007881634000,29.515634033203124,0.009453942999243736,0.02663082629442215,-0.030758604407310486
1696965007891648300,29.525648193359373,0.008388710208237171,-0.02343512699007988,0.022503048181533813
1696965007901662700,29.535662841796874,0.008388710208237171,0.01384802907705307,-0.015845341607928276
1696965007911677000,29.545677001953123,0.006258244160562754,-0.01171756349503994,0.015046416781842709
1696965007921691100,29.555691162109376,0.011584409512579441,0.0010652330238372087,0.005459319334477186
1696965007931705300,29.565705322265625,0.004127778112888336,0.00852186419069767,0.006524552125483751
1696965007941719600,29.575719482421874,0.007323476951569319,-0.0010652330238372087,0.0011983871227130294
1696965007951733800,29.585733642578123,0.005193010903894901,0.0213046595454216,0.015046416781842709
1696965007961748000,29.595748046875,0.007323476951569319,-0.01917419396340847,0.010785484686493874
1696965007971762200,29.60576220703125,0.005193010903894901,0.04900071769952774,-0.001997311832383275
1696965007981776400,29.6157763671875,0.004127778112888336,-0.04793548583984375,0.033155377954244614
1696965007991790600,29.62579052734375,0.009453942999243736,0.05965305119752884,-0.022236740216612816
1696965008001804800,29.6358046875,0.008388710208237171,-0.08415340632200241,0.043807707726955414
1696965008011819000,29.645819091796874,0.008388710208237171,0.02876129187643528,-0.027562905102968216
1696965008021833200,29.655833251953126,0.006258244160562754,-0.0426093190908432,0.024633513763546944
1696965008031847400,29.665847412109375,0.013714875094592571,-0.05006595328450203,0.0001331541279796511
1696965008041861600,29.675861572265624,0.010519175790250301,0.0021304660476744175,-0.001997311832383275
1696965008051875800,29.685875732421874,0.011584409512579441,-0.06071828305721283,0.009720250964164734
1696965008061890000,29.69589013671875,0.010519175790250301,0.0063913981430232525,-0.008388710208237171
1696965008071904300,29.705904296875,0.011584409512579441,-0.05432688444852829,0.011850717477500439
1696965008081918500,29.71591845703125,0.008388710208237171,0.01704372838139534,-0.015845341607928276
1696965008091932700,29.7259326171875,0.009453942999243736,-0.05965305119752884,0.017176883295178413
1696965008101947000,29.73594677734375,0.008388710208237171,0.0319569893181324,-0.020106272771954536
1696965008111961300,29.74596142578125,0.007323476951569319,-0.04793548583984375,0.028894444927573204
1696965008121975600,29.7559755859375,0.009453942999243736,0.007456631399691105,-0.016910573467612267
1696965008131989800,29.76598974609375,0.005193010903894901,0.0053261648863554,0.0033288532868027687
1696965008142004000,29.77600390625,0.012649642303586006,-0.04793548583984375,0.013981183059513569
1696965008152018200,29.78601806640625,0.009453942999243736,0.02556559257209301,-0.016910573467612267
1696965008162032400,29.796032470703125,0.010519175790250301,-0.05113118514418602,0.010785484686493874
1696965008172046600,29.806046630859374,0.012649642303586006,0.02343512699007988,-0.004127778112888336
1696965008182060800,29.816060791015627,0.010519175790250301,-0.03728315606713295,0.00226362026296556
1696965008192075000,29.826074951171876,0.014780107885599136,0.0031956990715116262,0.010785484686493874
1696965008202089200,29.836089111328125,0.008388710208237171,-0.01704372838139534,-0.014780107885599136
1696965008212103400,29.846103515625,0.010519175790250301,0.01810896210372448,0.007589785382151604
1696965008222117600,29.85611767578125,0.011584409512579441,-0.04580501839518547,0.018242115154862404
1696965008232131800,29.8661318359375,0.007323476951569319,0.06497921794652939,-0.040345702320337296
1696965008242146000,29.87614599609375,0.009453942999243736,-0.04580501839518547,0.05232957378029823
1696965008252160300,29.88616015625,0.006258244160562754,0.04047885537147522,-0.038215234875679016
1696965008262174500,29.896174560546875,0.006258244160562754,0.004260932095348835,0.024633513763546944
1696965008272188700,29.906188720703124,0.007323476951569319,-0.01491326279938221,-0.0030625448562204838
1696965008282203100,29.916203125,0.004127778112888336,0.04473978653550148,-0.0030625448562204838
1696965008292217300,29.92621728515625,0.007323476951569319,-0.04580501839518547,0.024633513763546944
1696965008302231600,29.9362314453125,0.004127778112888336,0.05752258375287056,-0.009453942999243736
1696965008312245800,29.946245849609376,0.009453942999243736,-0.06071828305721283,0.033155377954244614
1696965008322260200,29.95626025390625,0.004127778112888336,0.06071828305721283,-0.009453942999243736
1696965008332274400,29.9662744140625,0.007323476951569319,-0.04687025398015976,0.043807707726955414
1696965008342288600,29.97628857421875,0.006258244160562754,0.02663082629442215,-0.010519175790250301
1696965008352302800,29.986302734375,0.006258244160562754,-0.0159784946590662,0.037416309118270874
1696965008362317300,29.9963173828125,0.008388710208237171,0.0010652330238372087,0.006524552125483751
1696965008372331500,30.00633154296875,0.005193010903894901,-0.0063913981430232525,0.015046416781842709
1696965008382345700,30.016345703125,0.007323476951569319,0.02769605815410614,0.012915950268507004
1696965008392360000,30.02635986328125,0.006258244160562754,-0.02236989326775074,0.019307348877191544
1696965008402374400,30.03637451171875,0.009453942999243736,0.03515268862247467,0.0011983871227130294
1696965008412388600,30.046388671875,0.006258244160562754,-0.0063913981430232525,0.020372580736875534
1696965008422402800,30.05640283203125,0.009453942999243736,0.03941362351179123,-0.007323476951569319
1696965008432417000,30.0664169921875,0.009453942999243736,-0.02343512699007988,0.026763979345560074
1696965008442431500,30.076431396484374,0.010519175790250301,0.03941362351179123,-0.017975807189941406
1696965008452445700,30.08644580078125,0.009453942999243736,-0.01810896210372448,0.024633513763546944
1696965008462460000,30.0964599609375,0.014780107885599136,0.0106523297727108,-0.007323476951569319
1696965008472474000,30.10647412109375,0.010519175790250301,0.0010652330238372087,0.0001331541279796511
1696965008482488600,30.116488525390626,0.013714875094592571,-0.01491326279938221,0.004394086077809334
1696965008492502800,30.126502685546875,0.014780107885599136,0.007456631399691105,-0.004127778112888336
1696965008502517000,30.13651708984375,0.015845341607928276,-0.03089175745844841,-0.0009320789249613881
1696965008512531200,30.14653125,0.008388710208237171,0.03089175745844841,-0.009453942999243736
1696965008522545700,30.156545654296874,0.015845341607928276,-0.04793548583984375,0.021437814459204674
1696965008532560000,30.166559814453127,0.011584409512579441,0.04367455467581749,-0.03288906812667847
1696965008542574000,30.176573974609376,0.012649642303586006,-0.0426093190908432,0.025698747485876083
1696965008552588300,30.18658837890625,0.010519175790250301,0.05113118514418602,-0.027562905102968216
1696965008562602800,30.196602783203126,0.011584409512579441,-0.02450035884976387,0.018242115154862404
1696965008572617000,30.206616943359375,0.011584409512579441,0.03621792420744896,-0.010519175790250301
1696965008582631200,30.216631103515624,0.009453942999243736,-0.009587096981704235,0.004394086077809334
1696965008592645400,30.226645263671877,0.009453942999243736,0.05113118514418602,-0.008388710208237171
1696965008602659800,30.236659912109374,0.014780107885599136,-0.05539211630821228,0.028894444927573204
1696965008612674000,30.246674072265623,0.008388710208237171,0.05006595328450203,-0.029693370684981346
1696965008622688300,30.256688232421876,0.013714875094592571,-0.04793548583984375,0.033155377954244614
1696965008632702500,30.266702392578125,0.009453942999243736,0.01704372838139534,-0.022236740216612816
1696965008642716700,30.276716552734374,0.014780107885599136,-0.02450035884976387,0.027829213067889214
1696965008652731100,30.286731201171875,0.012649642303586006,-0.02343512699007988,-0.004127778112888336
1696965008662745300,30.296745361328124,0.013714875094592571,-0.009587096981704235,0.0033288532868027687
1696965008672759600,30.306759521484373,0.011584409512579441,-0.02450035884976387,0.015046416781842709
1696965008682773800,30.316773681640626,0.013714875094592571,-0.02343512699007988,-0.0030625448562204838
1696965008692788200,30.326788330078124,0.014780107885599136,-0.0213046595454216,0.017176883295178413
1696965008702802400,30.336802490234376,0.010519175790250301,-0.01171756349503994,-0.017975807189941406
1696965008712816600,30.346816650390625,0.011584409512579441,-0.0159784946590662,0.024633513763546944
1696965008722830800,30.356830810546874,0.012649642303586006,-0.03089175745844841,0.0001331541279796511
1696965008732845300,30.36684521484375,0.008388710208237171,0.02769605815410614,-0.010519175790250301
1696965008742859500,30.376859619140625,0.011584409512579441,-0.04367455467581749,0.023568280041217804
1696965008752873700,30.386873779296874,0.005193010903894901,0.03408745676279068,-0.010519175790250301
1696965008762888000,30.396887939453126,0.009453942999243736,-0.01384802907705307,0.017176883295178413
1696965008772902400,30.40690234375,0.005193010903894901,0.01917419396340847,-0.004127778112888336
1696965008782916600,30.41691650390625,0.009453942999243736,-0.00852186419069767,0.016111649572849274
1696965008792930800,30.426930908203126,0.004127778112888336,-0.0031956990715116262,0.011850717477500439
1696965008802945000,30.436945068359375,0.009453942999243736,-0.02769605815410614,0.007589785382151604
1696965008812959500,30.44695947265625,0.006258244160562754,0.01810896210372448,0.019307348877191544
1696965008822973700,30.4569736328125,0.009453942999243736,-0.04900071769952774,0.011850717477500439
1696965008832988000,30.46698779296875,0.007323476951569319,0,0.020372580736875534
1696965008843002000,30.477002197265627,0.010519175790250301,-0.02343512699007988,0.009720250964164734
1696965008853016600,30.4870166015625,0.008388710208237171,-0.02236989326775074,0.017176883295178413
1696965008863030800,30.49703076171875,0.006258244160562754,0.007456631399691105,0.006524552125483751
1696965008873045000,30.507044921875,0.005193010903894901,-0.0063913981430232525,0.029959678649902344
1696965008883059200,30.51705908203125,0.008388710208237171,0.00852186419069767,0.00226362026296556
1696965008893073700,30.52707373046875,0.004127778112888336,0.0159784946590662,0.010785484686493874
1696965008903087900,30.537087890625,0.005193010903894901,0.009587096981704235,0.016111649572849274
1696965008913102000,30.54710205078125,0.007323476951569319,-0.0159784946590662,0.013981183059513569
1696965008923116300,30.5571162109375,0.008388710208237171,0.04367455467581749,-0.010519175790250301
1696965008933130800,30.567130859375,0.010519175790250301,-0.04367455467581749,0.03528584539890289
1696965008943145000,30.57714501953125,0.010519175790250301,0.03515268862247467,-0.019041040912270546
1696965008953159200,30.5871591796875,0.014780107885599136,-0.02343512699007988,0.028894444927573204
1696965008963173400,30.59717333984375,0.013714875094592571,0.004260932095348835,-0.005193010903894901
1696965008973187800,30.607187744140624,0.012649642303586006,-0.007456631399691105,0.005459319334477186
1696965008983202000,30.6172021484375,0.012649642303586006,0.0063913981430232525,0.007589785382151604
1696965008993216300,30.62721630859375,0.014780107885599136,-0.02343512699007988,0.0033288532868027687
1696965009003230500,30.63723046875,0.011584409512579441,0.03728315606713295,-0.006258244160562754
1696965009013245000,30.647244873046876,0.013714875094592571,-0.03089175745844841,0.020372580736875534
1696965009023259100,30.657259033203125,0.011584409512579441,0.05006595328450203,-0.005193010903894901
1696965009033273300,30.6672734375,0.012649642303586006,-0.02663082629442215,0.017176883295178413
1696965009043287600,30.67728759765625,0.010519175790250301,0.06497921794652939,-0.007323476951569319
1696965009053302000,30.687302001953125,0.014780107885599136,-0.03089175745844841,0.024633513763546944
1696965009063316200,30.697316162109374,0.008388710208237171,0.06604444980621338,-0.015845341607928276
1696965009073330400,30.707330322265626,0.013714875094592571,-0.004260932095348835,0.023568280041217804
1696965009083344600,30.7173447265625,0.010519175790250301,0.05752258375287056,-0.006258244160562754
1696965009093358800,30.72735888671875,0.014780107885599136,-0.0021304660476744175,0.013981183059513569
1696965009103373000,30.737373046875,0.011584409512579441,0.0745663121342659,-0.0009320789249613881
1696965009113387300,30.74738720703125,0.015845341607928276,-0.009587096981704235,0.031024912372231483
1696965009123401500,30.7574013671875,0.011584409512579441,0.05432688444852829,-0.007323476951569319
1696965009133415700,30.767415771484377,0.013714875094592571,-0.0063913981430232525,0.027829213067889214
1696965009143430000,30.777429931640626,0.009453942999243736,0.05539211630821228,0.0033288532868027687
1696965009153444000,30.787444091796875,0.010519175790250301,-0.02663082629442215,0.020372580736875534
1696965009163458300,30.797458251953124,0.009453942999243736,0.07563154399394989,-0.0009320789249613881
1696965009173472500,30.807472412109377,0.009453942999243736,-0.0532616525888443,0.03848154470324516
1696965009183487000,30.817487060546874,0.005193010903894901,0.09693620353937149,-0.021171506494283676
1696965009193501200,30.827501220703127,0.012649642303586006,-0.07030537724494934,0.06511236727237701
1696965009203515400,30.837515380859376,0.008388710208237171,0.06284874677658081,-0.028628136962652206
1696965009213529600,30.847529541015625,0.008388710208237171,-0.04793548583984375,0.058720968663692474
1696965009223543800,30.857543701171874,0.009453942999243736,0.02236989326775074,-0.001997311832383275
1696965009233558000,30.86755810546875,0.009453942999243736,-0.02982652559876442,0.031024912372231483
1696965009243572200,30.877572265625,0.010519175790250301,-0.0159784946590662,0.015046416781842709
1696965009253586400,30.88758642578125,0.005193010903894901,0.007456631399691105,0.015046416781842709
1696965009263600600,30.8976005859375,0.009453942999243736,-0.0053261648863554,0.016111649572849274
1696965009273614800,30.90761474609375,0.007323476951569319,-0.02023942768573761,0.026763979345560074
1696965009283629000,30.917629150390624,0.007323476951569319,0.01917419396340847,0.00226362026296556
1696965009293643300,30.927643310546873,0.006258244160562754,-0.02769605815410614,0.029959678649902344
1696965009303657500,30.937657470703126,0.009453942999243736,0.0063913981430232525,0.008655018173158169
1696965009313671700,30.947671630859375,0.004127778112888336,-0.02343512699007988,0.028894444927573204
1696965009323686000,30.957685791015624,0.009453942999243736,-0.01384802907705307,0.0033288532868027687
1696965009333700000,30.9677001953125,0.008388710208237171,-0.0319569893181324,0.036351077258586884
1696965009343714300,30.97771435546875,0.008388710208237171,-0.01810896210372448,-0.0030625448562204838
1696965009353728500,30.987728515625,0.008388710208237171,-0.0106523297727108,0.024633513763546944
1696965009363742700,30.99774267578125,0.013714875094592571,-0.04687025398015976,0.016111649572849274
1696965009373757000,31.0077568359375,0.008388710208237171,0.01384802907705307,0.005459319334477186
1696965009383771100,31.017771240234374,0.013714875094592571,-0.04900071769952774,0.041677240282297134
1696965009393785300,31.027785400390623,0.011584409512579441,0.01384802907705307,-0.0009320789249613881
1696965009403799600,31.037799560546876,0.015845341607928276,-0.0639139786362648,0.040612008422613144
1696965009413813800,31.047813720703125,0.011584409512579441,0.04793548583984375,0.0001331541279796511
1696965009423828200,31.057828125,0.015845341607928276,-0.08202294260263443,0.047003407031297684
1696965009433842400,31.067842529296875,0.011584409512579441,0.06284874677658081,-0.014780107885599136
1696965009443856600,31.077856689453125,0.015845341607928276,-0.07350108027458191,0.06298190355300903
1696965009453870800,31.087870849609374,0.013714875094592571,0.05858781561255455,-0.021171506494283676
1696965009463885000,31.097885009765626,0.012649642303586006,-0.04687025398015976,0.053394805639982224
1696965009473899300,31.107899169921875,0.012649642303586006,0.04900071769952774,-0.009453942999243736
1696965009483913500,31.11791357421875,0.012649642303586006,-0.03302222490310669,0.022503048181533813
1696965009493927700,31.127927734375,0.015845341607928276,0.04473978653550148,0.012915950268507004
1696965009503942000,31.13794189453125,0.008388710208237171,-0.01171756349503994,0.00226362026296556
1696965009513956400,31.147956298828124,0.013714875094592571,0.02982652559876442,0.012915950268507004
1696965009523970600,31.157970458984376,0.011584409512579441,-0.007456631399691105,0.00226362026296556
1696965009533984800,31.16798486328125,0.014780107885599136,0.03834838792681694,-0.008388710208237171
1696965009543999000,31.1779990234375,0.010519175790250301,-0.01384802907705307,0.022503048181533813
1696965009554013200,31.18801318359375,0.015845341607928276,0.03302222490310669,-0.025432437658309937
1696965009564027600,31.198027587890625,0.009453942999243736,0.03302222490310669,0.008655018173158169
1696965009574041900,31.208041748046874,0.017975807189941406,-0.02876129187643528,0.011850717477500439
1696965009584056000,31.21805615234375,0.006258244160562754,0.09054480493068695,-0.031823836266994476
1696965009594070300,31.2280703125,0.013714875094592571,-0.04154408723115921,0.029959678649902344
1696965009604084700,31.238084716796877,0.010519175790250301,0.06817491352558136,-0.021171506494283676
1696965009614099000,31.248098876953126,0.013714875094592571,-0.04367455467581749,0.022503048181533813
1696965009624113200,31.258113037109375,0.006258244160562754,0.07137060910463333,-0.025432437658309937
1696965009634127400,31.26812744140625,0.015845341607928276,-0.07030537724494934,0.040612008422613144
1696965009644141800,31.278141845703125,0.008388710208237171,0.06284874677658081,-0.035019535571336746
1696965009654156000,31.288156005859374,0.011584409512579441,-0.06604444980621338,0.05232957378029823
1696965009664170200,31.298170166015623,0.013714875094592571,0.0213046595454216,-0.021171506494283676
1696965009674184400,31.308184326171876,0.009453942999243736,-0.02343512699007988,0.031024912372231483
1696965009684199000,31.318198974609373,0.012649642303586006,0.004260932095348835,0.007589785382151604
1696965009694213000,31.328213134765626,0.010519175790250301,-0.01491326279938221,0.024633513763546944
1696965009704227300,31.338227294921875,0.013714875094592571,-0.0053261648863554,0.011850717477500439
1696965009714241500,31.348241455078124,0.010519175790250301,0.0010652330238372087,0.024633513763546944
1696965009724256000,31.358256103515625,0.013714875094592571,-0.0010652330238372087,0.013981183059513569
1696965009734270200,31.368270263671874,0.009453942999243736,0.01171756349503994,0.022503048181533813
1696965009744284400,31.378284423828124,0.010519175790250301,0.009587096981704235,0.008655018173158169
1696965009754298600,31.388298583984376,0.010519175790250301,-0.0053261648863554,0.033155377954244614
1696965009764313000,31.39831298828125,0.009453942999243736,0.02023942768573761,-0.008388710208237171
1696965009774327300,31.408327392578126,0.011584409512579441,-0.0053261648863554,0.031024912372231483
1696965009784341500,31.418341552734375,0.011584409512579441,-0.01491326279938221,-0.007323476951569319
1696965009794355700,31.428355712890625,0.011584409512579441,0.03408745676279068,-0.0030625448562204838
1696965009804370200,31.4383701171875,0.014780107885599136,-0.0426093190908432,0.010785484686493874
1696965009814384400,31.44838427734375,0.010519175790250301,0.04473978653550148,-0.023301972076296806
1696965009824398600,31.458398681640624,0.017975807189941406,-0.04367455467581749,0.012915950268507004
1696965009834412800,31.468412841796876,0.010519175790250301,0.03302222490310669,-0.038215234875679016
1696965009844427300,31.47842724609375,0.016910573467612267,-0.01491326279938221,0.0011983871227130294
1696965009854441500,31.48844140625,0.013714875094592571,0.0021304660476744175,-0.027562905102968216
1696965009864455700,31.49845556640625,0.015845341607928276,0.012782796286046505,-0.022236740216612816
1696965009874470000,31.508469970703125,0.013714875094592571,0,-0.022236740216612816
1696965009884484400,31.518484375,0.015845341607928276,0,-0.021171506494283676
1696965009894498600,31.52849853515625,0.012649642303586006,0.02450035884976387,-0.023301972076296806
1696965009904512800,31.5385126953125,0.013714875094592571,-0.01917419396340847,-0.024367205798625946
1696965009914527000,31.54852685546875,0.011584409512579441,0.02769605815410614,-0.015845341607928276
1696965009924541400,31.55854150390625,0.014780107885599136,-0.03728315606713295,-0.017975807189941406
1696965009934555600,31.5685556640625,0.007323476951569319,0.05113118514418602,-0.047802332788705826
1696965009944569900,31.57856982421875,0.017975807189941406,-0.07776200771331787,0.036351077258586884
1696965009954584000,31.588583984375,0.006258244160562754,0.07030537724494934,-0.07336792349815369
1696965009964598500,31.5985986328125,0.014780107885599136,-0.06497921794652939,0.036351077258586884
1696965009974612700,31.60861279296875,0.009453942999243736,0.03089175745844841,-0.030758604407310486
1696965009984627000,31.618626953125,0.011584409512579441,-0.0053261648863554,0.0011983871227130294
1696965009994641200,31.62864111328125,0.009453942999243736,0.0319569893181324,0.0033288532868027687
1696965010004655400,31.6386552734375,0.009453942999243736,-0.03941362351179123,0.00226362026296556
1696965010014669600,31.648669677734375,0.010519175790250301,0.06497921794652939,-0.009453942999243736
1696965010024683800,31.658683837890624,0.014780107885599136,-0.07563154399394989,0.027829213067889214
1696965010034698000,31.668697998046873,0.005193010903894901,0.11504516750574112,-0.055258963257074356
1696965010044712200,31.678712158203126,0.011584409512579441,-0.07776200771331787,0.05232957378029823
1696965010054726400,31.688726318359375,0.009453942999243736,0.07350108027458191,-0.057389430701732635
1696965010064740600,31.69874072265625,0.012649642303586006,-0.04367455467581749,0.025698747485876083
1696965010074754800,31.7087548828125,0.009453942999243736,0.04047885537147522,-0.026497671380639076
1696965010084769000,31.71876904296875,0.011584409512579441,-0.012782796286046505,-0.009453942999243736
1696965010094783200,31.728783203125,0.011584409512579441,0.02023942768573761,-0.016910573467612267
1696965010104797400,31.73879736328125,0.014780107885599136,-0.0159784946590662,-0.006258244160562754
1696965010114811600,31.748811767578125,0.012649642303586006,0.03302222490310669,-0.03608476743102074
1696965010124825900,31.758825927734375,0.014780107885599136,-0.012782796286046505,0.006524552125483751
1696965010134840000,31.768840087890624,0.012649642303586006,0.02343512699007988,-0.03288906812667847
1696965010144854500,31.7788544921875,0.015845341607928276,-0.02023942768573761,0.006524552125483751
1696965010154868700,31.78886865234375,0.012649642303586006,0.0426093190908432,-0.026497671380639076
1696965010164883000,31.798883056640626,0.015845341607928276,-0.04047885537147522,0.010785484686493874
1696965010174897200,31.808897216796876,0.010519175790250301,0.04473978653550148,-0.027562905102968216
1696965010184911400,31.818911376953125,0.012649642303586006,-0.01917419396340847,0.017176883295178413
1696965010194925600,31.828925537109374,0.009453942999243736,0.012782796286046505,-0.016910573467612267
1696965010204939800,31.838939697265626,0.007323476951569319,0.00852186419069767,0.005459319334477186
1696965010214954000,31.8489541015625,0.009453942999243736,-0.0010652330238372087,0.010785484686493874
1696965010224968200,31.85896826171875,0.005193010903894901,0.0021304660476744175,-0.015845341607928276
1696965010234982400,31.868982421875,0.007323476951569319,-0.0010652330238372087,0.022503048181533813
1696965010244996600,31.87899658203125,0.005193010903894901,-0.0213046595454216,-0.009453942999243736
1696965010255010800,31.8890107421875,0.007323476951569319,0.01171756349503994,0.00226362026296556
1696965010265025000,31.89902490234375,0.009453942999243736,-0.04154408723115921,0.018242115154862404
1696965010275039200,31.909039306640626,0.006258244160562754,0.007456631399691105,-0.026497671380639076
1696965010285053400,31.919053466796875,0.011584409512579441,-0.05006595328450203,0.029959678649902344
1696965010295067600,31.929067626953124,0.007323476951569319,0.0063913981430232525,-0.026497671380639076
1696965010305081900,31.939081787109377,0.008388710208237171,-0.03302222490310669,0.020372580736875534
1696965010315096000,31.949095947265626,0.006258244160562754,-0.00852186419069767,0.0011983871227130294
1696965010325110300,31.9591103515625,0.004127778112888336,-0.02236989326775074,-0.012649642303586006
1696965010335124500,31.96912451171875,0.006258244160562754,-0.01384802907705307,0.010785484686493874
1696965010345138700,31.979138671875,0.006258244160562754,-0.03515268862247467,-0.004127778112888336
1696965010355153000,31.98915283203125,0.0009320789249613881,0.0063913981430232525,0.0011983871227130294
1696965010365167000,31.9991669921875,0.004127778112888336,-0.02876129187643528,0.013981183059513569
1696965010375181300,32.00918139648437,-0.00226362026296556,0.012782796286046505,-0.016910573467612267
1696965010385195800,32.01919580078125,0.001997311832383275,-0.0053261648863554,0.022503048181533813
1696965010395210000,32.0292099609375,0.001997311832383275,-0.04580501839518547,0.009720250964164734
1696965010405224200,32.03922412109375,-0.004394086077809334,0.06284874677658081,-0.028628136962652206
1696965010415238400,32.04923828125,0.004127778112888336,-0.07989247888326645,0.06830807030200958
1696965010425252600,32.05925268554687,-0.00226362026296556,0.06284874677658081,-0.045671865344047546
1696965010435266800,32.069266845703126,-0.0011983871227130294,-0.0213046595454216,0.048068638890981674
1696965010445281000,32.07928100585937,-0.004394086077809334,0.03408745676279068,-0.001997311832383275
1696965010455295200,32.089295166015624,-0.004394086077809334,0.01810896210372448,0.012915950268507004
1696965010465309400,32.09930932617188,-0.004394086077809334,0.004260932095348835,0.027829213067889214
1696965010475323600,32.10932373046875,-0.007589785382151604,0.04047885537147522,0.00226362026296556
1696965010485337900,32.119337890625,-0.006524552125483751,0.0063913981430232525,0.028894444927573204
1696965010495352000,32.12935205078125,-0.007589785382151604,0.01384802907705307,0.017176883295178413
1696965010505366300,32.1393662109375,-0.007589785382151604,0.03302222490310669,0.016111649572849274
1696965010515380500,32.14938037109375,-0.006524552125483751,-0.02982652559876442,0.016111649572849274
1696965010525394700,32.15939477539062,-0.0033288532868027687,0.03089175745844841,0.026763979345560074
1696965010535409000,32.169408935546876,-0.004394086077809334,-0.04047885537147522,0.013981183059513569
1696965010545423000,32.17942309570312,-0.004394086077809334,0.0159784946590662,0.013981183059513569
1696965010555437300,32.189437255859374,-0.0033288532868027687,-0.009587096981704235,0.028894444927573204
1696965010565451500,32.19945141601563,-0.004394086077809334,0.02343512699007988,0.007589785382151604
1696965010575465700,32.2094658203125,-0.004394086077809334,-0.02663082629442215,0.03528584539890289
1696965010585480000,32.21947998046875,-0.010785484686493874,0.04580501839518547,-0.006258244160562754
1696965010595494100,32.229494140625,-0.007589785382151604,-0.01917419396340847,0.03954677656292915
1696965010605508600,32.239508544921875,-0.011850717477500439,0.0213046595454216,-0.005193010903894901
1696965010615522800,32.24952270507813,-0.008655018173158169,-0.01810896210372448,0.036351077258586884
1696965010625537000,32.259537109375,-0.010785484686493874,0.012782796286046505,0.006524552125483751
1696965010635551200,32.26955126953125,-0.008655018173158169,-0.0106523297727108,0.016111649572849274
1696965010645565700,32.279565673828124,-0.010785484686493874,0.009587096981704235,0.017176883295178413
1696965010655580000,32.28957983398438,-0.005459319334477186,-0.00852186419069767,0.03209014609456062
1696965010665594000,32.29959399414062,-0.007589785382151604,-0.02236989326775074,-0.0009320789249613881
1696965010675608300,32.3096083984375,-0.006524552125483751,0.04154408723115921,0.020372580736875534
1696965010685622800,32.31962280273437,-0.00226362026296556,-0.06178351491689682,0.04593817517161369
1696965010695637000,32.329636962890625,-0.006524552125483751,0.04047885537147522,-0.03608476743102074
1696965010705651200,32.33965112304688,-0.0033288532868027687,-0.04900071769952774,0.07043853402137756
1696965010715665400,32.34966552734375,-0.006524552125483751,0.01384802907705307,-0.028628136962652206
1696965010725679900,32.35967993164063,-0.0011983871227130294,-0.03941362351179123,0.03848154470324516
1696965010735694000,32.36969409179687,-0.0033288532868027687,0,-0.005193010903894901
1696965010745708300,32.379708251953126,-0.0033288532868027687,-0.02343512699007988,0.018242115154862404
1696965010755722500,32.38972241210938,-0.004394086077809334,-0.0031956990715116262,0.004394086077809334
1696965010765737000,32.399737060546876,-0.0011983871227130294,-0.009587096981704235,0.008655018173158169
1696965010775751200,32.40975122070312,-0.005459319334477186,0.01171756349503994,0.00226362026296556
1696965010785765400,32.419765380859374,-0.0011983871227130294,-0.02769605815410614,0.012915950268507004
1696965010795779600,32.42977954101563,-0.006524552125483751,0.05113118514418602,-0.021171506494283676
1696965010805794000,32.4397939453125,0.001997311832383275,-0.04687025398015976,0.036351077258586884
1696965010815808300,32.44980834960938,-0.0033288532868027687,0.02343512699007988,-0.026497671380639076
1696965010825822500,32.45982250976562,-0.0011983871227130294,0.004260932095348835,0.012915950268507004
1696965010835836700,32.469836669921875,-0.00226362026296556,0.01491326279938221,-0.006258244160562754
1696965010845851100,32.47985107421875,-0.00226362026296556,-0.0063913981430232525,0.004394086077809334
1696965010855865300,32.489865234375,-0.005459319334477186,0.02236989326775074,-0.005193010903894901
1696965010865879600,32.49987963867188,-0.004394086077809334,-0.0010652330238372087,-0.0009320789249613881
1696965010875893800,32.509893798828124,-0.004394086077809334,-0.012782796286046505,0.006524552125483751
1696965010885908200,32.519908203125,-0.005459319334477186,0.02023942768573761,-0.007323476951569319
1696965010895922400,32.52992236328125,-0.006524552125483751,-0.01917419396340847,0.010785484686493874
1696965010905936600,32.5399365234375,-0.005459319334477186,0.0319569893181324,-0.004127778112888336
1696965010915950800,32.54995092773437,-0.0033288532868027687,-0.04687025398015976,0.03954677656292915
1696965010925965300,32.55996533203125,-0.007589785382151604,0.03515268862247467,-0.023301972076296806
1696965010935979500,32.5699794921875,-0.006524552125483751,-0.05645735189318657,0.048068638890981674
1696965010945993700,32.57999365234375,-0.007589785382151604,0.04687025398015976,-0.010519175790250301
1696965010956008000,32.59000805664063,-0.005459319334477186,-0.07669677585363388,0.044872939586639404
1696965010966022100,32.60002221679687,-0.011850717477500439,0.07563154399394989,-0.013714875094592571
1696965010976036600,32.61003662109375,-0.004394086077809334,-0.09267527610063553,0.058720968663692474
1696965010986050800,32.62005078125,-0.012915950268507004,0.0958709716796875,-0.025432437658309937
1696965010996065000,32.63006494140625,-0.007589785382151604,-0.06924014538526535,0.066177599132061
1696965011006079200,32.64007934570313,-0.015046416781842709,0.06924014538526535,-0.021171506494283676
1696965011016093400,32.650093505859374,-0.010785484686493874,-0.007456631399691105,0.040612008422613144
1696965011026107600,32.66010766601563,-0.016111649572849274,0.02982652559876442,-0.004127778112888336
1696965011036121900,32.67012182617187,-0.013981183059513569,0.0010652330238372087,0.011850717477500439
1696965011046136000,32.680135986328125,-0.013981183059513569,0.02982652559876442,-0.005193010903894901
1696965011056150300,32.690150390625,-0.010785484686493874,0.012782796286046505,0.019307348877191544
1696965011066164500,32.70016455078125,-0.009720250964164734,0,0.0001331541279796511
1696965011076178700,32.7101787109375,-0.012915950268507004,0.02556559257209301,-0.013714875094592571
1696965011086193000,32.72019287109375,-0.006524552125483751,-0.01917419396340847,0.020372580736875534
1696965011096207000,32.73020703125,-0.011850717477500439,0.02556559257209301,-0.033954303711652756
1696965011106221300,32.74022119140625,-0.009720250964164734,-0.03089175745844841,0.019307348877191544
1696965011116235500,32.750235595703124,-0.011850717477500439,0.02769605815410614,-0.03288906812667847
1696965011126249700,32.76024975585938,-0.010785484686493874,-0.03302222490310669,0.004394086077809334
1696965011136264000,32.77026391601562,-0.013981183059513569,0.02343512699007988,-0.017975807189941406
1696965011146278100,32.780278076171875,-0.013981183059513569,-0.01491326279938221,-0.014780107885599136
1696965011156292400,32.79029223632813,-0.015046416781842709,-0.007456631399691105,-0.004127778112888336
1696965011166306600,32.800306640625,-0.017176883295178413,0.0063913981430232525,-0.028628136962652206
1696965011176320800,32.81032080078125,-0.017176883295178413,0,0.0033288532868027687
1696965011186335000,32.8203349609375,-0.019307348877191544,0.01171756349503994,-0.024367205798625946
1696965011196349200,32.83034912109375,-0.020372580736875534,0.01171756349503994,0.009720250964164734
1696965011206363400,32.84036328125,-0.022503048181533813,0.004260932095348835,-0.007323476951569319
1696965011216377900,32.8503779296875,-0.020372580736875534,-0.01384802907705307,0.017176883295178413
1696965011226392000,32.86039208984375,-0.025698747485876083,0.03302222490310669,-0.015845341607928276
1696965011236406300,32.87040625,-0.021437814459204674,-0.0532616525888443,0.029959678649902344
1696965011246420500,32.88042041015625,-0.024633513763546944,0.02982652559876442,-0.011584409512579441
1696965011256434700,32.8904345703125,-0.023568280041217804,-0.0319569893181324,0.03209014609456062
1696965011266449000,32.900448974609375,-0.025698747485876083,0.01384802907705307,0.007589785382151604
1696965011276463000,32.91046313476563,-0.025698747485876083,-0.01917419396340847,0.013981183059513569
1696965011286477300,32.920477294921874,-0.026763979345560074,0.01171756349503994,0.022503048181533813
1696965011296491500,32.930491455078126,-0.023568280041217804,-0.02663082629442215,0.020372580736875534
1696965011306505700,32.94050561523437,-0.027829213067889214,0.01384802907705307,0.007589785382151604
1696965011316520000,32.95052001953125,-0.027829213067889214,-0.012782796286046505,0.025698747485876083
1696965011326534100,32.9605341796875,-0.025698747485876083,-0.01491326279938221,0.007589785382151604
1696965011336548400,32.97054833984375,-0.026763979345560074,-0.0063913981430232525,0.010785484686493874
1696965011346562600,32.9805625,-0.026763979345560074,-0.0031956990715116262,0.018242115154862404
1696965011356576800,32.99057666015625,-0.029959678649902344,-0.02236989326775074,0.0011983871227130294
1696965011366591000,33.000591064453126,-0.027829213067889214,0.02450035884976387,-0.0030625448562204838
1696965011376605200,33.01060522460938,-0.029959678649902344,-0.01917419396340847,0.013981183059513569
1696965011386619400,33.020619384765624,-0.028894444927573204,0.01810896210372448,-0.022236740216612816
1696965011396633600,33.030633544921876,-0.031024912372231483,0.01917419396340847,0.012915950268507004
1696965011406647800,33.04064770507812,-0.025698747485876083,-0.0021304660476744175,0.0001331541279796511
1696965011416662000,33.050662109375,-0.031024912372231483,0.03621792420744896,-0.010519175790250301
1696965011426676200,33.06067626953125,-0.024633513763546944,-0.0159784946590662,0.019307348877191544
1696965011436690400,33.0706904296875,-0.029959678649902344,0.04047885537147522,-0.016910573467612267
1696965011446704600,33.08070458984375,-0.021437814459204674,-0.02769605815410614,0.0011983871227130294
1696965011456719000,33.09071899414062,-0.026763979345560074,0.0063913981430232525,-0.008388710208237171
1696965011466733300,33.1007333984375,-0.025698747485876083,0.02023942768573761,-0.019041040912270546
1696965011476747500,33.11074755859375,-0.021437814459204674,-0.04687025398015976,0.020372580736875534
1696965011486761700,33.12076171875,-0.024633513763546944,0.05113118514418602,-0.033954303711652756
1696965011496776000,33.13077587890625,-0.022503048181533813,-0.02450035884976387,0.024633513763546944
1696965011506790100,33.1407900390625,-0.024633513763546944,0.02450035884976387,-0.031823836266994476
1696965011516804400,33.15080444335938,-0.023568280041217804,0.0159784946590662,0.012915950268507004
1696965011526818600,33.16081860351562,-0.023568280041217804,0.0053261648863554,-0.005193010903894901
1696965011536832800,33.170832763671875,-0.025698747485876083,-0.02663082629442215,-0.011584409512579441
1696965011546847000,33.18084692382813,-0.027829213067889214,0.07350108027458191,0.00226362026296556
1696965011556861200,33.19086108398437,-0.015046416781842709,-0.11504516750574112,0.026763979345560074
1696965011566875400,33.20087548828125,-0.026763979345560074,0.10439283400774002,-0.041410934180021286
1696965011576889600,33.2108896484375,-0.019307348877191544,-0.09054480493068695,0.04913387447595596
1696965011586903800,33.22090380859375,-0.026763979345560074,0.05965305119752884,-0.047802332788705826
1696965011596918000,33.23091796875,-0.013981183059513569,-0.08734910935163498,0.048068638890981674
1696965011606932200,33.24093212890625,-0.025698747485876083,0.03302222490310669,-0.043541401624679565
1696965011616946400,33.25094653320313,-0.013981183059513569,-0.08841434121131897,0.04913387447595596
1696965011626960600,33.26096069335937,-0.021437814459204674,0.02343512699007988,-0.029693370684981346
1696965011636974800,33.270974853515625,-0.018242115154862404,-0.07776200771331787,0.027829213067889214
1696965011646989000,33.28098901367188,-0.020372580736875534,-0.0010652330238372087,-0.0009320789249613881
1696965011657003300,33.29100317382812,-0.021437814459204674,-0.04154408723115921,0.0001331541279796511
1696965011667017500,33.301017578125,-0.021437814459204674,-0.02023942768573761,0.017176883295178413
1696965011677032000,33.31103198242187,-0.025698747485876083,0.02023942768573761,-0.0030625448562204838
1696965011687046100,33.321046142578126,-0.019307348877191544,-0.05858781561255455,0.041677240282297134
1696965011697060400,33.33106030273437,-0.026763979345560074,0.06178351491689682,-0.030758604407310486
1696965011707074600,33.341074462890624,-0.024633513763546944,-0.04047885537147522,0.036351077258586884
1696965011717089000,33.35108911132812,-0.027829213067889214,0.03408745676279068,-0.008388710208237171
1696965011727103200,33.361103271484374,-0.026763979345560074,0.02343512699007988,0.0001331541279796511
1696965011737117400,33.37111743164063,-0.027829213067889214,0.01810896210372448,0.010785484686493874
1696965011747131600,33.38113159179687,-0.023568280041217804,0.01704372838139534,0.0011983871227130294
1696965011757146000,33.39114599609375,-0.027829213067889214,0.03941362351179123,-0.012649642303586006
1696965011767160300,33.40116040039062,-0.022503048181533813,0.0021304660476744175,0.015046416781842709
1696965011777174500,33.411174560546876,-0.026763979345560074,0.03302222490310669,-0.023301972076296806
1696965011787188700,33.42118872070313,-0.021437814459204674,0.01704372838139534,-0.0009320789249613881
1696965011797203200,33.431203125,-0.023568280041217804,0.0159784946590662,-0.004127778112888336
1696965011807217400,33.44121752929688,-0.019307348877191544,0.02236989326775074,-0.019041040912270546
1696965011817231600,33.451231689453124,-0.018242115154862404,-0.0053261648863554,0.007589785382151604
1696965011827245800,33.46124584960938,-0.020372580736875534,0.02556559257209301,-0.023301972076296806
1696965011837260300,33.47126025390625,-0.019307348877191544,0.03089175745844841,0.007589785382151604
1696965011847274500,33.4812744140625,-0.018242115154862404,0.0063913981430232525,-0.007323476951569319
1696965011857288700,33.49128881835937,-0.019307348877191544,0.03621792420744896,0.0033288532868027687
1696965011867303000,33.501302978515625,-0.018242115154862404,0.0213046595454216,-0.0009320789249613881
1696965011877317400,33.5113173828125,-0.021437814459204674,0.0319569893181324,0.0033288532868027687
1696965011887331600,33.52133154296875,-0.021437814459204674,0.05006595328450203,0.005459319334477186
1696965011897345800,33.531345703125,-0.020372580736875534,0.02023942768573761,0.004394086077809334
1696965011907360000,33.54136010742187,-0.015046416781842709,0.04047885537147522,0.012915950268507004
1696965011917374500,33.55137451171875,-0.016111649572849274,0.0213046595454216,0.009720250964164734
1696965011927388700,33.561388671875,-0.016111649572849274,0.04367455467581749,0.012915950268507004
1696965011937403000,33.57140283203125,-0.011850717477500439,-0.02663082629442215,0.020372580736875534
1696965011947417000,33.5814169921875,-0.010785484686493874,0.04047885537147522,0.010785484686493874
1696965011957431600,33.591431640625,-0.006524552125483751,-0.04367455467581749,0.034220609813928604
1696965011967445800,33.60144580078125,-0.012915950268507004,0.04473978653550148,-0.006258244160562754
1696965011977460000,33.6114599609375,-0.005459319334477186,-0.05219641700387001,0.051264338195323944
1696965011987474200,33.62147412109375,-0.008655018173158169,0.04367455467581749,-0.010519175790250301
1696965011997488600,33.63148852539062,-0.004394086077809334,-0.0532616525888443,0.04593817517161369
1696965012007502800,33.6415029296875,-0.012915950268507004,0.03302222490310669,-0.012649642303586006
1696965012017517000,33.65151708984375,-0.004394086077809334,-0.02023942768573761,0.023568280041217804
1696965012027531300,33.66153125,-0.004394086077809334,-0.00852186419069767,0.0001331541279796511
1696965012037545700,33.67154565429688,-0.006524552125483751,0.0010652330238372087,0.005459319334477186
1696965012047560000,33.681559814453124,-0.007589785382151604,-0.0159784946590662,-0.0009320789249613881
1696965012057574100,33.69157421875,-0.005459319334477186,0.01810896210372448,-0.011584409512579441
1696965012067588400,33.70158837890625,-0.0033288532868027687,-0.01917419396340847,-0.0009320789249613881
1696965012077602600,33.7116025390625,-0.006524552125483751,0.0213046595454216,-0.026497671380639076
1696965012087617000,33.72161694335937,-0.00226362026296556,-0.0106523297727108,-0.007323476951569319
1696965012097631200,33.73163134765625,-0.004394086077809334,0.02982652559876442,-0.029693370684981346
1696965012107645400,33.7416455078125,-0.0011983871227130294,-0.02236989326775074,-0.009453942999243736
1696965012117659600,33.75165966796875,-0.00226362026296556,0.03728315606713295,-0.037150003015995026
1696965012127674000,33.76167407226563,0.006258244160562754,-0.0319569893181324,-0.012649642303586006
1696965012137688300,33.77168823242187,-0.0001331541279796511,0.0031956990715116262,-0.03288906812667847
1696965012147702500,33.78170263671875,0.008388710208237171,-0.01171756349503994,-0.028628136962652206
1696965012157716700,33.791716796875,0.004127778112888336,0.0031956990715116262,-0.020106272771954536
1696965012167731000,33.80173095703125,0.010519175790250301,0.00852186419069767,-0.010519175790250301
1696965012177745400,33.81174536132813,0.0030625448562204838,0.0010652330238372087,-0.027562905102968216
1696965012187759600,33.821759521484374,0.009453942999243736,0.03089175745844841,-0.007323476951569319
1696965012197773800,33.83177392578125,0.006258244160562754,0.0031956990715116262,-0.014780107885599136
1696965012207788000,33.8417880859375,0.009453942999243736,0.05752258375287056,-0.001997311832383275
1696965012217802200,33.85180224609375,0.006258244160562754,-0.01704372838139534,0.009720250964164734
1696965012227816400,33.86181640625,0.007323476951569319,0.08628387749195099,-0.015845341607928276
1696965012237830700,33.87183056640625,0.013714875094592571,-0.02236989326775074,0.034220609813928604
1696965012247844900,33.88184497070313,0.010519175790250301,0.0532616525888443,-0.023301972076296806
1696965012257859000,33.89185913085937,0.016910573467612267,-0.02343512699007988,0.03209014609456062
1696965012267873300,33.901873291015626,0.013714875094592571,0.06817491352558136,-0.012649642303586006
1696965012277887500,33.91188745117187,0.023301972076296806,-0.05965305119752884,0.040612008422613144
1696965012287901700,33.921901611328124,0.019041040912270546,0.03302222490310669,-0.022236740216612816
1696965012297916000,33.931916015625,0.025432437658309937,-0.02556559257209301,0.040612008422613144
1696965012307930000,33.94193017578125,0.022236740216612816,0.0053261648863554,-0.007323476951569319
1696965012317944300,33.9519443359375,0.021171506494283676,-0.007456631399691105,0.018242115154862404
1696965012327958500,33.96195849609375,0.020106272771954536,0.03621792420744896,0.007589785382151604
1696965012337972700,33.97197265625,0.023301972076296806,-0.01917419396340847,0.009720250964164734
1696965012347987000,33.98198706054688,0.017975807189941406,0.06497921794652939,0.0033288532868027687
1696965012358001200,33.99200122070312,0.021171506494283676,-0.007456631399691105,0.017176883295178413
1696965012368015400,34.002015380859376,0.014780107885599136,0.07243584841489792,-0.03288906812667847
1696965012378029600,34.01202954101562,0.023301972076296806,-0.0159784946590662,0.034220609813928604
1696965012388043800,34.022043701171874,0.016910573467612267,0.09693620353937149,-0.052063263952732086
1696965012398058000,34.03205810546875,0.023301972076296806,-0.03408745676279068,0.027829213067889214
1696965012408072200,34.042072265625,0.020106272771954536,0.08095771074295044,-0.059519894421100616
1696965012418086700,34.05208666992188,0.024367205798625946,-0.01384802907705307,0.00226362026296556
1696965012428100900,34.06210083007812,0.026497671380639076,0.02450035884976387,-0.040345702320337296
1696965012438115000,34.072114990234375,0.025432437658309937,0.009587096981704235,-0.028628136962652206
1696965012448129300,34.08212939453125,0.029693370684981346,0.02236989326775074,-0.026497671380639076
1696965012458143500,34.0921435546875,0.031823836266994476,-0.0063913981430232525,-0.024367205798625946
1696965012468157700,34.10215771484375,0.03608476743102074,0.007456631399691105,-0.022236740216612816
1696965012478172000,34.112171875,0.030758604407310486,0.03941362351179123,-0.023301972076296806
1696965012488186000,34.12218603515625,0.03608476743102074,-0.009587096981704235,-0.016910573467612267
1696965012498200300,34.13220043945312,0.033954303711652756,0.02663082629442215,-0.010519175790250301
1696965012508214500,34.142214599609375,0.037150003015995026,0.012782796286046505,-0.012649642303586006
1696965012518228700,34.15222875976563,0.029693370684981346,0.03408745676279068,-0.011584409512579441
1696965012528243000,34.16224291992187,0.035019535571336746,0.04473978653550148,0.012915950268507004
1696965012538257200,34.172257080078126,0.030758604407310486,0.02236989326775074,-0.004127778112888336
1696965012548271400,34.18227124023438,0.037150003015995026,0.009587096981704235,0.029959678649902344
1696965012558285600,34.19228564453125,0.028628136962652206,0.05113118514418602,-0.015845341607928276
1696965012568299800,34.2022998046875,0.03928046673536301,0.004260932095348835,0.04593817517161369
1696965012578314000,34.21231396484375,0.035019535571336746,-0.00852186419069767,-0.0009320789249613881
1696965012588328400,34.22232836914063,0.041410934180021286,0.06071828305721283,0.029959678649902344
1696965012598342700,34.2323427734375,0.033954303711652756,-0.03834838792681694,0.009720250964164734
