time,seconds_elapsed,z,y,x
1696959033058020400,0.167020263671875,0.08721595257520676,-0.03089175745844841,0.16950520873069763
1696959033067947000,0.176947021484375,0.14473854005336761,0.2332860380411148,0.06830807030200958
1696959033077909200,0.1869091796875,0.13302096724510193,0.08202294260263443,0.10133028775453568
1696959033087907800,0.196907958984375,0.06484606117010117,-0.19600287079811096,0.17696183919906616
1696959033097942000,0.20694189453125,0.09893351793289185,-0.02556559257209301,0.15778763592243195
1696959033108009200,0.21700927734375,0.19160878658294678,0.1288931965827942,0.07896039634943008
1696959033118106400,0.2271064453125,0.17136935889720917,-0.1171756312251091,0.16098333895206451
1696959033128228400,0.237228271484375,0.13728190958499908,-0.17469821870326996,0.1737661361694336
1696959033138370600,0.24737060546875,0.1692388951778412,0.03089175745844841,0.11730878800153732
1696959033148526300,0.2575263671875,0.13089050352573395,-0.19706811010837555,0.17802706360816956
1696959033158690000,0.26768994140625,0.08402025699615479,-0.7019885778427124,0.28455036878585815
1696959033168855000,0.27785498046875,0.11704248189926147,0.27376487851142883,0.1418091505765915
1696959033178901500,0.287901611328125,0.09999874979257584,-0.21624229848384857,0.1418091505765915
1696959033188915200,0.297915283203125,0.11917294561862946,0.0031956990715116262,0.16737474501132965
1696959033198928600,0.3079287109375,0.13195574283599854,-0.11078423261642456,0.15352670848369598
1696959033208942300,0.3179423828125,0.14047759771347046,0.0063913981430232525,0.13222205638885498
1696959033218955800,0.327955810546875,0.14047759771347046,-0.07563154399394989,0.1290263533592224
1696959033228969500,0.337969482421875,0.15432563424110413,-0.03089175745844841,0.15778763592243195
1696959033238983000,0.34798291015625,0.16497796773910522,-0.10439283400774002,0.13222205638885498
1696959033248996600,0.35799658203125,0.16284750401973724,-0.01917419396340847,0.10452599078416824
1696959033259010000,0.368010009765625,0.16604319214820862,-0.1065233051776886,0.14820054173469543
1696959033269023500,0.3780234375,0.17136935889720917,-0.07350108027458191,0.11198262125253677
1696959033279037200,0.388037109375,0.1692388951778412,-0.10119713842868805,0.10559122264385223
1696959033289050600,0.398050537109375,0.16497796773910522,-0.07563154399394989,0.10559122264385223
1696959033299064300,0.408064208984375,0.1671084314584732,-0.1480673849582672,0.13222205638885498
1696959033309077800,0.418077880859375,0.16391272842884064,-0.09374050796031952,0.09174319356679916
1696959033319091200,0.42809130859375,0.15219517052173615,-0.12569749355316162,0.0991998240351677
1696959033329105000,0.43810498046875,0.14473854005336761,-0.0958709716796875,0.1087869256734848
1696959033339118300,0.448118408203125,0.14047759771347046,-0.14274121820926666,0.11091738939285278
1696959033349132000,0.458132080078125,0.12769481539726257,-0.08202294260263443,0.07469946891069412
1696959033359145500,0.4681455078125,0.11917294561862946,-0.11078423261642456,0.10452599078416824
1696959033369159000,0.478158935546875,0.11597724258899689,-0.11824086308479309,0.1087869256734848
1696959033379172600,0.488172607421875,0.10212921351194382,-0.07030537724494934,0.07363422960042953
1696959033389186000,0.49818603515625,0.09147688746452332,-0.08415340632200241,0.08854749798774719
1696959033399199700,0.50819970703125,0.08721595257520676,-0.05965305119752884,0.10772168636322021
1696959033409213200,0.518213134765625,0.08082455396652222,-0.08841434121131897,0.0874822586774826
1696959033419226600,0.5282265625,0.06804175674915314,0.0010652330238372087,0.06298190355300903
1696959033429240300,0.538240234375,0.06378082931041718,-0.05539211630821228,0.10026505589485168
1696959033439253800,0.548253662109375,0.06591129302978516,-0.04367455467581749,0.08428656309843063
1696959033449267500,0.558267333984375,0.057389430701732635,-0.01171756349503994,0.057655736804008484
1696959033459281000,0.568281005859375,0.052063263952732086,-0.007456631399691105,0.08641702681779861
1696959033469294600,0.578294677734375,0.05632419511675835,-0.03834838792681694,0.09067796170711517
1696959033479308000,0.58830810546875,0.05632419511675835,-0.02982652559876442,0.060851436108350754
1696959033489321700,0.59832177734375,0.054193731397390366,0.00852186419069767,0.054460037499666214
1696959033499335400,0.60833544921875,0.059519894421100616,-0.04047885537147522,0.08215609937906265
1696959033509349000,0.61834912109375,0.06591129302978516,-0.01810896210372448,0.067242830991745
1696959033519362800,0.62836279296875,0.06271559745073318,0.0106523297727108,0.04913387447595596
1696959033529376300,0.638376220703125,0.06484606117010117,-0.004260932095348835,0.07043853402137756
1696959033539390000,0.648389892578125,0.07443315535783768,-0.0213046595454216,0.08322133123874664
1696959033549403600,0.658403564453125,0.07443315535783768,0,0.036351077258586884
1696959033559417300,0.668417236328125,0.07336792349815369,0.03089175745844841,0.051264338195323944
1696959033569431000,0.67843115234375,0.08082455396652222,-0.0213046595454216,0.0768299326300621
1696959033579444500,0.688444580078125,0.08615072071552277,0.01704372838139534,0.048068638890981674
1696959033589458200,0.698458251953125,0.08615072071552277,0.0159784946590662,0.04913387447595596
1696959033599471900,0.708471923828125,0.08402025699615479,0.02556559257209301,0.053394805639982224
1696959033609485600,0.718485595703125,0.09467258304357529,0,0.07576470077037811
1696959033619499300,0.728499267578125,0.09467258304357529,0.02556559257209301,0.031024912372231483
1696959033629512700,0.7385126953125,0.09041165560483932,0.06284874677658081,0.047003407031297684
1696959033639526400,0.7485263671875,0.09786828607320786,-0.01171756349503994,0.0778951644897461
1696959033649540000,0.7585400390625,0.09786828607320786,0.04047885537147522,0.051264338195323944
1696959033659553800,0.7685537109375,0.0925421193242073,0.0426093190908432,0.040612008422613144
1696959033669567500,0.7785673828125,0.09467258304357529,0.03728315606713295,0.05978620424866676
1696959033679581000,0.788580810546875,0.1031944528222084,-0.0010652330238372087,0.0768299326300621
1696959033689594600,0.7985947265625,0.09573781490325928,0.04793548583984375,0.027829213067889214
1696959033699608300,0.8086083984375,0.08934641629457474,0.05752258375287056,0.051264338195323944
1696959033709622000,0.8186220703125,0.09573781490325928,0,0.0778951644897461
1696959033719635700,0.8286357421875,0.09573781490325928,-0.0031956990715116262,0.047003407031297684
1696959033729649200,0.838649169921875,0.08721595257520676,0.04367455467581749,0.028894444927573204
1696959033739662800,0.848662841796875,0.08615072071552277,-0.0021304660476744175,0.06404713541269302
1696959033749676500,0.858676513671875,0.0925421193242073,-0.004260932095348835,0.057655736804008484
1696959033759690200,0.868690185546875,0.08615072071552277,0.0063913981430232525,0.034220609813928604
1696959033769704000,0.878703857421875,0.07869409024715424,0.0213046595454216,0.044872939586639404
1696959033779717400,0.88871728515625,0.08188978582620621,-0.0031956990715116262,0.060851436108350754
1696959033789731000,0.89873095703125,0.0829550251364708,-0.03621792420744896,0.04913387447595596
1696959033799744800,0.908744873046875,0.07549838721752167,0.03408745676279068,0.021437814459204674
1696959033809758200,0.91875830078125,0.07336792349815369,-0.0063913981430232525,0.0555252730846405
1696959033819772000,0.92877197265625,0.07975932210683823,0.009587096981704235,0.06298190355300903
1696959033829785600,0.93878564453125,0.07549838721752167,-0.02876129187643528,0.03954677656292915
1696959033839799000,0.948799072265625,0.06697652488946915,0.01491326279938221,0.036351077258586884
1696959033849812700,0.958812744140625,0.0723026916384697,-0.02663082629442215,0.0768299326300621
1696959033859826200,0.968826171875,0.07549838721752167,-0.01917419396340847,0.03528584539890289
1696959033869840000,0.97883984375,0.06910699605941772,0.0053261648863554,0.034220609813928604
1696959033879853600,0.988853515625,0.06910699605941772,-0.0031956990715116262,0.05659050494432449
1696959033889867000,0.998866943359375,0.07549838721752167,0.0053261648863554,0.060851436108350754
1696959033899880700,1.008880615234375,0.07549838721752167,-0.0213046595454216,0.04593817517161369
1696959033909894100,1.01889404296875,0.07017222791910172,0.05432688444852829,0.025698747485876083
1696959033919907800,1.028907958984375,0.07549838721752167,-0.0053261648863554,0.0778951644897461
1696959033929921500,1.038921630859375,0.08188978582620621,0.01171756349503994,0.041677240282297134
1696959033939935000,1.04893505859375,0.07762885838747025,0.02876129187643528,0.037416309118270874
1696959033949948700,1.05894873046875,0.0723026916384697,0.03728315606713295,0.0555252730846405
1696959033959962000,1.068962158203125,0.08082455396652222,0,0.07043853402137756
1696959033969975800,1.078975830078125,0.06591129302978516,0.01704372838139534,0.028894444927573204
1696959033979989500,1.088989501953125,0.011584409512579441,0.01810896210372448,0.041677240282297134
1696959033990003000,1.0990029296875,-0.0778951644897461,0.00852186419069767,0.054460037499666214
1696959034000016600,1.1090166015625,-0.044872939586639404,-0.01704372838139534,0.033155377954244614
1696959034010030000,1.119030029296875,0.0723026916384697,0.01384802907705307,0.0011983871227130294
1696959034020043800,1.129043701171875,0.22356578707695007,0,0.03528584539890289
1696959034030057500,1.139057373046875,0.2842840552330017,-0.01704372838139534,0.041677240282297134
1696959034040071000,1.14907080078125,0.33008909225463867,0.00852186419069767,0.016111649572849274
1696959034050084600,1.159084716796875,0.3567199110984802,0.004260932095348835,0.018242115154862404
1696959034060098000,1.16909814453125,0.32369768619537354,0.04900071769952774,0.047003407031297684
1696959034070111700,1.17911181640625,0.2842840552330017,0.02450035884976387,0.0555252730846405
1696959034080125400,1.18912548828125,0.33008909225463867,0.05965305119752884,0.021437814459204674
1696959034090139000,1.199138916015625,0.37695932388305664,0.0639139786362648,0.036351077258586884
1696959034100152600,1.209152587890625,0.36417654156684875,0.03408745676279068,0.057655736804008484
1696959034110166000,1.219166015625,0.3492632806301117,0.04473978653550148,0.033155377954244614
1696959034120179700,1.2291796875,0.27895790338516235,0.07030537724494934,0.028894444927573204
1696959034130193400,1.239193359375,0.1031944528222084,0.05006595328450203,0.058720968663692474
1696959034140206800,1.249206787109375,0.06378082931041718,0.03302222490310669,0.05659050494432449
1696959034150220500,1.259220458984375,0.06591129302978516,0.03834838792681694,0.025698747485876083
1696959034160234000,1.26923388671875,0.047802332788705826,0.05006595328450203,0.051264338195323944
1696959034170247700,1.27924755859375,0.050998032093048096,0.02556559257209301,0.04913387447595596
1696959034180261400,1.289261474609375,0.05632419511675835,0.0021304660476744175,0.03848154470324516
1696959034190274800,1.29927490234375,0.048867564648389816,0.03834838792681694,0.025698747485876083
1696959034200288500,1.30928857421875,0.042476166039705276,0.03834838792681694,0.047003407031297684
1696959034210302000,1.319302001953125,0.055258963257074356,0.03408745676279068,0.050199106335639954
1696959034220315600,1.329315673828125,0.04993279650807381,0.01171756349503994,0.028894444927573204
1696959034230329300,1.339329345703125,0.04673709720373154,0.06710968166589737,0.025698747485876083
1696959034240342800,1.3493427734375,0.04993279650807381,0.0319569893181324,0.051264338195323944
1696959034250356500,1.3593564453125,0.055258963257074356,0.04580501839518547,0.037416309118270874
1696959034260370000,1.369369873046875,0.048867564648389816,0.05006595328450203,0.029959678649902344
1696959034270383600,1.379383544921875,0.04993279650807381,0.08841434121131897,0.044872939586639404
1696959034280397300,1.389397216796875,0.06378082931041718,0.04473978653550148,0.058720968663692474
1696959034290410800,1.39941064453125,0.0712374597787857,0.03515268862247467,0.036351077258586884
1696959034300424400,1.409424560546875,0.061650361865758896,0.07669677585363388,0.029959678649902344
1696959034310438000,1.41943798828125,0.06591129302978516,0.04580501839518547,0.05232957378029823
1696959034320451600,1.42945166015625,0.08188978582620621,0.007456631399691105,0.04913387447595596
1696959034330465300,1.43946533203125,0.07336792349815369,0.02450035884976387,0.017176883295178413
1696959034340479000,1.44947900390625,0.0712374597787857,0.03728315606713295,0.044872939586639404
1696959034350492700,1.45949267578125,0.08402025699615479,0.0031956990715116262,0.054460037499666214
1696959034360506400,1.46950634765625,0.0829550251364708,-0.01384802907705307,0.027829213067889214
1696959034370519800,1.479519775390625,0.07336792349815369,0.03728315606713295,0.026763979345560074
1696959034380533500,1.489533447265625,0.07336792349815369,0.01171756349503994,0.050199106335639954
1696959034390547200,1.499547119140625,0.08188978582620621,-0.004260932095348835,0.048068638890981674
1696959034400561000,1.509560791015625,0.07549838721752167,-0.01384802907705307,0.019307348877191544
1696959034410574600,1.51957470703125,0.0723026916384697,0.03408745676279068,0.040612008422613144
1696959034420588000,1.529588134765625,0.07336792349815369,-0.0010652330238372087,0.037416309118270874
1696959034430601700,1.539601806640625,0.07549838721752167,-0.01171756349503994,0.03954677656292915
1696959034440615400,1.549615478515625,0.06910699605941772,-0.0063913981430232525,0.016111649572849274
1696959034450629000,1.559629150390625,0.06591129302978516,0.01491326279938221,0.034220609813928604
1696959034460642800,1.569642822265625,0.0712374597787857,-0.02236989326775074,0.04593817517161369
1696959034470656300,1.57965625,0.07017222791910172,-0.03089175745844841,0.013981183059513569
1696959034480670000,1.589669921875,0.06378082931041718,0.02023942768573761,0.021437814459204674
1696959034490683600,1.59968359375,0.06378082931041718,-0.02769605815410614,0.04593817517161369
1696959034500697300,1.609697265625,0.07017222791910172,-0.02876129187643528,0.033155377954244614
1696959034510711000,1.6197109375,0.061650361865758896,-0.02343512699007988,0.016111649572849274
1696959034520724500,1.629724365234375,0.058454662561416626,0.02556559257209301,0.033155377954244614
1696959034530738200,1.63973828125,0.06910699605941772,-0.03728315606713295,0.05659050494432449
1696959034540752000,1.649751953125,0.06804175674915314,-0.03302222490310669,0.017176883295178413
1696959034550765600,1.659765625,0.06378082931041718,0.01384802907705307,0.037416309118270874
1696959034560779300,1.669779296875,0.06271559745073318,-0.007456631399691105,0.044872939586639404
1696959034570792700,1.679792724609375,0.07336792349815369,-0.05965305119752884,0.054460037499666214
1696959034580806400,1.689806396484375,0.06378082931041718,0.0010652330238372087,0.0011983871227130294
1696959034590820000,1.699820068359375,0.061650361865758896,-0.02023942768573761,0.051264338195323944
1696959034600833800,1.709833740234375,0.06804175674915314,0.01171756349503994,0.036351077258586884
1696959034610847500,1.719847412109375,0.07336792349815369,-0.07669677585363388,0.054460037499666214
1696959034620861000,1.72986083984375,0.06804175674915314,0.04367455467581749,0.006524552125483751
1696959034630874600,1.73987451171875,0.06804175674915314,-0.0319569893181324,0.06298190355300903
1696959034640888300,1.749888427734375,0.07762885838747025,0.01491326279938221,0.029959678649902344
1696959034650902000,1.759902099609375,0.07443315535783768,-0.04367455467581749,0.043807707726955414
1696959034660915700,1.769915771484375,0.06910699605941772,0.06071828305721283,0.015046416781842709
1696959034670929200,1.77992919921875,0.0723026916384697,0.0010652330238372087,0.053394805639982224
1696959034680942800,1.78994287109375,0.07656362652778625,0.01810896210372448,0.027829213067889214
1696959034690956500,1.79995654296875,0.0712374597787857,0.0159784946590662,0.023568280041217804
1696959034700970200,1.80997021484375,0.06910699605941772,0.03941362351179123,0.033155377954244614
1696959034710984000,1.81998388671875,0.07336792349815369,0.00852186419069767,0.03954677656292915
1696959034720997400,1.829997314453125,0.07549838721752167,-0.00852186419069767,0.022503048181533813
1696959034731011000,1.840010986328125,0.0712374597787857,0.03515268862247467,0.010785484686493874
1696959034741024800,1.850024658203125,0.06910699605941772,0.0021304660476744175,0.03954677656292915
1696959034751038500,1.86003857421875,0.07336792349815369,-0.01384802907705307,0.025698747485876083
1696959034761052200,1.87005224609375,0.07017222791910172,0.0010652330238372087,0.012915950268507004
1696959034771065600,1.880065673828125,0.06591129302978516,0.01917419396340847,0.015046416781842709
1696959034781079300,1.890079345703125,0.06697652488946915,-0.0063913981430232525,0.027829213067889214
1696959034791093000,1.900093017578125,0.06591129302978516,0.0021304660476744175,0.013981183059513569
1696959034801106700,1.910106689453125,0.060585130006074905,0.02343512699007988,0.004394086077809334
1696959034811120400,1.920120361328125,0.058454662561416626,0.02236989326775074,0.020372580736875534
1696959034821133800,1.9301337890625,0.060585130006074905,0.01704372838139534,0.019307348877191544
1696959034831147500,1.9401474609375,0.059519894421100616,0.01491326279938221,-0.0009320789249613881
1696959034841161200,1.9501611328125,0.054193731397390366,0.05113118514418602,-0.0009320789249613881
1696959034851175000,1.9601748046875,0.058454662561416626,0.02023942768573761,0.020372580736875534
1696959034861188600,1.970188720703125,0.06484606117010117,-0.00852186419069767,0.008655018173158169
1696959034871202300,1.980202392578125,0.061650361865758896,0.03834838792681694,-0.007323476951569319
1696959034881215700,1.9902158203125,0.060585130006074905,-0.004260932095348835,0.006524552125483751
1696959034891229400,2.0002294921875,0.06804175674915314,0.02343512699007988,0.009720250964164734
1696959034901243100,2.0102431640625,0.0712374597787857,-0.02982652559876442,0.013981183059513569
1696959034911256800,2.0202568359375,0.06378082931041718,0.04580501839518547,-0.014780107885599136
1696959034921270500,2.0302705078125,0.06591129302978516,0.01171756349503994,0.026763979345560074
1696959034931284000,2.040283935546875,0.07549838721752167,0.00852186419069767,0.022503048181533813
1696959034941297700,2.050297607421875,0.06910699605941772,0.02450035884976387,-0.008388710208237171
1696959034951311400,2.060311279296875,0.06697652488946915,0.05752258375287056,0.022503048181533813
1696959034961325000,2.070324951171875,0.0723026916384697,0.03728315606713295,0.019307348877191544
1696959034971338800,2.0803388671875,0.07656362652778625,0.02236989326775074,0.020372580736875534
1696959034981352200,2.090352294921875,0.06910699605941772,0.04047885537147522,-0.0030625448562204838
1696959034991366000,2.100365966796875,0.07017222791910172,0.0745663121342659,0.023568280041217804
1696959035001379600,2.110379638671875,0.07762885838747025,0.0159784946590662,0.026763979345560074
1696959035011393300,2.120393310546875,0.07762885838747025,0.03089175745844841,0.0011983871227130294
1696959035021407000,2.130406982421875,0.0723026916384697,0.03941362351179123,0.00226362026296556
1696959035031420400,2.14042041015625,0.0723026916384697,0.0319569893181324,0.023568280041217804
1696959035041434000,2.15043408203125,0.0829550251364708,-0.01384802907705307,0.018242115154862404
1696959035051447800,2.16044775390625,0.07549838721752167,0.01810896210372448,-0.009453942999243736
1696959035061461500,2.17046142578125,0.0712374597787857,0.01384802907705307,0.015046416781842709
1696959035071475200,2.18047509765625,0.08082455396652222,0.03089175745844841,0.026763979345560074
1696959035081488600,2.190488525390625,0.07762885838747025,-0.03408745676279068,0.00226362026296556
1696959035091502300,2.20050244140625,0.07017222791910172,0.08734910935163498,-0.008388710208237171
1696959035101516000,2.21051611328125,0.06804175674915314,0.01171756349503994,0.026763979345560074
1696959035111529700,2.22052978515625,0.07443315535783768,0.05858781561255455,0.011850717477500439
1696959035121543400,2.23054345703125,0.07017222791910172,0.004260932095348835,-0.0009320789249613881
1696959035131556900,2.240556884765625,0.06484606117010117,0.08628387749195099,0.004394086077809334
1696959035141570600,2.250570556640625,0.06591129302978516,0.0063913981430232525,0.018242115154862404
1696959035151584300,2.260584228515625,0.07336792349815369,0.0159784946590662,0.005459319334477186
1696959035161598000,2.270597900390625,0.06484606117010117,0.03941362351179123,-0.016910573467612267
1696959035171611600,2.280611572265625,0.05632419511675835,0.04473978653550148,0.006524552125483751
1696959035181625000,2.290625,0.06804175674915314,0.0159784946590662,0.017176883295178413
1696959035191638800,2.300638671875,0.06271559745073318,0.0213046595454216,-0.015845341607928276
1696959035201652500,2.310652587890625,0.04993279650807381,0.07243584841489792,-0.015845341607928276
1696959035211666200,2.320666259765625,0.05312849581241608,0.03408745676279068,0.019307348877191544
1696959035221679900,2.330679931640625,0.059519894421100616,0.03089175745844841,-0.004127778112888336
1696959035231693300,2.340693359375,0.04993279650807381,0.03408745676279068,-0.017975807189941406
1696959035241707000,2.35070703125,0.042476166039705276,0.06817491352558136,-0.014780107885599136
1696959035251720700,2.360720703125,0.052063263952732086,0.01810896210372448,0.015046416781842709
1696959035261734400,2.370734375,0.050998032093048096,0.0319569893181324,-0.024367205798625946
1696959035271748000,2.380748046875,0.043541401624679565,0.03834838792681694,-0.021171506494283676
1696959035281761500,2.390761474609375,0.043541401624679565,0.0426093190908432,-0.005193010903894901
1696959035291775200,2.400775146484375,0.054193731397390366,0.0021304660476744175,-0.007323476951569319
1696959035301789000,2.410788818359375,0.048867564648389816,0.01491326279938221,-0.033954303711652756
1696959035311802600,2.420802734375,0.042476166039705276,0.04687025398015976,-0.026497671380639076
1696959035321816300,2.43081640625,0.048867564648389816,0.0053261648863554,0.0001331541279796511
1696959035331829800,2.440829833984375,0.054193731397390366,-0.0021304660476744175,-0.029693370684981346
1696959035341843500,2.450843505859375,0.045671865344047546,0.02343512699007988,-0.03928046673536301
1696959035351857200,2.460857177734375,0.044606633484363556,0.0159784946590662,-0.014780107885599136
1696959035361870800,2.470870849609375,0.055258963257074356,-0.007456631399691105,-0.017975807189941406
1696959035371884500,2.480884521484375,0.050998032093048096,-0.009587096981704235,-0.042476166039705276
1696959035381898200,2.490898193359375,0.045671865344047546,0.02343512699007988,-0.041410934180021286
1696959035391911700,2.50091162109375,0.052063263952732086,-0.01917419396340847,-0.021171506494283676
1696959035401925400,2.51092529296875,0.058454662561416626,-0.02450035884976387,-0.04673709720373154
1696959035411939000,2.52093896484375,0.050998032093048096,-0.0106523297727108,-0.055258963257074356
1696959035421952800,2.530952880859375,0.048867564648389816,0.012782796286046505,-0.050998032093048096
1696959035431966500,2.540966552734375,0.05632419511675835,-0.0159784946590662,-0.041410934180021286
1696959035441980000,2.55097998046875,0.054193731397390366,-0.01917419396340847,-0.0712374597787857
1696959035451993600,2.56099365234375,0.052063263952732086,0.01704372838139534,-0.07549838721752167
1696959035462007300,2.57100732421875,0.052063263952732086,-0.01171756349503994,-0.05632419511675835
1696959035472021000,2.58102099609375,0.057389430701732635,-0.0319569893181324,-0.07336792349815369
1696959035482034700,2.59103466796875,0.052063263952732086,-0.0010652330238372087,-0.08828118443489075
1696959035492048100,2.601048095703125,0.050998032093048096,-0.02769605815410614,-0.0712374597787857
1696959035502061800,2.611061767578125,0.054193731397390366,-0.03302222490310669,-0.0723026916384697
1696959035512075500,2.621075439453125,0.050998032093048096,-0.06924014538526535,-0.08508548885583878
1696959035522089200,2.631089111328125,0.044606633484363556,0.0063913981430232525,-0.09999874979257584
1696959035532103000,2.64110302734375,0.041410934180021286,-0.05113118514418602,-0.06804175674915314
1696959035542116400,2.651116455078125,0.042476166039705276,-0.0532616525888443,-0.08615072071552277
1696959035552130000,2.661130126953125,0.03608476743102074,-0.03089175745844841,-0.09467258304357529
1696959035562143700,2.671143798828125,0.028628136962652206,-0.01704372838139534,-0.08508548885583878
1696959035572157400,2.681157470703125,0.030758604407310486,-0.05219641700387001,-0.06910699605941772
1696959035582171100,2.691171142578125,0.027562905102968216,-0.0532616525888443,-0.08828118443489075
1696959035592184600,2.7011845703125,0.016910573467612267,-0.0159784946590662,-0.09467258304357529
1696959035602198300,2.7111982421875,0.013714875094592571,-0.02023942768573761,-0.06910699605941772
1696959035612212000,2.7212119140625,0.015845341607928276,-0.0532616525888443,-0.06804175674915314
1696959035622225700,2.7312255859375,0.009453942999243736,-0.02876129187643528,-0.09041165560483932
1696959035632239400,2.7412392578125,0.001997311832383275,0.004260932095348835,-0.07975932210683823
1696959035642252800,2.751252685546875,0.001997311832383275,-0.02343512699007988,-0.050998032093048096
1696959035652266500,2.7612666015625,0.005193010903894901,-0.03515268862247467,-0.0723026916384697
1696959035662280200,2.7712802734375,-0.0033288532868027687,0.009587096981704235,-0.08082455396652222
1696959035672294000,2.7812939453125,-0.006524552125483751,0.0063913981430232525,-0.052063263952732086
1696959035682307600,2.7913076171875,-0.0011983871227130294,-0.01491326279938221,-0.044606633484363556
1696959035692321000,2.801321044921875,-0.00226362026296556,-0.0053261648863554,-0.06591129302978516
1696959035702334700,2.811334716796875,-0.007589785382151604,0.02769605815410614,-0.059519894421100616
1696959035712348400,2.821348388671875,-0.005459319334477186,0.01384802907705307,-0.033954303711652756
1696959035722362000,2.831362060546875,0.004127778112888336,-0.0213046595454216,-0.03288906812667847
1696959035732375800,2.841375732421875,-0.0001331541279796511,0.0213046595454216,-0.061650361865758896
1696959035742389200,2.85138916015625,-0.00226362026296556,0.03089175745844841,-0.031823836266994476
1696959035752403000,2.86140283203125,0.006258244160562754,0.0021304660476744175,-0.015845341607928276
1696959035762416600,2.871416748046875,0.010519175790250301,-0.0053261648863554,-0.038215234875679016
1696959035772430300,2.881430419921875,0.006258244160562754,0.02982652559876442,-0.041410934180021286
1696959035782444000,2.891444091796875,0.009453942999243736,0.0213046595454216,-0.009453942999243736
1696959035792457500,2.90145751953125,0.020106272771954536,-0.01491326279938221,-0.009453942999243736
1696959035802471200,2.91147119140625,0.019041040912270546,0.0031956990715116262,-0.035019535571336746
1696959035812484900,2.92148486328125,0.015845341607928276,0.03089175745844841,-0.021171506494283676
1696959035822498600,2.93149853515625,0.020106272771954536,-0.0021304660476744175,0.0011983871227130294
1696959035832512300,2.94151220703125,0.028628136962652206,-0.01810896210372448,-0.007323476951569319
1696959035842526000,2.95152587890625,0.022236740216612816,0.012782796286046505,-0.035019535571336746
1696959035852539400,2.961539306640625,0.020106272771954536,0.02343512699007988,0.0033288532868027687
1696959035862553000,2.971552978515625,0.028628136962652206,-0.0213046595454216,0.008655018173158169
1696959035872566800,2.98156689453125,0.027562905102968216,-0.009587096981704235,-0.014780107885599136
1696959035882580500,2.99158056640625,0.019041040912270546,0.01917419396340847,-0.014780107885599136
1696959035892594200,3.00159423828125,0.019041040912270546,0.009587096981704235,0.009720250964164734
1696959035902607600,3.011607666015625,0.026497671380639076,-0.02663082629442215,0.008655018173158169
1696959035912621300,3.021621337890625,0.017975807189941406,-0.0031956990715116262,-0.022236740216612816
1696959035922635000,3.031635009765625,0.011584409512579441,0.02556559257209301,0.0001331541279796511
1696959035932648700,3.041648681640625,0.013714875094592571,-0.0106523297727108,0.017176883295178413
1696959035942662400,3.051662353515625,0.015845341607928276,-0.02663082629442215,-0.004127778112888336
1696959035952675800,3.06167578125,0.0030625448562204838,0.01917419396340847,-0.016910573467612267
1696959035962689500,3.071689453125,0.0009320789249613881,0.009587096981704235,0.016111649572849274
1696959035972703200,3.081703125,0.006258244160562754,-0.02450035884976387,0.011850717477500439
1696959035982717000,3.091717041015625,-0.0001331541279796511,-0.0053261648863554,-0.012649642303586006
1696959035992730600,3.101730712890625,-0.008655018173158169,0.0159784946590662,0.0001331541279796511
1696959036002744000,3.111744140625,-0.007589785382151604,0,0.017176883295178413
1696959036012757800,3.1217578125,-0.0033288532868027687,-0.03941362351179123,0.010785484686493874
1696959036022771500,3.131771484375,-0.010785484686493874,0.0031956990715116262,-0.015845341607928276
1696959036032785200,3.14178515625,-0.017176883295178413,0.02023942768573761,0.009720250964164734
1696959036042798800,3.151798828125,-0.010785484686493874,-0.02982652559876442,0.027829213067889214
1696959036052812300,3.161812255859375,-0.009720250964164734,-0.02023942768573761,-0.007323476951569319
1696959036062826000,3.171825927734375,-0.018242115154862404,0.0159784946590662,-0.001997311832383275
1696959036072839700,3.181839599609375,-0.018242115154862404,0.0010652330238372087,0.022503048181533813
1696959036082853400,3.191853271484375,-0.006524552125483751,-0.03728315606713295,0.017176883295178413
1696959036092867000,3.2018671875,-0.012915950268507004,-0.0031956990715116262,-0.009453942999243736
1696959036102880500,3.211880615234375,-0.018242115154862404,0.02236989326775074,0.010785484686493874
1696959036112894200,3.221894287109375,-0.010785484686493874,-0.00852186419069767,0.029959678649902344
1696959036122908000,3.231907958984375,-0.0033288532868027687,-0.03728315606713295,0.007589785382151604
1696959036132921600,3.241921630859375,-0.011850717477500439,0.02450035884976387,-0.009453942999243736
1696959036142935300,3.251935302734375,-0.012915950268507004,0.0159784946590662,0.027829213067889214
1696959036152948700,3.26194873046875,0.001997311832383275,-0.02982652559876442,0.029959678649902344
1696959036162962400,3.27196240234375,-0.0001331541279796511,-0.01384802907705307,-0.008388710208237171
1696959036172976000,3.28197607421875,-0.007589785382151604,0.03834838792681694,0.011850717477500439
1696959036182989800,3.29198974609375,-0.00226362026296556,-0.0031956990715116262,0.03209014609456062
1696959036193003500,3.30200341796875,0.008388710208237171,-0.02876129187643528,0.018242115154862404
1696959036203017000,3.312016845703125,0.0009320789249613881,0,-0.005193010903894901
1696959036213030700,3.32203076171875,-0.00226362026296556,0.04047885537147522,0.020372580736875534
1696959036223044400,3.33204443359375,0.008388710208237171,-0.02450035884976387,0.03848154470324516
1696959036233058000,3.34205810546875,0.009453942999243736,-0.02663082629442215,0.0011983871227130294
1696959036243071700,3.35207177734375,-0.0011983871227130294,0.03941362351179123,0.0001331541279796511
1696959036253085200,3.362085205078125,0.0009320789249613881,-0.0010652330238372087,0.03848154470324516
1696959036263099000,3.372098876953125,0.010519175790250301,-0.02343512699007988,0.020372580736875534
1696959036273112600,3.382112548828125,0.004127778112888336,-0.0053261648863554,-0.004127778112888336
1696959036283126300,3.392126220703125,-0.0033288532868027687,0.03834838792681694,0.016111649572849274
1696959036293140000,3.402139892578125,0.001997311832383275,-0.01384802907705307,0.03209014609456062
1696959036303153400,3.4121533203125,0.005193010903894901,-0.02876129187643528,0.011850717477500439
1696959036313167000,3.4221669921875,-0.005459319334477186,0.01810896210372448,-0.0030625448562204838
1696959036323180800,3.432180908203125,-0.009720250964164734,0.02236989326775074,0.024633513763546944
1696959036333194500,3.442194580078125,-0.00226362026296556,-0.02769605815410614,0.034220609813928604
1696959036343208200,3.452208251953125,-0.005459319334477186,-0.01491326279938221,-0.0009320789249613881
1696959036353222000,3.462221923828125,-0.016111649572849274,0.03941362351179123,0.009720250964164734
1696959036363235300,3.4722353515625,-0.015046416781842709,-0.0031956990715116262,0.03848154470324516
1696959036373249000,3.4822490234375,-0.005459319334477186,-0.03834838792681694,0.023568280041217804
1696959036383262700,3.4922626953125,-0.017176883295178413,0.0159784946590662,0.0011983871227130294
1696959036393276400,3.5022763671875,-0.024633513763546944,0.02663082629442215,0.027829213067889214
1696959036403290000,3.5122900390625,-0.015046416781842709,-0.01810896210372448,0.044872939586639404
1696959036413303600,3.522303466796875,-0.013981183059513569,-0.03408745676279068,0.013981183059513569
1696959036423317200,3.532317138671875,-0.026763979345560074,0.04367455467581749,0.009720250964164734
1696959036433331000,3.5423310546875,-0.025698747485876083,0.0063913981430232525,0.04913387447595596
1696959036443344600,3.5523447265625,-0.011850717477500439,-0.05858781561255455,0.041677240282297134
1696959036453358300,3.5623583984375,-0.020372580736875534,0.01917419396340847,-0.001997311832383275
1696959036463371800,3.572371826171875,-0.028894444927573204,0.02556559257209301,0.03954677656292915
1696959036473385500,3.582385498046875,-0.018242115154862404,-0.01810896210372448,0.057655736804008484
1696959036483399200,3.592399169921875,-0.013981183059513569,-0.04367455467581749,0.015046416781842709
1696959036493412900,3.602412841796875,-0.026763979345560074,0.05113118514418602,0.019307348877191544
1696959036503426600,3.612426513671875,-0.023568280041217804,0,0.06298190355300903
1696959036513440000,3.62243994140625,-0.009720250964164734,-0.04900071769952774,0.04593817517161369
1696959036523453700,3.63245361328125,-0.018242115154862404,0.02769605815410614,0.0001331541279796511
1696959036533467400,3.64246728515625,-0.025698747485876083,0.0319569893181324,0.057655736804008484
1696959036543481000,3.652481201171875,-0.009720250964164734,-0.03728315606713295,0.07576470077037811
1696959036553494800,3.662494873046875,-0.009720250964164734,-0.01171756349503994,0.00226362026296556
1696959036563508200,3.67250830078125,-0.024633513763546944,0.07350108027458191,0.04593817517161369
1696959036573522000,3.68252197265625,-0.009720250964164734,-0.05432688444852829,0.0981345921754837
1696959036583535600,3.69253564453125,-0.00226362026296556,-0.0159784946590662,0.008655018173158169
1696959036593549300,3.70254931640625,-0.018242115154862404,0.07350108027458191,0.048068638890981674
1696959036603563000,3.71256298828125,-0.010785484686493874,-0.06817491352558136,0.0981345921754837
1696959036613576400,3.722576416015625,-0.0011983871227130294,0.02236989326775074,0.021437814459204674
1696959036623590100,3.732590087890625,-0.016111649572849274,0.02450035884976387,0.061916667968034744
1696959036633603800,3.742603759765625,-0.005459319334477186,-0.04580501839518547,0.09280842542648315
1696959036643617500,3.752617431640625,-0.006524552125483751,0.04367455467581749,0.027829213067889214
1696959036653631200,3.76263134765625,-0.010785484686493874,-0.03834838792681694,0.09280842542648315
1696959036663644700,3.772644775390625,-0.004394086077809334,0.01704372838139534,0.05659050494432449
1696959036673658400,3.782658447265625,-0.010785484686493874,0.01171756349503994,0.07469946891069412
1696959036683672000,3.792672119140625,-0.004394086077809334,-0.03834838792681694,0.08215609937906265
1696959036693685800,3.802685791015625,-0.010785484686493874,0.06178351491689682,0.05659050494432449
1696959036703699500,3.812699462890625,-0.004394086077809334,-0.07030537724494934,0.10346075892448425
1696959036713713000,3.822712890625,-0.011850717477500439,0.08947957307100296,0.048068638890981674
1696959036723726600,3.8327265625,-0.005459319334477186,-0.09161003679037094,0.11517832428216934
1696959036733740300,3.842740234375,-0.010785484686493874,0.0958709716796875,0.04593817517161369
1696959036743754000,3.85275390625,-0.004394086077809334,-0.09267527610063553,0.11411308497190475
1696959036753767700,3.862767578125,-0.007589785382151604,0.09267527610063553,0.05232957378029823
1696959036763781000,3.872781005859375,-0.006524552125483751,-0.08308817446231842,0.10346075892448425
1696959036773794800,3.882794921875,-0.0033288532868027687,0.08734910935163498,0.060851436108350754
1696959036783808500,3.89280859375,-0.0033288532868027687,-0.08841434121131897,0.09067796170711517
1696959036793822200,3.902822265625,-0.004394086077809334,0.12143656611442566,0.05659050494432449
1696959036803836000,3.9128359375,0.0030625448562204838,-0.12143656611442566,0.10133028775453568
1696959036813849300,3.922849365234375,-0.004394086077809334,0.15126308798789978,0.036351077258586884
1696959036823863000,3.932863037109375,0.007323476951569319,-0.12250179797410965,0.10346075892448425
1696959036833876700,3.942876708984375,-0.00226362026296556,0.1267627328634262,0.021437814459204674
1696959036843890400,3.952890380859375,0.011584409512579441,-0.06284874677658081,0.07896039634943008
1696959036853904100,3.962904052734375,0.0030625448562204838,0.05219641700387001,0.044872939586639404
1696959036863917800,3.972917724609375,0.010519175790250301,-0.04580501839518547,0.031024912372231483
1696959036873931300,3.98293115234375,0.019041040912270546,0.02023942768573761,0.057655736804008484
1696959036883945000,3.992945068359375,0.026497671380639076,-0.04900071769952774,0.026763979345560074
1696959036893958700,4.002958740234375,0.03608476743102074,-0.0159784946590662,0.017176883295178413
1696959036903972400,4.012972412109375,0.027562905102968216,0.06497921794652939,0.012915950268507004
1696959036913986000,4.022986083984375,0.028628136962652206,-0.10971900075674057,0.033155377954244614
1696959036923999500,4.03299951171875,0.06378082931041718,0.04900071769952774,0.017176883295178413
1696959036934013200,4.04301318359375,0.06378082931041718,-0.13421936333179474,0.016111649572849274
1696959036944027000,4.05302685546875,0.058454662561416626,0.06924014538526535,0.029959678649902344
1696959036954040600,4.06304052734375,0.07443315535783768,-0.14700216054916382,0.047003407031297684
1696959036964054300,4.07305419921875,0.07656362652778625,0.02023942768573761,0.010785484686493874
1696959036974067700,4.083067626953125,0.058454662561416626,-0.04367455467581749,0.00226362026296556
1696959036984081400,4.093081298828125,0.06804175674915314,0.04473978653550148,0.027829213067889214
1696959036994095000,4.10309521484375,0.060585130006074905,0.07989247888326645,-0.012649642303586006
1696959037004108800,4.11310888671875,0.033954303711652756,0.11184946447610855,-0.026497671380639076
1696959037014122500,4.12312255859375,0.017975807189941406,0.0532616525888443,0.040612008422613144
1696959037024136000,4.133135986328125,0.028628136962652206,0.03834838792681694,-0.028628136962652206
1696959037034149600,4.143149658203125,0.014780107885599136,0.05006595328450203,0.019307348877191544
1696959037044163300,4.153163330078125,0.021171506494283676,-0.02663082629442215,-0.030758604407310486
1696959037054177000,4.163177001953125,0.021171506494283676,-0.01810896210372448,0.023568280041217804
1696959037064190700,4.173190673828125,0.012649642303586006,0.04154408723115921,0.00226362026296556
1696959037074204200,4.1832041015625,0.025432437658309937,-0.0106523297727108,-0.022236740216612816
1696959037084217900,4.1932177734375,0.019041040912270546,-0.02343512699007988,0.031024912372231483
1696959037094231600,4.2032314453125,0.023301972076296806,0.0031956990715116262,-0.031823836266994476
1696959037104245200,4.213245361328125,0.022236740216612816,0.02876129187643528,0.013981183059513569
1696959037114259000,4.223259033203125,0.030758604407310486,-0.03621792420744896,-0.008388710208237171
1696959037124272400,4.2332724609375,0.028628136962652206,-0.01171756349503994,-0.006258244160562754
1696959037134286000,4.2432861328125,0.015845341607928276,0.02876129187643528,-0.013714875094592571
1696959037144299500,4.253299560546875,0.030758604407310486,-0.0106523297727108,-0.006258244160562754
1696959037154313200,4.263313232421875,0.012649642303586006,0.0053261648863554,-0.016910573467612267
1696959037164327000,4.273326904296875,0.012649642303586006,-0.004260932095348835,-0.013714875094592571
1696959037174340400,4.28334033203125,0.022236740216612816,-0.04154408723115921,-0.020106272771954536
1696959037184354000,4.29335400390625,0.013714875094592571,0.0213046595454216,0.012915950268507004
1696959037194367500,4.303367431640625,-0.0011983871227130294,0.05645735189318657,-0.0712374597787857
1696959037204381200,4.313381103515625,-0.0001331541279796511,-0.0159784946590662,0.022503048181533813
1696959037214395000,4.323394775390625,0.0009320789249613881,-0.04047885537147522,-0.03608476743102074
1696959037224408300,4.333408203125,0.001997311832383275,0.03089175745844841,-0.0030625448562204838
1696959037234422000,4.343422119140625,-0.0033288532868027687,0.01810896210372448,-0.050998032093048096
1696959037244435500,4.353435546875,-0.010785484686493874,0.0106523297727108,-0.022236740216612816
1696959037254449200,4.36344921875,-0.00226362026296556,-0.01810896210372448,-0.031823836266994476
1696959037264462800,4.373462890625,-0.0011983871227130294,-0.0053261648863554,-0.027562905102968216
1696959037274476300,4.383476318359375,-0.008655018173158169,0.0010652330238372087,-0.05312849581241608
1696959037284490000,4.393489990234375,0.001997311832383275,0.02450035884976387,-0.011584409512579441
1696959037294503400,4.40350341796875,-0.00226362026296556,0.00852186419069767,-0.043541401624679565
1696959037304517000,4.41351708984375,-0.007589785382151604,-0.01704372838139534,-0.043541401624679565
1696959037314530800,4.42353076171875,-0.0001331541279796511,-0.0213046595454216,-0.009453942999243736
1696959037324544300,4.433544189453125,-0.0001331541279796511,0.02982652559876442,-0.043541401624679565
1696959037334558000,4.443557861328125,-0.012915950268507004,0.01810896210372448,-0.05632419511675835
1696959037344571400,4.4535712890625,-0.005459319334477186,0.07669677585363388,-0.013714875094592571
1696959037354585000,4.463585205078125,-0.0033288532868027687,-0.04154408723115921,-0.08934641629457474
1696959037364598800,4.473598876953125,-0.018242115154862404,-0.08202294260263443,0.0033288532868027687
1696959037374612200,4.4836123046875,-0.008655018173158169,0.15552401542663574,-0.06484606117010117
1696959037384626000,4.4936259765625,0.0009320789249613881,0.01704372838139534,-0.03608476743102074
1696959037394639400,4.503639404296875,-0.0001331541279796511,-0.18641577661037445,0.005459319334477186
1696959037404653000,4.513653076171875,0.012649642303586006,-0.05219641700387001,-0.10852061212062836
1696959037414666800,4.523666748046875,-0.0033288532868027687,0.15126308798789978,-0.03608476743102074
1696959037424680200,4.53368017578125,-0.012915950268507004,-0.012782796286046505,-0.10532491654157639
1696959037434694000,4.54369384765625,-0.015046416781842709,-0.09054480493068695,-0.030758604407310486
1696959037444707600,4.55370751953125,-0.011850717477500439,0.02236989326775074,-0.040345702320337296
1696959037454721000,4.563720947265625,-0.018242115154862404,0.07669677585363388,-0.048867564648389816
1696959037464734700,4.573734619140625,-0.011850717477500439,0.0010652330238372087,-0.06591129302978516
1696959037474748400,4.58374853515625,-0.019307348877191544,-0.0106523297727108,-0.06591129302978516
1696959037484762000,4.59376220703125,-0.023568280041217804,0.0159784946590662,-0.07549838721752167
1696959037494775800,4.60377587890625,-0.005459319334477186,-0.02556559257209301,-0.044606633484363556
1696959037504789200,4.613789306640625,-0.0011983871227130294,-0.02023942768573761,-0.07443315535783768
1696959037514803000,4.623802978515625,-0.036351077258586884,0.0426093190908432,-0.06271559745073318
1696959037524816600,4.633816650390625,-0.022503048181533813,0.06284874677658081,-0.042476166039705276
1696959037534830300,4.643830322265625,-0.010785484686493874,-0.06924014538526535,-0.07656362652778625
1696959037544844000,4.653843994140625,-0.016111649572849274,-0.01491326279938221,-0.050998032093048096
1696959037554857500,4.663857421875,-0.011850717477500439,0.0031956990715116262,-0.060585130006074905
1696959037564871200,4.67387109375,-0.019307348877191544,-0.02663082629442215,-0.045671865344047546
1696959037574884900,4.683884765625,-0.0011983871227130294,0.01491326279938221,-0.022236740216612816
1696959037584898600,4.693898681640625,-0.010785484686493874,0.03834838792681694,-0.06910699605941772
1696959037594912300,4.703912353515625,0.001997311832383275,-0.08734910935163498,-0.07017222791910172
1696959037604926000,4.713926025390625,0.017975807189941406,-0.06497921794652939,-0.045671865344047546
1696959037614939400,4.723939453125,-0.0033288532868027687,0.10439283400774002,-0.023301972076296806
1696959037624953000,4.733953125,-0.006524552125483751,0.0106523297727108,-0.043541401624679565
1696959037634966800,4.743966796875,-0.008655018173158169,-0.04580501839518547,-0.011584409512579441
1696959037644980500,4.75398046875,-0.010785484686493874,0.08202294260263443,-0.040345702320337296
1696959037654994200,4.763994140625,-0.0001331541279796511,0.03728315606713295,-0.028628136962652206
1696959037665007600,4.774007568359375,-0.0001331541279796511,-0.05645735189318657,-0.042476166039705276
1696959037675021300,4.784021240234375,-0.0011983871227130294,-0.0021304660476744175,-0.05312849581241608
1696959037685035000,4.794034912109375,0.004127778112888336,0.05219641700387001,-0.022236740216612816
1696959037695048700,4.804048583984375,0.009453942999243736,0.02343512699007988,-0.045671865344047546
1696959037705062400,4.8140625,-0.00226362026296556,0.06284874677658081,-0.013714875094592571
1696959037715075800,4.824075927734375,-0.004394086077809334,-0.004260932095348835,-0.07549838721752167
1696959037725089500,4.834089599609375,-0.0033288532868027687,0.01704372838139534,-0.010519175790250301
1696959037735103200,4.844103271484375,0.008388710208237171,0.09161003679037094,-0.04673709720373154
1696959037745117000,4.854116943359375,0.006258244160562754,-0.04580501839518547,-0.029693370684981346
1696959037755130600,4.864130615234375,0.004127778112888336,-0.01384802907705307,-0.040345702320337296
1696959037765144000,4.87414404296875,0.006258244160562754,0.1395455300807953,-0.038215234875679016
1696959037775157800,4.88415771484375,0.013714875094592571,-0.03089175745844841,-0.052063263952732086
1696959037785171500,4.89417138671875,0.010519175790250301,-0.0532616525888443,-0.037150003015995026
1696959037795185200,4.90418505859375,0.012649642303586006,0.05219641700387001,-0.055258963257074356
1696959037805198800,4.91419873046875,0.013714875094592571,0.0852186381816864,-0.052063263952732086
1696959037815212300,4.92421240234375,0.012649642303586006,-0.07563154399394989,-0.055258963257074356
1696959037825226000,4.93422607421875,0.010519175790250301,0.04687025398015976,-0.033954303711652756
1696959037835239700,4.94423974609375,0.007323476951569319,0.09267527610063553,-0.07975932210683823
1696959037845253400,4.95425341796875,0.010519175790250301,-0.012782796286046505,-0.020106272771954536
1696959037855267000,4.96426708984375,0.007323476951569319,0.03302222490310669,-0.07869409024715424
1696959037865280500,4.974280517578125,0.005193010903894901,0.0958709716796875,-0.035019535571336746
1696959037875294200,4.984294189453125,0.006258244160562754,0.05539211630821228,-0.06271559745073318
1696959037885308000,4.994307861328125,0.001997311832383275,0.02343512699007988,-0.060585130006074905
1696959037895321600,5.004321533203125,0.004127778112888336,0.0639139786362648,-0.040345702320337296
1696959037905335300,5.014335205078125,0.006258244160562754,0.06710968166589737,-0.06804175674915314
1696959037915348700,5.0243486328125,-0.0001331541279796511,-0.01171756349503994,-0.04673709720373154
1696959037925362400,5.034362548828125,-0.0001331541279796511,0.05432688444852829,-0.042476166039705276
1696959037935376100,5.044376220703125,0.0009320789249613881,0.0639139786362648,-0.058454662561416626
1696959037945389800,5.054389892578125,-0.006524552125483751,0.0063913981430232525,-0.04993279650807381
1696959037955403500,5.064403564453125,-0.004394086077809334,0.0053261648863554,-0.03608476743102074
1696959037965417000,5.0744169921875,-0.0033288532868027687,0.05645735189318657,-0.050998032093048096
1696959037975430700,5.0844306640625,-0.011850717477500439,0.007456631399691105,-0.047802332788705826
1696959037985444400,5.0944443359375,-0.007589785382151604,0.004260932095348835,-0.017975807189941406
1696959037995458000,5.1044580078125,-0.008655018173158169,0.05113118514418602,-0.048867564648389816
1696959038005471700,5.1144716796875,-0.017176883295178413,0.009587096981704235,-0.03288906812667847
1696959038015485200,5.124485107421875,-0.009720250964164734,0.0063913981430232525,-0.013714875094592571
1696959038025499000,5.134498779296875,-0.007589785382151604,0.07563154399394989,-0.041410934180021286
1696959038035512600,5.1445126953125,-0.016111649572849274,-0.0063913981430232525,-0.031823836266994476
1696959038045526300,5.1545263671875,-0.013981183059513569,0.02450035884976387,-0.004127778112888336
1696959038055540000,5.1645400390625,-0.007589785382151604,0.11930610239505768,-0.026497671380639076
1696959038065553400,5.174553466796875,-0.009720250964164734,-0.012782796286046505,-0.027562905102968216
1696959038075567000,5.184567138671875,-0.011850717477500439,-0.012782796286046505,-0.014780107885599136
1696959038085580800,5.194580810546875,-0.00226362026296556,0.11184946447610855,-0.016910573467612267
1696959038095594500,5.204594482421875,-0.0011983871227130294,0.03089175745844841,-0.029693370684981346
1696959038105608200,5.214608154296875,-0.006524552125483751,-0.05113118514418602,-0.020106272771954536
1696959038115622000,5.224621826171875,-0.00226362026296556,0.09374050796031952,-0.009453942999243736
1696959038125635300,5.23463525390625,0.004127778112888336,0.09161003679037094,-0.023301972076296806
1696959038135649000,5.24464892578125,-0.0001331541279796511,-0.05858781561255455,-0.023301972076296806
1696959038145662700,5.254662841796875,-0.004394086077809334,0.007456631399691105,-0.012649642303586006
1696959038155676400,5.264676513671875,0.0030625448562204838,0.13634982705116272,-0.007323476951569319
1696959038165690000,5.274690185546875,0.004127778112888336,0.00852186419069767,-0.028628136962652206
1696959038175703600,5.28470361328125,-0.0011983871227130294,-0.0745663121342659,-0.012649642303586006
1696959038185717200,5.29471728515625,-0.00226362026296556,0.0958709716796875,-0.012649642303586006
1696959038195731000,5.30473095703125,0.005193010903894901,0.10119713842868805,-0.012649642303586006
1696959038205744600,5.31474462890625,0.0030625448562204838,-0.07989247888326645,-0.011584409512579441
1696959038215758300,5.32475830078125,-0.0033288532868027687,-0.02876129187643528,-0.013714875094592571
1696959038225771800,5.334771728515625,-0.0001331541279796511,0.11611039936542511,-0.0030625448562204838
1696959038235785500,5.344785400390625,0.006258244160562754,0.0159784946590662,-0.001997311832383275
1696959038245799200,5.354799072265625,-0.0001331541279796511,-0.09480573982000351,-0.016910573467612267
1696959038255812900,5.364812744140625,-0.007589785382151604,0.01384802907705307,0.0011983871227130294
1696959038265826600,5.37482666015625,-0.0033288532868027687,0.11291470378637314,-0.004127778112888336
1696959038275840000,5.384840087890625,-0.0001331541279796511,-0.02236989326775074,-0.0009320789249613881
1696959038285853700,5.394853759765625,-0.009720250964164734,-0.0745663121342659,-0.008388710208237171
1696959038295867400,5.404867431640625,-0.013981183059513569,0.06284874677658081,-0.0009320789249613881
1696959038305881000,5.414881103515625,-0.007589785382151604,0.09054480493068695,0.0011983871227130294
1696959038315894800,5.424894775390625,-0.006524552125483751,-0.03515268862247467,0.0001331541279796511
1696959038325908200,5.434908203125,-0.015046416781842709,-0.04367455467581749,-0.015845341607928276
1696959038335922000,5.444921875,-0.019307348877191544,0.07030537724494934,0.00226362026296556
1696959038345935600,5.454935546875,-0.010785484686493874,0.07350108027458191,0.0001331541279796511
1696959038355949300,5.46494921875,-0.009720250964164734,-0.02343512699007988,-0.005193010903894901
1696959038365963000,5.474962890625,-0.017176883295178413,-0.03515268862247467,-0.010519175790250301
1696959038375976400,5.4849765625,-0.018242115154862404,0.06284874677658081,-0.006258244160562754
1696959038385990100,5.494990234375,-0.008655018173158169,0.06710968166589737,0.006524552125483751
1696959038396003800,5.50500390625,-0.008655018173158169,-0.03621792420744896,-0.017975807189941406
1696959038406017500,5.515017578125,-0.015046416781842709,-0.05006595328450203,-0.011584409512579441
1696959038416031200,5.52503125,-0.015046416781842709,0.08095771074295044,0.00226362026296556
1696959038426044700,5.535044677734375,-0.00226362026296556,0.05432688444852829,-0.0030625448562204838
1696959038436058400,5.545058349609375,-0.007589785382151604,-0.07243584841489792,-0.026497671380639076
1696959038446072000,5.555072021484375,-0.017176883295178413,-0.01704372838139534,0.00226362026296556
1696959038456085800,5.565085693359375,-0.006524552125483751,0.12250179797410965,0.008655018173158169
1696959038466099500,5.575099365234375,0.0009320789249613881,0.01917419396340847,-0.019041040912270546
1696959038476113000,5.58511279296875,-0.010785484686493874,-0.0958709716796875,-0.019041040912270546
1696959038486126600,5.595126708984375,-0.013981183059513569,0.06497921794652939,0.027829213067889214
1696959038496140300,5.605140380859375,0.004127778112888336,0.11930610239505768,-0.0030625448562204838
1696959038506154000,5.615154052734375,-0.005459319334477186,-0.06497921794652939,-0.030758604407310486
1696959038516167700,5.625167724609375,-0.015046416781842709,-0.04047885537147522,0.03528584539890289
1696959038526181000,5.63518115234375,0.0030625448562204838,0.1384802907705307,0.013981183059513569
1696959038536194800,5.64519482421875,-0.004394086077809334,0.03621792420744896,-0.03288906812667847
1696959038546208500,5.65520849609375,-0.009720250964164734,-0.10119713842868805,0.04913387447595596
1696959038556222200,5.66522216796875,0.0009320789249613881,0.09161003679037094,0.008655018173158169
1696959038566236000,5.67523583984375,-0.008655018173158169,0.10119713842868805,-0.008388710208237171
1696959038576249300,5.685249267578125,-0.004394086077809334,-0.08415340632200241,0.04274247586727142
1696959038586263000,5.695262939453125,-0.004394086077809334,0.05432688444852829,-0.004127778112888336
1696959038596276700,5.70527685546875,-0.006524552125483751,0.08095771074295044,0.023568280041217804
1696959038606290400,5.71529052734375,-0.004394086077809334,-0.02450035884976387,0.017176883295178413
1696959038616304000,5.72530419921875,-0.010785484686493874,0.04154408723115921,0.018242115154862404
1696959038626317800,5.73531787109375,-0.004394086077809334,0.04367455467581749,0.019307348877191544
1696959038636331300,5.745331298828125,-0.009720250964164734,0.02876129187643528,0.012915950268507004
1696959038646345000,5.755344970703125,-0.007589785382151604,-0.0106523297727108,0.018242115154862404
1696959038656358700,5.765358642578125,-0.011850717477500439,0.07350108027458191,0.010785484686493874
1696959038666372400,5.775372314453125,-0.008655018173158169,0.0021304660476744175,0.015046416781842709
1696959038676386000,5.785385986328125,-0.011850717477500439,0.01384802907705307,0.006524552125483751
1696959038686399500,5.7953994140625,-0.012915950268507004,0.03089175745844841,0.012915950268507004
1696959038696413200,5.8054130859375,-0.011850717477500439,0.02343512699007988,0.006524552125483751
1696959038706427000,5.815427001953125,-0.015046416781842709,0.012782796286046505,0.008655018173158169
1696959038716440600,5.825440673828125,-0.012915950268507004,0.01491326279938221,0.009720250964164734
1696959038726454300,5.835454345703125,-0.018242115154862404,0.05752258375287056,0.005459319334477186
1696959038736467700,5.8454677734375,-0.015046416781842709,-0.0031956990715116262,0.010785484686493874
1696959038746481400,5.8554814453125,-0.020372580736875534,0.05219641700387001,0.009720250964164734
1696959038756495000,5.8654951171875,-0.016111649572849274,0.02876129187643528,0.005459319334477186
1696959038766508800,5.8755087890625,-0.020372580736875534,0.03834838792681694,0.013981183059513569
1696959038776522500,5.8855224609375,-0.015046416781842709,0.02556559257209301,0.0001331541279796511
1696959038786536000,5.895535888671875,-0.020372580736875534,0.04580501839518547,0.013981183059513569
1696959038796549600,5.905549560546875,-0.012915950268507004,0.007456631399691105,-0.004127778112888336
1696959038806563300,5.915563232421875,-0.017176883295178413,0.04047885537147522,0.008655018173158169
1696959038816577000,5.925576904296875,-0.010785484686493874,0.01171756349503994,-0.0009320789249613881
1696959038826590700,5.9355908203125,-0.013981183059513569,0.03302222490310669,-0.0009320789249613881
1696959038836604200,5.945604248046875,-0.008655018173158169,0.007456631399691105,-0.0030625448562204838
1696959038846617900,5.955617919921875,-0.011850717477500439,0.03089175745844841,-0.005193010903894901
1696959038856631600,5.965631591796875,-0.006524552125483751,0.0031956990715116262,-0.007323476951569319
1696959038866645200,5.975645263671875,-0.010785484686493874,0.03834838792681694,-0.0030625448562204838
1696959038876659000,5.985658935546875,-0.004394086077809334,-0.01384802907705307,-0.013714875094592571
1696959038886672400,5.99567236328125,-0.009720250964164734,0.04047885537147522,-0.006258244160562754
1696959038896686000,6.00568603515625,-0.0033288532868027687,-0.004260932095348835,-0.015845341607928276
1696959038906699800,6.01569970703125,-0.008655018173158169,0.02769605815410614,-0.009453942999243736
1696959038916713500,6.02571337890625,-0.0033288532868027687,0.004260932095348835,-0.017975807189941406
1696959038926727200,6.03572705078125,-0.008655018173158169,0.02556559257209301,-0.013714875094592571
1696959038936740600,6.04574072265625,-0.006524552125483751,-0.0053261648863554,-0.021171506494283676
1696959038946754300,6.05575439453125,-0.010785484686493874,0.05645735189318657,-0.011584409512579441
1696959038956768000,6.06576806640625,-0.007589785382151604,-0.02663082629442215,-0.026497671380639076
1696959038966781700,6.07578173828125,-0.013981183059513569,0.03834838792681694,-0.013714875094592571
1696959038976795400,6.08579541015625,-0.011850717477500439,0.01704372838139534,-0.026497671380639076
1696959038986808800,6.095808837890625,-0.015046416781842709,0.01171756349503994,-0.015845341607928276
1696959038996822500,6.105822509765625,-0.015046416781842709,-0.02769605815410614,-0.030758604407310486
1696959039006836200,6.115836181640625,-0.015046416781842709,0.02236989326775074,-0.010519175790250301
1696959039016850000,6.125849853515625,-0.017176883295178413,-0.01384802907705307,-0.03928046673536301
1696959039026863600,6.135863525390625,-0.016111649572849274,-0.02982652559876442,-0.007323476951569319
1696959039036877000,6.145876953125,-0.018242115154862404,-0.01171756349503994,-0.03928046673536301
1696959039046890800,6.155890869140625,-0.016111649572849274,-0.0426093190908432,-0.027562905102968216
1696959039056904400,6.165904541015625,-0.020372580736875534,-0.05539211630821228,-0.03608476743102074
1696959039066918100,6.175918212890625,-0.017176883295178413,-0.00852186419069767,-0.03608476743102074
1696959039076931800,6.185931884765625,-0.023568280041217804,-0.01917419396340847,-0.042476166039705276
1696959039086945500,6.195945556640625,-0.018242115154862404,-0.05219641700387001,-0.035019535571336746
1696959039096959000,6.205958984375,-0.021437814459204674,0.0106523297727108,-0.047802332788705826
1696959039106972700,6.21597265625,-0.018242115154862404,-0.04580501839518547,-0.041410934180021286
1696959039116986400,6.225986328125,-0.019307348877191544,-0.012782796286046505,-0.047802332788705826
1696959039127000000,6.236,-0.013981183059513569,-0.05219641700387001,-0.042476166039705276
1696959039137013800,6.246013671875,-0.015046416781842709,-0.01810896210372448,-0.04673709720373154
1696959039147027200,6.256027099609375,-0.010785484686493874,-0.05539211630821228,-0.052063263952732086
1696959039157041000,6.266041015625,-0.004394086077809334,-0.08202294260263443,-0.042476166039705276
1696959039167054600,6.2760546875,-0.007589785382151604,-0.03302222490310669,-0.06484606117010117
1696959039177068300,6.286068359375,-0.0001331541279796511,-0.06817491352558136,-0.040345702320337296
1696959039187082000,6.29608203125,-0.00226362026296556,-0.06497921794652939,-0.0712374597787857
1696959039197095400,6.306095458984375,0.001997311832383275,-0.04793548583984375,-0.052063263952732086
1696959039207109000,6.316109130859375,0.001997311832383275,-0.04900071769952774,-0.06804175674915314
1696959039217122800,6.326122802734375,0.001997311832383275,-0.06178351491689682,-0.05632419511675835
1696959039227136500,6.336136474609375,0.005193010903894901,-0.05539211630821228,-0.06378082931041718
1696959039237150200,6.346150146484375,-0.0011983871227130294,-0.01917419396340847,-0.057389430701732635
1696959039247163600,6.35616357421875,0.004127778112888336,-0.07563154399394989,-0.050998032093048096
1696959039257177300,6.36617724609375,-0.00226362026296556,-0.04580501839518547,-0.061650361865758896
1696959039267191000,6.37619091796875,-0.0001331541279796511,-0.06817491352558136,-0.044606633484363556
1696959039277204700,6.386204833984375,-0.0033288532868027687,-0.02450035884976387,-0.050998032093048096
1696959039287218400,6.396218505859375,-0.008655018173158169,-0.02023942768573761,-0.037150003015995026
1696959039297232000,6.40623193359375,-0.004394086077809334,-0.02023942768573761,-0.038215234875679016
1696959039307245600,6.41624560546875,-0.011850717477500439,-0.01917419396340847,-0.030758604407310486
1696959039317259300,6.42625927734375,-0.007589785382151604,-0.03728315606713295,-0.028628136962652206
1696959039327273000,6.43627294921875,-0.010785484686493874,-0.01491326279938221,-0.030758604407310486
1696959039337286700,6.44628662109375,-0.012915950268507004,-0.02982652559876442,-0.025432437658309937
1696959039347300000,6.456300048828125,-0.008655018173158169,-0.02876129187643528,-0.025432437658309937
1696959039357313800,6.466313720703125,-0.013981183059513569,-0.02450035884976387,-0.026497671380639076
1696959039367327500,6.476327392578125,-0.008655018173158169,-0.05113118514418602,-0.020106272771954536
1696959039377341200,6.486341064453125,-0.011850717477500439,0.0053261648863554,-0.028628136962652206
1696959039387355000,6.49635498046875,-0.013981183059513569,-0.02450035884976387,-0.025432437658309937
1696959039397368300,6.506368408203125,-0.011850717477500439,-0.02982652559876442,-0.035019535571336746
1696959039407382000,6.516382080078125,-0.016111649572849274,-0.0010652330238372087,-0.033954303711652756
1696959039417395700,6.526395751953125,-0.015046416781842709,-0.0159784946590662,-0.038215234875679016
1696959039427409400,6.536409423828125,-0.019307348877191544,0.01384802907705307,-0.042476166039705276
1696959039437423000,6.546423095703125,-0.017176883295178413,0.01917419396340847,-0.03608476743102074
1696959039447436500,6.5564365234375,-0.018242115154862404,-0.009587096981704235,-0.044606633484363556
1696959039457450200,6.5664501953125,-0.021437814459204674,-0.02343512699007988,-0.040345702320337296
1696959039467464000,6.5764638671875,-0.013981183059513569,0.01384802907705307,-0.033954303711652756
1696959039477477600,6.5864775390625,-0.018242115154862404,-0.0159784946590662,-0.047802332788705826
1696959039487491300,6.5964912109375,-0.015046416781842709,-0.04900071769952774,-0.028628136962652206
1696959039497504800,6.6065048828125,-0.013981183059513569,0.01384802907705307,-0.047802332788705826
1696959039507518500,6.6165185546875,-0.018242115154862404,-0.02343512699007988,-0.03288906812667847
1696959039517532200,6.6265322265625,-0.012915950268507004,-0.06284874677658081,-0.04673709720373154
1696959039527545900,6.6365458984375,-0.020372580736875534,0.04367455467581749,-0.025432437658309937
1696959039537559600,6.6465595703125,-0.019307348877191544,-0.012782796286046505,-0.038215234875679016
1696959039547573000,6.656572998046875,-0.019307348877191544,0.0010652330238372087,-0.021171506494283676
1696959039557586700,6.666586669921875,-0.026763979345560074,0.04793548583984375,-0.037150003015995026
1696959039567600400,6.676600341796875,-0.018242115154862404,0.0053261648863554,-0.015845341607928276
1696959039577614000,6.686614013671875,-0.021437814459204674,-0.0021304660476744175,-0.038215234875679016
1696959039587627800,6.696627685546875,-0.022503048181533813,-0.01704372838139534,-0.019041040912270546
1696959039597641500,6.706641357421875,-0.016111649572849274,0.03089175745844841,-0.011584409512579441
1696959039607655000,6.716655029296875,-0.018242115154862404,-0.02663082629442215,-0.027562905102968216
1696959039617668600,6.726668701171875,-0.012915950268507004,-0.06497921794652939,0.0011983871227130294
1696959039627682300,6.736682373046875,-0.013981183059513569,0.03089175745844841,-0.014780107885599136
1696959039637696000,6.746696044921875,-0.017176883295178413,-0.02982652559876442,-0.001997311832383275
1696959039647709400,6.75670947265625,-0.010785484686493874,-0.05965305119752884,-0.005193010903894901
1696959039657723100,6.76672314453125,-0.018242115154862404,0.05858781561255455,-0.010519175790250301
1696959039667736600,6.776736572265625,-0.010785484686493874,-0.07989247888326645,-0.005193010903894901
1696959039677750300,6.786750244140625,-0.006524552125483751,-0.02876129187643528,-0.0030625448562204838
1696959039687764000,6.796763916015625,-0.013981183059513569,0.0063913981430232525,-0.025432437658309937
1696959039697777400,6.80677734375,-0.00226362026296556,-0.09800143539905548,0.015046416781842709
1696959039707791000,6.816791015625,-0.0033288532868027687,-0.007456631399691105,-0.027562905102968216
1696959039717804500,6.826804443359375,-0.0011983871227130294,-0.05645735189318657,-0.004127778112888336
1696959039727818200,6.836818359375,0.004127778112888336,-0.1288931965827942,-0.009453942999243736
1696959039737832000,6.84683203125,-0.0033288532868027687,0.03941362351179123,-0.017975807189941406
1696959039747845400,6.856845458984375,0.0030625448562204838,-0.07669677585363388,-0.014780107885599136
1696959039757859000,6.866859130859375,0.006258244160562754,-0.08202294260263443,-0.008388710208237171
1696959039767872500,6.87687255859375,-0.0001331541279796511,0.007456631399691105,-0.038215234875679016
1696959039777886200,6.88688623046875,0.006258244160562754,-0.09480573982000351,-0.010519175790250301
1696959039787900000,6.89689990234375,0.0030625448562204838,-0.0021304660476744175,-0.025432437658309937
1696959039797913300,6.906913330078125,-0.0001331541279796511,-0.0319569893181324,-0.021171506494283676
1696959039807927000,6.916927001953125,0.010519175790250301,-0.03515268862247467,0.005459319334477186
1696959039817940500,6.9269404296875,0.0009320789249613881,0.02450035884976387,-0.041410934180021286
1696959039827954200,6.9369541015625,0.006258244160562754,-0.05539211630821228,0.024633513763546944
1696959039837968000,6.9469677734375,0.011584409512579441,-0.004260932095348835,-0.011584409512579441
1696959039847981300,6.956981201171875,0.0030625448562204838,0.02450035884976387,-0.004127778112888336
1696959039857995000,6.9669951171875,0.012649642303586006,-0.01384802907705307,0.040612008422613144
1696959039868008400,6.977008544921875,0.016910573467612267,0.0159784946590662,0.005459319334477186
1696959039878022100,6.987022216796875,0.0030625448562204838,-0.004260932095348835,0.020372580736875534
1696959039888035800,6.997035888671875,0.011584409512579441,0.02236989326775074,0.06404713541269302
1696959039898049300,7.00704931640625,0.010519175790250301,0.0159784946590662,0.006524552125483751
1696959039908063000,7.01706298828125,-0.0011983871227130294,0.03302222490310669,0.060851436108350754
1696959039918076700,7.02707666015625,0.0030625448562204838,0.07030537724494934,0.058720968663692474
1696959039928090400,7.03709033203125,-0.00226362026296556,0.06817491352558136,0.041677240282297134
1696959039938103800,7.047103759765625,-0.010785484686493874,0.06710968166589737,0.07469946891069412
1696959039948117500,7.057117431640625,-0.007589785382151604,0.08628387749195099,0.07150376588106155
1696959039958131200,7.067131103515625,-0.019307348877191544,0.08308817446231842,0.051264338195323944
1696959039968145000,7.077144775390625,-0.022503048181533813,0.10545806586742401,0.09706936031579971
1696959039978158600,7.08715869140625,-0.019307348877191544,0.05965305119752884,0.060851436108350754
1696959039988172000,7.097172119140625,-0.034220609813928604,0.07776200771331787,0.07043853402137756
1696959039998185700,7.107185791015625,-0.036351077258586884,0.08628387749195099,0.08002562820911407
1696959040008199400,7.117199462890625,-0.033155377954244614,0.03408745676279068,0.06298190355300903
1696959040018213000,7.127213134765625,-0.043807707726955414,0.03834838792681694,0.054460037499666214
1696959040028226800,7.137226806640625,-0.044872939586639404,0.007456631399691105,0.07576470077037811
1696959040038240300,7.147240234375,-0.044872939586639404,0.0319569893181324,0.034220609813928604
1696959040048254000,7.15725390625,-0.051264338195323944,0.0010652330238372087,0.05232957378029823
1696959040058267600,7.167267578125,-0.04593817517161369,-0.02982652559876442,0.0555252730846405
1696959040068281300,7.17728125,-0.04913387447595596,0.02982652559876442,0.017176883295178413
1696959040078295000,7.187294921875,-0.0555252730846405,0.00852186419069767,0.04593817517161369
1696959040088308500,7.19730859375,-0.044872939586639404,-0.02023942768573761,0.03209014609456062
1696959040098322200,7.207322265625,-0.043807707726955414,0.04900071769952774,-0.001997311832383275
1696959040108335900,7.2173359375,-0.041677240282297134,-0.007456631399691105,0.021437814459204674
1696959040118349600,7.227349609375,-0.031024912372231483,-0.07776200771331787,-0.004127778112888336
1696959040128363300,7.23736328125,-0.03209014609456062,-0.03302222490310669,-0.025432437658309937
1696959040138376700,7.247376708984375,-0.025698747485876083,-0.02769605815410614,0.005459319334477186
1696959040148390400,7.257390380859375,-0.013981183059513569,-0.01491326279938221,-0.016910573467612267
1696959040158404000,7.267404052734375,-0.019307348877191544,0.007456631399691105,-0.012649642303586006
1696959040168417800,7.277417724609375,-0.008655018173158169,-0.0031956990715116262,-0.001997311832383275
1696959040178431500,7.287431396484375,-0.0001331541279796511,-0.004260932095348835,-0.024367205798625946
1696959040188445000,7.29744482421875,-0.007589785382151604,0.04047885537147522,-0.005193010903894901
1696959040198458600,7.307458740234375,0.004127778112888336,0.02450035884976387,0.0001331541279796511
1696959040208472300,7.317472412109375,0.010519175790250301,0.02023942768573761,-0.016910573467612267
1696959040218486000,7.327486083984375,0.007323476951569319,0.004260932095348835,-0.001997311832383275
1696959040228499700,7.337499755859375,0.024367205798625946,-0.04047885537147522,0.015046416781842709
1696959040238513200,7.34751318359375,0.025432437658309937,-0.00852186419069767,-0.025432437658309937
1696959040248526800,7.35752685546875,0.015845341607928276,-0.06071828305721283,0.011850717477500439
1696959040258540500,7.36754052734375,0.028628136962652206,-0.06710968166589737,0.021437814459204674
1696959040268554200,7.37755419921875,0.025432437658309937,0.02769605815410614,-0.021171506494283676
1696959040278568000,7.38756787109375,0.016910573467612267,-0.12143656611442566,0.013981183059513569
1696959040288581400,7.397581298828125,0.027562905102968216,-0.0532616525888443,0.026763979345560074
1696959040298595000,7.407594970703125,0.019041040912270546,0.01171756349503994,-0.030758604407310486
1696959040308608800,7.41760888671875,0.016910573467612267,-0.11184946447610855,0.037416309118270874
1696959040318622500,7.42762255859375,0.021171506494283676,-0.05539211630821228,-0.0009320789249613881
1696959040328636200,7.43763623046875,0.011584409512579441,-0.009587096981704235,-0.0030625448562204838
1696959040338649900,7.44764990234375,0.013714875094592571,-0.10545806586742401,0.033155377954244614
1696959040348663300,7.457663330078125,0.015845341607928276,-0.04154408723115921,0.0011983871227130294
1696959040358677000,7.467677001953125,0.005193010903894901,-0.02663082629442215,0.012915950268507004
1696959040368690700,7.477690673828125,0.006258244160562754,-0.05432688444852829,0.040612008422613144
1696959040378704400,7.487704345703125,0.001997311832383275,-0.00852186419069767,-0.001997311832383275
1696959040388718000,7.497718017578125,-0.008655018173158169,0.02769605815410614,0.034220609813928604
1696959040398731500,7.5077314453125,-0.004394086077809334,-0.02023942768573761,0.037416309118270874
1696959040408745200,7.5177451171875,-0.011850717477500439,0.0106523297727108,0.015046416781842709
1696959040418759000,7.527759033203125,-0.020372580736875534,0.04900071769952774,0.047003407031297684
1696959040428772600,7.537772705078125,-0.016111649572849274,-0.02236989326775074,0.03954677656292915
1696959040438786300,7.547786376953125,-0.026763979345560074,0.02023942768573761,0.027829213067889214
1696959040448799700,7.5577998046875,-0.03209014609456062,-0.012782796286046505,0.044872939586639404
1696959040458813400,7.5678134765625,-0.03209014609456062,0.00852186419069767,0.048068638890981674
1696959040468827100,7.5778271484375,-0.044872939586639404,0.04687025398015976,0.021437814459204674
1696959040478840800,7.5878408203125,-0.044872939586639404,-0.0106523297727108,0.07469946891069412
1696959040488854500,7.5978544921875,-0.043807707726955414,0.0213046595454216,0.017176883295178413
1696959040498868000,7.607867919921875,-0.050199106335639954,0.06604444980621338,0.0555252730846405
1696959040508881700,7.617881591796875,-0.041677240282297134,-0.0031956990715116262,0.041677240282297134
1696959040518895400,7.627895263671875,-0.040612008422613144,0.03302222490310669,0.013981183059513569
1696959040528909000,7.637908935546875,-0.036351077258586884,0.0031956990715116262,0.03528584539890289
1696959040538922800,7.6479228515625,-0.023568280041217804,-0.03621792420744896,0.021437814459204674
1696959040548936200,7.657936279296875,-0.023568280041217804,0.02663082629442215,0.016111649572849274
1696959040558950000,7.667949951171875,-0.017176883295178413,-0.01384802907705307,0.017176883295178413
1696959040568963600,7.677963623046875,-0.010785484686493874,-0.007456631399691105,0.006524552125483751
1696959040578977300,7.687977294921875,-0.007589785382151604,0.03621792420744896,0.005459319334477186
1696959040588991000,7.697990966796875,0.0030625448562204838,-0.01171756349503994,0.006524552125483751
1696959040599004400,7.70800439453125,0.004127778112888336,0.01917419396340847,-0.009453942999243736
1696959040609018000,7.71801806640625,0.009453942999243736,-0.0053261648863554,0.00226362026296556
1696959040619031800,7.72803173828125,0.021171506494283676,-0.0021304660476744175,-0.0009320789249613881
1696959040629045500,7.73804541015625,0.014780107885599136,0.03089175745844841,-0.012649642303586006
1696959040639059200,7.74805908203125,0.023301972076296806,-0.04154408723115921,0.016111649572849274
1696959040649072600,7.75807275390625,0.024367205798625946,0.05752258375287056,-0.020106272771954536
1696959040659086300,7.76808642578125,0.023301972076296806,0.02343512699007988,-0.0009320789249613881
1696959040669100000,7.77810009765625,0.031823836266994476,-0.03728315606713295,0.005459319334477186
1696959040679113700,7.78811376953125,0.023301972076296806,0.0426093190908432,-0.024367205798625946
1696959040689127400,7.79812744140625,0.025432437658309937,-0.009587096981704235,0.022503048181533813
1696959040699140900,7.808140869140625,0.025432437658309937,-0.0010652330238372087,-0.008388710208237171
1696959040709154600,7.818154541015625,0.021171506494283676,0.03834838792681694,0.016111649572849274
1696959040719168300,7.828168212890625,0.024367205798625946,-0.02982652559876442,-0.0030625448562204838
1696959040729182000,7.838181884765625,0.021171506494283676,0,0.0011983871227130294
1696959040739195600,7.848195556640625,0.023301972076296806,-0.0213046595454216,0.010785484686493874
1696959040749209000,7.858208984375,0.023301972076296806,-0.04473978653550148,-0.007323476951569319
1696959040759222800,7.868222900390625,0.016910573467612267,-0.0106523297727108,0.016111649572849274
1696959040769236500,7.878236572265625,0.017975807189941406,0.02023942768573761,0.020372580736875534
1696959040779250200,7.888250244140625,0.011584409512579441,0.004260932095348835,0.009720250964164734
1696959040789264000,7.898263916015625,0.010519175790250301,-0.00852186419069767,0.037416309118270874
1696959040799277600,7.908277587890625,0.009453942999243736,0.04900071769952774,0.013981183059513569
1696959040809291000,7.918291015625,0.004127778112888336,-0.0010652330238372087,0.031024912372231483
1696959040819304700,7.9283046875,0.010519175790250301,-0.0063913981430232525,0.037416309118270874
1696959040829318400,7.938318359375,0.004127778112888336,0.01917419396340847,0.024633513763546944
1696959040839332000,7.94833203125,0.005193010903894901,-0.02450035884976387,0.054460037499666214
1696959040849345800,7.958345703125,0.0030625448562204838,-0.0063913981430232525,0.027829213067889214
1696959040859359200,7.968359130859375,-0.0033288532868027687,0.009587096981704235,0.051264338195323944
1696959040869373000,7.978373046875,-0.00226362026296556,0.009587096981704235,0.04593817517161369
1696959040879386600,7.98838671875,-0.008655018173158169,0.0106523297727108,0.031024912372231483
1696959040889400300,7.998400390625,-0.011850717477500439,0.03302222490310669,0.057655736804008484
1696959040899414000,8.0084140625,-0.015046416781842709,0.05645735189318657,0.028894444927573204
1696959040909427500,8.018427490234375,-0.021437814459204674,0.0639139786362648,0.057655736804008484
1696959040919441200,8.028441162109376,-0.018242115154862404,0.07989247888326645,0.048068638890981674
1696959040929454800,8.038454833984375,-0.023568280041217804,0.09054480493068695,0.04274247586727142
1696959040939468500,8.048468505859375,-0.023568280041217804,0.07350108027458191,0.06830807030200958
1696959040949482200,8.058482177734374,-0.021437814459204674,0.0852186381816864,0.03954677656292915
1696959040959495700,8.06849560546875,-0.019307348877191544,0.10865376889705658,0.066177599132061
1696959040969509400,8.07850927734375,-0.010785484686493874,0.01384802907705307,0.050199106335639954
1696959040979523000,8.088523193359375,-0.007589785382151604,0.08308817446231842,0.07043853402137756
1696959040989536800,8.098536865234376,-0.005459319334477186,0.06710968166589737,0.054460037499666214
1696959040999550500,8.108550537109375,0.0030625448562204838,0.01704372838139534,0.0778951644897461
1696959041009564000,8.11856396484375,0.0009320789249613881,0.05965305119752884,0.05659050494432449
1696959041019577600,8.12857763671875,0.007323476951569319,0.02556559257209301,0.08215609937906265
1696959041029591300,8.13859130859375,0.004127778112888336,0.05539211630821228,0.054460037499666214
1696959041039605000,8.14860498046875,0.004127778112888336,0.0745663121342659,0.08535179495811462
1696959041049618700,8.15861865234375,0.007323476951569319,0.05219641700387001,0.06404713541269302
1696959041059632000,8.168632080078124,0.001997311832383275,0.09374050796031952,0.08109086751937866
1696959041069645800,8.178645751953125,0.0030625448562204838,0.08947957307100296,0.08215609937906265
1696959041079659500,8.188659423828126,-0.0011983871227130294,0.11397993564605713,0.07576470077037811
1696959041089673200,8.198673095703125,-0.007589785382151604,0.15339355170726776,0.08961272984743118
1696959041099687000,8.20868701171875,-0.007589785382151604,0.1491326242685318,0.07150376588106155
1696959041109700400,8.218700439453125,-0.015046416781842709,0.12995843589305878,0.08109086751937866
1696959041119714000,8.228714111328125,-0.010785484686493874,0.14061075448989868,0.08428656309843063
1696959041129727700,8.238727783203124,-0.015046416781842709,0.15765449404716492,0.06404713541269302
1696959041139741400,8.248741455078125,-0.017176883295178413,0.09480573982000351,0.08961272984743118
1696959041149755100,8.258755126953124,-0.015046416781842709,0.10865376889705658,0.06511236727237701
1696959041159768600,8.2687685546875,-0.019307348877191544,0.09374050796031952,0.067242830991745
1696959041169782300,8.2787822265625,-0.016111649572849274,0.04580501839518547,0.08109086751937866
1696959041179796000,8.2887958984375,-0.021437814459204674,0.08628387749195099,0.05659050494432449
1696959041189809700,8.2988095703125,-0.025698747485876083,0.05752258375287056,0.08535179495811462
1696959041199823400,8.3088232421875,-0.023568280041217804,0.03728315606713295,0.05659050494432449
1696959041209836800,8.3188369140625,-0.029959678649902344,0.04047885537147522,0.07896039634943008
1696959041219850500,8.3288505859375,-0.031024912372231483,0.04154408723115921,0.07363422960042953
1696959041229864200,8.3388642578125,-0.036351077258586884,0.05858781561255455,0.06298190355300903
1696959041239878000,8.3488779296875,-0.040612008422613144,0.05006595328450203,0.08641702681779861
1696959041249891600,8.3588916015625,-0.040612008422613144,0.06924014538526535,0.06298190355300903
1696959041259905000,8.368905029296876,-0.047003407031297684,0.04580501839518547,0.07896039634943008
1696959041269918700,8.378918701171875,-0.043807707726955414,0.05539211630821228,0.0768299326300621
1696959041279932400,8.388932373046876,-0.04593817517161369,0.0745663121342659,0.05978620424866676
1696959041289946000,8.398946044921875,-0.04913387447595596,0.012782796286046505,0.0768299326300621
1696959041299959800,8.408959716796875,-0.043807707726955414,0.04473978653550148,0.06298190355300903
1696959041309973500,8.418973388671875,-0.043807707726955414,0.02023942768573761,0.06830807030200958
1696959041319987000,8.428987060546875,-0.036351077258586884,-0.03408745676279068,0.07043853402137756
1696959041330000600,8.439000732421874,-0.034220609813928604,-0.0021304660476744175,0.051264338195323944
1696959041340014300,8.449014404296875,-0.029959678649902344,-0.0319569893181324,0.07043853402137756
1696959041350028000,8.459028076171874,-0.021437814459204674,-0.02556559257209301,0.0555252730846405
1696959041360041700,8.469041748046875,-0.023568280041217804,-0.04900071769952774,0.05232957378029823
1696959041370055200,8.47905517578125,-0.012915950268507004,-0.01491326279938221,0.08215609937906265
1696959041380068900,8.48906884765625,-0.009720250964164734,0.00852186419069767,0.041677240282297134
1696959041390082600,8.49908251953125,-0.0033288532868027687,-0.0426093190908432,0.07896039634943008
1696959041400096300,8.50909619140625,0.004127778112888336,-0.02876129187643528,0.031024912372231483
1696959041410110000,8.51910986328125,0.006258244160562754,-0.0010652330238372087,0.06404713541269302
1696959041420123400,8.529123291015624,0.019041040912270546,-0.05113118514418602,0.03954677656292915
1696959041430137000,8.53913720703125,0.017975807189941406,-0.02023942768573761,0.0555252730846405
1696959041440150800,8.54915087890625,0.021171506494283676,-0.004260932095348835,0.048068638890981674
1696959041450164500,8.55916455078125,0.024367205798625946,-0.02236989326775074,0.036351077258586884
1696959041460178200,8.56917822265625,0.021171506494283676,-0.05006595328450203,0.04274247586727142
1696959041470191600,8.579191650390625,0.027562905102968216,-0.009587096981704235,0.048068638890981674
1696959041480205300,8.589205322265625,0.024367205798625946,-0.00852186419069767,0.04593817517161369
1696959041490219000,8.599218994140625,0.021171506494283676,-0.0852186381816864,0.054460037499666214
1696959041500232700,8.609232666015625,0.021171506494283676,0.012782796286046505,0.057655736804008484
1696959041510246400,8.619246337890624,0.015845341607928276,-0.0031956990715116262,0.041677240282297134
1696959041520259800,8.629259765625,0.017975807189941406,-0.09161003679037094,0.066177599132061
1696959041530273500,8.6392734375,0.006258244160562754,-0.0053261648863554,0.025698747485876083
1696959041540287200,8.649287353515625,0.004127778112888336,0.007456631399691105,0.05978620424866676
1696959041550301000,8.659301025390626,0.005193010903894901,-0.05006595328450203,0.041677240282297134
1696959041560314600,8.669314697265625,-0.007589785382151604,-0.03941362351179123,0.04274247586727142
1696959041570328000,8.679328125,-0.006524552125483751,-0.01917419396340847,0.05659050494432449
1696959041580341800,8.689341796875,-0.008655018173158169,-0.01810896210372448,0.037416309118270874
1696959041590355500,8.69935546875,-0.016111649572849274,-0.07137060910463333,0.048068638890981674
1696959041600369200,8.709369140625,-0.015046416781842709,-0.012782796286046505,0.036351077258586884
1696959041610382800,8.7193828125,-0.022503048181533813,-0.0639139786362648,0.028894444927573204
1696959041620396300,8.729396240234376,-0.019307348877191544,-0.07563154399394989,0.044872939586639404
1696959041630410000,8.739409912109375,-0.025698747485876083,0,0.017176883295178413
1696959041640423700,8.749423583984376,-0.026763979345560074,-0.07030537724494934,0.048068638890981674
1696959041650437400,8.759437255859375,-0.026763979345560074,-0.07882724702358246,0.010785484686493874
1696959041660451000,8.769451171875,-0.033155377954244614,0.0063913981430232525,0.040612008422613144
1696959041670464500,8.779464599609375,-0.028894444927573204,-0.012782796286046505,0.027829213067889214
1696959041680478200,8.789478271484375,-0.033155377954244614,-0.04047885537147522,0.017176883295178413
1696959041690492000,8.799491943359374,-0.026763979345560074,-0.01491326279938221,0.044872939586639404
1696959041700505600,8.809505615234375,-0.021437814459204674,-0.007456631399691105,-0.0030625448562204838
1696959041710519300,8.819519287109374,-0.021437814459204674,-0.09906667470932007,0.033155377954244614
1696959041720532700,8.82953271484375,-0.013981183059513569,-0.07137060910463333,0.0001331541279796511
1696959041730546400,8.83954638671875,-0.015046416781842709,-0.004260932095348835,0.013981183059513569
1696959041740560100,8.84956005859375,-0.007589785382151604,-0.09800143539905548,0.018242115154862404
1696959041750573800,8.85957373046875,-0.008655018173158169,-0.06497921794652939,-0.0009320789249613881
1696959041760587500,8.86958740234375,-0.007589785382151604,-0.007456631399691105,0.021437814459204674
1696959041770601000,8.87960107421875,-0.0011983871227130294,-0.02769605815410614,0.004394086077809334
1696959041780614700,8.88961474609375,-0.0033288532868027687,-0.0958709716796875,0.007589785382151604
1696959041790628400,8.89962841796875,0.005193010903894901,-0.02236989326775074,0.021437814459204674
1696959041800642000,8.90964208984375,0.001997311832383275,0.02023942768573761,-0.008388710208237171
1696959041810655700,8.91965576171875,0.005193010903894901,-0.09800143539905548,0.027829213067889214
1696959041820669400,8.92966943359375,0.010519175790250301,-0.03515268862247467,-0.0009320789249613881
1696959041830683000,8.939682861328125,0.0030625448562204838,-0.004260932095348835,0.006524552125483751
1696959041840696600,8.949696533203126,0.009453942999243736,-0.08947957307100296,0.017176883295178413
1696959041850710300,8.959710205078125,0.004127778112888336,-0.01171756349503994,0.0011983871227130294
1696959041860724000,8.969723876953125,0.0030625448562204838,-0.02343512699007988,0.020372580736875534
1696959041870737700,8.979737548828124,0.004127778112888336,-0.04900071769952774,0.017176883295178413
1696959041880751000,8.989751220703125,-0.00226362026296556,0.0063913981430232525,0.015046416781842709
1696959041890764800,8.999764892578124,0.001997311832383275,-0.02556559257209301,0.022503048181533813
1696959041900778500,9.009778564453125,-0.00226362026296556,-0.01384802907705307,0.0011983871227130294
1696959041910792200,9.019792236328126,0.0009320789249613881,0.004260932095348835,0.024633513763546944
1696959041920806000,9.029805908203125,0.0030625448562204838,-0.0213046595454216,-0.009453942999243736
1696959041930819300,9.0398193359375,0.004127778112888336,0.01491326279938221,0.012915950268507004
1696959041940833000,9.0498330078125,0.012649642303586006,0.0159784946590662,-0.008388710208237171
1696959041950846700,9.0598466796875,0.010519175790250301,0.02023942768573761,0.00226362026296556
1696959041960860400,9.0698603515625,0.016910573467612267,0.004260932095348835,-0.006258244160562754
1696959041970874000,9.0798740234375,0.020106272771954536,0.02450035884976387,-0.026497671380639076
1696959041980887600,9.089887451171874,0.021171506494283676,0.012782796286046505,-0.0030625448562204838
1696959041990901200,9.0999013671875,0.024367205798625946,0.02236989326775074,-0.024367205798625946
1696959042000915000,9.1099150390625,0.019041040912270546,0.07882724702358246,-0.021171506494283676
1696959042010928600,9.1199287109375,0.022236740216612816,0.02450035884976387,-0.019041040912270546
1696959042020942300,9.1299423828125,0.023301972076296806,0.01810896210372448,-0.037150003015995026
1696959042030955800,9.139955810546875,0.019041040912270546,0.05432688444852829,-0.028628136962652206
1696959042040969500,9.149969482421875,0.019041040912270546,0.03515268862247467,-0.03928046673536301
1696959042050983200,9.159983154296874,0.012649642303586006,0.05113118514418602,-0.031823836266994476
1696959042060996900,9.169996826171875,0.011584409512579441,0.05219641700387001,-0.044606633484363556
1696959042071010600,9.180010498046874,0.008388710208237171,0.05219641700387001,-0.04673709720373154
1696959042081024000,9.19002392578125,0.006258244160562754,-0.0159784946590662,-0.043541401624679565
1696959042091037700,9.20003759765625,0.004127778112888336,0.02663082629442215,-0.052063263952732086
1696959042101051400,9.210051513671875,-0.004394086077809334,0.02023942768573761,-0.04673709720373154
1696959042111065000,9.220065185546876,-0.0033288532868027687,-0.03089175745844841,-0.044606633484363556
1696959042121078800,9.230078857421875,-0.012915950268507004,-0.0063913981430232525,-0.057389430701732635
1696959042131092200,9.24009228515625,-0.015046416781842709,-0.03834838792681694,-0.043541401624679565
1696959042141106000,9.25010595703125,-0.022503048181533813,0.0021304660476744175,-0.05632419511675835
1696959042151119600,9.26011962890625,-0.029959678649902344,-0.009587096981704235,-0.048867564648389816
1696959042161133300,9.27013330078125,-0.026763979345560074,-0.03941362351179123,-0.055258963257074356
1696959042171147000,9.28014697265625,-0.03528584539890289,0.0031956990715116262,-0.05632419511675835
1696959042181160400,9.290160400390626,-0.034220609813928604,-0.01917419396340847,-0.060585130006074905
1696959042191174100,9.300174072265625,-0.037416309118270874,-0.02556559257209301,-0.04993279650807381
1696959042201187800,9.310187744140626,-0.036351077258586884,-0.02450035884976387,-0.04993279650807381
1696959042211201500,9.320201416015625,-0.03848154470324516,-0.05432688444852829,-0.06378082931041718
1696959042221215200,9.33021533203125,-0.03848154470324516,-0.0745663121342659,-0.045671865344047546
1696959042231228700,9.340228759765624,-0.037416309118270874,-0.01704372838139534,-0.061650361865758896
1696959042241242400,9.350242431640625,-0.043807707726955414,-0.02876129187643528,-0.05312849581241608
1696959042251256000,9.360256103515624,-0.04274247586727142,-0.02556559257209301,-0.05312849581241608
1696959042261269800,9.370269775390625,-0.040612008422613144,0.06071828305721283,-0.060585130006074905
1696959042271283500,9.380283447265626,-0.036351077258586884,-0.05645735189318657,-0.047802332788705826
1696959042281297000,9.390296875,-0.027829213067889214,-0.05539211630821228,-0.061650361865758896
1696959042291310600,9.400310546875,-0.031024912372231483,0.03941362351179123,-0.052063263952732086
1696959042301324300,9.41032421875,-0.019307348877191544,-0.07776200771331787,-0.047802332788705826
1696959042311338000,9.420337890625,-0.018242115154862404,-0.10332760214805603,-0.06378082931041718
1696959042321351700,9.4303515625,-0.007589785382151604,0.00852186419069767,-0.029693370684981346
1696959042331365400,9.440365478515625,-0.004394086077809334,-0.06604444980621338,-0.08508548885583878
1696959042341378800,9.45037890625,0.001997311832383275,-0.14593692123889923,-0.028628136962652206
1696959042351392500,9.460392578125,0.015845341607928276,-0.02876129187643528,-0.06591129302978516
1696959042361406200,9.47040625,0.009453942999243736,-0.04900071769952774,-0.059519894421100616
1696959042371420000,9.480419921875,0.021171506494283676,-0.10119713842868805,-0.028628136962652206
1696959042381433600,9.49043359375,0.022236740216612816,0.01810896210372448,-0.07017222791910172
1696959042391447000,9.500447021484375,0.025432437658309937,-0.08734910935163498,-0.041410934180021286
1696959042401460700,9.510460693359375,0.026497671380639076,-0.05858781561255455,-0.045671865344047546
1696959042411474400,9.520474365234374,0.023301972076296806,0.04900071769952774,-0.055258963257074356
1696959042421488000,9.530488037109375,0.026497671380639076,-0.05006595328450203,-0.023301972076296806
1696959042431501800,9.540501708984374,0.019041040912270546,-0.0010652330238372087,-0.03928046673536301
1696959042441515300,9.550515380859375,0.020106272771954536,0.04900071769952774,-0.019041040912270546
1696959042451529000,9.560529052734376,0.009453942999243736,-0.0159784946590662,-0.040345702320337296
1696959042461542700,9.570542724609375,0.009453942999243736,0.01810896210372448,-0.009453942999243736
1696959042471556400,9.580556396484376,0.005193010903894901,0.06071828305721283,-0.03608476743102074
1696959042481570000,9.590570068359375,-0.004394086077809334,-0.02023942768573761,-0.010519175790250301
1696959042491583500,9.60058349609375,-0.004394086077809334,0.03621792420744896,-0.021171506494283676
1696959042501597200,9.61059716796875,-0.009720250964164734,0.09374050796031952,-0.011584409512579441
1696959042511611000,9.62061083984375,-0.008655018173158169,-0.03621792420744896,-0.017975807189941406
1696959042521624600,9.63062451171875,-0.018242115154862404,-0.0010652330238372087,-0.012649642303586006
1696959042531638300,9.64063818359375,-0.016111649572849274,-0.04580501839518547,-0.017975807189941406
1696959042541651700,9.650651611328126,-0.021437814459204674,-0.03302222490310669,-0.016910573467612267
1696959042551665400,9.66066552734375,-0.025698747485876083,0.007456631399691105,-0.016910573467612267
1696959042561679000,9.67067919921875,-0.027829213067889214,-0.02023942768573761,-0.017975807189941406
1696959042571692800,9.68069287109375,-0.037416309118270874,-0.06924014538526535,-0.025432437658309937
1696959042581706500,9.69070654296875,-0.03528584539890289,0.02663082629442215,-0.012649642303586006
1696959042591720000,9.700719970703124,-0.048068638890981674,0.04154408723115921,-0.060585130006074905
1696959042601733600,9.710733642578125,-0.04593817517161369,-0.06284874677658081,-0.008388710208237171
1696959042611747300,9.720747314453124,-0.051264338195323944,0.01491326279938221,-0.06484606117010117
1696959042621761000,9.730760986328125,-0.044872939586639404,-0.03515268862247467,-0.030758604407310486
1696959042631774700,9.740774658203126,-0.048068638890981674,-0.01171756349503994,-0.05312849581241608
1696959042641788200,9.7507880859375,-0.054460037499666214,0.01491326279938221,-0.052063263952732086
1696959042651801900,9.7608017578125,-0.044872939586639404,0.01704372838139534,-0.057389430701732635
1696959042661815600,9.770815673828125,-0.044872939586639404,0.03941362351179123,-0.059519894421100616
1696959042671829200,9.780829345703125,-0.03848154470324516,-0.07669677585363388,-0.06378082931041718
1696959042681843000,9.790843017578124,-0.036351077258586884,0.0010652330238372087,-0.08615072071552277
1696959042691856400,9.8008564453125,-0.028894444927573204,-0.0426093190908432,-0.07336792349815369
1696959042701870000,9.8108701171875,-0.024633513763546944,-0.06071828305721283,-0.09680305421352386
1696959042711883800,9.8208837890625,-0.021437814459204674,-0.02450035884976387,-0.0925421193242073
1696959042721897500,9.8308974609375,-0.011850717477500439,-0.02876129187643528,-0.09680305421352386
1696959042731911200,9.8409111328125,-0.009720250964164734,-0.01704372838139534,-0.09680305421352386
1696959042741924600,9.850924560546876,0.001997311832383275,-0.07243584841489792,-0.09573781490325928
1696959042751938300,9.860938232421875,0.006258244160562754,-0.06071828305721283,-0.11597724258899689
1696959042761952000,9.870951904296875,0.012649642303586006,-0.04793548583984375,-0.09467258304357529
1696959042771965700,9.880965576171874,0.009453942999243736,-0.03515268862247467,-0.12982527911663055
1696959042781979400,9.8909794921875,0.012649642303586006,-0.04047885537147522,-0.10212921351194382
1696959042791993000,9.9009931640625,0.015845341607928276,0.0213046595454216,-0.12023817747831345
1696959042802006500,9.911006591796875,0.011584409512579441,0.009587096981704235,-0.10532491654157639
1696959042812020200,9.921020263671876,0.015845341607928276,-0.02876129187643528,-0.12876003980636597
1696959042822034000,9.931033935546875,0.016910573467612267,0.03728315606713295,-0.11917294561862946
1696959042832047600,9.941047607421876,0.021171506494283676,-0.00852186419069767,-0.12023817747831345
1696959042842061300,9.951061279296875,0.015845341607928276,0.007456631399691105,-0.12343387305736542
1696959042852074800,9.96107470703125,0.020106272771954536,0.0010652330238372087,-0.11810771375894547
1696959042862088400,9.97108837890625,0.019041040912270546,0.04154408723115921,-0.12236864119768143
1696959042872102100,9.98110205078125,0.017975807189941406,0.007456631399691105,-0.11917294561862946
1696959042882115800,9.99111572265625,0.019041040912270546,0.0213046595454216,-0.11597724258899689
1696959042892129500,10.001129638671875,0.014780107885599136,0.02663082629442215,-0.1351514458656311
1696959042902143000,10.01114306640625,0.021171506494283676,-0.02023942768573761,-0.08828118443489075
1696959042912156700,10.02115673828125,0.008388710208237171,0.08841434121131897,-0.13195574283599854
1696959042922170400,10.03117041015625,0.007323476951569319,0.03515268862247467,-0.09467258304357529
1696959042932184000,10.04118408203125,-0.00226362026296556,0.13315412402153015,-0.10745538026094437
1696959042942197800,10.05119775390625,-0.006524552125483751,0.12143656611442566,-0.09573781490325928
1696959042952211200,10.061211181640624,-0.007589785382151604,0.08734910935163498,-0.09999874979257584
1696959042962225000,10.071224853515625,-0.005459319334477186,0.0639139786362648,-0.07762885838747025
1696959042972238600,10.081238525390624,-0.007589785382151604,0.1395455300807953,-0.09786828607320786
1696959042982252300,10.091252197265625,-0.021437814459204674,0.13208889961242676,-0.08934641629457474
1696959042992266000,10.101265869140626,-0.007589785382151604,0.04473978653550148,-0.058454662561416626
1696959043002279400,10.111279541015625,-0.011850717477500439,0.15658925473690033,-0.0829550251364708
1696959043012293000,10.121293212890626,-0.016111649572849274,0.004260932095348835,-0.06804175674915314
1696959043022306800,10.131306884765625,-0.020372580736875534,0.11078423261642456,-0.07549838721752167
1696959043032320500,10.141320556640625,-0.022503048181533813,0.10226237028837204,-0.06271559745073318
1696959043042334200,10.151334228515625,-0.021437814459204674,-0.01917419396340847,-0.06484606117010117
1696959043052347600,10.16134765625,-0.029959678649902344,0.11291470378637314,-0.058454662561416626
1696959043062361300,10.171361328125,-0.027829213067889214,0.0958709716796875,-0.055258963257074356
1696959043072375000,10.181375,-0.033155377954244614,0.06497921794652939,-0.060585130006074905
1696959043082388700,10.191388671875,-0.031024912372231483,0,-0.06271559745073318
1696959043092402400,10.20140234375,-0.03528584539890289,0.07989247888326645,-0.06271559745073318
1696959043102416000,10.211415771484376,-0.034220609813928604,0.06924014538526535,-0.06378082931041718
1696959043112429600,10.2214296875,-0.029959678649902344,0.02343512699007988,-0.050998032093048096
1696959043122443300,10.231443359375,-0.034220609813928604,0.04793548583984375,-0.054193731397390366
1696959043132457000,10.24145703125,-0.03209014609456062,0.06071828305721283,-0.06591129302978516
1696959043142470700,10.251470703125,-0.031024912372231483,0.06071828305721283,-0.035019535571336746
1696959043152484000,10.261484130859374,-0.017176883295178413,0.03089175745844841,-0.048867564648389816
1696959043162497800,10.271497802734375,-0.028894444927573204,0.09054480493068695,-0.060585130006074905
1696959043172511500,10.281511474609376,-0.027829213067889214,0.06178351491689682,-0.03288906812667847
1696959043182525200,10.291525146484375,-0.017176883295178413,0.08308817446231842,-0.052063263952732086
1696959043192539000,10.301538818359376,-0.019307348877191544,0.08734910935163498,-0.041410934180021286
1696959043202552300,10.31155224609375,-0.017176883295178413,0.11824086308479309,-0.038215234875679016
1696959043212566000,10.32156591796875,-0.010785484686493874,0.1384802907705307,-0.03928046673536301
1696959043222579700,10.331579833984375,-0.005459319334477186,0.06710968166589737,-0.043541401624679565
1696959043232593400,10.341593505859375,-0.011850717477500439,0.0852186381816864,-0.03928046673536301
1696959043242607000,10.351607177734374,0.0009320789249613881,0.01704372838139534,-0.03608476743102074
1696959043252620500,10.36162060546875,0.0009320789249613881,0.1395455300807953,-0.03288906812667847
1696959043262634200,10.37163427734375,-0.0033288532868027687,0.01917419396340847,-0.037150003015995026
1696959043272648000,10.38164794921875,-0.005459319334477186,0.04473978653550148,-0.022236740216612816
1696959043282661600,10.39166162109375,-0.005459319334477186,0.1384802907705307,-0.05632419511675835
1696959043292675300,10.40167529296875,-0.004394086077809334,0.012782796286046505,-0.028628136962652206
1696959043302689000,10.41168896484375,-0.007589785382151604,-0.009587096981704235,-0.037150003015995026
1696959043312702500,10.421702392578124,-0.007589785382151604,0.08415340632200241,-0.029693370684981346
1696959043322716200,10.431716064453125,-0.015046416781842709,0.05645735189318657,-0.03288906812667847
1696959043332729900,10.441729736328124,-0.007589785382151604,-0.02663082629442215,-0.020106272771954536
1696959043342743600,10.45174365234375,-0.013981183059513569,0.03728315606713295,-0.055258963257074356
1696959043352757200,10.46175732421875,-0.016111649572849274,-0.07137060910463333,-0.03608476743102074
1696959043362770700,10.471770751953125,-0.006524552125483751,-0.06710968166589737,-0.03288906812667847
1696959043372784400,10.481784423828126,-0.013981183059513569,-0.0213046595454216,-0.055258963257074356
1696959043382798000,10.491798095703125,-0.013981183059513569,-0.08841434121131897,-0.021171506494283676
1696959043392811800,10.501811767578126,-0.017176883295178413,-0.04793548583984375,-0.044606633484363556
1696959043402825500,10.511825439453125,-0.011850717477500439,0.0021304660476744175,-0.014780107885599136
1696959043412839000,10.5218388671875,-0.009720250964164734,-0.05858781561255455,-0.06804175674915314
1696959043422852600,10.5318525390625,-0.011850717477500439,-0.10332760214805603,-0.017975807189941406
1696959043432866300,10.5418662109375,-0.010785484686493874,0.07137060910463333,-0.03288906812667847
1696959043442880000,10.5518798828125,-0.009720250964164734,-0.05113118514418602,-0.03608476743102074
1696959043452893700,10.561893798828125,-0.0033288532868027687,-0.0745663121342659,-0.014780107885599136
1696959043462907100,10.5719072265625,-0.009720250964164734,0.1171756312251091,-0.026497671380639076
1696959043472920800,10.5819208984375,0.0009320789249613881,-0.02450035884976387,-0.021171506494283676
1696959043482934500,10.5919345703125,-0.00226362026296556,0.04580501839518547,-0.014780107885599136
1696959043492948200,10.6019482421875,0.004127778112888336,0.0532616525888443,-0.025432437658309937
1696959043502962000,10.6119619140625,0.008388710208237171,0.02982652559876442,-0.023301972076296806
1696959043512975400,10.621975341796874,0.008388710208237171,0.03302222490310669,-0.03288906812667847
1696959043522989000,10.631989013671875,0.019041040912270546,-0.02343512699007988,-0.008388710208237171
1696959043533002800,10.642002685546874,0.010519175790250301,0,-0.042476166039705276
1696959043543016400,10.652016357421875,0.017975807189941406,-0.0063913981430232525,-0.005193010903894901
1696959043553030100,10.662030029296876,0.012649642303586006,0.02343512699007988,-0.038215234875679016
1696959043563043600,10.672043701171875,0.012649642303586006,-0.02556559257209301,-0.008388710208237171
1696959043573057300,10.682057373046876,0.010519175790250301,0.04580501839518547,-0.026497671380639076
1696959043583071000,10.692071044921875,0.013714875094592571,-0.07243584841489792,-0.027562905102968216
1696959043593084700,10.702084716796875,0.006258244160562754,-0.09480573982000351,0.0001331541279796511
1696959043603098400,10.712098388671874,-0.0001331541279796511,0.04793548583984375,-0.0009320789249613881
1696959043613111800,10.72211181640625,-0.005459319334477186,-0.08628387749195099,0.007589785382151604
1696959043623125500,10.73212548828125,-0.020372580736875534,0,0.026763979345560074
1696959043633139200,10.74213916015625,-0.017176883295178413,-0.04154408723115921,0.004394086077809334
1696959043643153000,10.75215283203125,-0.025698747485876083,-0.07669677585363388,0.048068638890981674
1696959043653166300,10.762166259765625,-0.03209014609456062,-0.06817491352558136,0.017176883295178413
1696959043663180000,10.772179931640625,-0.040612008422613144,0.07350108027458191,0.067242830991745
1696959043673193500,10.782193359375,-0.04274247586727142,-0.05645735189318657,0.04913387447595596
1696959043683207200,10.792207275390625,-0.03528584539890289,-0.0426093190908432,0.067242830991745
1696959043693220900,10.802220947265624,-0.041677240282297134,0.01384802907705307,0.05232957378029823
1696959043703234300,10.812234375,-0.03528584539890289,-0.00852186419069767,0.07150376588106155
1696959043713248000,10.822248046875,-0.033155377954244614,0.004260932095348835,0.05659050494432449
1696959043723261400,10.832261474609375,-0.019307348877191544,-0.06710968166589737,0.08215609937906265
1696959043733275100,10.842275146484376,-0.024633513763546944,0.05006595328450203,0.054460037499666214
1696959043743288800,10.852288818359375,-0.013981183059513569,-0.10119713842868805,0.08002562820911407
1696959043753302300,10.86230224609375,-0.009720250964164734,-0.08947957307100296,0.066177599132061
1696959043763316000,10.87231591796875,-0.010785484686493874,-0.0010652330238372087,0.08109086751937866
1696959043773329400,10.882329345703125,-0.009720250964164734,-0.02450035884976387,0.07469946891069412
1696959043783343000,10.892343017578124,-0.0033288532868027687,-0.13208889961242676,0.06404713541269302
1696959043793356800,10.902356689453125,0.005193010903894901,-0.1608501821756363,0.06830807030200958
1696959043803370200,10.912370361328126,0.004127778112888336,0.02023942768573761,0.067242830991745
1696959043813384000,10.922384033203125,0.008388710208237171,-0.17576344311237335,0.060851436108350754
1696959043823397400,10.9323974609375,0.001997311832383275,-0.14274121820926666,0.066177599132061
1696959043833411000,10.9424111328125,0.010519175790250301,-0.02236989326775074,0.06404713541269302
1696959043843424800,10.9524248046875,0.011584409512579441,-0.02236989326775074,0.0768299326300621
1696959043853438200,10.962438232421874,0.007323476951569319,-0.10758853703737259,0.067242830991745
1696959043863452000,10.972451904296875,0.009453942999243736,-0.03728315606713295,0.066177599132061
1696959043873465300,10.98246533203125,0.012649642303586006,0.03728315606713295,0.07469946891069412
1696959043883479000,10.99247900390625,0.014780107885599136,-0.08628387749195099,0.0778951644897461
1696959043893492700,11.00249267578125,0.001997311832383275,0.07243584841489792,0.06830807030200958
1696959043903506200,11.012506103515625,0.012649642303586006,-0.07882724702358246,0.07469946891069412
1696959043913519900,11.022519775390625,0.008388710208237171,0.0010652330238372087,0.07896039634943008
1696959043923533300,11.032533203125,0.0030625448562204838,0.01704372838139534,0.066177599132061
1696959043933547000,11.042547119140625,-0.004394086077809334,0.007456631399691105,0.08961272984743118
1696959043943560700,11.052560791015624,-0.0033288532868027687,0.02556559257209301,0.060851436108350754
1696959043953574100,11.06257421875,-0.0033288532868027687,-0.06710968166589737,0.08002562820911407
1696959043963587800,11.072587890625,-0.011850717477500439,-0.012782796286046505,0.058720968663692474
1696959043973601300,11.082601318359375,-0.011850717477500439,0.02876129187643528,0.0778951644897461
1696959043983615000,11.092614990234376,-0.019307348877191544,0.05006595328450203,0.0768299326300621
1696959043993628700,11.102628662109375,-0.017176883295178413,-0.05219641700387001,0.07150376588106155
1696959044003642000,11.11264208984375,-0.020372580736875534,0.0319569893181324,0.07469946891069412
1696959044013655800,11.12265576171875,-0.021437814459204674,0.03408745676279068,0.07363422960042953
1696959044023669500,11.13266943359375,-0.031024912372231483,0.07776200771331787,0.0778951644897461
1696959044033683200,11.14268310546875,-0.033155377954244614,0.03408745676279068,0.0778951644897461
1696959044043696600,11.152696533203125,-0.029959678649902344,-0.0031956990715116262,0.06404713541269302
1696959044053710300,11.16271044921875,-0.033155377954244614,0.12037133425474167,0.09174319356679916
1696959044063724000,11.17272412109375,-0.036351077258586884,0.03834838792681694,0.067242830991745
1696959044073737700,11.18273779296875,-0.04274247586727142,0.03621792420744896,0.08109086751937866
1696959044083751400,11.19275146484375,-0.036351077258586884,0.04367455467581749,0.0778951644897461
1696959044093765000,11.20276513671875,-0.036351077258586884,0.10119713842868805,0.08535179495811462
1696959044103778600,11.212778564453124,-0.03954677656292915,0,0.07896039634943008
1696959044113792300,11.222792236328125,-0.034220609813928604,0.04793548583984375,0.0874822586774826
1696959044123806000,11.232805908203124,-0.036351077258586884,0.04580501839518547,0.06298190355300903
1696959044133819600,11.242819580078125,-0.029959678649902344,0.02663082629442215,0.10559122264385223
1696959044143833300,11.252833251953126,-0.03528584539890289,0.09693620353937149,0.058720968663692474
1696959044153846800,11.2628466796875,-0.026763979345560074,0.02982652559876442,0.0981345921754837
1696959044163860500,11.272860595703126,-0.029959678649902344,0.02663082629442215,0.051264338195323944
1696959044173874200,11.282874267578125,-0.023568280041217804,0.05858781561255455,0.09493889659643173
1696959044183888000,11.292887939453125,-0.023568280041217804,0.0010652330238372087,0.03954677656292915
1696959044193901600,11.302901611328124,-0.023568280041217804,0.04047885537147522,0.09493889659643173
1696959044203915000,11.3129150390625,-0.012915950268507004,0.04047885537147522,0.03954677656292915
1696959044213928700,11.3229287109375,-0.018242115154862404,0.0106523297727108,0.06937330216169357
1696959044223942400,11.3329423828125,-0.016111649572849274,-0.0213046595454216,0.0555252730846405
1696959044233956000,11.3429560546875,-0.004394086077809334,0.01491326279938221,0.050199106335639954
1696959044243969800,11.3529697265625,-0.009720250964164734,0,0.040612008422613144
1696959044253983200,11.362983154296876,-0.008655018173158169,0.05113118514418602,0.061916667968034744
1696959044263997000,11.372996826171875,-0.007589785382151604,0.06071828305721283,0.033155377954244614
1696959044274010600,11.3830107421875,-0.005459319334477186,-0.01171756349503994,0.057655736804008484
1696959044284024300,11.3930244140625,0.006258244160562754,-0.01704372838139534,0.025698747485876083
1696959044294038000,11.4030380859375,0.0009320789249613881,0.0745663121342659,0.04593817517161369
1696959044304051500,11.413051513671874,0.001997311832383275,-0.004260932095348835,0.023568280041217804
1696959044314065200,11.423065185546875,0.009453942999243736,-0.0745663121342659,0.043807707726955414
1696959044324078800,11.433078857421876,-0.005459319334477186,0.01171756349503994,0.022503048181533813
1696959044334092500,11.443092529296875,0.006258244160562754,0.06284874677658081,0.054460037499666214
1696959044344106200,11.453106201171876,0.012649642303586006,-0.13208889961242676,0.0033288532868027687
1696959044354119700,11.46311962890625,-0.0011983871227130294,-0.07669677585363388,0.057655736804008484
1696959044364133400,11.47313330078125,0.001997311832383275,0.02876129187643528,0.013981183059513569
1696959044374147000,11.48314697265625,0.0009320789249613881,-0.06817491352558136,0.040612008422613144
1696959044384160800,11.493160888671875,-0.006524552125483751,-0.04900071769952774,0.03209014609456062
1696959044394174500,11.503174560546874,-0.00226362026296556,-0.02236989326775074,0.025698747485876083
1696959044404188000,11.51318798828125,-0.0011983871227130294,-0.07563154399394989,0.019307348877191544
1696959044414201600,11.52320166015625,-0.013981183059513569,0.0063913981430232525,0.016111649572849274
1696959044424215300,11.53321533203125,-0.009720250964164734,-0.07350108027458191,0.016111649572849274
1696959044434229000,11.54322900390625,-0.013981183059513569,-0.05858781561255455,0.00226362026296556
1696959044444242700,11.55324267578125,-0.018242115154862404,0.08947957307100296,0.026763979345560074
1696959044454256000,11.563256103515625,-0.019307348877191544,0.02663082629442215,0.009720250964164734
1696959044464269800,11.573269775390624,-0.019307348877191544,-0.05645735189318657,-0.006258244160562754
1696959044474283500,11.583283447265625,-0.016111649572849274,0.07882724702358246,0.028894444927573204
1696959044484297200,11.593297119140624,-0.008655018173158169,0.04793548583984375,0.006524552125483751
1696959044494311000,11.603310791015625,-0.016111649572849274,0.01704372838139534,0.010785484686493874
1696959044504324400,11.613324462890626,-0.020372580736875534,0.02982652559876442,0.004394086077809334
1696959044514338000,11.623338134765625,-0.007589785382151604,0.03941362351179123,0.026763979345560074
1696959044524351700,11.633351806640626,-0.007589785382151604,0.01384802907705307,0.005459319334477186
1696959044534365400,11.643365478515625,-0.022503048181533813,-0.04580501839518547,0.013981183059513569
1696959044544379100,11.653379150390625,-0.020372580736875534,0.06817491352558136,0.023568280041217804
1696959044554392600,11.663392578125,-0.005459319334477186,0.04687025398015976,-0.007323476951569319
1696959044564406300,11.67340625,-0.012915950268507004,-0.14380645751953125,0.024633513763546944
1696959044574420000,11.683419921875,-0.018242115154862404,0.009587096981704235,0.020372580736875534
1696959044584433400,11.693433349609375,-0.015046416781842709,0.05858781561255455,0.008655018173158169
1696959044594447000,11.703447021484376,-0.011850717477500439,-0.11504516750574112,0.024633513763546944
1696959044604460800,11.713460693359375,-0.016111649572849274,-0.03302222490310669,0.031024912372231483
1696959044614474200,11.72347412109375,-0.022503048181533813,0.05113118514418602,-0.001997311832383275
1696959044624488000,11.733488037109375,-0.025698747485876083,-0.0213046595454216,0.03954677656292915
1696959044634501400,11.74350146484375,-0.016111649572849274,-0.02450035884976387,0.017176883295178413
1696959044644515000,11.75351513671875,-0.022503048181533813,0.01491326279938221,0.021437814459204674
1696959044654528800,11.76352880859375,-0.025698747485876083,0.0532616525888443,0.024633513763546944
1696959044664542200,11.773542236328124,-0.016111649572849274,0.0063913981430232525,0.048068638890981674
1696959044674556000,11.783555908203125,-0.012915950268507004,-0.07350108027458191,-0.008388710208237171
1696959044684569300,11.7935693359375,-0.022503048181533813,0.04687025398015976,0.04274247586727142
1696959044694583000,11.8035830078125,-0.019307348877191544,0.02023942768573761,-0.004127778112888336
1696959044704596700,11.8135966796875,-0.012915950268507004,0.04367455467581749,0.06404713541269302
1696959044714610200,11.823610107421874,-0.015046416781842709,0.0213046595454216,-0.010519175790250301
1696959044724624000,11.833623779296875,-0.012915950268507004,0.01171756349503994,0.06298190355300903
1696959044734637600,11.843637451171874,-0.010785484686493874,0,0.0033288532868027687
1696959044744651000,11.853651123046875,-0.007589785382151604,0.00852186419069767,0.043807707726955414
1696959044754664700,11.863664794921876,-0.009720250964164734,-0.03089175745844841,0.005459319334477186
1696959044764678100,11.87367822265625,-0.007589785382151604,-0.01810896210372448,0.06298190355300903
1696959044774691800,11.88369189453125,-0.005459319334477186,0.02982652559876442,0.017176883295178413
1696959044784705500,11.89370556640625,-0.009720250964164734,-0.04900071769952774,0.03528584539890289
1696959044794719000,11.903718994140625,-0.010785484686493874,0.02556559257209301,0.051264338195323944
1696959044804732700,11.913732666015624,-0.004394086077809334,0.03302222490310669,0.022503048181533813
1696959044814746000,11.92374609375,-0.008655018173158169,-0.10971900075674057,0.036351077258586884
1696959044824759800,11.933759765625,-0.015046416781842709,0.007456631399691105,0.037416309118270874
1696959044834773500,11.9437734375,-0.004394086077809334,0.05006595328450203,0.053394805639982224
1696959044844787000,11.953786865234376,-0.009720250964164734,-0.04473978653550148,0.03209014609456062
1696959044854800600,11.963800537109375,-0.019307348877191544,-0.007456631399691105,0.057655736804008484
1696959044864814000,11.97381396484375,-0.006524552125483751,0.04900071769952774,0.0555252730846405
1696959044874827800,11.983827880859375,-0.010785484686493874,-0.0106523297727108,0.044872939586639404
1696959044884841500,11.993841552734375,-0.018242115154862404,-0.04154408723115921,0.04913387447595596
1696959044894855000,12.00385498046875,-0.013981183059513569,0.0021304660476744175,0.06830807030200958
1696959044904868600,12.01386865234375,-0.004394086077809334,0.03089175745844841,0.06937330216169357
1696959044914882000,12.023882080078126,-0.012915950268507004,-0.05006595328450203,0.051264338195323944
1696959044924895700,12.033895751953125,-0.012915950268507004,-0.0426093190908432,0.08641702681779861
1696959044934909400,12.043909423828126,-0.008655018173158169,0.03621792420744896,0.07256899774074554
1696959044944923000,12.0539228515625,-0.006524552125483751,-0.04580501839518547,0.066177599132061
1696959044954936600,12.0639365234375,-0.013981183059513569,-0.0532616525888443,0.07256899774074554
1696959044964950000,12.073949951171874,-0.007589785382151604,0.0010652330238372087,0.08961272984743118
1696959044974963700,12.083963623046875,-0.006524552125483751,-0.01917419396340847,0.07256899774074554
1696959044984977400,12.093977294921874,-0.010785484686493874,-0.05006595328450203,0.08854749798774719
1696959044994990800,12.103990966796875,-0.012915950268507004,-0.007456631399691105,0.08428656309843063
1696959045005004500,12.114004638671876,-0.008655018173158169,-0.02663082629442215,0.08215609937906265
1696959045015018000,12.12401806640625,-0.011850717477500439,-0.05432688444852829,0.08322133123874664
1696959045025031700,12.13403173828125,-0.017176883295178413,-0.03302222490310669,0.08322133123874664
1696959045035045400,12.14404541015625,-0.011850717477500439,-0.04154408723115921,0.08535179495811462
1696959045045058800,12.154058837890625,-0.009720250964164734,-0.05965305119752884,0.08215609937906265
1696959045055072500,12.164072509765624,-0.019307348877191544,-0.07669677585363388,0.06830807030200958
1696959045065086000,12.1740859375,-0.019307348877191544,-0.01917419396340847,0.09387365728616714
1696959045075099600,12.184099609375,-0.016111649572849274,-0.05006595328450203,0.04913387447595596
1696959045085113300,12.19411328125,-0.020372580736875534,-0.09054480493068695,0.0778951644897461
1696959045095126800,12.204126708984376,-0.018242115154862404,-0.04900071769952774,0.048068638890981674
1696959045105140500,12.214140380859375,-0.011850717477500439,-0.0031956990715116262,0.07576470077037811
1696959045115154200,12.224154296875,-0.011850717477500439,-0.08308817446231842,0.026763979345560074
1696959045125167900,12.23416796875,-0.011850717477500439,-0.10332760214805603,0.050199106335639954
1696959045135181300,12.244181396484375,-0.0001331541279796511,-0.0053261648863554,0.04593817517161369
1696959045145195000,12.254195068359374,0.0009320789249613881,-0.02769605815410614,0.021437814459204674
1696959045155208700,12.264208740234375,0.0009320789249613881,-0.13315412402153015,0.027829213067889214
1696959045165222400,12.274222412109374,0.0030625448562204838,-0.009587096981704235,0.028894444927573204
1696959045175236000,12.284236083984375,0.011584409512579441,-0.012782796286046505,0.009720250964164734
1696959045185249500,12.29424951171875,0.007323476951569319,-0.07137060910463333,0.006524552125483751
1696959045195263200,12.30426318359375,0.008388710208237171,0.0031956990715116262,0.021437814459204674
1696959045205277000,12.31427685546875,0.012649642303586006,0.06924014538526535,-0.001997311832383275
1696959045215290600,12.32429052734375,0.013714875094592571,-0.05113118514418602,-0.001997311832383275
1696959045225304300,12.33430419921875,0.011584409512579441,-0.0106523297727108,0.0001331541279796511
1696959045235317800,12.34431787109375,0.014780107885599136,0.09267527610063553,0.00226362026296556
1696959045245331500,12.35433154296875,0.013714875094592571,-0.0010652330238372087,-0.014780107885599136
1696959045255345200,12.36434521484375,0.012649642303586006,0.02450035884976387,0.0033288532868027687
1696959045265358800,12.37435888671875,0.014780107885599136,0.04047885537147522,-0.024367205798625946
1696959045275372500,12.38437255859375,0.015845341607928276,0.06071828305721283,0.020372580736875534
1696959045285386000,12.394385986328125,0.013714875094592571,0.0063913981430232525,-0.022236740216612816
1696959045295399700,12.404399658203126,0.006258244160562754,-0.004260932095348835,0.005459319334477186
1696959045305413400,12.414413330078125,0.012649642303586006,0.08415340632200241,0.011850717477500439
1696959045315427000,12.424427001953125,0.014780107885599136,0.01704372838139534,-0.009453942999243736
1696959045325440800,12.434440673828124,-0.0011983871227130294,-0.01384802907705307,-0.0030625448562204838
1696959045335454200,12.4444541015625,-0.0001331541279796511,0.08095771074295044,0.020372580736875534
1696959045345468000,12.454468017578124,0.0030625448562204838,0.08628387749195099,-0.006258244160562754
1696959045355481600,12.464481689453125,-0.008655018173158169,0.0159784946590662,0.008655018173158169
1696959045365495300,12.474495361328126,-0.012915950268507004,0.07669677585363388,0.004394086077809334
1696959045375509000,12.484509033203125,-0.009720250964164734,0.11930610239505768,0.013981183059513569
1696959045385522400,12.4945224609375,-0.010785484686493874,0.01810896210372448,-0.0030625448562204838
1696959045395536100,12.5045361328125,-0.016111649572849274,0.07243584841489792,0.020372580736875534
1696959045405549800,12.5145498046875,-0.018242115154862404,0.1171756312251091,0.005459319334477186
1696959045415563500,12.5245634765625,-0.020372580736875534,0.0532616525888443,0.005459319334477186
1696959045425577200,12.5345771484375,-0.025698747485876083,0.06817491352558136,0.00226362026296556
1696959045435590700,12.544590576171874,-0.023568280041217804,0.1491326242685318,0.03209014609456062
1696959045445604400,12.554604248046875,-0.028894444927573204,0.11611039936542511,-0.011584409512579441
1696959045455618000,12.5646181640625,-0.03528584539890289,0.08734910935163498,0.018242115154862404
1696959045465631700,12.5746318359375,-0.031024912372231483,0.16511112451553345,0.020372580736875534
1696959045475645400,12.5846455078125,-0.029959678649902344,0.1608501821756363,-0.006258244160562754
1696959045485659000,12.594658935546875,-0.03848154470324516,0.08628387749195099,0.006524552125483751
1696959045495672600,12.604672607421875,-0.03209014609456062,0.07882724702358246,0.011850717477500439
1696959045505686300,12.614686279296874,-0.028894444927573204,0.1693720519542694,-0.0009320789249613881
1696959045515700000,12.624699951171875,-0.034220609813928604,0.1065233051776886,0.0033288532868027687
1696959045525713700,12.634713623046874,-0.034220609813928604,0.08841434121131897,0.019307348877191544
1696959045535727000,12.64472705078125,-0.03209014609456062,0.16617634892463684,-0.012649642303586006
1696959045545740800,12.65474072265625,-0.037416309118270874,0.12143656611442566,-0.0030625448562204838
1696959045555754500,12.66475439453125,-0.033155377954244614,0.08415340632200241,0.011850717477500439
1696959045565768000,12.674767822265625,-0.031024912372231483,0.14061075448989868,-0.015845341607928276
1696959045575781600,12.68478173828125,-0.037416309118270874,0.07669677585363388,-0.010519175790250301
1696959045585795300,12.69479541015625,-0.031024912372231483,0.07882724702358246,0.013981183059513569
1696959045595808800,12.704808837890624,-0.028894444927573204,0.14700216054916382,-0.029693370684981346
1696959045605822500,12.714822509765625,-0.033155377954244614,0.04367455467581749,-0.0009320789249613881
1696959045615836000,12.7248359375,-0.026763979345560074,0.06604444980621338,-0.005193010903894901
1696959045625849600,12.734849609375,-0.026763979345560074,0.13421936333179474,-0.031823836266994476
1696959045635863300,12.74486328125,-0.026763979345560074,0.08095771074295044,0.006524552125483751
1696959045645876700,12.754876708984375,-0.022503048181533813,0.08308817446231842,-0.023301972076296806
1696959045655890400,12.764890380859375,-0.026763979345560074,0.08308817446231842,-0.022236740216612816
1696959045665903900,12.77490380859375,-0.017176883295178413,0.04473978653550148,-0.0009320789249613881
1696959045675917600,12.78491748046875,-0.013981183059513569,0.08202294260263443,-0.031823836266994476
1696959045685931300,12.79493115234375,-0.024633513763546944,0.03941362351179123,-0.021171506494283676
1696959045695944700,12.80494482421875,-0.015046416781842709,0.02663082629442215,-0.0030625448562204838
1696959045705958400,12.81495849609375,-0.017176883295178413,0.13102366030216217,-0.043541401624679565
1696959045715971800,12.824971923828125,-0.015046416781842709,0.0021304660476744175,-0.001997311832383275
1696959045725985500,12.834985595703126,-0.013981183059513569,0.02769605815410614,-0.027562905102968216
1696959045735999200,12.844999267578125,-0.020372580736875534,0.10119713842868805,-0.028628136962652206
1696959045746012700,12.8550126953125,-0.009720250964164734,0.0063913981430232525,-0.015845341607928276
1696959045756026400,12.8650263671875,-0.015046416781842709,0.04367455467581749,-0.031823836266994476
1696959045766039800,12.875039794921875,-0.013981183059513569,0.01704372838139534,-0.022236740216612816
1696959045776053500,12.885053466796874,-0.009720250964164734,0.01704372838139534,-0.033954303711652756
1696959045786067200,12.895067138671875,-0.011850717477500439,0.02023942768573761,-0.022236740216612816
1696959045796080600,12.90508056640625,-0.005459319334477186,0.0021304660476744175,-0.033954303711652756
1696959045806094300,12.91509423828125,-0.012915950268507004,0.007456631399691105,-0.030758604407310486
1696959045816107800,12.925107666015625,-0.005459319334477186,-0.02343512699007988,-0.031823836266994476
1696959045826121500,12.93512158203125,-0.010785484686493874,0.05219641700387001,-0.038215234875679016
1696959045836135200,12.94513525390625,-0.010785484686493874,-0.02236989326775074,-0.03288906812667847
1696959045846148600,12.955148681640624,-0.009720250964164734,-0.01917419396340847,-0.033954303711652756
1696959045856162300,12.965162353515625,-0.013981183059513569,0.02023942768573761,-0.033954303711652756
1696959045866175700,12.97517578125,-0.008655018173158169,-0.0106523297727108,-0.017975807189941406
1696959045876189400,12.985189453125,-0.018242115154862404,0.0021304660476744175,-0.052063263952732086
1696959045886203100,12.995203125,-0.013981183059513569,-0.0031956990715116262,-0.006258244160562754
1696959045896216600,13.005216552734375,-0.020372580736875534,0.01171756349503994,-0.06271559745073318
1696959045906230300,13.015230224609375,-0.019307348877191544,-0.01491326279938221,-0.0030625448562204838
1696959045916243700,13.02524365234375,-0.018242115154862404,0.04687025398015976,-0.044606633484363556
1696959045926257400,13.03525732421875,-0.025698747485876083,-0.01171756349503994,-0.020106272771954536
1696959045936271000,13.04527099609375,-0.018242115154862404,-0.04047885537147522,-0.025432437658309937
1696959045946284500,13.055284423828125,-0.023568280041217804,0.07882724702358246,-0.027562905102968216
1696959045956298200,13.06529833984375,-0.019307348877191544,-0.02876129187643528,-0.015845341607928276
1696959045966311700,13.075311767578125,-0.024633513763546944,0.04367455467581749,-0.022236740216612816
1696959045976325400,13.085325439453126,-0.020372580736875534,0.0063913981430232525,-0.016910573467612267
1696959045986339000,13.095339111328125,-0.017176883295178413,0.0532616525888443,-0.0030625448562204838
1696959045996352500,13.1053525390625,-0.020372580736875534,-0.0159784946590662,-0.030758604407310486
1696959046006366200,13.1153662109375,-0.013981183059513569,0.03728315606713295,0.0033288532868027687
1696959046016379600,13.125379638671875,-0.018242115154862404,0.0106523297727108,-0.03928046673536301
1696959046026393300,13.135393310546876,-0.010785484686493874,-0.03941362351179123,0.017176883295178413
1696959046036407000,13.145406982421875,-0.017176883295178413,0.02663082629442215,-0.050998032093048096
1696959046046420500,13.15542041015625,-0.013981183059513569,-0.05219641700387001,0.020372580736875534
1696959046056434200,13.16543408203125,-0.017176883295178413,0.02450035884976387,-0.031823836266994476
1696959046066448000,13.17544775390625,-0.023568280041217804,-0.0031956990715116262,0.0001331541279796511
1696959046076461300,13.18546142578125,-0.021437814459204674,-0.02236989326775074,-0.009453942999243736
1696959046086475000,13.19547509765625,-0.031024912372231483,0.0532616525888443,0.0001331541279796511
1696959046096488700,13.20548876953125,-0.029959678649902344,0.0053261648863554,0.0001331541279796511
1696959046106502400,13.21550244140625,-0.037416309118270874,0.0639139786362648,0.0033288532868027687
1696959046116516600,13.2255166015625,-0.034220609813928604,0.03408745676279068,0.008655018173158169
1696959046126530800,13.23553076171875,-0.034220609813928604,0.07669677585363388,-0.009453942999243736
1696959046136544300,13.245544189453126,-0.03209014609456062,-0.01384802907705307,-0.004127778112888336
1696959046146558000,13.255557861328125,-0.024633513763546944,0.06071828305721283,0.0001331541279796511
1696959046156571400,13.2655712890625,-0.028894444927573204,-0.03728315606713295,-0.028628136962652206
1696959046166585000,13.275585205078125,-0.021437814459204674,0.0319569893181324,0.03209014609456062
1696959046176598800,13.285598876953125,-0.026763979345560074,0.09906667470932007,-0.029693370684981346
1696959046186612200,13.2956123046875,-0.019307348877191544,-0.0532616525888443,0.018242115154862404
1696959046196626000,13.3056259765625,-0.028894444927573204,0.09906667470932007,-0.015845341607928276
1696959046206639400,13.315639404296874,-0.023568280041217804,0.04900071769952774,-0.0009320789249613881
1696959046216653000,13.325653076171875,-0.024633513763546944,0.0532616525888443,-0.007323476951569319
1696959046226666800,13.335666748046876,-0.026763979345560074,0.02663082629442215,0.0011983871227130294
1696959046236680200,13.34568017578125,-0.020372580736875534,0.06710968166589737,0.024633513763546944
1696959046246694000,13.35569384765625,-0.025698747485876083,0.06178351491689682,-0.014780107885599136
1696959046256707300,13.365707275390625,-0.015046416781842709,-0.0021304660476744175,0.050199106335639954
1696959046266721000,13.375720947265625,-0.021437814459204674,0.05965305119752884,-0.011584409512579441
1696959046276734700,13.385734619140624,-0.013981183059513569,-0.02450035884976387,0.04913387447595596
1696959046286748200,13.395748046875,-0.019307348877191544,0.07030537724494934,0.004394086077809334
1696959046296761900,13.405761962890624,-0.017176883295178413,-0.01384802907705307,0.04274247586727142
1696959046306775300,13.415775390625,-0.016111649572849274,0.02663082629442215,0.020372580736875534
1696959046316789000,13.4257890625,-0.020372580736875534,0.04047885537147522,0.022503048181533813
1696959046326802700,13.435802734375,-0.010785484686493874,-0.05752258375287056,0.053394805639982224
1696959046336816000,13.445816162109375,-0.023568280041217804,0.07989247888326645,0.013981183059513569
1696959046346829800,13.455829833984374,-0.020372580736875534,0.01917419396340847,0.05659050494432449
1696959046356843300,13.46584326171875,-0.025698747485876083,0.0213046595454216,0.022503048181533813
1696959046366857500,13.475857421875,-0.022503048181533813,0.03089175745844841,0.044872939586639404
1696959046376871200,13.48587109375,-0.027829213067889214,0.07563154399394989,0.022503048181533813
1696959046386884900,13.495884765625,-0.027829213067889214,-0.01810896210372448,0.031024912372231483
1696959046396898300,13.505898193359375,-0.022503048181533813,0.06924014538526535,0.050199106335639954
1696959046406912000,13.515912109375,-0.027829213067889214,0.03089175745844841,0.008655018173158169
1696959046416925700,13.52592578125,-0.020372580736875534,0.01491326279938221,0.06511236727237701
1696959046426939100,13.535939208984376,-0.023568280041217804,0.0745663121342659,-0.009453942999243736
1696959046436952800,13.545952880859375,-0.015046416781842709,-0.06710968166589737,0.04913387447595596
1696959046446966300,13.55596630859375,-0.015046416781842709,0.02236989326775074,0.0033288532868027687
1696959046456980000,13.56597998046875,-0.013981183059513569,-0.06071828305721283,0.017176883295178413
1696959046466993700,13.57599365234375,-0.012915950268507004,-0.03515268862247467,0.018242115154862404
1696959046477007000,13.586007080078126,-0.016111649572849274,-0.02663082629442215,-0.0030625448562204838
1696959046487020800,13.596020751953125,-0.012915950268507004,-0.06710968166589737,0.011850717477500439
1696959046497034200,13.6060341796875,-0.020372580736875534,0.0021304660476744175,-0.012649642303586006
1696959046507048000,13.6160478515625,-0.016111649572849274,-0.10545806586742401,-0.0009320789249613881
1696959046517061600,13.6260615234375,-0.020372580736875534,0.007456631399691105,-0.0009320789249613881
1696959046527075000,13.636074951171874,-0.018242115154862404,-0.02876129187643528,-0.0030625448562204838
1696959046537088800,13.6460888671875,-0.024633513763546944,-0.03515268862247467,-0.004127778112888336
1696959046547102200,13.656102294921874,-0.022503048181533813,-0.00852186419069767,-0.011584409512579441
1696959046557116000,13.666115966796875,-0.017176883295178413,-0.03089175745844841,-0.013714875094592571
1696959046567129600,13.676129638671876,-0.021437814459204674,-0.05752258375287056,-0.025432437658309937
1696959046577143000,13.68614306640625,-0.015046416781842709,-0.03515268862247467,-0.0030625448562204838
1696959046587156700,13.69615673828125,-0.021437814459204674,-0.0031956990715116262,-0.033954303711652756
1696959046597170400,13.70617041015625,-0.016111649572849274,-0.04687025398015976,0.011850717477500439
1696959046607184000,13.716183837890625,-0.017176883295178413,0.03089175745844841,-0.031823836266994476
1696959046617197800,13.72619775390625,-0.016111649572849274,-0.07563154399394989,-0.022236740216612816
1696959046627211500,13.73621142578125,-0.011850717477500439,-0.0063913981430232525,-0.017975807189941406
1696959046637225500,13.7462255859375,-0.012915950268507004,0.0021304660476744175,-0.04993279650807381
1696959046647239000,13.756239013671875,-0.008655018173158169,-0.08947957307100296,-0.014780107885599136
1696959046657252600,13.766252685546876,-0.010785484686493874,0.0021304660476744175,-0.06484606117010117
1696959046667266300,13.776266357421875,-0.0011983871227130294,-0.05539211630821228,-0.020106272771954536
1696959046677279700,13.78627978515625,-0.005459319334477186,-0.09800143539905548,-0.06697652488946915
1696959046687293400,13.79629345703125,-0.0033288532868027687,-0.06071828305721283,-0.030758604407310486
1696959046697307000,13.806306884765625,0.001997311832383275,-0.06071828305721283,-0.061650361865758896
1696959046707320600,13.816320556640624,-0.0033288532868027687,-0.13102366030216217,-0.03928046673536301
1696959046717334300,13.826334228515625,0.0009320789249613881,-0.07243584841489792,-0.04993279650807381
1696959046727347700,13.83634765625,-0.005459319334477186,-0.03089175745844841,-0.054193731397390366
1696959046737361400,13.846361328125,-0.0001331541279796511,-0.2013290375471115,-0.047802332788705826
1696959046747374800,13.856374755859376,-0.006524552125483751,-0.0053261648863554,-0.041410934180021286
1696959046757388500,13.866388427734375,-0.004394086077809334,-0.09480573982000351,-0.061650361865758896
1696959046767402200,13.87640234375,-0.009720250964164734,-0.1267627328634262,-0.030758604407310486
1696959046777415700,13.886415771484375,-0.012915950268507004,-0.01704372838139534,-0.054193731397390366
1696959046787429400,13.896429443359375,-0.0033288532868027687,-0.10865376889705658,-0.042476166039705276
1696959046797442800,13.90644287109375,-0.012915950268507004,-0.11824086308479309,-0.03928046673536301
1696959046807456500,13.91645654296875,-0.005459319334477186,-0.08202294260263443,-0.03288906812667847
1696959046817470200,13.92647021484375,-0.011850717477500439,-0.05539211630821228,-0.040345702320337296
1696959046827483600,13.936483642578125,-0.0033288532868027687,-0.20026381313800812,-0.04673709720373154
1696959046837497300,13.946497314453126,-0.009720250964164734,-0.03089175745844841,-0.03608476743102074
1696959046847510800,13.9565107421875,-0.010785484686493874,-0.16191542148590088,-0.055258963257074356
1696959046857524500,13.9665244140625,-0.010785484686493874,-0.08841434121131897,-0.020106272771954536
1696959046867538200,13.9765380859375,-0.010785484686493874,-0.08947957307100296,-0.055258963257074356
1696959046877551600,13.986551513671875,-0.008655018173158169,-0.1374150663614273,-0.011584409512579441
1696959046887565300,13.9965654296875,-0.018242115154862404,0.0063913981430232525,-0.050998032093048096
1696959046897578800,14.006578857421875,-0.009720250964164734,-0.12569749355316162,-0.031823836266994476
1696959046907592400,14.016592529296876,-0.016111649572849274,-0.02236989326775074,-0.028628136962652206
1696959046917606100,14.026606201171875,-0.012915950268507004,-0.04047885537147522,-0.047802332788705826
1696959046927619600,14.03661962890625,-0.011850717477500439,-0.07882724702358246,-0.027562905102968216
1696959046937633300,14.04663330078125,-0.013981183059513569,-0.04047885537147522,-0.042476166039705276
1696959046947646700,14.056646728515625,-0.009720250964164734,-0.06284874677658081,-0.03928046673536301
1696959046957660400,14.066660400390624,-0.013981183059513569,-0.05965305119752884,-0.038215234875679016
1696959046967674000,14.076674072265625,-0.010785484686493874,-0.06710968166589737,-0.037150003015995026
1696959046977687600,14.0866875,-0.016111649572849274,-0.01917419396340847,-0.05312849581241608
1696959046987701200,14.096701171875,-0.012915950268507004,-0.02236989326775074,-0.029693370684981346
1696959046997714700,14.106714599609376,-0.015046416781842709,-0.03728315606713295,-0.055258963257074356
1696959047007728400,14.116728271484375,-0.012915950268507004,-0.02236989326775074,-0.022236740216612816
1696959047017742000,14.1267421875,-0.009720250964164734,-0.01704372838139534,-0.048867564648389816
1696959047027755500,14.136755615234375,-0.010785484686493874,-0.06497921794652939,-0.030758604407310486
1696959047037769200,14.146769287109375,-0.0033288532868027687,-0.03728315606713295,-0.042476166039705276
1696959047047783000,14.156782958984374,-0.012915950268507004,0.02023942768573761,-0.038215234875679016
1696959047057796600,14.166796630859375,-0.0033288532868027687,-0.01704372838139534,-0.0030625448562204838
1696959047067810300,14.176810302734374,-0.005459319334477186,0.06710968166589737,-0.038215234875679016
1696959047077823700,14.18682373046875,-0.0033288532868027687,0.02769605815410614,-0.019041040912270546
1696959047087837400,14.19683740234375,-0.0033288532868027687,0.004260932095348835,-0.03288906812667847
1696959047097851100,14.20685107421875,-0.0011983871227130294,0.05645735189318657,-0.022236740216612816
1696959047107864800,14.21686474609375,-0.0011983871227130294,0.04367455467581749,-0.033954303711652756
1696959047117878500,14.22687841796875,-0.008655018173158169,0.09480573982000351,-0.021171506494283676
1696959047127892000,14.23689208984375,0.001997311832383275,0.0958709716796875,-0.012649642303586006
1696959047137905700,14.24690576171875,-0.0033288532868027687,0.09480573982000351,-0.026497671380639076
1696959047147919400,14.25691943359375,0.0030625448562204838,0.012782796286046505,-0.007323476951569319
1696959047157933000,14.26693310546875,-0.00226362026296556,0.1288931965827942,-0.031823836266994476
1696959047167946800,14.27694677734375,-0.0011983871227130294,0.0639139786362648,-0.016910573467612267
1696959047177960200,14.286960205078126,0.001997311832383275,0.06604444980621338,-0.009453942999243736
1696959047187974000,14.296973876953125,-0.005459319334477186,0.1288931965827942,-0.022236740216612816
1696959047197987600,14.306987548828126,-0.0001331541279796511,0.08202294260263443,0.011850717477500439
1696959047208001300,14.317001220703125,-0.005459319334477186,0.13528458774089813,-0.020106272771954536
1696959047218015000,14.327014892578125,0.001997311832383275,0.06924014538526535,0.022503048181533813
1696959047228028400,14.3370283203125,-0.0033288532868027687,0.14274121820926666,-0.010519175790250301
1696959047238042000,14.3470419921875,-0.0033288532868027687,0.07989247888326645,0.009720250964164734
1696959047248055800,14.357055908203124,0.0009320789249613881,0.10439283400774002,0.016111649572849274
1696959047258069500,14.367069580078125,-0.005459319334477186,0.13528458774089813,-0.008388710208237171
1696959047268083200,14.377083251953126,0.0030625448562204838,0.04900071769952774,0.027829213067889214
1696959047278096600,14.3870966796875,-0.006524552125483751,0.13634982705116272,0.007589785382151604
1696959047288110300,14.3971103515625,0.001997311832383275,0.06710968166589737,0.027829213067889214
1696959047298124000,14.4071240234375,-0.0033288532868027687,0.1065233051776886,0.013981183059513569
1696959047308137700,14.4171376953125,-0.0033288532868027687,0.07137060910463333,0.012915950268507004
1696959047318151400,14.4271513671875,0.0009320789249613881,0.11184946447610855,0.031024912372231483
1696959047328164900,14.437164794921875,-0.005459319334477186,0.05858781561255455,-0.004127778112888336
1696959047338178600,14.447178466796874,0.001997311832383275,0.05752258375287056,0.054460037499666214
1696959047348192300,14.457192138671875,-0.0033288532868027687,0.10865376889705658,-0.009453942999243736
1696959047358206000,14.4672060546875,-0.004394086077809334,0.05539211630821228,0.060851436108350754
1696959047368219600,14.4772197265625,-0.0011983871227130294,0.11291470378637314,0.011850717477500439
1696959047378233300,14.4872333984375,-0.005459319334477186,0.06604444980621338,0.03954677656292915
1696959047388246800,14.497246826171875,-0.0033288532868027687,0.02769605815410614,0.024633513763546944
1696959047398260500,14.507260498046875,-0.005459319334477186,0.12463226169347763,0.024633513763546944
1696959047408274200,14.517274169921874,-0.0001331541279796511,0.04473978653550148,0.036351077258586884
1696959047418287900,14.527287841796875,-0.005459319334477186,0.03089175745844841,0.018242115154862404
1696959047428301600,14.537301513671874,-0.012915950268507004,0.09800143539905548,0.033155377954244614
1696959047438315000,14.54731494140625,-0.00226362026296556,0.12037133425474167,0.03848154470324516
1696959047448328700,14.55732861328125,-0.0033288532868027687,0.07030537724494934,0.023568280041217804
1696959047458342400,14.56734228515625,-0.0033288532868027687,0.05539211630821228,0.034220609813928604
1696959047468356000,14.577356201171876,0.001997311832383275,0.09906667470932007,0.015046416781842709
1696959047478369800,14.587369873046875,0.005193010903894901,0.07882724702358246,0.043807707726955414
1696959047488383200,14.59738330078125,0.008388710208237171,0.04047885537147522,0.013981183059513569
1696959047498397000,14.60739697265625,0.0009320789249613881,0.1501978635787964,0.028894444927573204
1696959047508410600,14.61741064453125,0.012649642303586006,0.07776200771331787,0.024633513763546944
1696959047518424300,14.62742431640625,0.017975807189941406,0.07989247888326645,0.017176883295178413
1696959047528438000,14.63743798828125,0.015845341607928276,0.15232832729816437,0.018242115154862404
1696959047538451500,14.647451416015626,0.022236740216612816,0.04793548583984375,0.028894444927573204
1696959047548465200,14.657465087890625,0.024367205798625946,0.11078423261642456,0.004394086077809334
1696959047558478800,14.667478759765626,0.028628136962652206,0.1587197184562683,0.034220609813928604
1696959047568492500,14.677492431640625,0.03288906812667847,0.03408745676279068,-0.0009320789249613881
1696959047578506200,14.68750634765625,0.027562905102968216,0.07669677585363388,0.026763979345560074
1696959047588519700,14.697519775390624,0.029693370684981346,0.17469821870326996,0.0033288532868027687
1696959047598533400,14.707533447265625,0.028628136962652206,0.07882724702358246,0.009720250964164734
1696959047608547000,14.717547119140624,0.027562905102968216,0.02343512699007988,0.012915950268507004
1696959047618560800,14.727560791015625,0.028628136962652206,0.11291470378637314,0.007589785382151604
1696959047628574500,14.737574462890626,0.022236740216612816,0.15232832729816437,0.03954677656292915
1696959047638588000,14.747587890625,0.023301972076296806,0.03515268862247467,0.022503048181533813
1696959047648601600,14.7576015625,0.017975807189941406,0.07030537724494934,0.018242115154862404
1696959047658615300,14.767615234375,0.013714875094592571,0.1491326242685318,0.020372580736875534
1696959047668629000,14.77762890625,0.015845341607928276,0.09480573982000351,0.04274247586727142
1696959047678642400,14.787642333984374,0.0009320789249613881,0.07563154399394989,-0.006258244160562754
1696959047688656100,14.79765625,0.001997311832383275,0.05432688444852829,0.07150376588106155
1696959047698669600,14.807669677734374,-0.0011983871227130294,0.14061075448989868,0.0001331541279796511
1696959047708683300,14.817683349609375,-0.006524552125483751,0.13315412402153015,0.066177599132061
1696959047718697000,14.827697021484376,-0.007589785382151604,0.07882724702358246,0.012915950268507004
1696959047728710400,14.83771044921875,-0.013981183059513569,0.11824086308479309,0.036351077258586884
1696959047738724000,14.84772412109375,-0.013981183059513569,0.1065233051776886,0.010785484686493874
1696959047748737500,14.857737548828124,-0.009720250964164734,0.12463226169347763,0.040612008422613144
1696959047758751200,14.867751220703125,-0.019307348877191544,0.11611039936542511,0.006524552125483751
1696959047768765000,14.877764892578124,-0.018242115154862404,0.07137060910463333,0.03528584539890289
1696959047778778400,14.8877783203125,-0.019307348877191544,0.1171756312251091,0.010785484686493874
1696959047788792000,14.8977919921875,-0.020372580736875534,0.09054480493068695,0.004394086077809334
1696959047798805500,14.907805419921875,-0.015046416781842709,0.05113118514418602,0.007589785382151604
1696959047808819200,14.917819091796876,-0.017176883295178413,0.06817491352558136,-0.019041040912270546
1696959047818833000,14.9278330078125,-0.013981183059513569,0.03728315606713295,0.005459319334477186
1696959047828846300,14.937846435546875,-0.010785484686493874,0.06497921794652939,-0.015845341607928276
1696959047838860000,14.947860107421874,-0.017176883295178413,0.009587096981704235,-0.027562905102968216
1696959047848873500,14.95787353515625,-0.009720250964164734,0.07030537724494934,0.012915950268507004
1696959047858887200,14.96788720703125,-0.0033288532868027687,0.06497921794652939,-0.057389430701732635
1696959047868900900,14.97790087890625,-0.009720250964164734,-0.06710968166589737,-0.014780107885599136
1696959047878914300,14.987914306640626,-0.005459319334477186,0.12995843589305878,-0.03288906812667847
1696959047888928000,14.997927978515625,-0.0033288532868027687,0.10545806586742401,-0.040345702320337296
1696959047898941400,15.00794140625,-0.0011983871227130294,-0.07989247888326645,-0.033954303711652756
1696959047908955100,15.017955078125,-0.0011983871227130294,0.08734910935163498,-0.03288906812667847
1696959047918968800,15.02796875,0.0030625448562204838,0.08841434121131897,-0.06484606117010117
1696959047928982300,15.037982177734374,0.007323476951569319,-0.02343512699007988,-0.007323476951569319
1696959047938996000,15.047995849609375,0.005193010903894901,0.07243584841489792,-0.07869409024715424
1696959047949009400,15.058009521484376,0.012649642303586006,0.0213046595454216,-0.026497671380639076
1696959047959023000,15.068023193359375,0.024367205798625946,-0.01171756349503994,-0.058454662561416626
1696959047969036800,15.078036865234376,0.015845341607928276,0.02343512699007988,-0.05312849581241608
1696959047979050200,15.08805029296875,0.017975807189941406,-0.0426093190908432,-0.03928046673536301
1696959047989064000,15.09806396484375,0.023301972076296806,0.04687025398015976,-0.041410934180021286
1696959047999077400,15.108077392578124,0.017975807189941406,-0.0319569893181324,-0.043541401624679565
1696959048009091000,15.118091064453125,0.017975807189941406,0.03515268862247467,-0.012649642303586006
1696959048019104800,15.128104736328124,0.012649642303586006,0.10865376889705658,-0.055258963257074356
1696959048029118200,15.1381181640625,0.009453942999243736,-0.009587096981704235,-0.024367205798625946
1696959048039132000,15.1481318359375,0.011584409512579441,0.04047885537147522,-0.030758604407310486
1696959048049145300,15.158145263671875,0.006258244160562754,0.13102366030216217,-0.033954303711652756
1696959048059159000,15.168158935546876,0.0030625448562204838,0.01810896210372448,-0.023301972076296806
1696959048069172700,15.1781728515625,0.006258244160562754,0.01491326279938221,-0.015845341607928276
1696959048079186200,15.188186279296875,-0.0011983871227130294,0.04047885537147522,-0.04993279650807381
1696959048089199900,15.198199951171874,0.0009320789249613881,0.02876129187643528,0.00226362026296556
1696959048099213600,15.208213623046875,-0.004394086077809334,0.06710968166589737,-0.05312849581241608
1696959048109227300,15.218227294921874,-0.011850717477500439,-0.009587096981704235,-0.017975807189941406
1696959048119240700,15.22824072265625,-0.009720250964164734,0.03515268862247467,-0.03288906812667847
1696959048129254400,15.23825439453125,-0.010785484686493874,0.06497921794652939,-0.037150003015995026
1696959048139268000,15.24826806640625,-0.010785484686493874,-0.04473978653550148,-0.033954303711652756
1696959048149281800,15.25828173828125,-0.010785484686493874,0.0031956990715116262,-0.029693370684981346
1696959048159295500,15.26829541015625,-0.011850717477500439,-0.04367455467581749,-0.045671865344047546
1696959048169309000,15.278308837890625,-0.012915950268507004,-0.03834838792681694,-0.014780107885599136
1696959048179322600,15.288322509765624,-0.011850717477500439,0.007456631399691105,-0.037150003015995026
1696959048189336300,15.29833642578125,-0.017176883295178413,-0.04154408723115921,-0.026497671380639076
1696959048199350000,15.30835009765625,-0.016111649572849274,-0.04900071769952774,-0.026497671380639076
1696959048209363700,15.31836376953125,-0.010785484686493874,-0.06604444980621338,-0.031823836266994476
1696959048219377400,15.32837744140625,-0.020372580736875534,-0.03408745676279068,-0.023301972076296806
1696959048229390800,15.338390869140625,-0.015046416781842709,-0.09906667470932007,-0.011584409512579441
1696959048239404500,15.348404541015626,-0.013981183059513569,-0.05432688444852829,-0.022236740216612816
1696959048249418200,15.358418212890625,-0.017176883295178413,-0.04367455467581749,-0.001997311832383275
1696959048259432000,15.368431884765625,-0.008655018173158169,-0.11504516750574112,-0.006258244160562754
1696959048269445600,15.378445556640624,-0.010785484686493874,-0.06071828305721283,-0.023301972076296806
1696959048279459000,15.388458984375,-0.007589785382151604,-0.05645735189318657,0.015046416781842709
1696959048289472800,15.39847265625,0.001997311832383275,-0.1288931965827942,-0.017975807189941406
1696959048299486500,15.408486572265625,-0.0011983871227130294,-0.07350108027458191,-0.0030625448562204838
1696959048309500200,15.418500244140626,0.004127778112888336,-0.03621792420744896,0.005459319334477186
1696959048319513900,15.428513916015625,0.013714875094592571,-0.14061075448989868,-0.014780107885599136
1696959048329527300,15.43852734375,0.013714875094592571,-0.09800143539905548,0.0011983871227130294
1696959048339541000,15.448541015625,0.019041040912270546,-0.09054480493068695,0.0011983871227130294
1696959048349554700,15.4585546875,0.026497671380639076,-0.15765449404716492,-0.005193010903894901
1696959048359568400,15.468568359375,0.020106272771954536,-0.10545806586742401,-0.001997311832383275
1696959048369582000,15.47858203125,0.026497671380639076,-0.1288931965827942,0.011850717477500439
1696959048379595500,15.488595458984374,0.027562905102968216,-0.16724158823490143,-0.005193010903894901
1696959048389609200,15.498609130859375,0.020106272771954536,-0.08415340632200241,0.017176883295178413
1696959048399623000,15.508622802734376,0.028628136962652206,-0.10119713842868805,0.026763979345560074
1696959048409636600,15.51863671875,0.026497671380639076,-0.10226237028837204,0.026763979345560074
1696959048419650300,15.528650390625,0.017975807189941406,-0.0639139786362648,0.018242115154862404
1696959048429663700,15.538663818359375,0.024367205798625946,-0.09267527610063553,0.057655736804008484
1696959048439677400,15.548677490234375,0.027562905102968216,-0.08734910935163498,0.0001331541279796511
1696959048449691100,15.558691162109374,0.016910573467612267,-0.07563154399394989,0.04593817517161369
1696959048459704800,15.568704833984375,0.019041040912270546,-0.12037133425474167,0.03209014609456062
1696959048469718500,15.578718505859374,0.016910573467612267,-0.07563154399394989,0.037416309118270874
1696959048479732000,15.58873193359375,0.013714875094592571,-0.06071828305721283,0.029959678649902344
1696959048489745700,15.59874560546875,0.010519175790250301,-0.1395455300807953,0.03848154470324516
1696959048499759400,15.60875927734375,0.007323476951569319,-0.07989247888326645,0.022503048181533813
1696959048509773000,15.61877294921875,-0.00226362026296556,-0.05219641700387001,0.020372580736875534
1696959048519786800,15.628786865234375,-0.0011983871227130294,-0.09054480493068695,0.034220609813928604
1696959048529800200,15.63880029296875,-0.00226362026296556,-0.10332760214805603,0.011850717477500439
1696959048539814000,15.64881396484375,-0.007589785382151604,-0.06924014538526535,0.013981183059513569
1696959048549827600,15.65882763671875,-0.009720250964164734,-0.05113118514418602,0.022503048181533813
1696959048559841300,15.66884130859375,-0.010785484686493874,-0.06497921794652939,0.011850717477500439
1696959048569855000,15.67885498046875,-0.010785484686493874,-0.05539211630821228,0.015046416781842709
1696959048579868400,15.688868408203126,-0.011850717477500439,-0.05858781561255455,0.006524552125483751
1696959048589882000,15.698882080078125,-0.010785484686493874,-0.05645735189318657,0.027829213067889214
1696959048599895800,15.708895751953126,-0.012915950268507004,-0.02450035884976387,0.004394086077809334
1696959048609909500,15.718909423828125,-0.018242115154862404,-0.07776200771331787,0.016111649572849274
1696959048619923200,15.728923095703125,-0.015046416781842709,-0.02663082629442215,0.016111649572849274
1696959048629936600,15.7389365234375,-0.010785484686493874,-0.0010652330238372087,0.011850717477500439
1696959048639950300,15.748950439453125,-0.015046416781842709,-0.05539211630821228,0.0001331541279796511
1696959048649964000,15.758964111328124,-0.019307348877191544,-0.0532616525888443,-0.0009320789249613881
1696959048659977700,15.768977783203125,-0.008655018173158169,0.0010652330238372087,0.022503048181533813
1696959048669991400,15.778991455078126,-0.008655018173158169,-0.06710968166589737,-0.0030625448562204838
1696959048680005000,15.789005126953125,-0.015046416781842709,-0.09267527610063553,-0.001997311832383275
1696959048690018600,15.7990185546875,-0.008655018173158169,-0.0010652330238372087,0.023568280041217804
1696959048700032300,15.8090322265625,0.0009320789249613881,-0.03728315606713295,-0.005193010903894901
1696959048710046000,15.8190458984375,-0.007589785382151604,-0.12143656611442566,-0.004127778112888336
1696959048720059600,15.8290595703125,-0.005459319334477186,-0.02876129187643528,0.009720250964164734
1696959048730073300,15.8390732421875,0.001997311832383275,0.02556559257209301,-0.0030625448562204838
1696959048740086800,15.849086669921874,-0.004394086077809334,-0.13634982705116272,-0.007323476951569319
1696959048750100500,15.8591005859375,-0.006524552125483751,-0.0031956990715116262,0.013981183059513569
1696959048760114200,15.8691142578125,-0.0033288532868027687,0.02556559257209301,-0.011584409512579441
1696959048770128000,15.8791279296875,-0.00226362026296556,-0.08095771074295044,0.025698747485876083
1696959048780141600,15.8891416015625,-0.007589785382151604,-0.02343512699007988,-0.004127778112888336
1696959048790155000,15.899155029296875,-0.008655018173158169,0.0021304660476744175,0.017176883295178413
1696959048800168700,15.909168701171875,-0.006524552125483751,-0.06178351491689682,0.024633513763546944
1696959048810182400,15.919182373046874,-0.008655018173158169,-0.02343512699007988,0.008655018173158169
1696959048820196000,15.929196044921875,-0.017176883295178413,-0.04367455467581749,0.0033288532868027687
1696959048830209800,15.939209716796874,-0.015046416781842709,-0.04687025398015976,0.041677240282297134
1696959048840223200,15.94922314453125,-0.015046416781842709,0.07563154399394989,0.012915950268507004
1696959048850237000,15.95923681640625,-0.019307348877191544,-0.10545806586742401,0.012915950268507004
1696959048860250600,15.969250732421875,-0.019307348877191544,-0.02663082629442215,0.047003407031297684
1696959048870264300,15.979264404296876,-0.015046416781842709,0.11397993564605713,0.00226362026296556
1696959048880278000,15.989278076171875,-0.015046416781842709,-0.10013190656900406,0.027829213067889214
1696959048890291500,15.99929150390625,-0.017176883295178413,-0.11397993564605713,0.031024912372231483
1696959048900305200,16.00930517578125,-0.012915950268507004,0.07776200771331787,0.018242115154862404
1696959048910318800,16.01931884765625,-0.007589785382151604,-0.0106523297727108,0.028894444927573204
1696959048920332500,16.02933251953125,-0.008655018173158169,-0.16404588520526886,0.021437814459204674
1696959048930346200,16.03934619140625,-0.009720250964164734,0.0426093190908432,0.036351077258586884
1696959048940359700,16.049359619140624,-0.004394086077809334,0.00852186419069767,0.009720250964164734
1696959048950373400,16.059373291015625,-0.0011983871227130294,-0.11184946447610855,0.037416309118270874
1696959048960387000,16.069386962890626,-0.006524552125483751,-0.01384802907705307,0.009720250964164734
1696959048970400800,16.07940087890625,-0.004394086077809334,-0.0106523297727108,0.034220609813928604
1696959048980414500,16.08941455078125,0.0030625448562204838,-0.06284874677658081,0.019307348877191544
1696959048990428000,16.099427978515624,-0.0033288532868027687,-0.05006595328450203,0.017176883295178413
1696959049000441600,16.109441650390625,-0.007589785382151604,-0.03515268862247467,0.024633513763546944
1696959049010455300,16.119455322265626,-0.00226362026296556,-0.0021304660476744175,0.027829213067889214
1696959049020469000,16.129468994140623,-0.00226362026296556,-0.02556559257209301,0.017176883295178413
1696959049030482700,16.139482666015624,-0.007589785382151604,-0.05219641700387001,0.020372580736875534
1696959049040496000,16.14949609375,-0.006524552125483751,0.03621792420744896,0.03209014609456062
1696959049050509800,16.159509765625,-0.004394086077809334,0.04047885537147522,0.020372580736875534
1696959049060523500,16.1695234375,-0.007589785382151604,-0.05965305119752884,0.010785484686493874
1696959049070537200,16.179537109375,-0.006524552125483751,0.01704372838139534,0.033155377954244614
1696959049080551000,16.189551025390625,0.001997311832383275,0.04473978653550148,0.015046416781842709
1696959049090564400,16.199564453125,0.0009320789249613881,-0.05219641700387001,0.015046416781842709
1696959049100578000,16.209578125,-0.0001331541279796511,-0.06924014538526535,0.007589785382151604
1696959049110591700,16.219591796875,-0.0001331541279796511,0.012782796286046505,0.007589785382151604
1696959049120605400,16.22960546875,0.005193010903894901,-0.01917419396340847,0.007589785382151604
1696959049130619100,16.239619140625,0.0030625448562204838,-0.04687025398015976,-0.004127778112888336
1696959049140632600,16.249632568359374,-0.004394086077809334,-0.02556559257209301,-0.0009320789249613881
1696959049150646300,16.259646240234375,-0.0033288532868027687,0.0063913981430232525,0.011850717477500439
1696959049160660000,16.269659912109375,0.0009320789249613881,-0.004260932095348835,-0.008388710208237171
1696959049170673700,16.279673583984376,-0.008655018173158169,-0.04793548583984375,-0.011584409512579441
1696959049180687400,16.289687255859373,-0.013981183059513569,0.004260932095348835,0.00226362026296556
1696959049190701000,16.299701171875,-0.012915950268507004,0.06924014538526535,-0.008388710208237171
1696959049200714500,16.309714599609375,-0.019307348877191544,-0.02556559257209301,-0.023301972076296806
1696959049210728200,16.319728271484376,-0.022503048181533813,-0.06071828305721283,-0.016910573467612267
1696959049220742000,16.329741943359377,-0.024633513763546944,0.08202294260263443,-0.011584409512579441
1696959049230755600,16.339755615234374,-0.025698747485876083,0.0031956990715116262,-0.028628136962652206
1696959049240769300,16.349769287109375,-0.029959678649902344,-0.06497921794652939,-0.015845341607928276
1696959049250782700,16.35978271484375,-0.031024912372231483,0.01810896210372448,-0.029693370684981346
1696959049260796400,16.36979638671875,-0.031024912372231483,0.03515268862247467,-0.011584409512579441
1696959049270810000,16.37981005859375,-0.027829213067889214,-0.03941362351179123,-0.017975807189941406
1696959049280823800,16.38982373046875,-0.034220609813928604,-0.0319569893181324,-0.030758604407310486
1696959049290837500,16.39983740234375,-0.031024912372231483,0.01810896210372448,0.006524552125483751
1696959049300851000,16.409850830078124,-0.020372580736875534,-0.03302222490310669,-0.020106272771954536
1696959049310864600,16.41986474609375,-0.026763979345560074,-0.03941362351179123,-0.0009320789249613881
1696959049320878300,16.42987841796875,-0.03209014609456062,0.02236989326775074,-0.020106272771954536
1696959049330892000,16.43989208984375,-0.018242115154862404,-0.012782796286046505,0.016111649572849274
1696959049340905700,16.44990576171875,-0.016111649572849274,0.0063913981430232525,-0.013714875094592571
1696959049350919200,16.459919189453124,-0.022503048181533813,-0.02769605815410614,-0.009453942999243736
1696959049360932900,16.469932861328125,-0.018242115154862404,0.0106523297727108,0.022503048181533813
1696959049370946600,16.479946533203126,-0.007589785382151604,0.03941362351179123,-0.001997311832383275
1696959049380960300,16.489960205078123,-0.010785484686493874,-0.04793548583984375,0.0001331541279796511
1696959049390974000,16.499973876953124,-0.012915950268507004,-0.02343512699007988,0.011850717477500439
1696959049400987400,16.5099873046875,-0.0033288532868027687,0.05752258375287056,0.009720250964164734
1696959049411001000,16.5200009765625,-0.0001331541279796511,-0.03408745676279068,0.0011983871227130294
1696959049421014800,16.530014892578127,-0.00226362026296556,-0.06178351491689682,0.00226362026296556
1696959049431028500,16.540028564453124,-0.0011983871227130294,0.04154408723115921,0.006524552125483751
1696959049441042200,16.550042236328125,0.005193010903894901,0.0159784946590662,0.0033288532868027687
1696959049451055600,16.5600556640625,0.005193010903894901,-0.04047885537147522,-0.004127778112888336
1696959049461069300,16.5700693359375,0.004127778112888336,0.0031956990715116262,0.0011983871227130294
1696959049471083000,16.5800830078125,0.009453942999243736,0.04473978653550148,0.016111649572849274
1696959049481096700,16.5900966796875,0.009453942999243736,-0.01704372838139534,-0.010519175790250301
1696959049491110400,16.6001103515625,0.006258244160562754,0.02450035884976387,0.008655018173158169
1696959049501123800,16.610123779296874,0.005193010903894901,0.0532616525888443,-0.005193010903894901
1696959049511137500,16.620137451171875,0.009453942999243736,0.07030537724494934,0.022503048181533813
1696959049521151200,16.630151123046875,0.006258244160562754,0.05113118514418602,-0.015845341607928276
1696959049531165000,16.6401650390625,0.001997311832383275,0.03302222490310669,0.009720250964164734
1696959049541178600,16.6501787109375,0.007323476951569319,0.12356702983379364,0.020372580736875534
1696959049551192000,16.660192138671874,0.009453942999243736,0.04900071769952774,-0.015845341607928276
1696959049561205800,16.670205810546875,-0.0001331541279796511,0.007456631399691105,-0.0009320789249613881
1696959049571219500,16.680219482421876,-0.0001331541279796511,0.07989247888326645,0.006524552125483751
1696959049581233200,16.690233154296877,0.007323476951569319,0.06284874677658081,0.007589785382151604
1696959049591246800,16.700246826171874,-0.0011983871227130294,-0.0010652330238372087,-0.015845341607928276
1696959049601260300,16.71026025390625,-0.012915950268507004,0.03515268862247467,0.0033288532868027687
1696959049611274000,16.72027392578125,-0.006524552125483751,0.10758853703737259,0.018242115154862404
1696959049621287700,16.73028759765625,-0.010785484686493874,0.04154408723115921,-0.012649642303586006
1696959049631301400,16.74030126953125,-0.026763979345560074,0.0213046595454216,-0.0009320789249613881
1696959049641315000,16.750315185546874,-0.027829213067889214,0.13421936333179474,0.024633513763546944
1696959049651328500,16.76032861328125,-0.023568280041217804,0.08841434121131897,0.0033288532868027687
1696959049661342200,16.77034228515625,-0.036351077258586884,0.03941362351179123,-0.004127778112888336
1696959049671356000,16.78035595703125,-0.04274247586727142,0.10865376889705658,0.020372580736875534
1696959049681369600,16.79036962890625,-0.034220609813928604,0.12463226169347763,0.011850717477500439
1696959049691383300,16.80038330078125,-0.040612008422613144,0.04367455467581749,-0.014780107885599136
1696959049701397000,16.81039697265625,-0.048068638890981674,0.03515268862247467,0.019307348877191544
1696959049711410400,16.820410400390625,-0.040612008422613144,0.12143656611442566,0.016111649572849274
1696959049721424100,16.830424072265625,-0.044872939586639404,0.04154408723115921,-0.020106272771954536
1696959049731437800,16.840437744140626,-0.04913387447595596,0.01917419396340847,0.03528584539890289
1696959049741451500,16.850451416015623,-0.03848154470324516,0.09374050796031952,0.013981183059513569
1696959049751465200,16.86046533203125,-0.043807707726955414,0.01491326279938221,-0.009453942999243736
1696959049761478700,16.870478759765625,-0.04913387447595596,-0.007456631399691105,0.03209014609456062
1696959049771492400,16.880492431640626,-0.036351077258586884,0.05965305119752884,0.018242115154862404
1696959049781506000,16.890506103515627,-0.040612008422613144,0.009587096981704235,-0.0009320789249613881
1696959049791519700,16.900519775390624,-0.04913387447595596,-0.009587096981704235,0.025698747485876083
1696959049801533400,16.910533447265625,-0.03954677656292915,0.07989247888326645,0.020372580736875534
1696959049811547000,16.920546875,-0.04274247586727142,0.08202294260263443,-0.001997311832383275
1696959049821560600,16.930560546875,-0.03848154470324516,-0.01810896210372448,0.026763979345560074
1696959049831574300,16.94057421875,-0.03528584539890289,0.08841434121131897,-0.006258244160562754
1696959049841588000,16.950587890625,-0.033155377954244614,0.07563154399394989,0.027829213067889214
1696959049851601700,16.9606015625,-0.025698747485876083,0.02663082629442215,0.010785484686493874
1696959049861615000,16.970614990234374,-0.025698747485876083,0.10758853703737259,0.015046416781842709
1696959049871628800,16.98062890625,-0.013981183059513569,0.0426093190908432,0.017176883295178413
1696959049881642500,16.990642578125,-0.009720250964164734,0.06817491352558136,0.007589785382151604
1696959049891656200,17.00065625,-0.005459319334477186,0.03941362351179123,0.009720250964164734
1696959049901670000,17.010669921875,0.0030625448562204838,0.0319569893181324,0.013981183059513569
1696959049911683300,17.020683349609374,0.0030625448562204838,0.02876129187643528,-0.0030625448562204838
1696959049921697000,17.030697021484375,0.010519175790250301,0.05539211630821228,0.031024912372231483
1696959049931710700,17.040710693359376,0.007323476951569319,0.08202294260263443,-0.0030625448562204838
1696959049941724400,17.050724365234377,0.012649642303586006,0.04154408723115921,0.03209014609456062
1696959049951738000,17.060738037109374,0.008388710208237171,0.11824086308479309,-0.008388710208237171
1696959049961751600,17.07075146484375,0.011584409512579441,0.06497921794652939,0.028894444927573204
1696959049971765200,17.08076513671875,0.008388710208237171,0.12463226169347763,0.0033288532868027687
1696959049981779000,17.090779052734376,0.005193010903894901,0.12356702983379364,0.010785484686493874
1696959049991792600,17.100792724609374,0.008388710208237171,0.0958709716796875,0.013981183059513569
1696959050001806300,17.110806396484374,0.001997311832383275,0.12356702983379364,-0.004127778112888336
1696959050011819800,17.12081982421875,0.005193010903894901,0.09161003679037094,0.006524552125483751
1696959050021833500,17.13083349609375,-0.0033288532868027687,0.11291470378637314,-0.013714875094592571
1696959050031847200,17.14084716796875,-0.0033288532868027687,0.04793548583984375,0.0011983871227130294
1696959050041860900,17.15086083984375,-0.012915950268507004,0.14061075448989868,-0.011584409512579441
1696959050051874600,17.16087451171875,-0.015046416781842709,0.0532616525888443,-0.004127778112888336
1696959050061888000,17.170887939453124,-0.025698747485876083,0.1065233051776886,-0.014780107885599136
1696959050071901700,17.180901611328125,-0.031024912372231483,0.09374050796031952,-0.012649642303586006
1696959050081915400,17.190915283203125,-0.036351077258586884,0.10226237028837204,-0.006258244160562754
1696959050091929000,17.20092919921875,-0.04274247586727142,0.06284874677658081,-0.017975807189941406
1696959050101942800,17.21094287109375,-0.048068638890981674,0.06710968166589737,0.00226362026296556
1696959050111956200,17.220956298828124,-0.05659050494432449,0.13421936333179474,-0.020106272771954536
1696959050121970000,17.230969970703125,-0.053394805639982224,0.012782796286046505,-0.005193010903894901
1696959050131983600,17.240983642578126,-0.06298190355300903,0.04793548583984375,-0.010519175790250301
1696959050141997300,17.250997314453127,-0.058720968663692474,0.06071828305721283,-0.016910573467612267
1696959050152011000,17.261010986328124,-0.06511236727237701,0.05432688444852829,-0.013714875094592571
1696959050162024400,17.2710244140625,-0.057655736804008484,-0.01704372838139534,-0.004127778112888336
1696959050172038100,17.2810380859375,-0.060851436108350754,0.04687025398015976,-0.021171506494283676
1696959050182051800,17.2910517578125,-0.054460037499666214,-0.06710968166589737,-0.012649642303586006
1696959050192065500,17.3010654296875,-0.053394805639982224,0.02023942768573761,-0.005193010903894901
1696959050202079200,17.311079345703124,-0.04913387447595596,-0.01810896210372448,-0.014780107885599136
1696959050212093000,17.321093017578125,-0.047003407031297684,-0.0159784946590662,0.00226362026296556
1696959050222106400,17.3311064453125,-0.03954677656292915,-0.02556559257209301,-0.017975807189941406
1696959050232120000,17.3411201171875,-0.03209014609456062,-0.01810896210372448,0.009720250964164734
1696959050242133800,17.3511337890625,-0.033155377954244614,-0.0063913981430232525,-0.016910573467612267
1696959050252147500,17.3611474609375,-0.021437814459204674,-0.03089175745844841,0.017176883295178413
1696959050262161200,17.3711611328125,-0.020372580736875534,0.02982652559876442,-0.006258244160562754
1696959050272174600,17.381174560546874,-0.007589785382151604,-0.02023942768573761,0.0033288532868027687
1696959050282188300,17.391188232421875,-0.008655018173158169,-0.01704372838139534,-0.006258244160562754
1696959050292202000,17.401201904296876,0.0009320789249613881,-0.0213046595454216,0.005459319334477186
1696959050302215700,17.411215576171877,-0.00226362026296556,0.02769605815410614,-0.012649642303586006
1696959050312229400,17.4212294921875,0.008388710208237171,-0.01917419396340847,0.010785484686493874
1696959050322242800,17.431242919921875,0.007323476951569319,0.04154408723115921,-0.008388710208237171
1696959050332256500,17.441256591796876,0.007323476951569319,-0.0319569893181324,-0.009453942999243736
1696959050342270200,17.451270263671876,0.007323476951569319,0.05645735189318657,0.008655018173158169
1696959050352284000,17.461283935546874,0.012649642303586006,0.009587096981704235,-0.019041040912270546
1696959050362297600,17.471297607421874,0.010519175790250301,-0.012782796286046505,0.006524552125483751
1696959050372311000,17.48131103515625,0.0030625448562204838,0.06071828305721283,-0.021171506494283676
1696959050382324700,17.49132470703125,0.008388710208237171,-0.02876129187643528,-0.005193010903894901
1696959050392338400,17.50133837890625,0.001997311832383275,-0.03621792420744896,-0.015845341607928276
1696959050402352000,17.51135205078125,-0.0001331541279796511,-0.004260932095348835,-0.021171506494283676
1696959050412365800,17.52136572265625,-0.007589785382151604,-0.0031956990715116262,-0.020106272771954536
1696959050422379300,17.531379150390624,-0.006524552125483751,-0.06604444980621338,-0.016910573467612267
1696959050432393000,17.54139306640625,-0.016111649572849274,-0.0106523297727108,-0.019041040912270546
1696959050442406700,17.55140673828125,-0.011850717477500439,-0.08202294260263443,-0.016910573467612267
1696959050452420400,17.56142041015625,-0.020372580736875534,-0.04900071769952774,-0.016910573467612267
1696959050462434000,17.57143408203125,-0.023568280041217804,-0.08841434121131897,-0.012649642303586006
1696959050472447500,17.581447509765624,-0.026763979345560074,-0.0852186381816864,-0.023301972076296806
1696959050482461200,17.591461181640625,-0.029959678649902344,-0.1491326242685318,-0.016910573467612267
1696959050492475000,17.601474853515626,-0.028894444927573204,-0.15658925473690033,-0.009453942999243736
1696959050502488600,17.611488525390627,-0.03848154470324516,-0.11611039936542511,-0.007323476951569319
1696959050512502300,17.621502197265624,-0.036351077258586884,-0.12356702983379364,0.004394086077809334
1696959050522515700,17.631515625,-0.04593817517161369,-0.1384802907705307,0.0033288532868027687
1696959050532529400,17.641529296875,-0.043807707726955414,-0.14167599380016327,0.009720250964164734
1696959050542543000,17.651543212890626,-0.05232957378029823,-0.07669677585363388,0.008655018173158169
1696959050552556800,17.661556884765623,-0.043807707726955414,-0.19600287079811096,0.023568280041217804
1696959050562570500,17.671570556640624,-0.044872939586639404,-0.12143656611442566,0.025698747485876083
1696959050572584200,17.681584228515625,-0.043807707726955414,-0.1501978635787964,0.021437814459204674
1696959050582598000,17.691597900390626,-0.040612008422613144,-0.14274121820926666,0.037416309118270874
1696959050592611600,17.701611572265627,-0.037416309118270874,-0.15126308798789978,0.020372580736875534
1696959050602625500,17.71162548828125,-0.029959678649902344,-0.12463226169347763,0.05232957378029823
1696959050612639200,17.72163916015625,-0.034220609813928604,-0.1480673849582672,0.013981183059513569
1696959050622653000,17.73165283203125,-0.023568280041217804,-0.19919857382774353,0.057655736804008484
1696959050632666600,17.74166650390625,-0.023568280041217804,-0.09161003679037094,0.011850717477500439
1696959050642680300,17.751680419921875,-0.016111649572849274,-0.20665520429611206,0.044872939586639404
1696959050652694000,17.761694091796876,-0.016111649572849274,-0.16830681264400482,0.015046416781842709
1696959050662707700,17.771707763671873,-0.011850717477500439,-0.14380645751953125,0.022503048181533813
1696959050672721400,17.781721435546874,-0.006524552125483751,-0.15658925473690033,0.018242115154862404
1696959050682735000,17.791735107421875,-0.005459319334477186,-0.1810896098613739,0.005459319334477186
1696959050692748800,17.801748779296876,0.0030625448562204838,-0.16191542148590088,0.019307348877191544
1696959050702762500,17.811762451171877,0.004127778112888336,-0.1587197184562683,-0.010519175790250301
1696959050712776200,17.821776123046874,0.007323476951569319,-0.1928071826696396,0.012915950268507004
1696959050722790000,17.831789794921875,0.011584409512579441,-0.08628387749195099,-0.010519175790250301
1696959050732803600,17.841803466796875,0.009453942999243736,-0.18854624032974243,-0.017975807189941406
1696959050742817300,17.8518173828125,0.013714875094592571,-0.17469821870326996,0.005459319334477186
1696959050752831000,17.8618310546875,0.012649642303586006,-0.11184946447610855,-0.044606633484363556
1696959050762844700,17.8718447265625,0.010519175790250301,-0.1608501821756363,0.0001331541279796511
1696959050772858400,17.8818583984375,0.008388710208237171,-0.1384802907705307,-0.038215234875679016
1696959050782872000,17.8918720703125,0.001997311832383275,-0.10439283400774002,-0.015845341607928276
1696959050792885800,17.9018857421875,-0.0011983871227130294,-0.09906667470932007,-0.020106272771954536
1696959050802899500,17.9118994140625,-0.00226362026296556,-0.12356702983379364,-0.028628136962652206
1696959050812913200,17.9219130859375,-0.009720250964164734,-0.10332760214805603,-0.016910573467612267
1696959050822926800,17.9319267578125,-0.012915950268507004,-0.11184946447610855,-0.033954303711652756
1696959050832940500,17.9419404296875,-0.018242115154862404,-0.11824086308479309,-0.014780107885599136
1696959050842954200,17.951954345703125,-0.029959678649902344,-0.09480573982000351,-0.041410934180021286
1696959050852967700,17.9619677734375,-0.027829213067889214,-0.09480573982000351,-0.0030625448562204838
1696959050862981400,17.9719814453125,-0.034220609813928604,-0.09374050796031952,-0.03928046673536301
1696959050872995000,17.9819951171875,-0.04274247586727142,-0.0852186381816864,-0.008388710208237171
1696959050883008800,17.9920087890625,-0.03954677656292915,-0.09906667470932007,-0.019041040912270546
1696959050893022500,18.0020224609375,-0.047003407031297684,-0.07669677585363388,-0.022236740216612816
1696959050903036200,18.0120361328125,-0.05232957378029823,-0.08095771074295044,-0.021171506494283676
1696959050913049600,18.022049560546876,-0.047003407031297684,-0.04793548583984375,-0.0030625448562204838
1696959050923063300,18.032063232421876,-0.051264338195323944,-0.07989247888326645,-0.038215234875679016
1696959050933077000,18.042076904296874,-0.04913387447595596,-0.07882724702358246,0.0033288532868027687
1696959050943090700,18.052090576171874,-0.041677240282297134,-0.05645735189318657,-0.019041040912270546
1696959050953104400,18.0621044921875,-0.04913387447595596,-0.05113118514418602,-0.015845341607928276
1696959050963117800,18.072117919921876,-0.051264338195323944,-0.07350108027458191,-0.015845341607928276
1696959050973131500,18.082131591796873,-0.041677240282297134,-0.02982652559876442,0.00226362026296556
1696959050983145200,18.092145263671874,-0.04593817517161369,-0.04793548583984375,-0.037150003015995026
1696959050993159000,18.102158935546875,-0.048068638890981674,-0.09054480493068695,-0.005193010903894901
1696959051003172600,18.112172607421876,-0.036351077258586884,-0.004260932095348835,-0.0009320789249613881
1696959051013186000,18.12218603515625,-0.036351077258586884,-0.05219641700387001,-0.03608476743102074
1696959051023199700,18.13219970703125,-0.041677240282297134,-0.09374050796031952,-0.014780107885599136
1696959051033213400,18.14221337890625,-0.03209014609456062,-0.009587096981704235,-0.016910573467612267
1696959051043227100,18.15222705078125,-0.025698747485876083,-0.05645735189318657,-0.030758604407310486
1696959051053240800,18.16224072265625,-0.029959678649902344,-0.07137060910463333,-0.014780107885599136
1696959051063254300,18.172254150390625,-0.024633513763546944,-0.05219641700387001,-0.016910573467612267
1696959051073268000,18.18226806640625,-0.015046416781842709,-0.06604444980621338,-0.009453942999243736
1696959051083281700,18.19228173828125,-0.020372580736875534,-0.06924014538526535,-0.023301972076296806
1696959051093295400,18.20229541015625,-0.020372580736875534,-0.07882724702358246,-0.012649642303586006
1696959051103309000,18.21230908203125,-0.011850717477500439,-0.01704372838139534,0.009720250964164734
1696959051113322500,18.222322509765625,-0.013981183059513569,-0.06071828305721283,-0.015845341607928276
1696959051123336200,18.232336181640626,-0.016111649572849274,-0.08308817446231842,0.011850717477500439
1696959051133350000,18.242349853515623,-0.013981183059513569,0.01171756349503994,0.012915950268507004
1696959051143363600,18.252363525390624,-0.010785484686493874,-0.04687025398015976,0.010785484686493874
1696959051153377300,18.262377197265625,-0.011850717477500439,-0.08415340632200241,0.006524552125483751
1696959051163390700,18.272390625,-0.015046416781842709,-0.0213046595454216,0.020372580736875534
1696959051173404400,18.282404296875,-0.010785484686493874,-0.04687025398015976,0.022503048181533813
1696959051183418000,18.292418212890624,-0.011850717477500439,-0.08628387749195099,0.018242115154862404
1696959051193431800,18.302431884765625,-0.017176883295178413,-0.05113118514418602,0.024633513763546944
1696959051203445500,18.312445556640625,-0.018242115154862404,-0.03515268862247467,0.028894444927573204
1696959051213459000,18.322458984375,-0.016111649572849274,-0.05006595328450203,0.034220609813928604
1696959051223472600,18.33247265625,-0.018242115154862404,-0.06817491352558136,0.027829213067889214
1696959051233486300,18.342486328125,-0.024633513763546944,-0.02982652559876442,0.03528584539890289
1696959051243500000,18.3525,-0.022503048181533813,-0.01810896210372448,0.03848154470324516
1696959051253513700,18.362513671875,-0.024633513763546944,-0.03728315606713295,0.031024912372231483
1696959051263527200,18.372527099609375,-0.031024912372231483,-0.06178351491689682,0.03848154470324516
1696959051273540900,18.382540771484376,-0.03528584539890289,-0.0063913981430232525,0.03528584539890289
1696959051283554600,18.392554443359376,-0.03209014609456062,-0.0063913981430232525,0.03954677656292915
1696959051293568300,18.402568359375,-0.040612008422613144,-0.05219641700387001,0.022503048181533813
1696959051303582000,18.41258203125,-0.047003407031297684,-0.03728315606713295,0.024633513763546944
1696959051313595400,18.422595458984375,-0.044872939586639404,0.01917419396340847,0.037416309118270874
1696959051323609000,18.432609130859376,-0.04274247586727142,-0.01384802907705307,0.011850717477500439
1696959051333622800,18.442622802734373,-0.050199106335639954,-0.04793548583984375,0.017176883295178413
1696959051343636500,18.452636474609374,-0.05232957378029823,-0.0031956990715116262,0.009720250964164734
1696959051353650200,18.462650146484375,-0.04593817517161369,0.01810896210372448,0.020372580736875534
1696959051363663600,18.47266357421875,-0.04913387447595596,-0.05965305119752884,-0.013714875094592571
1696959051373677300,18.48267724609375,-0.053394805639982224,-0.07563154399394989,0.008655018173158169
1696959051383691000,18.49269091796875,-0.04593817517161369,0.0106523297727108,0.005459319334477186
1696959051393704700,18.50270458984375,-0.04593817517161369,-0.06071828305721283,-0.024367205798625946
1696959051403718400,18.512718505859375,-0.048068638890981674,-0.10971900075674057,-0.010519175790250301
1696959051413732000,18.522732177734376,-0.044872939586639404,-0.009587096981704235,-0.001997311832383275
1696959051423745500,18.53274560546875,-0.03954677656292915,-0.05752258375287056,-0.023301972076296806
1696959051433759200,18.54275927734375,-0.04593817517161369,-0.08734910935163498,-0.025432437658309937
1696959051443773000,18.55277294921875,-0.04593817517161369,-0.00852186419069767,-0.010519175790250301
1696959051453786600,18.56278662109375,-0.03528584539890289,-0.03302222490310669,-0.019041040912270546
1696959051463800300,18.57280029296875,-0.03954677656292915,-0.05858781561255455,-0.043541401624679565
1696959051473813800,18.582813720703125,-0.040612008422613144,-0.02769605815410614,-0.015845341607928276
1696959051483827500,18.592827392578126,-0.027829213067889214,-0.02876129187643528,-0.011584409512579441
1696959051493841200,18.602841064453123,-0.026763979345560074,-0.04047885537147522,-0.052063263952732086
1696959051503854800,18.612854736328124,-0.025698747485876083,-0.03621792420744896,-0.001997311832383275
1696959051513868500,18.62286865234375,-0.012915950268507004,-0.04900071769952774,-0.027562905102968216
1696959051523882000,18.632882080078126,-0.015046416781842709,-0.03728315606713295,-0.040345702320337296
1696959051533895700,18.642895751953127,-0.015046416781842709,-0.0532616525888443,-0.004127778112888336
1696959051543909400,18.652909423828124,-0.0033288532868027687,-0.05219641700387001,-0.022236740216612816
1696959051553923000,18.662923095703125,-0.008655018173158169,-0.02236989326775074,-0.023301972076296806
1696959051563936800,18.672936767578125,-0.005459319334477186,-0.08308817446231842,0.0033288532868027687
1696959051573950200,18.6829501953125,-0.00226362026296556,-0.01810896210372448,-0.011584409512579441
1696959051583964000,18.6929638671875,-0.007589785382151604,-0.02876129187643528,0.006524552125483751
1696959051593977600,18.7029775390625,-0.0033288532868027687,-0.07030537724494934,0.009720250964164734
1696959051603991300,18.7129912109375,-0.009720250964164734,0.02876129187643528,0.010785484686493874
1696959051614005000,18.7230048828125,-0.010785484686493874,-0.02876129187643528,0.036351077258586884
1696959051624018400,18.733018310546875,-0.015046416781842709,0.0031956990715116262,0.023568280041217804
1696959051634032000,18.7430322265625,-0.016111649572849274,0.01704372838139534,0.047003407031297684
1696959051644045800,18.7530458984375,-0.019307348877191544,-0.01917419396340847,0.028894444927573204
1696959051654059500,18.7630595703125,-0.024633513763546944,0.0213046595454216,0.058720968663692474
1696959051664073200,18.7730732421875,-0.022503048181533813,0.0031956990715116262,0.047003407031297684
1696959051674086700,18.783086669921875,-0.027829213067889214,0,0.067242830991745
1696959051684100400,18.793100341796876,-0.026763979345560074,-0.012782796286046505,0.06830807030200958
1696959051694114000,18.803114013671873,-0.033155377954244614,0.05006595328450203,0.05659050494432449
1696959051704127700,18.813127685546874,-0.028894444927573204,-0.01491326279938221,0.0768299326300621
1696959051714141400,18.823141357421875,-0.033155377954244614,-0.02236989326775074,0.058720968663692474
1696959051724155000,18.83315478515625,-0.037416309118270874,-0.0021304660476744175,0.06937330216169357
1696959051734168600,18.84316845703125,-0.041677240282297134,0.04580501839518547,0.06404713541269302
1696959051744182300,18.853182373046874,-0.04274247586727142,0.01704372838139534,0.057655736804008484
1696959051754196000,18.863196044921875,-0.047003407031297684,0.02876129187643528,0.07256899774074554
1696959051764209700,18.873209716796875,-0.050199106335639954,0.05006595328450203,0.051264338195323944
1696959051774223000,18.88322314453125,-0.054460037499666214,0.05219641700387001,0.06298190355300903
1696959051784236800,18.89323681640625,-0.054460037499666214,0.10013190656900406,0.05232957378029823
1696959051794250500,18.90325048828125,-0.054460037499666214,0.08415340632200241,0.053394805639982224
1696959051804264200,18.91326416015625,-0.0555252730846405,0.08095771074295044,0.053394805639982224
1696959051814278000,18.92327783203125,-0.053394805639982224,0.09374050796031952,0.036351077258586884
1696959051824291300,18.933291259765625,-0.053394805639982224,0.11824086308479309,0.05659050494432449
1696959051834305000,18.943304931640625,-0.04913387447595596,0.11611039936542511,0.036351077258586884
1696959051844318700,18.953318603515626,-0.04913387447595596,0.09374050796031952,0.050199106335639954
1696959051854332400,18.96333251953125,-0.044872939586639404,0.07243584841489792,0.033155377954244614
1696959051864346000,18.97334619140625,-0.044872939586639404,0.22050324082374573,0.06937330216169357
1696959051874359800,18.98335986328125,-0.040612008422613144,0.10971900075674057,0.037416309118270874
1696959051884373200,18.993373291015626,-0.043807707726955414,0.15232832729816437,0.07896039634943008
1696959051894387000,19.003386962890627,-0.03954677656292915,0.2332860380411148,0.04274247586727142
1696959051904400600,19.013400634765624,-0.040612008422613144,0.21624229848384857,0.08428656309843063
1696959051914414300,19.023414306640625,-0.03848154470324516,0.14061075448989868,0.047003407031297684
1696959051924428000,19.033427978515626,-0.04274247586727142,0.17895914614200592,0.07043853402137756
1696959051934441500,19.04344140625,-0.041677240282297134,0.17363297939300537,0.05232957378029823
1696959051944455200,19.053455078125,-0.04913387447595596,0.1374150663614273,0.057655736804008484
1696959051954468900,19.06346875,-0.05659050494432449,0.15339355170726776,0.0778951644897461
1696959051964482600,19.073482666015625,-0.06511236727237701,0.13528458774089813,-0.013714875094592571
1696959051974496300,19.083496337890626,-0.06298190355300903,-0.0639139786362648,0.020372580736875534
1696959051984509700,19.093509765625,-0.11730878800153732,0.20878566801548004,0.11091738939285278
1696959051994523400,19.1035234375,-0.1833532303571701,0.04154408723115921,-0.145803764462471
1696959052004537000,19.113537109375,-0.06511236727237701,-0.15339355170726776,0.06298190355300903
1696959052014550800,19.12355078125,-0.10133028775453568,0.07776200771331787,-0.04673709720373154
1696959052024564500,19.133564453125,-0.06937330216169357,-0.03941362351179123,-0.11597724258899689
1696959052034578000,19.143577880859375,-0.07043853402137756,-0.10865376889705658,-0.013714875094592571
1696959052044591600,19.153591552734376,-0.0778951644897461,-0.03621792420744896,-0.15432563424110413
1696959052054605300,19.163605224609373,-0.07150376588106155,-0.02663082629442215,-0.06484606117010117
1696959052064619000,19.173618896484374,-0.08215609937906265,-0.09374050796031952,-0.14367330074310303
1696959052074632700,19.1836328125,-0.0778951644897461,-0.01171756349503994,-0.11065108329057693
1696959052084646100,19.193646240234376,-0.08535179495811462,0.01491326279938221,-0.12236864119768143
1696959052094659800,19.203659912109377,-0.0768299326300621,-0.12143656611442566,-0.14793424308300018
1696959052104673500,19.213673583984374,-0.08322133123874664,0.01171756349503994,-0.11597724258899689
1696959052114687200,19.223687255859375,-0.07363422960042953,0.01491326279938221,-0.16604319214820862
1696959052124701000,19.233700927734375,-0.07896039634943008,-0.08841434121131897,-0.14367330074310303
1696959052134714400,19.24371435546875,-0.0768299326300621,0.02023942768573761,-0.14260807633399963
1696959052144728000,19.25372802734375,-0.07576470077037811,0.1906767040491104,-0.12769481539726257
1696959052154741800,19.26374169921875,-0.06511236727237701,-0.08734910935163498,-0.1362166702747345
1696959052164755500,19.27375537109375,-0.06937330216169357,0.06497921794652939,-0.0936073511838913
1696959052174769200,19.28376904296875,-0.06511236727237701,0.12995843589305878,-0.1149120107293129
1696959052184782600,19.293782470703125,-0.06404713541269302,0.0639139786362648,-0.07443315535783768
1696959052194796300,19.30379638671875,-0.054460037499666214,0.03621792420744896,-0.09999874979257584
1696959052204810000,19.31381005859375,-0.061916667968034744,0.1384802907705307,-0.052063263952732086
1696959052214823700,19.32382373046875,-0.05232957378029823,0.05539211630821228,-0.07762885838747025
1696959052224837400,19.33383740234375,-0.050199106335639954,0.04687025398015976,-0.050998032093048096
1696959052234850800,19.343850830078125,-0.051264338195323944,0.05858781561255455,-0.08828118443489075
1696959052244864500,19.353864501953126,-0.05232957378029823,0.012782796286046505,-0.048867564648389816
1696959052254878200,19.363878173828127,-0.05232957378029823,-0.0159784946590662,-0.07869409024715424
1696959052264892000,19.373891845703124,-0.0555252730846405,0.0021304660476744175,-0.050998032093048096
1696959052274905600,19.383905517578125,-0.05978620424866676,-0.02556559257209301,-0.06804175674915314
1696959052284919000,19.3939189453125,-0.06298190355300903,-0.05113118514418602,-0.04673709720373154
1696959052294932700,19.4039326171875,-0.066177599132061,-0.009587096981704235,-0.07017222791910172
1696959052304946400,19.413946533203124,-0.06937330216169357,-0.11611039936542511,-0.06271559745073318
1696959052314960100,19.423960205078124,-0.07469946891069412,-0.01704372838139534,-0.059519894421100616
1696959052324973800,19.433973876953125,-0.07469946891069412,-0.04793548583984375,-0.07443315535783768
1696959052334987300,19.4439873046875,-0.07896039634943008,-0.12995843589305878,-0.07762885838747025
1696959052345001000,19.4540009765625,-0.08322133123874664,-0.09054480493068695,-0.0925421193242073
1696959052355014700,19.4640146484375,-0.08961272984743118,0.02343512699007988,-0.07656362652778625
1696959052365028400,19.4740283203125,-0.0874822586774826,-0.14380645751953125,-0.09999874979257584
1696959052375042000,19.4840419921875,-0.0981345921754837,-0.05113118514418602,-0.09147688746452332
1696959052385055700,19.4940556640625,-0.09387365728616714,-0.007456631399691105,-0.09893351793289185
1696959052395069200,19.504069091796875,-0.09174319356679916,-0.07030537724494934,-0.09680305421352386
1696959052405083000,19.514082763671876,-0.09174319356679916,-0.05752258375287056,-0.1042596846818924
1696959052415096600,19.5240966796875,-0.09174319356679916,-0.012782796286046505,-0.10852061212062836
1696959052425110300,19.5341103515625,-0.08854749798774719,-0.07243584841489792,-0.10852061212062836
1696959052435124000,19.5441240234375,-0.08535179495811462,-0.07563154399394989,-0.11171631515026093
1696959052445137400,19.554137451171876,-0.08641702681779861,-0.009587096981704235,-0.11065108329057693
1696959052455151000,19.564151123046877,-0.08002562820911407,-0.08308817446231842,-0.10532491654157639
1696959052465164800,19.574164794921874,-0.08322133123874664,-0.0852186381816864,-0.12023817747831345
1696959052475178500,19.584178466796875,-0.07469946891069412,-0.02556559257209301,-0.0925421193242073
1696959052485192200,19.594192138671875,-0.0778951644897461,-0.07563154399394989,-0.12343387305736542
1696959052495205600,19.60420556640625,-0.07576470077037811,-0.13634982705116272,-0.08615072071552277
1696959052505219300,19.61421923828125,-0.07469946891069412,-0.02982652559876442,-0.11065108329057693
1696959052515233000,19.62423291015625,-0.07363422960042953,-0.03941362351179123,-0.08934641629457474
1696959052525246700,19.634246826171875,-0.07256899774074554,-0.11611039936542511,-0.09999874979257584
1696959052535260400,19.644260498046876,-0.07469946891069412,-0.05965305119752884,-0.09467258304357529
1696959052545273900,19.65427392578125,-0.07043853402137756,-0.08095771074295044,-0.08402025699615479
1696959052555287600,19.66428759765625,-0.07576470077037811,-0.1171756312251091,-0.09786828607320786
1696959052565301200,19.67430126953125,-0.0778951644897461,-0.0745663121342659,-0.06591129302978516
1696959052575315000,19.68431494140625,-0.08322133123874664,-0.0958709716796875,-0.10745538026094437
1696959052585328600,19.69432861328125,-0.08641702681779861,-0.08095771074295044,-0.050998032093048096
1696959052595342000,19.704342041015625,-0.08961272984743118,-0.06497921794652939,-0.0925421193242073
1696959052605355800,19.714355712890626,-0.09706936031579971,-0.12995843589305878,-0.06591129302978516
1696959052615369500,19.724369384765627,-0.09706936031579971,-0.08947957307100296,-0.06910699605941772
1696959052625383200,19.734383056640624,-0.10239552706480026,-0.06178351491689682,-0.07656362652778625
1696959052635396900,19.74439697265625,-0.10026505589485168,-0.17576344311237335,-0.050998032093048096
1696959052645410300,19.754410400390626,-0.10772168636322021,-0.09267527610063553,-0.07336792349815369
1696959052655424000,19.764424072265626,-0.11304785311222076,-0.07882724702358246,-0.060585130006074905
1696959052665437700,19.774437744140624,-0.11304785311222076,-0.13528458774089813,-0.057389430701732635
1696959052675451400,19.784451416015624,-0.11730878800153732,-0.08734910935163498,-0.060585130006074905
1696959052685465000,19.794465087890625,-0.11730878800153732,-0.10758853703737259,-0.054193731397390366
1696959052695478500,19.804478515625,-0.1205044835805893,-0.10758853703737259,-0.061650361865758896
1696959052705492200,19.8144921875,-0.1194392517209053,-0.07989247888326645,-0.035019535571336746
1696959052715506000,19.824505859375,-0.12370018661022186,-0.11184946447610855,-0.07443315535783768
1696959052725519600,19.83451953125,-0.12263495475053787,-0.11611039936542511,-0.03928046673536301
1696959052735533300,19.844533203125,-0.12263495475053787,-0.05006595328450203,-0.07656362652778625
1696959052745546800,19.854546630859375,-0.12583065032958984,-0.07776200771331787,-0.037150003015995026
1696959052755560400,19.864560546875,-0.11517832428216934,-0.1821548491716385,-0.058454662561416626
1696959052765574100,19.87457421875,-0.11837401986122131,-0.09800143539905548,-0.050998032093048096
1696959052775587800,19.884587890625,-0.11730878800153732,-0.11184946447610855,-0.047802332788705826
1696959052785601500,19.8946015625,-0.11837401986122131,-0.06604444980621338,-0.050998032093048096
1696959052795615000,19.904614990234375,-0.11304785311222076,-0.14061075448989868,-0.048867564648389816
1696959052805628700,19.914628662109376,-0.1087869256734848,-0.14061075448989868,-0.04993279650807381
1696959052815642400,19.924642333984377,-0.10772168636322021,-0.09480573982000351,-0.05632419511675835
1696959052825656000,19.934656005859374,-0.10665645450353622,-0.10332760214805603,-0.027562905102968216
1696959052835669800,19.944669677734375,-0.11304785311222076,-0.12463226169347763,-0.05312849581241608
1696959052845683200,19.95468310546875,-0.11198262125253677,-0.08947957307100296,-0.015845341607928276
1696959052855697000,19.96469677734375,-0.11624355614185333,-0.0319569893181324,-0.035019535571336746
1696959052865710600,19.974710693359373,-0.11517832428216934,-0.12037133425474167,-0.016910573467612267
1696959052875724300,19.984724365234374,-0.11837401986122131,-0.15339355170726776,-0.028628136962652206
1696959052885738000,19.994738037109375,-0.12689588963985443,-0.02556559257209301,-0.009453942999243736
1696959052895751700,20.004751708984376,-0.12796111404895782,-0.10119713842868805,-0.025432437658309937
1696959052905765000,20.01476513671875,-0.13435252010822296,-0.14167599380016327,-0.010519175790250301
1696959052915778800,20.02477880859375,-0.13648298382759094,-0.04793548583984375,-0.014780107885599136
1696959052925792500,20.03479248046875,-0.14926578104496002,-0.1065233051776886,-0.026497671380639076
1696959052935806200,20.04480615234375,-0.14820054173469543,-0.12463226169347763,-0.0009320789249613881
1696959052945820000,20.05481982421875,-0.15459194779396057,-0.05219641700387001,-0.037150003015995026
1696959052955833300,20.064833251953125,-0.1631138026714325,-0.12037133425474167,-0.014780107885599136
1696959052965847000,20.074846923828126,-0.16630950570106506,-0.05645735189318657,-0.03608476743102074
1696959052975860700,20.08486083984375,-0.16843996942043304,-0.08947957307100296,-0.042476166039705276
1696959052985874400,20.09487451171875,-0.16950520873069763,-0.12569749355316162,-0.03288906812667847
1696959052995888000,20.10488818359375,-0.17696183919906616,-0.06604444980621338,-0.05312849581241608
1696959053005901600,20.114901611328126,-0.17802706360816956,-0.06817491352558136,-0.03928046673536301
1696959053015915300,20.124915283203126,-0.18015754222869873,-0.07989247888326645,-0.055258963257074356
1696959053025929000,20.134928955078124,-0.17483137547969818,-0.12463226169347763,-0.04993279650807381
1696959053035942700,20.144942626953124,-0.17057043313980103,-0.09054480493068695,-0.058454662561416626
1696959053045956400,20.154956298828125,-0.17589659988880157,-0.08841434121131897,-0.06378082931041718
1696959053055969800,20.1649697265625,-0.172700896859169,-0.12463226169347763,-0.050998032093048096
1696959053065983500,20.1749833984375,-0.172700896859169,-0.09906667470932007,-0.06910699605941772
1696959053075997200,20.1849970703125,-0.16737474501132965,-0.1065233051776886,-0.057389430701732635
1696959053086011000,20.195010986328125,-0.17057043313980103,-0.08947957307100296,-0.0723026916384697
1696959053096024600,20.205024658203126,-0.172700896859169,-0.06178351491689682,-0.05312849581241608
1696959053106038000,20.2150380859375,-0.16843996942043304,-0.0852186381816864,-0.08188978582620621
1696959053116051700,20.2250517578125,-0.16524426639080048,-0.06710968166589737,-0.058454662561416626
1696959053126065400,20.2350654296875,-0.1620485782623291,-0.07776200771331787,-0.08402025699615479
1696959053136079000,20.2450791015625,-0.16737474501132965,-0.05752258375287056,-0.07975932210683823
1696959053146092800,20.2550927734375,-0.1631138026714325,-0.02450035884976387,-0.06378082931041718
1696959053156106200,20.265106201171875,-0.1631138026714325,-0.05006595328450203,-0.08828118443489075
1696959053166120000,20.275119873046876,-0.15991811454296112,-0.10439283400774002,-0.06697652488946915
1696959053176133600,20.285133544921877,-0.16524426639080048,0.0213046595454216,-0.08082455396652222
1696959053186147300,20.295147216796874,-0.16524426639080048,-0.009587096981704235,-0.07017222791910172
1696959053196161000,20.3051611328125,-0.1620485782623291,-0.10226237028837204,-0.07017222791910172
1696959053206174500,20.315174560546875,-0.16737474501132965,-0.03515268862247467,-0.06697652488946915
1696959053216188200,20.325188232421876,-0.16843996942043304,-0.0106523297727108,-0.042476166039705276
1696959053226201900,20.335201904296873,-0.17802706360816956,-0.04793548583984375,-0.05312849581241608
1696959053236215600,20.345215576171874,-0.172700896859169,-0.10545806586742401,-0.026497671380639076
1696959053246229200,20.355229248046875,-0.17802706360816956,-0.02343512699007988,-0.031823836266994476
1696959053256242700,20.36524267578125,-0.1844184696674347,-0.11078423261642456,-0.019041040912270546
1696959053266256400,20.37525634765625,-0.18761417269706726,-0.10758853703737259,-0.011584409512579441
1696959053276270000,20.38527001953125,-0.19613602757453918,0,-0.007323476951569319
1696959053286283800,20.39528369140625,-0.19613602757453918,-0.10013190656900406,0.011850717477500439
1696959053296297500,20.40529736328125,-0.2057231217622757,-0.08415340632200241,0.004394086077809334
1696959053306311000,20.415310791015624,-0.2057231217622757,-0.0319569893181324,0.031024912372231483
1696959053316324600,20.42532470703125,-0.21211452782154083,-0.06071828305721283,0.022503048181533813
1696959053326338300,20.43533837890625,-0.2153102308511734,-0.10226237028837204,0.048068638890981674
1696959053336351700,20.445351806640623,-0.21850591897964478,0.0031956990715116262,0.03954677656292915
1696959053346365400,20.455365478515624,-0.22170162200927734,-0.08202294260263443,0.047003407031297684
1696959053356379000,20.46537890625,-0.21957115828990936,-0.09161003679037094,0.07043853402137756
1696959053366392600,20.475392578125,-0.2259625494480133,0.04047885537147522,0.0555252730846405
1696959053376406300,20.48540625,-0.22276686131954193,-0.08308817446231842,0.067242830991745
1696959053386419700,20.495419677734375,-0.2248973250389099,-0.05006595328450203,0.07150376588106155
1696959053396433400,20.505433349609376,-0.21957115828990936,0.01704372838139534,0.07043853402137756
1696959053406446800,20.51544677734375,-0.22170162200927734,-0.05539211630821228,0.06511236727237701
1696959053416460500,20.52546044921875,-0.22170162200927734,-0.07030537724494934,0.08535179495811462
1696959053426474200,20.53547412109375,-0.21850591897964478,0.01171756349503994,0.06298190355300903
1696959053436487700,20.54548779296875,-0.21744069457054138,-0.05965305119752884,0.0768299326300621
1696959053446501400,20.55550146484375,-0.2163754552602768,-0.0639139786362648,0.0778951644897461
1696959053456514800,20.565514892578125,-0.22063638269901276,0.007456631399691105,0.05978620424866676
1696959053466528500,20.575528564453126,-0.21317975223064423,-0.08841434121131897,0.07576470077037811
1696959053476542200,20.585542236328124,-0.2163754552602768,-0.01491326279938221,0.06511236727237701
1696959053486555600,20.5955556640625,-0.2153102308511734,-0.04473978653550148,0.067242830991745
1696959053496569300,20.6055693359375,-0.21744069457054138,-0.04793548583984375,0.07363422960042953
1696959053506582800,20.615582763671874,-0.2153102308511734,-0.04900071769952774,0.053394805639982224
1696959053516596500,20.625596435546875,-0.20998406410217285,-0.01704372838139534,0.08109086751937866
1696959053526610200,20.635610107421876,-0.21850591897964478,-0.03408745676279068,0.037416309118270874
1696959053536623600,20.64562353515625,-0.21211452782154083,-0.02769605815410614,0.08322133123874664
1696959053546637300,20.65563720703125,-0.21211452782154083,-0.009587096981704235,0.03528584539890289
1696959053556650800,20.665650634765626,-0.20998406410217285,-0.07030537724494934,0.067242830991745
1696959053566664400,20.67566455078125,-0.2142449915409088,-0.0021304660476744175,0.037416309118270874
1696959053576678100,20.68567822265625,-0.21211452782154083,0.01171756349503994,0.051264338195323944
1696959053586691600,20.695691650390625,-0.20998406410217285,-0.0639139786362648,0.03848154470324516
1696959053596705300,20.705705322265626,-0.21317975223064423,0.004260932095348835,0.03954677656292915
1696959053606718700,20.71571875,-0.20891882479190826,-0.02450035884976387,0.022503048181533813
1696959053616732400,20.725732421875,-0.2142449915409088,-0.02450035884976387,0.041677240282297134
1696959053626746000,20.73574609375,-0.21317975223064423,-0.03089175745844841,0.020372580736875534
1696959053636759800,20.745759765625,-0.21744069457054138,0.03089175745844841,0.028894444927573204
1696959053646773500,20.7557734375,-0.21317975223064423,-0.04367455467581749,0.025698747485876083
1696959053656787000,20.765786865234375,-0.21850591897964478,-0.0021304660476744175,0.016111649572849274
1696959053666800600,20.775800537109376,-0.21744069457054138,0.004260932095348835,0.031024912372231483
1696959053676814300,20.785814453125,-0.22170162200927734,0.0021304660476744175,0.013981183059513569
1696959053686828000,20.795828125,-0.21850591897964478,-0.03089175745844841,0.029959678649902344
1696959053696841700,20.805841796875,-0.22063638269901276,0.02023942768573761,0.019307348877191544
1696959053706855200,20.815855224609376,-0.2248973250389099,0.004260932095348835,0.015046416781842709
1696959053716868900,20.825868896484376,-0.22170162200927734,-0.05113118514418602,0.025698747485876083
1696959053726882600,20.835882568359374,-0.23022349178791046,0.05539211630821228,0.010785484686493874
1696959053736896300,20.845896240234374,-0.22276686131954193,-0.04473978653550148,0.025698747485876083
1696959053746910000,20.855909912109375,-0.23022349178791046,-0.0021304660476744175,0.010785484686493874
1696959053756923400,20.86592333984375,-0.2270277887582779,-0.00852186419069767,0.009720250964164734
1696959053766937000,20.87593701171875,-0.23235395550727844,-0.01810896210372448,0.009720250964164734
1696959053776950800,20.88595068359375,-0.2259625494480133,-0.06178351491689682,0.006524552125483751
1696959053786964500,20.895964599609375,-0.23128871619701385,0.0010652330238372087,0.009720250964164734
1696959053796978200,20.905978271484376,-0.23022349178791046,-0.0639139786362648,-0.004127778112888336
1696959053806991600,20.91599169921875,-0.22915825247764587,-0.04580501839518547,0.012915950268507004
1696959053817005300,20.92600537109375,-0.23022349178791046,-0.02982652559876442,-0.024367205798625946
1696959053827019000,20.93601904296875,-0.23128871619701385,-0.08734910935163498,0.007589785382151604
1696959053837032700,20.94603271484375,-0.23341917991638184,-0.03834838792681694,-0.029693370684981346
1696959053847046400,20.95604638671875,-0.23235395550727844,-0.03089175745844841,0.004394086077809334
1696959053857059800,20.966059814453125,-0.23341917991638184,-0.04580501839518547,-0.023301972076296806
1696959053867074300,20.97607421875,-0.23341917991638184,-0.05432688444852829,0.0011983871227130294
1696959053877088300,20.986088134765627,-0.237680122256279,0.02556559257209301,-0.013714875094592571
1696959053887101700,20.996101806640624,-0.23235395550727844,-0.01384802907705307,-0.007323476951569319
1696959053897115400,21.006115478515625,-0.23128871619701385,-0.06071828305721283,-0.015845341607928276
1696959053907129000,21.016129150390626,-0.2270277887582779,-0.04473978653550148,0.008655018173158169
1696959053917142500,21.026142578125,-0.23235395550727844,0.03089175745844841,-0.012649642303586006
1696959053927156200,21.03615625,-0.2259625494480133,-0.02663082629442215,0.011850717477500439
1696959053937169700,21.046169677734376,-0.22809302806854248,-0.03515268862247467,0.011850717477500439
1696959053947183400,21.056183349609373,-0.22170162200927734,-0.02769605815410614,-0.001997311832383275
1696959053957197000,21.066197021484374,-0.22915825247764587,0.03834838792681694,0.025698747485876083
1696959053967210500,21.07621044921875,-0.2270277887582779,-0.06710968166589737,-0.0009320789249613881
1696959053977224200,21.08622412109375,-0.22809302806854248,-0.03728315606713295,0.021437814459204674
1696959053987237600,21.096237548828125,-0.2270277887582779,0.02236989326775074,0.008655018173158169
1696959053997251300,21.106251220703125,-0.23235395550727844,-0.07350108027458191,0.015046416781842709
1696959054007265000,21.11626513671875,-0.23128871619701385,-0.04793548583984375,0.012915950268507004
1696959054017278500,21.126278564453123,-0.2366148829460144,0.09161003679037094,0.022503048181533813
1696959054027292200,21.136292236328124,-0.2366148829460144,0.03621792420744896,-0.0030625448562204838
1696959054037305600,21.1463056640625,-0.24194104969501495,-0.24074266850948334,0.043807707726955414
1696959054047319300,21.1563193359375,-0.24300628900527954,0,0.019307348877191544
1696959054057333000,21.1663330078125,-0.24300628900527954,0.14274121820926666,0.011850717477500439
1696959054067346400,21.176346435546876,-0.2472672164440155,-0.1171756312251091,0.03848154470324516
1696959054077360000,21.186360107421876,-0.2483324557542801,-0.02663082629442215,0.021437814459204674
1696959054087373600,21.19637353515625,-0.24939768016338348,0.1278279572725296,0.028894444927573204
1696959054097387300,21.20638720703125,-0.2483324557542801,-0.06817491352558136,0.028894444927573204
1696959054107401000,21.21640087890625,-0.25365862250328064,-0.05432688444852829,0.028894444927573204
1696959054117414400,21.226414306640624,-0.25046291947364807,0.1267627328634262,0.027829213067889214
1696959054127428000,21.236427978515625,-0.25472384691238403,0.03515268862247467,0.0033288532868027687
1696959054137441500,21.246441650390626,-0.2557890713214874,0.02982652559876442,0.011850717477500439
1696959054147455200,21.256455322265627,-0.28561559319496155,0.29400432109832764,-0.010519175790250301
1696959054157469000,21.266468994140624,-0.6584471464157104,0.25139498710632324,0.0011983871227130294
1696959054167482400,21.276482421875,-0.9726908802986145,-0.26950395107269287,0.058720968663692474
1696959054177496000,21.28649609375,-0.6424686908721924,-0.5123770833015442,0.03848154470324516
1696959054187509500,21.296509521484374,-0.24513675272464752,0.1928071826696396,0.018242115154862404
1696959054197523200,21.306523193359375,-0.2568543255329132,-0.01384802907705307,-0.007323476951569319
1696959054207537000,21.316536865234376,-0.26324570178985596,-0.2023942768573761,0.029959678649902344
1696959054217550300,21.32655029296875,-0.2675066292285919,0.06710968166589737,0.0011983871227130294
1696959054227564000,21.33656396484375,-0.26537618041038513,-0.03728315606713295,0.009720250964164734
1696959054237577700,21.34657763671875,-0.26431095600128174,-0.0213046595454216,0.010785484686493874
1696959054247591400,21.35659130859375,-0.2696371078491211,0.0213046595454216,-0.024367205798625946
1696959054257605000,21.366605224609376,-0.2685718834400177,0.0053261648863554,0.026763979345560074
1696959054267618600,21.37661865234375,-0.26537618041038513,-0.03834838792681694,-0.029693370684981346
1696959054277632300,21.38663232421875,-0.2664414048194885,-0.04367455467581749,0.020372580736875534
1696959054287646000,21.39664599609375,-0.2707023322582245,-0.03941362351179123,-0.020106272771954536
1696959054297659600,21.40665966796875,-0.26431095600128174,-0.05752258375287056,0.012915950268507004
1696959054307673300,21.41667333984375,-0.26431095600128174,-0.04367455467581749,-0.009453942999243736
1696959054317686800,21.426686767578126,-0.2675066292285919,-0.07030537724494934,-0.017975807189941406
1696959054327700500,21.436700439453126,-0.26537618041038513,-0.0426093190908432,0.009720250964164734
1696959054337714200,21.446714111328124,-0.2675066292285919,-0.0745663121342659,-0.013714875094592571
1696959054347728000,21.456727783203124,-0.2675066292285919,-0.10013190656900406,-0.0030625448562204838
1696959054357741600,21.466741455078125,-0.27283281087875366,0.01704372838139534,0.0001331541279796511
1696959054367755000,21.476755126953126,-0.2696371078491211,-0.09267527610063553,-0.017975807189941406
1696959054377768700,21.486768798828123,-0.27176758646965027,-0.0031956990715116262,0.010785484686493874
1696959054387782400,21.496782470703124,-0.27283281087875366,-0.04580501839518547,-0.028628136962652206
1696959054397796000,21.506796142578125,-0.27283281087875366,-0.04687025398015976,0.011850717477500439
1696959054407809800,21.516809814453126,-0.27389803528785706,-0.007456631399691105,-0.010519175790250301
1696959054417823200,21.5268232421875,-0.27602851390838623,-0.0745663121342659,-0.009453942999243736
1696959054427837000,21.5368369140625,-0.2770937383174896,0.01810896210372448,-0.005193010903894901
1696959054437850600,21.5468505859375,-0.27496325969696045,-0.0426093190908432,0.00226362026296556
1696959054447864300,21.5568642578125,-0.27496325969696045,-0.11078423261642456,-0.024367205798625946
1696959054457878000,21.5668779296875,-0.2802894413471222,0.04047885537147522,-0.004127778112888336
1696959054467891500,21.576891357421875,-0.278158962726593,-0.10545806586742401,-0.022236740216612816
1696959054477905200,21.5869052734375,-0.2802894413471222,-0.05113118514418602,-0.007323476951569319
1696959054487918800,21.5969189453125,-0.28668084740638733,-0.04367455467581749,-0.025432437658309937
1696959054497932500,21.6069326171875,-0.28561559319496155,-0.07776200771331787,-0.005193010903894901
1696959054507946200,21.6169462890625,-0.2888112962245941,-0.03089175745844841,-0.023301972076296806
1696959054517959700,21.626959716796875,-0.2909417748451233,-0.04687025398015976,-0.019041040912270546
1696959054527973400,21.636973388671876,-0.2920069992542267,-0.03621792420744896,-0.016910573467612267
1696959054537987000,21.646987060546873,-0.29520270228385925,-0.012782796286046505,-0.010519175790250301
1696959054548000800,21.657000732421874,-0.29626792669296265,-0.04367455467581749,-0.024367205798625946
1696959054558014500,21.667014404296875,-0.2983984053134918,-0.02876129187643528,-0.004127778112888336
1696959054568028000,21.67702783203125,-0.3015941083431244,-0.009587096981704235,-0.015845341607928276
1696959054578041600,21.68704150390625,-0.3015941083431244,-0.0745663121342659,-0.011584409512579441
1696959054588055300,21.69705517578125,-0.3037245571613312,0.05219641700387001,-0.010519175790250301
1696959054598069000,21.707069091796875,-0.3026593327522278,-0.09374050796031952,-0.006258244160562754
1696959054608082700,21.717082763671876,-0.3026593327522278,-0.0532616525888443,-0.022236740216612816
1696959054618096000,21.72709619140625,-0.30798548460006714,-0.0159784946590662,-0.010519175790250301
1696959054628109800,21.73710986328125,-0.30798548460006714,-0.06924014538526535,-0.016910573467612267
1696959054638123500,21.74712353515625,-0.30585503578186035,-0.05965305119752884,0.004394086077809334
1696959054648137200,21.75713720703125,-0.3101159632205963,-0.03941362351179123,-0.026497671380639076
1696959054658151000,21.76715087890625,-0.3133116662502289,-0.06178351491689682,-0.012649642303586006
1696959054668164400,21.777164306640625,-0.3111811876296997,-0.06497921794652939,0.0011983871227130294
1696959054678178000,21.787177978515626,-0.31544211506843567,-0.06710968166589737,-0.03928046673536301
1696959054688191700,21.797191650390626,-0.3133116662502289,-0.03515268862247467,0.013981183059513569
1696959054698205400,21.807205322265624,-0.3101159632205963,-0.13315412402153015,-0.03288906812667847
1696959054708219100,21.81721923828125,-0.31650736927986145,-0.01810896210372448,-0.009453942999243736
1696959054718232600,21.827232666015625,-0.3133116662502289,-0.10013190656900406,-0.014780107885599136
1696959054728246300,21.837246337890626,-0.3143768906593323,-0.10332760214805603,-0.022236740216612816
1696959054738260000,21.847260009765623,-0.31863781809806824,-0.007456631399691105,-0.021171506494283676
1696959054748273700,21.857273681640624,-0.3143768906593323,-0.09800143539905548,-0.010519175790250301
1696959054758287400,21.867287353515625,-0.3133116662502289,-0.09693620353937149,-0.03288906812667847
1696959054768301000,21.877301025390626,-0.319703072309494,0.004260932095348835,-0.029693370684981346
1696959054778314500,21.887314453125,-0.3133116662502289,-0.1278279572725296,-0.004127778112888336
1696959054788328200,21.897328125,-0.31544211506843567,-0.04580501839518547,-0.054193731397390366
1696959054798342000,21.907341796875,-0.3207682967185974,-0.0010652330238372087,0.00226362026296556
1696959054808355600,21.91735546875,-0.319703072309494,-0.1065233051776886,-0.04673709720373154
1696959054818369300,21.927369384765626,-0.31757259368896484,0.0319569893181324,-0.006258244160562754
1696959054828382700,21.9373828125,-0.3218335211277008,-0.06817491352558136,-0.03928046673536301
1696959054838396400,21.947396484375,-0.319703072309494,0.0319569893181324,-0.016910573467612267
1696959054848410000,21.95741015625,-0.31544211506843567,-0.04900071769952774,-0.040345702320337296
1696959054858423800,21.967423828125,-0.31650736927986145,-0.0159784946590662,-0.017975807189941406
1696959054868437500,21.9774375,-0.3143768906593323,-0.03834838792681694,-0.040345702320337296
1696959054878451000,21.987450927734375,-0.3111811876296997,-0.01704372838139534,-0.024367205798625946
1696959054888464600,21.997464599609376,-0.3111811876296997,-0.03834838792681694,-0.048867564648389816
1696959054898478300,22.007478271484374,-0.3037245571613312,-0.03408745676279068,0.0001331541279796511
1696959054908492000,22.017491943359374,-0.30585503578186035,-0.05539211630821228,-0.058454662561416626
1696959054918505700,22.027505615234375,-0.2994636297225952,-0.0106523297727108,-0.016910573467612267
1696959054928519200,22.037519287109376,-0.29626792669296265,-0.10545806586742401,-0.038215234875679016
1696959054938532900,22.047532958984377,-0.2973331809043884,-0.03728315606713295,-0.019041040912270546
1696959054948546600,22.057546630859374,-0.2983984053134918,-0.06178351491689682,-0.038215234875679016
1696959054958560300,22.067560302734375,-0.2909417748451233,-0.09374050796031952,0.0001331541279796511
1696959054968574000,22.077573974609376,-0.29520270228385925,-0.01171756349503994,-0.041410934180021286
1696959054978587400,22.08758740234375,-0.29520270228385925,-0.03515268862247467,-0.008388710208237171
1696959054988601000,22.09760107421875,-0.2920069992542267,-0.04580501839518547,-0.029693370684981346
1696959054998614800,22.10761474609375,-0.2909417748451233,0.0031956990715116262,-0.014780107885599136
1696959055008628500,22.11762841796875,-0.2898765504360199,-0.02876129187643528,-0.010519175790250301
1696959055018642200,22.12764208984375,-0.2877460718154907,-0.05752258375287056,-0.023301972076296806
1696959055028655600,22.137655517578125,-0.2877460718154907,0.02236989326775074,-0.006258244160562754
1696959055038669300,22.14766943359375,-0.28455036878585815,-0.0532616525888443,-0.013714875094592571
1696959055048683000,22.15768310546875,-0.2802894413471222,0.0063913981430232525,-0.014780107885599136
1696959055058696700,22.16769677734375,-0.2813546657562256,-0.0426093190908432,-0.033954303711652756
1696959055068710400,22.17771044921875,-0.278158962726593,-0.012782796286046505,0.0001331541279796511
1696959055078723800,22.187723876953125,-0.27496325969696045,-0.06817491352558136,-0.037150003015995026
1696959055088737500,22.197737548828126,-0.27283281087875366,-0.08308817446231842,-0.004127778112888336
