time,seconds_elapsed,z,y,x
1696964978549298400,0.18329833984375,-1.1583833694458008,-0.11945831775665283,0.1851406693458557
1696964978559206400,0.193206298828125,0.08274173736572266,-0.3258689343929291,-0.019502177834510803
1696964978569149200,0.203149169921875,-0.0946359634399414,0.12520962953567505,0.3149937391281128
1696964978579128300,0.21312841796875,-0.275604248046875,-0.21466770768165588,0.08145049214363098
1696964978589143800,0.223143798828125,-0.8160381317138672,-0.017823755741119385,0.10783051699399948
1696964978599193900,0.23319384765625,0.23417186737060547,-0.054109275341033936,0.19763442873954773
1696964978609276000,0.24327587890625,0.27684497833251953,-0.2642747759819031,0.059801384806632996
1696964978619385900,0.2533857421875,-1.6000051498413086,-0.1348465383052826,0.16657404601573944
1696964978629518800,0.263518798828125,0.6855096817016602,-0.20316341519355774,0.15952791273593903
1696964978639669000,0.2736689453125,-0.4022235870361328,-0.07666453719139099,0.3830985724925995
1696964978649830400,0.283830322265625,-0.34021949768066406,0.017991602420806885,0.17850403487682343
1696964978659996700,0.29399658203125,-0.7327852249145508,-0.1660725176334381,0.414071649312973
1696964978670127600,0.304127685546875,0.9309673309326172,0.007273852825164795,0.4845418632030487
1696964978680141800,0.314141845703125,-0.6843032836914062,-0.11164966225624084,0.3913709223270416
1696964978690156000,0.324156005859375,-0.9296464920043945,0.037849485874176025,0.2962053716182709
1696964978700170000,0.334169921875,0.5599813461303711,-0.010187327861785889,0.6403976678848267
1696964978710184200,0.34418408203125,-1.150299072265625,-0.3376336097717285,0.18710291385650635
1696964978720198400,0.354198486328125,-0.7146158218383789,0.20775866508483887,0.14595353603363037
1696964978730212600,0.364212646484375,0.5851354598999023,0.15017986297607422,0.2513423562049866
1696964978740226800,0.374226806640625,-1.1265373229980469,-0.41561275720596313,0.16169658303260803
1696964978750241000,0.384240966796875,-0.45415210723876953,-0.11998167634010315,-0.03883543610572815
1696964978760255000,0.3942548828125,-0.1888742446899414,-0.38056570291519165,0.3673602044582367
1696964978770269200,0.404269287109375,-0.3822669982910156,-0.050518691539764404,0.09992978721857071
1696964978780283400,0.414283447265625,-0.09640884399414062,-0.19364237785339355,-0.13453777134418488
1696964978790297600,0.424297607421875,-0.9809036254882812,-0.17196586728096008,0.1556324064731598
1696964978800311800,0.434311767578125,1.4751758575439453,-0.09034168720245361,0.363972932100296
1696964978810326000,0.444325927734375,-0.41903018951416016,-0.413171648979187,-0.07472829520702362
1696964978820340200,0.45434033203125,-1.0922012329101562,0.010675191879272461,0.15446723997592926
1696964978830354200,0.464354248046875,1.314687728881836,-0.2692291736602783,0.23237796127796173
1696964978840368400,0.474368408203125,-0.3804454803466797,-0.171697199344635,-0.04179925471544266
1696964978850382600,0.484382568359375,-0.1559429168701172,0.03837716579437256,0.09725956618785858
1696964978860396800,0.494396728515625,0.4132251739501953,0.10182559490203857,0.27155739068984985
1696964978870411000,0.504410888671875,0.3004617691040039,-0.34279289841651917,0.01610572636127472
1696964978880425200,0.51442529296875,-1.1002540588378906,0.008790045976638794,-0.26216360926628113
1696964978890439200,0.524439208984375,0.15135860443115234,0.06520786881446838,0.27682918310165405
1696964978900453400,0.534453369140625,0.5928869247436523,-0.1365348994731903,-0.08555132150650024
1696964978910467600,0.544467529296875,-1.1112279891967773,0.06068238615989685,0.02588506042957306
1696964978920481800,0.554481689453125,0.34711265563964844,0.1852208971977234,-0.0020160973072052
1696964978930496000,0.56449609375,-0.053994178771972656,-0.018544495105743408,0.28745341300964355
1696964978940510200,0.57451025390625,-0.32955169677734375,0.04119095206260681,0.11618304252624512
1696964978950524200,0.584524169921875,-0.6746730804443359,0.11265912652015686,-0.14020520448684692
1696964978960538400,0.594538330078125,-0.3090629577636719,0.2330382764339447,0.5288528203964233
1696964978970552600,0.604552490234375,1.1156072616577148,0.0708838403224945,0.07316894829273224
1696964978980566800,0.61456689453125,-1.7249679565429688,-0.013675838708877563,0.306124746799469
1696964978990581000,0.6245810546875,0.6154298782348633,0.3128224015235901,0.17517174780368805
1696964979000595200,0.63459521484375,0.021119117736816406,0.1577262282371521,0.5865296125411987
1696964979010609200,0.644609130859375,-0.5296573638916016,0.07490843534469604,-0.052290499210357666
1696964979020623400,0.654623291015625,-0.5154600143432617,0.4114390015602112,-0.0459597110748291
1696964979030637600,0.664637451171875,0.20890426635742188,0.14681929349899292,0.1365131288766861
1696964979040651800,0.67465185546875,-0.24654674530029297,0.13667774200439453,-0.15309113264083862
1696964979050666000,0.684666015625,-1.3916425704956055,0.33386844396591187,-0.07485852390527725
1696964979060680200,0.69468017578125,0.3369579315185547,0.03153085708618164,-0.04935173690319061
1696964979070694100,0.704694091796875,-0.9220046997070312,0.17639362812042236,-0.16783486306667328
1696964979080708400,0.714708251953125,-0.049282073974609375,0.08495891094207764,-0.37329310178756714
1696964979090722600,0.72472265625,-0.6424188613891602,-0.14957347512245178,-0.22373998165130615
1696964979100736800,0.73473681640625,-0.15614986419677734,0.4256279468536377,-0.1555783450603485
1696964979110751000,0.7447509765625,0.591766357421875,-0.17786040902137756,0.03266485035419464
1696964979120765200,0.75476513671875,-1.5922517776489258,0.10210365056991577,-0.09365925192832947
1696964979130779400,0.764779296875,1.0978212356567383,0.19800442457199097,0.0644417554140091
1696964979140793300,0.77479345703125,0.4683551788330078,0.043881773948669434,-0.04473796486854553
1696964979150807600,0.7848076171875,-1.0257349014282227,-0.12166926264762878,-0.11470749974250793
1696964979160821800,0.79482177734375,0.504908561706543,0.07749199867248535,0.05151878297328949
1696964979170836000,0.8048359375,0.5026283264160156,0.2867810130119324,0.14119677245616913
1696964979180850200,0.81485009765625,-0.5199546813964844,0.0345386266708374,-0.27670711278915405
1696964979190864400,0.824864501953125,-0.09223747253417969,0.06191575527191162,-0.13658373057842255
1696964979200878600,0.834878662109375,0.17843246459960938,0.1262192726135254,0.1504482477903366
1696964979210892800,0.844892822265625,0.09110355377197266,-0.06209555268287659,-0.38158339262008667
1696964979220907000,0.854906982421875,-0.8981647491455078,0.04182839393615723,-0.2213657945394516
1696964979230921200,0.864921142578125,0.5841302871704102,0.26818811893463135,-0.232014998793602
1696964979240935400,0.874935302734375,-0.12312507629394531,0.06332552433013916,-0.15133103728294373
1696964979250949600,0.88494970703125,-1.1527318954467773,-0.1034141480922699,-0.20742487907409668
1696964979260963800,0.8949638671875,0.20058345794677734,0.25306135416030884,-0.3108842968940735
1696964979270978000,0.90497802734375,-0.12354660034179688,0.18268615007400513,-0.234439417719841
1696964979280992300,0.9149921875,-0.590484619140625,-0.11332491040229797,-0.13082058727741241
1696964979291006500,0.92500634765625,0.12194538116455078,0.1625077724456787,-0.25112032890319824
1696964979301020700,0.935020751953125,-0.007279396057128906,0.16545331478118896,0.2269783914089203
1696964979311035000,0.945034912109375,0.08283042907714844,-0.030889391899108887,0.21666841208934784
1696964979321049000,0.955049072265625,-0.43418216705322266,0.07757937908172607,-0.24303948879241943
1696964979331063300,0.965063232421875,-0.3155374526977539,0.3380280137062073,0.3777676820755005
1696964979341077500,0.975077392578125,0.7490110397338867,0.045488834381103516,0.22677966952323914
1696964979351091700,0.985091796875,-0.2493886947631836,-0.29248374700546265,0.04845672845840454
1696964979361106000,0.99510595703125,-0.3366127014160156,-0.10897067189216614,-0.119762122631073
1696964979371120000,1.0051201171875,0.05077648162841797,0.28697896003723145,0.2904518246650696
1696964979381134300,1.01513427734375,0.5573415756225586,-0.1575694978237152,0.06849642097949982
1696964979391148500,1.0251484375,-0.8799858093261719,0.32303953170776367,-0.1639452874660492
1696964979401162800,1.035162841796875,-0.06007575988769531,-0.2964695394039154,0.05491413176059723
1696964979411177000,1.045177001953125,0.29596424102783203,0.1350916624069214,0.1078556627035141
1696964979421191400,1.05519140625,-0.2616004943847656,-0.28188836574554443,-0.13716724514961243
1696964979431205600,1.06520556640625,-0.25901222229003906,0.21119952201843262,-0.2446073740720749
1696964979441219800,1.0752197265625,0.1419963836669922,0.024131834506988525,0.3298988342285156
1696964979451234000,1.085234130859375,0.2686729431152344,-0.18548765778541565,-0.15349404513835907
1696964979461248300,1.095248291015625,-1.5410404205322266,0.02921193838119507,-0.28204262256622314
1696964979471262500,1.105262451171875,0.31456756591796875,-0.08218243718147278,0.3409856855869293
1696964979481276700,1.115276611328125,0.8855628967285156,0.24493420124053955,0.2428646683692932
1696964979491291000,1.125290771484375,-1.0491228103637695,-0.14802369475364685,0.009494557976722717
1696964979501305000,1.13530517578125,0.051756858825683594,0.19143778085708618,0.07128721475601196
1696964979511319300,1.1453193359375,0.008603096008300781,-0.08664122223854065,0.3333011269569397
1696964979521333500,1.15533349609375,-0.9311981201171875,-0.17978772521018982,0.04560871422290802
1696964979531347700,1.16534765625,0.28293514251708984,0.43077123165130615,0.17900045216083527
1696964979541362000,1.17536181640625,0.29933738708496094,-0.01558011770248413,0.2969422936439514
1696964979551376100,1.185376220703125,-0.5678825378417969,0.009272098541259766,0.2042563557624817
1696964979561390300,1.195390380859375,-0.07318401336669922,-0.29761961102485657,-0.04696662724018097
1696964979571404500,1.205404541015625,-0.3076200485229492,0.27873140573501587,0.17628192901611328
1696964979581418800,1.215418701171875,0.46063804626464844,0.005553603172302246,-0.31810462474823
1696964979591433000,1.225432861328125,-1.1436586380004883,-0.3843867778778076,0.15883736312389374
1696964979601447200,1.235447265625,0.40486621856689453,0.19094669818878174,-0.4295380711555481
1696964979611461400,1.24546142578125,-0.8095722198486328,-0.09816005825996399,0.0819597989320755
1696964979621475600,1.2554755859375,0.9043560028076172,-0.22409197688102722,0.07223333418369293
1696964979631489800,1.26548974609375,-0.04790973663330078,-0.21107187867164612,-0.5621342658996582
1696964979641504000,1.27550390625,-1.0554180145263672,0.09164208173751831,-0.11033067107200623
1696964979651518200,1.285518310546875,1.6422863006591797,-0.2834859788417816,-0.042656898498535156
1696964979661532700,1.29553271484375,-0.5993490219116211,-0.23301461338996887,-0.1349731683731079
1696964979671547000,1.305546875,0.3034343719482422,0.1995745301246643,-0.20491677522659302
1696964979681561000,1.31556103515625,0.8095865249633789,-0.09978213906288147,0.30840185284614563
1696964979691575300,1.3255751953125,0.0806131362915039,-0.14554378390312195,-0.05366457998752594
1696964979701589500,1.335589599609375,0.26552772521972656,-0.24294832348823547,-0.5533703565597534
1696964979711604200,1.345604248046875,-0.6871490478515625,0.38202595710754395,0.17832282185554504
1696964979721618700,1.35561865234375,1.647200584411621,-0.08244743943214417,0.15176579356193542
1696964979731633000,1.3656328125,-0.9417819976806641,-0.2377508580684662,-0.22585637867450714
1696964979741647000,1.375647216796875,-0.10268115997314453,0.3358082175254822,-0.38774895668029785
1696964979751661300,1.385661376953125,0.050330162048339844,0.15566867589950562,0.11928124725818634
1696964979761675500,1.395675537109375,-0.12602615356445312,-0.5582008361816406,-0.2359834909439087
1696964979771689700,1.405689697265625,-0.68121337890625,0.10032176971435547,-0.5150145888328552
1696964979781704000,1.415703857421875,0.1654815673828125,0.16669195890426636,-0.372830867767334
1696964979791718100,1.42571826171875,-0.19704818725585938,0.20226716995239258,0.06161986291408539
1696964979801732400,1.435732421875,-0.0006237030029296875,-0.46978217363357544,-0.4041488766670227
1696964979811746600,1.44574658203125,-0.44750308990478516,0.26949387788772583,-0.39007121324539185
1696964979821760800,1.4557607421875,-0.2825145721435547,-0.07939323782920837,0.039727017283439636
1696964979831775000,1.46577490234375,0.6992940902709961,-0.0029831528663635254,-0.1602342426776886
1696964979841789400,1.47578955078125,-0.8370227813720703,-0.1389959752559662,-0.2690091133117676
1696964979851803600,1.4858037109375,0.3913383483886719,0.34361064434051514,0.19002389907836914
1696964979861817900,1.49581787109375,0.12236690521240234,-0.008857309818267822,0.19130897521972656
1696964979871832000,1.50583203125,-0.1781787872314453,-0.21329882740974426,-0.06768675148487091
1696964979881846300,1.51584619140625,0.27994251251220703,0.15205663442611694,-0.29717880487442017
1696964979891860500,1.525860595703125,-0.6829633712768555,0.19322776794433594,0.4457859396934509
1696964979901874700,1.535874755859375,1.1106529235839844,-0.027143001556396484,0.1967548131942749
1696964979911889000,1.545888916015625,-0.8284177780151367,-0.14104971289634705,-0.36265048384666443
1696964979921903000,1.555903076171875,-0.6848516464233398,0.3042377829551697,0.03877383470535278
1696964979931917300,1.565917236328125,1.3326387405395508,-0.022517025470733643,0.21583504974842072
1696964979941931500,1.575931640625,-0.5986089706420898,-0.016051292419433594,-0.0062917619943618774
1696964979951945700,1.58594580078125,-0.6707944869995117,0.004168987274169922,-0.18718478083610535
1696964979961960000,1.5959599609375,0.3283958435058594,0.3788832426071167,0.027602508664131165
1696964979971974100,1.60597412109375,-0.13061904907226562,-0.004963040351867676,-0.03494662046432495
1696964979981988400,1.61598828125,-0.33432674407958984,-0.28219538927078247,-0.04031020402908325
1696964979992002600,1.62600244140625,-0.0179443359375,0.2284412384033203,-0.3130096197128296
1696964980002016800,1.636016845703125,-0.21775054931640625,0.2653806805610657,0.46902602910995483
1696964980012031000,1.646031005859375,1.1355352401733398,-0.21283212304115295,-0.35260140895843506
1696964980022045200,1.656045166015625,-1.9323391914367676,-0.052609384059906006,-0.28695136308670044
1696964980032059400,1.666059326171875,0.9121465682983398,0.3569837212562561,0.27206647396087646
1696964980042073600,1.676073486328125,0.7019052505493164,0.008228182792663574,0.14595812559127808
1696964980052087800,1.686087890625,-1.1877870559692383,-0.39159461855888367,-0.2891416549682617
1696964980062102000,1.69610205078125,0.17646312713623047,0.13109207153320312,-0.25485795736312866
1696964980072116200,1.7061162109375,0.4944143295288086,0.10101145505905151,0.08932612836360931
1696964980082130700,1.716130615234375,0.17706584930419922,0.03449225425720215,-0.035127848386764526
1696964980092145000,1.726144775390625,0.03322601318359375,-0.31949207186698914,-0.3733370006084442
1696964980102159000,1.7361591796875,-0.1289205551147461,0.2975989580154419,-0.07627877593040466
1696964980112173300,1.74617333984375,0.42902374267578125,-0.018972814083099365,0.06764659285545349
1696964980122187500,1.7561875,-0.3449563980102539,-0.2675856649875641,-0.40405207872390747
1696964980132201700,1.76620166015625,-0.4047737121582031,-0.17099681496620178,-0.4307878315448761
1696964980142216000,1.7762158203125,0.7691259384155273,0.2928674817085266,0.10129295289516449
1696964980152230100,1.786230224609375,0.33606529235839844,0.06991541385650635,-0.12765082716941833
1696964980162244400,1.796244384765625,-0.8851490020751953,-0.3075258731842041,-0.4738295078277588
1696964980172258600,1.806258544921875,0.22028541564941406,0.16576814651489258,-0.27670377492904663
1696964980182272800,1.816272705078125,0.14278888702392578,0.15471619367599487,0.07960249483585358
1696964980192287000,1.826286865234375,-0.3390073776245117,-0.1624654233455658,-0.24009069800376892
1696964980202301200,1.83630126953125,-0.7372522354125977,-0.10842767357826233,-0.5661426782608032
1696964980212315400,1.8463154296875,0.7341947555541992,0.19609761238098145,-0.1241391971707344
1696964980222329600,1.85632958984375,-0.4227724075317383,0.28008294105529785,-0.06088677793741226
1696964980232343800,1.86634375,-0.039229393005371094,-0.2751699984073639,-0.3879193663597107
1696964980242358000,1.87635791015625,-0.5868349075317383,0.12591755390167236,-0.37137627601623535
1696964980252372200,1.886372314453125,-0.021439552307128906,0.17336678504943848,-0.05332440882921219
1696964980262386400,1.896386474609375,0.4217796325683594,-0.07121264934539795,-0.3231654167175293
1696964980272400600,1.906400634765625,-1.1336441040039062,-0.23013290762901306,-0.43579766154289246
1696964980282414800,1.916414794921875,0.5829095840454102,0.31183141469955444,-0.21188025176525116
1696964980292429000,1.926428955078125,0.1463022232055664,0.11206012964248657,-0.12522198259830475
1696964980302443300,1.936443359375,-0.50262451171875,-0.21151044964790344,-0.37941592931747437
1696964980312457700,1.946457763671875,0.08153438568115234,0.10257303714752197,-0.5495113730430603
1696964980322472000,1.956471923828125,-0.5098934173583984,0.11758089065551758,0.09379041194915771
1696964980332486100,1.966486083984375,0.8175468444824219,0.007882893085479736,-0.19144758582115173
1696964980342500400,1.976500244140625,-0.9213132858276367,-0.23260554671287537,-0.7422809600830078
1696964980352514600,1.9865146484375,-0.0969400405883789,0.27195751667022705,-0.1376686692237854
1696964980362528800,1.99652880859375,1.2284812927246094,0.274267315864563,-0.5065620541572571
1696964980372543000,2.00654296875,-1.2513647079467773,-0.17141279578208923,-0.09488275647163391
1696964980382557200,2.01655712890625,1.009286880493164,0.22769594192504883,-0.44541221857070923
1696964980392571400,2.0265712890625,-0.4160623550415039,0.31407254934310913,-0.20013877749443054
1696964980402585600,2.036585693359375,0.06249809265136719,0.19168996810913086,-0.16945374011993408
1696964980412599800,2.046599853515625,0.4103202819824219,0.049278318881988525,-0.5351999998092651
1696964980422614000,2.056614013671875,-0.726222038269043,0.29723554849624634,-0.3898138999938965
1696964980432628200,2.066628173828125,0.8694276809692383,0.43037378787994385,-0.004833400249481201
1696964980442642400,2.076642333984375,0.41237640380859375,0.07267618179321289,-0.2579881250858307
1696964980452656600,2.08665673828125,-1.162705421447754,0.4812600612640381,-0.8666874766349792
1696964980462670800,2.0966708984375,0.27793312072753906,0.34615379571914673,-0.08590398728847504
1696964980472685000,2.10668505859375,0.6198186874389648,0.3771132230758667,0.029734529554843903
1696964980482699300,2.11669921875,-0.2888317108154297,-0.21410509943962097,-0.29475682973861694
1696964980492713500,2.12671337890625,-0.3160076141357422,0.2779321074485779,-0.49370527267456055
1696964980502727700,2.136727783203125,0.2767763137817383,0.7045401334762573,0.02376464754343033
1696964980512742000,2.146741943359375,0.4375419616699219,0.509924590587616,-0.003643043339252472
1696964980522756000,2.156756103515625,-0.23662090301513672,0.06563693284988403,-0.7330694794654846
1696964980532770300,2.166770263671875,-0.7933006286621094,0.42762434482574463,-0.1247255876660347
1696964980542784500,2.176784423828125,0.46445178985595703,0.22536808252334595,0.10676181316375732
1696964980552799000,2.186799072265625,-0.3338479995727539,-0.10736387968063354,-0.2998513877391815
1696964980562813200,2.196813232421875,-0.704167366027832,0.34120309352874756,-0.6222365498542786
1696964980572827400,2.206827392578125,0.24808311462402344,0.7445287704467773,0.018833160400390625
1696964980582841600,2.216841552734375,0.3279838562011719,0.36416566371917725,-0.22442330420017242
1696964980592855800,2.226855712890625,-0.7272396087646484,-0.3454068899154663,-0.4860685169696808
1696964980602870000,2.2368701171875,-0.6808910369873047,0.31899845600128174,-0.03383353725075722
1696964980612884200,2.24688427734375,0.16145992279052734,0.44270771741867065,0.2069624364376068
1696964980622898400,2.2568984375,0.1417865753173828,0.10025805234909058,-0.040029533207416534
1696964980632912600,2.26691259765625,-0.5074748992919922,0.2433437705039978,-0.4777678847312927
1696964980642926800,2.2769267578125,0.2817850112915039,0.5709317922592163,0.2752019166946411
1696964980652941000,2.286941162109375,0.49978065490722656,0.4406629204750061,-0.014977075159549713
1696964980662955300,2.296955322265625,-0.19384288787841797,-0.1503925323486328,-0.05909726023674011
1696964980672969500,2.306969482421875,-0.5316867828369141,0.3001236915588379,-0.12094022333621979
1696964980682983700,2.316983642578125,0.47225189208984375,0.6806936860084534,0.36122316122055054
1696964980692998000,2.326997802734375,0.4987001419067383,-0.013459503650665283,0.11817362159490585
1696964980703012000,2.33701220703125,-0.4763765335083008,0.003754913806915283,-0.2840394377708435
1696964980713026300,2.3470263671875,-0.1452798843383789,0.6828653812408447,0.05598362535238266
1696964980723040800,2.357040771484375,0.680537223815918,0.28369736671447754,0.2905304431915283
1696964980733055000,2.367054931640625,0.024080276489257812,-0.013434648513793945,0.11279153823852539
1696964980743069200,2.377069091796875,-0.38614368438720703,0.11877977848052979,-0.2979070246219635
1696964980753083400,2.38708349609375,-0.5991897583007812,0.5249185562133789,0.42339640855789185
1696964980763097900,2.397097900390625,0.6435785293579102,0.22767138481140137,0.19898834824562073
1696964980773112000,2.407112060546875,-0.48480224609375,0.038196861743927,-0.146025612950325
1696964980783126300,2.417126220703125,-0.5400285720825195,0.24425572156906128,0.02107715606689453
1696964980793140500,2.427140380859375,0.6882715225219727,0.4387401342391968,0.17019283771514893
1696964980803155000,2.437155029296875,-0.30204105377197266,0.2253437638282776,0.2928391098976135
1696964980813169200,2.447169189453125,-0.8064155578613281,0.02365565299987793,-0.2707537114620209
1696964980823183400,2.457183349609375,-0.22097015380859375,0.4719434976577759,0.23563435673713684
1696964980833197600,2.467197509765625,0.29517364501953125,0.3986459970474243,0.14514309167861938
1696964980843212000,2.4772119140625,-0.06847000122070312,0.10338914394378662,0.0348939374089241
1696964980853226200,2.487226318359375,-0.8696527481079102,0.33615434169769287,-0.4091765880584717
1696964980863240400,2.497240478515625,0.10586357116699219,0.3923577666282654,0.3471231460571289
1696964980873254700,2.507254638671875,0.6930351257324219,0.36619138717651367,-0.0018323138356208801
1696964980883269000,2.51726904296875,-1.2262773513793945,-0.16599494218826294,-0.2758934497833252
1696964980893283300,2.527283447265625,-0.1224050521850586,0.573398768901825,-0.021812014281749725
1696964980903297500,2.537297607421875,0.4451141357421875,0.35443544387817383,-0.02059786766767502
1696964980913311700,2.547311767578125,-0.5845518112182617,0.013260722160339355,0.02626124769449234
1696964980923326200,2.557326171875,0.03768730163574219,0.11130154132843018,-0.4314696192741394
1696964980933340400,2.56734033203125,-0.21723556518554688,0.404957115650177,0.12590914964675903
1696964980943354600,2.577354736328125,0.48827075958251953,0.38494420051574707,0.03473939001560211
1696964980953368800,2.587368896484375,-0.2780723571777344,-0.07729148864746094,-0.08976991474628448
1696964980963383300,2.59738330078125,-0.3535804748535156,0.39587849378585815,-0.25357362627983093
1696964980973397500,2.6073974609375,0.14709186553955078,0.32664525508880615,0.17385652661323547
1696964980983411700,2.61741162109375,0.022147178649902344,0.024449050426483154,0.2275221198797226
1696964980993426000,2.627426025390625,-0.2607088088989258,0.05961751937866211,-0.16882070899009705
1696964981003440400,2.6374404296875,-0.18099117279052734,0.48277485370635986,0.28555506467819214
1696964981013454600,2.64745458984375,1.009251594543457,0.5921348333358765,0.422299325466156
1696964981023468800,2.65746875,-0.4018058776855469,-0.2971515953540802,-0.12186843156814575
1696964981033483000,2.66748291015625,-1.0405616760253906,0.4104160666465759,0.06197107583284378
1696964981043497200,2.677497314453125,1.0025005340576172,0.3947044014930725,0.5614094138145447
1696964981053511700,2.68751171875,-0.2812957763671875,0.07946491241455078,0.4340522885322571
1696964981063526000,2.69752587890625,-0.1071014404296875,-0.015024960041046143,0.08821175992488861
1696964981073540000,2.7075400390625,0.5214529037475586,0.4493890404701233,0.2366590052843094
1696964981083554300,2.71755419921875,-0.3447237014770508,0.44714367389678955,0.47925859689712524
1696964981093568800,2.72756884765625,0.7540073394775391,-0.1729447841644287,0.21260640025138855
1696964981103583000,2.7375830078125,-0.8413076400756836,-0.03558832406997681,0.04367566108703613
1696964981113597200,2.74759716796875,-0.28101062774658203,0.6836709380149841,0.6177622079849243
1696964981123611400,2.757611328125,1.4478511810302734,0.06029963493347168,0.3069654107093811
1696964981133625900,2.7676259765625,-0.9152956008911133,-0.14672815799713135,0.09015880525112152
1696964981143640000,2.77764013671875,0.4625558853149414,0.43375176191329956,0.08577553927898407
1696964981153654300,2.787654296875,-0.025876998901367188,0.29681456089019775,0.5479456782341003
1696964981163668500,2.79766845703125,-0.15970802307128906,0.026752114295959473,0.31788551807403564
1696964981173683000,2.807682861328125,-0.20184803009033203,-0.052336812019348145,0.0009703338146209717
1696964981183697200,2.817697265625,-0.7407121658325195,0.5566548705101013,0.49278420209884644
1696964981193711400,2.82771142578125,0.9898595809936523,0.26911991834640503,0.36449092626571655
1696964981203725600,2.8377255859375,-0.20692920684814453,-0.25915610790252686,-0.07166904211044312
1696964981213740000,2.847739990234375,-1.323293685913086,0.07726436853408813,0.09553420543670654
1696964981223754200,2.857754150390625,0.7483282089233398,0.4029091000556946,0.24984239041805267
1696964981233768400,2.8677685546875,-0.1613006591796875,0.28134870529174805,0.19137802720069885
1696964981243782700,2.87778271484375,-0.5712604522705078,-0.5217804908752441,-0.2765185832977295
1696964981253797000,2.887797119140625,-0.2732563018798828,0.5116105675697327,-0.009003430604934692
1696964981263811300,2.897811279296875,0.29575347900390625,0.0425342321395874,0.22997316718101501
1696964981273825500,2.907825439453125,0.15628337860107422,-0.3161124587059021,-0.032646164298057556
1696964981283839700,2.91783984375,-0.020867347717285156,-0.009698033332824707,-0.2008521854877472
1696964981293854200,2.927854248046875,0.1844949722290039,0.39142125844955444,0.2336081564426422
1696964981303868400,2.937868408203125,0.47972965240478516,0.07595020532608032,0.19623424112796783
1696964981313882600,2.947882568359375,0.17274856567382812,-0.4282444417476654,-0.23575009405612946
1696964981323896800,2.957896728515625,-0.7254562377929688,0.32349568605422974,-0.05399131029844284
1696964981333911300,2.967911376953125,0.8047780990600586,0.23223727941513062,0.2379232496023178
1696964981343925500,2.977925537109375,0.4677886962890625,-0.0742788314819336,0.1610139161348343
1696964981353939700,2.987939697265625,0.06531906127929688,-0.20505356788635254,-0.3992465138435364
1696964981363954000,2.997953857421875,-0.7895231246948242,0.49765974283218384,0.22152449190616608
1696964981373968400,3.007968505859375,1.2087326049804688,0.12535947561264038,0.22805984318256378
1696964981383982600,3.017982666015625,-0.22739219665527344,-0.2850179672241211,-0.01345100998878479
1696964981393996800,3.027996826171875,-0.604060173034668,0.33464574813842773,-0.0028347671031951904
1696964981404011000,3.038010986328125,0.5775003433227539,0.4033057689666748,0.45491349697113037
1696964981414025500,3.048025390625,0.18863868713378906,0.08810442686080933,0.25059354305267334
1696964981424039700,3.058039794921875,-0.0027523040771484375,-0.15369409322738647,-0.1276611089706421
1696964981434054000,3.068053955078125,-0.8909273147583008,0.4586791396141052,0.14546339213848114
1696964981444068000,3.078068115234375,1.069601058959961,0.38702356815338135,0.28079140186309814
1696964981454082600,3.08808251953125,-0.4043912887573242,-0.3239327669143677,0.11679357290267944
1696964981464096800,3.0980966796875,-0.890254020690918,0.24231421947479248,-0.054537974298000336
1696964981474111000,3.108111083984375,0.6407260894775391,0.4371275305747986,0.12733094394207
1696964981484125200,3.118125244140625,-0.16835689544677734,-0.12814801931381226,0.1030631959438324
1696964981494139600,3.1281396484375,-0.2297954559326172,-0.013904571533203125,-0.05577410012483597
1696964981504153900,3.13815380859375,-0.3723011016845703,0.27270692586898804,0.10199417173862457
1696964981514168000,3.14816796875,0.8321533203125,0.39269793033599854,0.3022681474685669
1696964981524182300,3.158182373046875,-0.07758808135986328,-0.3328361511230469,0.03781861066818237
1696964981534196500,3.168196533203125,-1.2521467208862305,0.11811387538909912,0.1613745093345642
1696964981544210700,3.178210693359375,1.4975557327270508,0.4828866124153137,0.38226157426834106
1696964981554225000,3.188224853515625,0.3804492950439453,-0.11081081628799438,0.03641745448112488
1696964981564239000,3.198239013671875,-1.449906349182129,0.038776278495788574,0.09895555675029755
1696964981574253300,3.20825341796875,1.0618696212768555,0.3302011489868164,0.3057589828968048
1696964981584267500,3.218267578125,0.031894683837890625,0.37931013107299805,0.24862150847911835
1696964981594281700,3.22828173828125,-0.5030336380004883,-0.12403261661529541,0.024166807532310486
1696964981604296000,3.2382958984375,-0.18141746520996094,0.2529488205909729,0.05855947732925415
1696964981614310100,3.24831005859375,0.1820383071899414,0.4149685502052307,0.3759002685546875
1696964981624324400,3.258324462890625,0.5684843063354492,0.043665528297424316,0.08421233296394348
1696964981634338800,3.2683388671875,-1.797205924987793,0.180294930934906,-0.12110830843448639
1696964981644353000,3.27835302734375,0.26180267333984375,0.28753912448883057,0.4165040850639343
1696964981654367200,3.2883671875,0.9680376052856445,0.4558975100517273,0.18692168593406677
1696964981664381400,3.29838134765625,-1.790541648864746,-0.14477664232254028,-0.257413774728775
1696964981674395600,3.308395751953125,0.4021310806274414,0.33664625883102417,0.2852069139480591
1696964981684409900,3.318409912109375,1.2990751266479492,0.24134588241577148,0.14203834533691406
1696964981694424000,3.328424072265625,-1.5514068603515625,0.057792484760284424,-0.04911371320486069
1696964981704438300,3.338438232421875,0.029379844665527344,-0.08915978670120239,-0.11899401247501373
1696964981714452500,3.348452392578125,0.7600107192993164,0.3888702988624573,0.1267273724079132
1696964981724466700,3.358466796875,0.15608787536621094,0.06531280279159546,-0.046296559274196625
1696964981734481000,3.36848095703125,-0.670710563659668,0.194116473197937,-0.39375102519989014
1696964981744495000,3.3784951171875,0.4345684051513672,0.08474630117416382,-0.03859660029411316
1696964981754509300,3.38850927734375,0.9587974548339844,0.16406267881393433,0.028128355741500854
1696964981764523500,3.3985234375,-1.3461074829101562,0.01771301031112671,-0.3409677743911743
1696964981774537700,3.408537841796875,0.16705608367919922,0.12559306621551514,-0.13799341022968292
1696964981784552000,3.418552001953125,1.6092443466186523,0.27633213996887207,0.08511479198932648
1696964981794566100,3.428566162109375,-0.4779644012451172,-0.046981632709503174,-0.3922575116157532
1696964981804580400,3.438580322265625,-0.4669971466064453,0.07781082391738892,-0.12509898841381073
1696964981814593500,3.448593505859375,1.1297187805175781,0.4317144751548767,0.22063301503658295
1696964981824607700,3.458607666015625,-0.13906002044677734,-0.23796844482421875,-0.21082398295402527
1696964981834622000,3.4686220703125,-0.9317512512207031,0.22789829969406128,-0.2721400856971741
1696964981844636200,3.47863623046875,1.3687353134155273,0.10659486055374146,-0.12732677161693573
1696964981854650400,3.488650390625,-0.7368173599243164,0.1509699821472168,-0.1039702370762825
1696964981864664600,3.49866455078125,-0.2856578826904297,-0.040186941623687744,-0.5478754043579102
1696964981874678800,3.5086787109375,-0.5377445220947266,0.2105512022972107,0.09231157600879669
1696964981884693200,3.518693359375,0.5337209701538086,0.2208871841430664,0.1744735985994339
1696964981894707500,3.52870751953125,0.33191585540771484,-0.13248682022094727,-0.3818299174308777
1696964981904721700,3.5387216796875,-1.6992063522338867,0.12528222799301147,-0.1723726987838745
1696964981914735900,3.54873583984375,1.257685661315918,0.2756549119949341,0.28836941719055176
1696964981924750300,3.558750244140625,-0.23108768463134766,-0.012463271617889404,-0.15517312288284302
1696964981934764500,3.5687646484375,-1.5348701477050781,0.11484986543655396,0.04656781256198883
1696964981944778800,3.57877880859375,1.550837516784668,0.2769884467124939,0.20319820940494537
1696964981954793000,3.58879296875,-0.5984182357788086,0.07860100269317627,0.22114606201648712
1696964981964807400,3.598807373046875,-0.03788566589355469,-0.19263231754302979,-0.11863383650779724
1696964981974821600,3.608821533203125,-0.3434162139892578,0.12222003936767578,0.10981081426143646
1696964981984835800,3.6188359375,0.4933815002441406,0.2292003631591797,0.4638267159461975
1696964981994850000,3.62885009765625,-0.03332233428955078,-0.322995126247406,-0.011235564947128296
1696964982004864500,3.638864501953125,-0.5875415802001953,0.09017008543014526,0.0656035989522934
1696964982014878700,3.648878662109375,1.0622386932373047,0.0718812346458435,0.256609708070755
1696964982024893000,3.658892822265625,0.013152122497558594,0.04594975709915161,0.23177194595336914
1696964982034907100,3.6689072265625,-0.2592296600341797,-0.183150053024292,-0.2565467059612274
1696964982044921600,3.678921630859375,-0.057839393615722656,0.027608036994934082,0.1304033100605011
1696964982054935800,3.688935791015625,0.9264688491821289,0.08042675256729126,0.1258859783411026
1696964982064950000,3.698949951171875,-0.3323049545288086,-0.37209028005599976,-0.06271620094776154
1696964982074964200,3.708964111328125,-0.006611824035644531,0.18921273946762085,0.023010745644569397
1696964982084978700,3.718978759765625,0.7484407424926758,0.09637629985809326,0.21789583563804626
1696964982094993000,3.728992919921875,0.3260498046875,-0.2731049060821533,0.08392789959907532
1696964982105007000,3.739007080078125,-0.3960256576538086,-0.16026091575622559,-0.3244405686855316
1696964982115021300,3.749021240234375,0.0111236572265625,0.308954656124115,0.19732141494750977
1696964982125035800,3.759035888671875,1.1674461364746094,-0.2905580401420593,0.29837366938591003
1696964982135050000,3.769050048828125,-0.6127948760986328,-0.04929715394973755,-0.16280865669250488
1696964982145064200,3.779064208984375,-0.41998767852783203,-0.02576279640197754,-0.032149434089660645
1696964982155078400,3.789078369140625,0.5606374740600586,0.3421297073364258,0.34572890400886536
1696964982165092900,3.7990927734375,0.21531963348388672,-0.23951292037963867,-0.06476682424545288
1696964982175107000,3.809107177734375,-1.385695457458496,-0.016455471515655518,-0.27081286907196045
1696964982185121300,3.819121337890625,0.5194807052612305,0.35361677408218384,0.24780882894992828
1696964982195135500,3.829135498046875,0.7525520324707031,0.18171197175979614,0.022985562682151794
1696964982205149700,3.839149658203125,-1.8056488037109375,-0.25479787588119507,-0.049318596720695496
1696964982215164200,3.8491640625,0.24408912658691406,0.2679877281188965,-0.004953265190124512
1696964982225178400,3.859178466796875,0.3725576400756836,0.3186126947402954,0.06716819107532501
1696964982235192600,3.869192626953125,-0.6747303009033203,-0.20915555953979492,-0.14901632070541382
1696964982245206800,3.879206787109375,-0.30515384674072266,0.33750951290130615,0.10991765558719635
1696964982255221200,3.88922119140625,0.9906244277954102,0.12567168474197388,0.19181746244430542
1696964982265235500,3.8992353515625,-0.6603326797485352,0.32917630672454834,0.30898261070251465
1696964982275249700,3.909249755859375,-0.26685047149658203,0.20940667390823364,-0.15367861092090607
1696964982285264000,3.919263916015625,0.1065053939819336,0.10417342185974121,0.24453136324882507
1696964982295278300,3.9292783203125,1.1575689315795898,0.619271993637085,0.20454299449920654
1696964982305292500,3.93929248046875,-0.9286060333251953,0.23706555366516113,0.13897676765918732
1696964982315306800,3.949306640625,-0.09500694274902344,-0.147777259349823,-0.07103011012077332
1696964982325321000,3.959321044921875,1.9125032424926758,0.7000873684883118,0.20240241289138794
1696964982335335400,3.96933544921875,-1.805068016052246,0.3221406936645508,0.10590453445911407
1696964982345349600,3.979349609375,1.3960094451904297,0.13445645570755005,-0.1245507076382637
1696964982355363800,3.98936376953125,0.8437004089355469,0.30261480808258057,0.12634213268756866
1696964982365378000,3.9993779296875,-2.255239486694336,0.27963799238204956,-0.1058659553527832
1696964982375392500,4.009392578125,2.6296138763427734,0.44588446617126465,0.07112804055213928
1696964982385406700,4.01940673828125,-1.548166275024414,0.4751913547515869,-0.4084758162498474
1696964982395421000,4.0294208984375,-0.27350807189941406,0.11031395196914673,0.12457627058029175
1696964982405435100,4.03943505859375,1.6297674179077148,0.7490467429161072,-0.2555728852748871
1696964982415449600,4.04944970703125,-2.651214122772217,0.7166292667388916,0.2553286552429199
1696964982425463800,4.0594638671875,2.225003242492676,0.3242233395576477,-0.1507738083600998
1696964982435478000,4.06947802734375,-1.4212684631347656,0.8504359722137451,0.14250880479812622
1696964982445492200,4.0794921875,0.17801284790039062,0.5371777415275574,-0.0756530612707138
1696964982455506700,4.089506591796875,0.7231416702270508,0.7052779793739319,0.16479939222335815
1696964982465521000,4.09952099609375,-1.4149045944213867,0.5458253026008606,0.06603391468524933
1696964982475535000,4.10953515625,0.8398971557617188,0.7753134965896606,0.412364661693573
1696964982485549300,4.11954931640625,-1.2934551239013672,0.9337895512580872,0.007039368152618408
1696964982495563800,4.129563720703125,1.3383941650390625,0.5186043977737427,0.09827673435211182
1696964982505578000,4.139577880859375,-1.7995185852050781,0.7233278155326843,0.14460153877735138
1696964982515592200,4.14959228515625,1.5071067810058594,0.8610588312149048,0.10931575298309326
1696964982525606400,4.1596064453125,-1.4444799423217773,0.9231082201004028,0.42561691999435425
1696964982535620600,4.16962060546875,0.3698415756225586,0.8009288907051086,0.03757891058921814
1696964982545634800,4.179634765625,0.7426586151123047,0.861464262008667,0.029411330819129944
1696964982555649000,4.18964892578125,-2.179455280303955,1.0484082698822021,0.29842609167099
1696964982565663200,4.199663330078125,2.3569107055664062,0.7547943592071533,0.19198867678642273
1696964982575677400,4.209677490234375,-2.547055244445801,1.0694645643234253,-0.00008313357830047607
1696964982585691600,4.219691650390625,1.3253765106201172,0.8579819202423096,0.3475440740585327
1696964982595705900,4.229705810546875,-0.04417991638183594,1.2518668174743652,0.08475062251091003
1696964982605720000,4.239719970703125,-1.510930061340332,0.7543262243270874,0.24835649132728577
1696964982615734500,4.249734619140625,1.0350685119628906,1.0118622779846191,0.2652221918106079
1696964982625748700,4.259748779296875,-0.29998779296875,1.0974233150482178,0.0019105374813079834
1696964982635763000,4.269762939453125,-1.12152099609375,0.8722578287124634,0.45023176074028015
1696964982645777200,4.279777099609375,1.6870450973510742,0.9088239669799805,0.3746415972709656
1696964982655791400,4.289791259765625,-2.249955177307129,1.1854904890060425,-0.027472272515296936
1696964982665805600,4.2998056640625,1.5932064056396484,0.9289268255233765,0.22210602462291718
1696964982675819800,4.30981982421875,-1.5595884323120117,1.1035139560699463,0.3632431626319885
1696964982685834000,4.319833984375,0.805018424987793,1.1302515268325806,0.024075284600257874
1696964982695848200,4.32984814453125,-1.017094612121582,1.126368522644043,-0.16549840569496155
1696964982705862400,4.3398623046875,-0.21663951873779297,1.029517412185669,0.5331050157546997
1696964982715876600,4.349876708984375,0.6635875701904297,0.9234418869018555,0.14900174736976624
1696964982725890800,4.359890869140625,-0.6232223510742188,1.2477411031723022,-0.140763059258461
1696964982735905000,4.369905029296875,-0.08156013488769531,1.03848135471344,0.06461192667484283
1696964982745919200,4.379919189453125,0.07190608978271484,0.880329966545105,0.44924139976501465
1696964982755933400,4.389933349609375,0.08143138885498047,1.1252493858337402,-0.28263819217681885
1696964982765947600,4.39994775390625,-0.8884973526000977,0.9665670394897461,0.3208194375038147
1696964982775961900,4.4099619140625,0.9247655868530273,1.1757397651672363,0.10249479115009308
1696964982785976000,4.41997607421875,-0.008681297302246094,1.0186834335327148,-0.07934212684631348
1696964982795990300,4.429990234375,-0.2526264190673828,0.7502412796020508,0.2432672679424286
1696964982806004500,4.44000439453125,0.7856893539428711,1.269228219985962,0.1946808397769928
1696964982816018700,4.450018798828125,-0.7647037506103516,1.0414985418319702,0.13856838643550873
1696964982826033000,4.460032958984375,1.206578254699707,0.820677638053894,-0.02289077639579773
1696964982836047000,4.470047119140625,-1.371969223022461,0.8683356046676636,0.12007206678390503
1696964982846061300,4.480061279296875,0.896723747253418,1.100182294845581,0.29612383246421814
1696964982856075800,4.49007568359375,-0.5099430084228516,1.0353540182113647,-0.022274762392044067
1696964982866090000,4.500090087890625,-0.5803232192993164,0.8939188718795776,0.6038655638694763
1696964982876104200,4.510104248046875,0.506260871887207,1.1520771980285645,0.20007659494876862
1696964982886118400,4.520118408203125,-0.7659769058227539,1.0134639739990234,0.5527371764183044
1696964982896132600,4.530132568359375,0.521728515625,0.6792483329772949,0.2734336853027344
1696964982906146800,4.540146728515625,-1.3288679122924805,1.2879490852355957,0.850165843963623
1696964982916161000,4.5501611328125,1.1164836883544922,0.9311212301254272,0.1753567010164261
1696964982926175200,4.56017529296875,-1.3232040405273438,0.8683692216873169,0.4609048068523407
1696964982936189400,4.570189453125,0.2426128387451172,1.130940556526184,0.37326622009277344
1696964982946204000,4.580203857421875,-0.20695781707763672,1.0540753602981567,0.6840018033981323
1696964982956218000,4.590218017578125,-0.5362319946289062,0.98985755443573,0.609527051448822
1696964982966232300,4.600232421875,-0.37244510650634766,0.6432197093963623,0.26614028215408325
1696964982976246500,4.61024658203125,-0.3571453094482422,1.301025390625,0.8810175657272339
1696964982986260700,4.6202607421875,-0.4234180450439453,0.630291223526001,0.23208852112293243
1696964982996275200,4.630275146484375,-0.0830068588256836,1.1062119007110596,0.484917551279068
1696964983006289400,4.640289306640625,-0.7378368377685547,0.7473244667053223,0.6097349524497986
1696964983016303600,4.6503037109375,0.3200359344482422,0.9469027519226074,0.40446236729621887
1696964983026317800,4.66031787109375,-1.1337900161743164,0.663936972618103,0.10471104085445404
1696964983036332300,4.670332275390625,-0.15637683868408203,0.9803956747055054,0.5825386643409729
1696964983046346500,4.680346435546875,-0.3090810775756836,0.3671771287918091,-0.31968027353286743
1696964983056360700,4.690360595703125,-0.9156227111816406,0.8521614074707031,0.2541767954826355
1696964983066375000,4.700375,1.0742416381835938,0.29443347454071045,0.5187300443649292
1696964983076389400,4.710389404296875,-1.250779151916504,0.6024597883224487,-0.5827401876449585
1696964983086403600,4.720403564453125,0.7156124114990234,0.5842329263687134,0.4713192284107208
1696964983096417800,4.730417724609375,0.5422248840332031,0.24492740631103516,0.1479533165693283
1696964983106432000,4.740431884765625,-0.8695793151855469,0.44534051418304443,0.35944628715515137
1696964983116446500,4.750446533203125,2.0908031463623047,0.3200739622116089,0.13240370154380798
1696964983126460700,4.760460693359375,-0.7769536972045898,0.3520005941390991,0.5386912226676941
1696964983136475000,4.770474853515625,1.0789527893066406,0.1620246171951294,-0.31666356325149536
1696964983146489000,4.780489013671875,0.7514858245849609,0.48513340950012207,0.8251757025718689
1696964983156503600,4.790503662109375,0.3433694839477539,0.024714350700378418,0.2817825675010681
1696964983166517800,4.800517822265625,0.07489490509033203,0.09611499309539795,0.5400686264038086
1696964983176532000,4.810531982421875,1.470132827758789,0.2151339054107666,0.3790966868400574
1696964983186546200,4.820546142578125,-0.9846572875976562,-0.0192716121673584,0.08866694569587708
1696964983196560600,4.830560546875,-0.1750345230102539,0.371404767036438,0.138909250497818
1696964983206574800,4.840574951171875,1.4888076782226562,0.22409331798553467,0.3845348358154297
1696964983216589000,4.850589111328125,-2.1036148071289062,-0.08968997001647949,-0.18500512838363647
1696964983226603300,4.860603271484375,0.34316158294677734,0.23956239223480225,0.02798233926296234
1696964983236617700,4.87061767578125,0.15654659271240234,-0.2055748701095581,-0.1741405725479126
1696964983246632000,4.8806318359375,-1.7605323791503906,0.2276608943939209,-0.431868314743042
1696964983256646100,4.890646240234375,1.2116060256958008,-0.17390751838684082,-0.24172915518283844
1696964983266660400,4.900660400390625,-0.9560365676879883,0.3792489767074585,-0.34933650493621826
1696964983276674800,4.9106748046875,0.10223388671875,-0.3167102336883545,0.07889778912067413
1696964983286689000,4.92068896484375,0.41281700134277344,0.09862208366394043,-0.08633998036384583
1696964983296703200,4.930703125,-0.6873493194580078,-0.27883708477020264,-0.35704123973846436
1696964983306717400,4.940717529296875,0.9199295043945312,0.2687492370605469,0.38111478090286255
1696964983316732000,4.95073193359375,0.34929752349853516,-0.1121530532836914,-0.32888975739479065
1696964983326746000,4.96074609375,-0.3303842544555664,-0.12901735305786133,0.09993907809257507
1696964983336760300,4.97076025390625,1.6681690216064453,-0.1723266839981079,0.20797130465507507
1696964983346774500,4.9807744140625,-0.9163017272949219,-0.33210504055023193,-0.15288019180297852
1696964983356789000,4.9907890625,0.9064598083496094,-0.12786591053009033,0.02876758575439453
1696964983366803200,5.00080322265625,1.0528793334960938,-0.11737322807312012,-0.18766920268535614
1696964983376817400,5.0108173828125,-0.8708391189575195,-0.3035775423049927,-0.1462908834218979
1696964983386831600,5.02083154296875,1.3583011627197266,-0.4411022663116455,-0.3656238317489624
1696964983396846000,5.03084619140625,-1.0292339324951172,-0.4961066246032715,-0.25115931034088135
1696964983406860300,5.0408603515625,1.5010042190551758,-0.2382739782333374,-0.41251981258392334
1696964983416874500,5.05087451171875,-0.06435585021972656,-0.2023552656173706,-0.5624318718910217
1696964983426888700,5.060888671875,-0.37525367736816406,-0.3126087188720703,-0.21442700922489166
1696964983436903000,5.07090283203125,1.9489765167236328,-0.3687692880630493,-0.6175719499588013
1696964983446917000,5.080917236328125,-1.8929553031921387,-0.6618638038635254,-0.5026931762695312
1696964983456931300,5.090931396484375,2.2023258209228516,-0.9388644099235535,-0.5739878416061401
1696964983466945500,5.100945556640625,-0.11007499694824219,-1.0599595308303833,0.10486054420471191
1696964983476959700,5.110959716796875,-0.3205728530883789,-0.5317660570144653,-0.7294455766677856
1696964983486974200,5.12097412109375,2.6871891021728516,-0.382749080657959,-0.41499894857406616
1696964983496988400,5.130988525390625,-0.6643962860107422,-0.7277697324752808,-0.6977000832557678
1696964983507002600,5.141002685546875,1.8754510879516602,-1.4878311157226562,-0.35740822553634644
1696964983517016800,5.151016845703125,0.7674961090087891,-1.3632272481918335,0.0456387996673584
1696964983527031000,5.161031005859375,-0.026703834533691406,-1.2411298751831055,-0.3719349503517151
1696964983537045200,5.171045166015625,2.5731687545776367,-0.4765821695327759,0.5153597593307495
1696964983547059500,5.1810595703125,3.5671815872192383,-0.9307122230529785,-0.2264735847711563
1696964983557073700,5.19107373046875,-0.6225500106811523,-1.4818943738937378,0.06119561195373535
1696964983567087900,5.201087890625,5.229095458984375,-1.453133225440979,0.5434634685516357
1696964983577102000,5.21110205078125,-0.3826332092285156,-1.9098460674285889,-0.012482553720474243
1696964983587116300,5.2211162109375,1.9743757247924805,-1.0251060724258423,0.9264034032821655
1696964983597130500,5.231130615234375,4.781556129455566,-1.0140495300292969,0.7761845588684082
1696964983607144700,5.241144775390625,-0.5956792831420898,-0.8315942287445068,1.0342200994491577
1696964983617159000,5.251158935546875,3.793811798095703,-1.4965407848358154,1.2431771755218506
1696964983627173000,5.261173095703125,0.9577484130859375,-1.0777359008789062,1.2288066148757935
1696964983637187300,5.271187255859375,-0.8502264022827148,-1.3841742277145386,1.4496688842773438
1696964983647201500,5.281201416015625,3.4211244583129883,-0.7826368808746338,1.1777797937393188
1696964983657215700,5.2912158203125,-0.6184873580932617,-0.6231991052627563,1.4120430946350098
1696964983667230000,5.30122998046875,0.22991371154785156,-0.7265766859054565,1.0902512073516846
1696964983677244200,5.311244140625,0.7189741134643555,-0.5754151344299316,1.2887073755264282
1696964983687258400,5.32125830078125,-1.9190239906311035,-0.4693831205368042,0.9706473350524902
1696964983697272600,5.3312724609375,-1.0766210556030273,-0.7707761526107788,1.2463666200637817
1696964983707286800,5.341286865234375,0.04139137268066406,-0.08622324466705322,1.0539802312850952
1696964983717301200,5.35130126953125,-2.9914908409118652,-0.10060334205627441,0.8019989728927612
1696964983727315500,5.3613154296875,-0.9999637603759766,-0.05571091175079346,0.9956450462341309
1696964983737329700,5.37132958984375,-1.306107521057129,0.25896501541137695,0.7392499446868896
1696964983747344000,5.38134375,-3.973270893096924,0.24467623233795166,0.5912274122238159
1696964983757358000,5.391358154296875,-0.5314369201660156,0.4768688678741455,0.6075538992881775
1696964983767372300,5.401372314453125,-2.631181240081787,0.08514773845672607,0.8076751828193665
1696964983777386500,5.411386474609375,-3.0355281829833984,-0.3096526861190796,0.9300636053085327
1696964983787400700,5.421400634765625,-1.8035969734191895,0.22770583629608154,0.3960309326648712
1696964983797415000,5.431414794921875,-4.106853485107422,0.6184999942779541,0.06965464353561401
1696964983807429000,5.44142919921875,-2.3861923217773438,0.6894727945327759,0.061864882707595825
1696964983817443300,5.451443359375,-1.6057157516479492,0.32033979892730713,-0.8696010112762451
1696964983827457500,5.46145751953125,-4.115680694580078,-0.14934134483337402,-0.3880956768989563
1696964983837471700,5.4714716796875,-2.381110191345215,-0.264316201210022,-0.22253625094890594
1696964983847486000,5.48148583984375,-2.642833709716797,0.5854699611663818,0.01804041862487793
1696964983857500200,5.491500244140625,-4.372193336486816,0.4275575876235962,0.09228238463401794
1696964983867514400,5.501514404296875,-2.2884421348571777,0.4186134338378906,-0.110240638256073
1696964983877528600,5.511528564453125,-3.5214734077453613,0.3555030822753906,-0.7998315691947937
1696964983887542800,5.521542724609375,-3.7437925338745117,-0.22764432430267334,-0.8830123543739319
1696964983897557000,5.531556884765625,-2.4601640701293945,0.18928837776184082,-1.0071487426757812
1696964983907571200,5.5415712890625,-3.167479991912842,0.30258655548095703,-0.78139728307724
1696964983917585400,5.55158544921875,-3.7352499961853027,0.30159664154052734,-0.8594329357147217
1696964983927599600,5.561599609375,-1.8641266822814941,0.6009776592254639,-1.161025047302246
1696964983937613800,5.57161376953125,-3.423976421356201,0.23879361152648926,-1.2676129341125488
1696964983947628000,5.5816279296875,-3.3606619834899902,-0.08306562900543213,-1.5891368389129639
1696964983957642500,5.591642578125,-1.3617563247680664,0.26360762119293213,-1.530740737915039
1696964983967656700,5.60165673828125,-3.061861515045166,0.2313750982284546,-1.4182630777359009
1696964983977671000,5.6116708984375,-1.1456327438354492,0.3725360631942749,-0.9684298038482666
1696964983987685000,5.62168505859375,0.188262939453125,0.3461465835571289,-1.3404277563095093
1696964983997699300,5.63169921875,-2.0082240104675293,0.383500337600708,-0.756473183631897
1696964984007713500,5.641713623046875,0.22555065155029297,0.21001100540161133,-0.32764148712158203
1696964984017727700,5.651727783203125,-0.10690498352050781,0.5038207769393921,-0.7160617709159851
1696964984027742000,5.661741943359375,-1.2612171173095703,-0.052884817123413086,-0.17852360010147095
1696964984037756200,5.671756103515625,1.7881813049316406,-0.05435764789581299,-0.5872766971588135
1696964984047770400,5.681770263671875,0.3097801208496094,-0.10904347896575928,-0.7116245031356812
1696964984057784600,5.69178466796875,-0.18111515045166016,-0.32031261920928955,-0.6622968316078186
1696964984067798800,5.701798828125,1.6616544723510742,-0.1363530158996582,-0.4376693665981293
1696964984077813000,5.71181298828125,0.5277490615844727,0.1344681978225708,-0.2534787654876709
1696964984087827200,5.7218271484375,0.04617118835449219,-0.7572335004806519,-0.2025342583656311
1696964984097841400,5.73184130859375,3.145528793334961,-0.3391249179840088,0.348384827375412
1696964984107856000,5.74185595703125,1.3537111282348633,-0.5588400363922119,0.046221330761909485
1696964984117870000,5.7518701171875,0.3160972595214844,-0.8440232276916504,-0.1686922162771225
1696964984127884300,5.76188427734375,4.370949745178223,-0.48519402742385864,0.30348801612854004
1696964984137898500,5.7718984375,1.2003135681152344,-0.19273877143859863,0.07340623438358307
1696964984147913000,5.781912841796875,1.2766733169555664,-0.9418689012527466,0.1338486224412918
1696964984157927200,5.79192724609375,4.985774993896484,-0.18226170539855957,0.4477880597114563
1696964984167941400,5.80194140625,0.5569047927856445,-0.7660599946975708,0.3408784866333008
1696964984177955600,5.81195556640625,3.340127944946289,-1.1479601860046387,0.10266968607902527
1696964984187970000,5.821969970703125,4.616998672485352,-0.5750529766082764,0.9021832942962646
1696964984197984300,5.831984375,0.7531805038452148,-0.3950279951095581,-0.256046861410141
1696964984207998500,5.84199853515625,3.4312477111816406,-0.7912647724151611,0.5429549217224121
1696964984218012700,5.8520126953125,6.017677307128906,-0.49594154953956604,0.8392497301101685
1696964984228027000,5.86202685546875,-0.21951007843017578,-0.8990788459777832,0.06671975553035736
1696964984238041300,5.872041259765625,4.2962751388549805,-0.8666800856590271,0.4789203703403473
1696964984248055600,5.8820556640625,5.184667587280273,-0.5734058618545532,0.559699535369873
1696964984258069800,5.89206982421875,-0.7111301422119141,-0.6426993608474731,-0.0026272833347320557
1696964984268084000,5.902083984375,5.1588335037231445,-0.9658738374710083,-0.11859998106956482
1696964984278098400,5.912098388671875,3.7370729446411133,-0.2786579728126526,0.5378714799880981
1696964984288112600,5.922112548828125,-0.1430492401123047,-1.2780203819274902,-0.5608874559402466
1696964984298126800,5.932126953125,3.0784263610839844,-0.6147485375404358,0.09515243768692017
1696964984308141000,5.94214111328125,2.971242904663086,-0.6641793251037598,0.447375625371933
1696964984318155500,5.952155517578125,-1.040511131286621,-1.0387471914291382,-0.16112275421619415
1696964984328169700,5.962169677734375,3.6310606002807617,-0.5087560415267944,0.10498046875
1696964984338184000,5.972183837890625,1.0952625274658203,-0.33794528245925903,-0.053080156445503235
1696964984348198100,5.9821982421875,-1.8323421478271484,-1.0610272884368896,-0.4907366633415222
1696964984358212600,5.992212646484375,3.462843894958496,-0.5811743140220642,-0.29081565141677856
1696964984368226800,6.002226806640625,-1.0417680740356445,-0.688171923160553,-0.18145570158958435
1696964984378241000,6.012240966796875,-1.2880659103393555,-1.004875659942627,-0.39691469073295593
1696964984388255200,6.022255126953125,3.174221992492676,-0.5430210828781128,-0.2862633764743805
1696964984398269700,6.032269775390625,-1.57391357421875,-0.777745246887207,0.06664392352104187
1696964984408284000,6.042283935546875,0.17844104766845703,-0.9419990181922913,-0.1267537921667099
1696964984418298000,6.052298095703125,1.8508329391479492,-0.5266125202178955,0.044912189245224
1696964984428312300,6.062312255859375,-1.1504974365234375,-0.5615231990814209,0.5385563969612122
1696964984438326800,6.072326904296875,0.8969936370849609,-0.7540431618690491,0.527375340461731
1696964984448341000,6.082341064453125,0.5694189071655273,-0.37731292843818665,0.41062575578689575
1696964984458355200,6.092355224609375,-0.46509838104248047,-0.46034130454063416,0.5163424015045166
1696964984468369400,6.102369384765625,0.7967252731323242,-0.6758317351341248,0.7576038837432861
1696964984478383600,6.112383544921875,-0.18567752838134766,-0.4444744884967804,0.5103325843811035
1696964984488397800,6.122397705078125,-0.9271535873413086,-0.4192342460155487,0.7875866889953613
1696964984498412000,6.132412109375,-0.18988037109375,-0.6399940848350525,0.46677127480506897
1696964984508426200,6.14242626953125,-0.8452949523925781,-0.3948480188846588,1.0176585912704468
1696964984518440400,6.1524404296875,-0.41887760162353516,-0.577415943145752,0.2865770757198334
1696964984528454700,6.16245458984375,-1.2074460983276367,-0.5288805961608887,0.4363378584384918
1696964984538468900,6.17246875,-0.24488067626953125,-0.5959819555282593,0.34257662296295166
1696964984548483000,6.182483154296875,-1.9750709533691406,-0.6600227355957031,0.44807958602905273
1696964984558497300,6.192497314453125,-0.36562347412109375,-0.7624226808547974,0.5803695917129517
1696964984568511500,6.202511474609375,-0.2648286819458008,-0.7821386456489563,0.7128833532333374
1696964984578525700,6.212525634765625,-2.17671537399292,-0.7919067144393921,0.748501181602478
1696964984588540000,6.222539794921875,0.6093206405639648,-0.8277824521064758,0.6830849647521973
1696964984598554400,6.232554443359375,-1.2086095809936523,-0.5059049129486084,0.4549006521701813
1696964984608568600,6.242568603515625,-1.7845458984375,-0.5965406894683838,0.3721563220024109
1696964984618582800,6.252582763671875,-0.031494140625,-0.6567639112472534,0.3141653537750244
1696964984628597000,6.262596923828125,-0.6194543838500977,-0.9168557524681091,0.6233538389205933
1696964984638611200,6.272611083984375,-2.133166790008545,-1.0084216594696045,0.23096337914466858
1696964984648625400,6.28262548828125,-0.4268217086791992,-0.6361238956451416,0.1209360659122467
1696964984658639600,6.2926396484375,-0.8222579956054688,-0.3240039050579071,0.23451346158981323
1696964984668653800,6.30265380859375,-1.9720087051391602,-1.0137563943862915,0.18257197737693787
1696964984678668000,6.31266796875,-0.18926239013671875,-0.5897766351699829,-0.09420838952064514
1696964984688682200,6.32268212890625,-0.47028255462646484,-0.6985815763473511,-0.027707427740097046
1696964984698696400,6.332696533203125,-2.3994569778442383,-1.059052586555481,-0.03207504749298096
1696964984708710700,6.342710693359375,0.09667110443115234,-0.5431560277938843,-0.021287202835083008
1696964984718724900,6.352724853515625,0.011297225952148438,-0.5481195449829102,0.2645234167575836
1696964984728739000,6.362739013671875,-2.3153486251831055,-0.9479545950889587,-0.07960061728954315
1696964984738753300,6.372753173828125,0.4198932647705078,-0.6572738289833069,0.18944060802459717
1696964984748767500,6.382767578125,-0.5547199249267578,-0.7155699729919434,-0.20350947976112366
1696964984758781700,6.39278173828125,-2.272686004638672,-0.8409186005592346,-0.256326287984848
1696964984768796000,6.4027958984375,0.8835344314575195,-0.3368995487689972,-0.1258942186832428
1696964984778810000,6.41281005859375,-1.2146825790405273,-0.32958266139030457,-0.21529486775398254
1696964984788824300,6.42282421875,-2.3380327224731445,-0.6501337289810181,-0.4122501611709595
1696964984798838500,6.432838623046875,0.40320587158203125,-0.41906610131263733,-0.538407027721405
1696964984808852700,6.442852783203125,-1.0768823623657227,-0.04071098566055298,-0.6153947114944458
1696964984818867000,6.452866943359375,-1.722081184387207,-0.40837255120277405,-0.6111481189727783
1696964984828881200,6.462881103515625,0.2917633056640625,-0.3674621880054474,-0.35736727714538574
1696964984838895600,6.4728955078125,-0.9918956756591797,0.36092615127563477,0.22630399465560913
1696964984848909800,6.482909912109375,-0.9104204177856445,-0.5225033760070801,-0.3823172450065613
1696964984858924000,6.492924072265625,0.20777511596679688,0.5196990370750427,0.11349329352378845
1696964984868938200,6.502938232421875,0.49227237701416016,0.06756371259689331,-0.17669929563999176
1696964984878952400,6.512952392578125,-2.1920886039733887,0.31406134366989136,-0.17360618710517883
1696964984888966700,6.522966552734375,1.5195541381835938,0.14656853675842285,-0.16972878575325012
1696964984898980900,6.53298095703125,-1.3100461959838867,0.14439654350280762,-0.17786216735839844
1696964984908995000,6.5429951171875,-1.1325702667236328,0.08621060848236084,-0.23085010051727295
1696964984919009300,6.55300927734375,1.5539979934692383,0.40136396884918213,-0.07953068614006042
1696964984929023500,6.5630234375,-0.9798097610473633,0.40906286239624023,-0.14525046944618225
1696964984939037700,6.57303759765625,0.20499038696289062,0.27687859535217285,0.07871660590171814
1696964984949052000,6.583052001953125,1.292043685913086,0.3830603361129761,0.1847328245639801
1696964984959066000,6.593066162109375,-1.088852882385254,0.28742289543151855,0.10076409578323364
1696964984969080300,6.603080322265625,0.48798370361328125,0.3105449676513672,0.04097247123718262
1696964984979094500,6.613094482421875,1.3393869400024414,0.38047921657562256,0.28247690200805664
1696964984989108700,6.623108642578125,0.08114910125732422,0.28827548027038574,0.039022475481033325
1696964984999123000,6.633123046875,0.904083251953125,0.2643141746520996,0.3153913617134094
1696964985009137200,6.64313720703125,2.2224559783935547,0.4620351791381836,0.26823386549949646
1696964985019151400,6.6531513671875,-0.8068466186523438,0.4370383024215698,0.20193317532539368
1696964985029165600,6.66316552734375,1.7189359664916992,0.14090991020202637,0.5214190483093262
1696964985039179800,6.6731796875,1.3238906860351562,0.505657434463501,0.3396504819393158
1696964985049194000,6.683194091796875,0.2266254425048828,0.4154846668243408,0.3755336105823517
1696964985059208200,6.693208251953125,2.037334442138672,0.16573035717010498,0.3168410658836365
1696964985069222400,6.703222412109375,1.3445301055908203,0.5546070337295532,0.408278226852417
1696964985079236900,6.71323681640625,0.08404922485351562,0.2828015089035034,0.3686579167842865
1696964985089251000,6.7232509765625,1.4692459106445312,0.03273904323577881,0.2668812870979309
1696964985099265300,6.733265380859375,1.2549762725830078,0.31773197650909424,0.5267375707626343
1696964985109279500,6.743279541015625,0.6442546844482422,-0.08439302444458008,0.3872953951358795
1696964985119293700,6.753293701171875,0.8520822525024414,0.06601238250732422,0.16519039869308472
1696964985129308000,6.763307861328125,1.1933107376098633,0.07644033432006836,0.4796154499053955
1696964985139322400,6.773322265625,-0.4927358627319336,-0.2131938934326172,0.4492644667625427
1696964985149336600,6.783336669921875,1.3134784698486328,-0.06278765201568604,0.5063802003860474
1696964985159350800,6.793350830078125,1.1853914260864258,-0.19187498092651367,0.4470592737197876
1696964985169365000,6.803364990234375,-1.0076351165771484,-0.3009124994277954,0.3227023780345917
1696964985179379500,6.81337939453125,2.009023666381836,-0.14612936973571777,0.4622928202152252
1696964985189393700,6.8233935546875,-0.36210155487060547,0.05930745601654053,0.3599614202976227
1696964985199407900,6.833407958984375,-1.2278289794921875,-0.4634263515472412,0.5189208984375
1696964985209422000,6.843422119140625,1.507558822631836,-0.051007628440856934,0.46196848154067993
1696964985219436500,6.8534365234375,-0.6951694488525391,-0.34687864780426025,0.18883654475212097
1696964985229450800,6.86345068359375,-0.9340391159057617,-0.39497196674346924,0.03761705756187439
1696964985239465000,6.87346484375,1.303903579711914,-0.4387916326522827,0.18178299069404602
1696964985249479200,6.883479248046875,-2.0167202949523926,-0.39770686626434326,0.10443463921546936
1696964985259493600,6.89349365234375,-0.5222492218017578,-0.5509213209152222,0.1877906620502472
1696964985269507800,6.9035078125,1.1604413986206055,-0.3084508180618286,0.3215937316417694
1696964985279522000,6.91352197265625,-1.495513916015625,-0.5497629642486572,0.29645419120788574
1696964985289536300,6.923536376953125,0.1889963150024414,-0.7282752990722656,0.10372164845466614
1696964985299550700,6.93355078125,0.6182146072387695,-0.344699501991272,0.3169768452644348
1696964985309565000,6.94356494140625,-1.5538644790649414,-0.6809934377670288,0.27109411358833313
1696964985319579100,6.9535791015625,0.5995607376098633,-0.7331753969192505,0.1341199278831482
1696964985329593300,6.96359326171875,0.4304046630859375,-0.40320539474487305,0.2209794819355011
1696964985339607800,6.97360791015625,-1.2199249267578125,-0.6893941164016724,0.1447957456111908
1696964985349622000,6.9836220703125,0.21120738983154297,-0.8343281745910645,0.028997749090194702
1696964985359636200,6.99363623046875,0.3157634735107422,-0.3772580623626709,0.20908504724502563
1696964985369650400,7.003650390625,-1.5492372512817383,-0.641067385673523,0.0917641818523407
1696964985379665000,7.013664794921875,0.6476240158081055,-0.5967326164245605,0.12236517667770386
1696964985389679000,7.02367919921875,0.2541494369506836,-0.48081398010253906,0.007584601640701294
1696964985399693300,7.033693359375,-1.3714380264282227,-0.7178729772567749,-0.02520272135734558
1696964985409707500,7.04370751953125,0.37110328674316406,-0.5358902215957642,-0.20939746499061584
1696964985419721700,7.0537216796875,-0.1935415267944336,-0.6795192956924438,0.09131649136543274
1696964985429736200,7.063736083984375,-0.49886131286621094,-0.5825884342193604,0.0285855233669281
1696964985439750400,7.07375048828125,-0.4260425567626953,-0.5711220502853394,-0.2898736596107483
1696964985449764600,7.0837646484375,1.223984718322754,-0.3842884302139282,0.16655868291854858
1696964985459778800,7.09377880859375,-0.7621068954467773,-0.5150997638702393,-0.39172202348709106
1696964985469793300,7.103793212890625,0.04295635223388672,-0.7399775981903076,0.02638089656829834
1696964985479807500,7.113807373046875,1.3862743377685547,-0.37479209899902344,-0.14675509929656982
1696964985489821700,7.12382177734375,-2.038243293762207,-0.32156574726104736,-0.012069851160049438
1696964985499836000,7.1338359375,1.4930534362792969,-0.6499682664871216,0.005494803190231323
1696964985509850400,7.143850341796875,1.0985593795776367,-0.15023553371429443,-0.043245911598205566
1696964985519864600,7.153864501953125,-1.9055938720703125,-0.31092679500579834,0.10649517178535461
1696964985529878800,7.163878662109375,1.9893379211425781,-0.6833878755569458,-0.1812509298324585
1696964985539893000,7.17389306640625,-0.06047534942626953,-0.17952466011047363,0.46668028831481934
1696964985549907200,7.1839072265625,-0.6096172332763672,-0.8941097259521484,-0.1788681298494339
1696964985559921700,7.193921630859375,0.0037384033203125,-0.2566795349121094,0.3547199070453644
1696964985569936000,7.203935791015625,2.188157081604004,-0.09310996532440186,0.2973116636276245
1696964985579950000,7.2139501953125,-2.351836681365967,-0.6578160524368286,0.06924769282341003
1696964985589964300,7.22396435546875,1.2759284973144531,-0.18814098834991455,-0.004778474569320679
1696964985599978500,7.233978515625,0.7195768356323242,-0.5320452451705933,0.1350288987159729
1696964985609992700,7.24399267578125,-2.6419668197631836,-0.2808288335800171,-0.018947482109069824
1696964985620007000,7.2540068359375,1.5702219009399414,-0.24708938598632812,-0.16322702169418335
1696964985630021000,7.264021240234375,-0.8368644714355469,-0.15584218502044678,0.3594871163368225
1696964985640035300,7.274035400390625,-0.8540277481079102,-0.7319220304489136,-0.37403208017349243
1696964985650049500,7.284049560546875,1.026423454284668,0.005358695983886719,0.1017184853553772
1696964985660063700,7.294063720703125,-0.4428071975708008,-0.4854004383087158,0.16996613144874573
1696964985670078000,7.304077880859375,-1.30206298828125,-0.2954057455062866,0.16186726093292236
1696964985680092200,7.314092041015625,1.735825538635254,-0.15545284748077393,-0.007023245096206665
1696964985690106400,7.3241064453125,-1.1878547668457031,-0.35460686683654785,0.19288912415504456
1696964985700120600,7.33412060546875,0.5013895034790039,-0.3716973066329956,0.007625222206115723
1696964985710134800,7.344134765625,1.5378494262695312,-0.5188157558441162,-0.4075598120689392
1696964985720149000,7.35414892578125,-2.2890477180480957,-0.20663869380950928,0.1726369559764862
1696964985730163200,7.3641630859375,2.050741195678711,-0.5656905174255371,0.18363553285598755
1696964985740177400,7.374177490234375,-0.0993337631225586,-0.2732834815979004,-0.13332289457321167
1696964985750191600,7.384191650390625,-0.36220741271972656,-0.4613398313522339,0.10637840628623962
1696964985760205800,7.394205810546875,1.4693670272827148,-0.4335991144180298,-0.2833000421524048
1696964985770220000,7.404219970703125,-0.36434078216552734,-0.25266528129577637,0.16362550854682922
1696964985780234200,7.414234130859375,0.26768016815185547,-0.6079308986663818,0.04276284575462341
1696964985790248400,7.42424853515625,-0.5213871002197266,-0.4733405113220215,0.11306890845298767
1696964985800263000,7.434262939453125,1.6928672790527344,-0.2451343536376953,0.2029430866241455
1696964985810277000,7.444277099609375,-1.0729942321777344,-0.27306509017944336,0.18056228756904602
1696964985820291300,7.454291259765625,0.5878582000732422,-0.6256152391433716,-0.3673359155654907
1696964985830305500,7.464305419921875,0.1332254409790039,-0.17146575450897217,0.379949152469635
1696964985840319700,7.47431982421875,-0.9517879486083984,-0.7033360004425049,-0.17417804896831512
1696964985850334000,7.484333984375,-0.007647514343261719,-0.3976895809173584,-0.12324070930480957
1696964985860348200,7.49434814453125,0.7335319519042969,-0.22844839096069336,0.2497308850288391
1696964985870362400,7.5043623046875,-1.1985063552856445,-0.5041947364807129,-0.2974216938018799
1696964985880376600,7.51437646484375,0.5104923248291016,-0.11498367786407471,0.0473959743976593
1696964985890390800,7.524390869140625,0.3714427947998047,-0.2884470224380493,-0.15586546063423157
1696964985900405000,7.534405029296875,-2.119204044342041,-0.4981648921966553,0.061784446239471436
1696964985910419200,7.544419189453125,1.8334016799926758,-0.15218865871429443,-0.051732927560806274
1696964985920433400,7.554433349609375,-0.6982879638671875,-0.2398533821105957,-0.2717846632003784
1696964985930447600,7.564447509765625,-0.6682529449462891,-0.4078342914581299,0.08259421586990356
1696964985940461800,7.5744619140625,1.6421566009521484,-0.3192099332809448,-0.17407023906707764
1696964985950476000,7.58447607421875,-0.9468994140625,-0.23088300228118896,0.0531294047832489
1696964985960490200,7.594490234375,0.1879110336303711,-0.9213483333587646,0.0378490686416626
1696964985970504400,7.60450439453125,1.6788320541381836,-0.18077301979064941,0.36577704548835754
1696964985980518700,7.6145185546875,0.040656089782714844,-0.4894540309906006,0.05742189288139343
1696964985990532900,7.624532958984375,0.26991844177246094,-0.6554667949676514,0.17730650305747986
1696964986000547000,7.634547119140625,2.3817672729492188,-0.14900732040405273,0.32932519912719727
1696964986010561300,7.644561279296875,-0.9303674697875977,-0.4617246389389038,0.1883157193660736
1696964986020575700,7.65457568359375,-0.0061931610107421875,-0.6202327013015747,-0.06619101762771606
1696964986030590000,7.66458984375,2.321873664855957,-0.3231995105743408,0.13316652178764343
1696964986040604200,7.674604248046875,-1.831507682800293,-0.4757828712463379,0.008725732564926147
1696964986050618400,7.684618408203125,0.8921146392822266,-0.4544179439544678,-0.04691118001937866
1696964986060632800,7.6946328125,0.40332698822021484,-0.31714963912963867,0.22361576557159424
1696964986070647000,7.70464697265625,-1.6188993453979492,-0.20440423488616943,-0.12066829204559326
1696964986080661200,7.7146611328125,-0.0806131362915039,-0.6449757814407349,-0.039731621742248535
1696964986090675500,7.724675537109375,0.8376131057739258,-0.04043304920196533,0.0652681291103363
1696964986100690000,7.73468994140625,-2.136200428009033,-0.6294184923171997,-0.042741477489471436
1696964986110704000,7.7447041015625,0.8794050216674805,-0.09411489963531494,0.10346409678459167
1696964986120718300,7.75471826171875,0.08986663818359375,-0.2510993480682373,0.23338615894317627
1696964986130732500,7.764732666015625,-2.147160053253174,-0.1345670223236084,0.25416743755340576
1696964986140747000,7.7747470703125,1.4139652252197266,-0.10281586647033691,0.07745593786239624
1696964986150761200,7.78476123046875,-0.8686819076538086,-0.16429483890533447,0.20236656069755554
1696964986160775400,7.794775390625,-0.3409900665283203,-0.43082547187805176,0.07001316547393799
1696964986170789600,7.80478955078125,0.5869865417480469,-0.2500765323638916,0.06030765175819397
1696964986180804000,7.81480419921875,-0.7426977157592773,-0.09052848815917969,-0.14382576942443848
1696964986190818300,7.824818359375,-0.7889070510864258,-0.04130208492279053,0.022129535675048828
1696964986200832500,7.83483251953125,0.4269695281982422,-0.36807525157928467,-0.10779571533203125
1696964986210846700,7.8448466796875,-0.5967235565185547,0.23840665817260742,-0.16782554984092712
1696964986220861200,7.854861083984375,-0.0887603759765625,-0.6035168170928955,-0.27922120690345764
1696964986230875400,7.86487548828125,0.3751029968261719,0.24718797206878662,-0.18091967701911926
1696964986240889600,7.8748896484375,-0.5049362182617188,-0.2812885046005249,-0.3043018579483032
1696964986250903800,7.88490380859375,-0.5182027816772461,-0.33212244510650635,-0.21579304337501526
1696964986260918300,7.894918212890625,1.3566150665283203,-0.022608399391174316,-0.2663882076740265
1696964986270932500,7.904932373046875,-1.2701234817504883,-0.41721785068511963,-0.45666876435279846
1696964986280946700,7.91494677734375,1.3564386367797852,0.1307225227355957,-0.010337591171264648
1696964986290961000,7.9249609375,0.1686410903930664,0.22882497310638428,-0.3163483142852783
1696964986300975400,7.934975341796875,-1.4806652069091797,-0.4641540050506592,-0.36158105731010437
1696964986310989600,7.944989501953125,1.9639997482299805,0.004667401313781738,-0.1413225531578064
1696964986321003800,7.955003662109375,-2.0403270721435547,0.003773331642150879,-0.42612898349761963
1696964986331018000,7.96501806640625,1.7109556198120117,-0.2985178232192993,-0.3933977782726288
1696964986341032400,7.975032470703125,0.0014276504516601562,0.33137035369873047,-0.26094233989715576
1696964986351046700,7.985046630859375,-0.44800567626953125,-0.4196861982345581,-0.31285402178764343
1696964986361060900,7.995060791015625,0.4708108901977539,0.02525031566619873,-0.10343629121780396
1696964986371075000,8.005074951171874,-0.23743629455566406,-0.15942883491516113,-0.42968377470970154
1696964986381089300,8.01508935546875,0.28862953186035156,-0.3539544343948364,-0.43099522590637207
1696964986391103700,8.025103759765624,0.651432991027832,0.026762843132019043,-0.22046604752540588
1696964986401118000,8.035117919921875,-0.11962127685546875,0.11180007457733154,-0.3364919126033783
1696964986411132200,8.045132080078124,0.5067710876464844,-0.3047541379928589,-0.2588765621185303
1696964986421146400,8.055146484375,-0.6985588073730469,-0.19652557373046875,-0.261846661567688
1696964986431160800,8.065160888671874,0.1488037109375,-0.29522550106048584,-0.2675393223762512
1696964986441175000,8.075175048828125,0.8748950958251953,0.13482236862182617,-0.6578490734100342
1696964986451189200,8.085189208984374,-1.0240755081176758,-0.11269152164459229,-0.5958325862884521
1696964986461203500,8.095203369140625,-0.18097972869873047,-0.4288063049316406,-0.2805706858634949
1696964986471218000,8.105218017578125,0.9144191741943359,-0.011265993118286133,-0.7312279939651489
1696964986481232100,8.115232177734375,-2.18464994430542,-0.33091235160827637,-0.5540562868118286
1696964986491246300,8.125246337890625,2.3032045364379883,-0.19370603561401367,-0.41911017894744873
1696964986501260500,8.135260498046875,-0.9465122222900391,0.12531375885009766,-0.5144474506378174
1696964986511275000,8.14527490234375,-0.9590215682983398,-0.439128041267395,-0.5608691573143005
1696964986521289200,8.155289306640626,1.5478706359863281,-0.10465776920318604,-0.052585750818252563
1696964986531303400,8.165303466796875,-1.5188961029052734,-0.06408321857452393,-0.5666724443435669
1696964986541317600,8.175317626953126,1.1080207824707031,-0.07328152656555176,-0.15053513646125793
1696964986551332000,8.18533203125,0.7810373306274414,-0.14540600776672363,-0.5930048227310181
1696964986561346300,8.19534619140625,-1.9689521789550781,0.13858914375305176,-0.21104323863983154
1696964986571360500,8.205360595703125,1.31878662109375,-0.6235921382904053,-0.19101984798908234
1696964986581374700,8.215374755859376,-0.07009124755859375,-0.026520252227783203,-0.1311008334159851
1696964986591389000,8.225388916015625,-0.13237380981445312,-0.27276575565338135,-0.2865895628929138
1696964986601403100,8.235403076171876,0.7615175247192383,-0.1272507905960083,-0.04367566108703613
1696964986611417600,8.24541748046875,-0.18180465698242188,0.07766032218933105,-0.35735905170440674
1696964986621431800,8.255431884765626,-0.6738481521606445,-0.307317852973938,-0.4282740652561188
1696964986631446000,8.265446044921875,0.44580554962158203,-0.35180580615997314,-0.2881503701210022
1696964986641460200,8.275460205078126,-0.8885908126831055,-0.4179726839065552,-0.21671965718269348
1696964986651474400,8.285474365234375,0.1357574462890625,-0.24016344547271729,-0.42569252848625183
1696964986661488600,8.295488525390626,0.37454795837402344,-0.03003990650177002,-0.2597277760505676
1696964986671502800,8.3055029296875,-0.7878894805908203,-0.32907724380493164,-0.11135420203208923
1696964986681517000,8.31551708984375,-0.07426834106445312,-0.6832798719406128,-0.26810792088508606
1696964986691531300,8.32553125,1.3692998886108398,-0.20876848697662354,-0.08826154470443726
1696964986701545500,8.33554541015625,-1.0858097076416016,-0.5901368856430054,-0.07316148281097412
1696964986711560400,8.345560546875,1.1577606201171875,-0.8715775012969971,-0.2102968394756317
1696964986721574100,8.35557421875,1.852910041809082,0.09399175643920898,-0.10690063238143921
1696964986731587800,8.365587890625,-1.7070636749267578,-0.7967738509178162,-0.14571169018745422
1696964986741601500,8.3756015625,1.603419303894043,-0.5398551225662231,-0.3336639702320099
1696964986751615500,8.385615478515625,1.700627326965332,-0.248634934425354,-0.24059513211250305
1696964986761629200,8.395629150390626,-1.9072299003601074,-0.9772029519081116,-0.4399733543395996
1696964986771643100,8.40564306640625,2.7758684158325195,-0.2840137481689453,-0.4675144553184509
1696964986781657000,8.415656982421876,0.10315227508544922,-0.40504181385040283,-0.13436682522296906
1696964986791671000,8.425671142578125,-1.1304874420166016,-0.7779160737991333,-0.21067100763320923
1696964986801685200,8.435685302734376,2.6956100463867188,-0.2176833152770996,-0.27683302760124207
1696964986811699500,8.445699462890625,-0.6842918395996094,-0.2759283781051636,-0.17342638969421387
1696964986821714000,8.4557138671875,-0.4153585433959961,-0.46337735652923584,-0.09979477524757385
1696964986831728400,8.465728271484375,1.607487678527832,-0.2309800386428833,-0.1560622602701187
1696964986841742800,8.475742919921874,-1.1535530090332031,-0.3539104461669922,-0.03123721480369568
1696964986851757600,8.485757568359375,-0.45809078216552734,-0.22160494327545166,-0.4060157537460327
1696964986861772000,8.49577197265625,1.411825180053711,-0.10854387283325195,-0.15974776446819305
1696964986871786800,8.505786865234375,-1.4110145568847656,-0.30699682235717773,-0.6413110494613647
1696964986881801500,8.515801513671875,-0.37090301513671875,-0.4939373731613159,-0.7383797764778137
1696964986891816000,8.52581591796875,0.6864910125732422,-0.4137153625488281,-0.9244104623794556
1696964986901830700,8.53583056640625,-2.125169277191162,-0.28837287425994873,-0.6428405046463013
1696964986911844900,8.545844970703126,0.5893220901489258,-0.914379358291626,-1.0606895685195923
1696964986921859000,8.555859130859375,0.1391458511352539,-0.26926255226135254,-0.8881030082702637
1696964986931873500,8.56587353515625,-0.5686168670654297,-0.4622516632080078,-0.8558601140975952
1696964986941887700,8.5758876953125,0.09714603424072266,-1.062552809715271,-0.8574041128158569
1696964986951902000,8.58590185546875,1.3442087173461914,-0.26473021507263184,-0.7266367673873901
1696964986961916700,8.595916748046875,-0.43149757385253906,-0.5592076778411865,-0.4397534132003784
1696964986971930400,8.605930419921876,0.013594627380371094,-0.7921966910362244,-0.5839848518371582
1696964986981944000,8.615944091796875,1.9352855682373047,-0.19108915328979492,-0.12024068832397461
1696964986991958000,8.6259580078125,-0.970001220703125,-0.6423114538192749,-0.7441188097000122
1696964987001971700,8.6359716796875,0.8961858749389648,-0.6249209642410278,-0.5589044094085693
1696964987011985700,8.645985595703126,1.6735830307006836,-0.3509485721588135,-0.5178124904632568
1696964987021999400,8.655999267578125,-2.0144872665405273,-0.4358607530593872,-0.5835713744163513
1696964987032013300,8.666013427734375,1.1778783798217773,-0.652310848236084,-0.6061532497406006
1696964987042027500,8.676027587890625,1.0470895767211914,-0.5350209474563599,-0.2900315821170807
1696964987052041700,8.686041748046875,-1.7557926177978516,-0.40108048915863037,-0.7692266702651978
1696964987062056000,8.696055908203125,1.532125473022461,-0.7226266860961914,-0.683812141418457
1696964987072070400,8.7060703125,-0.9845075607299805,-0.2013007402420044,-0.11938539147377014
1696964987082084600,8.716084716796875,0.17449951171875,-0.48289716243743896,-0.396694540977478
1696964987092099000,8.72609912109375,0.017156600952148438,-0.6399716138839722,-0.534186601638794
1696964987102113800,8.73611376953125,0.35185813903808594,-0.13274991512298584,0.2483329176902771
1696964987112128300,8.746128173828126,-0.2216777801513672,-0.7359458208084106,-0.5962700843811035
1696964987122143000,8.75614306640625,-0.818425178527832,-0.06445372104644775,0.09970059990882874
1696964987132157400,8.766157470703124,2.080228805541992,-0.312394380569458,-0.04505375027656555
1696964987142172200,8.776172119140625,-2.540700912475586,-0.493544340133667,-0.11131730675697327
1696964987152186600,8.7861865234375,1.570317268371582,-0.254435658454895,-0.014199912548065186
1696964987162201000,8.796201171875,0.3203134536743164,-0.35406529903411865,-0.36180630326271057
1696964987172215300,8.80621533203125,-1.9028778076171875,-0.2700777053833008,-0.1565084159374237
1696964987182229500,8.8162294921875,1.911067008972168,-0.4251532554626465,-0.24251243472099304
1696964987192243700,8.82624365234375,-2.0881199836730957,-0.10960137844085693,-0.1452447772026062
1696964987202258000,8.8362578125,0.4590463638305664,-0.12013113498687744,0.019077450037002563
1696964987212272000,8.846272216796875,0.8506183624267578,-0.5563806295394897,-0.07885739207267761
1696964987222286300,8.856286376953125,-1.5887298583984375,-0.5893511772155762,-0.04413026571273804
1696964987232300500,8.866300537109375,0.8477592468261719,-0.024369478225708008,-0.29658496379852295
1696964987242314800,8.876314697265625,0.4158287048339844,-0.2944059371948242,0.0909900963306427
1696964987252329000,8.886328857421875,-0.010400772094726562,-0.5729954242706299,-0.2460479438304901
1696964987262343200,8.89634326171875,0.046894073486328125,-0.49051153659820557,-0.12838822603225708
1696964987272357400,8.906357421875,1.2894515991210938,-0.47232067584991455,-0.12077906727790833
1696964987282371600,8.91637158203125,-0.1090555191040039,-0.2967653274536133,0.1257123351097107
1696964987292385800,8.9263857421875,0.5267667770385742,-0.8991883397102356,-0.40098628401756287
1696964987302400000,8.93639990234375,1.0272903442382812,-0.11451518535614014,0.0899941623210907
1696964987312414200,8.946414306640625,0.7576284408569336,-0.5688033103942871,-0.5340723395347595
1696964987322428400,8.956428466796876,-1.1798038482666016,-0.8595958948135376,-0.5486268997192383
1696964987332442600,8.966442626953125,2.517375946044922,-0.5005544424057007,-0.13864922523498535
1696964987342456800,8.976456787109376,-1.2824325561523438,-0.34040403366088867,-0.8126791715621948
1696964987352471300,8.98647119140625,0.26874732971191406,-0.3369123935699463,-0.2058171182870865
1696964987362485500,8.996485595703126,1.946385383605957,-0.23847675323486328,-0.29151731729507446
1696964987372499700,9.006499755859375,-2.4545583724975586,-0.4005178213119507,-0.3195909559726715
1696964987382514000,9.016513916015626,0.9205455780029297,-0.6090272665023804,-0.35393205285072327
1696964987392528100,9.026528076171875,0.8952693939208984,-0.29018867015838623,-0.2914177179336548
1696964987402542300,9.036542236328126,-1.5916471481323242,-0.12111461162567139,-0.39945152401924133
1696964987412556500,9.046556640625,0.5726222991943359,-0.32368600368499756,-0.6883277893066406
1696964987422570800,9.05657080078125,-0.12584209442138672,0.17323017120361328,0.010542541742324829
1696964987432585000,9.0665849609375,-1.3055391311645508,-0.8013433218002319,-0.7042452096939087
1696964987442599200,9.07659912109375,-0.7334413528442383,-0.07905197143554688,-0.27652013301849365
1696964987452613400,9.08661328125,0.5401067733764648,-0.23642921447753906,-0.5421515107154846
1696964987462627600,9.096627685546874,-2.270683765411377,-0.15924036502838135,-0.3746389150619507
1696964987472641800,9.106641845703125,0.5876026153564453,-0.1515582799911499,-0.6520022749900818
1696964987482656000,9.116656005859374,-0.11049652099609375,-0.26470160484313965,-0.7530992031097412
1696964987492670200,9.126670166015625,-2.858431816101074,-0.06100308895111084,-0.3684350252151489
1696964987502684400,9.136684326171874,1.946798324584961,-0.34788191318511963,-0.5192129015922546
1696964987512698600,9.14669873046875,-1.6847028732299805,-0.18406832218170166,-0.3817187249660492
1696964987522712800,9.156712890625,-0.22325515747070312,-0.20497846603393555,-0.2791122496128082
1696964987532727000,9.16672705078125,-0.37044525146484375,-0.2698882818222046,-0.6177789568901062
1696964987542741200,9.1767412109375,-0.4843931198120117,0.04301595687866211,-0.09571996331214905
1696964987552755500,9.18675537109375,0.6448698043823242,-0.27432167530059814,-0.5062939524650574
1696964987562769700,9.196769775390624,-1.5311651229858398,-0.44595444202423096,-0.021810472011566162
1696964987572783900,9.206783935546875,0.7950878143310547,-0.39108431339263916,-0.14081837236881256
1696964987582798000,9.216798095703124,-1.1516265869140625,-0.23038268089294434,0.027210533618927002
1696964987592812500,9.2268125,1.1876049041748047,0.0655815601348877,0.005995064973831177
1696964987602826800,9.23682666015625,-0.21022605895996094,-0.19269752502441406,-0.027928650379180908
1696964987612841000,9.246841064453125,-1.3141822814941406,0.002413511276245117,0.4389193058013916
1696964987622855200,9.256855224609374,1.7186603546142578,-0.2162613868713379,0.18937397003173828
1696964987632869400,9.266869384765625,-0.6845245361328125,0.06420731544494629,0.5449079275131226
1696964987642883600,9.276883544921875,-0.3823890686035156,-0.3626028299331665,0.3207225501537323
1696964987652897800,9.286897705078125,0.7126388549804688,0.10748445987701416,0.5697609186172485
1696964987662912000,9.296912109375,0.12746047973632812,-0.054305076599121094,0.350802481174469
1696964987672926200,9.30692626953125,-1.3021669387817383,-0.30597376823425293,0.23680266737937927
1696964987682940400,9.3169404296875,0.4874887466430664,-0.2042241096496582,0.28803688287734985
1696964987692954600,9.32695458984375,0.7968606948852539,-0.06624877452850342,0.001230686902999878
1696964987702968800,9.33696875,-0.9979438781738281,-0.6308176517486572,-0.9093443155288696
1696964987712983800,9.34698388671875,1.9575347900390625,-0.5930744409561157,-0.7603449821472168
1696964987722998300,9.356998291015625,-0.5945024490356445,-0.09974348545074463,-0.4480593800544739
1696964987733012500,9.367012451171876,-0.3783531188964844,-1.157592535018921,-1.0759341716766357
1696964987743026700,9.377026611328125,1.6484880447387695,-0.8110295534133911,-0.011500835418701172
1696964987753041000,9.387041015625,1.463165283203125,-1.5096282958984375,0.05825012922286987
1696964987763055000,9.39705517578125,-0.6099491119384766,0.12105154991149902,-1.0436848402023315
1696964987773069300,9.4070693359375,2.516757011413574,-0.1870131492614746,-1.0144561529159546
1696964987783083500,9.41708349609375,0.4325294494628906,-0.4750478267669678,-0.6872422695159912
1696964987793097700,9.42709765625,-3.109915256500244,1.4873874187469482,-0.4156125783920288
1696964987803112000,9.43711181640625,2.7419939041137695,0.5467722415924072,-1.159334659576416
1696964987813126100,9.447126220703124,-2.6259660720825195,-2.2620062828063965,0.17369312047958374
1696964987823140400,9.457140380859375,2.8607187271118164,0.23570716381072998,1.2198834419250488
1696964987833154600,9.467154541015624,0.6518764495849609,-0.4694293737411499,-2.403104305267334
1696964987843168800,9.477168701171875,-2.4856553077697754,-0.6754127740859985,-1.0312120914459229
1696964987853183000,9.487182861328124,1.7311019897460938,-0.2299039363861084,-1.765864610671997
1696964987863197400,9.497197509765625,-3.6635665893554688,0.33747291564941406,-1.101263403892517
1696964987873211600,9.507211669921874,0.540410041809082,-0.8243528604507446,-2.5613744258880615
1696964987883225900,9.517225830078125,-1.4096612930297852,-0.33508729934692383,0.27194494009017944
1696964987893240000,9.527239990234374,-1.9951858520507812,0.7553777694702148,0.8058441877365112
1696964987903254300,9.537254150390625,1.3119087219238281,2.7355430126190186,-0.3265267014503479
1696964987913268500,9.5472685546875,-5.219435691833496,-1.1561365127563477,0.22634899616241455
1696964987923282700,9.55728271484375,0.014413833618164062,-0.30953478813171387,1.8983103036880493
1696964987933297000,9.567296875,1.7729263305664062,-0.8484930992126465,2.278380870819092
1696964987943311000,9.57731103515625,-0.27349376678466797,-1.4055538177490234,-1.4171462059020996
1696964987953325300,9.5873251953125,1.169534683227539,0.11104631423950195,-1.0295684337615967
1696964987963339500,9.597339599609375,0.03840827941894531,0.2760331630706787,-0.8865781426429749
1696964987973353700,9.607353759765624,-4.359789848327637,-0.9737045764923096,-0.5286134481430054
1696964987983368000,9.617367919921875,2.5174074172973633,-1.3914600610733032,-1.071230173110962
1696964987993382100,9.627382080078124,1.0006866455078125,0.22649335861206055,1.5740528106689453
1696964988003396400,9.637396240234375,0.9018936157226562,0.35369813442230225,1.378495454788208
1696964988013410600,9.64741064453125,0.22052478790283203,0.3579096794128418,-0.23189878463745117
1696964988023424800,9.6574248046875,-1.027578353881836,-1.0761942863464355,-1.1440632343292236
1696964988033439000,9.66743896484375,0.417236328125,-0.6793869733810425,-1.2576637268066406
1696964988043453200,9.677453125,3.4029226303100586,-2.041201591491699,-0.7730835676193237
1696964988053467400,9.68746728515625,-0.22361469268798828,-1.3951150178909302,0.7473742365837097
1696964988063481600,9.697481689453125,2.1039628982543945,-0.13001877069473267,0.6556645035743713
1696964988073495800,9.707495849609375,-0.03770923614501953,0.7668278813362122,0.7139365673065186
1696964988083510000,9.717510009765626,2.5664587020874023,0.47853076457977295,0.9546229839324951
1696964988093524200,9.727524169921875,2.1011428833007812,0.06147575378417969,-0.22946515679359436
1696964988103538700,9.73753857421875,-0.6422748565673828,-0.4701715111732483,-0.6662349700927734
1696964988113553000,9.747552978515625,-2.07938814163208,-0.7432453632354736,-0.6324146389961243
1696964988123567000,9.757567138671876,-0.057707786560058594,-1.0022579431533813,-0.7536220550537109
1696964988133581300,9.767581298828125,0.6879978179931641,-0.04347217082977295,-2.479464530944824
1696964988143595500,9.777595458984376,-0.3313722610473633,-0.40143370628356934,-1.4926890134811401
1696964988153609700,9.787609619140625,-0.5933542251586914,-0.6901265382766724,-1.2177579402923584
1696964988163624000,9.7976240234375,-1.8913655281066895,-0.19550007581710815,-0.7970132827758789
1696964988173638100,9.80763818359375,0.7747898101806641,0.5091243386268616,-0.7946442365646362
1696964988183652400,9.81765234375,1.5237741470336914,-0.2878692150115967,-0.46835193037986755
1696964988193666600,9.82766650390625,-0.5637264251708984,-0.26420027017593384,-0.5424068570137024
1696964988203680800,9.8376806640625,1.8654670715332031,-1.4377169609069824,-0.43157732486724854
1696964988213695000,9.847695068359375,0.9338645935058594,-1.6152907609939575,0.027373462915420532
1696964988223709200,9.857709228515626,1.3807315826416016,-1.3804998397827148,-0.6444903612136841
1696964988233723400,9.867723388671875,0.9043073654174805,-0.5739599466323853,0.27525752782821655
1696964988243737600,9.877737548828126,1.4994134902954102,-0.19421637058258057,0.07219380140304565
1696964988253751800,9.887751708984375,0.6498680114746094,0.08274662494659424,-0.29156532883644104
1696964988263766000,9.89776611328125,0.433258056640625,-0.5961570739746094,0.33369526267051697
1696964988273780200,9.9077802734375,-0.251007080078125,-0.309861421585083,-0.11221903562545776
1696964988283794400,9.91779443359375,-1.3733253479003906,-0.06562161445617676,0.14392557740211487
1696964988293808600,9.92780859375,1.3156461715698242,-0.1680440902709961,0.10543975234031677
1696964988303822800,9.93782275390625,-1.2484607696533203,-0.708727240562439,0.2782471477985382
1696964988313837000,9.947837158203125,-0.858769416809082,-0.08030819892883301,0.3256354331970215
1696964988323851300,9.957851318359374,0.3384122848510742,-0.14892196655273438,0.2649238109588623
1696964988333865700,9.96786572265625,-1.8942680358886719,0.014545142650604248,0.4456813931465149
1696964988343880000,9.9778798828125,-1.8466997146606445,-0.1601390838623047,0.3817386031150818
1696964988353894100,9.98789404296875,-1.3358278274536133,0.5310076475143433,0.368184357881546
1696964988363908400,9.997908447265624,-1.2371854782104492,0.584213137626648,0.9380766749382019
1696964988373922600,10.007922607421875,-1.1676807403564453,0.3286128044128418,0.6996654272079468
1696964988383936800,10.017936767578124,-0.37705039978027344,0.12838727235794067,1.1625386476516724
1696964988393951000,10.027950927734375,2.285167694091797,-0.3576793670654297,-0.3442447781562805
1696964988403965200,10.037965087890624,-3.2594380378723145,-1.3561997413635254,-1.1004612445831299
1696964988413979400,10.0479794921875,1.6123676300048828,-0.3750184178352356,0.4362471103668213
1696964988423993600,10.05799365234375,0.714900016784668,-1.4646193981170654,-0.8284908533096313
1696964988434007800,10.0680078125,-0.798039436340332,-1.981335997581482,-0.6287786960601807
1696964988444022000,10.07802197265625,1.62237548828125,-3.3646013736724854,0.9725527763366699
1696964988454036200,10.0880361328125,1.9425392150878906,2.7562429904937744,-0.938144326210022
1696964988464050400,10.098050537109375,0.4188194274902344,-0.9805237650871277,-1.2376832962036133
1696964988474064600,10.108064697265625,0.9570226669311523,-0.07647013664245605,-0.4732566475868225
1696964988484078800,10.118078857421875,1.0846385955810547,-0.8729147911071777,-1.400820016860962
1696964988494093000,10.128093017578125,-1.7281017303466797,-1.1911340951919556,-0.19281047582626343
1696964988504107300,10.138107177734375,0.03487205505371094,1.3032195568084717,0.014588326215744019
1696964988514121500,10.14812158203125,1.3926315307617188,-0.08234769105911255,1.441528081893921
1696964988524135700,10.1581357421875,0.7959222793579102,0.3561322093009949,2.2923035621643066
1696964988534150000,10.16814990234375,1.9273910522460938,-0.7786561846733093,-0.9161540269851685
1696964988544164000,10.1781640625,-3.664212226867676,-0.5236059427261353,-0.005976319313049316
1696964988554178300,10.18817822265625,3.9719181060791016,-0.0025000572204589844,-0.4208228588104248
1696964988564192500,10.198192626953125,-1.9915847778320312,-0.11966812610626221,-0.5801331400871277
1696964988574207000,10.20820703125,0.5074090957641602,-0.3459777235984802,-0.0620635449886322
1696964988584221200,10.21822119140625,-0.42004871368408203,-1.556957483291626,0.07343247532844543
1696964988594235400,10.2282353515625,-2.1252102851867676,-0.0198972225189209,1.077945590019226
1696964988604249600,10.23824951171875,1.4310827255249023,-0.30292028188705444,0.47900256514549255
1696964988614263800,10.248263916015626,-1.9412240982055664,1.4679756164550781,0.4957663416862488
1696964988624278000,10.258278076171875,0.5815744400024414,1.9776735305786133,0.23438191413879395
1696964988634292200,10.268292236328126,-2.052713394165039,-1.906592845916748,1.122244119644165
1696964988644306400,10.278306396484375,-0.610137939453125,-0.791459321975708,2.161190986633301
1696964988654320600,10.288320556640626,-2.634772300720215,-1.3878638744354248,1.0240172147750854
1696964988664334800,10.2983349609375,-2.1085829734802246,0.9137665033340454,-0.08004668354988098
1696964988674349000,10.30834912109375,1.9197025299072266,1.890644907951355,0.3936610221862793
1696964988684363300,10.31836328125,1.8760786056518555,2.2692601680755615,-1.5497071743011475
1696964988694377500,10.32837744140625,-1.766169548034668,-0.6510308980941772,-0.7071077227592468
1696964988704391700,10.3383916015625,-1.5619449615478516,-1.95205819606781,0.91444331407547
1696964988714406000,10.348406005859376,-1.8362360000610352,-1.3417491912841797,1.8875552415847778
1696964988724420000,10.358420166015625,0.8339939117431641,0.32341229915618896,0.7662992477416992
1696964988734434300,10.368434326171876,2.4275379180908203,0.1724509596824646,-0.5589945912361145
1696964988744448500,10.378448486328125,-0.4799003601074219,1.3234095573425293,-1.2986841201782227
1696964988754462700,10.388462646484374,0.2904529571533203,0.13600438833236694,-1.0382059812545776
1696964988764477000,10.398476806640625,-2.7265701293945312,-1.6303526163101196,-0.760701060295105
1696964988774491100,10.4084912109375,1.3227348327636719,0.14711666107177734,-1.8701863288879395
1696964988784505300,10.41850537109375,-2.279301166534424,-1.1944396495819092,-1.602000117301941
1696964988794519600,10.42851953125,2.2892656326293945,-0.620876669883728,-2.2084872722625732
1696964988804533800,10.43853369140625,1.0029182434082031,0.019812285900115967,-1.9687122106552124
1696964988814548200,10.44854833984375,0.06301689147949219,-0.09638142585754395,-1.8146085739135742
1696964988824562400,10.4585625,3.02548885345459,-1.1434317827224731,-1.0766314268112183
1696964988834576600,10.46857666015625,-0.7812232971191406,-0.6117528080940247,0.6131676435470581
1696964988844590800,10.4785908203125,1.8678102493286133,-0.9588403105735779,-1.1017762422561646
1696964988854605000,10.48860498046875,1.801614761352539,0.016169965267181396,0.8517496585845947
1696964988864619300,10.498619384765625,-1.4138908386230469,-0.7688815593719482,-0.5791488885879517
1696964988874633500,10.508633544921874,-1.5866613388061523,-0.10893410444259644,-1.4365884065628052
1696964988884647700,10.518647705078125,-0.11037921905517578,0.025331556797027588,-2.017111301422119
1696964988894662000,10.528661865234374,-2.078032970428467,0.5969970226287842,-1.0041167736053467
1696964988904676000,10.538676025390625,-2.020326614379883,0.548448383808136,-1.0953019857406616
1696964988914690300,10.548690185546874,-0.557276725769043,-1.832466959953308,-2.8236162662506104
1696964988924704500,10.55870458984375,-0.15899944305419922,-1.2615891695022583,-2.8836231231689453
1696964988934718700,10.56871875,0.1331920623779297,0.24894767999649048,-2.9535093307495117
1696964988944733000,10.57873291015625,-0.26383113861083984,-0.410470575094223,-3.083946466445923
1696964988954747100,10.5887470703125,1.6389598846435547,1.5876741409301758,0.2301425039768219
1696964988964761300,10.59876123046875,-1.6577396392822266,0.024960100650787354,-0.11855970323085785
1696964988974775600,10.608775634765625,2.0067567825317383,0.08634406328201294,-1.608362078666687
1696964988984789800,10.618789794921875,-0.5879907608032227,-0.8546692132949829,-1.2729889154434204
1696964988994804000,10.628803955078125,0.5648155212402344,-0.8142279386520386,-0.28553691506385803
1696964989004818200,10.638818115234375,0.9270181655883789,-1.3505996465682983,-0.4016282558441162
1696964989014832400,10.648832275390625,0.5421590805053711,-0.83277428150177,0.7502313852310181
1696964989024846600,10.6588466796875,0.3117866516113281,0.38054412603378296,0.8443828821182251
1696964989034860800,10.66886083984375,-0.4349365234375,0.6286299824714661,1.2875171899795532
1696964989044875000,10.678875,1.9893512725830078,-0.9710028171539307,-0.338471919298172
1696964989054889500,10.688889404296875,-1.1031103134155273,0.6895380616188049,1.606608271598816
1696964989064903700,10.698903564453126,2.784745216369629,0.011596620082855225,-0.012491211295127869
1696964989074918000,10.70891796875,-1.1313304901123047,-0.049723267555236816,0.20557303726673126
1696964989084932000,10.71893212890625,-0.3975992202758789,-0.9537348747253418,-0.4007360637187958
1696964989094946300,10.7289462890625,-2.1839194297790527,1.0394201278686523,0.9367396235466003
1696964989104960500,10.73896044921875,2.4805049896240234,-0.008192777633666992,0.049696072936058044
1696964989114974700,10.748974609375,-1.6110353469848633,-0.695193886756897,-0.35790014266967773
1696964989124989000,10.758989013671876,-1.0962934494018555,-0.40252742171287537,0.22403809428215027
1696964989135003100,10.769003173828125,0.8280181884765625,0.45287150144577026,0.040424540638923645
1696964989145017300,10.779017333984376,-0.9995832443237305,0.5358099937438965,0.4149375855922699
1696964989155031600,10.789031494140625,0.603856086730957,-0.9682997465133667,-0.2924956679344177
1696964989165045800,10.799045654296876,0.2630729675292969,-0.49974325299263,0.715855062007904
1696964989175060000,10.80906005859375,1.3949975967407227,0.04847162961959839,0.3212526738643646
1696964989185074200,10.81907421875,-1.069580078125,-0.4273766577243805,0.5492842197418213
1696964989195088400,10.82908837890625,2.473756790161133,0.07700395584106445,0.7690337896347046
1696964989205102600,10.8391025390625,-0.06003570556640625,-1.0204238891601562,-0.15417197346687317
1696964989215116800,10.84911669921875,-2.468984603881836,0.38474005460739136,0.014715045690536499
1696964989225131000,10.859131103515624,1.9859018325805664,-0.499725878238678,0.14628994464874268
1696964989235145200,10.869145263671875,-0.3797941207885742,-0.45485177636146545,-0.26985689997673035
1696964989245159400,10.879159423828124,-1.158315658569336,-1.1308341026306152,-0.41303399205207825
1696964989255173600,10.889173583984375,0.22547054290771484,-0.2735724449157715,-0.08950738608837128
1696964989265187800,10.899187744140624,-0.8074483871459961,-0.1740126609802246,0.32545000314712524
1696964989275202000,10.9092021484375,-0.9015035629272461,-0.7121384739875793,-0.15818442404270172
1696964989285216300,10.91921630859375,-0.04395866394042969,-1.1224870681762695,-0.28678494691848755
1696964989295230700,10.929230712890625,-0.30685901641845703,-0.3757871687412262,0.15565067529678345
1696964989305245000,10.939244873046874,-0.7219400405883789,-0.027991771697998047,0.8484158515930176
1696964989315259100,10.949259033203125,1.1098814010620117,-0.8568060398101807,-0.2822211682796478
1696964989325273300,10.9592734375,-0.11603069305419922,-0.798588752746582,0.9120248556137085
1696964989335287600,10.96928759765625,0.08952713012695312,-0.3702370822429657,1.1296597719192505
1696964989345301800,10.9793017578125,0.22791004180908203,0.002675175666809082,0.6073089838027954
1696964989355316000,10.98931591796875,1.2355194091796875,-1.292673110961914,0.44996434450149536
1696964989365330200,10.999330078125,-0.04793262481689453,-0.11449027061462402,-0.09057259559631348
1696964989375344400,11.009344482421875,-0.35408592224121094,-1.1972355842590332,0.15320366621017456
1696964989385358600,11.019358642578124,2.2371063232421875,-1.2684428691864014,-0.3839990496635437
1696964989395372800,11.029372802734375,-1.6345882415771484,-0.521334171295166,-0.7930070757865906
1696964989405387000,11.039386962890624,0.20436859130859375,-0.6185504198074341,-0.9924231767654419
1696964989415401200,11.049401123046875,-0.16903972625732422,1.215050220489502,-0.6074159145355225
1696964989425415400,11.05941552734375,1.5612297058105469,0.879205584526062,-1.346166968345642
1696964989435429600,11.0694296875,-1.6829137802124023,-0.4718031585216522,-0.6326896548271179
1696964989445443800,11.07944384765625,0.43778419494628906,-1.3469589948654175,0.1337888240814209
1696964989455458000,11.0894580078125,0.3363065719604492,0.6385897397994995,0.9418156147003174
1696964989465472300,11.09947216796875,-0.15235328674316406,-0.10045719146728516,-0.18911772966384888
1696964989475486500,11.109486572265626,0.5978822708129883,0.3835834264755249,-0.7809369564056396
1696964989485500700,11.119500732421875,0.49098777770996094,-1.301058292388916,0.41166433691978455
1696964989495515000,11.129514892578126,0.6661252975463867,-0.09322476387023926,0.576246976852417
1696964989505529000,11.139529052734375,0.13370895385742188,-0.8120723962783813,-0.2961843013763428
1696964989515543300,11.149543212890626,0.22853565216064453,-0.7439169883728027,-1.0075615644454956
1696964989525557800,11.159557861328125,0.4379386901855469,-0.28383228182792664,-0.16873152554035187
1696964989535572000,11.169572021484376,-0.24203014373779297,-0.6667205095291138,-0.8513156175613403
1696964989545586200,11.179586181640625,-0.08902454376220703,-0.9983691573143005,-1.1558490991592407
1696964989555600400,11.189600341796876,0.9146184921264648,0.1545814871788025,-0.9313066005706787
1696964989565614600,11.199614501953125,0.0948019027709961,-0.127333402633667,0.08755716681480408
1696964989575628800,11.20962890625,1.6425609588623047,-0.7957475185394287,0.6099010705947876
1696964989585643000,11.21964306640625,-1.080887794494629,-0.9158284664154053,0.998560905456543
1696964989595657200,11.2296572265625,-0.6436395645141602,-0.7289040684700012,0.6045821309089661
1696964989605671400,11.23967138671875,0.5237159729003906,-0.07930797338485718,1.1966882944107056
1696964989615685600,11.249685546875,1.5974512100219727,-0.8440535068511963,0.5725149512290955
1696964989625699800,11.259699951171875,-0.9012594223022461,-0.48039621114730835,1.047560214996338
1696964989635714000,11.269714111328126,0.864079475402832,-0.8192360401153564,0.7562369108200073
1696964989645728300,11.279728271484375,-1.2693510055541992,-0.4363727867603302,0.7231439352035522
1696964989655742500,11.289742431640626,-0.34411144256591797,-0.6374771595001221,0.9494518041610718
1696964989665756700,11.299756591796875,0.05352306365966797,-1.000502109527588,0.24067796766757965
1696964989675771000,11.30977099609375,-1.5283622741699219,-0.06638801097869873,-0.3338463306427002
1696964989685785000,11.31978515625,1.586451530456543,0.45243018865585327,0.8019582033157349
1696964989695799300,11.32979931640625,-0.018035888671875,-1.2884774208068848,-0.0781145691871643
1696964989705813500,11.3398134765625,-2.345317840576172,-0.7537705302238464,-0.4912926256656647
1696964989715827700,11.34982763671875,1.3355770111083984,-0.05698859691619873,0.6836870908737183
1696964989725842000,11.359842041015625,-0.9946403503417969,0.20197570323944092,0.3124072253704071
1696964989735856000,11.369856201171874,-0.7104053497314453,-0.7822117209434509,-0.32516467571258545
1696964989745870300,11.379870361328125,0.7539844512939453,-0.5460735559463501,-0.6844512224197388
1696964989755884500,11.389884521484374,-0.5429296493530273,0.5333813428878784,-0.39422622323036194
1696964989765899000,11.39989892578125,-0.14964866638183594,0.7170851826667786,-1.462661862373352
1696964989775913200,11.409913330078124,-1.3152446746826172,-0.423873633146286,-1.6711361408233643
1696964989785927400,11.419927490234375,-1.2642745971679688,-0.5839429497718811,-0.9587390422821045
1696964989795941600,11.429941650390624,0.029137611389160156,-0.29003283381462097,-1.0189330577850342
1696964989805955800,11.439955810546875,0.03851795196533203,0.013217806816101074,-1.5992138385772705
1696964989815970000,11.449969970703124,0.8077049255371094,-0.5584290027618408,-1.7145544290542603
1696964989825984300,11.459984375,-0.32698917388916016,-1.0388919115066528,-1.2799619436264038
1696964989835998500,11.46999853515625,0.1466503143310547,0.29652243852615356,-0.33002713322639465
1696964989846012700,11.4800126953125,2.4446983337402344,-0.14939278364181519,-0.7068756222724915
1696964989856027000,11.49002685546875,-0.4049549102783203,-1.1232247352600098,-1.8463551998138428
1696964989866041000,11.500041015625,-0.24196338653564453,-1.500023603439331,-0.9553373456001282
1696964989876055300,11.51005517578125,2.6114139556884766,1.1793239116668701,-0.5842989087104797
1696964989886069500,11.520069580078125,-0.0141448974609375,-0.22170612215995789,-1.6018829345703125
1696964989896083700,11.530083740234375,-1.0563669204711914,-1.1417293548583984,-2.310577392578125
1696964989906098000,11.540097900390625,-0.09352493286132812,-0.755943775177002,-1.4258965253829956
1696964989916112100,11.550112060546875,0.31267738342285156,0.31516844034194946,-1.5702263116836548
1696964989926126300,11.560126220703125,-1.2080249786376953,-0.5527229309082031,-2.322436809539795
1696964989936140500,11.570140625,-1.2052545547485352,-1.3984884023666382,-2.2007713317871094
1696964989946154800,11.58015478515625,-0.40907955169677734,-0.6046150922775269,-1.0453176498413086
1696964989956169000,11.5901689453125,0.19882488250732422,-0.8079959154129028,-1.5837405920028687
1696964989966183200,11.60018310546875,0.3129911422729492,-1.0969853401184082,-1.082430362701416
1696964989976197400,11.610197265625,0.6514749526977539,-0.3622250258922577,0.20381063222885132
1696964989986211600,11.620211669921876,1.4480161666870117,-0.171193927526474,0.4016930162906647
1696964989996225800,11.630225830078125,0.3596210479736328,-0.6872924566268921,-0.47371241450309753
1696964990006240300,11.640240234375,0.6120576858520508,-0.7051858305931091,-0.09986093640327454
1696964990016254500,11.65025439453125,-0.0010213851928710938,-0.22758153080940247,-0.054331544786691666
1696964990026268700,11.6602685546875,-0.11094951629638672,-0.08775216341018677,-0.3372226059436798
1696964990036283000,11.670282958984375,0.830902099609375,-0.45692798495292664,-0.6519314050674438
1696964990046297000,11.680297119140626,-0.6572589874267578,-0.9787293672561646,0.09141325950622559
1696964990056311300,11.690311279296875,-0.2207345962524414,0.05667012929916382,0.381819486618042
1696964990066325500,11.700325439453126,0.3439178466796875,-0.22277036309242249,0.23565208911895752
1696964990076339700,11.710339599609375,0.1089181900024414,-0.21714350581169128,0.40113574266433716
1696964990086354000,11.72035400390625,-0.39762306213378906,-0.3444126546382904,0.34339284896850586
1696964990096368000,11.7303681640625,-0.5543079376220703,0.4599466323852539,0.8183767795562744
1696964990106382300,11.74038232421875,0.9477720260620117,-0.0916140079498291,0.5637322664260864
1696964990116396500,11.750396484375,-0.2490520477294922,-0.22831067442893982,0.6450314521789551
1696964990126410800,11.76041064453125,-0.9938650131225586,-0.44785428047180176,0.6760651469230652
1696964990136425000,11.770425048828125,1.1688051223754883,0.18359529972076416,1.0333143472671509
1696964990146439200,11.780439208984374,0.5926475524902344,0.5391907691955566,0.8950355052947998
1696964990156453400,11.790453369140625,-0.22103500366210938,-0.3490425646305084,0.28252357244491577
1696964990166467600,11.800467529296874,-0.9037294387817383,-0.20580485463142395,0.4291538894176483
1696964990176481800,11.810481689453125,1.6027603149414062,0.32935839891433716,0.7383115291595459
1696964990186496000,11.82049609375,0.3135795593261719,0.3908783793449402,0.6072983741760254
1696964990196510200,11.83051025390625,0.14084434509277344,-0.3096689283847809,-0.18576650321483612
1696964990206524400,11.8405244140625,-0.4757661819458008,0.13296043872833252,0.15019860863685608
1696964990216538600,11.85053857421875,1.1360454559326172,0.25003933906555176,0.5147491097450256
1696964990226552800,11.860552734375,-0.4292001724243164,0.23549503087997437,-0.21509671211242676
1696964990236567000,11.870567138671875,-0.0026950836181640625,-0.23996451497077942,-0.35713836550712585
1696964990246581500,11.88058154296875,0.9389791488647461,0.17806661128997803,0.5325202941894531
1696964990256595700,11.890595703125,-0.7977466583251953,-0.03338688611984253,-0.4212527275085449
1696964990266610000,11.90060986328125,-0.6474876403808594,0.3090299963951111,-0.38669049739837646
1696964990276624100,11.9106240234375,0.6733818054199219,-0.02990436553955078,0.048687249422073364
1696964990286638300,11.920638427734374,0.18454551696777344,0.07572388648986816,-0.19076569378376007
1696964990296652500,11.930652587890625,-0.7284107208251953,0.2868584990501404,-0.5078858733177185
1696964990306666800,11.940666748046874,0.7597618103027344,-0.46143969893455505,-0.3026452362537384
1696964990316681000,11.950680908203125,-0.6226987838745117,-0.438895046710968,-0.5541682839393616
1696964990326695200,11.960695068359374,-1.4956321716308594,0.8421695232391357,-0.2282513529062271
1696964990336709400,11.97070947265625,1.4140329360961914,0.4102862477302551,-0.38990694284439087
1696964990346723600,11.9807236328125,-0.8401279449462891,-0.6312917470932007,-0.2662908434867859
1696964990356737800,11.99073779296875,0.4381256103515625,-0.20695355534553528,-0.44146379828453064
1696964990366752000,12.000751953125,-0.8385190963745117,0.6010218262672424,-0.3451996445655823
1696964990376766200,12.01076611328125,1.1754474639892578,-0.08850222826004028,-0.11074671149253845
1696964990386780400,12.020780517578125,-0.9725379943847656,-0.45500749349594116,-0.566922128200531
1696964990396794600,12.030794677734375,-1.2140207290649414,0.27924680709838867,-0.12301917374134064
1696964990406808800,12.040808837890625,1.8240623474121094,0.6419858932495117,-0.18900902569293976
1696964990416823000,12.050822998046876,-0.22577667236328125,-0.15007466077804565,-0.029927387833595276
1696964990426837200,12.060837158203125,-0.33960533142089844,-0.36346128582954407,-0.4867306649684906
1696964990436851500,12.0708515625,-0.7354106903076172,0.1868775486946106,0.15547789633274078
1696964990446865700,12.08086572265625,1.2403812408447266,0.49386680126190186,-0.1986950933933258
1696964990456879900,12.0908798828125,-1.2380332946777344,0.13198161125183105,-0.2479541003704071
1696964990466894000,12.10089404296875,0.23221492767333984,-0.20790129899978638,-0.26579171419143677
1696964990476908300,12.110908203125,0.2843484878540039,0.7466937303543091,0.26427650451660156
1696964990486922800,12.1209228515625,0.31726837158203125,0.04943704605102539,-0.0468861386179924
1696964990496937000,12.13093701171875,-1.2222261428833008,0.08625847101211548,-0.4501703381538391
1696964990506951200,12.140951171875,0.37218761444091797,0.04340171813964844,0.11568380892276764
1696964990516965400,12.15096533203125,-0.010807037353515625,0.45620328187942505,-0.0017527937889099121
1696964990526979600,12.1609794921875,-0.09203243255615234,0.05348688364028931,-0.5214736461639404
1696964990536993800,12.170993896484376,-0.1824321746826172,0.1426486372947693,0.1502784788608551
1696964990547008000,12.181008056640625,0.4631633758544922,0.04656308889389038,0.08016921579837799
1696964990557022200,12.191022216796876,-0.5413446426391602,0.2017081379890442,-0.20017705857753754
1696964990567036400,12.201036376953125,0.31058788299560547,-0.0515018105506897,-0.08769990503787994
1696964990577050600,12.211050537109376,0.8022327423095703,0.19509941339492798,0.015765443444252014
1696964990587064800,12.22106494140625,-0.13156700134277344,-0.03140372037887573,-0.22803224623203278
1696964990597079000,12.2310791015625,0.11261653900146484,0.15364974737167358,0.010314449667930603
1696964990607093200,12.24109326171875,0.9677791595458984,0.167122483253479,0.08368237316608429
1696964990617107500,12.251107421875,0.2727317810058594,-0.1478472352027893,-0.17127850651741028
1696964990627121700,12.26112158203125,-0.6263341903686523,-0.430215984582901,-0.37180620431900024
1696964990637136000,12.271135986328124,1.7361059188842773,0.11465656757354736,0.07933752238750458
1696964990647150000,12.281150146484375,0.030913352966308594,0.16165781021118164,0.34810084104537964
1696964990657164300,12.291164306640624,-0.3275613784790039,0.20337951183319092,-0.28121230006217957
1696964990667178500,12.301178466796875,1.2648506164550781,-0.16289961338043213,-0.25150400400161743
1696964990677192700,12.311192626953124,0.08639144897460938,0.04386258125305176,-0.08041641861200333
1696964990687207000,12.32120703125,-0.24338054656982422,-0.23587501049041748,-0.18073958158493042
1696964990697221000,12.33122119140625,-0.10385894775390625,-0.38256821036338806,-0.45845621824264526
1696964990707235300,12.3412353515625,0.6755256652832031,0.38607561588287354,0.11521846055984497
1696964990717249500,12.35124951171875,0.9466896057128906,0.1217840313911438,-0.36982667446136475
1696964990727264000,12.361263916015625,-1.8272008895874023,-0.36893782019615173,-0.558099627494812
1696964990737278200,12.3712783203125,1.0017623901367188,-0.12465065717697144,0.03170226514339447
1696964990747292400,12.38129248046875,0.2973642349243164,0.2415977120399475,-0.1636187732219696
1696964990757306600,12.391306640625,-1.0223369598388672,-0.1847805380821228,-0.45017898082733154
1696964990767320800,12.40132080078125,1.164499282836914,0.027566194534301758,-0.22142726182937622
1696964990777335000,12.4113349609375,0.0005750656127929688,0.23460334539413452,0.3369162082672119
1696964990787349200,12.421349365234375,-0.6443033218383789,-0.6009964942932129,-0.4766002297401428
1696964990797363500,12.431363525390625,-0.011853218078613281,0.2173604965209961,-0.13057123124599457
1696964990807377700,12.441377685546875,1.536935806274414,0.0691339373588562,0.05507403612136841
1696964990817391900,12.451391845703125,-1.3866052627563477,-0.10634595155715942,-0.2982322871685028
1696964990827406000,12.461406005859375,0.6002740859985352,-0.07443815469741821,-0.2586347758769989
1696964990837420300,12.471420166015625,0.5177431106567383,0.13337671756744385,-0.0808696448802948
1696964990847434500,12.4814345703125,-0.5679712295532227,-0.29680168628692627,-0.18297982215881348
1696964990857448700,12.49144873046875,-0.6334466934204102,0.10991156101226807,-0.2967190742492676
1696964990867463000,12.501462890625,1.045806884765625,0.10667198896408081,-0.09058475494384766
1696964990877477000,12.51147705078125,-0.2945985794067383,-0.17435234785079956,-0.31640100479125977
1696964990887491300,12.5214912109375,-1.4692487716674805,0.1584925651550293,-0.5390355587005615
1696964990897505500,12.531505615234375,0.6037168502807617,0.13395512104034424,-0.005871191620826721
1696964990907519700,12.541519775390626,0.37328052520751953,-0.09073293209075928,-0.1489829123020172
1696964990917534000,12.551533935546875,-1.2571496963500977,-0.14424902200698853,-0.16009679436683655
1696964990927548200,12.561548095703126,0.9396152496337891,0.4190549850463867,-0.0013598799705505371
1696964990937562400,12.571562255859375,-0.5055532455444336,-0.3652743995189667,-0.23434212803840637
1696964990947576600,12.58157666015625,-0.8722705841064453,0.13761109113693237,-0.13425220549106598
1696964990957591000,12.591591064453125,1.0178298950195312,0.3355518579483032,-0.058299437165260315
1696964990967605200,12.601605224609376,-0.1410980224609375,-0.30695170164108276,-0.12612678110599518
1696964990977619500,12.611619384765625,-0.699519157409668,-0.3815443813800812,-0.40097957849502563
1696964990987633700,12.621633544921876,-0.6691913604736328,0.5954418182373047,0.4219905436038971
1696964990997648000,12.63164794921875,1.3303728103637695,-0.31752699613571167,-0.27576160430908203
1696964991007662000,12.641662109375,-1.3060083389282227,-0.10815531015396118,-0.22336873412132263
1696964991017676300,12.65167626953125,0.3031282424926758,0.24936681985855103,-0.25319457054138184
1696964991027690500,12.6616904296875,0.5317983627319336,-0.06286203861236572,0.04612994194030762
1696964991037704700,12.67170458984375,-0.5826168060302734,-0.20518016815185547,-0.49823901057243347
1696964991047719000,12.681718994140626,-0.8393726348876953,0.03561973571777344,-0.13208025693893433
1696964991057733000,12.691733154296875,0.7926664352416992,-0.06777346134185791,-0.1870780736207962
1696964991067747300,12.701747314453126,0.3892173767089844,0.08530044555664062,0.015937715768814087
1696964991077761500,12.711761474609375,-0.16565322875976562,-0.27294570207595825,-0.32283300161361694
1696964991087775700,12.721775634765624,-0.5286178588867188,0.26930803060531616,0.2249092310667038
1696964991097790000,12.7317900390625,1.8242321014404297,-0.13594895601272583,-0.014359205961227417
1696964991107804200,12.74180419921875,-1.6400833129882812,-0.08035075664520264,-0.33674901723861694
1696964991117818400,12.751818359375,0.5527400970458984,-0.28077417612075806,-0.24301645159721375
1696964991127832600,12.76183251953125,0.2648477554321289,0.05203789472579956,0.21078023314476013
1696964991137846800,12.7718466796875,0.2929668426513672,-0.1550564169883728,-0.41467201709747314
1696964991147861000,12.781861083984374,-0.6633090972900391,0.010293424129486084,-0.1628926396369934
1696964991157875200,12.791875244140625,0.8293237686157227,0.08692270517349243,0.02651965618133545
1696964991167889400,12.801889404296874,-0.1424999237060547,-0.06520527601242065,-0.18648181855678558
1696964991177903600,12.811903564453125,-0.677337646484375,0.08735692501068115,-0.32484960556030273
1696964991187917800,12.821917724609374,0.6290292739868164,-0.3483872413635254,-0.16405218839645386
1696964991197932300,12.831932373046875,0.04963493347167969,0.06428194046020508,-0.4163702726364136
1696964991207946500,12.841946533203124,-0.9111709594726562,0.06027477979660034,0.188035249710083
1696964991217960700,12.851960693359375,1.7866744995117188,-0.2102242112159729,-0.7576507329940796
1696964991227975000,12.861974853515624,-1.1374797821044922,0.28054189682006836,0.29566705226898193
1696964991237989000,12.871989013671875,0.29909706115722656,-0.050749123096466064,-0.3627375364303589
1696964991248003300,12.88200341796875,-0.6333866119384766,-0.15245544910430908,-0.36351847648620605
1696964991258017500,12.892017578125,1.365900993347168,-0.08612465858459473,-0.11441604048013687
1696964991268031700,12.90203173828125,-1.0696611404418945,0.1450212597846985,-0.1698884516954422
1696964991278046000,12.9120458984375,0.5195369720458984,0.026002883911132812,-0.44071248173713684
1696964991288060200,12.92206005859375,0.4516572952270508,0.1520366668701172,0.030457988381385803
1696964991298074400,12.932074462890625,-1.155050277709961,-0.012187302112579346,-0.14826983213424683
1696964991308088600,12.942088623046875,0.36273193359375,0.16496682167053223,-0.41480016708374023
1696964991318102800,12.952102783203125,0.6440677642822266,0.028336822986602783,-0.04905492067337036
1696964991328117000,12.962116943359375,-0.6954307556152344,-0.05994415283203125,-0.37522462010383606
1696964991338131200,12.972131103515625,0.06131935119628906,0.1655387282371521,-0.0874568521976471
1696964991348145400,12.9821455078125,1.1223945617675781,0.12407475709915161,-0.06527410447597504
1696964991358159600,12.99215966796875,-1.4894695281982422,0.12148070335388184,-0.2637619972229004
1696964991368173800,13.002173828125,0.44483375549316406,-0.016376256942749023,-0.10852498561143875
1696964991378188000,13.01218798828125,0.6638898849487305,0.19091743230819702,-0.13981232047080994
1696964991388202200,13.0222021484375,-0.7043437957763672,-0.04102104902267456,-0.4417009949684143
1696964991398216400,13.032216552734376,0.16243934631347656,0.17881202697753906,0.0077393800020217896
1696964991408230700,13.042230712890625,0.4203624725341797,0.22844552993774414,-0.07997915148735046
1696964991418244900,13.052244873046876,-1.1527233123779297,-0.022801339626312256,-0.4453083276748657
1696964991428259000,13.062259033203125,0.0066394805908203125,0.2215135097503662,-0.10090785473585129
1696964991438273500,13.0722734375,0.5517892837524414,0.27021723985671997,-0.41394102573394775
1696964991448287700,13.082287841796875,-1.193751335144043,-0.013536393642425537,-0.4158751964569092
1696964991458302000,13.092302001953126,0.9502468109130859,0.25849664211273193,-0.19944918155670166
1696964991468316200,13.102316162109375,-0.5808601379394531,0.17206037044525146,-0.2856142520904541
1696964991478330400,13.112330322265626,-1.1864252090454102,0.005549192428588867,-0.28599870204925537
1696964991488344600,13.122344482421875,1.3352537155151367,0.18996071815490723,-0.34296053647994995
1696964991498358800,13.13235888671875,-1.2004451751708984,0.4102901220321655,-0.19077327847480774
1696964991508373000,13.142373046875,0.2598905563354492,0.11498516798019409,-0.4263685345649719
1696964991518387200,13.15238720703125,0.6994543075561523,0.3347700834274292,0.07117374241352081
1696964991528401400,13.1624013671875,-1.008336067199707,0.357255756855011,-0.1966303586959839
1696964991538415600,13.17241552734375,0.3514671325683594,-0.17001467943191528,0.11506056785583496
1696964991548429800,13.182429931640625,0.7475738525390625,0.5155057311058044,-0.2214207649230957
1696964991558444000,13.192444091796874,-1.2708587646484375,0.192410409450531,-0.1210414469242096
1696964991568458200,13.202458251953125,1.8099050521850586,0.32110440731048584,0.1974310278892517
1696964991578472400,13.212472412109374,-0.8989620208740234,0.315250039100647,-0.1744278371334076
1696964991588486700,13.222486572265625,0.30259227752685547,0.03857356309890747,0.13118000328540802
1696964991598500900,13.2325009765625,0.6510705947875977,0.40773963928222656,0.11026495695114136
1696964991608515000,13.24251513671875,-0.788874626159668,0.10870462656021118,-0.4295501708984375
1696964991618529300,13.252529296875,0.7854137420654297,0.4998258948326111,0.16476520895957947
1696964991628543500,13.26254345703125,-0.06203937530517578,0.4184154272079468,-0.06645560264587402
1696964991638557700,13.2725576171875,-0.29605674743652344,0.4697689414024353,0.0349181592464447
1696964991648572000,13.282572021484375,0.6750583648681641,0.10782301425933838,-0.22857308387756348
1696964991658586000,13.292586181640624,-0.10539722442626953,0.5168216228485107,-0.014647766947746277
1696964991668600300,13.302600341796875,0.2391347885131836,0.17916923761367798,-0.07685689628124237
1696964991678614800,13.31261474609375,-0.1578826904296875,0.664249062538147,-0.0261259526014328
1696964991688629000,13.32262890625,0.8079261779785156,0.48965150117874146,-0.05349411070346832
1696964991698643200,13.332643310546874,0.017770767211914062,0.2268652319908142,0.17858374118804932
1696964991708657400,13.342657470703125,-0.1352996826171875,0.3317895531654358,-0.1344561129808426
1696964991718671600,13.352671630859374,1.1701278686523438,0.5278617143630981,0.01192203164100647
1696964991728685800,13.362685791015625,-0.940302848815918,0.19122344255447388,-0.157776340842247
1696964991738700000,13.372699951171874,1.7241344451904297,0.7142749428749084,-0.24245019257068634
1696964991748714200,13.38271435546875,-1.2619333267211914,0.2411709427833557,-0.04711724817752838
1696964991758728200,13.392728271484375,1.4746475219726562,0.41316092014312744,-0.21952718496322632
1696964991768742400,13.402742431640625,-0.06731700897216797,0.4501686692237854,-0.1353006809949875
1696964991778756600,13.412756591796875,-0.20592880249023438,0.35942065715789795,-0.050495654344558716
1696964991788770800,13.422770751953125,1.0327463150024414,0.19667774438858032,-0.4128963053226471
1696964991798785000,13.432784912109375,-1.4834461212158203,0.41012680530548096,-0.2359359860420227
1696964991808799200,13.44279931640625,1.4354400634765625,0.5948847532272339,-0.06042206287384033
1696964991818813200,13.452813232421875,-0.8281927108764648,0.32673466205596924,-0.5965748429298401
1696964991828827400,13.462827392578125,0.18217086791992188,0.6323223114013672,-0.03527110815048218
1696964991838841600,13.472841552734375,-0.09991264343261719,0.3024768829345703,-0.14472509920597076
1696964991848855800,13.482855712890625,-0.5058870315551758,0.6746165752410889,-0.4695247709751129
1696964991858870000,13.4928701171875,0.021317481994628906,0.21199870109558105,-0.11132277548313141
1696964991868884200,13.50288427734375,-0.8580245971679688,0.6840994358062744,-0.62208092212677
1696964991878898400,13.5128984375,-0.09589576721191406,0.5908998250961304,-0.1403968781232834
1696964991888912400,13.522912353515625,-0.28678035736083984,0.33566200733184814,-0.8084422945976257
1696964991898926600,13.532926513671875,-0.7255373001098633,0.6157810688018799,-0.06501726806163788
1696964991908940800,13.54294091796875,-0.5517606735229492,0.447656512260437,-0.7478233575820923
1696964991918955000,13.552955078125,0.0853586196899414,0.5462113618850708,-0.23758664727210999
1696964991928969200,13.56296923828125,-0.6220808029174805,0.35810530185699463,-0.4675371050834656
1696964991938983400,13.5729833984375,-0.4914541244506836,0.6775563955307007,-0.47850751876831055
1696964991948997400,13.582997314453126,-0.3229379653930664,0.4991055727005005,-0.12984389066696167
1696964991959011600,13.593011474609375,-0.4033470153808594,0.2733011245727539,-0.6996670365333557
1696964991969025800,13.60302587890625,-0.45487308502197266,0.5021777153015137,-0.016955435276031494
1696964991979040000,13.6130400390625,0.37775325775146484,0.27668237686157227,-0.6184428930282593
1696964991989054200,13.62305419921875,-0.38762760162353516,0.6764509677886963,-0.10519188642501831
1696964991999068400,13.633068359375,0.08156585693359375,0.3122509717941284,-0.49486613273620605
1696964992009082600,13.64308251953125,0.043346405029296875,0.6303763389587402,0.18606586754322052
1696964992019096800,13.653096923828125,-0.12410354614257812,0.1033928394317627,-0.4383133351802826
1696964992029111000,13.663111083984376,0.024580955505371094,0.6560007333755493,-0.000618472695350647
1696964992039125200,13.673125244140625,0.40678882598876953,0.2768975496292114,-0.17554199695587158
1696964992049139500,13.683139404296876,-0.4493427276611328,0.5415002107620239,-0.12114071846008301
1696964992059153700,13.693153564453125,0.2302722930908203,0.43082547187805176,-0.03685930371284485
1696964992069167900,13.70316796875,0.4833860397338867,0.5840868949890137,-0.22509120404720306
1696964992079182000,13.71318212890625,-0.9848566055297852,0.35238170623779297,0.05646783113479614
1696964992089196300,13.7231962890625,0.8193111419677734,0.5325469970703125,-0.05697542428970337
1696964992099210500,13.73321044921875,-0.1476593017578125,0.5946557521820068,-0.0689941793680191
1696964992109224700,13.743224609375,-0.0995626449584961,0.5169897079467773,0.04734015464782715
1696964992119239000,13.753239013671875,0.6657085418701172,0.47410261631011963,-0.19266018271446228
1696964992129253000,13.763253173828126,-1.3525705337524414,0.44805145263671875,-0.06354063749313354
1696964992139267300,13.773267333984375,1.202829360961914,0.9577279090881348,0.018609359860420227
1696964992149281500,13.783281494140626,-0.9073953628540039,0.3695574998855591,-0.21134591102600098
1696964992159295700,13.793295654296875,0.3230428695678711,0.3925982713699341,-0.047384113073349
1696964992169310200,13.803310302734374,-0.4182577133178711,0.8148249387741089,-0.3729453980922699
1696964992179324400,13.813324462890625,0.09418582916259766,0.616186261177063,0.07837164402008057
1696964992189338600,13.823338623046874,-0.18800640106201172,0.3563324213027954,0.09367077052593231
1696964992199352800,13.833352783203125,0.5199556350708008,0.8410815000534058,-0.20771034061908722
1696964992209367000,13.843366943359374,-0.9485454559326172,0.39460015296936035,-0.12855732440948486
1696964992219381200,13.85338134765625,1.3907766342163086,0.756240963935852,-0.04538087546825409
1696964992229395500,13.8633955078125,-1.4368276596069336,0.3699038028717041,0.0115479975938797
1696964992239409700,13.87340966796875,0.7983016967773438,0.7718141078948975,-0.10852488875389099
1696964992249424000,13.883423828125,-0.5892677307128906,0.49005019664764404,-0.009474009275436401
1696964992259438000,13.89343798828125,0.02846240997314453,0.705276608467102,-0.46943235397338867
1696964992269452300,13.903452392578124,-0.11479949951171875,0.33391714096069336,-0.18134532868862152
1696964992279466500,13.913466552734375,-0.16707897186279297,0.7155500650405884,-0.19138845801353455
1696964992289480700,13.923480712890624,-0.1905231475830078,0.5173537731170654,-0.19946542382240295
1696964992299495000,13.933494873046875,-0.2329397201538086,0.4578235149383545,-0.36231502890586853
1696964992309509000,13.943509033203124,-0.32343578338623047,0.6070411205291748,-0.1537298560142517
1696964992319523300,13.9535234375,0.4171638488769531,0.3920326232910156,-0.4673821032047272
1696964992329537500,13.96353759765625,-1.111593246459961,0.683569073677063,0.17018036544322968
1696964992339551700,13.9735517578125,1.1372413635253906,0.7393429279327393,-0.5159479379653931
1696964992349566000,13.98356591796875,-1.0112066268920898,0.3732950687408447,0.2096598595380783
1696964992359580200,13.993580078125,0.959904670715332,0.5468249320983887,-0.48477739095687866
1696964992369594400,14.003594482421875,-0.7481555938720703,0.35579001903533936,-0.4480467438697815
1696964992379608600,14.013608642578125,0.24726581573486328,0.817352294921875,-0.28191056847572327
1696964992389622800,14.023622802734375,1.0785484313964844,0.35842716693878174,-0.19631661474704742
1696964992399637000,14.033636962890625,-0.7688694000244141,0.44358277320861816,-0.40441781282424927
1696964992409651500,14.0436513671875,0.20328807830810547,0.32697784900665283,-0.17921744287014008
1696964992419665700,14.053665771484376,0.3988056182861328,0.5639897584915161,-0.3819509446620941
1696964992429679900,14.063679931640625,-0.4000368118286133,0.13530170917510986,-0.03775453567504883
1696964992439694000,14.073694091796876,0.762293815612793,0.8176504373550415,-0.7090842127799988
1696964992449708300,14.083708251953125,-0.5103254318237305,0.34334325790405273,0.04604557156562805
1696964992459722500,14.093722412109376,0.030900955200195312,0.5768823623657227,-0.4006957411766052
1696964992469736700,14.10373681640625,0.4134788513183594,0.37172460556030273,-0.06403841078281403
1696964992479751000,14.1137509765625,-0.7246561050415039,0.6265929937362671,-0.3233414590358734
1696964992489765000,14.12376513671875,-0.27841854095458984,0.5530450344085693,-0.33377760648727417
1696964992499779300,14.133779296875,0.4776878356933594,0.7832454442977905,-0.5061594843864441
1696964992509793500,14.14379345703125,-1.449366569519043,0.2980051040649414,0.044915661215782166
1696964992519807700,14.153807861328126,0.46587276458740234,0.8991121053695679,-0.743050217628479
1696964992529822000,14.163822021484375,-1.6330080032348633,0.21172714233398438,-0.12256073951721191
1696964992539836200,14.173836181640626,0.6694707870483398,0.8536721467971802,-0.5691569447517395
1696964992549850400,14.183850341796875,-1.205190658569336,0.40929436683654785,-0.09329354017972946
1696964992559864600,14.193864501953126,0.4461050033569336,0.6888978481292725,-0.4534645080566406
1696964992569878800,14.203878662109375,-0.9166736602783203,0.1734614372253418,-0.3936101496219635
1696964992579893000,14.21389306640625,0.571293830871582,0.8607994318008423,-0.3271833062171936
1696964992589907200,14.2239072265625,-0.161041259765625,0.049054622650146484,-0.4386872947216034
1696964992599921400,14.23392138671875,-0.1945962905883789,0.7936387062072754,-0.04908387362957001
1696964992609935600,14.243935546875,0.8047018051147461,0.2514461278915405,-0.5353811979293823
1696964992619949800,14.25394970703125,-0.3635578155517578,0.6443783044815063,0.013874590396881104
1696964992629964000,14.263964111328125,0.6931238174438477,0.03377938270568848,-0.3414565920829773
1696964992639978200,14.273978271484374,0.32346630096435547,0.6213239431381226,-0.37615856528282166
1696964992649992700,14.28399267578125,0.00206756591796875,0.19758307933807373,-0.39790400862693787
1696964992660007000,14.2940068359375,0.8431882858276367,0.6512154340744019,-0.25126516819000244
1696964992670021000,14.304021240234375,0.03795146942138672,0.13046681880950928,-0.29574835300445557
1696964992680035300,14.314035400390624,0.9888553619384766,0.6994837522506714,-0.2365550845861435
1696964992690049500,14.324049560546875,-0.19900035858154297,-0.036957740783691406,-0.17594844102859497
1696964992700063700,14.334063720703124,1.0440196990966797,0.5272762775421143,-0.3245893716812134
1696964992710078000,14.344077880859375,-0.24426746368408203,0.18292880058288574,-0.055969610810279846
1696964992720092200,14.354092041015624,0.9606761932373047,0.3541114330291748,-0.1598208248615265
1696964992730106400,14.3641064453125,0.27484130859375,0.23864448070526123,-0.5878640413284302
1696964992740120600,14.37412060546875,-0.538111686706543,0.4950801134109497,0.10426907241344452
1696964992750134800,14.384134765625,0.9492912292480469,-0.21261143684387207,-0.30030491948127747
1696964992760149000,14.39414892578125,-0.7300815582275391,0.8603781461715698,-0.21880269050598145
1696964992770163200,14.4041630859375,0.4948301315307617,0.028553128242492676,-0.3260435461997986
1696964992780177400,14.414177490234374,-0.05075645446777344,0.42657995223999023,-0.41456103324890137
1696964992790191600,14.424191650390625,-0.4187746047973633,0.17314767837524414,-0.4291185736656189
1696964992800205800,14.434205810546874,-0.24054241180419922,0.1937929391860962,-0.18568329513072968
1696964992810220000,14.444219970703125,-0.34514808654785156,0.4565507173538208,-0.6712636947631836
1696964992820234200,14.454234130859374,-0.5925264358520508,0.02809274196624756,-0.1359190195798874
1696964992830248400,14.46424853515625,-0.3951730728149414,0.4347379207611084,-0.3741740882396698
1696964992840262700,14.4742626953125,-0.1455678939819336,0.09339678287506104,-0.3155108392238617
1696964992850276900,14.48427685546875,-1.0005159378051758,0.25501132011413574,-0.5570098757743835
1696964992860291000,14.494291015625,-0.4104642868041992,-0.11175060272216797,0.1494780331850052
1696964992870305300,14.50430517578125,0.41277217864990234,0.41752493381500244,-0.910270631313324
1696964992880319500,14.514319580078125,-1.9588046073913574,-0.09342086315155029,-0.014819145202636719
1696964992890334000,14.524333984375,1.5441608428955078,0.1516709327697754,-0.17209765315055847
1696964992900348200,14.53434814453125,-1.8622689247131348,-0.26957952976226807,-0.03956809639930725
1696964992910362400,14.5443623046875,1.0715532302856445,0.24991178512573242,-0.2961934208869934
1696964992920376600,14.55437646484375,-0.842564582824707,0.004409670829772949,-0.23902088403701782
1696964992930390800,14.564390869140626,0.5881776809692383,0.1689469814300537,-0.26524877548217773
1696964992940405000,14.574405029296875,-0.09194660186767578,-0.012884259223937988,-0.244371697306633
1696964992950419200,14.584419189453126,0.7254600524902344,0.2929854393005371,-0.38968104124069214
1696964992960433400,14.594433349609375,-0.365997314453125,0.1251763105392456,-0.48809725046157837
1696964992970447600,14.604447509765626,0.7628002166748047,0.30602574348449707,-0.34274816513061523
1696964992980461800,14.6144619140625,-0.5676975250244141,-0.3972752094268799,-0.6543757915496826
1696964992990476000,14.62447607421875,0.8627328872680664,0.5255117416381836,-0.3061414659023285
1696964993000490200,14.634490234375,-0.6256322860717773,0.22257637977600098,-0.5624106526374817
1696964993010504400,14.64450439453125,0.7285537719726562,0.5123635530471802,0.20624279975891113
1696964993020518700,14.6545185546875,0.31085872650146484,-0.00944364070892334,-0.774236261844635
1696964993030532900,14.664532958984376,-0.3918886184692383,0.3882427215576172,-0.23356713354587555
1696964993040547000,14.674547119140625,0.5358333587646484,0.6383410692214966,-0.3234260678291321
1696964993050561300,14.684561279296876,0.28677940368652344,0.23891007900238037,-0.11215989291667938
1696964993060575500,14.694575439453125,-0.2974252700805664,0.3178555965423584,-0.18248608708381653
1696964993070589700,14.704589599609376,0.5834264755249023,0.4785703420639038,-0.12023387104272842
1696964993080604000,14.71460400390625,-1.0717716217041016,0.7557598352432251,-0.5782560110092163
1696964993090618000,14.7246181640625,0.4175376892089844,0.4788283109664917,-0.20729880034923553
1696964993100632300,14.73463232421875,-0.5106906890869141,0.6785098314285278,-0.5949990153312683
1696964993110646500,14.744646484375,-0.18881988525390625,0.5781759023666382,-0.35161226987838745
1696964993120660700,14.75466064453125,-0.6999006271362305,0.6784942150115967,-0.8359178304672241
1696964993130675200,14.76467529296875,0.2961282730102539,0.5410686731338501,-0.3090667724609375
1696964993140689400,14.774689453125,0.10889530181884766,0.18207144737243652,-0.2973414957523346
1696964993150703600,14.78470361328125,-0.06328678131103516,0.23797917366027832,-0.19718322157859802
1696964993160717800,14.7947177734375,-0.7130451202392578,0.21811425685882568,-0.6416525840759277
1696964993170732000,14.80473193359375,-0.41985607147216797,0.5577582120895386,0.2966461777687073
1696964993180746200,14.814746337890625,-0.05087566375732422,0.3176717758178711,-0.29977947473526
1696964993190760400,14.824760498046874,-0.4188518524169922,0.6858425140380859,0.0736263319849968
1696964993200774700,14.834774658203125,0.1364145278930664,-0.012727141380310059,-0.16735291481018066
1696964993210788900,14.844788818359374,0.7619972229003906,0.6571265459060669,0.2991715967655182
1696964993220803000,14.854802978515625,0.8699951171875,-0.12366378307342529,-0.2952619791030884
1696964993230817300,14.8648173828125,0.9825611114501953,0.22013568878173828,-0.14798617362976074
1696964993240831500,14.87483154296875,0.1296253204345703,-0.11658334732055664,-0.23547084629535675
1696964993250845700,14.884845703125,0.21059703826904297,0.8007651567459106,-0.214405819773674
1696964993260860000,14.89485986328125,-0.2150726318359375,-0.27348148822784424,-0.2574721872806549
1696964993270874000,14.9048740234375,0.4547395706176758,0.5139706134796143,-0.4185965061187744
1696964993280888300,14.914888427734375,-1.0514745712280273,-0.37869513034820557,-0.5351176261901855
1696964993290902500,14.924902587890625,0.8340768814086914,0.9268019199371338,-0.4847068190574646
1696964993300916700,14.934916748046875,0.603144645690918,-0.13115429878234863,0.2001088559627533
1696964993310931000,14.944930908203125,0.1429290771484375,0.288985013961792,-0.3282327353954315
1696964993320945200,14.954945068359375,0.21953105926513672,-0.16481876373291016,-0.03604179248213768
1696964993330959400,14.96495947265625,0.10915565490722656,0.28874874114990234,-0.4204307198524475
1696964993340973600,14.9749736328125,-0.12968063354492188,0.1369493007659912,-0.10521138459444046
1696964993350987800,14.98498779296875,0.22426509857177734,0.06490147113800049,-0.07231167703866959
1696964993361002000,14.995001953125,-0.05300331115722656,0.23800277709960938,0.06419704854488373
1696964993371016400,15.005016357421875,-0.5739307403564453,0.10450637340545654,0.11716139316558838
1696964993381030700,15.01503076171875,0.8136701583862305,0.19303786754608154,0.1977960765361786
1696964993391044900,15.025044921875,-0.9803409576416016,-0.07156777381896973,-0.1713612675666809
1696964993401059000,15.03505908203125,-0.02212810516357422,-0.37707602977752686,-0.17851035296916962
1696964993411073300,15.0450732421875,0.8621740341186523,0.14358973503112793,-0.5857643485069275
1696964993421087500,15.05508740234375,-2.4229111671447754,-0.3507124185562134,-0.3277665674686432
1696964993431101700,15.065101806640625,1.7212162017822266,0.33734965324401855,-0.45346811413764954
1696964993441116000,15.075115966796876,-1.8379440307617188,-0.16097724437713623,-0.3378868103027344
1696964993451130000,15.085130126953125,-0.20462799072265625,0.14729976654052734,-0.06754615157842636
1696964993461144300,15.095144287109376,0.7568387985229492,0.215751051902771,-0.7770097851753235
1696964993471158500,15.105158447265625,-2.0985774993896484,-0.12519216537475586,-0.32212671637535095
1696964993481172700,15.1151728515625,1.6004161834716797,-0.08837354183197021,-0.548040509223938
1696964993491187000,15.12518701171875,-1.8920788764953613,-0.5050231218338013,0.05045267567038536
1696964993501201200,15.135201171875,0.37690258026123047,0.10113096237182617,-0.1652701497077942
1696964993511215400,15.14521533203125,0.3905305862426758,-0.23059630393981934,-0.07246115803718567
1696964993521229600,15.1552294921875,-1.3697357177734375,0.004190325736999512,0.006351348012685776
1696964993531243800,15.165243896484375,0.8412818908691406,-0.6387656927108765,-0.22480472922325134
1696964993541258000,15.175258056640626,-0.04995250701904297,0.17238080501556396,0.07626020908355713
1696964993551272200,15.185272216796875,0.1649456024169922,-0.4997764825820923,-0.5555883049964905
1696964993561286400,15.195286376953124,-0.06511306762695312,-0.3388223648071289,-0.23839150369167328
1696964993571300600,15.205300537109375,0.947840690612793,-0.019838929176330566,-0.1102735847234726
1696964993581314800,15.215314697265624,-1.0329351425170898,-0.5700784921646118,-0.751200795173645
1696964993591329000,15.2253291015625,1.0190725326538086,-0.29987359046936035,-0.45829567313194275
1696964993601343500,15.235343505859374,0.29539012908935547,-0.4558809995651245,-0.29448890686035156
1696964993611357700,15.245357666015625,-1.1205482482910156,-0.23478901386260986,-0.4765136241912842
1696964993621372000,15.255371826171874,2.3709211349487305,-0.3920034170150757,-0.4953464865684509
1696964993631386000,15.26538623046875,-1.0039749145507812,-0.10115635395050049,-0.3681018650531769
1696964993641400300,15.275400390625,-0.241973876953125,-0.681017279624939,-0.28992414474487305
1696964993651414500,15.28541455078125,1.6128616333007812,-0.3829047679901123,-0.20385946333408356
1696964993661428700,15.2954287109375,-0.1447429656982422,-0.5182415246963501,-0.4252418875694275
1696964993671443000,15.30544287109375,-0.41692256927490234,-0.46322059631347656,-0.32612594962120056
1696964993681457200,15.31545703125,1.6725177764892578,-0.4762840270996094,0.005760956555604935
1696964993691471400,15.325471435546875,0.6031465530395508,-0.5987132787704468,-0.48964983224868774
1696964993701485600,15.335485595703124,-1.2000970840454102,-0.23347830772399902,-0.304831862449646
1696964993711499800,15.345499755859375,2.0669898986816406,-0.6060565710067749,-0.06681033223867416
1696964993721514000,15.355513916015624,0.01224517822265625,-0.6236485242843628,-0.1858021318912506
1696964993731528200,15.365528076171875,-0.3749246597290039,-0.6360964775085449,-0.3859303891658783
1696964993741542400,15.37554248046875,0.4675283432006836,-0.4227648973464966,-0.11351758241653442
1696964993751556600,15.385556640625,0.43789196014404297,-0.6431878805160522,-0.1424088180065155
1696964993761570800,15.39557080078125,-0.8912439346313477,-0.521363377571106,-0.4282725751399994
1696964993771585000,15.4055849609375,0.1097707748413086,-0.7445484399795532,0.048168789595365524
1696964993781599200,15.41559912109375,0.4159212112426758,-0.41738927364349365,-0.3675551414489746
1696964993791613400,15.425613525390625,-1.6016292572021484,-0.9533349275588989,-0.29993873834609985
1696964993801627600,15.435627685546875,0.5817737579345703,-0.5700653791427612,-0.5016336441040039
1696964993811641900,15.445641845703125,-0.8722639083862305,-0.5560463666915894,0.11782136559486389
1696964993821656000,15.455656005859375,0.07154464721679688,-0.9239604473114014,-0.23692333698272705
1696964993831670300,15.465670166015625,-0.7695798873901367,-0.492655873298645,0.08900247514247894
1696964993841684700,15.475684814453125,0.4603919982910156,-0.8152188062667847,-0.07300124317407608
1696964993851699000,15.485698974609376,-0.12343978881835938,-1.0404605865478516,-0.19792646169662476
1696964993861713200,15.495713134765625,-0.9931402206420898,-1.0263917446136475,-0.14102521538734436
1696964993871727400,15.505727294921876,0.9687404632568359,-0.6367931365966797,-0.22407256066799164
1696964993881741600,15.515741455078125,-0.032588958740234375,-0.8923933506011963,-0.10558240115642548
1696964993891755800,15.525755859375,0.14904403686523438,-1.157326340675354,-0.16899871826171875
1696964993901770000,15.53577001953125,-0.6734991073608398,-0.8756476640701294,0.07713484764099121
1696964993911784200,15.5457841796875,1.4592304229736328,-0.8561687469482422,0.09957994520664215
1696964993921798400,15.55579833984375,-0.39376258850097656,-1.2371326684951782,-0.1780397593975067
1696964993931812600,15.5658125,-0.5031499862670898,-1.0439724922180176,-0.4348931312561035
1696964993941826800,15.575826904296875,0.42031288146972656,-0.997162401676178,-0.3969581127166748
1696964993951841000,15.585841064453126,-0.2835865020751953,-1.2020899057388306,-0.020142219960689545
1696964993961855700,15.595855712890625,0.23786258697509766,-1.532212257385254,-0.4931652247905731
1696964993971870000,15.605869873046874,-0.9385881423950195,-1.311302900314331,0.1548389047384262
1696964993981884200,15.61588427734375,1.1324920654296875,-0.959316611289978,0.13287481665611267
1696964993991898400,15.6258984375,0.21693134307861328,-1.549877405166626,-0.13250842690467834
1696964994001912600,15.63591259765625,-1.0027198791503906,-1.508547067642212,-0.22868530452251434
1696964994011926800,15.6459267578125,1.384145736694336,-1.4684669971466064,0.052214737981557846
1696964994021940700,15.655940673828125,0.5585422515869141,-1.3152496814727783,-0.3217592239379883
1696964994031955000,15.665954833984374,-0.33202266693115234,-1.8783230781555176,-0.2097955197095871
1696964994041969200,15.67596923828125,0.5478153228759766,-1.287842869758606,0.03564101830124855
1696964994051983400,15.6859833984375,0.39800548553466797,-1.6549503803253174,0.25319817662239075
1696964994061997600,15.69599755859375,0.769495964050293,-1.452547550201416,-0.12788087129592896
1696964994072011800,15.70601171875,-1.029428482055664,-1.7585728168487549,-0.530829131603241
1696964994082026000,15.71602587890625,0.5926685333251953,-1.5009520053863525,-0.12409994006156921
1696964994092040000,15.7260400390625,0.5241661071777344,-1.4913476705551147,0.032286930829286575
1696964994102054100,15.73605419921875,-0.22761917114257812,-1.7394132614135742,-0.6873437762260437
1696964994112068400,15.746068359375,-0.42316722869873047,-1.5756605863571167,-0.05751568824052811
1696964994122082600,15.75608251953125,0.834406852722168,-1.5495580434799194,-0.009599793702363968
1696964994132096800,15.7660966796875,-0.14730358123779297,-1.613081455230713,-0.24236194789409637
1696964994142111000,15.776111083984375,-0.36229610443115234,-1.9503980875015259,-0.20619913935661316
1696964994152125000,15.786125,0.756927490234375,-1.396224021911621,-0.3795243203639984
1696964994162139100,15.79613916015625,-0.052867889404296875,-1.3951953649520874,0.2773934602737427
1696964994172153300,15.8061533203125,0.9987049102783203,-1.927549958229065,-0.3639200031757355
1696964994182167600,15.81616748046875,-1.0395917892456055,-1.6172645092010498,-0.2157404124736786
1696964994192181800,15.826181640625,1.1850757598876953,-1.2916522026062012,0.19375620782375336
1696964994202196000,15.836196044921875,0.8046789169311523,-1.3228951692581177,0.06522995233535767
1696964994212210700,15.846210693359374,0.062053680419921875,-1.8608397245407104,-0.3069639801979065
1696964994222225700,15.8562255859375,-0.5067110061645508,-1.2883013486862183,-0.17795926332473755
1696964994232239900,15.866239990234375,0.02974987030029297,-1.1556130647659302,0.2641226053237915
1696964994242253800,15.87625390625,0.4790382385253906,-1.4933679103851318,-0.39489609003067017
1696964994252268000,15.88626806640625,-0.47304344177246094,-1.5338773727416992,-0.7869985103607178
1696964994262282200,15.8962822265625,0.22116565704345703,-1.272691011428833,-0.526696503162384
1696964994272296400,15.90629638671875,-0.27152156829833984,-1.533275842666626,0.07518072426319122
1696964994282310700,15.916310546875,0.32179832458496094,-1.635085940361023,-0.2718157172203064
1696964994292324900,15.926324951171875,-0.5867652893066406,-1.4134411811828613,-0.24159091711044312
1696964994302338800,15.9363388671875,0.1457500457763672,-1.2365995645523071,0.3821568489074707
1696964994312353000,15.94635302734375,0.8192977905273438,-1.2246651649475098,0.20359613001346588
1696964994322367200,15.9563671875,0.14837265014648438,-1.591339111328125,-0.3607194125652313
1696964994332381400,15.96638134765625,-0.5257778167724609,-1.305906057357788,-0.1461988389492035
1696964994342395600,15.976395751953126,0.9855518341064453,-0.7803645133972168,0.3043038845062256
1696964994352409900,15.986409912109375,0.6391458511352539,-1.5540522336959839,-0.19215932488441467
1696964994362423800,15.996423828125,-0.6384572982788086,-1.5212700366973877,-0.3319138288497925
1696964994372438000,16.00643798828125,0.8875093460083008,-1.2486854791641235,0.1348486840724945
1696964994382452200,16.0164521484375,0.2163534164428711,-1.1750128269195557,0.03215351328253746
1696964994392466400,16.026466552734377,0.196502685546875,-1.2753236293792725,-0.09096802026033401
1696964994402480600,16.036480712890626,-0.16704940795898438,-1.6796884536743164,-0.2368839681148529
1696964994412494800,16.046494873046875,-0.018768310546875,-1.1852059364318848,0.11787620186805725
1696964994422509000,16.056509033203124,1.6825618743896484,-1.1819168329238892,-0.07324674725532532
1696964994432523000,16.06652294921875,-0.7540321350097656,-1.5575268268585205,-0.32526981830596924
1696964994442537200,16.076537109375,-0.09289741516113281,-1.3169444799423218,0.0100666843354702
1696964994452551400,16.086551513671875,1.6181344985961914,-1.2460012435913086,0.22077511250972748
1696964994462565600,16.096565673828124,-1.019057273864746,-1.5684640407562256,0.15904280543327332
1696964994472579800,16.106579833984377,0.4073619842529297,-1.4328843355178833,-0.3596283197402954
1696964994482594000,16.116593994140626,0.3013477325439453,-1.1916890144348145,0.18234632909297943
1696964994492608300,16.126608154296875,0.08524227142333984,-1.5919857025146484,0.27685561776161194
1696964994502622500,16.13662255859375,0.16644763946533203,-1.3986011743545532,-0.1703970730304718
1696964994512636700,16.14663671875,-0.7421102523803711,-1.4940890073776245,-0.17841969430446625
1696964994522651000,16.15665087890625,0.5499773025512695,-1.3508083820343018,0.2427726835012436
1696964994532665000,16.1666650390625,0.5771913528442383,-1.375256061553955,-0.02406013198196888
1696964994542679300,16.17667919921875,-0.39905261993408203,-1.7934980392456055,-0.42650094628334045
1696964994552693500,16.186693603515625,-0.039771080017089844,-1.395662784576416,-0.15281443297863007
1696964994562707700,16.196707763671874,0.49077415466308594,-1.1386654376983643,0.24905559420585632
1696964994572722000,16.206721923828123,-0.05526924133300781,-1.733072280883789,-0.23877723515033722
1696964994582736100,16.216736083984376,-0.45658206939697266,-1.6663886308670044,-0.1582806557416916
1696964994592750300,16.226750244140625,0.4907073974609375,-1.3554152250289917,0.11967411637306213
1696964994602764500,16.2367646484375,-0.20820999145507812,-1.6009355783462524,-0.010849133133888245
1696964994612779000,16.246779052734375,0.36084461212158203,-1.5282397270202637,-0.325431227684021
1696964994622793200,16.256793212890624,0.04471111297607422,-1.7317754030227661,-0.2708895206451416
1696964994632807400,16.266807373046873,-0.15640640258789062,-1.365877628326416,0.20383226871490479
1696964994642821600,16.276821533203126,1.5501441955566406,-1.5686733722686768,-0.00206754170358181
1696964994652835800,16.2868359375,-0.8813982009887695,-1.718181848526001,-0.10061441361904144
1696964994662850300,16.296850341796876,0.48754405975341797,-1.4982905387878418,0.00982847809791565
1696964994672864500,16.306864501953125,0.4337491989135742,-1.5183169841766357,0.34797677397727966
1696964994682878700,16.316878662109374,0.6477766036987305,-1.4912316799163818,-0.012144319713115692
1696964994692893000,16.326892822265624,-0.4146137237548828,-1.6899704933166504,-0.4585780203342438
1696964994702907400,16.336907470703125,0.4514026641845703,-1.4370067119598389,0.05744045227766037
1696964994712921600,16.346921630859374,0.6941165924072266,-1.2817158699035645,0.35684165358543396
1696964994722935800,16.356935791015626,-0.02901458740234375,-1.8258962631225586,-0.3091827929019928
1696964994732950000,16.366949951171875,-0.18654727935791016,-1.3874595165252686,-0.0916106104850769
1696964994742964500,16.376964599609376,0.702967643737793,-1.5483267307281494,0.3490457236766815
1696964994752978700,16.386978759765626,0.4958353042602539,-1.077445149421692,0.17960327863693237
1696964994762993000,16.396992919921875,0.045599937438964844,-1.6460274457931519,-0.137304425239563
1696964994773007000,16.407007080078124,-0.20757579803466797,-1.309856653213501,0.17659005522727966
1696964994783021600,16.417021484375,0.4285469055175781,-1.0533703565597534,0.5644670128822327
1696964994793035800,16.427035888671874,0.5185937881469727,-1.580045461654663,0.0697200745344162
1696964994803050000,16.437050048828127,-1.1887273788452148,-1.3666212558746338,-0.21757104992866516
1696964994813064200,16.447064208984376,0.8024282455444336,-1.3647385835647583,0.012963209301233292
1696964994823078700,16.45707861328125,0.016745567321777344,-0.8603389859199524,0.4464631676673889
1696964994833092900,16.4670927734375,0.09336471557617188,-1.5248334407806396,-0.3133957087993622
1696964994843107000,16.477107177734375,-0.9055671691894531,-1.6941787004470825,-0.21958675980567932
1696964994853121300,16.487121337890624,-0.004839897155761719,-1.0162832736968994,0.05814146623015404
1696964994863135700,16.4971357421875,0.00004673004150390625,-1.4161872863769531,0.10889559984207153
1696964994873150000,16.50714990234375,-0.41567325592041016,-1.470479130744934,-0.36630216240882874
1696964994883164200,16.5171640625,0.04423046112060547,-1.204756498336792,0.0045446716248989105
1696964994893178400,16.527178466796876,0.048956871032714844,-1.1306476593017578,0.4284091293811798
1696964994903192600,16.537192626953125,0.3498697280883789,-1.318419098854065,-0.042026784271001816
1696964994913206800,16.547206787109374,-0.40588855743408203,-1.5656728744506836,-0.1222599521279335
1696964994923221000,16.557220947265623,0.12370014190673828,-1.0576660633087158,0.2512671649456024
1696964994933235200,16.567235107421876,0.3902606964111328,-1.0644744634628296,0.4331192374229431
1696964994943249400,16.57724951171875,0.760554313659668,-1.2388075590133667,0.19555607438087463
1696964994953263600,16.587263671875,-0.35431480407714844,-1.8047521114349365,-0.28102347254753113
1696964994963277800,16.59727783203125,-0.05651092529296875,-1.0466396808624268,0.37885546684265137
1696964994973292000,16.6072919921875,1.254155158996582,-1.2746332883834839,0.16971221566200256
1696964994983306200,16.61730615234375,-1.33892822265625,-1.551056981086731,0.1124313548207283
1696964994993320400,16.627320556640626,0.7136878967285156,-1.1788649559020996,-0.122540682554245
1696964995003334700,16.637334716796875,-0.047095298767089844,-0.9870109558105469,0.37925538420677185
1696964995013348900,16.647348876953124,0.4057197570800781,-1.4008262157440186,0.29638707637786865
1696964995023363000,16.657363037109373,0.23892688751220703,-1.4312950372695923,-0.5400503873825073
1696964995033377300,16.667377197265626,-0.5424661636352539,-1.1184476613998413,0.11736626923084259
1696964995043391500,16.6773916015625,0.4841480255126953,-1.0945160388946533,0.5152159333229065
1696964995053405700,16.68740576171875,0.12273693084716797,-1.38242506980896,-0.044059012085199356
1696964995063420000,16.697419921875,-0.6424455642700195,-1.3127105236053467,-0.27780601382255554
1696964995073434400,16.707434326171875,-0.14654254913330078,-1.04935884475708,0.5030432939529419
1696964995083448600,16.717448486328124,0.788661003112793,-1.1347187757492065,0.27329787611961365
1696964995093462800,16.727462890625,-0.3220787048339844,-1.2914793491363525,-0.18594911694526672
1696964995103477000,16.73747705078125,-0.005825996398925781,-1.2357590198516846,0.08533947914838791
1696964995113491200,16.7474912109375,0.2722797393798828,-1.0651535987854004,0.0727413222193718
1696964995123505400,16.75750537109375,0.013294219970703125,-1.0699490308761597,0.09572629630565643
1696964995133519600,16.76751953125,0.0602569580078125,-1.255640983581543,-0.017094463109970093
1696964995143533800,16.777533935546874,-0.3458871841430664,-1.1453219652175903,0.10478678345680237
1696964995153548000,16.787548095703126,0.8753118515014648,-0.7295955419540405,0.5648053884506226
1696964995163562200,16.797562255859376,0.18708229064941406,-1.3266297578811646,0.04656803607940674
1696964995173576400,16.807576416015625,-0.12227344512939453,-1.172309160232544,0.05571627616882324
1696964995183590700,16.817590576171874,0.3414936065673828,-0.9133456945419312,0.1007709801197052
1696964995193604900,16.82760498046875,-0.022281646728515625,-0.9258909225463867,0.5013218522071838
1696964995203619000,16.837619140625,0.656498908996582,-1.146645188331604,-0.14739984273910522
1696964995213633300,16.84763330078125,-0.7488975524902344,-1.2508584260940552,0.004921019077301025
1696964995223647500,16.8576474609375,0.6862897872924805,-1.0029619932174683,0.18118096888065338
1696964995233661700,16.86766162109375,0.3403663635253906,-0.8874330520629883,0.2911040782928467
1696964995243676000,16.877676025390624,-0.12227535247802734,-1.3116079568862915,-0.2080213576555252
1696964995253690000,16.887690185546877,-0.3793354034423828,-0.9551650881767273,0.0724666565656662
1696964995263704300,16.897704345703126,0.7010889053344727,-0.9292206764221191,0.3129919767379761
1696964995273718500,16.907718505859375,0.03459739685058594,-0.8629576563835144,0.12251262366771698
1696964995283732700,16.917732666015624,-0.3146028518676758,-0.9848892688751221,-0.18111318349838257
1696964995293747000,16.927746826171877,0.31252574920654297,-0.7803520560264587,0.2496269941329956
1696964995303761200,16.93776123046875,0.420379638671875,-0.5830062627792358,0.4150214195251465
1696964995313775600,16.947775634765627,0.017652511596679688,-0.9565500020980835,-0.1384267508983612
1696964995323789800,16.957789794921876,-0.2323169708251953,-0.6384809613227844,0.1455826312303543
1696964995333804000,16.967803955078125,0.49233055114746094,-0.5668127536773682,0.20111826062202454
1696964995343818200,16.977818359375,0.4699974060058594,-0.5480561256408691,0.28223857283592224
1696964995353832400,16.98783251953125,-0.6967620849609375,-0.8322544693946838,-0.20321795344352722
1696964995363846700,16.9978466796875,-0.04916191101074219,-0.567872941493988,0.30016618967056274
1696964995373860900,17.00786083984375,0.9786605834960938,-0.4317394196987152,0.1313154548406601
1696964995383875000,17.017875,-0.8702554702758789,-0.6520291566848755,0.21771115064620972
1696964995393889300,17.02788916015625,0.2324838638305664,-0.6171912550926208,-0.2647765278816223
1696964995403903500,17.037903564453124,0.04959583282470703,-0.21139347553253174,0.332736998796463
1696964995413917700,17.047917724609373,0.5858221054077148,-0.6278902888298035,0.1017032265663147
1696964995423932000,17.057931884765626,-1.0633783340454102,-0.3784014880657196,-0.16094213724136353
1696964995433946000,17.067946044921875,0.29699039459228516,-0.3903242349624634,0.13981549441814423
1696964995443960300,17.077960205078124,0.4804973602294922,-0.23923447728157043,0.24473457038402557
1696964995453974500,17.087974609375,-0.4508552551269531,-0.2176470011472702,-0.0016489773988723755
1696964995463988700,17.09798876953125,0.1078481674194336,-0.5164597034454346,0.07400384545326233
1696964995474003000,17.1080029296875,0.23328113555908203,0.08543138206005096,0.3867965340614319
1696964995484017200,17.11801708984375,0.3754234313964844,-0.2760049104690552,0.06945858895778656
1696964995494031400,17.12803125,-0.6955080032348633,-0.14616256952285767,-0.15075191855430603
1696964995504045600,17.138045654296874,0.2488689422607422,0.026396140456199646,0.31903427839279175
1696964995514059800,17.148059814453124,0.9608039855957031,0.01854962855577469,0.12469224631786346
1696964995524074000,17.158073974609376,-1.1422147750854492,-0.11593973636627197,0.017558783292770386
1696964995534088200,17.168088134765625,0.1723642349243164,0.15935008227825165,0.19224165380001068
1696964995544102400,17.178102294921874,0.7018260955810547,0.21146759390830994,0.3732241988182068
1696964995554116900,17.188116943359375,-0.1249074935913086,-0.1382390856742859,-0.03329971432685852
1696964995564131000,17.198131103515625,-0.8624496459960938,0.07002225518226624,-0.09519748389720917
1696964995574145300,17.208145263671874,0.5416498184204102,0.31813564896583557,0.3702899217605591
1696964995584159500,17.218159423828126,0.5090599060058594,0.08473918586969376,0.08137908577919006
1696964995594173700,17.228173583984375,-1.105905532836914,-0.26755911111831665,-0.08085162937641144
1696964995604188000,17.23818798828125,0.17758941650390625,0.29226240515708923,0.36062586307525635
1696964995614202000,17.2482021484375,0.8318233489990234,0.399664044380188,0.22741471230983734
1696964995624216300,17.25821630859375,-0.4175710678100586,-0.11031361669301987,0.06874778866767883
1696964995634230500,17.26823046875,-0.6077108383178711,0.1425277590751648,-0.14550268650054932
1696964995644244700,17.27824462890625,0.39735889434814453,0.2176893651485443,0.353268027305603
1696964995654259000,17.288259033203126,0.38201141357421875,0.2158835232257843,0.19522899389266968
1696964995664273200,17.298273193359375,-0.5747547149658203,-0.011570442467927933,-0.18723668158054352
1696964995674287400,17.308287353515624,-0.12886428833007812,0.30377376079559326,0.18559446930885315
1696964995684301600,17.318301513671877,0.7316293716430664,0.4404458999633789,0.30641502141952515
1696964995694315800,17.328315673828126,0.008172035217285156,-0.040965884923934937,0.05695277452468872
1696964995704330000,17.338330078125,-0.96197509765625,0.11590372771024704,-0.01049603521823883
1696964995714344200,17.34834423828125,0.5362052917480469,0.48348841071128845,0.33085522055625916
1696964995724358400,17.3583583984375,0.6495542526245117,0.37587273120880127,0.26802366971969604
1696964995734372600,17.36837255859375,-0.6280736923217773,-0.16230463981628418,-0.1574321836233139
1696964995744386800,17.37838671875,-0.11037063598632812,0.4301709830760956,0.00047346949577331543
1696964995754401000,17.388401123046876,0.5923624038696289,0.5001440048217773,0.43290990591049194
1696964995764415200,17.398415283203125,0.08431434631347656,0.14802822470664978,0.19247150421142578
1696964995774429400,17.408429443359374,-0.7427005767822266,0.3432849049568176,-0.19808384776115417
1696964995784444000,17.41844384765625,0.47777843475341797,0.5138371586799622,0.30017393827438354
1696964995794458000,17.4284580078125,0.4000539779663086,0.6082286238670349,0.31682294607162476
1696964995804472300,17.438472412109373,-0.1744365692138672,0.09251758456230164,-0.12320416420698166
1696964995814486500,17.448486572265626,-0.6997175216674805,0.48925870656967163,0.012292340397834778
1696964995824500700,17.458500732421875,0.7786931991577148,0.84602952003479,0.47305089235305786
1696964995834515000,17.468514892578124,0.37049102783203125,0.5416697859764099,0.19658826291561127
1696964995844529200,17.478529052734373,-0.5241308212280273,0.2806735336780548,-0.25674328207969666
1696964995854543400,17.48854345703125,0.0601959228515625,0.8290244936943054,0.007693767547607422
1696964995864557600,17.4985576171875,0.4184246063232422,0.7785217761993408,0.29174190759658813
1696964995874571800,17.50857177734375,-0.007971763610839844,0.41137242317199707,-0.08069451153278351
1696964995884586000,17.5185859375,-0.6818113327026367,0.49542123079299927,-0.23704218864440918
1696964995894600200,17.52860009765625,0.060599327087402344,0.6704761385917664,0.10464513301849365
1696964995904614400,17.538614501953123,0.5526361465454102,0.8738650679588318,0.015895411372184753
1696964995914628600,17.548628662109376,-0.20860862731933594,0.37703076004981995,-0.2848048508167267
1696964995924642800,17.558642822265625,-0.815028190612793,0.6763315200805664,-0.30258527398109436
1696964995934657000,17.568656982421874,0.31958484649658203,0.8943706750869751,0.268965482711792
1696964995944671200,17.578671142578123,0.12762451171875,0.4939045310020447,-0.17584705352783203
1696964995954685400,17.588685546875,-0.7520303726196289,0.45339930057525635,-0.37104368209838867
1696964995964699600,17.59869970703125,-0.042842864990234375,0.8671073913574219,-0.16537228226661682
1696964995974713900,17.6087138671875,0.08149147033691406,0.9697701930999756,0.08489933609962463
1696964995984728000,17.61872802734375,0.38236045837402344,0.6170234680175781,-0.048723503947257996
1696964995994742300,17.6287421875,-0.8228874206542969,0.5612549185752869,-0.43593376874923706
1696964996004756500,17.638756591796874,-0.548431396484375,0.8708207011222839,0.13871411979198456
1696964996014770700,17.648770751953126,0.9534873962402344,0.9975818395614624,0.16497287154197693
1696964996024785200,17.65878515625,-0.4538860321044922,0.5048133134841919,-0.19951345026493073
1696964996034799400,17.66879931640625,-0.5292415618896484,0.6471551656723022,-0.41751259565353394
1696964996044813600,17.6788134765625,0.24628067016601562,1.0034515857696533,0.19510339200496674
1696964996054827800,17.688827880859375,0.10705184936523438,0.6323449611663818,0.18649667501449585
1696964996064842000,17.698842041015624,-0.39978504180908203,0.48179447650909424,-0.23445171117782593
1696964996074856200,17.708856201171876,-0.47522830963134766,0.6993953585624695,-0.3063264787197113
1696964996084870400,17.718870361328126,-0.020048141479492188,0.9899148344993591,0.4403425455093384
1696964996094884600,17.728884521484375,0.7199039459228516,0.48274505138397217,0.05302460491657257
1696964996104898800,17.73889892578125,-1.0445890426635742,0.34596216678619385,-0.43921199440956116
1696964996114913000,17.7489130859375,-0.16504573822021484,0.826386570930481,0.14710789918899536
1696964996124927200,17.75892724609375,0.5914840698242188,0.8353480100631714,0.291056752204895
1696964996134941400,17.76894140625,-0.2522439956665039,0.5151086449623108,0.03205002844333649
1696964996144955600,17.77895556640625,-0.06900405883789062,0.47734302282333374,-0.37853336334228516
1696964996154969900,17.788969970703125,-0.6472845077514648,0.9075297117233276,0.2524057626724243
1696964996164984000,17.798984130859374,0.7014045715332031,0.5960233211517334,0.147056445479393
1696964996174998300,17.808998291015627,-0.3325309753417969,0.5419391393661499,-0.1730021834373474
1696964996185012500,17.819012451171876,-0.2846050262451172,0.3921060264110565,-0.15086451172828674
1696964996195026700,17.829026611328125,-0.034850120544433594,0.738084614276886,0.1614384651184082
1696964996205041000,17.839041015625,0.17768383026123047,0.7030608057975769,0.23577341437339783
1696964996215055000,17.84905517578125,0.10411262512207031,0.24204431474208832,-0.29225480556488037
1696964996225069300,17.8590693359375,-0.9010829925537109,0.34617871046066284,-0.10850178450345993
1696964996235083500,17.86908349609375,0.3435373306274414,0.6322005987167358,-0.01229904592037201
1696964996245097700,17.87909765625,-0.15214920043945312,0.5511115193367004,0.2424727976322174
1696964996255112000,17.88911181640625,0.6418571472167969,0.2725867033004761,-0.06701871007680893
1696964996265126400,17.89912646484375,-0.9846763610839844,0.2897612452507019,-0.227700337767601
1696964996275140600,17.909140625,0.20944881439208984,0.5782774686813354,0.2961156666278839
1696964996285154800,17.91915478515625,0.6017065048217773,0.5250169038772583,-0.09908273816108704
1696964996295169000,17.9291689453125,-0.4918327331542969,0.06791400909423828,-0.12222036719322205
1696964996305183200,17.939183349609376,-0.23865604400634766,0.49029454588890076,-0.16676977276802063
1696964996315197400,17.949197509765625,0.0055999755859375,0.7643994688987732,0.3164452016353607
1696964996325211600,17.959211669921874,0.4859943389892578,0.30403169989585876,-0.18092012405395508
1696964996335225900,17.969225830078123,-0.7092180252075195,0.11822393536567688,-0.46728426218032837
1696964996345240000,17.979239990234376,-0.41004371643066406,0.5172500014305115,0.011989742517471313
1696964996355254300,17.989254150390625,0.5767021179199219,0.6353422403335571,0.17275743186473846
1696964996365268500,17.9992685546875,0.044180870056152344,0.27544450759887695,-0.15995493531227112
1696964996375282700,18.00928271484375,-0.4323415756225586,0.1995094120502472,-0.3041369915008545
1696964996385297000,18.019296875,-0.6182727813720703,0.6247270107269287,0.15239807963371277
1696964996395311000,18.02931103515625,0.5838737487792969,0.5254564881324768,0.14775778353214264
1696964996405325300,18.0393251953125,0.18789196014404297,0.1148531436920166,-0.18991515040397644
1696964996415339500,18.049339599609375,-0.4936227798461914,0.29159557819366455,-0.2576349973678589
1696964996425353700,18.059353759765624,0.032813072204589844,0.498668909072876,0.2563854455947876
1696964996435368000,18.069367919921874,0.35730457305908203,0.41983214020729065,0.18749277293682098
1696964996445382100,18.079382080078126,0.2288961410522461,0.213670015335083,-0.2342219352722168
1696964996455396400,18.089396240234375,-0.43914127349853516,0.3505598306655884,-0.20271624624729156
1696964996465410600,18.09941064453125,0.27008819580078125,0.3356425166130066,0.07112294435501099
1696964996475424800,18.1094248046875,0.6519031524658203,0.4142601788043976,0.08978688716888428
1696964996485439000,18.11943896484375,-0.2587089538574219,0.03346613049507141,-0.25139114260673523
1696964996495453200,18.129453125,-0.3391408920288086,0.5076342225074768,-0.08320600539445877
1696964996505467600,18.139467529296876,0.3919849395751953,0.36739763617515564,0.23112638294696808
1696964996515481900,18.14948193359375,0.8519182205200195,0.31735867261886597,-0.05105620622634888
1696964996525496000,18.15949609375,-0.8299121856689453,-0.04328790307044983,-0.5741717219352722
1696964996535510300,18.16951025390625,-0.1517782211303711,0.44690409302711487,0.009136766195297241
1696964996545524500,18.1795244140625,0.06280136108398438,0.38642409443855286,0.3293542265892029
1696964996555538700,18.18953857421875,0.5752906799316406,0.2800494134426117,-0.2497367411851883
1696964996565553000,18.199552978515626,-0.5129785537719727,0.12197905778884888,-0.3568589687347412
1696964996575567000,18.209567138671876,-0.44788646697998047,0.41175809502601624,-0.01152142882347107
1696964996585581300,18.219581298828125,0.5489730834960938,0.4602155387401581,0.21899235248565674
1696964996595595500,18.229595458984374,-0.27982234954833984,0.12575945258140564,-0.05845710635185242
1696964996605609700,18.239609619140627,-0.5341720581054688,0.1738770306110382,-0.3415547311306
1696964996615624000,18.2496240234375,-0.04474449157714844,0.4725257456302643,0.07907718420028687
1696964996625638100,18.25963818359375,0.5072727203369141,0.4161284565925598,0.0916309505701065
1696964996635652400,18.26965234375,-0.20306396484375,0.14386525750160217,-0.2726365923881531
1696964996645666600,18.27966650390625,-0.6471176147460938,0.02648138999938965,-0.24608692526817322
1696964996655680800,18.2896806640625,-0.1511220932006836,0.549319863319397,0.12191347777843475
1696964996665695000,18.299695068359377,0.8219432830810547,0.37878674268722534,0.22362728416919708
1696964996675709200,18.309709228515626,-0.6332521438598633,-0.11949679255485535,-0.4632517695426941
1696964996685723400,18.319723388671875,-0.6462020874023438,0.3199503421783447,-0.11751322448253632
1696964996695737600,18.329737548828124,0.6601190567016602,0.5121105313301086,0.32419025897979736
1696964996705751800,18.339751708984377,0.1403970718383789,0.1346052885055542,0.045489683747291565
1696964996715766000,18.34976611328125,-0.23877716064453125,-0.0006331205368041992,-0.3319263458251953
1696964996725780200,18.3597802734375,-0.45142173767089844,0.34199392795562744,0.14339207112789154
1696964996735794400,18.36979443359375,0.5171298980712891,0.38826364278793335,0.47758471965789795
1696964996745809000,18.379808837890625,0.635833740234375,0.13449543714523315,-0.09548917412757874
1696964996755823000,18.389822998046874,-1.1130390167236328,-0.02972257137298584,-0.07672711461782455
1696964996765837300,18.39983740234375,0.5449247360229492,0.4893580675125122,0.25178438425064087
1696964996775851500,18.4098515625,0.4228973388671875,0.3942866921424866,0.393330842256546
1696964996785865700,18.41986572265625,0.19917869567871094,0.08031958341598511,0.04449285566806793
1696964996795880000,18.4298798828125,-0.5294961929321289,0.12829041481018066,-0.2161283940076828
1696964996805894100,18.43989404296875,-0.021309852600097656,0.4371441602706909,0.5043672323226929
1696964996815908400,18.449908447265624,0.9354209899902344,0.35340672731399536,0.2582639753818512
1696964996825922600,18.459922607421873,-0.40850067138671875,-0.009048640727996826,-0.23196715116500854
1696964996835936800,18.469936767578126,-0.580683708190918,0.2589832544326782,-0.13342134654521942
1696964996845951000,18.479950927734375,0.13100337982177734,0.39492911100387573,0.46307119727134705
1696964996855965200,18.489965087890624,0.4020957946777344,0.3260321021080017,0.1605812907218933
1696964996865979400,18.4999794921875,-0.5702390670776367,-0.18107667565345764,-0.2851315140724182
1696964996875993600,18.50999365234375,-0.3957967758178711,0.414787232875824,-0.0828009769320488
1696964996886007800,18.5200078125,0.17146015167236328,0.33623939752578735,0.24973487854003906
1696964996896022000,18.53002197265625,0.10270404815673828,0.18341946601867676,-0.01729092001914978
1696964996906036200,18.5400361328125,-0.47837162017822266,-0.06629717350006104,-0.417241632938385
1696964996916050400,18.550050537109374,-0.5457420349121094,0.37740564346313477,0.15381279587745667
1696964996926064600,18.560064697265624,0.603398323059082,0.29108768701553345,0.20556005835533142
1696964996936078800,18.570078857421876,0.06111621856689453,0.0440751314163208,-0.038644008338451385
1696964996946093000,18.580093017578125,-0.5240411758422852,-0.2730577290058136,-0.4236140847206116
1696964996956107300,18.590107177734374,0.2384967803955078,0.3719538450241089,0.14805017411708832
1696964996966121500,18.60012158203125,0.4983539581298828,0.21925538778305054,0.16094453632831573
1696964996976136000,18.610135986328125,-0.2023944854736328,-0.238043874502182,-0.1809641569852829
1696964996986150100,18.620150146484374,-0.165985107421875,-0.004196643829345703,-0.4839043915271759
1696964996996164400,18.630164306640626,-0.13018131256103516,0.24479442834854126,0.22545236349105835
1696964997006178600,18.640178466796876,0.8094053268432617,0.16140347719192505,0.22926217317581177
1696964997016192800,18.65019287109375,0.17423343658447266,-0.2681087553501129,-0.3445731997489929
1696964997026207000,18.66020703125,-0.7708520889282227,-0.06643134355545044,-0.20670026540756226
1696964997036221200,18.67022119140625,0.4009418487548828,0.1886172890663147,0.1841125637292862
1696964997046235400,18.6802353515625,0.5120763778686523,-0.013367116451263428,-0.0056178271770477295
1696964997056249600,18.69024951171875,-0.35373878479003906,-0.20358440279960632,-0.3407694399356842
1696964997066263800,18.700263916015626,-0.1405181884765625,0.03470432758331299,-0.06607240438461304
1696964997076278000,18.710278076171875,0.33297061920166016,0.05680704116821289,0.34653979539871216
1696964997086292200,18.720292236328124,0.28507423400878906,-0.11491614580154419,-0.043813638389110565
1696964997096306400,18.730306396484377,-0.3932170867919922,-0.22345533967018127,-0.3735496401786804
1696964997106320600,18.740320556640626,-0.6834688186645508,-0.012382864952087402,0.2970963716506958
1696964997116334800,18.7503349609375,1.1840505599975586,0.26112526655197144,0.3426392376422882
1696964997126349000,18.76034912109375,0.18929195404052734,-0.15570887923240662,-0.15319544076919556
1696964997136363300,18.77036328125,-1.0198402404785156,-0.26242801547050476,-0.3439997136592865
1696964997146377500,18.78037744140625,0.16072654724121094,0.32680070400238037,0.44609010219573975
1696964997156391700,18.7903916015625,0.5962629318237305,-0.01461935043334961,0.09132079780101776
1696964997166406000,18.800406005859376,-0.6715259552001953,-0.10412830114364624,-0.013713903725147247
1696964997176420400,18.81042041015625,0.39503002166748047,-0.08020997047424316,-0.13493403792381287
1696964997186434600,18.8204345703125,-0.7845840454101562,0.12806522846221924,0.47886645793914795
1696964997196448800,18.83044873046875,0.8113431930541992,0.02276432514190674,-0.0014670491218566895
1696964997206463000,18.840462890625,-0.41274166107177734,-0.13548612594604492,0.01033473014831543
1696964997216477400,18.8504775390625,-0.5189371109008789,-0.015376865863800049,-0.003731757402420044
1696964997226491600,18.86049169921875,0.44603824615478516,0.18280917406082153,0.4975341558456421
1696964997236505900,18.870505859375,0.3774709701538086,-0.15651100873947144,0.04698313772678375
1696964997246520000,18.88052001953125,-0.9902610778808594,-0.24907907843589783,-0.21337617933750153
1696964997256534500,18.890534423828125,0.2039947509765625,0.17924362421035767,0.2622932195663452
1696964997266548700,18.900548828125,0.1912527084350586,-0.02769780158996582,0.28700825572013855
1696964997276563000,18.91056298828125,0.1833667755126953,-0.18796250224113464,-0.03658227622509003
1696964997286577200,18.9205771484375,-0.21527957916259766,-0.16315940022468567,-0.07481922954320908
1696964997296591400,18.93059130859375,-0.051520347595214844,0.1976708173751831,0.5107211470603943
1696964997306605800,18.940605712890626,0.2933177947998047,-0.04255431890487671,0.2304510921239853
1696964997316620000,18.9506201171875,0.01996612548828125,-0.28327295184135437,0.02446673810482025
1696964997326634200,18.96063427734375,0.024465560913085938,-0.05388510227203369,-0.1846618950366974
1696964997336648400,18.9706484375,-0.2727241516113281,0.15385383367538452,0.4127907156944275
1696964997346663000,18.980662841796875,0.9002056121826172,-0.1371496319770813,0.1446193903684616
1696964997356677000,18.990677001953124,-0.7823419570922852,-0.19840213656425476,0.04113739728927612
1696964997366691300,19.00069140625,0.20586204528808594,0.21003639698028564,-0.09877356886863708
1696964997376705500,19.01070556640625,-0.18849468231201172,-0.0916358232498169,0.3313286304473877
1696964997386720000,19.020719970703126,0.766230583190918,-0.2688460648059845,-0.1475880742073059
1696964997396734200,19.030734130859376,-0.8292303085327148,-0.2673785984516144,-0.2984462082386017
1696964997406748400,19.04074853515625,-0.16542816162109375,-0.025433778762817383,0.23565150797367096
1696964997416762600,19.0507626953125,0.8738489151000977,-0.012139976024627686,0.2274762988090515
1696964997426777000,19.060777099609375,-0.5116062164306641,-0.4413885772228241,-0.2658267319202423
1696964997436791300,19.070791259765624,-0.3900127410888672,-0.38191595673561096,-0.21080046892166138
1696964997446805500,19.080805419921877,0.12997150421142578,0.10547584295272827,0.2399919629096985
1696964997456819700,19.09081982421875,0.12778759002685547,-0.3154899775981903,0.14725448191165924
1696964997466834000,19.100833984375,0.19161510467529297,-0.314952552318573,-0.19448423385620117
1696964997476848400,19.110848388671876,-0.5558862686157227,-0.23474642634391785,-0.05114211142063141
1696964997486862600,19.120862548828125,0.23059844970703125,0.024993419647216797,0.35624194145202637
1696964997496876800,19.130876708984374,0.36337757110595703,-0.29609933495521545,0.25254952907562256
1696964997506891000,19.14089111328125,-0.7262163162231445,-0.36664313077926636,-0.18097162246704102
1696964997516905200,19.1509052734375,0.030187606811523438,-0.06311583518981934,-0.021536201238632202
1696964997526919400,19.16091943359375,0.17572593688964844,0.050891220569610596,0.34685081243515015
1696964997536933600,19.17093359375,0.2952299118041992,-0.22279122471809387,-0.04344278573989868
1696964997546947800,19.18094775390625,-0.3409233093261719,-0.2669049799442291,-0.2601390480995178
1696964997556962000,19.190962158203124,-0.2504711151123047,0.011302471160888672,0.14927290380001068
1696964997566976300,19.200976318359373,0.02692413330078125,-0.16310027241706848,0.3409234285354614
1696964997576990500,19.210990478515626,0.44102954864501953,-0.2450791895389557,0.011161714792251587
1696964997587004700,19.221004638671875,-0.4283418655395508,-0.18568584322929382,-0.16076868772506714
1696964997597019000,19.231018798828124,-0.36000633239746094,0.20925939083099365,0.33641985058784485
1696964997607033000,19.241033203125,0.6447219848632812,-0.10044863820075989,0.6621079444885254
1696964997617047300,19.25104736328125,0.0027313232421875,-0.4107227921485901,-0.09238540381193161
1696964997627061500,19.2610615234375,-0.3977346420288086,-0.10715749859809875,-0.10124970972537994
1696964997637075700,19.27107568359375,0.5793476104736328,0.05502396821975708,0.48583024740219116
1696964997647090000,19.28108984375,0.056221961975097656,-0.1540992558002472,0.5255750417709351
1696964997657104100,19.291104248046874,0.3143653869628906,-0.17516538500785828,0.005057051777839661
1696964997667118300,19.301118408203124,-0.1901378631591797,0.04786449670791626,0.09271378815174103
1696964997677132500,19.311132568359376,0.08150577545166016,0.02394205331802368,0.5214517116546631
1696964997687146800,19.321146728515625,0.7066965103149414,0.02335214614868164,0.453429251909256
1696964997697161000,19.331160888671874,-0.030510902404785156,-0.2613227069377899,-0.1612166166305542
1696964997707175200,19.341175048828124,-0.7271947860717773,-0.08805587887763977,0.029413998126983643
1696964997717189600,19.351189697265625,0.4814424514770508,0.14018285274505615,0.5455887317657471
1696964997727203800,19.361203857421874,0.1625356674194336,-0.05663168430328369,0.09967711567878723
1696964997737218000,19.371218017578126,-0.2830381393432617,-0.21603623032569885,-0.40469735860824585
1696964997747232300,19.381232177734375,-0.22169971466064453,0.07844382524490356,-0.09252612292766571
1696964997757246500,19.39124658203125,-0.3593597412109375,0.07715117931365967,0.5601415038108826
1696964997767260700,19.4012607421875,0.6500425338745117,-0.07036632299423218,-0.0304097980260849
1696964997777275000,19.41127490234375,-0.8022689819335938,-0.38143613934516907,-0.22037911415100098
1696964997787289000,19.4212890625,-0.12467670440673828,0.030411064624786377,-0.09303255379199982
1696964997797303300,19.43130322265625,0.05177116394042969,0.22214800119400024,0.2992989420890808
1696964997807317500,19.4413173828125,0.6444463729858398,-0.12052711844444275,-0.07563883066177368
1696964997817331700,19.451331787109375,-0.8171415328979492,-0.2948588728904724,-0.2982538342475891
1696964997827346000,19.461345947265624,-0.158203125,0.06454533338546753,0.1559661328792572
1696964997837360000,19.471360107421877,0.17431163787841797,-0.0701744556427002,0.275917649269104
1696964997847374300,19.481374267578126,0.19959163665771484,-0.11086705327033997,-0.103240005671978
1696964997857388500,19.491388427734375,-0.08153629302978516,-0.3796825110912323,-0.41377052664756775
1696964997867402800,19.50140283203125,-0.6125726699829102,0.13137352466583252,0.17745240032672882
1696964997877417000,19.5114169921875,0.8439655303955078,-0.06016963720321655,0.26100337505340576
1696964997887431200,19.52143115234375,-0.2629976272583008,-0.23008409142494202,-0.11096324026584625
1696964997897445400,19.5314453125,-0.23972511291503906,-0.23154225945472717,-0.2038343846797943
1696964997907459600,19.54145947265625,-0.0048236846923828125,0.19541382789611816,0.16184765100479126
1696964997917473800,19.551473876953125,0.32501983642578125,0.10235553979873657,0.316122829914093
1696964997927488000,19.561488037109374,0.3573875427246094,-0.22613677382469177,-0.2919244170188904
1696964997937502200,19.571502197265627,-0.49173641204833984,-0.12976029515266418,-0.198872908949852
1696964997947516400,19.581516357421876,0.14301300048828125,0.2210458517074585,0.2860519587993622
1696964997957531000,19.59153076171875,0.6588964462280273,0.3105701804161072,0.20188045501708984
1696964997967545000,19.601545166015626,0.2946634292602539,-0.29453444480895996,0.015424683690071106
1696964997977559300,19.611559326171875,-0.8784465789794922,-0.08426222205162048,-0.043306246399879456
1696964997987573500,19.621573486328124,0.41280364990234375,0.3748617172241211,0.38876667618751526
1696964997997587700,19.631587646484373,0.7452497482299805,0.13091564178466797,0.21746082603931427
1696964998007602000,19.641601806640626,-0.20932388305664062,-0.2212958037853241,-0.19538280367851257
1696964998017616100,19.6516162109375,-0.44597816467285156,0.05401724576950073,-0.08497394621372223
1696964998027630300,19.66163037109375,0.18329620361328125,0.16128838062286377,0.620002806186676
1696964998037644500,19.67164453125,0.816279411315918,0.08190339803695679,0.2675923705101013
1696964998047658800,19.68165869140625,-0.42204761505126953,-0.27052101492881775,-0.17108330130577087
1696964998057673000,19.6916728515625,-0.31134033203125,0.1715415120124817,0.11467671394348145
1696964998067687200,19.701687255859376,0.5230741500854492,0.16716450452804565,0.5047786235809326
1696964998077701400,19.711701416015625,0.015001296997070312,0.05973178148269653,0.28599250316619873
1696964998087715600,19.721715576171874,-0.09347820281982422,-0.30624234676361084,-0.3260573148727417
1696964998097729800,19.731729736328123,-0.7560834884643555,0.2348332405090332,0.12061473727226257
1696964998107744000,19.741743896484376,0.8582439422607422,0.15055274963378906,0.5595946907997131
1696964998117758200,19.75175830078125,0.236358642578125,0.12204545736312866,0.022596091032028198
1696964998127772400,19.7617724609375,-0.5825424194335938,-0.3240206241607666,-0.2598976492881775
1696964998137786600,19.77178662109375,-0.3042125701904297,0.32581180334091187,0.18619206547737122
1696964998147800800,19.78180078125,0.44991302490234375,0.2631595730781555,0.5339523553848267
1696964998157815000,19.79181494140625,0.15044879913330078,-0.030625581741333008,0.025841474533081055
1696964998167829200,19.801829345703126,-0.6952714920043945,-0.3095604181289673,-0.2470884621143341
1696964998177843500,19.811843505859375,0.10310745239257812,0.3452604413032532,0.20432722568511963
1696964998187857700,19.821857666015624,0.3228311538696289,0.12180310487747192,0.4193482995033264
1696964998197872000,19.8318720703125,0.3599119186401367,-0.12659913301467896,0.008284658193588257
1696964998207886300,19.84188623046875,-0.8237152099609375,-0.23013851046562195,-0.23292359709739685
1696964998217900500,19.851900634765624,-0.3059349060058594,0.2781449556350708,0.4687628746032715
1696964998227914800,19.861914794921876,0.8863248825073242,0.10814827680587769,0.42591142654418945
1696964998237929000,19.871928955078126,-0.25897693634033203,-0.23977461457252502,-0.0426320880651474
1696964998247943200,19.881943115234375,-0.7210636138916016,-0.29265519976615906,-0.19172845780849457
1696964998257957400,19.891957275390624,0.5111169815063477,0.43296778202056885,0.2738376259803772
1696964998267971600,19.9019716796875,0.2858877182006836,0.024529099464416504,0.4078224301338196
1696964998277985800,19.91198583984375,-0.04859638214111328,-0.21261045336723328,-0.06471331417560577
1696964998288000000,19.922,-0.933415412902832,0.006883144378662109,-0.09698779881000519
1696964998298014200,19.93201416015625,0.4765186309814453,0.09705275297164917,0.38278061151504517
1696964998308028400,19.9420283203125,0.7418680191040039,0.26394879817962646,0.10396036505699158
1696964998318042600,19.952042724609374,-0.7590904235839844,-0.3217095136642456,-0.2840469479560852
1696964998328056800,19.962056884765627,-0.4119691848754883,0.04666954278945923,0.059940338134765625
1696964998338071000,19.972071044921876,0.8574237823486328,0.29080861806869507,0.4567183256149292
1696964998348085200,19.982085205078125,0.2402029037475586,-0.10194957256317139,0.0821271538734436
1696964998358099500,19.992099365234374,-0.8991250991821289,-0.34138011932373047,-0.3289634585380554
1696964998368113700,20.00211376953125,-0.24814796447753906,0.08856511116027832,0.23209026455879211
1696964998378128000,20.0121279296875,0.7876777648925781,0.19517165422439575,0.3624083399772644
1696964998388142000,20.02214208984375,0.1292428970336914,-0.11580199003219604,0.02124500274658203
1696964998398156300,20.03215625,-0.6831636428833008,-0.3503981828689575,-0.16267740726470947
1696964998408170500,20.04217041015625,-0.059355735778808594,0.11748141050338745,0.43363696336746216
1696964998418184700,20.052184814453124,0.9026813507080078,0.25155770778656006,0.40014326572418213
1696964998428199000,20.062198974609377,-0.3229522705078125,-0.2259637415409088,-0.13960674405097961
1696964998438213400,20.07221337890625,-0.8781576156616211,-0.08572989702224731,-0.01090666651725769
1696964998448227600,20.0822275390625,0.586308479309082,0.1636534333229065,0.6362046003341675
1696964998458241800,20.09224169921875,0.6948356628417969,0.08991587162017822,0.3059634566307068
1696964998468256000,20.102256103515625,-0.5350284576416016,-0.08346134424209595,-0.038863301277160645
1696964998478270200,20.112270263671874,-0.46953582763671875,0.0019453167915344238,0.17411702871322632
1696964998488284400,20.122284423828123,0.3579225540161133,0.2946408987045288,0.6019524335861206
1696964998498298600,20.132298583984376,0.7477731704711914,-0.041873395442962646,0.1032668948173523
1696964998508312800,20.142312744140625,-1.2324581146240234,-0.2391265332698822,-0.2042788863182068
1696964998518327000,20.1523271484375,-0.28798770904541016,0.1684533953666687,0.3751688003540039
1696964998528341200,20.16234130859375,0.7354240417480469,0.3299107551574707,0.5288145542144775
1696964998538355500,20.17235546875,0.13629817962646484,-0.207492858171463,0.15002501010894775
1696964998548369700,20.18236962890625,-0.9583454132080078,-0.08840417861938477,-0.133096382021904
1696964998558383900,20.1923837890625,0.038010597229003906,0.25665730237960815,0.5560175180435181
1696964998568398000,20.202398193359375,0.7022008895874023,0.11203128099441528,0.4601995050907135
1696964998578412300,20.212412353515624,-0.23613929748535156,-0.1285386085510254,0.009601771831512451
1696964998588426500,20.222426513671873,-0.7612018585205078,-0.10461652278900146,0.052051037549972534
1696964998598440700,20.232440673828126,0.4926643371582031,0.2600019574165344,0.5794075727462769
1696964998608455000,20.242454833984375,0.8833589553833008,-0.09087306261062622,0.25915467739105225
1696964998618469000,20.25246923828125,-1.011251449584961,-0.30185285210609436,-0.10988748073577881
1696964998628483300,20.2624833984375,-0.10556793212890625,0.05805790424346924,0.30691757798194885
1696964998638497500,20.27249755859375,0.8647880554199219,0.13394540548324585,0.39930710196495056
1696964998648511700,20.28251171875,-0.054886817932128906,-0.3164604604244232,0.04481619596481323
1696964998658526000,20.29252587890625,-0.06430912017822266,-0.28242334723472595,-0.24627092480659485
1696964998668540400,20.30254052734375,-0.6184368133544922,0.06183278560638428,0.273948073387146
1696964998678554600,20.3125546875,0.9456634521484375,0.11059331893920898,0.3482731282711029
1696964998688568800,20.32256884765625,-0.045731544494628906,-0.30319729447364807,0.02547931671142578
1696964998698583000,20.3325830078125,-0.5665903091430664,-0.22535768151283264,-0.14106953144073486
1696964998708597200,20.34259716796875,-0.0968017578125,-0.014849543571472168,0.2842552661895752
1696964998718611500,20.352611572265626,1.0311641693115234,0.17237287759780884,0.338197261095047
1696964998728625700,20.362625732421876,-0.15160274505615234,-0.3850460946559906,-0.165963813662529
1696964998738640000,20.372639892578125,-0.8824300765991211,-0.07293623685836792,-0.1276891678571701
1696964998748654000,20.382654052734374,0.7636728286743164,0.1475735902786255,0.5430313944816589
1696964998758668300,20.392668212890626,0.4894275665283203,-0.12669384479522705,0.2895296514034271
1696964998768682500,20.4026826171875,-0.6873435974121094,-0.26125118136405945,-0.3519362807273865
1696964998778696700,20.41269677734375,-0.5374593734741211,-0.04556339979171753,0.2553129196166992
1696964998788711000,20.4227109375,0.9118356704711914,0.19855445623397827,0.5100569128990173
1696964998798725000,20.43272509765625,0.20241737365722656,-0.2388489544391632,0.0351291298866272
1696964998808739300,20.4427392578125,-0.9163007736206055,-0.24367740750312805,-0.3194795250892639
1696964998818753500,20.45275341796875,-0.5316791534423828,0.23511576652526855,0.4926815629005432
1696964998828767700,20.462767822265626,0.8841323852539062,0.18212240934371948,0.5468666553497314
1696964998838782000,20.472781982421875,-0.3891172409057617,-0.3269231617450714,-0.05303570628166199
1696964998848796200,20.482796142578124,-0.6462612152099609,-0.08666086196899414,-0.09052649140357971
1696964998858810400,20.492810302734377,0.06744003295898438,0.22903341054916382,0.38687488436698914
1696964998868824600,20.502824462890626,0.18191051483154297,0.10924845933914185,0.38719993829727173
1696964998878838800,20.5128388671875,-0.08129024505615234,-0.11194264888763428,-0.06382036209106445
1696964998888853000,20.52285302734375,-0.9603404998779297,0.03146570920944214,0.03459995985031128
1696964998898867200,20.5328671875,0.44213008880615234,0.3200564384460449,0.5616114139556885
1696964998908881700,20.542881591796874,0.8234453201293945,0.04554009437561035,0.26822447776794434
1696964998918895900,20.552895751953123,-1.0566835403442383,-0.2274397313594818,-0.006074279546737671
1696964998928910000,20.56291015625,-0.07439041137695312,0.27581173181533813,0.22264322638511658
1696964998938924300,20.57292431640625,0.34148693084716797,0.30456244945526123,0.6531171202659607
1696964998948938500,20.5829384765625,0.7802829742431641,-0.16481813788414001,0.09347498416900635
1696964998958952700,20.59295263671875,-1.0088586807250977,-0.13194841146469116,-0.32997846603393555
1696964998968967000,20.602966796875,-0.33261871337890625,0.267062783241272,0.47794508934020996
1696964998978981000,20.612981201171873,1.0301847457885742,0.23296856880187988,0.5448086261749268
1696964998988995300,20.622995361328126,-0.14315319061279297,-0.14606457948684692,0.0933806300163269
1696964998999009500,20.633009521484375,-0.5059909820556641,-0.1979140341281891,-0.14199040830135345
1696964999009024000,20.64302392578125,-0.12246322631835938,0.38679438829421997,0.41677558422088623
1696964999019038200,20.6530380859375,1.0725011825561523,0.1904239058494568,0.4507928192615509
1696964999029052400,20.663052490234374,-0.32071590423583984,-0.30392923951148987,-0.02460882067680359
1696964999039066600,20.673066650390624,-0.6066923141479492,0.08490145206451416,0.06541162729263306
1696964999049081000,20.6830810546875,0.6085901260375977,0.3151419758796692,0.5582457184791565
1696964999059095300,20.69309521484375,0.4971923828125,0.01255577802658081,0.27036499977111816
1696964999069109500,20.703109619140626,-0.5553417205810547,-0.2895711362361908,-0.17049118876457214
1696964999079123700,20.713123779296875,-0.5156993865966797,0.12269151210784912,0.11480715870857239
1696964999089138200,20.72313818359375,0.7757701873779297,0.40093255043029785,0.5653644800186157
1696964999099152400,20.73315234375,0.7595739364624023,-0.1272115707397461,0.1630840301513672
1696964999109166600,20.74316650390625,-1.0916852951049805,-0.3285249173641205,-0.2018776834011078
1696964999119180800,20.753180908203124,-0.16669559478759766,0.2803950905799866,0.23364877700805664
1696964999129195000,20.763195068359376,0.5170927047729492,0.3418252468109131,0.5109312534332275
1696964999139209500,20.77320947265625,0.047476768493652344,-0.23312333226203918,0.08032158017158508
1696964999149223700,20.7832236328125,-0.5929689407348633,-0.15169507265090942,-0.0832834541797638
1696964999159238000,20.79323779296875,-0.20920658111572266,0.1601695418357849,0.23174667358398438
1696964999169252000,20.803252197265625,0.713592529296875,0.3657900094985962,0.4711225926876068
1696964999179266600,20.8132666015625,-0.17217254638671875,-0.27706798911094666,0.11551401019096375
1696964999189280800,20.82328076171875,-1.0893239974975586,-0.21838733553886414,-0.09106428921222687
1696964999199295000,20.833294921875,0.14153003692626953,0.35211825370788574,0.2574595808982849
1696964999209309200,20.84330908203125,0.5139036178588867,0.14583933353424072,0.4918041527271271
1696964999219323600,20.85332373046875,-0.156402587890625,-0.2994901239871979,0.09865859150886536
1696964999229337900,20.863337890625,-0.4188413619995117,-0.10757875442504883,-0.08842617273330688
1696964999239352000,20.87335205078125,-0.04992103576660156,0.2672218680381775,0.6091941595077515
1696964999249366300,20.8833662109375,1.0683870315551758,0.16648894548416138,0.404590368270874
1696964999259380500,20.89338037109375,-0.6641273498535156,-0.2990672290325165,0.03911006450653076
1696964999269395000,20.90339501953125,-0.5526237487792969,-0.13001883029937744,-0.11382162570953369
1696964999279409200,20.9134091796875,0.2945890426635742,0.36823809146881104,0.65547776222229
1696964999289423400,20.92342333984375,0.8433752059936523,0.061426401138305664,0.37380701303482056
1696964999299437600,20.9334375,-0.6018590927124023,-0.327200323343277,0.0420798659324646
1696964999309451800,20.94345166015625,-0.29456520080566406,0.11420255899429321,0.09466513991355896
1696964999319466000,20.953466064453124,0.5090055465698242,0.2957956790924072,0.5011054277420044
1696964999329480200,20.963480224609373,0.5268058776855469,0.0082777738571167,0.4200218915939331
1696964999339494400,20.973494384765626,-0.3680295944213867,-0.3234045207500458,-0.06918540596961975
1696964999349508600,20.983508544921875,-0.8975725173950195,0.14155668020248413,0.32154911756515503
1696964999359522800,20.993522705078124,1.2789592742919922,0.3380292057991028,0.7296528220176697
1696964999369537000,21.003537109375,0.3153495788574219,0.014735758304595947,0.17792168259620667
1696964999379551200,21.01355126953125,-0.7033472061157227,-0.37763476371765137,0.010682374238967896
1696964999389565400,21.0235654296875,0.043944358825683594,0.2587595582008362,0.20178291201591492
1696964999399579600,21.03357958984375,0.4213438034057617,0.3391839861869812,0.5991920828819275
1696964999409593900,21.04359375,0.38684558868408203,-0.011429667472839355,0.24561461806297302
1696964999419608000,21.053608154296874,-0.593663215637207,-0.27617397904396057,-0.023185133934020996
1696964999429622300,21.063622314453124,-0.520543098449707,0.3463447690010071,0.27348607778549194
1696964999439636500,21.073636474609376,0.7710561752319336,0.40731942653656006,0.5322508215904236
1696964999449650700,21.083650634765625,0.1670818328857422,0.16549676656723022,0.12057927250862122
1696964999459665000,21.093664794921875,-0.6217842102050781,-0.15631914138793945,-0.23337900638580322
1696964999469679000,21.10367919921875,-0.21882057189941406,0.6139435768127441,0.12064170837402344
1696964999479693300,21.113693359375,0.46036529541015625,0.5638098120689392,0.42715924978256226
1696964999489707500,21.12370751953125,-0.023412704467773438,-0.021967649459838867,0.31745287775993347
1696964999499721700,21.1337216796875,-0.5298318862915039,-0.05668407678604126,-0.2856029272079468
1696964999509736200,21.143736083984376,-0.495086669921875,0.5460582375526428,0.19780343770980835
1696964999519750400,21.15375048828125,1.0544958114624023,0.5441907644271851,0.5581744909286499
1696964999529764600,21.1637646484375,0.21088695526123047,0.33526611328125,0.055433958768844604
1696964999539778800,21.17377880859375,-0.9986181259155273,-0.2502402365207672,-0.38884323835372925
1696964999549793000,21.18379296875,-0.38448524475097656,0.43506836891174316,0.28544941544532776
1696964999559807200,21.19380712890625,0.4289541244506836,0.37508147954940796,0.4537166357040405
1696964999569821400,21.203821533203126,0.031273841857910156,0.10061174631118774,-0.02433842420578003
1696964999579835600,21.213835693359375,-0.5183029174804688,0.013330161571502686,-0.383120059967041
1696964999589849900,21.223849853515624,-0.13944625854492188,0.6152661442756653,0.277044415473938
1696964999599864000,21.233864013671877,0.20494747161865234,0.3933923840522766,0.527194619178772
1696964999609878300,21.243878173828126,-0.15392208099365234,0.018312692642211914,-0.10886311531066895
1696964999619892500,21.253892578125,-0.8225460052490234,-0.22604790329933167,-0.2665154039859772
1696964999629906700,21.26390673828125,-0.060652732849121094,0.6111859083175659,0.18327626585960388
1696964999639921000,21.2739208984375,0.6802520751953125,0.5133666396141052,0.4086151123046875
1696964999649935000,21.28393505859375,-0.1051473617553711,0.05706137418746948,-0.1462252140045166
1696964999659949300,21.29394921875,-0.501460075378418,0.07534319162368774,-0.25672683119773865
1696964999669963500,21.303963623046876,-0.21827220916748047,0.5104902982711792,0.34586983919143677
1696964999679977700,21.313977783203125,0.4082927703857422,0.4467903971672058,0.3751845359802246
1696964999689992000,21.323991943359374,0.5936775207519531,0.15822958946228027,-0.1889217048883438
1696964999700006100,21.334006103515627,-0.6932229995727539,-0.02455991506576538,-0.16676804423332214
1696964999710020400,21.344020263671876,0.30723094940185547,0.46371954679489136,0.4176371395587921
1696964999720034600,21.35403466796875,0.502446174621582,0.4376296401023865,0.43660202622413635
1696964999730048800,21.364048828125,0.34828662872314453,-0.10419756174087524,-0.1705569624900818
1696964999740063000,21.37406298828125,-0.5651769638061523,0.28142333030700684,-0.296486496925354
1696964999750077400,21.384077392578124,0.01921558380126953,0.30516427755355835,0.47899091243743896
1696964999760091600,21.394091552734373,0.7120761871337891,0.44289708137512207,0.3120492100715637
1696964999770105900,21.40410595703125,-0.16411781311035156,-0.07130831480026245,-0.1479203999042511
1696964999780120000,21.4141201171875,-0.7849388122558594,0.024274170398712158,-0.20084816217422485
1696964999790134300,21.42413427734375,0.14415645599365234,0.4495629072189331,0.339293897151947
1696964999800148500,21.4341484375,0.4290933609008789,0.4607149362564087,0.17035886645317078
1696964999810162700,21.44416259765625,-0.5037498474121094,-0.1963818073272705,-0.2327473759651184
1696964999820177000,21.454177001953123,-0.3964080810546875,0.202864408493042,-0.20623913407325745
1696964999830191000,21.464191162109376,-0.1589183807373047,0.48678117990493774,0.3615245521068573
1696964999840205300,21.474205322265625,0.16871929168701172,0.3188098073005676,0.262876033782959
1696964999850219500,21.484219482421874,-0.20145225524902344,-0.03121107816696167,-0.11982196569442749
1696964999860233700,21.494233642578124,-0.6832914352416992,0.12941867113113403,-0.10492868721485138
1696964999870248000,21.504248046875,-0.12075424194335938,0.4531688094139099,0.3769790530204773
1696964999880262100,21.51426220703125,1.0165386199951172,0.4176618456840515,0.17495524883270264
1696964999890276400,21.5242763671875,-0.7244319915771484,-0.28375765681266785,-0.29693204164505005
1696964999900290600,21.53429052734375,-0.6606464385986328,0.3255622386932373,-0.09440460801124573
1696964999910304800,21.5443046875,0.33029842376708984,0.45185941457748413,0.46280714869499207
1696964999920319000,21.554319091796874,0.23990535736083984,0.20447403192520142,0.1269344985485077
1696964999930333200,21.564333251953126,-0.1408700942993164,-0.0965275764465332,-0.2817661166191101
1696964999940347400,21.574347412109375,-0.7273406982421875,0.17825162410736084,-0.11402206122875214
1696964999950361600,21.584361572265625,0.11853408813476562,0.4450582265853882,0.34060657024383545
1696964999960375800,21.594375732421874,0.8515710830688477,0.15887820720672607,-0.023586004972457886
1696964999970390000,21.60439013671875,-1.1458568572998047,-0.28247979283332825,-0.4169059991836548
1696964999980404200,21.614404296875,0.08864784240722656,0.3691209554672241,0.14431139826774597
1696964999990418700,21.624418701171876,0.7656316757202148,0.35755735635757446,0.44324538111686707
1696965000000433000,21.634432861328126,0.17815780639648438,-0.030389904975891113,0.11521899700164795
1696965000010447000,21.644447021484375,-0.17805004119873047,-0.16708093881607056,-0.3638770878314972
1696965000020461300,21.65446142578125,-0.5000791549682617,0.25042182207107544,0.29476073384284973
1696965000030475500,21.6644755859375,1.3407258987426758,0.2328541874885559,0.5184811949729919
1696965000040489700,21.67448974609375,0.25392723083496094,-0.07958626747131348,-0.08560621738433838
1696965000050504000,21.68450390625,-0.40515708923339844,-0.16752135753631592,-0.10334992408752441
1696965000060518100,21.69451806640625,0.23296546936035156,0.2869585156440735,0.40152591466903687
1696965000070532400,21.704532470703125,0.6294841766357422,0.3194698691368103,0.4674989879131317
1696965000080546600,21.714546630859374,-0.02158641815185547,-0.2857743501663208,-0.21870195865631104
1696965000090560800,21.724560791015627,-0.5865097045898438,-0.06937164068222046,0.00581514835357666
1696965000100575000,21.734574951171876,0.3324718475341797,0.35100704431533813,0.29422834515571594
1696965000110589200,21.744589111328125,0.4070606231689453,0.2829110622406006,0.37517058849334717
1696965000120603400,21.754603271484374,-0.05193138122558594,-0.26466619968414307,-0.16263993084430695
1696965000130617600,21.76461767578125,-0.8330078125,0.11617147922515869,-0.048548877239227295
1696965000140631800,21.7746318359375,0.17952537536621094,0.4022687077522278,0.5754632949829102
1696965000150646000,21.78464599609375,0.5723028182983398,0.18737083673477173,0.23234188556671143
1696965000160660200,21.79466015625,-0.6761589050292969,-0.23571902513504028,-0.1259072721004486
1696965000170674400,21.80467431640625,-0.3021383285522461,0.19716989994049072,0.06892263889312744
1696965000180688600,21.814688720703124,0.12212848663330078,0.41082364320755005,0.5068641901016235
1696965000190702800,21.824702880859373,0.5628337860107422,0.0790284276008606,0.25104066729545593
1696965000200717000,21.834717041015626,-0.48758888244628906,-0.15402430295944214,-0.25815585255622864
1696965000210731300,21.844731201171875,-0.7668991088867188,0.188590407371521,0.17457851767539978
1696965000220745700,21.854745849609376,0.3245859146118164,0.3510674834251404,0.4939313530921936
1696965000230760000,21.864760009765625,0.5075788497924805,0.03397345542907715,-0.016764074563980103
1696965000240774100,21.874774169921874,-0.8953123092651367,-0.3011600375175476,-0.22969165444374084
1696965000250788400,21.884788330078123,-0.0937643051147461,0.21390902996063232,-0.03214693069458008
1696965000260802600,21.894802490234376,0.3930225372314453,0.3564898371696472,0.425653338432312
1696965000270816800,21.904816650390625,0.14140033721923828,-0.2615836262702942,-0.08391326665878296
1696965000280831000,21.9148310546875,-0.7419033050537109,-0.0638466477394104,-0.2674366533756256
1696965000290845200,21.92484521484375,0.005260467529296875,0.2305513620376587,0.06275919079780579
1696965000300859400,21.934859375,0.4526481628417969,0.19874948263168335,0.3975168466567993
1696965000310873600,21.94487353515625,0.3979511260986328,-0.20520555973052979,-0.2955288887023926
1696965000320887800,21.9548876953125,-0.9607057571411133,-0.16878777742385864,-0.32519078254699707
1696965000330902000,21.964902099609375,0.4799489974975586,0.2779633402824402,0.279298335313797
1696965000340916200,21.974916259765624,0.6221771240234375,0.2764243483543396,0.21678200364112854
1696965000350930400,21.984930419921874,-0.2491893768310547,-0.3026120662689209,-0.27968358993530273
1696965000360944600,21.994944580078126,-0.3393239974975586,-0.0388835072517395,-0.34721627831459045
1696965000370958800,22.004958740234375,0.10113048553466797,0.35372281074523926,0.31809911131858826
1696965000380973000,22.01497314453125,0.7871665954589844,0.15958327054977417,0.2488853633403778
1696965000390987300,22.0249873046875,-0.18215560913085938,-0.3486897051334381,-0.4012644290924072
1696965000401001500,22.03500146484375,-0.7915897369384766,0.09128743410110474,-0.023295879364013672
1696965000411015700,22.045015625,0.7667312622070312,0.20785868167877197,0.2902477979660034
1696965000421030000,22.05502978515625,0.3968524932861328,0.19725769758224487,0.08463051915168762
1696965000431044000,22.065044189453126,-0.36869144439697266,-0.5256644487380981,-0.5276963114738464
1696965000441058300,22.075058349609375,-0.5541343688964844,0.3172959089279175,0.0694589912891388
1696965000451072500,22.085072509765624,0.7040691375732422,0.173140287399292,0.29521483182907104
1696965000461087000,22.0950869140625,0.1575765609741211,0.019056260585784912,0.07917428016662598
1696965000471101200,22.10510107421875,-0.2878246307373047,-0.3397883474826813,-0.27618730068206787
1696965000481115400,22.115115478515627,-0.26882266998291016,0.23583924770355225,0.08955463767051697
1696965000491129600,22.125129638671876,0.6023969650268555,0.21849781274795532,0.6073846220970154
1696965000501143800,22.135143798828125,0.8138952255249023,-0.15445572137832642,-0.16965892910957336
1696965000511158000,22.145157958984374,-1.2429494857788086,-0.21191567182540894,-0.13369199633598328
1696965000521172200,22.155172119140627,0.556920051574707,0.24357378482818604,0.2645989954471588
1696965000531186400,22.1651865234375,0.3451957702636719,0.28056907653808594,0.6224160194396973
1696965000541200600,22.17520068359375,0.47601318359375,-0.38888975977897644,0.0489562451839447
1696965000551214800,22.18521484375,-0.4975137710571289,-0.07761895656585693,-0.038152217864990234
1696965000561229000,22.19522900390625,-0.07472038269042969,0.1642453670501709,0.40184107422828674
1696965000571243300,22.2052431640625,0.6519918441772461,0.2928764224052429,0.463191956281662
1696965000581257500,22.215257568359377,0.061779022216796875,-0.28862279653549194,-0.12307840585708618
1696965000591271700,22.225271728515626,-0.8955478668212891,-0.09588050842285156,-0.12607848644256592
1696965000601286000,22.235285888671875,0.14161014556884766,0.3346250653266907,0.32501673698425293
1696965000611300000,22.245300048828124,0.4454946517944336,0.19597578048706055,0.3873388469219208
1696965000621314300,22.255314208984377,-0.2638406753540039,-0.312420129776001,-0.1363113522529602
1696965000631328500,22.26532861328125,-0.593815803527832,-0.04924154281616211,-0.20513175427913666
1696965000641342700,22.2753427734375,-0.1647348403930664,0.3385885953903198,0.463605672121048
1696965000651357000,22.28535693359375,0.9061336517333984,0.15049397945404053,0.11612904071807861
1696965000661371100,22.29537109375,-0.6538925170898438,-0.2625560164451599,-0.23397167026996613
1696965000671385300,22.30538525390625,-0.8195257186889648,-0.09454041719436646,-0.1952638328075409
1696965000681399600,22.315399658203123,0.10478973388671875,0.34097784757614136,0.3892225921154022
1696965000691413800,22.325413818359376,0.7066669464111328,0.10040861368179321,0.09377828240394592
1696965000701428200,22.33542822265625,-0.7764778137207031,-0.5030527114868164,-0.30819928646087646
1696965000711442400,22.3454423828125,-0.2010946273803711,0.12932956218719482,-0.19251978397369385
1696965000721456600,22.35545654296875,0.1769256591796875,0.30569201707839966,0.38221099972724915
1696965000731470800,22.365470947265624,0.42491912841796875,-0.04418313503265381,-0.10884049534797668
1696965000741485000,22.375485107421873,-0.7755441665649414,-0.3603306710720062,-0.4968193471431732
1696965000751499300,22.385499267578126,-0.27187061309814453,0.13362210988998413,-0.11833757162094116
1696965000761513500,22.395513427734375,0.29271602630615234,0.204723060131073,0.1264762282371521
1696965000771527700,22.405527587890624,0.46402549743652344,0.03681063652038574,-0.2080143690109253
1696965000781542000,22.4155419921875,-0.9658546447753906,-0.5142271518707275,-0.46256956458091736
1696965000791556000,22.42555615234375,-0.09386348724365234,0.2679888606071472,0.05537500977516174
1696965000801570300,22.4355703125,1.000844955444336,0.23755985498428345,0.0506209135055542
1696965000811584500,22.44558447265625,-0.42091941833496094,-0.2941460609436035,-0.27062371373176575
1696965000821598700,22.4555986328125,-0.5966253280639648,-0.36988845467567444,-0.40521618723869324
1696965000831613000,22.465613037109375,-0.1028900146484375,0.30537158250808716,0.1728229820728302
1696965000841627100,22.475627197265624,0.6093969345092773,0.1660856008529663,0.19706666469573975
1696965000851641300,22.485641357421876,0.18742752075195312,-0.341855525970459,-0.3678632080554962
1696965000861655600,22.495655517578125,-1.0076408386230469,-0.30308741331100464,-0.3792305588722229
1696965000871669800,22.505669677734375,0.1082773208618164,0.1814773678779602,0.19531318545341492
1696965000881684000,22.51568408203125,0.7006473541259766,0.20457327365875244,0.25179579854011536
1696965000891698200,22.5256982421875,-0.4622459411621094,-0.42282506823539734,-0.29064738750457764
1696965000901712400,22.53571240234375,-0.33203792572021484,0.08552992343902588,-0.028970062732696533
1696965000911726600,22.5457265625,0.32360363006591797,0.2569184899330139,0.28050583600997925
1696965000921740800,22.55574072265625,0.22236061096191406,0.04659533500671387,0.24691462516784668
1696965000931755000,22.565755126953125,0.06429004669189453,-0.3132072687149048,-0.3672962784767151
1696965000941769500,22.57576953125,-1.2404155731201172,-0.04002732038497925,0.04198998212814331
1696965000951783700,22.58578369140625,0.731480598449707,0.26715242862701416,0.40595439076423645
1696965000961798400,22.59579833984375,0.5529308319091797,0.16514909267425537,0.1321699023246765
1696965000971812600,22.6058125,-0.6669340133666992,-0.3615875542163849,-0.1476433277130127
1696965000981826800,22.615826904296874,-0.4072093963623047,0.18462347984313965,0.04306337237358093
1696965000991841000,22.625841064453127,0.14829444885253906,0.1978398561477661,0.4333069622516632
1696965001001855200,22.635855224609376,0.01398468017578125,-0.07904237508773804,0.2423763871192932
1696965001011869400,22.645869384765625,0.22439098358154297,-0.24717646837234497,-0.1421956717967987
1696965001021884000,22.6558837890625,-0.7509965896606445,0.0876380205154419,-0.09528958797454834
1696965001031898000,22.665898193359375,0.19427490234375,0.1573169231414795,0.4387120306491852
1696965001041912300,22.675912353515624,0.6573905944824219,0.08387404680252075,0.2772451639175415
1696965001051926500,22.685926513671873,-0.6535015106201172,-0.25692135095596313,-0.17920532822608948
1696965001061940700,22.695940673828126,-0.5133209228515625,0.07417851686477661,0.16493400931358337
1696965001071955000,22.705954833984375,0.6827106475830078,0.2884719967842102,0.39015188813209534
1696965001081969200,22.71596923828125,-0.12657833099365234,-0.08569425344467163,0.07364165782928467
1696965001091983400,22.7259833984375,0.012154579162597656,-0.17852121591567993,-0.23376710712909698
1696965001101997600,22.73599755859375,-0.5249013900756836,0.17180222272872925,0.07413363456726074
1696965001112011800,22.74601171875,0.22334861755371094,0.20738989114761353,0.5315145254135132
1696965001122026000,22.75602587890625,0.8488826751708984,0.1343875527381897,-0.11923199892044067
1696965001132040200,22.766040283203125,-0.8495769500732422,-0.3929238021373749,-0.182900071144104
1696965001142054400,22.776054443359374,-0.1498088836669922,0.23021769523620605,0.09491145610809326
1696965001152068600,22.786068603515623,0.6630849838256836,0.3289923667907715,0.3335200250148773
1696965001162082800,22.796082763671876,-0.13473892211914062,-0.10045468807220459,0.07387199997901917
1696965001172097000,22.806096923828125,0.2020435333251953,-0.20749270915985107,-0.2857472598552704
1696965001182111200,22.816111328125,-0.5831995010375977,0.21898579597473145,-0.03778448700904846
1696965001192125400,22.82612548828125,0.40157318115234375,0.31051069498062134,0.293980211019516
1696965001202139600,22.8361396484375,0.5787572860717773,-0.08238625526428223,-0.11647549271583557
1696965001212153900,22.84615380859375,-0.9242038726806641,-0.1708812713623047,-0.37522590160369873
1696965001222168000,22.85616796875,-0.3151969909667969,0.1763399839401245,0.044653624296188354
1696965001232182300,22.866182373046875,0.7123250961303711,0.42321914434432983,0.31307995319366455
1696965001242196500,22.876196533203125,-0.010830879211425781,-0.3008190393447876,-0.2577678859233856
1696965001252210700,22.886210693359374,-0.35450267791748047,-0.1309642195701599,-0.37241655588150024
1696965001262225200,22.89622509765625,-0.4757261276245117,0.22449958324432373,0.0894046425819397
1696965001272239400,22.9062392578125,0.31411075592041016,0.13189536333084106,0.18850496411323547
1696965001282253600,22.916253662109376,0.15819644927978516,-0.17217957973480225,-0.23015592992305756
1696965001292267800,22.926267822265626,-0.7488822937011719,-0.3252258896827698,-0.32633495330810547
1696965001302282000,22.936281982421875,-0.2888936996459961,0.33120065927505493,0.11188384890556335
1696965001312296200,22.946296142578124,0.8040943145751953,0.21286088228225708,0.22933116555213928
1696965001322310400,22.956310302734376,-0.14671802520751953,-0.37071484327316284,-0.2136867344379425
1696965001332324600,22.96632470703125,-0.5588617324829102,-0.17560583353042603,-0.22965769469738007
1696965001342338800,22.9763388671875,-0.06430625915527344,0.10544431209564209,0.07542261481285095
1696965001352353000,22.98635302734375,0.48310279846191406,0.2320680022239685,0.24005642533302307
1696965001362367200,22.9963671875,0.2584800720214844,-0.4325094521045685,-0.15576624870300293
1696965001372381400,23.00638134765625,-0.4949150085449219,-0.014943599700927734,-0.059439659118652344
1696965001382395600,23.016395751953127,0.3330678939819336,0.0793919563293457,0.17264172434806824
1696965001392409900,23.026409912109376,0.4499034881591797,0.20563286542892456,0.23251664638519287
1696965001402424000,23.036424072265625,0.2540769577026367,-0.5242546796798706,-0.1442337930202484
1696965001412438300,23.046438232421874,-1.0455942153930664,-0.18145424127578735,-0.0634869635105133
1696965001422452500,23.056452392578127,0.7053499221801758,0.20435577630996704,0.3629745841026306
1696965001432466700,23.066466796875,0.7266998291015625,0.0015949606895446777,0.2015262246131897
1696965001442481000,23.07648095703125,-0.15694713592529297,-0.35189634561538696,-0.17889556288719177
1696965001452495000,23.0864951171875,-0.2813682556152344,-0.0833708643913269,-0.054732710123062134
1696965001462509300,23.09650927734375,-0.43221569061279297,0.2720245122909546,0.6012967824935913
1696965001472523500,23.1065234375,1.1436452865600586,-0.01052778959274292,0.10439831018447876
1696965001482537700,23.116537841796877,-0.8303413391113281,-0.48734667897224426,-0.13459977507591248
1696965001492552000,23.126552001953126,-0.1570568084716797,-0.002514481544494629,-0.10813400149345398
1696965001502566400,23.13656640625,0.3402090072631836,0.4120420813560486,0.5395956039428711
1696965001512580600,23.14658056640625,0.23082447052001953,-0.16504108905792236,-0.023557186126708984
1696965001522594800,23.1565947265625,-0.7670516967773438,-0.2797048091888428,0.05596160888671875
1696965001532609000,23.166609130859374,-0.057091712951660156,0.059906184673309326,-0.06686955690383911
1696965001542623200,23.176623291015623,-0.19281864166259766,0.22915416955947876,0.3488313853740692
1696965001552637400,23.186637451171876,0.5498676300048828,-0.20744144916534424,-0.08331891894340515
1696965001562651600,23.196651611328125,-0.8866748809814453,-0.35981330275535583,-0.20557820796966553
1696965001572665900,23.206665771484374,-0.17014503479003906,0.09081912040710449,0.03912380337715149
1696965001582680000,23.21668017578125,0.5534191131591797,0.24019289016723633,0.26113492250442505
1696965001592694300,23.2266943359375,0.06354999542236328,-0.30975550413131714,-0.13289383053779602
1696965001602708500,23.23670849609375,-0.5735101699829102,-0.455196350812912,-0.385312020778656
1696965001612722700,23.24672265625,-0.36140918731689453,0.19386988878250122,-0.002646207809448242
1696965001622737000,23.25673681640625,0.6243896484375,0.06398230791091919,0.1123201847076416
1696965001632751000,23.266751220703124,0.2654275894165039,-0.3144468069076538,-0.12563154101371765
1696965001642765300,23.276765380859374,-0.3514852523803711,-0.36547884345054626,-0.32092708349227905
1696965001652779500,23.286779541015626,0.036017417907714844,0.10235130786895752,0.013142585754394531
1696965001662793700,23.296793701171875,0.6336030960083008,0.0304257869720459,0.15139326453208923
1696965001672808000,23.306807861328124,0.22745609283447266,-0.5275834202766418,-0.23297296464443207
1696965001682822100,23.316822265625,-0.9352531433105469,-0.2264307737350464,-0.30995485186576843
1696965001692836400,23.32683642578125,0.9034023284912109,0.16903263330459595,0.17264771461486816
1696965001702850600,23.3368505859375,0.23363685607910156,-0.0803632140159607,0.023704946041107178
1696965001712864800,23.34686474609375,0.012972831726074219,-0.4561608135700226,-0.30476391315460205
1696965001722879000,23.35687890625,-0.2838716506958008,-0.12916231155395508,-0.16037225723266602
1696965001732893200,23.36689306640625,0.23897361755371094,0.08525705337524414,0.13158652186393738
1696965001742907600,23.37690771484375,0.7720947265625,-0.020477652549743652,0.03555285930633545
1696965001752921900,23.386921875,-0.5031452178955078,-0.6298468708992004,-0.48417651653289795
1696965001762936000,23.39693603515625,-0.5513219833374023,0.2201317548751831,0.02226167917251587
1696965001772950300,23.4069501953125,1.0973176956176758,0.2203090786933899,0.13215404748916626
1696965001782964500,23.416964599609376,-0.29181671142578125,-0.1469847559928894,0.129594624042511
1696965001792978700,23.426978759765625,-0.03727149963378906,-0.4086848199367523,-0.46071934700012207
1696965001802993000,23.436992919921874,-0.8420696258544922,0.2568342089653015,-0.08331510424613953
1696965001813007000,23.447007080078127,0.5709829330444336,0.08403968811035156,0.1320924162864685
1696965001823021300,23.457021240234376,0.3120403289794922,-0.1362673044204712,-0.17343568801879883
1696965001833035500,23.467035400390625,-1.1064186096191406,-0.37427660822868347,-0.2522783577442169
1696965001843049700,23.4770498046875,0.00025463104248046875,0.31116384267807007,0.35885682702064514
1696965001853064000,23.48706396484375,0.9703531265258789,0.2907968759536743,0.15888908505439758
1696965001863078100,23.497078125,-0.7092370986938477,-0.38557782769203186,-0.1880522221326828
1696965001873092400,23.50709228515625,-0.6167993545532227,-0.19182240962982178,-0.14452394843101501
1696965001883106600,23.5171064453125,0.25940513610839844,0.34343427419662476,0.35125476121902466
1696965001893120800,23.527120849609375,0.40204429626464844,0.03219425678253174,0.27525508403778076
1696965001903135000,23.537135009765624,-0.2248249053955078,-0.3659450113773346,-0.18093693256378174
1696965001913149200,23.547149169921877,-0.7308025360107422,-0.006340444087982178,-0.1386614739894867
1696965001923163400,23.557163330078126,0.24110984802246094,0.2283061146736145,0.33977749943733215
1696965001933177600,23.567177490234375,0.842677116394043,0.016759097576141357,0.11516213417053223
1696965001943191800,23.57719189453125,-0.7219362258911133,-0.44356802105903625,-0.10709431767463684
1696965001953206000,23.5872060546875,-0.26140308380126953,0.007443547248840332,0.11297523975372314
1696965001963220200,23.59722021484375,0.8097639083862305,0.11176180839538574,0.3908155560493469
1696965001973234400,23.607234375,0.014368057250976562,-0.24012517929077148,-0.087431401014328
1696965001983249000,23.617248779296876,-0.30611610412597656,-0.2745736241340637,-0.29905053973197937
1696965001993263000,23.62726318359375,-0.15482807159423828,0.06832456588745117,0.255568265914917
1696965002003277300,23.63727734375,0.8323183059692383,0.11883550882339478,0.3659196197986603
1696965002013291500,23.64729150390625,0.12620258331298828,-0.28641510009765625,-0.0984310507774353
1696965002023305700,23.6573056640625,-0.47418975830078125,-0.3479432761669159,-0.04481890797615051
1696965002033320000,23.66731982421875,0.48073291778564453,0.2835541367530823,0.43141818046569824
1696965002043334100,23.677334228515626,0.708256721496582,0.20234990119934082,0.34179824590682983
1696965002053348400,23.687348388671875,-0.3916006088256836,-0.33547714352607727,-0.20184555649757385
1696965002063362600,23.697362548828124,-0.7902116775512695,0.013781189918518066,-0.09479054808616638
1696965002073376800,23.707376708984373,0.5211610794067383,0.3099859952926636,0.370028018951416
1696965002083391000,23.717390869140626,0.2392406463623047,-0.06843870878219604,0.02637907862663269
1696965002093405200,23.7274052734375,-0.6453943252563477,-0.3797602355480194,-0.38954082131385803
1696965002103419400,23.73741943359375,-0.6533536911010742,0.15682882070541382,-0.10700306296348572
1696965002113433600,23.74743359375,0.20361614227294922,0.2906275987625122,0.3296600580215454
1696965002123447800,23.75744775390625,0.3179483413696289,0.017217814922332764,-0.060975074768066406
1696965002133462000,23.7674619140625,-1.0495719909667969,-0.3125888407230377,-0.29156672954559326
1696965002143476200,23.777476318359376,-0.22029495239257812,0.14352929592132568,0.019817501306533813
1696965002153490400,23.787490478515625,0.3632221221923828,0.2680123448371887,0.14448624849319458
1696965002163504600,23.797504638671874,0.1328897476196289,-0.16715562343597412,-0.09001481533050537
1696965002173518800,23.807518798828124,-0.5652008056640625,-0.20436185598373413,-0.19543632864952087
1696965002183533000,23.817532958984376,-0.34383392333984375,0.2335653305053711,0.2121909260749817
1696965002193547300,23.82754736328125,0.7404747009277344,0.24079149961471558,0.11246725916862488
1696965002203561500,23.8375615234375,-0.11498355865478516,-0.296644389629364,-0.3199250102043152
1696965002213576000,23.847575927734376,-0.7122316360473633,-0.22247564792633057,-0.32344770431518555
1696965002223590100,23.857590087890625,-0.14167118072509766,0.2798306941986084,0.08185437321662903
1696965002233604400,23.867604248046874,0.5561962127685547,0.2661847472190857,-0.02596709132194519
1696965002243618600,23.87761865234375,-0.046462059020996094,-0.3801323473453522,-0.25890612602233887
1696965002253632800,23.8876328125,-0.45085811614990234,0.027325987815856934,-0.28844088315963745
1696965002263647000,23.89764697265625,0.19272899627685547,0.2056313157081604,0.12978896498680115
1696965002273661200,23.9076611328125,0.5051307678222656,0.13208496570587158,0.1273190677165985
1696965002283675400,23.91767529296875,0.08232784271240234,-0.3003160059452057,-0.3286539614200592
1696965002293689600,23.927689697265624,-0.7056074142456055,0.1987987756729126,-0.0013515055179595947
1696965002303703800,23.937703857421877,0.6675958633422852,0.31350165605545044,0.3907240331172943
1696965002313718000,23.947718017578126,0.925145149230957,0.12773698568344116,0.01163378357887268
1696965002323732200,23.957732177734375,-0.3856544494628906,-0.2572769522666931,-0.20204345881938934
1696965002333746400,23.967746337890624,-0.5156955718994141,0.19369447231292725,0.1905539333820343
1696965002343760600,23.9777607421875,0.5480747222900391,0.2564391493797302,0.37350913882255554
1696965002353774800,23.98777490234375,0.4778594970703125,0.010388374328613281,-0.07638955116271973
1696965002363789300,23.997789306640627,-0.24137020111083984,-0.04728478193283081,-0.2642356753349304
1696965002373803500,24.007803466796876,-0.6894407272338867,0.23509103059768677,0.20477592945098877
1696965002383817700,24.017817626953125,0.43845176696777344,0.23612606525421143,0.4298616647720337
1696965002393832000,24.02783203125,0.3841695785522461,-0.09909307956695557,-0.08632048964500427
1696965002403846400,24.037846435546875,-0.8328990936279297,-0.23449993133544922,-0.18021690845489502
1696965002413860600,24.047860595703124,0.028962135314941406,0.2831948399543762,0.29383349418640137
1696965002423874800,24.057874755859373,0.5702447891235352,0.235295832157135,0.35651952028274536
1696965002433889000,24.067888916015626,0.028425216674804688,-0.08011317253112793,0.11988437175750732
1696965002443903500,24.077903564453123,-0.5609006881713867,0.06693822145462036,-0.2215064913034439
1696965002453917700,24.087917724609376,-0.28775501251220703,0.18397867679595947,0.45099595189094543
1696965002463932000,24.097931884765625,0.6920614242553711,0.14358150959014893,0.33818450570106506
1696965002473946000,24.107946044921874,-0.05899524688720703,-0.114482581615448,-0.20949900150299072
1696965002483960300,24.117960205078123,-0.750584602355957,-0.013252973556518555,-0.0645490288734436
1696965002493974800,24.127974853515624,0.24639415740966797,0.30349987745285034,0.4516300857067108
1696965002503989000,24.137989013671874,0.7933826446533203,0.255987286567688,0.20607423782348633
1696965002514003200,24.148003173828126,-0.5388946533203125,-0.30933767557144165,-0.1605059802532196
1696965002524017400,24.158017333984375,-0.5111417770385742,0.059157490730285645,0.035776346921920776
1696965002534032000,24.168031982421876,0.17092418670654297,0.29909926652908325,0.38553300499916077
1696965002544046000,24.178046142578125,0.43648242950439453,-0.007044374942779541,-0.14659884572029114
1696965002554060300,24.188060302734375,-0.29155540466308594,-0.16713881492614746,-0.19194814562797546
1696965002564074500,24.198074462890624,-0.11243534088134766,0.03848445415496826,-0.027990072965621948
1696965002574089000,24.2080888671875,0.13430309295654297,0.16088080406188965,0.1763913631439209
1696965002584103200,24.218103271484374,0.7774105072021484,0.002982795238494873,-0.09867852926254272
1696965002594117400,24.228117431640626,-1.0868492126464844,-0.33231663703918457,-0.24509263038635254
1696965002604131600,24.238131591796876,0.08056259155273438,0.2637971043586731,0.17500048875808716
1696965002614146000,24.24814599609375,0.8188953399658203,0.08889788389205933,0.08351573348045349
1696965002624160300,24.25816015625,0.09389972686767578,-0.12475073337554932,-0.2856621742248535
1696965002634174500,24.268174560546875,-0.22323989868164062,-0.2551518678665161,-0.27663058042526245
1696965002644188700,24.278188720703124,-0.5775508880615234,0.11658746004104614,0.13756132125854492
1696965002654203100,24.288203125,1.0289793014526367,0.09622222185134888,-0.10709181427955627
1696965002664217300,24.29821728515625,-0.2880973815917969,-0.27977895736694336,-0.4429190158843994
1696965002674231600,24.3082314453125,-0.9240303039550781,-0.2605246305465698,-0.3416437804698944
1696965002684245800,24.318245849609376,0.1184530258178711,0.27116984128952026,0.1673477292060852
1696965002694260200,24.32826025390625,0.67706298828125,-0.016200602054595947,-0.04628393054008484
1696965002704274400,24.3382744140625,-0.7001562118530273,-0.3332769274711609,-0.5290637016296387
1696965002714288600,24.34828857421875,-0.43413257598876953,0.05924326181411743,-0.05405452847480774
1696965002724302800,24.358302734375,0.18096351623535156,0.1704237461090088,0.19070756435394287
1696965002734317000,24.368317138671873,0.32389163970947266,-0.11463963985443115,-0.16445893049240112
1696965002744331300,24.378331298828126,-0.43498992919921875,-0.20393496751785278,-0.5088584423065186
1696965002754345500,24.388345458984375,-0.8141136169433594,0.21040618419647217,0.2904515266418457
1696965002764359700,24.398359619140624,1.11212158203125,0.13595187664031982,0.2635095417499542
1696965002774374000,24.408373779296873,-0.2913522720336914,-0.20649725198745728,-0.2506277859210968
1696965002784388000,24.41838818359375,-0.3335914611816406,-0.23596805334091187,-0.26576122641563416
1696965002794402300,24.42840234375,-0.36563968658447266,0.17768150568008423,0.3590572774410248
1696965002804416800,24.438416748046876,0.5212612152099609,-0.05066180229187012,0.1716078221797943
1696965002814431000,24.448430908203125,0.3619823455810547,-0.27722299098968506,-0.3035493493080139
1696965002824445200,24.458445068359374,-0.7840089797973633,-0.09411853551864624,-0.12601014971733093
1696965002834459400,24.46845947265625,0.006316184997558594,-0.0165976881980896,0.366615891456604
1696965002844473600,24.4784736328125,0.5385847091674805,0.1718606948852539,0.34645500779151917
1696965002854487800,24.48848779296875,0.025605201721191406,-0.2511438727378845,-0.2531968355178833
1696965002864502000,24.498501953125,-0.7425203323364258,-0.09694176912307739,0.04935738444328308
1696965002874516200,24.50851611328125,0.5181350708007812,0.16475987434387207,0.4271415174007416
1696965002884530400,24.518530517578125,0.3494844436645508,-0.018501579761505127,0.03767403960227966
1696965002894544600,24.528544677734374,0.10336017608642578,-0.07895666360855103,-0.07618698477745056
1696965002904558800,24.538558837890626,-0.5670070648193359,0.03333854675292969,0.17150825262069702
1696965002914573000,24.548572998046875,0.05460166931152344,0.22761791944503784,0.5485180616378784
1696965002924587300,24.558587158203125,0.8924169540405273,-0.017951548099517822,-0.05934813618659973
1696965002934601500,24.5686015625,-0.8466472625732422,-0.29616689682006836,-0.24736425280570984
1696965002944615700,24.57861572265625,-0.3848876953125,-0.055930137634277344,-0.028007805347442627
1696965002954630000,24.5886298828125,0.21034526824951172,0.20905834436416626,0.26558157801628113
1696965002964644000,24.59864404296875,0.621464729309082,0.09683549404144287,-0.05007985234260559
1696965002974658300,24.608658203125,-0.8303356170654297,-0.35801026225090027,-0.2344740480184555
1696965002984672500,24.618672607421875,-0.24646472930908203,0.1620299220085144,0.01837444305419922
1696965002994686700,24.628686767578124,0.23819255828857422,0.05519986152648926,0.22116604447364807
1696965003004701000,24.638700927734376,-0.034325599670410156,-0.04913085699081421,-0.11239379644393921
1696965003014715100,24.648715087890626,0.21597957611083984,-0.23229998350143433,-0.14865773916244507
1696965003024729300,24.658729248046875,-0.47058677673339844,0.030006468296051025,0.05934080481529236
1696965003034743600,24.66874365234375,0.5829534530639648,0.22350174188613892,0.2534826099872589
1696965003044758000,24.678758056640625,0.46033573150634766,-0.15380746126174927,0.008063733577728271
1696965003054772200,24.688772216796874,-0.7392473220825195,-0.37722596526145935,-0.17132720351219177
1696965003064786400,24.698786376953127,0.07401657104492188,0.01008760929107666,-0.16859492659568787
1696965003074800600,24.708800537109376,0.28002262115478516,0.09034514427185059,0.19738706946372986
1696965003084814800,24.71881494140625,0.7983188629150391,-0.2464287281036377,-0.25275832414627075
1696965003094829000,24.7288291015625,-0.5621538162231445,-0.37089434266090393,-0.20335224270820618
1696965003104843300,24.73884326171875,-0.14297771453857422,-0.07707542181015015,0.003399372100830078
1696965003114857500,24.748857421875,0.8770036697387695,0.19697827100753784,0.26797497272491455
1696965003124871700,24.75887158203125,0.2971687316894531,-0.3352240025997162,-0.31140488386154175
1696965003134886000,24.768885986328126,-0.6498098373413086,-0.4579894244670868,-0.24230751395225525
1696965003144900000,24.778900146484375,-0.09246635437011719,0.14279282093048096,0.20011687278747559
1696965003154914300,24.788914306640624,0.6298656463623047,0.14946764707565308,0.2022944688796997
1696965003164928500,24.798928466796873,0.3933858871459961,-0.25023317337036133,-0.1926785707473755
1696965003174942700,24.808942626953126,-0.7530546188354492,-0.2853119969367981,-0.37474262714385986
1696965003184957000,24.81895703125,0.03685760498046875,0.1808871626853943,0.21081039309501648
1696965003194971100,24.82897119140625,0.3236989974975586,0.2334301471710205,0.16025006771087646
1696965003204985300,24.8389853515625,0.08755207061767578,-0.23781639337539673,-0.2101660966873169
1696965003214999600,24.84899951171875,-0.9359464645385742,-0.17437416315078735,-0.1291462779045105
1696965003225013800,24.859013671875,0.059462547302246094,0.41798919439315796,0.30752113461494446
1696965003235028000,24.869028076171876,0.6380195617675781,0.3251346945762634,0.17538073658943176
1696965003245042200,24.879042236328125,-0.4136209487915039,-0.171308696269989,-0.24801906943321228
1696965003255056400,24.889056396484374,-1.1556148529052734,-0.0940362811088562,-0.08572724461555481
1696965003265070600,24.899070556640623,-0.02462005615234375,0.3511379361152649,0.34961673617362976
1696965003275084800,24.909084716796876,0.35742759704589844,0.4297025799751282,0.09871566295623779
1696965003285099300,24.919099365234374,-0.34566783905029297,-0.020866692066192627,-0.11138579249382019
1696965003295113500,24.929113525390626,-0.9946050643920898,0.29006147384643555,-0.36623454093933105
1696965003305127700,24.939127685546875,-0.08765983581542969,0.6156682968139648,0.15755122900009155
1696965003315142000,24.949141845703124,0.05517387390136719,0.3324006199836731,0.20080643892288208
1696965003325156000,24.959156005859374,-0.33678340911865234,-0.17656517028808594,0.06941336393356323
1696965003335170300,24.96917041015625,-0.5382890701293945,-0.03285151720046997,-0.2026689052581787
1696965003345184500,24.9791845703125,-0.2467174530029297,0.6522667407989502,0.3789561986923218
1696965003355198700,24.98919873046875,1.1894187927246094,0.6093543767929077,0.02066648006439209
1696965003365213000,24.999212890625,-0.4272012710571289,0.018538057804107666,-0.29379650950431824
1696965003375227100,25.00922705078125,-0.7734947204589844,0.029035627841949463,-0.1625535488128662
1696965003385241300,25.019241455078124,0.39364051818847656,0.3304983377456665,0.29591724276542664
1696965003395255600,25.029255615234376,0.39170360565185547,0.0525854229927063,0.060367703437805176
1696965003405269800,25.039269775390625,-0.08103561401367188,-0.24565905332565308,-0.4144377112388611
1696965003415284000,25.049283935546875,-0.10318565368652344,0.2535635232925415,-0.051364123821258545
1696965003425298200,25.059298095703124,0.9208784103393555,0.2964850068092346,0.20316898822784424
1696965003435312400,25.0693125,0.9431915283203125,0.09391319751739502,0.02086716890335083
1696965003445326600,25.07932666015625,0.06560993194580078,-0.48409703373908997,-0.11840605735778809
1696965003455340800,25.0893408203125,-0.4442005157470703,-0.023699820041656494,0.1598260998725891
1696965003465355000,25.09935498046875,1.1149015426635742,0.25752198696136475,0.3224267363548279
1696965003475369200,25.109369140625,0.549957275390625,0.0778246521949768,0.21288907527923584
1696965003485383400,25.119383544921874,0.4101095199584961,-0.2965167164802551,-0.289298951625824
1696965003495397600,25.129397705078127,0.4045867919921875,0.2994803786277771,0.06332826614379883
1696965003505411800,25.139411865234376,-0.1028757095336914,0.1346292495727539,0.45553427934646606
1696965003515426000,25.149426025390625,0.8817901611328125,0.10015088319778442,0.09357774257659912
1696965003525440500,25.1594404296875,-0.3194770812988281,-0.1807376742362976,-0.2296605110168457
1696965003535454700,25.169454833984375,-0.6818094253540039,0.2967415452003479,0.09125220775604248
1696965003545469000,25.179468994140624,0.3761711120605469,0.4329676628112793,0.34958702325820923
1696965003555483100,25.189483154296877,0.2128438949584961,0.2823338508605957,0.043441832065582275
1696965003565497300,25.199497314453126,-0.6333198547363281,-0.1409185528755188,-0.2924426794052124
1696965003575511600,25.209511474609375,-0.8610210418701172,0.3843609094619751,0.06601518392562866
1696965003585526000,25.219526123046876,0.2259197235107422,0.32578593492507935,0.4159441590309143
1696965003595540200,25.229540283203125,-0.04692840576171875,0.0943918228149414,-0.05837064981460571
1696965003605554400,25.239554443359374,-1.174525260925293,-0.001975834369659424,-0.14567279815673828
1696965003615568600,25.249568603515623,-0.18246173858642578,0.4100170135498047,0.27582526206970215
1696965003625583000,25.2595830078125,0.22420215606689453,0.442277193069458,0.35678237676620483
1696965003635597300,25.269597412109373,-0.16831207275390625,-0.08426696062088013,-0.0015034079551696777
1696965003645611500,25.279611572265626,-0.8512563705444336,-0.11267286539077759,-0.08818858861923218
1696965003655625700,25.289625732421875,0.32145118713378906,0.3959881663322449,0.28676939010620117
1696965003665640200,25.29964013671875,0.3779745101928711,0.2992401123046875,0.2915673851966858
1696965003675654400,25.309654296875,-0.4246673583984375,-0.08638155460357666,-0.10288798809051514
1696965003685668600,25.319668701171874,0.0063724517822265625,-0.004601538181304932,-0.15270966291427612
1696965003695682800,25.329682861328124,-0.19647884368896484,0.17084342241287231,0.23748737573623657
1696965003705697300,25.339697265625,0.9746408462524414,0.1381232738494873,0.00016689300537109375
1696965003715711500,25.34971142578125,-0.04018974304199219,-0.058515071868896484,-0.07166391611099243
1696965003725725700,25.3597255859375,-0.2469034194946289,-0.09947764873504639,0.16608089208602905
1696965003735740000,25.369739990234375,0.6286230087280273,0.31236881017684937,0.45759135484695435
1696965003745754400,25.37975439453125,1.0140647888183594,-0.03279232978820801,-0.00022417306900024414
1696965003755768600,25.3897685546875,-0.3075828552246094,-0.2273896336555481,-0.4392358064651489
1696965003765782800,25.39978271484375,-0.6180887222290039,0.12026005983352661,0.07675004005432129
1696965003775797000,25.409796875,0.9842815399169922,0.23944854736328125,0.4327365756034851
1696965003785811500,25.4198115234375,0.723942756652832,-0.040585339069366455,-0.10795634984970093
1696965003795825700,25.42982568359375,-0.7161350250244141,-0.22857129573822021,-0.3379616141319275
1696965003805840000,25.43983984375,-0.06925773620605469,0.3649367690086365,0.5669505596160889
1696965003815854000,25.44985400390625,1.4076042175292969,0.11843723058700562,0.277695894241333
1696965003825868300,25.459868408203125,-0.989893913269043,-0.07059276103973389,-0.32651573419570923
1696965003835882800,25.4698828125,0.025649070739746094,-0.013333737850189209,-0.17559421062469482
1696965003845897000,25.47989697265625,-0.16067886352539062,0.3150174617767334,0.48945289850234985
1696965003855911200,25.4899111328125,0.8765926361083984,0.026876509189605713,0.009972572326660156
1696965003865925400,25.49992529296875,-0.6354532241821289,-0.047748863697052,-0.2583114802837372
1696965003875939600,25.509939697265626,-0.4379444122314453,0.10481429100036621,0.05899512767791748
1696965003885953800,25.519953857421875,0.3372688293457031,0.32388097047805786,0.4913884401321411
1696965003895968000,25.529968017578124,0.4416322708129883,-0.04666399955749512,-0.2295534908771515
1696965003905982200,25.539982177734377,-1.1459236145019531,-0.19143074750900269,-0.1865100860595703
1696965003915996400,25.549996337890626,0.19012832641601562,0.27772730588912964,0.18902572989463806
1696965003926011000,25.560010986328123,0.26148509979248047,0.36587774753570557,0.06983628869056702
1696965003936025000,25.570025146484376,-0.3079652786254883,-0.10822737216949463,-0.08595302700996399
1696965003946039300,25.580039306640625,-0.1445760726928711,-0.22894436120986938,-0.30060428380966187
1696965003956053500,25.590053466796874,-0.5934419631958008,0.3545871376991272,0.10658809542655945
1696965003966067700,25.600067626953123,0.6409053802490234,0.028653860092163086,0.09917724132537842
1696965003976082000,25.61008203125,-0.5647125244140625,-0.011787176132202148,-0.2659589648246765
1696965003986096000,25.62009619140625,-0.4439506530761719,0.06547814607620239,-0.14000976085662842
1696965003996110300,25.6301103515625,0.8523283004760742,0.3560277223587036,0.16164392232894897
1696965004006124500,25.64012451171875,0.03780078887939453,0.053356170654296875,-0.03871876001358032
1696965004016138800,25.650138671875,-0.22976970672607422,-0.18693190813064575,-0.3403320908546448
1696965004026153000,25.660153076171873,-0.6592063903808594,0.2431616187095642,0.05613335967063904
1696965004036167200,25.670167236328126,1.1582765579223633,0.24276429414749146,0.23600763082504272
1696965004046181400,25.680181396484375,0.37674617767333984,-0.013916075229644775,-0.3394869565963745
1696965004056195600,25.690195556640624,-0.7471942901611328,0.0095367431640625,-0.3580758571624756
1696965004066209800,25.700209716796873,0.043313026428222656,0.20952457189559937,0.23938989639282227
1696965004076224000,25.71022412109375,0.7217636108398438,0.2993927597999573,0.18337836861610413
1696965004086238200,25.72023828125,-0.19249248504638672,-0.23958194255828857,-0.46317824721336365
1696965004096252400,25.73025244140625,-0.9087553024291992,0.03782522678375244,-0.2148754894733429
1696965004106266600,25.7402666015625,0.7374296188354492,0.38141894340515137,0.25591668486595154
1696965004116280800,25.75028076171875,0.23888206481933594,-0.033209919929504395,-0.17584040760993958
1696965004126295000,25.760294921875,-1.042388916015625,-0.11961501836776733,-0.24327203631401062
1696965004136309200,25.770309326171876,0.15991973876953125,0.26179730892181396,0.057154715061187744
1696965004146323500,25.780323486328125,0.3315696716308594,0.260650634765625,0.3446054756641388
1696965004156337700,25.790337646484375,0.08732986450195312,-0.29213690757751465,-0.24066279828548431
1696965004166352100,25.80035205078125,-0.9737443923950195,0.2580268979072571,-0.23179054260253906
1696965004176366300,25.810366455078125,0.5675382614135742,0.19030636548995972,0.40917453169822693
1696965004186380500,25.820380615234374,0.5901021957397461,0.2556297183036804,0.1982952356338501
1696965004196394800,25.830394775390626,-0.6441650390625,-0.26742565631866455,-0.06102195382118225
1696965004206409000,25.840408935546876,-0.24592304229736328,0.16849595308303833,0.19218045473098755
1696965004216423200,25.850423095703125,0.5192508697509766,0.45006227493286133,0.42734992504119873
1696965004226437400,25.860437255859374,0.23612689971923828,-0.025595486164093018,-0.003729909658432007
1696965004236451600,25.87045166015625,-1.1025800704956055,0.003612220287322998,-0.08104464411735535
1696965004246465800,25.8804658203125,0.7494773864746094,0.23365139961242676,0.31780335307121277
1696965004256480000,25.89047998046875,0.370147705078125,0.4139678478240967,0.17812958359718323
1696965004266494200,25.900494140625,-0.5530891418457031,-0.14666926860809326,-0.027537554502487183
1696965004276508400,25.91050830078125,-0.5564889907836914,0.26037538051605225,0.024250149726867676
1696965004286522600,25.920522705078124,0.4290943145751953,0.42389190196990967,0.08376646041870117
1696965004296536800,25.930536865234377,0.1511831283569336,-0.03798258304595947,-0.1295451521873474
1696965004306551000,25.940551025390626,-1.2304458618164062,0.13098591566085815,-0.08207321166992188
1696965004316565200,25.950565185546875,0.7224092483520508,0.23146575689315796,0.25745290517807007
1696965004326579500,25.960579345703124,0.8926582336425781,0.37397700548171997,0.027743786573410034
1696965004336593700,25.97059375,-1.345860481262207,-0.19217181205749512,-0.1951104998588562
1696965004346607900,25.98060791015625,0.09088516235351562,0.2788711190223694,-0.11150407791137695
1696965004356622000,25.9906220703125,0.8458728790283203,0.40670835971832275,0.06386217474937439
1696965004366636300,26.00063623046875,-0.035470008850097656,-0.18737947940826416,0.10078272223472595
1696965004376650500,26.010650390625,-0.5609893798828125,-0.029265940189361572,-0.1828927993774414
1696965004386664700,26.020664794921874,0.2861652374267578,0.2444738745689392,0.05177879333496094
1696965004396679000,26.030678955078123,0.9116935729980469,0.2187511920928955,-0.0024666786193847656
1696965004406693400,26.040693359375,-1.0880041122436523,0.15050828456878662,-0.40619128942489624
1696965004416707600,26.05070751953125,-0.15830516815185547,-0.08244562149047852,-0.027934730052947998
1696965004426721800,26.0607216796875,1.4000301361083984,0.39109814167022705,0.11524716019630432
1696965004436736000,26.070736083984375,-0.7774991989135742,-0.17645245790481567,-0.3514394462108612
1696965004446750200,26.080750244140624,-0.8187637329101562,0.003241121768951416,-0.07898783683776855
1696965004456764400,26.090764404296873,1.6443920135498047,0.37641966342926025,0.11761879920959473
1696965004466778600,26.100778564453126,-0.27562808990478516,0.04307025671005249,-0.11115527153015137
1696965004476792800,26.110792724609375,-1.2403450012207031,-0.012979984283447266,-0.4040874242782593
1696965004486807000,26.12080712890625,0.7793779373168945,0.12660479545593262,0.13717985153198242
1696965004496821200,26.1308212890625,0.5723037719726562,0.17213702201843262,0.04738509654998779
1696965004506835500,26.14083544921875,-1.288020133972168,0.06632524728775024,-0.23672857880592346
1696965004516849700,26.150849609375,0.2396240234375,-0.06677860021591187,-0.011843264102935791
1696965004526864000,26.16086376953125,0.8843221664428711,0.4155753254890442,0.14902114868164062
1696965004536878000,26.170878173828125,-0.7758817672729492,-0.05570721626281738,0.017258405685424805
1696965004546892300,26.180892333984374,-0.5207862854003906,0.0465012788772583,-0.07433021068572998
1696965004556906500,26.190906494140624,0.8759431838989258,0.32878512144088745,0.32232749462127686
1696965004566920700,26.200920654296876,0.458251953125,0.2161211371421814,0.33437496423721313
1696965004576935000,26.210934814453125,-1.5882062911987305,-0.1380068063735962,-0.14138615131378174
1696965004586949000,26.22094921875,0.9339714050292969,0.2944408059120178,0.4872332811355591
1696965004596963300,26.23096337890625,0.8173456192016602,0.23856955766677856,0.3063880205154419
1696965004606977500,26.2409775390625,-1.5073013305664062,0.013614833354949951,-0.0338059663772583
1696965004616991700,26.25099169921875,0.3792438507080078,0.16279816627502441,0.3062250018119812
1696965004627006000,26.261005859375,0.894465446472168,0.28104549646377563,0.3062335252761841
1696965004637020200,26.271020263671875,-0.44577693939208984,0.0073566436767578125,0.3475363850593567
1696965004647034600,26.28103466796875,-0.057636260986328125,-0.15521693229675293,-0.0007368326187133789
1696965004657048800,26.291048828125,0.2625455856323242,0.25231629610061646,0.6503238081932068
1696965004667063000,26.30106298828125,1.1748409271240234,0.03935796022415161,0.11897468566894531
1696965004677077200,26.3110771484375,-1.5615148544311523,0.12458699941635132,0.08356380462646484
1696965004687091500,26.321091552734377,1.0990934371948242,-0.16080880165100098,0.39855045080184937
1696965004697105700,26.331105712890626,0.9008121490478516,0.3813800811767578,0.3191802501678467
1696965004707119900,26.341119873046875,-0.8744831085205078,-0.22243040800094604,-0.16696584224700928
1696965004717134000,26.351134033203124,0.14086246490478516,-0.16016262769699097,0.24970686435699463
1696965004727148300,26.361148193359377,1.4546175003051758,0.2984676957130432,0.24745213985443115
1696965004737162500,26.37116259765625,-0.40277957916259766,-0.27968311309814453,-0.15625077486038208
1696965004747176700,26.3811767578125,-0.6552562713623047,0.09949392080307007,-0.11090719699859619
1696965004757191000,26.39119091796875,1.152841567993164,-0.06949621438980103,0.3317486643791199
1696965004767205000,26.401205078125,0.14189720153808594,0.13824236392974854,-0.14274507761001587
1696965004777219300,26.41121923828125,-0.9049482345581055,-0.19308364391326904,-0.12770134210586548
1696965004787233500,26.421233642578127,0.29198741912841797,0.17972350120544434,0.051633358001708984
1696965004797247700,26.431247802734376,0.4970378875732422,0.08607101440429688,0.18935257196426392
1696965004807262000,26.441261962890625,-0.6366214752197266,0.12170660495758057,-0.5463061928749084
1696965004817276200,26.451276123046874,-0.9073600769042969,-0.05093967914581299,-0.09649986028671265
1696965004827290400,26.461290283203127,1.3504838943481445,0.3885335326194763,0.021026015281677246
1696965004837304600,26.4713046875,-1.2043094635009766,-0.12314331531524658,-0.3639296591281891
1696965004847318800,26.48131884765625,-1.096358299255371,-0.09736061096191406,-0.21420788764953613
1696965004857333000,26.4913330078125,1.0425643920898438,0.3611476421356201,0.017141997814178467
1696965004867347200,26.50134716796875,-0.3837318420410156,0.013280153274536133,-0.009702026844024658
1696965004877361700,26.511361572265624,-1.3912429809570312,0.033438801765441895,-0.5928098559379578
1696965004887376000,26.5213759765625,0.3470335006713867,0.2100980281829834,0.05822622776031494
1696965004897390000,26.53139013671875,0.3559131622314453,0.10321152210235596,0.04730343818664551
1696965004907404300,26.541404296875,-1.2218313217163086,-0.002860546112060547,-0.3473162055015564
1696965004917418500,26.55141845703125,0.09056282043457031,-0.03565263748168945,0.017396867275238037
1696965004927432700,26.5614326171875,0.7499561309814453,0.264896035194397,0.25521963834762573
1696965004937447000,26.571447021484374,-0.23607921600341797,0.037373900413513184,-0.3251340389251709
1696965004947461000,26.581461181640623,-0.5461206436157227,-0.043511271476745605,-0.057626307010650635
1696965004957475300,26.591475341796876,1.2521686553955078,0.15212154388427734,0.1674102544784546
1696965004967489500,26.601489501953125,0.17903518676757812,0.07177019119262695,0.15028131008148193
1696965004977503700,26.611503662109374,-1.044677734375,-0.14904546737670898,0.00998222827911377
1696965004987518000,26.62151806640625,1.1322546005249023,0.05193042755126953,0.13181447982788086
1696965004997532200,26.6315322265625,0.9484710693359375,0.1474905014038086,0.0567317008972168
1696965005007546400,26.64154638671875,-1.271078109741211,-0.12711870670318604,-0.12645882368087769
1696965005017560600,26.651560546875,0.830082893371582,0.08761870861053467,0.3719034194946289
1696965005027574800,26.66157470703125,1.1391115188598633,0.19314467906951904,0.20307785272598267
1696965005037589000,26.671589111328124,-1.4487390518188477,-0.26899969577789307,0.09037446975708008
1696965005047603200,26.681603271484374,0.6384344100952148,0.013315200805664062,0.168779194355011
1696965005057617400,26.691617431640626,0.7470855712890625,0.34020090103149414,0.4879404902458191
1696965005067631600,26.701631591796875,0.07645320892333984,0.11152994632720947,0.28210049867630005
1696965005077645800,26.711645751953125,-0.7790861129760742,0.14844274520874023,0.21487873792648315
1696965005087660000,26.721659912109374,0.7377414703369141,0.22357690334320068,0.2316085696220398
1696965005097674200,26.73167431640625,-0.14774703979492188,0.12380862236022949,0.23430359363555908
1696965005107688400,26.7416884765625,-1.3946733474731445,-0.0775301456451416,-0.17220914363861084
1696965005117703000,26.751702880859376,0.6827688217163086,0.25717592239379883,0.2558460235595703
1696965005127717000,26.761717041015626,0.4617137908935547,0.3391282558441162,0.061826348304748535
1696965005137731300,26.7717314453125,-1.8333549499511719,0.07525110244750977,-0.09558391571044922
1696965005147745500,26.78174560546875,0.5605573654174805,-0.04420888423919678,0.17486363649368286
1696965005157759700,26.791759765625,0.4590444564819336,0.21687424182891846,0.2930442690849304
1696965005167774000,26.80177392578125,-1.2815055847167969,-0.11474120616912842,-0.19522464275360107
1696965005177788200,26.8117880859375,0.7141656875610352,0.08335590362548828,-0.010040760040283203
1696965005187802400,26.82180224609375,0.8370485305786133,0.1854783296585083,0.384535551071167
1696965005197816600,26.831816650390625,-0.9954538345336914,-0.016309261322021484,0.18997061252593994
1696965005207830800,26.841830810546874,0.6412801742553711,0.05593693256378174,0.08163487911224365
1696965005217845000,26.851844970703127,0.48679065704345703,0.0593181848526001,0.3030303716659546
1696965005227859500,26.861859375,0.0698394775390625,-0.061748504638671875,0.07034486532211304
1696965005237873700,26.871873779296877,-0.4703702926635742,0.04312896728515625,-0.1534264087677002
1696965005247888000,26.881887939453126,0.959385871887207,0.11531007289886475,0.1435924768447876
1696965005257902000,26.891902099609375,0.37441349029541016,0.0011823177337646484,0.09951895475387573
1696965005267916500,26.90191650390625,-1.5287590026855469,0.021031618118286133,-0.056077539920806885
1696965005277930800,26.9119306640625,1.0888891220092773,-0.11294388771057129,0.040374696254730225
1696965005287945000,26.921945068359374,0.3841104507446289,0.3811476230621338,0.04301959276199341
1696965005297959200,26.931959228515623,-1.6287908554077148,-0.06983113288879395,-0.4287252724170685
1696965005307973600,26.9419736328125,-0.10035037994384766,0.17469942569732666,0.08959805965423584
1696965005317987800,26.95198779296875,1.481893539428711,0.1916254758834839,-0.005418300628662109
1696965005328002000,26.962001953125,-2.306267738342285,-0.19392812252044678,-0.08563309907913208
1696965005338016300,26.972016357421875,0.9054021835327148,0.15956854820251465,0.26045072078704834
1696965005348030700,26.98203076171875,1.1189136505126953,0.46025609970092773,0.04085344076156616
1696965005358045000,26.992044921875,-1.8853135108947754,0.09697937965393066,0.0477292537689209
1696965005368059100,27.00205908203125,0.6090230941772461,-0.40889477729797363,-0.12684226036071777
1696965005378073300,27.0120732421875,0.11050987243652344,0.5143605470657349,0.19823867082595825
1696965005388087800,27.022087890625,-0.21462631225585938,0.014854907989501953,-0.20327216386795044
1696965005398102000,27.03210205078125,-0.6540231704711914,-0.10766303539276123,0.02328258752822876
1696965005408116200,27.0421162109375,1.4740591049194336,0.13684308528900146,-0.040861576795578
1696965005418130400,27.05213037109375,-1.0190954208374023,0.23917436599731445,-0.12416031956672668
1696965005428144600,27.06214453125,-0.5487289428710938,-0.4272468090057373,-0.4216307997703552
1696965005438159000,27.0721591796875,0.5374975204467773,0.16163122653961182,-0.09134593605995178
1696965005448173300,27.08217333984375,0.34511852264404297,0.20323550701141357,-0.07707822322845459
1696965005458187500,27.0921875,-1.3188161849975586,-0.0930173397064209,-0.36027538776397705
1696965005468201700,27.10220166015625,1.0878181457519531,-0.07564544677734375,-0.10722818970680237
1696965005478216200,27.11221630859375,0.4500875473022461,0.2606600522994995,-0.021021366119384766
1696965005488230400,27.12223046875,-0.9993886947631836,-0.09640181064605713,-0.25314849615097046
1696965005498244600,27.13224462890625,0.675776481628418,-0.1961963176727295,-0.03863832354545593
1696965005508258800,27.1422587890625,0.6886186599731445,0.13750290870666504,0.01301276683807373
1696965005518273300,27.152273193359374,-1.1002216339111328,0.12234461307525635,-0.1289353370666504
1696965005528287500,27.16228759765625,1.0144739151000977,-0.04314064979553223,-0.21673181653022766
1696965005538301700,27.1723017578125,0.4821319580078125,-0.0034273862838745117,0.2799198031425476
1696965005548316000,27.18231591796875,-0.9194192886352539,-0.04587829113006592,-0.04489266872406006
1696965005558330000,27.192330078125,0.8749856948852539,0.10736584663391113,0.012360692024230957
1696965005568344300,27.20234423828125,0.5577602386474609,0.0234832763671875,0.19647055864334106
1696965005578358500,27.212358642578124,-1.2212591171264648,0.10864496231079102,-0.03951674699783325
1696965005588372700,27.222372802734377,0.4638347625732422,-0.03905904293060303,-0.009170770645141602
1696965005598387000,27.232386962890626,0.8835954666137695,0.17392373085021973,0.12690305709838867
1696965005608401200,27.242401123046875,-1.3405227661132812,-0.1967449188232422,-0.15671122074127197
1696965005618415600,27.25241552734375,-0.051863670349121094,0.054113149642944336,0.19796311855316162
1696965005628429800,27.262429931640625,1.2341175079345703,0.4389007091522217,0.2200835943222046
1696965005638444000,27.272444091796874,-1.3492717742919922,-0.07091152667999268,-0.031049728393554688
1696965005648458200,27.282458251953123,-0.5289478302001953,-0.3270285129547119,0.14697426557540894
1696965005658472400,27.292472412109376,1.0878124237060547,0.5329635143280029,0.3133430480957031
1696965005668486700,27.302486572265625,-1.303999900817871,0.003483295440673828,-0.033902883529663086
1696965005678500900,27.3125009765625,0.10381221771240234,-0.27079832553863525,0.06456047296524048
1696965005688515000,27.32251513671875,1.0071306228637695,0.4348726272583008,0.2250165343284607
1696965005698529300,27.332529296875,-1.4181690216064453,0.08848106861114502,0.10926604270935059
1696965005708543500,27.34254345703125,-0.5738582611083984,-0.30600762367248535,0.3492856025695801
1696965005718557700,27.3525576171875,1.310490608215332,0.29574108123779297,-0.06482630968093872
1696965005728572000,27.362572021484375,-1.6982965469360352,0.1491783857345581,0.14665168523788452
1696965005738586000,27.372586181640624,0.4940977096557617,-0.024601340293884277,-0.01150810718536377
1696965005748600300,27.382600341796874,0.2591123580932617,0.010883450508117676,-0.05179727077484131
1696965005758614500,27.392614501953126,-1.208597183227539,0.14428198337554932,0.07178199291229248
1696965005768628700,27.402628662109375,-0.025460243225097656,-0.07435071468353271,0.08820676803588867
1696965005778643000,27.412642822265624,0.6534109115600586,0.12061131000518799,0.08198785781860352
1696965005788657200,27.4226572265625,-0.02199840545654297,0.15774023532867432,0.04409843683242798
1696965005798671400,27.43267138671875,-0.5044803619384766,-0.36406898498535156,-0.17266607284545898
1696965005808685600,27.442685546875,0.8394556045532227,0.26390206813812256,0.23121339082717896
1696965005818699800,27.45269970703125,0.016004562377929688,0.25455498695373535,-0.16019856929779053
1696965005828714000,27.4627138671875,-0.9688014984130859,-0.39881932735443115,-0.03889799118041992
1696965005838728200,27.472728271484375,1.9393558502197266,0.13647997379302979,-0.0007717609405517578
1696965005848742400,27.482742431640624,-0.5642871856689453,0.06521975994110107,0.0869174599647522
1696965005858756900,27.4927568359375,-0.31458187103271484,-0.07664799690246582,0.15888714790344238
1696965005868771000,27.50277099609375,1.5262823104858398,0.041034579277038574,-0.0412861704826355
1696965005878785300,27.512785400390626,-0.7421636581420898,0.11868047714233398,0.03601086139678955
1696965005888799500,27.522799560546876,-0.10968685150146484,-0.3347809314727783,-0.005039572715759277
1696965005898813700,27.532813720703125,1.362752914428711,0.3472362756729126,0.114604651927948
1696965005908828000,27.542827880859374,-0.3366365432739258,0.08448588848114014,0.1358512043952942
1696965005918842000,27.552842041015627,-0.7229290008544922,-0.21689832210540771,-0.15031898021697998
1696965005928856300,27.562856201171876,0.841700553894043,0.09788727760314941,0.18525195121765137
1696965005938870500,27.57287060546875,0.20457935333251953,0.18419909477233887,0.06328880786895752
1696965005948884700,27.582884765625,-1.315577507019043,-0.11296188831329346,-0.02334505319595337
1696965005958899000,27.59289892578125,0.9863243103027344,0.17382490634918213,0.22235608100891113
1696965005968913200,27.6029130859375,0.13373279571533203,0.030977368354797363,0.191297709941864
1696965005978927400,27.61292724609375,-1.0041131973266602,0.0744314193725586,-0.03276699781417847
1696965005988941600,27.622941650390626,1.0198554992675781,-0.01718318462371826,0.060399770736694336
1696965005998955800,27.632955810546875,-0.3347482681274414,0.11399221420288086,0.1779990792274475
1696965006008970000,27.642969970703124,-0.9218778610229492,0.06707286834716797,0.13970088958740234
1696965006018984200,27.652984130859377,0.9965648651123047,0.18647396564483643,-0.05241990089416504
1696965006028998400,27.662998291015626,-0.6255178451538086,-0.040960073471069336,0.15873128175735474
1696965006039012600,27.6730126953125,-1.0401639938354492,-0.06702518463134766,-0.04428887367248535
1696965006049026800,27.68302685546875,1.2657041549682617,0.04824423789978027,0.05432075262069702
1696965006059041000,27.693041015625,-0.2519969940185547,0.4095996618270874,-0.11691725254058838
1696965006069055200,27.70305517578125,-1.4513320922851562,-0.20029866695404053,0.15799063444137573
1696965006079069400,27.7130693359375,0.9223966598510742,-0.1602191925048828,0.030846834182739258
1696965006089084000,27.723083984375,-0.25536060333251953,0.4366426467895508,-0.17135947942733765
1696965006099098000,27.73309814453125,-0.6373672485351562,-0.12593817710876465,0.09763437509536743
1696965006109112300,27.7431123046875,1.1655378341674805,-0.21476483345031738,0.08637553453445435
1696965006119126500,27.75312646484375,-0.5430850982666016,0.2668159008026123,-0.00845557451248169
1696965006129140700,27.763140625,-0.8958339691162109,-0.04154038429260254,0.07043808698654175
1696965006139155000,27.773155029296873,0.7406454086303711,-0.19811797142028809,-0.029037058353424072
1696965006149169200,27.783169189453126,0.5716466903686523,0.016509652137756348,0.013800203800201416
1696965006159183400,27.793183349609375,-1.0784835815429688,0.17929494380950928,-0.10256218910217285
1696965006169197600,27.803197509765624,0.8974552154541016,-0.14873480796813965,-0.05968970060348511
1696965006179211800,27.813211669921873,0.4226083755493164,-0.05099892616271973,0.04700040817260742
1696965006189226000,27.82322607421875,-1.2274360656738281,-0.19296932220458984,-0.09467750787734985
1696965006199240200,27.833240234375,1.2366666793823242,-0.05806541442871094,-0.22210222482681274
1696965006209254400,27.84325439453125,0.2733945846557617,-0.045839548110961914,-0.0665125846862793
1696965006219268600,27.8532685546875,-0.46805286407470703,-0.23664653301239014,0.010043799877166748
1696965006229282800,27.86328271484375,1.1625852584838867,0.06572377681732178,-0.29423314332962036
1696965006239297000,27.873297119140624,-0.06319522857666016,0.03859257698059082,-0.08696979284286499
1696965006249311200,27.883311279296876,-0.3308134078979492,-0.15136969089508057,-0.024526536464691162
1696965006259325400,27.893325439453125,0.3486051559448242,-0.23743140697479248,-0.1330333948135376
1696965006269339600,27.903339599609374,0.4148750305175781,0.3209977149963379,-0.0053365230560302734
1696965006279353900,27.913353759765624,-0.18356990814208984,-0.13342797756195068,0.03753167390823364
1696965006289368000,27.9233681640625,0.022258758544921875,-0.27155089378356934,-0.3284339904785156
1696965006299382500,27.933382568359374,0.5719394683837891,0.24936628341674805,0.10101139545440674
1696965006309396700,27.943396728515626,-0.8153839111328125,-0.1101158857345581,-0.15178269147872925
1696965006319411000,27.953410888671876,-0.3643503189086914,-0.12755334377288818,0.01719576120376587
1696965006329425200,27.963425048828125,0.9077033996582031,0.15968728065490723,-0.029777169227600098
1696965006339439600,27.973439697265626,-1.4790410995483398,-0.17648601531982422,-0.24177584052085876
1696965006349453800,27.983453857421875,0.4069633483886719,-0.024310827255249023,0.02560502290725708
1696965006359468000,27.993468017578124,0.9607114791870117,0.14986646175384521,-0.13883399963378906
1696965006369482200,28.003482177734377,-2.3535313606262207,-0.021602749824523926,-0.07350665330886841
1696965006379496700,28.01349658203125,1.2550582885742188,-0.15206539630889893,-0.06808757781982422
1696965006389511000,28.023510986328127,-0.4248371124267578,0.1365140676498413,0.17981761693954468
1696965006399525000,28.033525146484376,-0.28107166290283203,-0.04635441303253174,-0.1316179633140564
1696965006409539300,28.043539306640625,0.3842000961303711,-0.29631292819976807,-0.1860470175743103
1696965006419553800,28.0535537109375,0.07231998443603516,0.313329815864563,0.3700082302093506
1696965006429568000,28.063568115234375,-0.30990123748779297,0.1439495086669922,-0.21640843152999878
1696965006439582200,28.073582275390624,-0.3957061767578125,-0.2687767744064331,0.040772438049316406
1696965006449596400,28.083596435546873,1.3307437896728516,-0.10675513744354248,0.2725122570991516
1696965006459611000,28.09361083984375,-1.1577253341674805,0.257236123085022,-0.14365869760513306
1696965006469625000,28.103625,0.5748071670532227,-0.4006394147872925,-0.14619147777557373
1696965006479639300,28.113639404296876,0.5114917755126953,0.15368115901947021,0.03804105520248413
1696965006489653500,28.123653564453125,-1.2676019668579102,0.02468252182006836,-0.03397691249847412
1696965006499668000,28.13366796875,0.8665637969970703,0.09439527988433838,0.006377458572387695
1696965006509682200,28.14368212890625,0.6305828094482422,-0.29989778995513916,0.09983199834823608
1696965006519696400,28.1536962890625,-1.3494853973388672,0.06476259231567383,-0.10756063461303711
1696965006529710600,28.163710693359373,1.7405290603637695,-0.12827157974243164,0.2078971266746521
1696965006539724800,28.173724853515626,0.5900382995605469,0.04854702949523926,-0.34689098596572876
1696965006549739300,28.1837392578125,-1.9494104385375977,-0.3788834810256958,0.3425583243370056
1696965006559753500,28.19375341796875,2.2273006439208984,-0.004937648773193359,0.03463101387023926
1696965006569767700,28.203767578125,-0.34394264221191406,0.18734824657440186,0.46031296253204346
1696965006579782000,28.213781982421875,0.26346302032470703,-0.1795722246170044,-0.04809349775314331
1696965006589796400,28.22379638671875,0.7074108123779297,-0.19530701637268066,-0.08055323362350464
1696965006599810600,28.233810546875,0.21851444244384766,-0.08285760879516602,0.19167381525039673
1696965006609824800,28.24382470703125,-1.0244503021240234,0.07419359683990479,0.00921720266342163
1696965006619839000,28.2538388671875,0.4068155288696289,-0.20793724060058594,0.16613781452178955
1696965006629853400,28.263853515625,0.6739330291748047,0.018095850944519043,-0.09375840425491333
1696965006639867600,28.27386767578125,-1.559443473815918,-0.04462099075317383,0.034912705421447754
1696965006649881900,28.2838818359375,1.2877368927001953,0.04601550102233887,-0.06083613634109497
1696965006659896000,28.29389599609375,-1.4099407196044922,-0.07399821281433105,0.04827272891998291
1696965006669910500,28.30391064453125,-0.6997156143188477,-0.20453596115112305,0.2248097062110901
1696965006679924700,28.3139248046875,0.9464149475097656,0.2565692663192749,-0.054393112659454346
1696965006689939000,28.32393896484375,-1.645833969116211,0.16305005550384521,0.1829977035522461
1696965006699953200,28.333953125,0.13571643829345703,-0.5047714710235596,-0.1394001841545105
1696965006709967400,28.34396728515625,0.15009403228759766,0.11542534828186035,0.1406976580619812
1696965006719981600,28.353981689453125,-0.4763307571411133,0.28655850887298584,0.20867574214935303
1696965006729995800,28.363995849609374,-0.685359001159668,0.04250490665435791,0.14408153295516968
1696965006740010000,28.374010009765627,0.7353639602661133,-0.10485577583312988,0.06243896484375
1696965006750024200,28.384024169921876,-0.9623966217041016,-0.24203431606292725,-0.24268034100532532
1696965006760038400,28.394038330078125,-0.7599143981933594,0.1785496473312378,0.35839933156967163
1696965006770052600,28.404052490234374,1.813328742980957,0.19489848613739014,-0.13925069570541382
1696965006780066800,28.41406689453125,-1.780029296875,-0.06946969032287598,0.0030850768089294434
1696965006790081000,28.4240810546875,0.6754856109619141,-0.44386398792266846,0.0358661413192749
1696965006800095200,28.43409521484375,0.5450239181518555,0.6691329479217529,0.27326661348342896
1696965006810109400,28.444109375,-0.3404817581176758,-0.13103771209716797,-0.2468094825744629
1696965006820124000,28.4541240234375,0.09487724304199219,-0.4726661443710327,-0.08580100536346436
1696965006830138000,28.46413818359375,1.2609500885009766,0.1479654312133789,-0.07666817307472229
1696965006840152300,28.47415234375,-1.165024757385254,0.3094484806060791,-0.043966144323349
1696965006850166500,28.48416650390625,0.8015890121459961,-0.673669695854187,-0.12562215328216553
1696965006860180700,28.4941806640625,1.139272689819336,0.24782323837280273,-0.02197718620300293
1696965006870195000,28.50419482421875,-0.7177963256835938,-0.016179442405700684,-0.11675751209259033
1696965006880209200,28.514209228515625,0.7988252639770508,-0.11125504970550537,-0.22524315118789673
1696965006890223400,28.524223388671874,0.7207164764404297,0.05355489253997803,0.1855209767818451
1696965006900237600,28.534237548828123,-1.1972389221191406,-0.1963423490524292,-0.41855695843696594
1696965006910251800,28.544251708984376,0.946507453918457,0.06777298450469971,0.17787334322929382
1696965006920266000,28.554265869140625,0.46218299865722656,0.13438284397125244,-0.15064403414726257
1696965006930280200,28.5642802734375,-1.3168582916259766,-0.19520211219787598,-0.0011665821075439453
1696965006940294400,28.57429443359375,1.420079231262207,0.004491925239562988,-0.30972227454185486
1696965006950308600,28.58430859375,-1.1873512268066406,0.10587716102600098,0.4224092364311218
1696965006960322800,28.59432275390625,-0.04738426208496094,0.04979383945465088,-0.4105622470378876
1696965006970337000,28.6043369140625,-0.03242015838623047,-0.09207403659820557,0.094178706407547
1696965006980351200,28.614351318359375,-0.5485057830810547,0.16590046882629395,0.29132920503616333
1696965006990365400,28.624365478515625,-0.1266012191772461,-0.011574149131774902,-0.181645929813385
1696965007000379600,28.634379638671874,0.6192455291748047,0.2842128276824951,0.05881309509277344
1696965007010393900,28.644393798828126,-1.2267255783081055,-0.1770343780517578,0.10047823190689087
1696965007020408000,28.654407958984375,0.1568756103515625,0.1085435152053833,0.0664357841014862
1696965007030422300,28.66442236328125,0.7638416290283203,0.25859832763671875,-0.07483360171318054
1696965007040436500,28.6744365234375,-1.3936500549316406,0.11646008491516113,0.03138291835784912
1696965007050450700,28.68445068359375,1.3384208679199219,-0.22223341464996338,-0.43013796210289
1696965007060465200,28.694465087890624,-1.316847801208496,0.2498995065689087,0.08242738246917725
1696965007070479400,28.704479248046876,0.11493206024169922,0.01823878288269043,-0.06942296028137207
1696965007080493600,28.71449365234375,0.27241992950439453,-0.19718658924102783,-0.1415526568889618
1696965007090507800,28.7245078125,-0.2872476577758789,0.08529412746429443,0.04207718372344971
1696965007100522000,28.73452197265625,0.4204263687133789,0.08716046810150146,-0.27160191535949707
1696965007110536200,28.7445361328125,0.4722328186035156,-0.033563852310180664,-0.21216416358947754
1696965007120550400,28.75455029296875,-0.5277252197265625,0.08157134056091309,0.08806785941123962
1696965007130564600,28.764564697265627,0.6632900238037109,-0.12248039245605469,-0.10652723908424377
1696965007140578800,28.774578857421876,0.5471744537353516,0.11087572574615479,0.06840389966964722
1696965007150593000,28.784593017578125,-0.22838211059570312,0.06293034553527832,-0.26189571619033813
1696965007160607200,28.794607177734374,0.952448844909668,-0.008094310760498047,0.14601635932922363
1696965007170621400,28.804621337890627,-0.014745712280273438,0.19413471221923828,-0.4118400812149048
1696965007180635600,28.8146357421875,-0.33049774169921875,-0.09070205688476562,-0.021757423877716064
1696965007190649900,28.82464990234375,1.3625802993774414,0.26973068714141846,-0.04847145080566406
1696965007200664000,28.8346640625,-2.2057437896728516,-0.08590066432952881,-0.23089894652366638
1696965007210678300,28.84467822265625,1.2165021896362305,-0.10355842113494873,-0.12333306670188904
1696965007220692500,28.8546923828125,-0.10496807098388672,0.5289084911346436,0.24152696132659912
1696965007230706700,28.864706787109377,-0.07616519927978516,0.054599761962890625,-0.30158185958862305
1696965007240721000,28.874720947265626,-0.6443080902099609,-0.10976576805114746,0.020944833755493164
1696965007250735000,28.884735107421875,0.48981571197509766,0.3442392349243164,0.22907811403274536
1696965007260749300,28.894749267578124,-0.1847515106201172,0.0248715877532959,0.020435035228729248
1696965007270763500,28.904763427734373,-1.2404823303222656,0.28820693492889404,0.3926241993904114
1696965007280777700,28.91477783203125,0.917938232421875,0.21489012241363525,-0.3231029510498047
1696965007290792200,28.924792236328123,-0.9237785339355469,-0.03174149990081787,0.19458472728729248
1696965007300806400,28.934806396484376,0.17733001708984375,0.2855346202850342,0.029882192611694336
1696965007310820600,28.944820556640625,0.7508525848388672,0.3914417028427124,-0.02472388744354248
1696965007320834800,28.954834716796874,-1.248661994934082,0.0804816484451294,0.14157414436340332
1696965007330849300,28.964849365234375,1.1485958099365234,0.022956132888793945,-0.22424519062042236
1696965007340863500,28.974863525390624,-0.7940177917480469,0.36950206756591797,0.00552135705947876
1696965007350877700,28.984877685546873,0.2828664779663086,0.16030597686767578,-0.006221652030944824
1696965007360892000,28.994891845703126,0.4069795608520508,0.05614209175109863,-0.06675124168395996
1696965007370906400,29.00490625,-0.5880880355834961,0.6304327249526978,0.22320228815078735
1696965007380920600,29.014920654296876,1.1385669708251953,-0.017014265060424805,0.10528230667114258
1696965007390934800,29.024934814453125,-0.8899421691894531,0.4440103769302368,0.07024985551834106
1696965007400949000,29.034948974609375,-0.11875438690185547,-0.004544615745544434,-0.0065506696701049805
1696965007410963500,29.04496337890625,0.29802989959716797,0.6226751804351807,0.17437535524368286
1696965007420977700,29.054977783203125,-0.5202035903930664,0.3642151355743408,0.0715373158454895
1696965007430992000,29.064991943359374,-0.0023403167724609375,-0.031247973442077637,-0.040717244148254395
1696965007441006000,29.075006103515626,-0.2031841278076172,0.523828387260437,0.15162909030914307
1696965007451020500,29.0850205078125,-0.102020263671875,0.10438323020935059,-0.0784306526184082
1696965007461034800,29.09503466796875,-0.4314260482788086,0.30413126945495605,-0.006619632244110107
1696965007471049000,29.105049072265626,0.02845478057861328,0.417883038520813,0.0985560417175293
1696965007481063200,29.115063232421875,0.28669261932373047,0.027786850929260254,0.040788114070892334
1696965007491077600,29.12507763671875,-1.075850486755371,0.4997293949127197,-0.07972663640975952
1696965007501091800,29.135091796875,0.3987236022949219,0.23555123805999756,-0.0068746209144592285
1696965007511106000,29.14510595703125,-0.44768524169921875,0.42803430557250977,0.04341071844100952
1696965007521120300,29.155120361328127,-0.04059600830078125,0.5146547555923462,0.0679822564125061
1696965007531134700,29.165134765625,0.40443992614746094,0.13232934474945068,-0.13892138004302979
1696965007541149000,29.17514892578125,-1.8379464149475098,0.36701810359954834,-0.08732175827026367
1696965007551163100,29.1851630859375,1.9228191375732422,0.4711369276046753,0.24489617347717285
1696965007561177300,29.19517724609375,-1.7133674621582031,0.5815757513046265,-0.1670212745666504
1696965007571191800,29.20519189453125,0.5841865539550781,0.2059112787246704,-0.01881784200668335
1696965007581206000,29.2152060546875,0.14371585845947266,0.1824706792831421,-0.10841739177703857
1696965007591220200,29.22522021484375,-0.7698192596435547,0.3084444999694824,0.023252785205841064
1696965007601234400,29.235234375,0.9623441696166992,0.6360931396484375,0.08369380235671997
1696965007611249000,29.245248779296876,-0.35440540313720703,0.13293123245239258,-0.13931769132614136
1696965007621263000,29.25526318359375,0.6119499206542969,0.2518848180770874,0.24161720275878906
1696965007631277300,29.26527734375,-0.3310995101928711,0.14582526683807373,-0.4071309566497803
1696965007641291500,29.27529150390625,0.8549795150756836,0.5802465677261353,0.3049875497817993
1696965007651306000,29.285305908203124,0.2937030792236328,0.3924514055252075,0.28022056818008423
1696965007661320200,29.2953203125,0.7852907180786133,-0.08797693252563477,-0.5978857278823853
1696965007671334400,29.30533447265625,-1.266622543334961,0.17927289009094238,0.5618963837623596
1696965007681348600,29.3153486328125,1.7851200103759766,0.5721514225006104,0.16350054740905762
1696965007691363000,29.325363037109376,-0.4980916976928711,0.39913058280944824,-0.21517908573150635
1696965007701377300,29.335377197265625,-0.5021295547485352,-0.2728637456893921,0.2900528311729431
1696965007711391500,29.3453916015625,1.4970016479492188,0.6289604902267456,0.25098419189453125
1696965007721405700,29.35540576171875,-1.221013069152832,0.009382963180541992,0.30768507719039917
1696965007731420000,29.365419921875,1.5295886993408203,0.402593731880188,0.13856416940689087
1696965007741434400,29.375434326171874,-0.8678598403930664,-0.03303360939025879,0.2321811318397522
1696965007751448600,29.385448486328126,-0.12547969818115234,0.33263158798217773,0.25517404079437256
1696965007761462800,29.395462890625,0.30053234100341797,0.3431663513183594,0.09203088283538818
1696965007771477000,29.40547705078125,-0.6800174713134766,-0.0020543336868286133,-0.08710753917694092
1696965007781491500,29.415491455078126,0.06729507446289062,0.24576056003570557,0.18541383743286133
1696965007791505700,29.425505615234375,-0.21491718292236328,0.4736377000808716,0.1934598684310913
1696965007801519900,29.435519775390624,-0.09946060180664062,0.07894527912139893,-0.03682500123977661
1696965007811534000,29.4455341796875,-0.801915168762207,0.4425206184387207,-0.024833619594573975
1696965007821548500,29.455548583984374,0.5622758865356445,0.13859236240386963,-0.014455974102020264
1696965007831562800,29.465562744140627,-1.1834659576416016,0.3344426155090332,0.1428242325782776
1696965007841577000,29.475576904296876,0.5684900283813477,0.12325692176818848,-0.6246603727340698
1696965007851591200,29.485591064453125,-0.6799135208129883,0.3651702404022217,0.286940336227417
1696965007861605600,29.495605712890626,0.7120189666748047,0.39492690563201904,-0.13046956062316895
1696965007871619800,29.505619873046875,-0.38839054107666016,0.15202546119689941,-0.3148931860923767
1696965007881634000,29.515634033203124,-0.3305826187133789,0.2932802438735962,-0.06789547204971313
1696965007891648300,29.525648193359373,0.5021791458129883,0.0705634355545044,-0.294720321893692
1696965007901662700,29.535662841796874,-0.4169044494628906,0.29658520221710205,-0.0872374176979065
1696965007911677000,29.545677001953123,1.1853389739990234,0.1749342679977417,-0.26027756929397583
1696965007921691100,29.555691162109376,-0.7626075744628906,0.2648235559463501,0.2038993239402771
1696965007931705300,29.565705322265625,0.7303781509399414,-0.1331092119216919,-0.4983375072479248
1696965007941719600,29.575719482421874,-0.7337961196899414,0.41672587394714355,0.5923252701759338
1696965007951733800,29.585733642578123,1.31829833984375,0.07971513271331787,-0.6114429831504822
1696965007961748000,29.595748046875,-1.327545166015625,0.3986924886703491,0.25312530994415283
1696965007971762200,29.60576220703125,1.4568700790405273,-0.30937302112579346,-0.24458658695220947
1696965007981776400,29.6157763671875,-0.973846435546875,0.8160279989242554,-0.17223143577575684
1696965007991790600,29.62579052734375,0.6098575592041016,-0.17782580852508545,-0.4146082103252411
1696965008001804800,29.6358046875,-0.40384960174560547,0.3010677099227905,-0.3979787230491638
1696965008011819000,29.645819091796874,-1.1918563842773438,0.10232555866241455,0.0023737549781799316
1696965008021833200,29.655833251953126,1.1724576950073242,0.5345883369445801,-0.5801137089729309
1696965008031847400,29.665847412109375,-1.6211433410644531,0.22267401218414307,-0.03412598371505737
1696965008041861600,29.675861572265624,0.6911211013793945,0.04554283618927002,-0.2585723400115967
1696965008051875800,29.685875732421874,-0.6865234375,0.431638240814209,0.16134798526763916
1696965008061890000,29.69589013671875,0.428558349609375,0.0586695671081543,-0.14441490173339844
1696965008071904300,29.705904296875,-0.6377983093261719,0.05264878273010254,0.4192124009132385
1696965008081918500,29.71591845703125,0.42444515228271484,0.24048376083374023,-0.0629536509513855
1696965008091932700,29.7259326171875,-0.723048210144043,0.3911856412887573,0.09854370355606079
1696965008101947000,29.73594677734375,0.35839176177978516,0.11502838134765625,0.14431917667388916
1696965008111961300,29.74596142578125,0.0713663101196289,0.21232342720031738,-0.0041672587394714355
1696965008121975600,29.7559755859375,-1.3054075241088867,-0.08758687973022461,0.28797274827957153
1696965008131989800,29.76598974609375,1.378875732421875,0.2612004280090332,-0.29532551765441895
1696965008142004000,29.77600390625,-1.7209234237670898,0.29270505905151367,-0.036565959453582764
1696965008152018200,29.78601806640625,0.47180652618408203,-0.11732304096221924,-0.12012195587158203
1696965008162032400,29.796032470703125,-0.38440608978271484,0.4363369941711426,0.24783307313919067
1696965008172046600,29.806046630859374,0.3571195602416992,-0.018288135528564453,-0.056514203548431396
1696965008182060800,29.816060791015627,0.10794639587402344,0.5263963937759399,0.21227139234542847
1696965008192075000,29.826074951171876,-0.09292411804199219,-0.2644226551055908,-0.14177387952804565
1696965008202089200,29.836089111328125,-0.40341854095458984,0.44023191928863525,0.6023406982421875
1696965008212103400,29.846103515625,1.6621065139770508,0.2664053440093994,-0.10004019737243652
1696965008222117600,29.85611767578125,-1.4574699401855469,0.37872016429901123,0.3639477491378784
1696965008232131800,29.8661318359375,1.699446678161621,0.17624413967132568,0.42662304639816284
1696965008242146000,29.87614599609375,0.15248870849609375,0.3045687675476074,-0.052138447761535645
1696965008252160300,29.88616015625,-0.3886137008666992,0.25977301597595215,0.41064125299453735
1696965008262174500,29.896174560546875,1.4907817840576172,0.03692483901977539,-0.14440715312957764
1696965008272188700,29.906188720703124,-1.1652374267578125,0.34302449226379395,0.34186846017837524
1696965008282203100,29.916203125,1.628321647644043,-0.14018988609313965,-0.29983949661254883
1696965008292217300,29.92621728515625,-0.7933588027954102,0.598541259765625,0.2746151089668274
1696965008302231600,29.9362314453125,0.8903989791870117,-0.15231215953826904,-0.16496163606643677
1696965008312245800,29.946245849609376,-0.43964195251464844,0.3944711685180664,0.09226304292678833
1696965008322260200,29.95626025390625,0.6076078414916992,0.02166736125946045,0.07878303527832031
1696965008332274400,29.9662744140625,-0.2103128433227539,0.15119504928588867,-0.1124500036239624
1696965008342288600,29.97628857421875,0.038443565368652344,0.17577016353607178,0.11496192216873169
1696965008352302800,29.986302734375,0.8083219528198242,0.0809180736541748,0.26596927642822266
1696965008362317300,29.9963173828125,-0.8710441589355469,0.31429481506347656,-0.12657123804092407
1696965008372331500,30.00633154296875,0.15405941009521484,0.4315451383590698,0.3748527765274048
1696965008382345700,30.016345703125,0.08200454711914062,-0.000861048698425293,-0.001015305519104004
1696965008392360000,30.02635986328125,-0.5677757263183594,0.44651734828948975,-0.01282656192779541
1696965008402374400,30.03637451171875,-0.12686443328857422,0.2685126066207886,0.10520797967910767
1696965008412388600,30.046388671875,-0.24094867706298828,0.20376336574554443,0.22849929332733154
1696965008422402800,30.05640283203125,-0.28844165802001953,0.23747038841247559,-0.3657231330871582
1696965008432417000,30.0664169921875,-0.7460355758666992,0.29644691944122314,-0.07091206312179565
1696965008442431500,30.076431396484374,-0.3049449920654297,0.14458465576171875,0.12413078546524048
1696965008452445700,30.08644580078125,-0.1078329086303711,0.7057942152023315,-0.45631709694862366
1696965008462460000,30.0964599609375,-1.116079330444336,-0.20318520069122314,-0.028996407985687256
1696965008472474000,30.10647412109375,0.3968648910522461,0.4234117269515991,-0.22966903448104858
1696965008482488600,30.116488525390626,-1.0233497619628906,0.326418399810791,-0.17337161302566528
1696965008492502800,30.126502685546875,0.5752944946289062,0.4216618537902832,-0.35877925157546997
1696965008502517000,30.13651708984375,-0.9934968948364258,0.22484421730041504,0.20283019542694092
1696965008512531200,30.14653125,1.7805089950561523,0.3590579032897949,-0.033724427223205566
1696965008522545700,30.156545654296874,-1.5639171600341797,0.25579893589019775,-0.04328620433807373
1696965008532560000,30.166559814453127,0.9578590393066406,0.3778960704803467,-0.1776641607284546
1696965008542574000,30.176573974609376,-0.2148275375366211,0.15468382835388184,0.07175904512405396
1696965008552588300,30.18658837890625,0.18173694610595703,0.2812892198562622,-0.057387351989746094
1696965008562602800,30.196602783203126,0.8315896987915039,0.3840092420578003,0.04058414697647095
1696965008572617000,30.206616943359375,-0.1074972152709961,0.08305907249450684,0.010409772396087646
1696965008582631200,30.216631103515624,0.5045890808105469,0.3978860378265381,0.14314329624176025
1696965008592645400,30.226645263671877,0.7944650650024414,0.1779247522354126,-0.24423092603683472
1696965008602659800,30.236659912109374,-0.35381031036376953,0.19385969638824463,0.11877912282943726
1696965008612674000,30.246674072265623,0.028743743896484375,0.5595133304595947,-0.18738120794296265
1696965008622688300,30.256688232421876,0.2300710678100586,0.005375385284423828,0.2001217007637024
1696965008632702500,30.266702392578125,-0.5116233825683594,0.41379058361053467,-0.13814544677734375
1696965008642716700,30.276716552734374,0.2643394470214844,0.24763929843902588,-0.14515262842178345
1696965008652731100,30.286731201171875,-0.7637300491333008,0.6393656730651855,-0.11855858564376831
1696965008662745300,30.296745361328124,0.2036275863647461,-0.026761889457702637,0.004883289337158203
1696965008672759600,30.306759521484373,-0.3079061508178711,0.3733363151550293,-0.021556317806243896
1696965008682773800,30.316773681640626,-0.40262889862060547,0.2628582715988159,0.08117884397506714
1696965008692788200,30.326788330078124,-0.49686336517333984,0.22237706184387207,-0.22714149951934814
1696965008702802400,30.336802490234376,-0.09435653686523438,0.3335440158843994,0.2213764190673828
1696965008712816600,30.346816650390625,1.3208656311035156,0.3542705774307251,-0.21576684713363647
1696965008722830800,30.356830810546874,-1.563990592956543,0.22440838813781738,0.23082762956619263
1696965008732845300,30.36684521484375,1.6558828353881836,0.19624269008636475,-0.30718517303466797
1696965008742859500,30.376859619140625,-0.670292854309082,0.2699846029281616,0.4299249053001404
1696965008752873700,30.386873779296874,0.8268775939941406,0.026633858680725098,0.1405855417251587
1696965008762888000,30.396887939453126,-0.5321197509765625,0.3451383113861084,-0.014161825180053711
1696965008772902400,30.40690234375,1.1655893325805664,0.2204519510269165,-0.08400946855545044
1696965008782916600,30.41691650390625,-0.6483001708984375,-0.1113661527633667,-0.2854669392108917
1696965008792930800,30.426930908203126,0.20893001556396484,0.026371359825134277,-0.2421044111251831
1696965008802945000,30.436945068359375,-0.4030494689941406,0.3792625665664673,0.3004874587059021
1696965008812959500,30.44695947265625,0.6494874954223633,-0.015407085418701172,-0.32940536737442017
1696965008822973700,30.4569736328125,-0.6946039199829102,0.026540279388427734,0.0584028959274292
1696965008832988000,30.46698779296875,0.17239665985107422,-0.07582736015319824,-0.30503880977630615
1696965008843002000,30.477002197265627,-0.3869161605834961,0.04772758483886719,0.07562565803527832
1696965008853016600,30.4870166015625,0.7661361694335938,0.007751107215881348,0.1257207989692688
1696965008863030800,30.49703076171875,-0.6694278717041016,-0.22225964069366455,0.5370450615882874
1696965008873045000,30.507044921875,1.2203741073608398,0.2198542356491089,0.21482336521148682
1696965008883059200,30.51705908203125,-1.750441551208496,-0.13451361656188965,0.339261531829834
1696965008893073700,30.52707373046875,1.5228099822998047,0.3379150629043579,0.31124287843704224
1696965008903087900,30.537087890625,-1.266982078552246,-0.04678773880004883,-0.09965991973876953
1696965008913102000,30.54710205078125,0.1605968475341797,0.29609596729278564,-0.0007010698318481445
1696965008923116300,30.5571162109375,-0.29897022247314453,0.10526669025421143,-0.07780015468597412
1696965008933130800,30.567130859375,0.48624324798583984,0.14463937282562256,-0.23969829082489014
1696965008943145000,30.57714501953125,-0.934779167175293,-0.10231781005859375,0.05092376470565796
1696965008953159200,30.5871591796875,0.5352201461791992,-0.047443389892578125,-0.15239417552947998
1696965008963173400,30.59717333984375,-0.7708721160888672,0.34035420417785645,0.24965620040893555
1696965008973187800,30.607187744140624,-0.2001323699951172,0.2816948890686035,0.3341628909111023
1696965008983202000,30.6172021484375,0.20664691925048828,0.5479458570480347,-0.015081822872161865
1696965008993216300,30.62721630859375,-1.2656192779541016,0.30260682106018066,0.39347410202026367
1696965009003230500,30.63723046875,1.3943634033203125,0.20216524600982666,-0.10104930400848389
1696965009013245000,30.647244873046876,-0.30521392822265625,0.4339245557785034,0.388252854347229
1696965009023259100,30.657259033203125,0.9233951568603516,-0.2021944522857666,-0.06200265884399414
1696965009033273300,30.6672734375,-0.31628990173339844,0.5900207757949829,0.32727140188217163
1696965009043287600,30.67728759765625,1.108175277709961,0.2452303171157837,-0.17393463850021362
1696965009053302000,30.687302001953125,-0.34690189361572266,0.5529358386993408,0.3919972777366638
1696965009063316200,30.697316162109374,0.3272209167480469,0.57703697681427,-0.14746922254562378
1696965009073330400,30.707330322265626,0.169036865234375,0.516028642654419,0.3636542558670044
1696965009083344600,30.7173447265625,0.49796104431152344,0.505847692489624,-0.48723262548446655
1696965009093358800,30.72735888671875,0.09548187255859375,0.2261219024658203,0.35468220710754395
1696965009103373000,30.737373046875,1.4090423583984375,-0.16138684749603271,0.10761463642120361
1696965009113387300,30.74738720703125,-0.5103797912597656,-0.2642773389816284,0.08230620622634888
1696965009123401500,30.7574013671875,0.29337024688720703,0.20549893379211426,-0.1517125964164734
1696965009133415700,30.767415771484377,-0.3234405517578125,0.3648345470428467,0.6411724090576172
1696965009143430000,30.777429931640626,0.3079414367675781,0.1390368938446045,0.023570239543914795
1696965009153444000,30.787444091796875,-0.9014911651611328,0.433058500289917,0.23583287000656128
1696965009163458300,30.797458251953124,0.8829030990600586,0.12148332595825195,-0.15895390510559082
1696965009173472500,30.807472412109377,-0.8102540969848633,0.2943052053451538,0.40960973501205444
1696965009183487000,30.817487060546874,1.0643243789672852,-0.09143960475921631,-0.2176499366760254
1696965009193501200,30.827501220703127,-0.24173450469970703,0.24182355403900146,-0.4009430706501007
1696965009203515400,30.837515380859376,-0.39956188201904297,-0.04268825054168701,-0.17410022020339966
1696965009213529600,30.847529541015625,0.8115758895874023,0.2576007843017578,-0.25012773275375366
1696965009223543800,30.857543701171874,-1.4797306060791016,-0.039095401763916016,-0.3525884747505188
1696965009233558000,30.86755810546875,0.4600400924682617,0.26866626739501953,-0.43120020627975464
1696965009243572200,30.877572265625,-1.5193157196044922,0.3526073694229126,0.01740509271621704
1696965009253586400,30.88758642578125,0.12384033203125,0.03487658500671387,-0.12535077333450317
1696965009263600600,30.8976005859375,-0.4735908508300781,0.13840937614440918,-0.46499043703079224
1696965009273614800,30.90761474609375,0.23058032989501953,0.21674120426177979,-0.1600402593612671
1696965009283629000,30.917629150390624,-0.4104499816894531,-0.03726816177368164,-0.27256858348846436
1696965009293643300,30.927643310546873,0.379669189453125,0.11287117004394531,-0.2555488348007202
1696965009303657500,30.937657470703126,-0.7585906982421875,-0.08892011642456055,-0.2735321521759033
1696965009313671700,30.947671630859375,0.1518383026123047,0.18569445610046387,-0.3325294554233551
1696965009323686000,30.957685791015624,-0.7325334548950195,0.2948732376098633,-0.2997204065322876
1696965009333700000,30.9677001953125,-0.18522071838378906,-0.0008716583251953125,-0.43600356578826904
1696965009343714300,30.97771435546875,-1.1070470809936523,0.09505259990692139,-0.04013270139694214
1696965009353728500,30.987728515625,1.1948118209838867,0.11158156394958496,-0.4282791018486023
1696965009363742700,30.99774267578125,-1.0490379333496094,0.028567194938659668,0.22754544019699097
1696965009373757000,31.0077568359375,1.3765277862548828,-0.2348334789276123,-0.39305928349494934
1696965009383771100,31.017771240234374,-0.3417167663574219,0.0007249116897583008,0.004404783248901367
1696965009393785300,31.027785400390623,1.0927419662475586,-0.003902435302734375,-0.21903157234191895
1696965009403799600,31.037799560546876,-0.10381317138671875,0.2646467685699463,0.5014869570732117
1696965009413813800,31.047813720703125,1.3346576690673828,-0.09438800811767578,-0.030511975288391113
1696965009423828200,31.057828125,-0.7225246429443359,0.13075459003448486,0.44404393434524536
1696965009433842400,31.067842529296875,1.7685728073120117,0.23228728771209717,0.5205690264701843
1696965009443856600,31.077856689453125,-0.22738265991210938,0.1205301284790039,0.20126330852508545
1696965009453870800,31.087870849609374,0.6041011810302734,0.007668972015380859,0.38786858320236206
1696965009463885000,31.097885009765626,0.4841346740722656,0.13633716106414795,0.4012792110443115
1696965009473899300,31.107899169921875,-0.9272823333740234,-0.01594078540802002,0.17069649696350098
1696965009483913500,31.11791357421875,0.8246469497680664,0.7513961791992188,0.44406211376190186
1696965009493927700,31.127927734375,-0.8835773468017578,-0.3747103214263916,0.045647382736206055
1696965009503942000,31.13794189453125,0.4950752258300781,0.4480370283126831,0.2927842140197754
1696965009513956400,31.147956298828124,-0.696110725402832,-0.09428775310516357,0.03669613599777222
1696965009523970600,31.157970458984376,-0.22595691680908203,0.29766833782196045,0.030938029289245605
1696965009533984800,31.16798486328125,0.1422557830810547,-0.017590880393981934,0.16819363832473755
1696965009543999000,31.1779990234375,-0.0058498382568359375,0.2813984155654907,-0.24949181079864502
1696965009554013200,31.18801318359375,-1.320601463317871,0.10643362998962402,0.42795634269714355
1696965009564027600,31.198027587890625,2.1330642700195312,0.3586639165878296,-0.3251136541366577
1696965009574041900,31.208041748046874,-2.4263081550598145,-0.2693333625793457,0.5710956454277039
1696965009584056000,31.21805615234375,1.6504955291748047,0.20280802249908447,-0.18625247478485107
1696965009594070300,31.2280703125,-0.7902545928955078,0.07042920589447021,0.4981529712677002
1696965009604084700,31.238084716796877,0.8597927093505859,0.05803227424621582,-0.562322735786438
1696965009614099000,31.248098876953126,-1.3783607482910156,0.1274573802947998,0.41433316469192505
1696965009624113200,31.258113037109375,1.2288761138916016,0.1439824104309082,-0.30625462532043457
1696965009634127400,31.26812744140625,-1.3395442962646484,-0.2091073989868164,-0.0974961519241333
1696965009644141800,31.278141845703125,0.6605749130249023,-0.06654393672943115,-0.23940718173980713
1696965009654156000,31.288156005859374,0.17257404327392578,0.08152353763580322,-0.25017231702804565
1696965009664170200,31.298170166015623,-0.7601776123046875,0.06911623477935791,-0.07084625959396362
1696965009674184400,31.308184326171876,1.1252126693725586,0.1042102575302124,-0.2260071039199829
1696965009684199000,31.318198974609373,-0.5740518569946289,-0.2169111967086792,-0.0818367600440979
1696965009694213000,31.328213134765626,0.7563753128051758,0.2544121742248535,-0.3747478127479553
1696965009704227300,31.338227294921875,-0.5308618545532227,0.032865285873413086,-0.07344728708267212
1696965009714241500,31.348241455078124,0.5317487716674805,0.24549949169158936,-0.082866370677948
1696965009724256000,31.358256103515625,-0.5876550674438477,-0.1291595697402954,0.30891889333724976
1696965009734270200,31.368270263671874,-0.1175851821899414,0.13664984703063965,-0.15918749570846558
1696965009744284400,31.378284423828124,-0.10288238525390625,0.3792518377304077,0.12873238325119019
1696965009754298600,31.388298583984376,-0.07344245910644531,0.12663090229034424,-0.4266180396080017
1696965009764313000,31.39831298828125,-0.8859176635742188,0.022043585777282715,0.18321233987808228
1696965009774327300,31.408327392578126,0.40232181549072266,0.023815035820007324,-0.35795289278030396
1696965009784341500,31.418341552734375,-1.84483003616333,0.6505763530731201,0.15267819166183472
1696965009794355700,31.428355712890625,1.1320772171020508,0.07105362415313721,-0.19342273473739624
1696965009804370200,31.4383701171875,-1.5418128967285156,0.05079197883605957,0.10378426313400269
1696965009814384400,31.44838427734375,0.44951438903808594,0.19157612323760986,-0.35106104612350464
1696965009824398600,31.458398681640624,-0.9084148406982422,0.2186136245727539,0.1996772289276123
1696965009834412800,31.468412841796876,0.010684967041015625,0.18360424041748047,0.01585555076599121
1696965009844427300,31.47842724609375,0.09677791595458984,0.034972190856933594,0.014125168323516846
1696965009854441500,31.48844140625,-0.3865518569946289,0.30048060417175293,-0.067141592502594
1696965009864455700,31.49845556640625,0.1636056900024414,-0.04211115837097168,0.30680209398269653
1696965009874470000,31.508469970703125,0.5643091201782227,0.29475724697113037,-0.01435166597366333
1696965009884484400,31.518484375,-0.13991737365722656,0.1432361602783203,0.3916718363761902
1696965009894498600,31.52849853515625,0.5337982177734375,-0.14630699157714844,0.02013331651687622
1696965009904512800,31.5385126953125,-0.0078067779541015625,0.30094635486602783,0.3382171392440796
1696965009914527000,31.54852685546875,0.7994804382324219,0.1154165267944336,-0.28614675998687744
1696965009924541400,31.55854150390625,-1.6159582138061523,-0.12199342250823975,0.33678191900253296
1696965009934555600,31.5685556640625,2.4731454849243164,0.43257856369018555,-0.2804611623287201
1696965009944569900,31.57856982421875,-1.446075439453125,-0.47038745880126953,-0.07252085208892822
1696965009954584000,31.588583984375,0.8739099502563477,0.1926736831665039,-0.21374136209487915
1696965009964598500,31.5985986328125,1.058980941772461,-0.06932628154754639,0.19126027822494507
1696965009974612700,31.60861279296875,-0.4544334411621094,0.2158496379852295,-0.18866431713104248
1696965009984627000,31.618626953125,1.2098350524902344,-0.18139863014221191,0.22211945056915283
1696965009994641200,31.62864111328125,0.5376253128051758,-0.2481231689453125,-0.2676944136619568
1696965010004655400,31.6386552734375,-0.8971652984619141,0.41660642623901367,0.03486377000808716
1696965010014669600,31.648669677734375,1.560983657836914,0.18715035915374756,-0.05940955877304077
1696965010024683800,31.658683837890624,-1.5771188735961914,0.08369660377502441,0.3967335820198059
1696965010034698000,31.668697998046873,1.1685409545898438,-0.09749031066894531,0.2730479836463928
1696965010044712200,31.678712158203126,-0.04707050323486328,0.413854718208313,-0.12723839282989502
1696965010054726400,31.688726318359375,-0.8653793334960938,0.19862139225006104,0.023467659950256348
1696965010064740600,31.69874072265625,0.9868535995483398,-0.0002446174621582031,0.12890011072158813
1696965010074754800,31.7087548828125,-1.8119144439697266,0.04539608955383301,0.18495303392410278
1696965010084769000,31.71876904296875,0.3048582077026367,0.261318564414978,-0.003294646739959717
1696965010094783200,31.728783203125,-0.9722423553466797,0.06643438339233398,-0.11617541313171387
1696965010104797400,31.73879736328125,-0.6209487915039062,-0.10508668422698975,0.05917626619338989
1696965010114811600,31.748811767578125,-0.4767189025878906,0.05167996883392334,0.038167357444763184
1696965010124825900,31.758825927734375,0.24148082733154297,-0.05414140224456787,-0.4078226387500763
1696965010134840000,31.768840087890624,-0.5625858306884766,0.2264404296875,0.06363904476165771
1696965010144854500,31.7788544921875,0.48561954498291016,0.11062979698181152,-0.05340451002120972
1696965010154868700,31.78886865234375,-0.2999534606933594,0.07476568222045898,-0.15922093391418457
1696965010164883000,31.798883056640626,0.08826446533203125,-0.2656923532485962,-0.17253738641738892
1696965010174897200,31.808897216796876,-0.06073570251464844,0.425881028175354,0.23831123113632202
1696965010184911400,31.818911376953125,0.5849246978759766,-0.1932743787765503,0.20700162649154663
1696965010194925600,31.828925537109374,-0.1193552017211914,0.20555901527404785,-0.06002640724182129
1696965010204939800,31.838939697265626,0.7172956466674805,0.4052705764770508,0.07466328144073486
1696965010214954000,31.8489541015625,-0.3070411682128906,-0.18933451175689697,-0.14559084177017212
1696965010224968200,31.85896826171875,-0.23960304260253906,0.3001631498336792,-0.06384742259979248
1696965010234982400,31.868982421875,0.7123374938964844,-0.01814901828765869,-0.3219568729400635
1696965010244996600,31.87899658203125,-0.8617477416992188,0.32215094566345215,0.0733608603477478
1696965010255010800,31.8890107421875,1.2526845932006836,-0.15673339366912842,-0.5422722697257996
1696965010265025000,31.89902490234375,-0.9387378692626953,0.013977885246276855,-0.34915000200271606
1696965010275039200,31.909039306640626,1.094259262084961,0.29851293563842773,-0.07523584365844727
1696965010285053400,31.919053466796875,0.17943477630615234,0.266241192817688,0.0059430599212646484
1696965010295067600,31.929067626953124,0.18335342407226562,0.2108447551727295,0.3792094588279724
1696965010305081900,31.939081787109377,0.5895776748657227,0.0984649658203125,0.3462594151496887
1696965010315096000,31.949095947265626,-0.8598623275756836,0.1268101930618286,0.07685607671737671
1696965010325110300,31.9591103515625,-0.13614273071289062,0.11340892314910889,0.37072938680648804
1696965010335124500,31.96912451171875,0.8488960266113281,0.202911376953125,-0.18121272325515747
1696965010345138700,31.979138671875,-0.820953369140625,-0.016993045806884766,0.5708135366439819
1696965010355153000,31.98915283203125,1.068777084350586,0.38915085792541504,0.07298415899276733
1696965010365167000,31.9991669921875,-0.9454851150512695,0.0570911169052124,0.6959944367408752
1696965010375181300,32.00918139648437,0.8916940689086914,0.1541595458984375,0.03125488758087158
1696965010385195800,32.01919580078125,-0.12810707092285156,-0.13992178440093994,-0.045830368995666504
1696965010395210000,32.0292099609375,-1.2934598922729492,0.1701270341873169,-0.016743779182434082
1696965010405224200,32.03922412109375,1.5955142974853516,0.19157636165618896,0.34789884090423584
1696965010415238400,32.04923828125,-0.34731388092041016,-0.0927053689956665,-0.2820659279823303
1696965010425252600,32.05925268554687,-0.591181755065918,0.2656000852584839,0.914753794670105
1696965010435266800,32.069266845703126,1.4851799011230469,0.016526222229003906,0.6953610181808472
1696965010445281000,32.07928100585937,-1.1806459426879883,-0.002462029457092285,0.46283501386642456
1696965010455295200,32.089295166015624,1.426931381225586,0.130074143409729,0.2819039225578308
1696965010465309400,32.09930932617188,-0.5977697372436523,0.15091097354888916,0.6401033401489258
1696965010475323600,32.10932373046875,0.3975553512573242,0.021237850189208984,0.327140212059021
1696965010485337900,32.119337890625,-0.2625579833984375,0.15214812755584717,0.3270410895347595
1696965010495352000,32.12935205078125,-0.018004417419433594,0.14527475833892822,0.49972617626190186
1696965010505366300,32.1393662109375,-0.7968873977661133,-0.028741955757141113,-0.3058459162712097
1696965010515380500,32.14938037109375,0.22342777252197266,0.2182331085205078,0.07921260595321655
1696965010525394700,32.15939477539062,-0.6466913223266602,-0.21982145309448242,-0.6395557522773743
1696965010535409000,32.169408935546876,-0.7019939422607422,0.15688300132751465,0.29963284730911255
1696965010545423000,32.17942309570312,0.7192306518554688,0.26024413108825684,-0.2586367130279541
1696965010555437300,32.189437255859374,-0.6632184982299805,0.2472071647644043,0.3432806134223938
1696965010565451500,32.19945141601563,1.0779666900634766,-0.09826016426086426,-0.03755080699920654
1696965010575465700,32.2094658203125,-1.2609853744506836,0.40510129928588867,0.35189706087112427
1696965010585480000,32.21947998046875,0.7442111968994141,0.0557703971862793,0.26005059480667114
1696965010595494100,32.229494140625,-0.4517097473144531,0.15688097476959229,-0.17245787382125854
1696965010605508600,32.239508544921875,-0.02066802978515625,0.051789283752441406,0.002263963222503662
1696965010615522800,32.24952270507813,-0.0773305892944336,0.13409948348999023,-0.2239842414855957
1696965010625537000,32.259537109375,-0.3112831115722656,0.13784849643707275,-0.13599884510040283
1696965010635551200,32.26955126953125,0.1485729217529297,-0.01225888729095459,-0.05054229497909546
1696965010645565700,32.279565673828124,0.7840051651000977,0.01471567153930664,-0.20702886581420898
1696965010655580000,32.28957983398438,-0.7849397659301758,-0.15095651149749756,-0.6994911432266235
1696965010665594000,32.29959399414062,0.21116065979003906,0.2604612112045288,0.32767921686172485
1696965010675608300,32.3096083984375,1.3003101348876953,0.1669926643371582,-0.13256412744522095
1696965010685622800,32.31962280273437,-1.2682294845581055,0.04262185096740723,-0.26245588064193726
1696965010695637000,32.329636962890625,0.7556896209716797,0.4235248565673828,0.5259864330291748
1696965010705651200,32.33965112304688,0.573516845703125,-0.16743505001068115,-0.18732792139053345
1696965010715665400,32.34966552734375,-1.4021377563476562,0.10335242748260498,0.07265138626098633
1696965010725679900,32.35967993164063,1.2879467010498047,0.03722095489501953,-0.1033826470375061
1696965010735694000,32.36969409179687,-1.0761661529541016,0.29089951515197754,0.370047390460968
1696965010745708300,32.379708251953126,0.8910884857177734,-0.06526398658752441,0.05626392364501953
1696965010755722500,32.38972241210938,-0.8171520233154297,0.5700509548187256,0.25659841299057007
1696965010765737000,32.399737060546876,0.059627532958984375,-0.10127949714660645,0.341067910194397
1696965010775751200,32.40975122070312,-0.14605045318603516,0.22369301319122314,-0.17947041988372803
1696965010785765400,32.419765380859374,-1.1680364608764648,0.040270209312438965,0.1337207555770874
1696965010795779600,32.42977954101563,0.9513654708862305,0.11387336254119873,-0.30121251940727234
1696965010805794000,32.4397939453125,-0.3883180618286133,-0.023743629455566406,-0.07564914226531982
1696965010815808300,32.44980834960938,-0.4882345199584961,0.1939249038696289,0.34264075756073
1696965010825822500,32.45982250976562,0.9325113296508789,0.2590838670730591,0.2896503210067749
1696965010835836700,32.469836669921875,-0.1643848419189453,0.16823053359985352,0.17093759775161743
1696965010845851100,32.47985107421875,0.4096059799194336,-0.10025298595428467,0.22727400064468384
1696965010855865300,32.489865234375,-0.4852924346923828,0.36403191089630127,0.29109084606170654
1696965010865879600,32.49987963867188,0.9782810211181641,-0.062142133712768555,0.027484476566314697
1696965010875893800,32.509893798828124,-0.6727428436279297,-0.04353022575378418,-0.1553589105606079
1696965010885908200,32.519908203125,0.32752132415771484,-0.11442577838897705,0.324978768825531
1696965010895922400,32.52992236328125,0.6806154251098633,0.22408246994018555,0.4036462903022766
1696965010905936600,32.5399365234375,0.5257434844970703,-0.17276310920715332,-0.4257145822048187
1696965010915950800,32.54995092773437,0.042609214782714844,-0.15707850456237793,-0.04205584526062012
1696965010925965300,32.55996533203125,-0.14920520782470703,0.1274956464767456,0.32000648975372314
1696965010935979500,32.5699794921875,0.6264047622680664,0.22760510444641113,-0.16885697841644287
1696965010945993700,32.57999365234375,-0.33138179779052734,0.0034028291702270508,0.013060688972473145
1696965010956008000,32.59000805664063,-0.10960865020751953,-0.11091494560241699,0.24938666820526123
1696965010966022100,32.60002221679687,0.597315788269043,0.3446303606033325,-0.025664567947387695
1696965010976036600,32.61003662109375,-0.6261806488037109,-0.3644742965698242,0.2283046841621399
1696965010986050800,32.62005078125,1.0853281021118164,0.17885911464691162,-0.011258065700531006
1696965010996065000,32.63006494140625,-0.24454689025878906,0.2531782388687134,0.7993626594543457
1696965011006079200,32.64007934570313,0.06598281860351562,0.3883281946182251,0.39333289861679077
1696965011016093400,32.650093505859374,-0.15813636779785156,-0.11844480037689209,0.2054111361503601
1696965011026107600,32.66010766601563,-0.17708969116210938,0.08765661716461182,0.012106060981750488
1696965011036121900,32.67012182617187,-0.812077522277832,0.1196589469909668,0.07452142238616943
1696965011046136000,32.680135986328125,1.020054817199707,0.5068821907043457,0.1873653531074524
1696965011056150300,32.690150390625,-0.30605220794677734,-0.3278651237487793,-0.2561386823654175
1696965011066164500,32.70016455078125,-0.8309726715087891,-0.05471146106719971,0.31335121393203735
1696965011076178700,32.7101787109375,0.5709934234619141,0.14740216732025146,0.30569350719451904
1696965011086193000,32.72019287109375,-1.1361112594604492,-0.1082690954208374,0.035545289516448975
1696965011096207000,32.73020703125,0.5530500411987305,-0.11910355091094971,0.37743115425109863
1696965011106221300,32.74022119140625,-0.5518102645874023,0.05608534812927246,0.254162073135376
1696965011116235500,32.750235595703124,-0.05885124206542969,-0.23722338676452637,0.14170515537261963
1696965011126249700,32.76024975585938,0.20917129516601562,-0.13675987720489502,0.5397434830665588
1696965011136264000,32.77026391601562,-0.32700252532958984,-0.3115730285644531,0.14423096179962158
1696965011146278100,32.780278076171875,0.21847915649414062,-0.19952082633972168,0.12352019548416138
1696965011156292400,32.79029223632813,-0.03537273406982422,-0.2608332633972168,-0.011093974113464355
1696965011166306600,32.800306640625,-0.1552276611328125,0.03879964351654053,0.5393999218940735
1696965011176320800,32.81032080078125,1.2119989395141602,-0.24367833137512207,-0.18331217765808105
1696965011186335000,32.8203349609375,-0.09134769439697266,-0.11177778244018555,0.6979113817214966
1696965011196349200,32.83034912109375,1.720193862915039,-0.3228338956832886,0.10980105400085449
1696965011206363400,32.84036328125,-0.4586772918701172,-0.06815624237060547,0.31577908992767334
1696965011216377900,32.8503779296875,-0.022306442260742188,-0.6145751476287842,0.08456218242645264
1696965011226392000,32.86039208984375,-0.2616243362426758,0.28202569484710693,0.0401616096496582
1696965011236406300,32.87040625,0.30370235443115234,-0.06580007076263428,0.2407054305076599
1696965011246420500,32.88042041015625,-0.29955196380615234,-0.1315549612045288,0.061776816844940186
1696965011256434700,32.8904345703125,0.7389001846313477,-0.043678879737854004,0.3121601939201355
1696965011266449000,32.900448974609375,-0.44809722900390625,-0.22127628326416016,0.035936713218688965
1696965011276463000,32.91046313476563,-0.06433963775634766,-0.13142788410186768,0.29243916273117065
1696965011286477300,32.920477294921874,0.26584434509277344,0.12940454483032227,-0.15119004249572754
1696965011296491500,32.930491455078126,-1.827552318572998,-0.2983628511428833,0.2866254448890686
1696965011306505700,32.94050561523437,0.5522060394287109,0.4135545492172241,-0.013396263122558594
1696965011316520000,32.95052001953125,-1.3459663391113281,-0.19706571102142334,0.33946526050567627
1696965011326534100,32.9605341796875,0.20120906829833984,-0.06842482089996338,-0.3219374418258667
1696965011336548400,32.97054833984375,-1.2662391662597656,-0.04078066349029541,0.18044960498809814
1696965011346562600,32.9805625,0.47677040100097656,-0.25287842750549316,0.1418668031692505
1696965011356576800,32.99057666015625,-1.2542667388916016,0.32572221755981445,0.23059970140457153
1696965011366591000,33.000591064453126,0.9374551773071289,-0.09072577953338623,0.629484236240387
1696965011376605200,33.01060522460938,-0.4791450500488281,0.02744591236114502,-0.12857043743133545
1696965011386619400,33.020619384765624,-0.21076583862304688,-0.04709303379058838,0.7246111631393433
1696965011396633600,33.030633544921876,1.949946403503418,0.023277640342712402,0.060859084129333496
1696965011406647800,33.04064770507812,-1.2377138137817383,-0.2302265167236328,0.3476337194442749
1696965011416662000,33.050662109375,1.8952445983886719,0.0913851261138916,0.1882724165916443
1696965011426676200,33.06067626953125,-1.2297821044921875,-0.030334115028381348,0.4972614049911499
1696965011436690400,33.0706904296875,0.29251956939697266,0.0572352409362793,-0.1399732232093811
1696965011446704600,33.08070458984375,-0.6447172164916992,-0.30156970024108887,0.2642294764518738
1696965011456719000,33.09071899414062,0.15481948852539062,-0.018193721771240234,0.03998839855194092
1696965011466733300,33.1007333984375,0.918665885925293,-0.08335041999816895,0.37677717208862305
1696965011476747500,33.11074755859375,0.19054031372070312,-0.15214908123016357,-0.010707497596740723
1696965011486761700,33.12076171875,0.10323429107666016,-0.15816831588745117,0.4247732162475586
1696965011496776000,33.13077587890625,0.8394536972045898,0.01652812957763672,0.09670525789260864
1696965011506790100,33.1407900390625,-0.5396146774291992,0.024218320846557617,0.8351851105690002
1696965011516804400,33.15080444335938,1.1297035217285156,-0.08714795112609863,-0.13034284114837646
1696965011526818600,33.16081860351562,-0.6653470993041992,-0.4545403718948364,-0.033558428287506104
1696965011536832800,33.170832763671875,0.4354572296142578,-0.046210527420043945,0.42311257123947144
1696965011546847000,33.18084692382813,1.5857229232788086,-0.12293612957000732,-0.6838778257369995
1696965011556861200,33.19086108398437,-1.2511205673217773,0.07540106773376465,0.3869262933731079
1696965011566875400,33.20087548828125,0.6480436325073242,-0.28411662578582764,-0.3537836968898773
1696965011576889600,33.2108896484375,-0.37980079650878906,-0.11146974563598633,0.33154600858688354
1696965011586903800,33.22090380859375,0.14577293395996094,-0.07324337959289551,-0.4611639380455017
1696965011596918000,33.23091796875,-0.6896886825561523,-0.36455094814300537,-0.06207406520843506
1696965011606932200,33.24093212890625,0.568058967590332,0.056217193603515625,-0.23035943508148193
1696965011616946400,33.25094653320313,-0.7272157669067383,-0.27374982833862305,-0.3480793237686157
1696965011626960600,33.26096069335937,-0.3341064453125,-0.07914364337921143,-0.15344369411468506
1696965011636974800,33.270974853515625,0.03557872772216797,-0.3063669204711914,0.26499253511428833
1696965011646989000,33.28098901367188,-0.4185218811035156,0.07191085815429688,-0.32805436849594116
1696965011657003300,33.29100317382812,-0.08270549774169922,-0.1243443489074707,0.5149374604225159
1696965011667017500,33.301017578125,0.49135780334472656,-0.4077873229980469,0.2969585657119751
1696965011677032000,33.31103198242187,0.031182289123535156,0.2098679542541504,0.04051154851913452
1696965011687046100,33.321046142578126,-0.40758514404296875,-0.2153693437576294,-0.09879690408706665
1696965011697060400,33.33106030273437,-0.7228078842163086,0.050844430923461914,0.6724998354911804
1696965011707074600,33.341074462890624,1.3873186111450195,-0.10110580921173096,0.28016746044158936
1696965011717089000,33.35108911132812,-2.4109864234924316,-0.028516411781311035,0.32621729373931885
1696965011727103200,33.361103271484374,1.7239437103271484,0.004838824272155762,0.5240265130996704
1696965011737117400,33.37111743164063,-0.6363439559936523,0.13264930248260498,0.09957396984100342
1696965011747131600,33.38113159179687,-0.23817920684814453,-0.3458336591720581,0.3594081997871399
1696965011757146000,33.39114599609375,-0.003833770751953125,0.16267049312591553,0.6351670622825623
1696965011767160300,33.40116040039062,-0.3907051086425781,-0.1786351203918457,0.2757088541984558
1696965011777174500,33.411174560546876,-0.8060445785522461,-0.01837325096130371,-0.041553616523742676
1696965011787188700,33.42118872070313,0.180328369140625,-0.26208770275115967,0.6439290642738342
1696965011797203200,33.431203125,-0.3746376037597656,-0.0700075626373291,-0.3211209774017334
1696965011807217400,33.44121752929688,0.18502235412597656,-0.08243048191070557,0.3416500687599182
1696965011817231600,33.451231689453124,0.4332132339477539,-0.15952908992767334,0.092052161693573
1696965011827245800,33.46124584960938,-0.5098285675048828,0.029397249221801758,0.6585374474525452
1696965011837260300,33.47126025390625,1.3982000350952148,-0.35862040519714355,0.01024627685546875
1696965011847274500,33.4812744140625,-0.7607631683349609,-0.2615358829498291,0.37910300493240356
1696965011857288700,33.49128881835937,1.8072967529296875,0.05409836769104004,0.0808936357498169
1696965011867303000,33.501302978515625,-0.5199394226074219,-0.1993347406387329,0.65651935338974
1696965011877317400,33.5113173828125,1.5744256973266602,-0.1753849983215332,0.10395008325576782
1696965011887331600,33.52133154296875,-0.5372352600097656,-0.17081749439239502,0.013306021690368652
1696965011897345800,33.531345703125,1.9778060913085938,0.34519970417022705,0.015552341938018799
1696965011907360000,33.54136010742187,-0.9327831268310547,-0.5076605081558228,-0.3674156665802002
1696965011917374500,33.55137451171875,0.8330240249633789,-0.1490006446838379,-0.03442823886871338
1696965011927388700,33.561388671875,-0.3208322525024414,-0.584858775138855,-0.8040416836738586
1696965011937403000,33.57140283203125,-0.07106971740722656,0.21264803409576416,0.06055760383605957
1696965011947417000,33.5814169921875,0.21579360961914062,-0.2525515556335449,-1.034656047821045
1696965011957431600,33.591431640625,-1.5665512084960938,-0.42254698276519775,0.17286843061447144
1696965011967445800,33.60144580078125,0.9412164688110352,0.080841064453125,-0.4108298420906067
1696965011977460000,33.6114599609375,-1.3109760284423828,0.21899545192718506,-0.18539953231811523
1696965011987474200,33.62147412109375,0.6990795135498047,-0.13899993896484375,-0.48641109466552734
1696965011997488600,33.63148852539062,-1.9826889038085938,-0.37731075286865234,-0.14143580198287964
1696965012007502800,33.6415029296875,0.18199634552001953,0.16481685638427734,-0.41963326930999756
1696965012017517000,33.65151708984375,-0.7690057754516602,0.181207537651062,-0.420479953289032
1696965012027531300,33.66153125,-0.05018901824951172,-0.034336209297180176,-0.6161240935325623
1696965012037545700,33.67154565429688,-1.5840377807617188,-0.3550070524215698,-0.155595064163208
1696965012047560000,33.681559814453124,-0.08896541595458984,0.4726938009262085,-0.2522174119949341
1696965012057574100,33.69157421875,-1.0065813064575195,-0.01962745189666748,-0.08725672960281372
1696965012067588400,33.70158837890625,-0.19633102416992188,-0.13420140743255615,-0.13663524389266968
1696965012077602600,33.7116025390625,-0.7650566101074219,0.1601886749267578,-0.13412296772003174
1696965012087617000,33.72161694335937,0.32640647888183594,0.1461496353149414,0.09938645362854004
1696965012097631200,33.73163134765625,-0.20070934295654297,-0.34359240531921387,-0.06994044780731201
1696965012107645400,33.7416455078125,-0.1333293914794922,0.0930643081665039,-0.005009353160858154
1696965012117659600,33.75165966796875,0.3011283874511719,-0.04694473743438721,-0.35976463556289673
1696965012127674000,33.76167407226563,-0.13931655883789062,-0.5043494701385498,-0.1708998680114746
1696965012137688300,33.77168823242187,0.21415996551513672,0.14048564434051514,-0.499906986951828
1696965012147702500,33.78170263671875,0.4187479019165039,-0.07687616348266602,0.5371198654174805
1696965012157716700,33.791716796875,1.7268199920654297,0.1260063648223877,0.07724589109420776
1696965012167731000,33.80173095703125,-0.5047063827514648,-0.8815966844558716,0.03471362590789795
1696965012177745400,33.81174536132813,1.3408203125,0.25113916397094727,0.2067304253578186
1696965012187759600,33.821759521484374,0.35750484466552734,-0.5802704095840454,0.5483829379081726
1696965012197773800,33.83177392578125,1.2309246063232422,0.2350752353668213,0.48510462045669556
1696965012207788000,33.8417880859375,0.5250053405761719,-0.6589384078979492,-0.1510394811630249
1696965012217802200,33.85180224609375,0.538264274597168,0.16378068923950195,0.36849910020828247
1696965012227816400,33.86181640625,0.12524127960205078,-0.4563179016113281,-0.2549654245376587
1696965012237830700,33.87183056640625,0.6130123138427734,-0.13346362113952637,-0.3092747628688812
1696965012247844900,33.88184497070313,-0.8371744155883789,-0.30763256549835205,-0.446846604347229
1696965012257859000,33.89185913085937,0.7808151245117188,0.05330479145050049,-0.23320478200912476
1696965012267873300,33.901873291015626,-0.4020814895629883,-0.3326263427734375,-0.8092308640480042
1696965012277887500,33.91188745117187,-0.4670696258544922,-0.4073110818862915,-0.6078591346740723
1696965012287901700,33.921901611328124,-0.4855194091796875,0.5039710998535156,-0.278441846370697
1696965012297916000,33.931916015625,-0.029561996459960938,-0.5046941041946411,-0.12290418148040771
1696965012307930000,33.94193017578125,-0.6604499816894531,-0.33056509494781494,-0.28489649295806885
1696965012317944300,33.9519443359375,-0.1566934585571289,0.09392428398132324,0.19267338514328003
1696965012327958500,33.96195849609375,0.7372980117797852,0.007031440734863281,-0.33505547046661377
1696965012337972700,33.97197265625,-1.0038509368896484,-0.0654987096786499,0.0984574556350708
1696965012347987000,33.98198706054688,1.3066291809082031,-0.18982195854187012,-0.21593427658081055
1696965012358001200,33.99200122070312,-2.46217679977417,-0.057100534439086914,0.23756754398345947
1696965012368015400,34.002015380859376,1.4857807159423828,0.6010304689407349,-0.47783538699150085
1696965012378029600,34.01202954101562,-2.03944730758667,-0.2065519094467163,-0.23481407761573792
1696965012388043800,34.022043701171874,0.81744384765625,-0.0670844316482544,-0.49268603324890137
1696965012398058000,34.03205810546875,-1.8076748847961426,-0.2702254056930542,-0.20359620451927185
1696965012408072200,34.042072265625,-0.20826339721679688,0.25245702266693115,-0.23375608026981354
1696965012418086700,34.05208666992188,-0.279327392578125,0.003215193748474121,-0.3686906695365906
1696965012428100900,34.06210083007812,-0.7333545684814453,-0.011864185333251953,-0.3179941177368164
1696965012438115000,34.072114990234375,-0.5551719665527344,-0.25266218185424805,-0.13982337713241577
1696965012448129300,34.08212939453125,0.30593013763427734,-0.16329586505889893,-0.6921036243438721
1696965012458143500,34.0921435546875,-0.2256336212158203,-0.12691879272460938,-0.6723489761352539
1696965012468157700,34.10215771484375,0.14254474639892578,-0.23418927192687988,-0.03487315773963928
1696965012478172000,34.112171875,0.23723793029785156,-0.25509190559387207,-0.17956024408340454
1696965012488186000,34.12218603515625,0.5566310882568359,-0.03758978843688965,0.1730707287788391
1696965012498200300,34.13220043945312,0.12963008880615234,-0.055431365966796875,-0.4608786702156067
1696965012508214500,34.142214599609375,0.11950206756591797,-0.5556845664978027,0.6927032470703125
1696965012518228700,34.15222875976563,1.160691261291504,-0.06079721450805664,-0.08034652471542358
1696965012528243000,34.16224291992187,0.4026947021484375,-0.4918473958969116,-0.41083988547325134
1696965012538257200,34.172257080078126,1.796987533569336,0.31279242038726807,-0.23604576289653778
1696965012548271400,34.18227124023438,-0.8928928375244141,-0.995395302772522,-0.13948899507522583
1696965012558285600,34.19228564453125,1.5987234115600586,0.24173986911773682,-0.3257479667663574
1696965012568299800,34.2022998046875,-0.28753185272216797,-0.8049734830856323,-0.8125516176223755
1696965012578314000,34.21231396484375,0.13854122161865234,1.0324145555496216,-0.01377326250076294
1696965012588328400,34.22232836914063,0.13836669921875,-0.9513927698135376,-0.629711389541626
1696965012598342700,34.2323427734375,-0.5116062164306641,0.36441028118133545,-0.07322484254837036
