time,seconds_elapsed,z,y,x
1696958188936290300,0.148290283203125,-1.0859928131103516,-0.013078570365905762,0.2565089464187622
1696958188946185200,0.158185302734375,-1.2017364501953125,-0.6803677082061768,-0.3579595685005188
1696958188956113700,0.16811376953125,-2.8216018676757812,-0.4666175842285156,-0.5509551763534546
1696958188966077700,0.17807763671875,-0.8694095611572266,-0.08712446689605713,0.13392788171768188
1696958188976078000,0.188078125,-0.033141136169433594,-0.5874083042144775,-0.4900415539741516
1696958188986113800,0.19811376953125,-3.4115724563598633,-0.21677148342132568,-0.6044742465019226
1696958188996182300,0.208182373046875,0.5717983245849609,-0.3830636739730835,-0.14076268672943115
1696958189006280400,0.218280517578125,-1.5566062927246094,0.08462810516357422,0.0143088698387146
1696958189016403500,0.228403564453125,-0.6852149963378906,-0.7972002029418945,-0.518634021282196
1696958189026546000,0.2385458984375,-1.9361505508422852,0.04400908946990967,-0.14829301834106445
1696958189036702000,0.248701904296875,0.15335750579833984,-0.38216233253479004,-0.1162840723991394
1696958189046865400,0.258865478515625,-1.1918258666992188,0.15903115272521973,0.35369348526000977
1696958189057029600,0.269029541015625,0.26073646545410156,-0.4251840114593506,-0.5602514743804932
1696958189067068200,0.279068115234375,-2.8834280967712402,-0.08151257038116455,-0.3492256999015808
1696958189077081600,0.28908154296875,1.0682134628295898,0.3067188262939453,0.758212685585022
1696958189087095000,0.299094970703125,-0.5693988800048828,-0.5298768281936646,-0.43105795979499817
1696958189097108200,0.309108154296875,-3.0628151893615723,-0.17002403736114502,-0.7530767321586609
1696958189107121700,0.31912158203125,0.1600208282470703,0.21872353553771973,0.3613089323043823
1696958189117135000,0.329135009765625,-0.4227619171142578,-0.13257336616516113,-0.09882181882858276
1696958189127148300,0.339148193359375,-2.237314224243164,-0.557343602180481,-0.9010338187217712
1696958189137161700,0.34916162109375,-0.9434576034545898,0.1755201816558838,0.1665756106376648
1696958189147175000,0.3591748046875,0.4401540756225586,-0.07606852054595947,0.2521095275878906
1696958189157188400,0.369188232421875,-0.37619686126708984,-0.35770440101623535,-0.3512563109397888
1696958189167201800,0.379201904296875,-2.114150047302246,-0.2163313627243042,-0.448025107383728
1696958189177215000,0.389215087890625,-0.1687154769897461,-0.0725475549697876,0.6931757926940918
1696958189187228400,0.399228515625,1.4264116287231445,0.12758684158325195,-0.005296051502227783
1696958189197241600,0.40924169921875,-2.151339530944824,-0.2685730457305908,-0.3439719080924988
1696958189207255000,0.419255126953125,-0.7410316467285156,0.21724390983581543,-0.06568807363510132
1696958189217268200,0.429268310546875,0.5935382843017578,-0.2239152193069458,0.25584566593170166
1696958189227281700,0.43928173828125,-1.5541019439697266,-0.5730836391448975,-0.8621830940246582
1696958189237295000,0.449295166015625,-0.2352457046508789,0.32609236240386963,-0.618724524974823
1696958189247308300,0.459308349609375,0.5555143356323242,0.040846824645996094,0.004464387893676758
1696958189257321700,0.46932177734375,-0.9863777160644531,-0.09985613822937012,0.006637394428253174
1696958189267335000,0.4793349609375,-0.1258411407470703,-0.2937976121902466,-0.637226402759552
1696958189277348400,0.489348388671875,-1.470494270324707,-0.11298459768295288,-0.1393955945968628
1696958189287361800,0.49936181640625,0.8665456771850586,0.06776672601699829,0.2090943455696106
1696958189297375000,0.509375,0.1492319107055664,-0.58988356590271,-0.5246205925941467
1696958189307388400,0.519388427734375,-1.583237648010254,0.48632752895355225,-0.36598333716392517
1696958189317401600,0.529401611328125,1.840409278869629,-0.13098978996276855,0.3254390358924866
1696958189327415000,0.5394150390625,-0.7778282165527344,0.027498900890350342,0.1286279559135437
1696958189337428200,0.54942822265625,-0.8795528411865234,-0.48602065443992615,-0.4287360608577728
1696958189347441700,0.559441650390625,-1.063858985900879,0.0018653273582458496,-0.22156530618667603
1696958189357455000,0.569455078125,0.31438350677490234,-0.06239128112792969,0.1897350549697876
1696958189367468300,0.57946826171875,0.021689414978027344,-0.5796271562576294,-0.6660412549972534
1696958189377481700,0.589481689453125,-2.3289794921875,0.3308364152908325,-0.6521731019020081
1696958189387495000,0.599494873046875,2.2329235076904297,-0.28917574882507324,0.07225918769836426
1696958189397508400,0.60950830078125,-1.0859241485595703,0.16942113637924194,0.15935885906219482
1696958189407521800,0.619521728515625,-0.44569873809814453,-0.6110550165176392,-0.47063949704170227
1696958189417535000,0.629534912109375,-0.6165494918823242,0.5054032206535339,0.15605026483535767
1696958189427548400,0.63954833984375,0.7029924392700195,-0.2791343927383423,0.5189581513404846
1696958189437561900,0.649561767578125,0.196380615234375,-0.3636445999145508,-0.5562372803688049
1696958189447575300,0.6595751953125,-1.248337745666504,0.04249131679534912,-0.37482982873916626
1696958189457588500,0.66958837890625,0.5438709259033203,0.17231202125549316,0.20275956392288208
1696958189467602000,0.679601806640625,-0.19063377380371094,-0.19217777252197266,0.21177589893341064
1696958189477615400,0.689615478515625,-0.7583284378051758,-0.26145851612091064,-0.6794121265411377
1696958189487628800,0.69962890625,-0.6142005920410156,-0.13661515712738037,0.0847979187965393
1696958189497642200,0.709642333984375,0.3715801239013672,-0.11323577165603638,0.11016768217086792
1696958189507655400,0.719655517578125,0.4039306640625,-0.39816558361053467,-0.34261012077331543
1696958189517668900,0.7296689453125,-1.5322494506835938,0.22755742073059082,-0.3562577962875366
1696958189527682300,0.739682373046875,0.8553123474121094,-0.12532436847686768,0.28555750846862793
1696958189537695700,0.74969580078125,0.13017749786376953,-0.14428472518920898,0.06833285093307495
1696958189547709200,0.759709228515625,-0.4619112014770508,-0.4314098358154297,-0.621762752532959
1696958189557722400,0.769722412109375,-0.7433462142944336,-0.009540438652038574,-0.06416159868240356
1696958189567735800,0.77973583984375,1.0200729370117188,0.12064933776855469,0.6524704694747925
1696958189577749200,0.789749267578125,-0.3452577590942383,-0.4260815978050232,-0.28610533475875854
1696958189587762700,0.7997626953125,-1.1343755722045898,0.15505588054656982,-0.3220036029815674
1696958189597776000,0.80977587890625,0.24239063262939453,0.03395885229110718,0.5632424354553223
1696958189607789300,0.819789306640625,0.5087251663208008,-0.4793236553668976,0.03895813226699829
1696958189617802800,0.829802734375,-0.9824695587158203,0.2147994041442871,-0.3256959319114685
1696958189627816200,0.839816162109375,-1.012181282043457,-0.13864845037460327,0.18576818704605103
1696958189637829600,0.84982958984375,0.45754241943359375,0.22582542896270752,0.352020263671875
1696958189647842800,0.8598427734375,-0.4138212203979492,-0.5508729219436646,-0.46403953433036804
1696958189657856300,0.869856201171875,-1.9084291458129883,0.06942516565322876,-0.2048467993736267
1696958189667869700,0.87986962890625,0.9259805679321289,0.09286028146743774,0.35477161407470703
1696958189677883100,0.889883056640625,0.19556045532226562,-0.4623577892780304,-0.3542101979255676
1696958189687896600,0.899896484375,-2.2776994705200195,-0.3052976131439209,-0.4432923197746277
1696958189697910000,0.909909912109375,1.9061403274536133,0.6636457443237305,0.08230531215667725
1696958189707923500,0.91992333984375,-1.534501075744629,-0.3998120427131653,0.20080113410949707
1696958189717937000,0.92993701171875,0.6376810073852539,-0.4928371012210846,-0.4103865623474121
1696958189727950300,0.939950439453125,-1.0409603118896484,0.5545475482940674,-0.1048659086227417
1696958189737963800,0.9499638671875,0.5290298461914062,-0.2076079249382019,0.12895727157592773
1696958189747977200,0.959977294921875,-0.7794551849365234,-0.11007970571517944,-0.012010514736175537
1696958189757990700,0.96999072265625,0.7405204772949219,-0.27381014823913574,-0.5942351818084717
1696958189768004000,0.980004150390625,-1.6271066665649414,0.5119941234588623,-0.07162386178970337
1696958189778017500,0.990017578125,1.504023551940918,-0.13141286373138428,0.21339023113250732
1696958189788031000,1.000031005859375,-0.8627490997314453,-0.6477406024932861,-0.5654013156890869
1696958189798044400,1.01004443359375,-1.910782814025879,0.14830219745635986,-0.12795686721801758
1696958189808057900,1.020057861328125,1.9826183319091797,0.054859817028045654,0.235923171043396
1696958189818071300,1.0300712890625,-0.6503772735595703,-0.3648841977119446,0.08914482593536377
1696958189828084700,1.040084716796875,0.7456150054931641,-0.18590563535690308,-0.46485674381256104
1696958189838098200,1.05009814453125,-1.860661506652832,0.5827063322067261,0.2933160066604614
1696958189848111600,1.060111572265625,1.9615097045898438,0.7448281049728394,0.303178071975708
1696958189858125000,1.070125,-0.4391918182373047,-1.2777628898620605,-0.8206766843795776
1696958189868138500,1.080138427734375,-1.9530091285705566,-0.31450366973876953,-0.805884599685669
1696958189878152000,1.09015185546875,0.5948486328125,0.15763258934020996,0.3348627984523773
1696958189888165400,1.100165283203125,0.3757181167602539,0.5814895629882812,0.028965085744857788
1696958189898178800,1.1101787109375,0.799098014831543,-0.829541027545929,-1.125030755996704
1696958189908192300,1.120192138671875,-2.601306915283203,-0.3347283601760864,-0.4251595437526703
1696958189918205700,1.130205810546875,2.2497711181640625,0.43039822578430176,0.3541429936885834
1696958189928219100,1.14021923828125,0.14558982849121094,-0.6145685911178589,-0.40942585468292236
1696958189938232600,1.150232666015625,-0.4587221145629883,0.03892940282821655,-0.9158459901809692
1696958189948246000,1.16024609375,-0.2831869125366211,0.02523428201675415,0.3391561508178711
1696958189958259500,1.170259521484375,2.2165794372558594,0.4729846119880676,0.40180063247680664
1696958189968273000,1.18027294921875,-0.2814912796020508,-0.7109100818634033,-1.0703315734863281
1696958189978286000,1.1902861328125,-1.6038274765014648,0.0956963300704956,0.09687572717666626
1696958189988299500,1.200299560546875,2.598958969116211,-0.07894116640090942,0.725278377532959
1696958189998313000,1.21031298828125,-0.6056060791015625,-0.4682890474796295,-0.8008002042770386
1696958190008326400,1.220326416015625,-1.5454540252685547,0.14883607625961304,-0.1274038553237915
1696958190018339800,1.23033984375,2.419888496398926,0.1822928786277771,0.20079460740089417
1696958190028353000,1.24035302734375,-2.5312094688415527,-0.24242371320724487,-0.2569069266319275
1696958190038366500,1.250366455078125,1.1812334060668945,-0.3013472557067871,-0.6243950128555298
1696958190048380000,1.2603798828125,-2.685770034790039,-0.24892854690551758,-0.5476291179656982
1696958190058393300,1.270393310546875,0.1442556381225586,0.022047579288482666,-0.08339735865592957
1696958190068406800,1.28040673828125,0.6283931732177734,-0.15214401483535767,-0.8168684840202332
1696958190078420000,1.290419921875,-2.474734306335449,0.3468879461288452,-0.6479067802429199
1696958190088433400,1.300433349609375,0.7246294021606445,-0.17323380708694458,0.2801322937011719
1696958190098446800,1.31044677734375,-0.26914501190185547,0.17804962396621704,0.13230594992637634
1696958190108460300,1.320460205078125,-1.640542984008789,-0.4021860361099243,-0.40009307861328125
1696958190118473500,1.330473388671875,0.15982341766357422,0.10735684633255005,-0.14056748151779175
1696958190128487000,1.34048681640625,0.011412620544433594,-0.18486571311950684,0.23954850435256958
1696958190138500400,1.350500244140625,0.5011386871337891,-0.12406760454177856,-0.141015887260437
1696958190148513800,1.360513671875,-0.6816635131835938,0.19889318943023682,-0.6330946683883667
1696958190158527200,1.37052734375,-0.6382741928100586,0.23433834314346313,0.026820510625839233
1696958190168540400,1.38054052734375,0.3175210952758789,-0.4860658049583435,0.28904005885124207
1696958190178553900,1.390553955078125,-0.4978618621826172,-0.15263307094573975,-0.9494184255599976
1696958190188567300,1.4005673828125,-1.6876697540283203,0.0013050436973571777,-0.6640137434005737
1696958190198580700,1.410580810546875,1.815521240234375,0.48093777894973755,-0.08149760961532593
1696958190208594200,1.42059423828125,-1.2602691650390625,-0.5107032060623169,-0.5822030305862427
1696958190218607400,1.430607421875,-1.7409858703613281,0.02357351779937744,-0.782799243927002
1696958190228620800,1.440620849609375,1.4871158599853516,0.1738194227218628,0.13396358489990234
1696958190238634200,1.45063427734375,-0.8064756393432617,-0.023499250411987305,0.11599212884902954
1696958190248647700,1.460647705078125,0.5073375701904297,-0.470647931098938,-0.5444385409355164
1696958190258660900,1.470660888671875,-1.7079830169677734,0.379658579826355,0.35151445865631104
1696958190268674300,1.48067431640625,2.7613582611083984,-0.059770286083221436,0.46101102232933044
1696958190278687700,1.490687744140625,-1.2445507049560547,-0.13786816596984863,-0.15854021906852722
1696958190288701200,1.500701171875,0.6954784393310547,-0.10064977407455444,0.07899448275566101
1696958190298714600,1.510714599609375,-0.45110321044921875,0.18891054391860962,0.5690224170684814
1696958190308727800,1.520727783203125,1.0551462173461914,0.01827174425125122,0.23239049315452576
1696958190318741200,1.5307412109375,-0.5318107604980469,-0.5636959075927734,-0.551193356513977
1696958190328754700,1.540754638671875,-0.5806217193603516,-0.16321372985839844,0.17797008156776428
1696958190338768100,1.55076806640625,1.2362003326416016,0.3579251766204834,0.7013271450996399
1696958190348781600,1.560781494140625,0.5711860656738281,-0.2079949975013733,-0.2784392237663269
1696958190358794800,1.570794677734375,-1.3744688034057617,0.32360130548477173,-0.6689018607139587
1696958190368808200,1.58080810546875,0.12903118133544922,-0.3390251398086548,0.5277443528175354
1696958190378821600,1.590821533203125,0.5564603805541992,0.13490980863571167,0.14932534098625183
1696958190388835000,1.6008349609375,-0.28015708923339844,-0.3187413811683655,-0.8300917744636536
1696958190398848500,1.6108486328125,-1.1398487091064453,-0.005867421627044678,-0.29658371210098267
1696958190408861700,1.62086181640625,0.19096660614013672,0.06113153696060181,0.8146743774414062
1696958190418875100,1.630875244140625,1.2606267929077148,0.09469771385192871,-0.03413879871368408
1696958190428888600,1.640888671875,-1.3226938247680664,-0.18386167287826538,-0.6475460529327393
1696958190438902000,1.650902099609375,-0.2052936553955078,-0.1839965581893921,0.5288309454917908
1696958190448915200,1.660915283203125,1.8765783309936523,0.40590691566467285,0.8047690987586975
1696958190458928600,1.6709287109375,-1.0585956573486328,-0.5263988971710205,-0.3983679711818695
1696958190468942000,1.680942138671875,-0.31905269622802734,0.14543044567108154,-0.22336216270923615
1696958190478955500,1.69095556640625,1.425704002380371,-0.09050017595291138,0.7518550753593445
1696958190488969000,1.700968994140625,-0.049849510192871094,-0.4144212007522583,-0.1309933364391327
1696958190498982400,1.710982421875,-0.8734703063964844,-0.07538360357284546,-0.8142107129096985
1696958190508995800,1.720995849609375,-0.3870811462402344,-0.11294811964035034,0.6247937679290771
1696958190519009300,1.73100927734375,1.2674894332885742,-0.29508519172668457,-0.2729567885398865
1696958190529022700,1.741022705078125,-1.4020061492919922,0.11320942640304565,-0.8130487203598022
1696958190539036200,1.7510361328125,0.7780971527099609,-0.33492952585220337,-0.3435412347316742
1696958190549049600,1.761049560546875,-1.788522720336914,0.0394856333732605,0.27409836649894714
1696958190559063000,1.77106298828125,1.751082420349121,-0.2832813858985901,-0.5595371127128601
1696958190569076500,1.781076416015625,-2.5213913917541504,0.06385517120361328,-0.9132488965988159
1696958190579090000,1.79108984375,-0.034893035888671875,-0.22618335485458374,0.47376543283462524
1696958190589103400,1.801103271484375,1.423426628112793,0.17294824123382568,-0.05756574869155884
1696958190599116800,1.81111669921875,-2.47653865814209,-0.4469643831253052,-0.9016435742378235
1696958190609130200,1.821130126953125,0.08150959014892578,0.3231748938560486,-0.4159106910228729
1696958190619143700,1.831143798828125,0.0004024505615234375,-0.08600306510925293,0.6224596500396729
1696958190629157000,1.8411572265625,0.5529069900512695,0.03409457206726074,-0.2987236976623535
1696958190639170600,1.851170654296875,-0.9698143005371094,-0.3109840154647827,-0.57230544090271
1696958190649184000,1.86118408203125,-0.9501361846923828,0.13602328300476074,0.4639270603656769
1696958190659197400,1.871197509765625,2.3234472274780273,0.29722142219543457,0.7357373237609863
1696958190669211000,1.8812109375,-2.187178134918213,-0.16879063844680786,-0.8528903722763062
1696958190679224300,1.891224365234375,-0.5842885971069336,-0.11912047863006592,-0.3836309313774109
1696958190689237800,1.90123779296875,1.024862289428711,0.19357597827911377,0.3153292238712311
1696958190699251200,1.911251220703125,-0.7870273590087891,-0.24273043870925903,-0.3561510145664215
1696958190709264600,1.9212646484375,-1.4309730529785156,-0.13180017471313477,-0.6230229139328003
1696958190719278000,1.931278076171875,0.4157094955444336,-0.07292938232421875,-0.10033935308456421
1696958190729291500,1.94129150390625,-0.23907089233398438,0.1524229645729065,0.25483080744743347
1696958190739305000,1.951304931640625,-0.9294071197509766,-0.6513895988464355,-0.5836610794067383
1696958190749318400,1.961318359375,0.09541988372802734,0.07021236419677734,-0.45941251516342163
1696958190759331800,1.971331787109375,0.36162567138671875,-0.31158268451690674,0.43657875061035156
1696958190769345300,1.98134521484375,0.7839927673339844,-0.5786032676696777,0.08889204263687134
1696958190779358700,1.991358642578125,-1.0409345626831055,0.16197335720062256,0.11790117621421814
1696958190789372000,2.001371826171875,2.5246496200561523,-0.042349278926849365,0.3994177281856537
1696958190799385300,2.01138525390625,-0.07635688781738281,-0.23889243602752686,0.226843923330307
1696958190809398800,2.021398681640625,0.39090633392333984,-0.4874298870563507,-0.10407334566116333
1696958190819412200,2.031412109375,-0.46436119079589844,-0.11833709478378296,-0.12014466524124146
1696958190829425700,2.04142578125,0.8868370056152344,-0.030059516429901123,0.4275771975517273
1696958190839439000,2.051439208984375,0.7538652420043945,-0.15643107891082764,-0.08306884765625
1696958190849452500,2.06145263671875,-1.5811777114868164,-0.23955082893371582,-0.6302015781402588
1696958190859466000,2.071466064453125,1.077223777770996,-0.11431121826171875,0.12548524141311646
1696958190869479400,2.0814794921875,0.4188966751098633,-0.4627913534641266,-0.21408484876155853
1696958190879492900,2.091492919921875,-2.343386650085449,-0.35673636198043823,-0.7510497570037842
1696958190889506300,2.10150634765625,0.5904436111450195,0.20159929990768433,0.4338361918926239
1696958190899519700,2.111519775390625,1.6557741165161133,-0.18499255180358887,0.02993437647819519
1696958190909533200,2.121533203125,-2.805324077606201,-0.6466323137283325,-0.5271003246307373
1696958190919546600,2.131546630859375,0.1784687042236328,0.14135640859603882,0.18128538131713867
1696958190929560000,2.14156005859375,0.7974920272827148,0.038318753242492676,0.227565735578537
1696958190939573500,2.151573486328125,-0.6988458633422852,-0.5240600109100342,-0.3911299705505371
1696958190949587000,2.1615869140625,-0.871953010559082,-0.18778085708618164,-0.31262391805648804
1696958190959600400,2.171600341796875,0.23350238800048828,0.37720930576324463,0.18010684847831726
1696958190969613800,2.18161376953125,0.4706869125366211,-0.6023067235946655,-0.26011478900909424
1696958190979627300,2.191627197265625,-2.6929502487182617,-0.447580486536026,-0.378030925989151
1696958190989640700,2.201640625,1.2532196044921875,0.2323085069656372,-0.4200330376625061
1696958190999654100,2.211654052734375,-0.22099685668945312,-0.250135600566864,-0.010999113321304321
1696958191009667600,2.22166748046875,-0.9785003662109375,-0.8269519805908203,-0.6089873909950256
1696958191019681000,2.231680908203125,0.28023815155029297,0.20197534561157227,-0.5297441482543945
1696958191029694500,2.241694580078125,-0.32190418243408203,-0.41360270977020264,-0.32464227080345154
1696958191039708000,2.2517080078125,-0.34422779083251953,-0.06247478723526001,-0.031716763973236084
1696958191049721300,2.261721435546875,0.5396690368652344,-0.5728635787963867,-0.5322802662849426
1696958191059734800,2.27173486328125,-1.904526710510254,-0.36027514934539795,-0.07084459066390991
1696958191069748200,2.281748291015625,2.630049705505371,0.11065548658370972,-0.12880119681358337
1696958191079761700,2.29176171875,-2.703899383544922,-0.7725703716278076,-0.19753775000572205
1696958191089775000,2.301775146484375,0.8656482696533203,0.011006057262420654,-0.1557423174381256
1696958191099788500,2.31178857421875,0.5952129364013672,-0.09067773818969727,-0.1293187141418457
1696958191109802000,2.321802001953125,-1.0245494842529297,-0.4451145827770233,-0.16454049944877625
1696958191119815400,2.3318154296875,0.09139728546142578,-0.22419536113739014,-0.12606558203697205
1696958191129828900,2.341828857421875,-0.12380313873291016,-0.22266095876693726,-0.4519197940826416
1696958191139842300,2.35184228515625,0.15336227416992188,-0.11045587062835693,-0.11883588135242462
1696958191149855700,2.361855712890625,-0.30039024353027344,-0.44473084807395935,-0.7240785956382751
1696958191159869200,2.371869140625,-1.110269546508789,-0.29090315103530884,-0.12340974807739258
1696958191169882600,2.381882568359375,1.9045524597167969,-0.37473195791244507,-0.10977017879486084
1696958191179896000,2.39189599609375,-0.8131866455078125,-0.5154131650924683,-0.0736900269985199
1696958191189909500,2.401909423828125,0.29680538177490234,-0.5622622966766357,-0.3140048086643219
1696958191199923000,2.4119228515625,0.26215076446533203,-0.1582571268081665,0.6201255321502686
1696958191209936400,2.421936279296875,1.5440921783447266,-0.7457379102706909,0.2964247167110443
1696958191219949800,2.43194970703125,-1.3439292907714844,-0.3336947560310364,-0.3175349235534668
1696958191229963500,2.441963623046875,1.270827293395996,-0.6348156332969666,0.3859628736972809
1696958191239977200,2.451977294921875,1.1989459991455078,-0.46433207392692566,0.3303000330924988
1696958191249990700,2.46199072265625,-1.9982166290283203,-0.853489875793457,-0.006739318370819092
1696958191260004000,2.472004150390625,1.8456354141235352,-0.09812456369400024,-0.37034860253334045
1696958191270017500,2.482017578125,-0.9576711654663086,-0.4714951813220978,0.4259387254714966
1696958191280031000,2.492031005859375,0.05263042449951172,-0.6080109477043152,-0.2973151206970215
1696958191290044400,2.50204443359375,-1.002079963684082,-0.3486395478248596,-0.5033876299858093
1696958191300057900,2.512057861328125,-0.3921775817871094,-0.3328093886375427,0.10235342383384705
1696958191310071300,2.5220712890625,-0.31906795501708984,-0.8715092539787292,-0.2476685792207718
1696958191320084700,2.532084716796875,-2.875401496887207,-0.305749773979187,-0.20130959153175354
1696958191330098200,2.54209814453125,1.6784391403198242,-0.19509559869766235,-0.3872704803943634
1696958191340111600,2.552111572265625,-1.7542028427124023,-0.3379114866256714,0.08273056149482727
1696958191350125000,2.562125,0.23264503479003906,-0.978454053401947,-0.14539873600006104
1696958191360138500,2.572138427734375,-1.1235713958740234,-0.34429195523262024,-0.4394795894622803
1696958191370152000,2.58215185546875,0.5125961303710938,-0.14603263139724731,0.21551480889320374
1696958191380165400,2.592165283203125,-1.1788606643676758,-0.9510311484336853,-0.046278923749923706
1696958191390178800,2.6021787109375,0.19011592864990234,-0.07721388339996338,-0.4574826955795288
1696958191400192300,2.612192138671875,0.3468284606933594,-0.5864167213439941,-0.11383399367332458
1696958191410205700,2.622205810546875,-0.31346607208251953,-0.5793912410736084,-0.35241246223449707
1696958191420219100,2.63221923828125,0.4177713394165039,-0.9186873435974121,-0.5853708982467651
1696958191430232600,2.642232666015625,-0.8009223937988281,-0.6062713265419006,-0.42966601252555847
1696958191440246000,2.65224609375,1.6693153381347656,-0.8158326148986816,-0.017888188362121582
1696958191450259500,2.662259521484375,1.0902204513549805,-0.6542928814888,-0.09675222635269165
1696958191460273000,2.67227294921875,0.01694965362548828,-0.6686919331550598,0.17687484622001648
1696958191470286300,2.682286376953125,1.4437475204467773,-0.8401709198951721,0.4521646797657013
1696958191480300300,2.69230029296875,1.9440765380859375,-0.4643566608428955,0.07021486759185791
1696958191490313200,2.702313232421875,-0.31590843200683594,-0.6546793580055237,-0.29889899492263794
1696958191500326100,2.712326171875,0.42483997344970703,-0.2334531545639038,-0.3176315426826477
1696958191510339000,2.722339111328125,1.1918973922729492,-0.3070685565471649,0.242331862449646
1696958191520352000,2.73235205078125,0.6719655990600586,-0.843816339969635,-0.00046056509017944336
1696958191530365000,2.742364990234375,-0.4710960388183594,-0.5050435662269592,-0.5674914121627808
1696958191540377900,2.7523779296875,0.11297988891601562,-0.5106606483459473,-0.2017599195241928
1696958191550391000,2.76239111328125,1.5402297973632812,-0.31738707423210144,0.5877125263214111
1696958191560404500,2.772404541015625,0.6038436889648438,-0.7083566784858704,-0.3698562681674957
1696958191570417700,2.782417724609375,-1.469614028930664,-0.48985448479652405,-0.03708237409591675
1696958191580431400,2.792431396484375,1.6672544479370117,-0.248915433883667,0.6273303031921387
1696958191590444800,2.80244482421875,0.7116575241088867,-0.8891823291778564,-0.17509925365447998
1696958191600458500,2.81245849609375,-1.7729425430297852,-0.16194534301757812,-0.6734300851821899
1696958191610472200,2.82247216796875,1.0263690948486328,-0.1251920461654663,0.46565645933151245
1696958191620486100,2.832486083984375,-0.10352802276611328,-0.11559915542602539,0.1634160876274109
1696958191630499800,2.842499755859375,-0.6282386779785156,-0.5461807250976562,-0.9475680589675903
1696958191640513800,2.852513671875,-1.5992670059204102,0.15395140647888184,0.1563359797000885
1696958191650527700,2.86252783203125,0.36859798431396484,0.2577325701713562,0.33126914501190186
1696958191660541400,2.87254150390625,-1.2412786483764648,-0.3203641474246979,-0.28829270601272583
1696958191670555100,2.88255517578125,-1.7905340194702148,0.1637730598449707,-0.511261522769928
1696958191680568600,2.892568603515625,-0.2419757843017578,-0.22002148628234863,0.3996254801750183
1696958191690582000,2.90258203125,-1.9263195991516113,0.056967198848724365,-0.03633418679237366
1696958191700595500,2.912595458984375,-0.7596092224121094,-0.2810801565647125,-0.6263662576675415
1696958191710609000,2.92260888671875,-2.29404354095459,0.8086107969284058,-0.3571346402168274
1696958191720622300,2.932622314453125,-0.5482854843139648,-0.0077231526374816895,0.33269211649894714
1696958191730635800,2.9426357421875,-2.575655937194824,-0.03958690166473389,-0.3592120409011841
1696958191740649200,2.952649169921875,-2.0418810844421387,0.4811585545539856,-0.5457808971405029
1696958191750662700,2.96266259765625,-2.693779945373535,0.6887527108192444,-0.334556519985199
1696958191760676000,2.972676025390625,-2.9046273231506348,0.40698176622390747,-0.7742919921875
1696958191770689500,2.982689453125,-4.136500358581543,0.8183882832527161,-1.2274919748306274
1696958191780703000,2.992702880859375,-6.567327499389648,0.6922849416732788,-0.4933930039405823
1696958191790716400,3.00271630859375,-1.126347541809082,-0.09058570861816406,1.0355963706970215
1696958191800729900,3.012729736328125,0.6288671493530273,-0.7724329233169556,-0.08635637164115906
1696958191810743300,3.022743408203125,2.306486129760742,-0.611836314201355,0.44662904739379883
1696958191820756700,3.0327568359375,1.7584352493286133,-1.8698182106018066,0.8894789218902588
1696958191830770200,3.042770263671875,1.4554986953735352,1.783341884613037,1.723777174949646
1696958191840783600,3.05278369140625,-1.7780838012695312,-1.0376334190368652,1.9292335510253906
1696958191850797000,3.062797119140625,-2.7528586387634277,-1.283719539642334,0.7521671056747437
1696958191860810500,3.072810546875,6.599676132202148,-2.3685290813446045,0.7309950590133667
1696958191870824000,3.082823974609375,2.7717790603637695,-1.0637513399124146,0.563927173614502
1696958191880837400,3.09283740234375,4.728646278381348,-0.42063361406326294,-0.6784219145774841
1696958191890850800,3.102850830078125,-2.029938220977783,-1.5342016220092773,-1.223201870918274
1696958191900864300,3.1128642578125,3.3529109954833984,-1.3799049854278564,0.5004523396492004
1696958191910877700,3.122877685546875,4.17750358581543,-1.2341653108596802,0.437610924243927
1696958191920891100,3.13289111328125,-1.2896862030029297,-2.3218510150909424,1.0799217224121094
1696958191930904600,3.142904541015625,5.824554443359375,-0.29829561710357666,1.2149025201797485
1696958191940918000,3.15291796875,3.1746864318847656,-0.14188805222511292,-0.6485201716423035
1696958191950931500,3.162931396484375,-0.04470539093017578,-0.5027651190757751,-1.1113828420639038
1696958191960945000,3.17294482421875,3.288689613342285,-1.0740464925765991,-0.7909067869186401
1696958191970958300,3.182958251953125,3.5509214401245117,-0.06895008683204651,0.4813738167285919
1696958191980971800,3.1929716796875,2.732937812805176,0.5884143114089966,0.4829581379890442
1696958191990985200,3.202985107421875,1.4730710983276367,-0.4584607481956482,0.31296202540397644
1696958192000998700,3.21299853515625,-0.9524068832397461,-0.8146013021469116,0.22146204113960266
1696958192011012000,3.22301220703125,2.2170000076293945,-0.7289435863494873,-0.5977904796600342
1696958192021025500,3.233025634765625,-0.08663749694824219,-0.4236285984516144,-1.284436821937561
1696958192031039000,3.2430390625,0.6496047973632812,-0.14546814560890198,-0.4109407365322113
1696958192041052400,3.253052490234375,1.6224298477172852,0.22494542598724365,-0.40128880739212036
1696958192051065900,3.26306591796875,-0.5122280120849609,-0.20049652457237244,-1.0863690376281738
1696958192061079300,3.273079345703125,-0.9827594757080078,-0.8398022651672363,-0.6941192746162415
1696958192071092700,3.2830927734375,0.13849735260009766,-0.5880182981491089,-0.015143126249313354
1696958192081106200,3.293106201171875,2.0442581176757812,-0.07153761386871338,-1.0906500816345215
1696958192091119600,3.30311962890625,-0.8458642959594727,0.21155387163162231,-1.0047743320465088
1696958192101133000,3.313133056640625,-0.5178489685058594,-0.4266183078289032,-0.29886361956596375
1696958192111146500,3.323146484375,-0.09988594055175781,-0.4620790183544159,0.18477633595466614
1696958192121160000,3.333159912109375,-0.8058338165283203,-0.4227088689804077,-0.9520697593688965
1696958192131173400,3.34317333984375,-0.9601430892944336,0.3407922387123108,-1.1274698972702026
1696958192141186800,3.353186767578125,-0.7843284606933594,-0.45622575283050537,-0.29784107208251953
1696958192151200300,3.3632001953125,1.129471778869629,-0.304239958524704,-0.541002631187439
1696958192161213700,3.373213623046875,-2.698904514312744,-0.0126723051071167,-0.9803746342658997
1696958192171227100,3.38322705078125,0.33849430084228516,0.22854560613632202,-0.27108991146087646
1696958192181240600,3.393240478515625,-0.7697772979736328,-0.0398564338684082,0.15036135911941528
1696958192191254000,3.40325390625,0.07387447357177734,-0.32774612307548523,-0.45666152238845825
1696958192201267500,3.413267333984375,-2.538154125213623,0.4139634966850281,-0.29571768641471863
1696958192211281000,3.423281005859375,1.0381278991699219,-0.11811709403991699,0.6974901556968689
1696958192221294300,3.43329443359375,-0.5691184997558594,0.08219647407531738,0.23110681772232056
1696958192231307800,3.443307861328125,-1.2121496200561523,-0.32791826128959656,-0.6628456115722656
1696958192241321200,3.4533212890625,-1.7046213150024414,0.24070465564727783,-0.13744816184043884
1696958192251334700,3.463334716796875,0.29749584197998047,0.05908000469207764,0.3365733325481415
1696958192261348000,3.47334814453125,-0.7204666137695312,-0.37056776881217957,0.014352798461914062
1696958192271361500,3.483361572265625,-2.031735420227051,-0.558997631072998,-0.00836557149887085
1696958192281375000,3.493375,0.29615116119384766,-0.06577736139297485,0.4152616560459137
1696958192291388400,3.503388427734375,-0.8461399078369141,-0.21900969743728638,0.576518714427948
1696958192301401900,3.51340185546875,-0.4901008605957031,-0.49326983094215393,0.45046502351760864
1696958192311415300,3.523415283203125,-0.5364246368408203,-0.4237200915813446,0.05498158931732178
1696958192321428700,3.5334287109375,-0.4152555465698242,-0.16289609670639038,0.712661862373352
1696958192331442200,3.543442138671875,0.9520769119262695,-0.2639003098011017,0.6411070823669434
1696958192341455600,3.55345556640625,-1.3484077453613281,-0.3405303657054901,-0.2257717251777649
1696958192351469000,3.563468994140625,-1.2538175582885742,-0.5342410802841187,0.6125457882881165
1696958192361482500,3.573482421875,2.5142059326171875,0.03185957670211792,0.6108627319335938
1696958192371496000,3.583495849609375,-1.610952377319336,-0.7279115319252014,-0.1705041527748108
1696958192381509400,3.59350927734375,-1.945497989654541,-0.11866742372512817,0.5235162377357483
1696958192391522800,3.603522705078125,2.273509979248047,-0.45613232254981995,0.8864157199859619
1696958192401536300,3.613536376953125,-1.4590234756469727,-0.04070544242858887,0.5653557777404785
1696958192411549700,3.6235498046875,0.522608757019043,-0.7388243675231934,-0.2044905424118042
1696958192421563100,3.633563232421875,-2.583979606628418,-0.265693336725235,0.4099724292755127
1696958192431576600,3.64357666015625,2.143374443054199,-0.7200233936309814,0.9172683358192444
1696958192441590000,3.653590087890625,-0.6526975631713867,-0.5315521359443665,-0.020825982093811035
1696958192451603500,3.663603515625,-0.8802070617675781,-0.36133214831352234,-0.041960716247558594
1696958192461617000,3.673616943359375,0.5127162933349609,-0.048125386238098145,0.6709378361701965
1696958192471630300,3.68363037109375,0.6069145202636719,-0.7383509874343872,0.4274473190307617
1696958192481643800,3.693643798828125,-1.7596588134765625,0.004450023174285889,-0.8688482642173767
1696958192491657200,3.7036572265625,-0.22091388702392578,-0.5656498670578003,0.3018382787704468
1696958192501670700,3.713670654296875,1.070134162902832,-0.1888675093650818,0.06376558542251587
1696958192511684000,3.72368408203125,-1.8229503631591797,-1.0125021934509277,-0.22630655765533447
1696958192521697500,3.733697509765625,-0.6040639877319336,-0.04845857620239258,-0.4175722599029541
1696958192531711000,3.7437109375,-0.24795818328857422,-0.6103172302246094,0.11493104696273804
1696958192541724400,3.753724365234375,-1.1543502807617188,-0.6928026080131531,-0.3995116055011749
1696958192551737900,3.76373779296875,-0.7106571197509766,-1.2982733249664307,-0.7634117007255554
1696958192561751300,3.773751220703125,-2.890794277191162,-1.1658223867416382,0.1826554536819458
1696958192571764700,3.7837646484375,2.2069406509399414,-1.6176553964614868,0.5296249985694885
1696958192581778200,3.793778076171875,-1.1752395629882812,-0.015762031078338623,0.9287744760513306
1696958192591791600,3.80379150390625,3.019174575805664,0.8191879987716675,0.9418292045593262
1696958192601805000,3.81380517578125,1.8417415618896484,-1.4216011762619019,0.7057284116744995
1696958192611818500,3.823818603515625,-1.8125972747802734,-0.9301987290382385,0.6149676442146301
1696958192621832000,3.83383203125,2.703120231628418,0.7534711360931396,0.004198849201202393
1696958192631845400,3.843845458984375,-0.5758419036865234,0.9858450889587402,0.13062959909439087
1696958192641858800,3.85385888671875,0.02329730987548828,-0.7710323333740234,0.23364204168319702
1696958192651872300,3.863872314453125,-0.21996593475341797,-1.0017589330673218,-0.4227674901485443
1696958192661885700,3.8738857421875,0.1822977066040039,0.34394770860671997,0.23026371002197266
1696958192671899100,3.883899169921875,2.690805435180664,0.6883877515792847,0.04732063412666321
1696958192681912300,3.893912353515625,-2.381326198577881,-0.40801119804382324,-0.6036760210990906
1696958192691925800,3.90392578125,0.54901123046875,-1.206752061843872,0.5450161695480347
1696958192701939200,3.913939208984375,0.8295164108276367,0.5945113301277161,0.18205761909484863
1696958192711952600,3.92395263671875,-1.0701179504394531,1.713658332824707,-0.7181377410888672
1696958192721966000,3.933966064453125,1.287801742553711,0.305458664894104,-0.56546950340271
1696958192731979500,3.9439794921875,0.6578350067138672,0.2769618034362793,-0.19845044612884521
1696958192741993000,3.953992919921875,1.0949668884277344,0.17023473978042603,-0.1786411702632904
1696958192752006400,3.96400634765625,-1.7757339477539062,0.4267163872718811,0.03514087200164795
1696958192762019800,3.974019775390625,2.4518165588378906,-0.24779140949249268,0.41319993138313293
1696958192772033300,3.984033203125,0.7008380889892578,0.44089066982269287,0.05032572150230408
1696958192782046700,3.994046630859375,-0.5257110595703125,0.48320358991622925,-0.7220263481140137
1696958192792060400,4.004060302734375,0.8938388824462891,-0.22310835123062134,-0.07375600934028625
1696958192802073900,4.014073974609375,1.2299118041992188,-0.48886415362358093,0.443098783493042
1696958192812087300,4.02408740234375,0.2125720977783203,-0.5484119653701782,-0.3377196788787842
1696958192822100700,4.034100830078125,-0.018400192260742188,0.25300663709640503,-0.5930752754211426
1696958192832114200,4.0441142578125,1.7202625274658203,-0.11981624364852905,-0.20767073333263397
1696958192842128000,4.0541279296875,-0.7078027725219727,-0.1865173578262329,-0.707763671875
1696958192852141300,4.064141357421875,-0.8790712356567383,-0.16949748992919922,-0.8769818544387817
1696958192862154800,4.07415478515625,0.613520622253418,0.22320836782455444,0.14960885047912598
1696958192872168200,4.084168212890625,1.7391204833984375,-0.48630157113075256,-0.369769424200058
1696958192882181600,4.094181640625,-1.950355052947998,-0.02886289358139038,-0.6318466067314148
1696958192892195300,4.1041953125,0.3716115951538086,-0.2272847294807434,0.08249938488006592
1696958192902208800,4.114208740234375,0.6474409103393555,0.14071577787399292,-0.020621955394744873
1696958192912222200,4.12422216796875,-0.8027973175048828,-0.2906074821949005,-0.3612147569656372
1696958192922235600,4.134235595703125,-0.8872585296630859,0.08925813436508179,-0.30354949831962585
1696958192932249000,4.1442490234375,-0.08734703063964844,0.005197048187255859,0.4832358956336975
1696958192942262800,4.1542626953125,0.5528469085693359,-0.3628840148448944,-0.21905899047851562
1696958192952276200,4.164276123046875,-2.3305654525756836,-0.16621017456054688,-0.486730694770813
1696958192962289700,4.17428955078125,0.365478515625,-0.12527185678482056,0.10362771153450012
1696958192972303000,4.18430322265625,-0.5530929565429688,0.11073154211044312,0.19385981559753418
1696958192982316500,4.194316650390625,-1.264108657836914,-0.3338640034198761,-0.5286118388175964
1696958192992330000,4.204330078125,-1.3231620788574219,-0.04796475172042847,-0.06657224893569946
1696958193002343700,4.21434375,0.36229419708251953,-0.02535480260848999,0.5461559891700745
1696958193012357000,4.224357177734375,-1.292226791381836,-0.40255647897720337,-0.27573657035827637
1696958193022370600,4.23437060546875,-0.9689807891845703,0.25781911611557007,-0.3402913808822632
1696958193032384000,4.244384033203125,0.9929227828979492,0.05627375841140747,0.11273044347763062
1696958193042397400,4.2543974609375,-1.7955312728881836,-0.1731175184249878,0.328446626663208
1696958193052411100,4.2644111328125,-0.1903371810913086,-0.0026701688766479492,-0.4404914379119873
1696958193062424600,4.274424560546875,-0.7392568588256836,0.3454859256744385,0.2554782032966614
1696958193072438000,4.28443798828125,1.3605527877807617,-0.1801285743713379,0.22978442907333374
1696958193082451500,4.294451416015625,-1.5769710540771484,-0.1729028820991516,-0.04752323031425476
1696958193092465000,4.30446484375,0.44842052459716797,0.4423765540122986,0.2074020504951477
1696958193102478600,4.314478515625,0.6242580413818359,-0.036139488220214844,0.2484513521194458
1696958193112492000,4.324491943359375,-1.1311750411987305,-0.22583255171775818,0.28860563039779663
1696958193122505500,4.33450537109375,0.36270904541015625,0.36524081230163574,0.06596571207046509
1696958193132519000,4.344518798828125,0.2279214859008789,0.21637427806854248,0.334578275680542
1696958193142532400,4.354532470703125,1.307546615600586,-0.21241244673728943,0.4401020407676697
1696958193152545800,4.3645458984375,-2.107912540435791,0.28857290744781494,-0.04651367664337158
1696958193162559200,4.374559326171875,1.1851062774658203,0.10345339775085449,0.5233364105224609
1696958193172572700,4.38457275390625,0.7092132568359375,0.21805894374847412,0.4627220034599304
1696958193182586000,4.394586181640625,-1.070444107055664,-0.3179002106189728,-0.27196431159973145
1696958193192599600,4.404599609375,-0.10721397399902344,0.6485680341720581,0.19703057408332825
1696958193202613000,4.414613037109375,1.451035499572754,-0.06285607814788818,0.07530650496482849
1696958193212626400,4.42462646484375,-1.0996313095092773,-0.20300725102424622,-0.2697029113769531
1696958193222639900,4.434639892578125,-0.4612874984741211,0.012594878673553467,-0.38359230756759644
1696958193232653300,4.4446533203125,0.4098339080810547,0.671012818813324,-0.06018245220184326
1696958193242666800,4.454666748046875,0.21328067779541016,-0.37137195467948914,0.0037857890129089355
1696958193252680200,4.46468017578125,-1.7035512924194336,0.3659887909889221,-0.2899256646633148
1696958193262693600,4.474693603515625,2.004434585571289,-0.03604096174240112,0.05880296230316162
1696958193272707000,4.48470703125,-0.29874610900878906,0.36064034700393677,-0.10262453556060791
1696958193282720500,4.494720458984375,-0.6277675628662109,0.012190103530883789,-0.08960369229316711
1696958193292734000,4.50473388671875,0.7549686431884766,0.336294949054718,0.29811766743659973
1696958193302747400,4.514747314453125,0.6577348709106445,0.371442973613739,0.0665205717086792
1696958193312760800,4.5247607421875,-1.518448829650879,-0.3802511394023895,-0.19366323947906494
1696958193322774300,4.534774169921875,1.2951793670654297,0.5786716938018799,0.1663018763065338
1696958193332787700,4.54478759765625,1.0580549240112305,0.18513929843902588,0.028904974460601807
1696958193342801200,4.55480126953125,-2.9590797424316406,0.1091010570526123,-0.44260284304618835
1696958193352814600,4.564814697265625,2.7540159225463867,-0.06923812627792358,-0.37632623314857483
1696958193362828000,4.574828125,-1.9595274925231934,0.11876994371414185,-0.06569090485572815
1696958193372841500,4.584841552734375,-0.3110933303833008,0.2883174419403076,-0.20150873064994812
1696958193382855000,4.59485498046875,0.6934347152709961,0.024529635906219482,-0.22065497934818268
1696958193392868400,4.604868408203125,-0.24485015869140625,0.26981520652770996,0.18089160323143005
1696958193402881800,4.6148818359375,-0.492584228515625,0.12884408235549927,0.12233865261077881
1696958193412895200,4.624895263671875,-0.4056434631347656,-0.3181822597980499,-0.19069579243659973
1696958193422908700,4.63490869140625,1.4499034881591797,0.6849856972694397,0.3265337347984314
1696958193432922000,4.644922119140625,-1.3683538436889648,0.14134877920150757,0.27694201469421387
1696958193442935600,4.654935546875,0.21636390686035156,0.30911606550216675,-0.07468047738075256
1696958193452949000,4.664948974609375,1.3440132141113281,0.14659637212753296,0.4644135534763336
1696958193462962400,4.67496240234375,-3.008213520050049,0.3867097496986389,0.16931584477424622
1696958193472976000,4.684975830078125,1.7871465682983398,-0.19240057468414307,-0.16340205073356628
1696958193482989300,4.6949892578125,-1.1129226684570312,0.7453043460845947,0.06804993748664856
1696958193493002800,4.705002685546875,-0.9144840240478516,0.14615368843078613,0.21446216106414795
1696958193503016200,4.71501611328125,-0.4489870071411133,0.4766731858253479,-0.1341761350631714
1696958193513029600,4.725029541015625,0.09691238403320312,0.3766266703605652,-0.18338161706924438
1696958193523043000,4.73504296875,-2.8089632987976074,0.1809675097465515,0.0018690824508666992
1696958193533056500,4.745056396484375,1.2739505767822266,0.4125211238861084,0.17475497722625732
1696958193543070000,4.755070068359375,-0.2249431610107422,0.31803470849990845,-0.564757227897644
1696958193553083400,4.76508349609375,-3.3500146865844727,0.03621166944503784,-0.19540905952453613
1696958193563096800,4.775096923828125,2.4833898544311523,0.023366808891296387,-0.4033278822898865
1696958193573110300,4.7851103515625,-1.536820411682129,0.5461387038230896,-0.7874680757522583
1696958193583123700,4.795123779296875,-2.020841598510742,-0.10099267959594727,-1.1965473890304565
1696958193593137200,4.80513720703125,0.1299915313720703,0.36993664503097534,-0.9106501340866089
1696958193603150600,4.815150634765625,-1.2940607070922852,0.4960712790489197,-0.8633830547332764
1696958193613164000,4.8251640625,-0.8607349395751953,-0.788405179977417,-0.20181548595428467
1696958193623177500,4.835177490234375,3.2465438842773438,-0.8149792551994324,-0.5565616488456726
1696958193633191000,4.84519091796875,-0.8566074371337891,0.04505044221878052,-1.6620646715164185
1696958193643204400,4.855204345703125,-2.952216148376465,-1.1148357391357422,0.10580003261566162
1696958193653217800,4.8652177734375,7.133735656738281,-0.5527791380882263,-0.6501926779747009
1696958193663231200,4.875231201171875,-1.0598039627075195,-0.7645663022994995,-0.09603667259216309
1696958193673244700,4.88524462890625,0.8255481719970703,-0.5107470750808716,0.8719394207000732
1696958193683258000,4.895258056640625,3.7533187866210938,-0.1409820318222046,1.2514281272888184
1696958193693271600,4.905271484375,-0.3082246780395508,0.9381469488143921,-0.38241642713546753
1696958193703285000,4.915284912109375,-0.16423320770263672,0.45566022396087646,-0.6398834586143494
1696958193713298400,4.92529833984375,0.4053354263305664,0.2488788366317749,-0.311679482460022
1696958193723311900,4.935311767578125,1.145359992980957,0.013442754745483398,-0.2866261601448059
1696958193733325600,4.94532568359375,1.295750617980957,-0.3611506223678589,0.14541983604431152
1696958193743339000,4.955339111328125,0.1892843246459961,-0.27165815234184265,1.1675803661346436
1696958193753352400,4.9653525390625,0.08861351013183594,-0.4682650864124298,0.6903531551361084
1696958193763366000,4.975365966796875,1.5938701629638672,-0.7162666320800781,0.7068195343017578
1696958193773379300,4.98537939453125,1.5998811721801758,0.035822153091430664,0.6983303427696228
1696958193783393000,4.99539306640625,0.04780769348144531,-0.4827529191970825,1.5303118228912354
1696958193793406500,5.005406494140625,2.1216888427734375,0.34284716844558716,1.7550221681594849
1696958193803420000,5.015419921875,2.259892463684082,0.23959970474243164,1.1347920894622803
1696958193813433300,5.025433349609375,-2.4768142700195312,0.15359371900558472,0.7044088244438171
1696958193823446800,5.03544677734375,0.611180305480957,-0.37174034118652344,0.9896530508995056
1696958193833460500,5.04546044921875,-1.8461503982543945,1.263387680053711,1.3566336631774902
1696958193843474000,5.055473876953125,0.5135068893432617,0.8758826851844788,0.1577199101448059
1696958193853487400,5.0654873046875,-0.04661273956298828,0.8225754499435425,0.8692410588264465
1696958193863500800,5.075500732421875,-0.2760162353515625,0.21719437837600708,0.5027398467063904
1696958193873514200,5.08551416015625,-5.016238212585449,-0.4373261034488678,0.5189258456230164
1696958193883528000,5.09552783203125,0.7353219985961914,0.3793102502822876,0.34625476598739624
1696958193893541400,5.105541259765625,-0.49916744232177734,0.13005852699279785,0.21776574850082397
1696958193903554800,5.115554931640625,-2.113448143005371,0.08985090255737305,0.23165959119796753
1696958193913568300,5.125568359375,4.151939392089844,0.5228791832923889,-0.29084885120391846
1696958193923581700,5.135581787109375,-3.8196287155151367,0.06423181295394897,-0.7345343232154846
1696958193933595100,5.14559521484375,-1.4545421600341797,-0.7933148741722107,0.1790541410446167
1696958193943608800,5.15560888671875,2.1238107681274414,0.5409477949142456,0.07090973854064941
1696958193953622300,5.165622314453125,-2.2730283737182617,0.7989928722381592,-0.002747833728790283
1696958193963635700,5.1756357421875,1.2732229232788086,0.14189434051513672,-0.25473880767822266
1696958193973649200,5.185649169921875,1.351405143737793,-0.02240884304046631,-0.5775963664054871
1696958193983662600,5.19566259765625,-2.8191356658935547,0.1387426257133484,-0.5953450798988342
1696958193993676300,5.20567626953125,1.5026626586914062,0.07473587989807129,-0.5714594125747681
1696958194003689700,5.215689697265625,-0.010947227478027344,-0.13745158910751343,-0.5474460124969482
1696958194013703200,5.225703125,-2.0038223266601562,-0.17472690343856812,-0.08687281608581543
1696958194023716600,5.235716552734375,2.2253236770629883,0.5194913148880005,-0.40821728110313416
1696958194033730000,5.24572998046875,0.4804964065551758,0.014276862144470215,-0.9426339268684387
1696958194043743700,5.25574365234375,-3.148015022277832,-0.3762485086917877,-0.5252962708473206
1696958194053757200,5.265757080078125,2.2310333251953125,-0.07823115587234497,-0.6319265961647034
1696958194063770600,5.2757705078125,-1.5492897033691406,0.110545814037323,-0.5127626061439514
1696958194073784000,5.2857841796875,-0.981806755065918,-0.4452769160270691,-0.5155065059661865
1696958194083797500,5.295797607421875,2.088864326477051,0.2792138457298279,-0.2920016646385193
1696958194093811200,5.305811279296875,-0.5489645004272461,0.5655295252799988,-0.1772882640361786
1696958194103824600,5.31582470703125,-1.2600030899047852,-0.5753803849220276,-0.48467639088630676
1696958194113838000,5.325838134765625,1.218801498413086,0.08849334716796875,-0.3162752389907837
1696958194123851500,5.3358515625,-0.5566110610961914,0.5237690806388855,-0.001755833625793457
1696958194133865000,5.345864990234375,-0.8565587997436523,-0.27282485365867615,0.06136876344680786
1696958194143878700,5.355878662109375,1.7981338500976562,0.5810347199440002,0.2514638304710388
1696958194153892000,5.36589208984375,-0.5524988174438477,-0.010932385921478271,0.09997519850730896
1696958194163905500,5.375905517578125,-1.4545469284057617,-0.018837392330169678,0.015267044305801392
1696958194173919000,5.3859189453125,1.985250473022461,0.6596590876579285,0.27206143736839294
1696958194183932400,5.395932373046875,-2.1723122596740723,-0.12981057167053223,-0.07788214087486267
1696958194193946000,5.405946044921875,-0.2509336471557617,0.44901537895202637,-0.05787646770477295
1696958194203959600,5.41595947265625,1.3700475692749023,0.2873271703720093,0.02712950110435486
1696958194213973000,5.425972900390625,-3.068120002746582,0.22424882650375366,-0.03293362259864807
1696958194223986400,5.435986328125,2.0046863555908203,-0.05231595039367676,-0.19285961985588074
1696958194234000000,5.445999755859375,-0.5229358673095703,0.6488093137741089,0.10459816455841064
1696958194244013300,5.456013427734375,-3.3079285621643066,0.0796319842338562,0.29907453060150146
1696958194254027000,5.466027099609375,2.0427303314208984,0.3599271774291992,0.05962651968002319
1696958194264040400,5.47604052734375,0.021269798278808594,0.232219398021698,-0.09221503138542175
1696958194274054000,5.486053955078125,-1.756669044494629,0.2549901008605957,0.24304038286209106
1696958194284067300,5.4960673828125,1.7358341217041016,0.096443772315979,0.0741497278213501
1696958194294080800,5.506080810546875,-0.48082542419433594,0.24106097221374512,0.19157320261001587
1696958194304094500,5.516094482421875,-1.9327635765075684,-0.02076435089111328,0.2788010835647583
1696958194314108000,5.52610791015625,3.089512825012207,0.2635120153427124,0.11213928461074829
1696958194324121300,5.536121337890625,-0.4352302551269531,0.1226586103439331,0.2515643835067749
1696958194334134800,5.546134765625,-0.6783342361450195,-0.6670728921890259,-0.19977831840515137
1696958194344148200,5.556148193359375,1.0626811981201172,0.08229327201843262,0.22252827882766724
1696958194354162000,5.566161865234375,1.1081218719482422,-0.025698304176330566,0.2198747992515564
1696958194364175400,5.57617529296875,-1.8484010696411133,-0.14299654960632324,0.09389698505401611
1696958194374188800,5.586188720703125,4.067607879638672,-0.06432127952575684,0.41045209765434265
1696958194384202200,5.5962021484375,-1.4186334609985352,-0.12074500322341919,0.23786425590515137
1696958194394215700,5.606215576171875,-0.5553445816040039,-0.21953672170639038,0.5052102208137512
1696958194404229400,5.6162294921875,3.45101261138916,0.017838478088378906,0.195215106010437
1696958194414242800,5.626242919921875,-3.280959129333496,-0.09831321239471436,0.3387645184993744
1696958194424256300,5.63625634765625,2.0887136459350586,-0.6877771019935608,0.0336989164352417
1696958194434269700,5.646269775390625,1.2528009414672852,0.5065281987190247,0.20660287141799927
1696958194444283100,5.656283203125,-1.9039969444274902,0.02386474609375,-0.14653828740119934
1696958194454296600,5.666296630859375,0.036235809326171875,-0.2557406425476074,-0.08487308025360107
1696958194464310000,5.67631005859375,1.948465347290039,0.506105363368988,-0.5738143920898438
1696958194474323500,5.686323486328125,-4.100794315338135,0.2239910364151001,-0.45028990507125854
1696958194484337000,5.6963369140625,0.9320545196533203,-0.3619207441806793,-0.8140326738357544
1696958194494350300,5.706350341796875,0.24787139892578125,0.8427979946136475,-0.8236249685287476
1696958194504363500,5.716363525390625,-2.3851470947265625,-1.187093734741211,-0.7872049808502197
1696958194514377000,5.726376953125,2.0418701171875,-0.31767168641090393,-0.12049400806427002
1696958194524390400,5.736390380859375,0.3560142517089844,0.26701509952545166,-0.047956228256225586
1696958194534403800,5.74640380859375,-2.5927209854125977,0.3011454939842224,0.18672794103622437
1696958194544417300,5.756417236328125,3.210850715637207,0.8277056217193604,0.6488063931465149
1696958194554430700,5.7664306640625,0.3364753723144531,1.0935229063034058,-0.11260449886322021
1696958194564444200,5.776444091796875,-2.4121313095092773,-0.11810195446014404,0.10236185789108276
1696958194574457600,5.78645751953125,3.232595443725586,-0.50248122215271,-0.996634840965271
1696958194584471000,5.796470947265625,-3.8041491508483887,0.9349796175956726,-0.3790540099143982
1696958194594484500,5.806484375,-1.2138118743896484,1.0317785739898682,0.26641571521759033
1696958194604498000,5.816497802734375,1.0973882675170898,-0.454863578081131,-0.6085466742515564
1696958194614511400,5.826511474609375,-2.1303539276123047,-1.031524896621704,-0.13388574123382568
1696958194624524800,5.83652490234375,-0.3802776336669922,0.03568077087402344,0.6142829060554504
1696958194634538200,5.846538330078125,1.4080448150634766,-0.005758523941040039,0.23720335960388184
1696958194644551700,5.8565517578125,-0.9223155975341797,-0.41680923104286194,0.5676268339157104
1696958194654565000,5.866565185546875,-0.021421432495117188,0.10576742887496948,1.2164366245269775
1696958194664578600,5.87657861328125,1.5792531967163086,1.0603790283203125,0.9269810318946838
1696958194674592000,5.886592041015625,0.44751834869384766,0.9028696417808533,0.9058926701545715
1696958194684605400,5.89660546875,-0.7346820831298828,-0.9943045973777771,0.599186360836029
1696958194694619000,5.906618896484375,1.3789901733398438,-0.11519807577133179,1.2703032493591309
1696958194704632300,5.91663232421875,-0.770024299621582,0.12480956315994263,1.4352494478225708
1696958194714645800,5.926645751953125,-1.5672893524169922,-0.00037366151809692383,0.7828018665313721
1696958194724659200,5.9366591796875,1.771824836730957,0.6090113520622253,0.9914950132369995
1696958194734673000,5.9466728515625,-0.822758674621582,0.35597383975982666,1.6360054016113281
1696958194744686300,5.956686279296875,-0.028290748596191406,-1.2773282527923584,1.7186731100082397
1696958194754699800,5.96669970703125,2.29349422454834,-0.17322272062301636,0.9513792991638184
1696958194764713200,5.976713134765625,-2.3667259216308594,-0.022582828998565674,0.9485797882080078
1696958194774726700,5.9867265625,0.9641933441162109,0.30981719493865967,0.5873469710350037
1696958194784740400,5.996740234375,1.7595252990722656,0.4712621569633484,0.29633355140686035
1696958194794753800,6.00675390625,-2.1109981536865234,-0.10120916366577148,0.9656675457954407
1696958194804767200,6.016767333984375,1.8121509552001953,-0.7232253551483154,0.9248596429824829
1696958194814780700,6.02678076171875,0.9856224060058594,0.08328449726104736,0.9645994901657104
1696958194824794000,6.036794189453125,-1.047903060913086,0.7829080820083618,0.2963581085205078
1696958194834807800,6.046807861328125,-0.17639541625976562,-0.1036224365234375,0.1562538743019104
1696958194844821200,6.0568212890625,2.1227636337280273,0.2792794108390808,0.3760565519332886
1696958194854834700,6.066834716796875,-2.5182242393493652,-0.14812332391738892,0.14861059188842773
1696958194864848100,6.07684814453125,1.6593828201293945,0.2999608516693115,0.2660439610481262
1696958194874861600,6.086861572265625,1.4403657913208008,0.2979291081428528,0.2510454058647156
1696958194884875300,6.096875244140625,-2.2478528022766113,-0.11483633518218994,0.21869778633117676
1696958194894888700,6.106888671875,0.6768054962158203,-0.3606688678264618,-0.6250378489494324
1696958194904902100,6.116902099609375,-0.03659820556640625,0.4327622652053833,-0.23977720737457275
1696958194914915600,6.12691552734375,-1.1503047943115234,-0.4182530343532562,-0.4406011700630188
1696958194924929000,6.136928955078125,1.1078662872314453,0.2564253807067871,-0.14584392309188843
1696958194934942700,6.146942626953125,1.726576805114746,0.23268252611160278,-0.2727113366127014
1696958194944956200,6.1569560546875,-3.6350722312927246,-0.22895371913909912,-0.6207946538925171
1696958194954969600,6.166969482421875,1.5156478881835938,-0.06180918216705322,-0.17557942867279053
1696958194964983000,6.176983154296875,0.3031654357910156,0.08326339721679688,-0.6199056506156921
1696958194974996500,6.18699658203125,-2.708665370941162,-0.3395020067691803,-0.5354000329971313
1696958194985010200,6.19701025390625,3.0373973846435547,0.28802019357681274,-0.35335826873779297
1696958194995023600,6.207023681640625,-1.1752090454101562,-0.020864903926849365,-0.35105425119400024
1696958195005037000,6.217037109375,-1.5836572647094727,-0.268882155418396,-0.3123776912689209
1696958195015050500,6.227050537109375,2.3579206466674805,-0.02226102352142334,-0.5992765426635742
1696958195025064000,6.23706396484375,-2.822978973388672,0.3656870722770691,-0.06832140684127808
1696958195035077400,6.247077392578125,1.785501480102539,-0.7764106392860413,-0.7417174577713013
1696958195045091000,6.257091064453125,-0.6748762130737305,0.126262366771698,-0.3412902355194092
1696958195055104500,6.2671044921875,-0.5486631393432617,0.5634504556655884,0.15707993507385254
1696958195065118000,6.277117919921875,-0.20354080200195312,-0.25688302516937256,-0.560840368270874
1696958195075131400,6.28713134765625,0.35142993927001953,-0.16972291469573975,-0.28489410877227783
1696958195085144800,6.297144775390625,-0.9010677337646484,-0.08742249011993408,-0.07174426317214966
1696958195095158500,6.307158447265625,-1.5203123092651367,0.4269377589225769,-0.30565762519836426
1696958195105172000,6.317171875,1.9103755950927734,0.5952961444854736,0.5238848924636841
1696958195115185400,6.327185302734375,-1.9364724159240723,-0.3024357259273529,-0.2806214690208435
1696958195125198800,6.33719873046875,-0.07763481140136719,0.1696189045906067,0.1837787628173828
1696958195135212300,6.34721240234375,1.681600570678711,0.5625022053718567,0.4729081392288208
1696958195145226000,6.35722607421875,-2.4897379875183105,-0.12500512599945068,-0.07148462533950806
1696958195155239400,6.367239501953125,-0.12297248840332031,0.021715998649597168,0.3784041404724121
1696958195165252900,6.3772529296875,1.2780704498291016,0.7715923190116882,0.36653679609298706
1696958195175266300,6.387266357421875,-2.481393814086914,-0.0382266640663147,0.08863317966461182
1696958195185279700,6.39727978515625,1.6631746292114258,-0.055801451206207275,0.20998001098632812
1696958195195293400,6.40729345703125,-0.31888771057128906,0.5784199237823486,0.012163519859313965
1696958195205307000,6.417306884765625,-2.2822160720825195,-0.11937099695205688,0.38212519884109497
1696958195215320300,6.4273203125,3.496213912963867,0.3502662181854248,0.15548038482666016
1696958195225333800,6.437333740234375,-2.8676328659057617,0.22546595335006714,0.12808048725128174
1696958195235347200,6.44734716796875,0.1879434585571289,-0.05812555551528931,0.5125355124473572
1696958195245361000,6.45736083984375,2.558192253112793,0.766117513179779,0.18178433179855347
1696958195255374300,6.467374267578125,-2.92938232421875,0.022974491119384766,0.14291220903396606
1696958195265387800,6.4773876953125,1.4502840042114258,0.21286475658416748,0.43159323930740356
1696958195275401200,6.487401123046875,0.37638187408447266,0.3652271032333374,0.17590469121932983
1696958195285414700,6.49741455078125,-1.3879613876342773,0.12287503480911255,0.21897882223129272
1696958195295428400,6.507428466796875,1.6783876419067383,-0.17733079195022583,0.27257782220840454
1696958195305441800,6.51744189453125,-0.7389001846313477,0.3993839621543884,-0.08404415845870972
1696958195315455200,6.527455322265625,-0.24032115936279297,0.14259260892868042,-0.10125714540481567
1696958195325468700,6.53746875,1.2846002578735352,0.06243222951889038,-0.22907423973083496
1696958195335482000,6.547482177734375,-1.2511730194091797,0.084231436252594,0.04620862007141113
1696958195345495600,6.55749560546875,0.5197925567626953,-0.22141635417938232,0.11685460805892944
1696958195355509200,6.56750927734375,1.9044723510742188,0.36976778507232666,-0.029956042766571045
1696958195365522700,6.577522705078125,-2.023608684539795,-0.08985233306884766,0.04715085029602051
1696958195375536000,6.5875361328125,1.0968313217163086,0.28396087884902954,0.4445446729660034
1696958195385549600,6.597549560546875,2.4992122650146484,0.21815723180770874,0.0924004316329956
1696958195395563000,6.60756298828125,-3.1604251861572266,-0.1301012635231018,0.1929548978805542
1696958195405576700,6.61757666015625,2.3090639114379883,0.08701658248901367,0.588792622089386
1696958195415590100,6.627590087890625,1.046748161315918,0.7936204075813293,-0.2374829649925232
1696958195425603600,6.637603515625,-2.726637840270996,-0.6391305327415466,-0.04736924171447754
1696958195435617000,6.647616943359375,1.9582157135009766,0.031932830810546875,0.37136465311050415
1696958195445630500,6.65763037109375,0.22381210327148438,0.971789538860321,0.04141134023666382
1696958195455644200,6.66764404296875,-0.9768161773681641,-0.44834622740745544,-0.11141550540924072
1696958195465657600,6.67765771484375,2.518876075744629,-0.30051255226135254,-0.373175710439682
1696958195475671000,6.687671142578125,-3.5417137145996094,0.423709511756897,0.37963175773620605
1696958195485684500,6.6976845703125,1.8618354797363281,-0.09594374895095825,0.32476216554641724
1696958195495698000,6.707697998046875,0.8825206756591797,0.3427305221557617,-0.450507789850235
1696958195505711600,6.717711669921875,-2.3500146865844727,-0.22079896926879883,0.36108678579330444
1696958195515725000,6.72772509765625,1.0963201522827148,0.6760961413383484,0.6407483220100403
1696958195525738500,6.737738525390625,1.308706283569336,-0.060597002506256104,-0.011057496070861816
1696958195535752000,6.747751953125,-4.338403701782227,-0.04667532444000244,0.26448488235473633
1696958195545765400,6.757765380859375,2.5058298110961914,0.7524216175079346,1.1733791828155518
1696958195555779000,6.767779052734375,-1.117837905883789,0.35969775915145874,0.49014508724212646
1696958195565792500,6.77779248046875,-2.783514976501465,0.4565216898918152,0.9625999927520752
1696958195575806000,6.787805908203125,3.7508230209350586,0.34516680240631104,0.5821067690849304
1696958195585819400,6.7978193359375,-5.610518932342529,0.5057936310768127,1.2159388065338135
1696958195595832800,6.807832763671875,2.392240524291992,0.17855197191238403,0.8804535865783691
1696958195605846500,6.817846435546875,-1.6088037490844727,0.6456395983695984,0.6051418781280518
1696958195615860000,6.82785986328125,-1.7968578338623047,0.19510293006896973,0.567253053188324
1696958195625873400,6.837873291015625,0.5056982040405273,0.16459858417510986,0.7096221446990967
1696958195635886800,6.847886962890625,0.14072513580322266,0.33452683687210083,0.464450865983963
1696958195645900300,6.857900390625,-1.4084577560424805,-0.33509233593940735,0.06571203470230103
1696958195655913700,6.867913818359375,0.3482789993286133,0.053173720836639404,0.34315064549446106
1696958195665927400,6.877927490234375,0.39980220794677734,0.10879784822463989,-0.08615976572036743
1696958195675940900,6.88794091796875,-1.9768333435058594,-0.2645914554595947,0.44705748558044434
1696958195685954300,6.897954345703125,4.158964157104492,0.16547393798828125,0.5037037134170532
1696958195695967700,6.9079677734375,-1.5908384323120117,0.11711645126342773,-0.2518981099128723
1696958195705981200,6.917981201171875,-0.1014862060546875,-0.0737733244895935,-0.058750927448272705
1696958195715995000,6.927994873046875,2.613201141357422,0.3055412173271179,0.1818651258945465
1696958195726008300,6.93800830078125,-3.333892345428467,0.07319456338882446,0.006339281797409058
1696958195736021800,6.948021728515625,2.7332210540771484,-0.2400943636894226,0.3593016564846039
1696958195746035200,6.95803515625,1.526951789855957,0.5733967423439026,0.10630011558532715
1696958195756048600,6.968048583984375,-2.243253707885742,-0.13616949319839478,-0.4189969003200531
1696958195766062300,6.978062255859375,2.225092887878418,0.18451160192489624,-0.369493305683136
1696958195776075800,6.98807568359375,-1.2498092651367188,-0.030164718627929688,-0.1554587334394455
1696958195786089200,6.998089111328125,-0.3635406494140625,-0.4526120126247406,-0.4138980507850647
1696958195796102700,7.0081025390625,2.6097373962402344,0.23998486995697021,-0.2482435703277588
1696958195806116000,7.0181162109375,-1.3012313842773438,0.21407955884933472,-0.8751243352890015
1696958195816129800,7.0281298828125,-0.5961313247680664,-0.3543080985546112,-0.714465856552124
1696958195826143200,7.038143310546875,2.7794198989868164,0.3284459710121155,-0.28203538060188293
1696958195836156700,7.04815673828125,-3.363631248474121,-0.3337787091732025,-0.595557451248169
1696958195846170000,7.058170166015625,2.2545604705810547,-0.2437610626220703,-0.06548285484313965
1696958195856183600,7.06818359375,0.5148544311523438,0.8094988465309143,-0.06651237607002258
1696958195866197200,7.078197265625,-0.8442583084106445,-0.1856270432472229,-0.698121190071106
1696958195876210700,7.088210693359375,1.4231786727905273,0.5544825792312622,0.025142908096313477
1696958195886224100,7.09822412109375,-0.12387466430664062,-0.11825680732727051,-0.4844042658805847
1696958195896237600,7.108237548828125,-2.298229217529297,-0.3886231482028961,0.26479944586753845
1696958195906251000,7.1182509765625,4.025201797485352,0.14870339632034302,-0.13628019392490387
1696958195916264700,7.1282646484375,-1.4563531875610352,-0.1644306182861328,-0.615566611289978
1696958195926278100,7.138278076171875,0.8169307708740234,0.2618945837020874,-0.4100572466850281
1696958195936291600,7.14829150390625,2.0149335861206055,0.3397331237792969,-0.9707460403442383
1696958195946305000,7.158304931640625,-3.9635486602783203,-0.40261110663414,-0.4248553216457367
1696958195956318500,7.168318359375,4.094085693359375,-0.32258012890815735,-0.06891840696334839
1696958195966332000,7.178331787109375,-1.3536128997802734,0.015687763690948486,-0.415527880191803
1696958195976345600,7.188345703125,0.30815696716308594,0.917693018913269,0.09163299202919006
1696958195986359000,7.198359130859375,1.0008678436279297,-0.15765798091888428,-0.504133939743042
1696958195996372500,7.20837255859375,-1.9640851020812988,0.2469092607498169,0.00396353006362915
1696958196006386000,7.218385986328125,2.2849273681640625,0.27769821882247925,0.2615925073623657
1696958196016399400,7.2283994140625,-1.9735078811645508,0.32740771770477295,-0.5657364130020142
1696958196026413000,7.2384130859375,1.630263328552246,0.5950795412063599,0.3111591637134552
1696958196036426500,7.248426513671875,-0.25118255615234375,0.029898345470428467,-0.3679679036140442
1696958196046440000,7.25843994140625,-0.8762674331665039,0.5935669541358948,0.41825297474861145
1696958196056453400,7.268453369140625,-0.0037374496459960938,-0.12048554420471191,-0.0014882087707519531
1696958196066466800,7.278466796875,0.5939865112304688,0.6604470014572144,-0.2996928095817566
1696958196076480500,7.28848046875,0.5982627868652344,0.6808428764343262,0.28360092639923096
1696958196086494000,7.298493896484375,-1.2330856323242188,0.15429949760437012,0.11188319325447083
1696958196096507400,7.30850732421875,1.045241355895996,0.7910776138305664,0.23183849453926086
1696958196106520800,7.318520751953125,-0.8202810287475586,-0.12179052829742432,-0.0510830283164978
1696958196116534300,7.3285341796875,-0.8464469909667969,1.220275640487671,0.6529144644737244
1696958196126548000,7.3385478515625,0.590062141418457,0.4940526485443115,0.533452033996582
1696958196136561400,7.3485615234375,-0.6104364395141602,0.9006898999214172,0.7135429978370667
1696958196146574800,7.358574951171875,0.5529003143310547,0.2580471634864807,0.6142445206642151
1696958196156588300,7.36858837890625,-0.7337522506713867,0.6986008286476135,0.07309421896934509
1696958196166601700,7.378601806640625,-0.6453151702880859,0.4626855254173279,0.3325537145137787
1696958196176615400,7.388615478515625,-0.5191793441772461,0.5073183178901672,0.6118112802505493
1696958196186628900,7.39862890625,0.3666963577270508,0.5633835792541504,0.2035081386566162
1696958196196642300,7.408642333984375,-0.8334684371948242,0.697321891784668,-0.3078373968601227
1696958196206655700,7.41865576171875,0.1201486587524414,0.477722704410553,0.37562865018844604
1696958196216669200,7.428669189453125,0.8991107940673828,0.6306915879249573,-0.44161003828048706
1696958196226683000,7.438682861328125,-2.753464698791504,0.7151392698287964,0.6700916290283203
1696958196236696300,7.4486962890625,3.226959228515625,0.7158364653587341,0.13690847158432007
1696958196246709800,7.458709716796875,-2.1706557273864746,0.5159088969230652,0.31766387820243835
1696958196256723200,7.46872314453125,0.8452854156494141,1.0231742858886719,0.6527169942855835
1696958196266736600,7.478736572265625,1.637070655822754,0.0351639986038208,-0.07623720169067383
1696958196276750300,7.488750244140625,-3.5947370529174805,1.2386605739593506,0.36935341358184814
1696958196286763800,7.498763671875,3.883713722229004,0.6657814979553223,0.30532774329185486
1696958196296777200,7.508777099609375,-3.747612953186035,0.6509205102920532,0.3611987233161926
1696958196306790700,7.518790771484375,2.555281639099121,0.7825355529785156,0.30730438232421875
1696958196316804000,7.52880419921875,-1.7562627792358398,0.2779279351234436,-0.4085647463798523
1696958196326817500,7.538817626953125,-0.06967449188232422,1.078523874282837,0.2694309651851654
1696958196336831200,7.548831298828125,1.092148780822754,0.40999680757522583,-0.557228684425354
1696958196346844700,7.5588447265625,-2.241152286529541,1.0180768966674805,-0.06601491570472717
1696958196356858000,7.568858154296875,1.9556045532226562,0.44271063804626465,-0.30113938450813293
1696958196366871600,7.57887158203125,-1.6566362380981445,1.0072855949401855,-0.18553829193115234
1696958196376885000,7.588885009765625,0.20157527923583984,0.4684353470802307,-0.43764612078666687
1696958196386898700,7.598898681640625,0.5458402633666992,1.0854134559631348,-0.30507200956344604
1696958196396912000,7.608912109375,-1.8639507293701172,0.4101961851119995,-0.2820645570755005
1696958196406925600,7.618925537109375,2.0024404525756836,0.8933391571044922,0.1204928457736969
1696958196416939000,7.62893896484375,-1.992525577545166,0.8830840587615967,0.29389896988868713
1696958196426952400,7.638952392578125,1.6349897384643555,0.9225776195526123,0.576482355594635
1696958196436966100,7.648966064453125,-1.4463224411010742,0.5518572330474854,0.5436629056930542
1696958196446979600,7.6589794921875,0.9372444152832031,0.7639307975769043,0.865479588508606
1696958196456993000,7.668992919921875,-0.31210994720458984,0.5981619358062744,0.7412658333778381
1696958196467006500,7.67900634765625,0.4675750732421875,0.4738330841064453,0.6716426610946655
1696958196477020000,7.68902001953125,-1.3491802215576172,0.905013918876648,0.5769137144088745
1696958196487033600,7.69903369140625,0.8333902359008789,0.8894466161727905,1.0335427522659302
1696958196497047000,7.709047119140625,-1.59124755859375,0.20910394191741943,0.45108041167259216
1696958196507060500,7.719060546875,0.01839733123779297,0.8454159498214722,0.5364437103271484
1696958196517074000,7.729073974609375,-0.8701410293579102,1.1647498607635498,0.07349404692649841
1696958196527087400,7.73908740234375,-0.4616384506225586,0.7557430267333984,0.5461024641990662
1696958196537101000,7.74910107421875,-1.0288476943969727,0.5703005790710449,0.28206348419189453
1696958196547114500,7.759114501953125,-0.36676979064941406,0.9232532978057861,0.2729633152484894
1696958196557128000,7.7691279296875,0.2507133483886719,1.0272139310836792,0.18488076329231262
1696958196567141400,7.779141357421875,-1.3266496658325195,1.1423367261886597,-0.24954479932785034
1696958196577154800,7.78915478515625,-0.7406320571899414,2.0761218070983887,-0.29278630018234253
1696958196587168500,7.79916845703125,0.2985553741455078,1.2881062030792236,1.3318461179733276
1696958196597182000,7.809181884765625,0.6462764739990234,0.7110337018966675,1.3354394435882568
1696958196607195400,7.8191953125,-1.5108203887939453,0.32352888584136963,0.678253173828125
1696958196617208800,7.829208740234375,-1.9186124801635742,1.781043529510498,1.0632445812225342
1696958196627222300,7.83922216796875,0.9625377655029297,1.8574388027191162,1.160611629486084
1696958196637235700,7.849235595703125,-0.8899335861206055,1.158505916595459,0.1490837037563324
1696958196647249400,7.85924951171875,-3.531235694885254,0.8432515859603882,1.1843822002410889
1696958196657262800,7.869262939453125,0.2757711410522461,1.2328206300735474,1.492793321609497
1696958196667276300,7.8792763671875,-1.4461288452148438,-0.3508431911468506,0.42755427956581116
1696958196677289700,7.889289794921875,-1.1808710098266602,0.18684720993041992,0.1390320062637329
1696958196687303200,7.89930322265625,0.3171672821044922,0.9687001705169678,-0.07594574987888336
1696958196697316900,7.90931689453125,-1.2137622833251953,0.913029670715332,-0.8702738881111145
1696958196707330300,7.919330322265625,-0.012355804443359375,-0.4572291374206543,-0.09440647065639496
1696958196717343700,7.92934375,2.1472225189208984,0.08182156085968018,-0.3917725086212158
1696958196727357200,7.939357177734375,-1.0847501754760742,-0.14727604389190674,-1.7612141370773315
1696958196737370600,7.94937060546875,2.1046571731567383,0.3478200435638428,-0.5826399326324463
1696958196747384300,7.95938427734375,2.5530052185058594,-0.5206356048583984,-1.6279901266098022
1696958196757397800,7.969397705078125,0.5340633392333984,0.5702966451644897,-1.370788335800171
1696958196767411200,7.9794111328125,1.3110170364379883,-0.271669864654541,-2.4173216819763184
1696958196777424600,7.989424560546875,1.5080804824829102,1.2230108976364136,-2.2929558753967285
1696958196787438000,7.99943798828125,1.7952461242675781,-0.6245487928390503,-2.638583183288574
1696958196797451800,8.00945166015625,1.197916030883789,-0.55381178855896,-2.0636186599731445
1696958196807465200,8.01946533203125,0.5731420516967773,-0.39036405086517334,-2.6003875732421875
1696958196817478700,8.029478759765626,1.5750961303710938,0.6880577802658081,-1.5851263999938965
1696958196827492000,8.0394921875,1.914891242980957,-0.577070951461792,-2.5777056217193604
1696958196837505500,8.049505615234375,0.22801685333251953,1.3399049043655396,-2.6549315452575684
1696958196847519200,8.059519287109374,0.7191944122314453,-0.6178056001663208,-2.402881622314453
1696958196857532700,8.06953271484375,-0.19045734405517578,-0.2635385990142822,-0.9930004477500916
1696958196867546000,8.079546142578126,0.7654504776000977,-1.0952179431915283,-1.2519192695617676
1696958196877559600,8.0895595703125,-0.18717002868652344,1.2992984056472778,-1.3581132888793945
1696958196887573000,8.099572998046876,1.098567008972168,0.5302169322967529,-1.3092869520187378
1696958196897586700,8.109586669921875,-0.29463863372802734,0.1309128999710083,-0.7593511343002319
1696958196907600100,8.11960009765625,-0.5043096542358398,0.027994871139526367,-0.5506867170333862
1696958196917613600,8.129613525390624,-0.9856538772583008,-0.39248156547546387,-0.35584965348243713
1696958196927627000,8.139626953125,-0.16604900360107422,0.19887006282806396,0.2501171827316284
1696958196937640400,8.149640380859376,0.06876659393310547,-0.137151837348938,0.21721862256526947
1696958196947654000,8.15965380859375,-0.6625957489013672,0.6439845561981201,0.0036500394344329834
1696958196957667600,8.16966748046875,-0.3932161331176758,-0.2319192886352539,-0.3529416620731354
1696958196967681000,8.179680908203125,-0.6405315399169922,0.5101833343505859,0.5012614130973816
1696958196977694500,8.189694580078125,-0.5145778656005859,-0.46989595890045166,0.2795613408088684
1696958196987708000,8.1997080078125,-1.4211626052856445,0.4880483150482178,0.625561535358429
1696958196997721300,8.209721435546875,1.4689407348632812,-0.5002884864807129,0.6925368905067444
1696958197007735000,8.219735107421876,-0.034903526306152344,-0.3770483732223511,0.3389093279838562
1696958197017748500,8.22974853515625,0.3283958435058594,-0.28745126724243164,0.3402337431907654
1696958197027762000,8.239761962890626,0.7722959518432617,-0.2255316972732544,-0.01647171378135681
1696958197037775400,8.249775390625,0.8662338256835938,-0.3631223440170288,0.5347408056259155
1696958197047788800,8.259788818359375,1.3375205993652344,-0.9561549425125122,0.1776735782623291
1696958197057802500,8.269802490234374,-1.394026756286621,0.22423303127288818,0.7103418111801147
1696958197067816000,8.27981591796875,3.2832565307617188,-0.46252381801605225,-0.14785736799240112
1696958197077829400,8.289829345703126,-4.193246364593506,-0.021756291389465332,0.07500836253166199
1696958197087842800,8.2998427734375,2.0532398223876953,-0.003006458282470703,0.12327033281326294
1696958197097856300,8.309856201171876,-1.4916620254516602,0.8532017469406128,-0.45466405153274536
1696958197107870000,8.319869873046875,-1.0199317932128906,0.42855405807495117,-0.26791128516197205
1696958197117883400,8.32988330078125,-0.5958671569824219,-0.4074035882949829,-0.28860998153686523
1696958197127896800,8.339896728515624,-3.002936840057373,0.25613629817962646,0.03077438473701477
1696958197137910300,8.34991015625,0.08743953704833984,0.2627674341201782,-0.2802076041698456
1696958197147923700,8.359923828125,-2.975809097290039,0.4008244276046753,-0.10664625465869904
1696958197157937400,8.3699375,0.5490837097167969,0.29138243198394775,-0.14773380756378174
1696958197167950800,8.379950927734376,-2.7828993797302246,0.20841073989868164,-0.39250409603118896
1696958197177964300,8.38996435546875,-0.12377643585205078,-0.012094616889953613,-0.027790307998657227
1696958197187977700,8.399977783203125,-1.021657943725586,-0.5185580253601074,0.5388447046279907
1696958197197991200,8.4099912109375,1.2554664611816406,0.4136497974395752,0.5852227210998535
1696958197208004900,8.4200048828125,-0.6303482055664062,0.622157096862793,0.6322828531265259
1696958197218018300,8.430018310546876,0.2309551239013672,0.1867363452911377,0.9138572812080383
1696958197228031700,8.44003173828125,1.2528743743896484,0.18228495121002197,0.7567750215530396
1696958197238045200,8.450045166015625,-2.3968567848205566,-0.18396735191345215,0.5398286581039429
1696958197248058600,8.46005859375,1.9476404190063477,0.36739206314086914,0.45609408617019653
1696958197258072000,8.470072021484375,-0.030672073364257812,0.39652347564697266,0.30434122681617737
1696958197268085800,8.480085693359374,-0.43262386322021484,-0.26302170753479004,0.7330541014671326
1696958197278099200,8.49009912109375,1.5515527725219727,0.2198925018310547,0.40232256054878235
1696958197288112600,8.500112548828126,-1.6541709899902344,0.027596116065979004,0.1812804937362671
1696958197298126000,8.5101259765625,0.9971237182617188,0.09723997116088867,0.598888635635376
1696958197308139500,8.520139404296875,1.4441184997558594,0.15136432647705078,0.48893648386001587
1696958197318153200,8.5301533203125,-1.130631446838379,-0.5473251342773438,0.13208207488059998
1696958197328166700,8.540166748046875,1.4861860275268555,-0.13889634609222412,0.9637714624404907
1696958197338180000,8.55018017578125,0.03014659881591797,0.14748454093933105,0.5913232564926147
1696958197348193500,8.560193603515625,-1.0789794921875,-0.2863163948059082,0.3742794394493103
1696958197358207000,8.57020703125,2.7565183639526367,0.47216081619262695,0.5496876239776611
1696958197368220700,8.580220703125,-1.8567514419555664,0.3264884948730469,0.39757412672042847
1696958197378234000,8.590234130859375,0.7231731414794922,-0.13064920902252197,0.4143446385860443
1696958197388247600,8.60024755859375,1.9643173217773438,-0.16523277759552002,0.6161736249923706
1696958197398261000,8.610260986328125,-1.8251757621765137,-0.4328669309616089,0.35716673731803894
1696958197408274400,8.6202744140625,0.5109939575195312,-0.26363635063171387,0.19133546948432922
1696958197418288000,8.6302880859375,1.7337398529052734,-0.04224395751953125,-0.41583871841430664
1696958197428301600,8.640301513671876,-3.818699836730957,0.612370491027832,-0.9472049474716187
1696958197438315000,8.65031494140625,3.1197643280029297,-0.4796159267425537,0.020631760358810425
1696958197448328400,8.660328369140625,-0.5092792510986328,-0.6685497760772705,-0.3442983627319336
1696958197458342000,8.670341796875,-2.4632205963134766,-0.17049908638000488,-1.055725336074829
1696958197468355600,8.68035546875,2.441556930541992,0.3520454168319702,-1.1269272565841675
1696958197478369000,8.690369140625,-0.32149600982666016,0.6955556869506836,-0.9288079738616943
1696958197488382500,8.700382568359375,-1.2098093032836914,-0.06957376003265381,-0.8711079955101013
1696958197498396000,8.71039599609375,1.0391063690185547,-0.15006089210510254,-0.8682621717453003
1696958197508409300,8.720409423828125,0.009241104125976562,0.2787219285964966,-0.7855768203735352
1696958197518423000,8.730423095703125,-0.053165435791015625,0.13618159294128418,-1.1391215324401855
1696958197528436500,8.7404365234375,-0.32571887969970703,0.19987857341766357,-1.138644814491272
1696958197538450000,8.750449951171875,0.8028335571289062,0.38194406032562256,-1.1265034675598145
1696958197548463400,8.76046337890625,-1.4741601943969727,-0.18610334396362305,-1.3431248664855957
1696958197558476800,8.770476806640625,0.15375614166259766,0.06393873691558838,-1.2262474298477173
1696958197568490200,8.780490234375,0.9849271774291992,0.15074634552001953,-0.4389015734195709
1696958197578504000,8.79050390625,-0.3559989929199219,-0.4434337615966797,-0.898317277431488
1696958197588517400,8.800517333984375,-1.4832382202148438,0.019493937492370605,-0.7400490045547485
1696958197598530800,8.81053076171875,1.7123394012451172,0.19233262538909912,-0.3032801151275635
1696958197608544300,8.820544189453125,-0.3899259567260742,-0.27605342864990234,-0.47583192586898804
1696958197618557700,8.8305576171875,-0.8673744201660156,-0.07854616641998291,-0.6978925466537476
1696958197628571100,8.840571044921875,0.08561038970947266,-0.1851130723953247,0.22113701701164246
1696958197638584600,8.85058447265625,1.255936622619629,0.11520195007324219,0.30389469861984253
1696958197648598000,8.860597900390625,-0.41046714782714844,-0.9108383655548096,-0.4474431872367859
1696958197658611500,8.870611572265625,-1.3942222595214844,-0.11092853546142578,-0.04545648396015167
1696958197668625000,8.880625,1.729691505432129,-0.21740305423736572,0.5535927414894104
1696958197678638300,8.890638427734375,-0.057163238525390625,-0.3025987148284912,-0.018464863300323486
1696958197688651800,8.90065185546875,-1.0513191223144531,-0.3029834032058716,-0.2899685204029083
1696958197698665200,8.910665283203125,0.2893524169921875,-0.18526160717010498,0.6705756187438965
1696958197708678700,8.9206787109375,1.1344871520996094,-0.21256136894226074,0.44667747616767883
1696958197718692000,8.930692138671875,-0.8516168594360352,-0.29293906688690186,-0.3252537250518799
1696958197728705500,8.94070556640625,-0.5198040008544922,-0.08824574947357178,0.5844594240188599
1696958197738719000,8.950718994140624,1.5460376739501953,-0.4464569091796875,0.692253589630127
1696958197748732400,8.960732421875,-0.03025054931640625,-0.7354917526245117,-0.22724749147891998
1696958197758745900,8.970745849609376,-0.876007080078125,0.0798492431640625,-0.10250060260295868
1696958197768759300,8.98075927734375,0.8606433868408203,0.2658374309539795,0.5712013244628906
1696958197778772700,8.990772705078125,1.7281951904296875,0.08866238594055176,0.3032519817352295
1696958197788786200,9.0007861328125,-0.5416994094848633,-0.5143905878067017,-0.5364814400672913
1696958197798799600,9.010799560546875,-0.49768543243408203,0.016768813133239746,-0.3082416355609894
1696958197808813000,9.02081298828125,0.7028169631958008,0.6233484745025635,0.7286087870597839
1696958197818826500,9.030826416015625,1.1165008544921875,-0.5416692495346069,-0.06002300977706909
1696958197828840000,9.04083984375,-1.8925175666809082,-0.021253228187561035,-0.5393003225326538
1696958197838853400,9.050853271484375,1.1752071380615234,-0.24549388885498047,0.6752653121948242
1696958197848866800,9.06086669921875,-0.2279977798461914,-0.45135068893432617,0.5385084748268127
1696958197858880300,9.07088037109375,-0.15614891052246094,-0.34612274169921875,-0.08347195386886597
1696958197868893700,9.080893798828125,-0.4662141799926758,0.42225658893585205,0.20872268080711365
1696958197878907100,9.0909072265625,-0.4891090393066406,-0.060288310050964355,0.6203924417495728
1696958197888920600,9.100920654296875,1.155923843383789,-0.8398928642272949,-0.540435791015625
1696958197898934000,9.11093408203125,-2.70322847366333,-0.4497939348220825,-0.5623246431350708
1696958197908947500,9.120947509765625,0.14684104919433594,0.10420018434524536,0.2613660395145416
1696958197918961000,9.1309609375,0.897364616394043,0.470078706741333,0.8080582618713379
1696958197928974300,9.140974365234374,-0.42878055572509766,-0.6582374572753906,-0.2390400916337967
1696958197938987800,9.15098779296875,-0.8957700729370117,-0.005663871765136719,-0.27345728874206543
1696958197949001200,9.161001220703126,-0.3247203826904297,0.22368061542510986,0.7277291417121887
1696958197959014700,9.1710146484375,1.2532587051391602,-0.2002934217453003,0.28222373127937317
1696958197969028000,9.181028076171875,-1.6218509674072266,-0.312960147857666,-0.708213210105896
1696958197979041500,9.19104150390625,-0.1076059341430664,-0.1394425630569458,0.4374579191207886
1696958197989055000,9.201054931640625,1.4125347137451172,-0.2759895324707031,0.10189664363861084
1696958197999068400,9.211068359375,-0.8895721435546875,-0.14391422271728516,-0.8452668190002441
1696958198009081900,9.221081787109375,-1.1119003295898438,0.1957383155822754,-0.8114787936210632
1696958198019095300,9.23109521484375,1.0606184005737305,0.0660703182220459,0.1539006233215332
1696958198029108700,9.241108642578125,0.11199951171875,-0.18533337116241455,-0.24269890785217285
1696958198039122200,9.2511220703125,-1.1977653503417969,-0.10332274436950684,-0.9824481010437012
1696958198049135600,9.261135498046874,0.3202066421508789,0.13690030574798584,-0.2819337248802185
1696958198059149000,9.271149169921875,0.7068090438842773,0.15845119953155518,0.22245222330093384
1696958198069162500,9.28116259765625,-0.12190628051757812,-0.46197617053985596,-0.8230438232421875
1696958198079176000,9.291176025390625,-0.8048133850097656,0.17394661903381348,-0.5801102519035339
1696958198089189400,9.301189453125,1.3429346084594727,0.012862443923950195,0.4630078077316284
1696958198099202800,9.311202880859375,0.383941650390625,-0.13295304775238037,-0.13280190527439117
1696958198109216300,9.32121630859375,-0.9887762069702148,-0.05408370494842529,-0.663685142993927
1696958198119229700,9.331229736328124,0.7819681167602539,0.08959877490997314,0.3060709536075592
1696958198129243100,9.3412431640625,0.851654052734375,-0.2022947072982788,0.09679687023162842
1696958198139256600,9.351256591796876,-0.675079345703125,-0.3979487419128418,-0.8122806549072266
1696958198149270000,9.36127001953125,0.23931026458740234,0.4604374170303345,-0.04923301935195923
1696958198159283500,9.371283447265625,1.6389923095703125,-0.052942752838134766,0.31086134910583496
1696958198169297000,9.381296875,-1.1274089813232422,-0.3491247892379761,-0.2282704859972
1696958198179310300,9.391310302734375,0.165496826171875,0.007773637771606445,-0.5960009098052979
1696958198189324000,9.401323974609374,-0.15017223358154297,0.15015089511871338,-0.027524948120117188
1696958198199337500,9.41133740234375,1.1452007293701172,-0.29291653633117676,-0.11098630726337433
1696958198209351000,9.421350830078126,-0.9984283447265625,0.05480968952178955,-0.6514191627502441
1696958198219364400,9.4313642578125,0.5044231414794922,-0.27571332454681396,-0.19650307297706604
1696958198229377800,9.441377685546875,0.6947736740112305,-0.23546648025512695,0.4654587507247925
1696958198239391200,9.45139111328125,-0.1768798828125,0.20760154724121094,-0.14216630160808563
1696958198249405000,9.461405029296875,-0.4008760452270508,-0.616154670715332,0.09108173847198486
1696958198259418400,9.47141845703125,1.0097923278808594,0.6451253890991211,0.4828305244445801
1696958198269431800,9.481431884765625,2.0828208923339844,-0.3207244873046875,-0.2563932538032532
1696958198279445200,9.4914453125,-3.867339611053467,0.08692622184753418,-0.442000150680542
1696958198289458700,9.501458740234375,2.894646644592285,-0.1528005599975586,0.37954655289649963
1696958198299472400,9.511472412109375,-0.6292686462402344,0.10425436496734619,-0.013657569885253906
1696958198309485800,9.52148583984375,-1.9756994247436523,-0.06439769268035889,-0.6791903972625732
1696958198319499300,9.531499267578125,1.149897575378418,0.003882765769958496,0.27525973320007324
1696958198329512700,9.5415126953125,0.7602987289428711,-0.19033527374267578,0.15348944067955017
1696958198339526100,9.551526123046875,-1.0338459014892578,-0.03131687641143799,-0.5769590735435486
1696958198349539800,9.561539794921876,-0.5772590637207031,-0.39850008487701416,-0.023233085870742798
1696958198359553300,9.57155322265625,2.358663558959961,0.34778153896331787,0.7657161951065063
1696958198369566700,9.581566650390625,-2.1725826263427734,-0.43184900283813477,0.13644981384277344
1696958198379580200,9.591580078125,0.3172483444213867,-0.07017254829406738,0.32597267627716064
1696958198389593600,9.601593505859375,2.692185401916504,0.4585394859313965,0.6341360807418823
1696958198399607300,9.611607177734374,-2.15092134475708,-0.048650145530700684,0.039814144372940063
1696958198409620700,9.621620849609375,0.14317989349365234,-0.11327338218688965,-0.07947918772697449
1696958198419634200,9.63163427734375,0.9841279983520508,0.4630388021469116,0.5857141017913818
1696958198429647600,9.641647705078125,-1.3216686248779297,-0.19440031051635742,0.427348792552948
1696958198439661000,9.6516611328125,-0.6593685150146484,0.10037708282470703,-0.031251609325408936
1696958198449674800,9.6616748046875,1.5215692520141602,0.14163053035736084,0.23874926567077637
1696958198459688200,9.671688232421875,-1.3542356491088867,0.04859578609466553,-0.26760363578796387
1696958198469701600,9.68170166015625,-0.7491416931152344,-0.13948583602905273,-0.082150399684906
1696958198479715000,9.691715087890625,1.0831775665283203,0.2562263011932373,0.005104631185531616
1696958198489728500,9.701728515625,-1.1272697448730469,0.1539783477783203,0.028426378965377808
1696958198499741700,9.71174169921875,-0.8523654937744141,-0.1782546043395996,0.25405576825141907
1696958198509755100,9.721755126953125,1.8641233444213867,0.3478076457977295,0.1036899983882904
1696958198519768600,9.7317685546875,-0.9169282913208008,0.05821645259857178,-0.20691899955272675
1696958198529782000,9.741781982421875,-0.5279617309570312,0.12815523147583008,-0.14155922830104828
1696958198539795500,9.75179541015625,2.359744071960449,0.4530634880065918,-0.052457064390182495
1696958198549809000,9.761808837890625,-2.6780343055725098,-0.010406970977783203,0.10007327795028687
1696958198559822300,9.771822265625,1.9776077270507812,-0.026447653770446777,-0.2147335708141327
1696958198569835800,9.781835693359374,0.23853588104248047,0.16190087795257568,-0.45334264636039734
1696958198579849200,9.79184912109375,-1.8221607208251953,0.14757120609283447,-0.03229495882987976
1696958198589862700,9.801862548828124,2.741257667541504,-0.1207195520401001,-0.4574965238571167
1696958198599876000,9.8118759765625,-1.6617927551269531,0.37292373180389404,-0.46850156784057617
1696958198609889500,9.8218896484375,-0.10477256774902344,-0.2222898006439209,-0.1190432757139206
1696958198619903000,9.831903076171875,0.6458206176757812,0.17318642139434814,-0.25748008489608765
1696958198629916400,9.84191650390625,-0.35431861877441406,0.46248459815979004,-0.32200324535369873
1696958198639929900,9.851929931640624,-0.530308723449707,-0.22687315940856934,-0.38152962923049927
1696958198649943300,9.861943359375,0.6084423065185547,0.17487430572509766,-0.21811607480049133
1696958198659956700,9.871956787109376,-1.4283781051635742,0.1651691198348999,-0.1292080283164978
1696958198669970200,9.88197021484375,0.16133403778076172,0.10175299644470215,-0.40854763984680176
1696958198679983600,9.891983642578126,1.1841411590576172,0.35455429553985596,-0.4452795088291168
1696958198689997000,9.9019970703125,-2.2259521484375,0.008946895599365234,0.25163277983665466
1696958198700010500,9.912010498046875,1.6263179779052734,0.17322587966918945,-0.36452096700668335
1696958198710024000,9.92202392578125,-0.7236137390136719,0.46450984477996826,-0.16226345300674438
1696958198720037400,9.932037353515625,-0.3395967483520508,0.14000260829925537,0.1898726522922516
1696958198730050800,9.94205078125,0.9754276275634766,0.06252264976501465,-0.4234852194786072
1696958198740064300,9.952064208984375,-0.6371603012084961,0.4901607036590576,-0.0821952223777771
1696958198750077700,9.96207763671875,1.1659231185913086,-0.011132001876831055,-0.12014667689800262
1696958198760091100,9.972091064453124,-0.28939151763916016,0.6591686010360718,-0.025310516357421875
1696958198770104600,9.9821044921875,-0.5133209228515625,-0.35909247398376465,0.22498807311058044
1696958198780118000,9.992117919921874,1.179800033569336,0.4579153060913086,-0.14718586206436157
1696958198790131500,10.00213134765625,-0.6531858444213867,0.1008002758026123,-0.2539982497692108
1696958198800145000,10.012144775390626,1.1118640899658203,0.32167482376098633,0.15421664714813232
1696958198810158300,10.022158447265625,0.2874879837036133,0.4556776285171509,0.15428778529167175
1696958198820171800,10.032171875,-0.8600950241088867,-0.028188347816467285,0.35678404569625854
1696958198830185200,10.042185302734374,1.3690519332885742,0.44483399391174316,0.5191414952278137
1696958198840198700,10.05219873046875,-0.36878108978271484,0.08181416988372803,0.3605329394340515
1696958198850212000,10.062212158203126,0.26279258728027344,0.2449558973312378,-0.044106483459472656
1696958198860225500,10.0722255859375,-0.6216402053833008,0.27930259704589844,0.1763247549533844
1696958198870239000,10.082239013671876,-0.05142688751220703,0.39364302158355713,0.3288784623146057
1696958198880252400,10.09225244140625,0.23554611206054688,-0.04925823211669922,-0.22210516035556793
1696958198890265900,10.102265869140625,-0.7971382141113281,0.18935048580169678,0.14297044277191162
1696958198900279300,10.112279296875,0.8106451034545898,0.07336854934692383,0.005060434341430664
1696958198910292700,10.122292724609375,-1.537684440612793,0.5111416578292847,-0.54903644323349
1696958198920306200,10.13230615234375,0.6596841812133789,0.1813105344772339,-0.12068137526512146
1696958198930319600,10.142319580078125,-0.4359760284423828,0.5559452772140503,0.35897406935691833
1696958198940333000,10.1523330078125,0.23872947692871094,-0.17459070682525635,-0.2727735936641693
1696958198950346500,10.162346435546874,-0.6456365585327148,0.5737920999526978,0.1554449200630188
1696958198960360000,10.17235986328125,0.3403310775756836,0.03935515880584717,0.2659894824028015
1696958198970373400,10.182373291015624,-0.3819704055786133,0.4625355005264282,-0.039110809564590454
1696958198980387000,10.192386962890625,0.6509675979614258,0.23951339721679688,-0.40290161967277527
1696958198990400300,10.202400146484376,-1.266775131225586,0.2846713066101074,-0.03494548797607422
1696958199000413400,10.212413330078125,1.5699005126953125,0.11111128330230713,-0.1258603036403656
1696958199010426600,10.222426513671875,-2.333181381225586,0.4217168092727661,-0.09677019715309143
1696958199020439600,10.232439453125,0.7018375396728516,0.23171591758728027,-0.2994246482849121
1696958199030452700,10.24245263671875,-0.18834972381591797,0.11148321628570557,-0.5304087400436401
1696958199040466000,10.2524658203125,-1.3113279342651367,-0.08914470672607422,-0.44336313009262085
1696958199050479000,10.26247900390625,0.9669132232666016,0.4638035297393799,-0.19346261024475098
1696958199060492500,10.272492431640625,-0.9424047470092773,0.5510165691375732,0.01715761423110962
1696958199070505700,10.282505615234374,1.004868507385254,-0.1379845142364502,-0.057398825883865356
1696958199080519200,10.292519287109375,-1.7264947891235352,0.3800053596496582,-0.03182193636894226
1696958199090532600,10.30253271484375,1.2596073150634766,0.14794683456420898,0.2922196388244629
1696958199100546000,10.312546142578125,-0.5117473602294922,0.34740114212036133,-0.1649707853794098
1696958199110559700,10.322559814453125,0.019652366638183594,0.16438817977905273,0.21925446391105652
1696958199120573200,10.3325732421875,-0.1811389923095703,-0.2331470251083374,0.09664860367774963
1696958199130587000,10.3425869140625,-0.1810321807861328,0.4634500741958618,-0.15642985701560974
1696958199140600600,10.3526005859375,1.1622591018676758,0.0757906436920166,-0.04639860987663269
1696958199150614300,10.3626142578125,-1.1392602920532227,-0.13523316383361816,0.26390016078948975
1696958199160627700,10.372627685546876,1.3817329406738281,0.007515311241149902,0.14755156636238098
1696958199170641400,10.382641357421875,-0.30358028411865234,0.1181936264038086,0.06852024793624878
1696958199180655000,10.392655029296876,0.7243452072143555,-0.08365857601165771,0.12247177958488464
1696958199190668800,10.402668701171875,1.4970216751098633,0.11868393421173096,0.1624237298965454
1696958199200682200,10.41268212890625,0.14564800262451172,0.49578046798706055,0.20427611470222473
1696958199210695700,10.42269580078125,-0.00275421142578125,-0.08476603031158447,0.27075454592704773
1696958199220709000,10.432709228515625,0.09289169311523438,0.1438359022140503,0.4052871763706207
1696958199230722600,10.44272265625,0.4368581771850586,0.1324145793914795,0.21456030011177063
1696958199240736000,10.452736083984375,0.12046241760253906,0.2596193552017212,-0.2671262323856354
1696958199250749400,10.46274951171875,0.45007991790771484,0.32341933250427246,-0.22538208961486816
1696958199260762600,10.4727626953125,-0.24379444122314453,0.4366492033004761,0.2588268518447876
1696958199270776000,10.482776123046875,-0.3577432632446289,-0.2411555051803589,-0.09509667754173279
1696958199280789500,10.49278955078125,-0.7630548477172852,0.41483938694000244,0.08914458751678467
1696958199290803000,10.502802978515625,1.2366580963134766,-0.0567784309387207,-0.27748996019363403
1696958199300816100,10.512816162109376,-1.8726000785827637,0.4243018627166748,-0.3431166708469391
1696958199310829600,10.52282958984375,1.3864450454711914,0.4731745719909668,0.041478872299194336
1696958199320843000,10.532843017578125,-0.7957420349121094,0.19431722164154053,0.09648489952087402
1696958199330856400,10.5428564453125,-0.7223901748657227,0.09704625606536865,0.26616349816322327
1696958199340870000,10.552869873046875,1.3058605194091797,-0.030013084411621094,-0.07012444734573364
1696958199350883000,10.562883056640626,-2.2432126998901367,0.43686819076538086,-0.1232762336730957
1696958199360896500,10.572896484375,1.9723424911499023,0.1519843339920044,0.10669437050819397
1696958199370910000,10.582909912109375,-1.893418312072754,0.2506293058395386,0.061304688453674316
1696958199380923400,10.59292333984375,1.7329978942871094,-0.010527253150939941,0.01805293560028076
1696958199390936800,10.602936767578125,-0.010122299194335938,0.12966716289520264,0.29409486055374146
1696958199400950000,10.612949951171874,-0.59844970703125,0.11544477939605713,0.05318877100944519
1696958199410963500,10.62296337890625,0.6792936325073242,0.5129809379577637,0.22931557893753052
1696958199420977000,10.632976806640626,-0.13031387329101562,-0.05013144016265869,0.1722671091556549
1696958199430990300,10.642990234375,0.027747154235839844,0.1250697374343872,-0.07168994843959808
1696958199441003500,10.65300341796875,-0.5220413208007812,0.17880761623382568,0.13791269063949585
1696958199451017000,10.663016845703124,1.0897445678710938,0.3306765556335449,0.14548718929290771
1696958199461030400,10.673030517578125,-1.6943626403808594,0.028175950050354004,-0.3015267550945282
1696958199471043800,10.6830439453125,-0.20409393310546875,0.1828157901763916,-0.24247196316719055
1696958199481057300,10.693057373046875,0.18834495544433594,0.5307365655899048,-0.2083621621131897
1696958199491070500,10.703070556640625,-1.269810676574707,-0.23425030708312988,-0.2655780613422394
1696958199501084000,10.713083984375,0.11432647705078125,0.2647150754928589,-0.06864748895168304
1696958199511097300,10.723097412109375,-0.2968778610229492,0.22597503662109375,0.038623154163360596
1696958199521110800,10.73311083984375,-1.1516151428222656,0.05838048458099365,0.03423789143562317
1696958199531124200,10.743124267578125,0.8341054916381836,0.3298346996307373,-0.13333851099014282
1696958199541137400,10.753137451171876,-0.4723224639892578,0.058304786682128906,-0.34252381324768066
1696958199551150800,10.76315087890625,-0.6819047927856445,0.29724299907684326,-0.31956011056900024
1696958199561164300,10.773164306640625,0.3043632507324219,0.21903550624847412,-0.22263312339782715
1696958199571177700,10.783177734375,-0.8721961975097656,0.005531191825866699,0.04835307598114014
1696958199581191200,10.793191162109375,1.2802858352661133,0.05988442897796631,-0.3472156524658203
1696958199591204600,10.80320458984375,-1.0693016052246094,0.26495158672332764,-0.20490393042564392
1696958199601218000,10.813218017578125,0.949793815612793,0.2626481056213379,-0.28687769174575806
1696958199611231500,10.8232314453125,-0.3762493133544922,-0.015871167182922363,-0.1294889897108078
1696958199621245000,10.833244873046874,0.11197471618652344,-0.219132661819458,0.07895281910896301
1696958199631258400,10.84325830078125,0.7759552001953125,0.33601534366607666,-0.5188654661178589
1696958199641271800,10.853271728515624,-0.8841485977172852,-0.009189963340759277,-0.14819058775901794
1696958199651285200,10.86328515625,2.214740753173828,0.07928252220153809,0.11953496932983398
1696958199661298700,10.873298583984376,-1.2311391830444336,-0.06362557411193848,-0.026197820901870728
1696958199671312100,10.88331201171875,1.1372261047363281,0.3470284938812256,0.28440529108047485
1696958199681325600,10.89332568359375,0.7525424957275391,-0.05502903461456299,-0.04063400626182556
1696958199691339000,10.903339111328124,-0.9505624771118164,0.09920310974121094,0.5838305354118347
1696958199701352400,10.9133525390625,2.239434242248535,0.16492819786071777,0.42648574709892273
1696958199711366000,10.923365966796876,-1.7465791702270508,-0.08302569389343262,0.27574869990348816
1696958199721379300,10.93337939453125,1.3591032028198242,0.3207813501358032,0.6382896304130554
1696958199731392800,10.943392822265626,0.1184835433959961,0.2811225652694702,0.4331003725528717
1696958199741406200,10.95340625,-0.45061492919921875,0.31916558742523193,0.19918310642242432
1696958199751419600,10.963419677734375,0.4588022232055664,-0.02884232997894287,0.5541623830795288
1696958199761433000,10.97343310546875,-1.224452018737793,0.06523668766021729,0.23497390747070312
1696958199771446500,10.983446533203125,0.8622493743896484,0.4034123420715332,0.37117621302604675
1696958199781460000,10.9934599609375,-0.8026657104492188,0.021227359771728516,-0.19123759865760803
1696958199791473400,11.003473388671875,-0.7433004379272461,0.369706392288208,0.4169279634952545
1696958199801486800,11.01348681640625,1.2992792129516602,0.41063761711120605,0.4359314739704132
1696958199811500300,11.023500244140624,-2.08718204498291,0.10001528263092041,0.08467140793800354
1696958199821513700,11.033513671875,0.22119426727294922,0.16021060943603516,0.6423916816711426
1696958199831527200,11.043527099609374,0.20656871795654297,0.07949233055114746,0.13928288221359253
1696958199841540600,11.05354052734375,-1.3329315185546875,0.467726469039917,0.14850923418998718
1696958199851554000,11.063553955078126,2.292722702026367,0.3909153938293457,0.14013364911079407
1696958199861567500,11.0735673828125,-2.725888729095459,0.08117544651031494,0.08424326777458191
1696958199871581000,11.083580810546875,1.5382375717163086,0.11128294467926025,0.2283099889755249
1696958199881594400,11.093594482421874,-0.911992073059082,0.30174922943115234,-0.11226201057434082
1696958199891607800,11.10360791015625,-0.6331577301025391,0.20674777030944824,-0.10445250570774078
1696958199901621200,11.113621337890624,0.9168224334716797,0.5632913112640381,-0.3099996745586395
1696958199911634700,11.123634765625,-1.5945978164672852,-0.09998810291290283,0.050662070512771606
1696958199921648000,11.133648193359376,0.564356803894043,0.08879554271697998,0.025150001049041748
1696958199931661600,11.14366162109375,-1.3010139465332031,-0.05853462219238281,-0.1553078144788742
1696958199941675000,11.153675048828125,1.0436029434204102,0.5563066005706787,-0.002032727003097534
1696958199951688400,11.1636884765625,-0.06782341003417969,0.25882017612457275,-0.19579961895942688
1696958199961702000,11.173701904296875,-1.974858283996582,0.15624701976776123,-0.2039269208908081
1696958199971715300,11.18371533203125,1.7094507217407227,0.2360401153564453,0.14621621370315552
1696958199981728800,11.193728759765625,-1.9411516189575195,-0.004439353942871094,-0.05260774493217468
1696958199991742200,11.2037421875,0.6244087219238281,0.05070817470550537,0.4637398421764374
1696958200001755600,11.213755615234374,1.263218879699707,0.5797795057296753,-0.17776893079280853
1696958200011768800,11.223768798828125,-1.7176513671875,0.07039904594421387,0.07201960682868958
1696958200021782300,11.2337822265625,1.8318805694580078,0.03289639949798584,0.20989727973937988
1696958200031795700,11.243795654296875,-1.3602094650268555,0.12651610374450684,0.2378164827823639
1696958200041809200,11.25380908203125,-0.11051082611083984,0.03922224044799805,0.8414238691329956
1696958200051822600,11.263822509765625,1.825042724609375,0.5069204568862915,0.3895248472690582
1696958200061836000,11.2738359375,-1.281646728515625,-0.5273427963256836,0.2971513569355011
1696958200071849500,11.283849365234374,0.799708366394043,0.20949232578277588,-0.1831466108560562
1696958200081863000,11.29386279296875,0.3146638870239258,0.03868675231933594,-0.24814599752426147
1696958200091876400,11.30387646484375,-1.2444572448730469,-0.3599346876144409,-0.28806737065315247
1696958200101889800,11.313889892578125,1.463059425354004,-0.04477238655090332,-0.011193901300430298
1696958200111903200,11.3239033203125,-1.1642084121704102,-0.04505419731140137,0.05071449279785156
1696958200121916700,11.333916748046875,0.47725963592529297,-0.4268484115600586,0.12010034918785095
1696958200131930000,11.34393017578125,0.6577615737915039,0.3568263053894043,-0.18973994255065918
1696958200141943600,11.353943603515624,-0.7873306274414062,-0.2730001211166382,-0.3520781993865967
1696958200151957000,11.36395703125,1.3027687072753906,0.1224515438079834,0.16382503509521484
1696958200161970400,11.373970458984376,0.7072391510009766,0.33865177631378174,-0.03591756522655487
1696958200171984000,11.38398388671875,-2.391533851623535,-0.620163083076477,0.22019541263580322
1696958200181997300,11.393997314453125,2.7371578216552734,0.3924139738082886,1.1062781810760498
1696958200192010800,11.4040107421875,-1.7422809600830078,0.2901158332824707,0.6719410419464111
1696958200202024200,11.414024169921875,-1.1032791137695312,0.545341968536377,0.9915624260902405
1696958200212037600,11.42403759765625,1.7428741455078125,0.8196474313735962,1.3575690984725952
1696958200222051000,11.434051025390625,-3.0312390327453613,-0.17637062072753906,0.00044095516204833984
1696958200232064500,11.444064453125,1.2333641052246094,-0.7470881938934326,0.17957442998886108
1696958200242077700,11.45407763671875,1.5744733810424805,0.30785346031188965,-0.7668644785881042
1696958200252091100,11.464091064453125,-2.276920795440674,-1.2202606201171875,-1.158386468887329
1696958200262104600,11.4741044921875,1.7184362411499023,-2.519331693649292,-0.6391609907150269
1696958200272118000,11.484117919921875,0.4388856887817383,1.2686151266098022,-2.0174813270568848
1696958200282131500,11.49413134765625,-3.849490165710449,-1.4088324308395386,-1.1421334743499756
1696958200292144600,11.50414453125,4.1742048263549805,-0.40789222717285156,0.08024045825004578
1696958200302158000,11.514157958984375,1.9855260848999023,0.039299964904785156,0.2642463743686676
1696958200312171500,11.524171630859374,-3.0043492317199707,-0.4528123140335083,-0.6820920705795288
1696958200322185000,11.53418505859375,3.3829336166381836,-0.545009970664978,0.23398073017597198
1696958200332198400,11.544198486328124,0.3167428970336914,0.4154320955276489,-0.09841638803482056
1696958200342211600,11.554211669921875,-0.0044765472412109375,0.335446834564209,-1.4413442611694336
1696958200352225000,11.56422509765625,1.2714653015136719,-0.16583871841430664,-0.6912107467651367
1696958200362238500,11.574238525390625,1.9331235885620117,-0.5896327495574951,0.4499480724334717
1696958200372252000,11.584251953125,-0.5039091110229492,-0.6867550611495972,-0.40587401390075684
1696958200382265000,11.59426513671875,0.027736663818359375,0.10006117820739746,-0.2641146183013916
1696958200392278500,11.604278564453125,1.0462312698364258,-0.5169061422348022,0.21447902917861938
1696958200402292000,11.6142919921875,-1.1544485092163086,-0.6659413576126099,-0.3753335475921631
1696958200412305400,11.624305419921875,-0.4537925720214844,-0.45898008346557617,-1.020277738571167
1696958200422318800,11.63431884765625,1.3256750106811523,-0.24143660068511963,0.18356625735759735
1696958200432332000,11.64433203125,0.07546329498291016,-0.4013326168060303,0.044556424021720886
1696958200442345500,11.654345458984375,-1.663924217224121,0.17024314403533936,-0.31077688932418823
1696958200452359000,11.66435888671875,0.7490310668945312,0.1747056245803833,0.4994179904460907
1696958200462372400,11.674372314453125,0.011838912963867188,-0.31828248500823975,0.43228670954704285
1696958200472385800,11.6843857421875,-2.1576709747314453,0.37890303134918213,-0.3681374490261078
1696958200482399000,11.69439892578125,0.743891716003418,0.4311612844467163,0.3336195945739746
1696958200492412400,11.704412353515625,0.21689128875732422,-0.5587573051452637,0.5354982614517212
1696958200502425900,11.71442578125,-1.5518102645874023,-0.34229958057403564,-0.027243629097938538
1696958200512439300,11.724439208984375,-0.4916515350341797,-0.2507495880126953,0.18865859508514404
1696958200522452500,11.734452392578126,-0.34679603576660156,0.5605101585388184,0.36275598406791687
1696958200532466000,11.7444658203125,0.1654644012451172,0.014508605003356934,0.18281054496765137
1696958200542479400,11.754479248046875,-1.5647716522216797,-0.36410415172576904,0.1517421305179596
1696958200552492800,11.764492919921874,0.4317893981933594,-0.30826902389526367,0.5504969358444214
1696958200562506200,11.77450634765625,1.0235538482666016,-0.3151087760925293,0.03478819131851196
1696958200572519400,11.78451953125,-2.386223316192627,-0.09989011287689209,0.24553778767585754
1696958200582532900,11.794532958984375,1.9539155960083008,0.1231691837310791,0.16503599286079407
1696958200592546300,11.80454638671875,-0.7026681900024414,-0.31776750087738037,0.5368678569793701
1696958200602559700,11.814559814453125,-0.20891380310058594,-0.12768495082855225,0.35140785574913025
1696958200612573200,11.8245732421875,-0.2225513458251953,-0.7659118175506592,0.20701172947883606
1696958200622586400,11.83458642578125,1.0587778091430664,-0.08511197566986084,0.42996275424957275
1696958200632599800,11.844599853515625,0.36838531494140625,-0.18548154830932617,-0.026174455881118774
1696958200642613200,11.85461328125,-1.4438323974609375,0.040517449378967285,0.34540650248527527
1696958200652626700,11.864626708984375,1.881241798400879,-0.06683933734893799,0.5934556722640991
1696958200662640000,11.87464013671875,-0.5126543045043945,-0.3328535556793213,0.6610357165336609
1696958200672653300,11.8846533203125,-0.32026195526123047,-0.08498001098632812,0.026063114404678345
1696958200682666800,11.894666748046875,-0.23336315155029297,-0.0005331039428710938,0.7851536870002747
1696958200692680200,11.90468017578125,1.2726430892944336,-0.2565387487411499,0.41928553581237793
1696958200702693600,11.914693603515625,-1.7649917602539062,-0.6613901853561401,-0.1560087502002716
1696958200712707000,11.92470703125,0.17455005645751953,0.1927872896194458,-0.2741643786430359
1696958200722720500,11.934720458984375,0.2509593963623047,0.24412930011749268,-0.021243274211883545
1696958200732734000,11.94473388671875,-0.8107891082763672,-0.2670745849609375,-0.24171175062656403
1696958200742747400,11.954747314453124,-0.10614776611328125,-0.30202317237854004,0.22303633391857147
1696958200752760800,11.9647607421875,-0.5982799530029297,0.000014781951904296875,0.3046151101589203
1696958200762774300,11.974774169921876,1.376800537109375,0.10921621322631836,-0.2559112310409546
1696958200772787700,11.98478759765625,-2.110328197479248,-0.017867207527160645,-0.2560635209083557
1696958200782801200,11.99480126953125,0.9672126770019531,-0.27108871936798096,0.33643224835395813
1696958200792814600,12.004814697265624,0.23379802703857422,0.24676191806793213,-0.13212287425994873
1696958200802828000,12.014828125,-1.1435251235961914,-0.06673729419708252,-0.4609357714653015
1696958200812841500,12.024841552734374,0.025098800659179688,0.10737502574920654,0.04678104817867279
1696958200822855000,12.03485498046875,1.0332212448120117,0.04997587203979492,0.4751071631908417
1696958200832868400,12.044868408203126,-0.4271860122680664,-0.5278455018997192,0.11032891273498535
1696958200842881800,12.0548818359375,-0.8229532241821289,-0.3446829319000244,0.7589001655578613
1696958200852895200,12.064895263671875,2.031890869140625,-0.35305535793304443,1.0570125579833984
1696958200862908700,12.07490869140625,-0.5438690185546875,-0.7217093706130981,0.3313264846801758
1696958200872922000,12.084922119140625,-1.2264289855957031,-2.9919791221618652,-0.6858246326446533
1696958200882935600,12.094935546875,1.2474088668823242,0.8361629247665405,-2.5431063175201416
1696958200892949000,12.104948974609375,-0.42804908752441406,1.1942558288574219,-2.7445638179779053
1696958200902962400,12.11496240234375,0.14648056030273438,-0.25184166431427,-1.729060173034668
1696958200912976000,12.124975830078125,0.1361837387084961,-1.652675986289978,-0.3598597049713135
1696958200922989300,12.1349892578125,1.9040946960449219,0.2531712055206299,-0.8027622699737549
1696958200933002800,12.145002685546874,-1.283400535583496,0.08476722240447998,-0.9787352681159973
1696958200943016200,12.15501611328125,-0.25315189361572266,0.012061834335327148,-1.0996164083480835
1696958200953029600,12.165029541015626,1.4821510314941406,-0.48871374130249023,-0.8977477550506592
1696958200963043000,12.17504296875,0.5176849365234375,-0.16063833236694336,-1.404007911682129
1696958200973056500,12.185056396484375,-0.7359676361083984,0.38230347633361816,-2.1132450103759766
1696958200983070000,12.195070068359374,1.5928268432617188,0.03676581382751465,-1.3068034648895264
1696958200993083400,12.20508349609375,-0.8196010589599609,-0.1410677433013916,0.42416495084762573
1696958201003096800,12.215096923828124,1.002488136291504,-0.7264124155044556,-0.7131161689758301
1696958201013110300,12.2251103515625,-1.8387126922607422,-0.11795878410339355,-1.1400760412216187
1696958201023123700,12.235123779296876,1.830678939819336,-0.19191157817840576,-0.46095341444015503
1696958201033137200,12.24513720703125,1.0615110397338867,-0.23472750186920166,-0.4233005940914154
1696958201043150600,12.255150634765625,-1.527052879333496,-0.13861942291259766,-0.9066612124443054
1696958201053164000,12.2651640625,0.37829017639160156,-0.5393538475036621,-0.08577269315719604
1696958201063177500,12.275177490234375,0.2529888153076172,-0.6752108335494995,0.3208938241004944
1696958201073191000,12.28519091796875,-1.669112205505371,-0.4647589921951294,-0.4133811295032501
1696958201083204400,12.295204345703125,0.8673124313354492,0.020375490188598633,-0.7059816122055054
1696958201093217800,12.3052177734375,1.696767807006836,0.006023406982421875,-0.05281694978475571
1696958201103231200,12.315231201171875,-0.3292522430419922,-0.8893614411354065,-0.745241641998291
1696958201113244700,12.32524462890625,-1.494786262512207,-0.8883212804794312,-0.2488318681716919
1696958201123258000,12.335258056640624,1.8922767639160156,-0.6776410341262817,0.6363233327865601
1696958201133271600,12.345271484375,0.13872241973876953,-0.6160546541213989,0.13339629769325256
1696958201143285000,12.355284912109376,-0.7937936782836914,0.09638196229934692,0.1593887209892273
1696958201153298400,12.36529833984375,1.8796625137329102,-0.5246573686599731,0.7801971435546875
1696958201163311900,12.375311767578125,0.6707792282104492,-0.5288001298904419,0.4355584979057312
1696958201173325300,12.3853251953125,-0.6689071655273438,-0.6383724212646484,-0.35925936698913574
1696958201183338500,12.39533837890625,-0.5143575668334961,-0.8216392397880554,0.40444105863571167
1696958201193352000,12.40535205078125,2.12033748626709,-0.45811283588409424,0.6556333303451538
1696958201203365400,12.415365478515625,-1.4879789352416992,-0.7231912612915039,-0.26321423053741455
1696958201213378800,12.42537890625,0.2933006286621094,-0.40787720680236816,-0.023009955883026123
1696958201223392300,12.435392333984375,1.0768060684204102,-0.3828314542770386,0.42995768785476685
1696958201233405400,12.445405517578125,-0.6702079772949219,-0.6347852945327759,0.17295780777931213
1696958201243419000,12.4554189453125,0.07719802856445312,-0.7453457713127136,-0.2805789113044739
1696958201253432300,12.465432373046875,-0.4676933288574219,-0.7200590372085571,0.4718022346496582
1696958201263445800,12.47544580078125,1.507370948791504,-0.7246534824371338,0.2547677159309387
1696958201273459000,12.485458984375,-1.6598072052001953,-0.7592491507530212,-0.2033659815788269
1696958201283472400,12.495472412109375,0.7479286193847656,-0.8454923629760742,-0.10879825055599213
1696958201293485800,12.50548583984375,1.090592384338379,-0.647200345993042,0.3937293291091919
1696958201303499300,12.515499267578125,-1.0673980712890625,-0.6415700912475586,-0.3945840299129486
1696958201313512700,12.5255126953125,-0.48171329498291016,-0.7068064212799072,0.04676027595996857
1696958201323526000,12.53552587890625,0.6858062744140625,-0.7458230257034302,0.41059017181396484
1696958201333539300,12.545539306640626,-0.6491050720214844,-0.8605715036392212,0.09724242985248566
1696958201343552800,12.555552734375,-1.3786993026733398,-0.8109773993492126,-0.5775231719017029
1696958201353566200,12.565566162109375,0.8756532669067383,-0.6468257904052734,-0.09163585305213928
1696958201363579600,12.57557958984375,-0.7606182098388672,-1.0215494632720947,-0.03217734396457672
1696958201373592800,12.5855927734375,-0.8639945983886719,-0.6550989151000977,-0.7396764755249023
1696958201383606300,12.595606201171876,0.44284725189208984,-0.8975369930267334,-0.3545859158039093
1696958201393619700,12.60561962890625,-0.2174997329711914,-1.2134528160095215,-0.17107033729553223
1696958201403633200,12.615633056640625,-0.7905788421630859,-0.8030869364738464,-0.4598386287689209
1696958201413646300,12.625646240234374,0.2915163040161133,-1.0219801664352417,-0.4753047823905945
1696958201423659800,12.63565966796875,0.10918426513671875,-0.8476240634918213,-0.07564808428287506
1696958201433673200,12.645673095703126,0.6585750579833984,-1.0141483545303345,-0.4202995002269745
1696958201443686700,12.655686767578125,-1.6560964584350586,-0.7588716745376587,-0.6351903676986694
1696958201453700000,12.6657001953125,1.3968210220336914,-0.8842687606811523,-0.3101975619792938
1696958201463713300,12.67571337890625,-0.17391300201416016,-0.9091055989265442,-0.5063900351524353
1696958201473726700,12.685726806640625,-0.9813270568847656,-0.7523642778396606,-1.045708179473877
1696958201483740200,12.695740234375,0.6125087738037109,-1.185502529144287,-0.653339147567749
1696958201493753600,12.705753662109375,0.6875953674316406,-0.6633273363113403,-0.4355659782886505
1696958201503767000,12.71576708984375,-1.316488265991211,-1.3028035163879395,-0.8172537088394165
1696958201513780200,12.7257802734375,0.010316848754882812,-0.8764252066612244,-0.9047341346740723
1696958201523793700,12.735793701171875,0.9807043075561523,-0.27992600202560425,-0.9245260953903198
1696958201533807000,12.74580712890625,-1.0337591171264648,-0.06825190782546997,-1.386579155921936
1696958201543820500,12.755820556640625,0.0009222030639648438,-0.9024526476860046,-0.5782674551010132
1696958201553833700,12.765833740234376,1.0712766647338867,-1.1903011798858643,-0.4049040675163269
1696958201563847200,12.77584716796875,-0.006672859191894531,-0.22212141752243042,-1.2432581186294556
1696958201573860600,12.785860595703125,-0.17880821228027344,0.2718825936317444,-1.4753220081329346
1696958201583874000,12.7958740234375,0.5286788940429688,-0.5048948526382446,-0.27047067880630493
1696958201593887500,12.805887451171875,0.9860382080078125,-1.2339260578155518,-0.3634464144706726
1696958201603900700,12.815900634765624,-1.2101287841796875,-0.5173587799072266,-0.6616369485855103
1696958201613914000,12.8259140625,0.6181344985961914,-0.6845079064369202,-0.5417518615722656
1696958201623927600,12.835927490234376,1.1423254013061523,-0.7503842711448669,-0.2275879979133606
1696958201633941000,12.84594091796875,0.6422872543334961,-0.9906173944473267,-0.8318794369697571
1696958201643954400,12.855954345703125,-0.7977962493896484,-0.7493489384651184,-1.0755223035812378
1696958201653967600,12.865967529296874,0.6998434066772461,-0.8172390460968018,-0.44738471508026123
1696958201663981000,12.87598095703125,1.3052053451538086,-0.7358843088150024,-0.2744136452674866
1696958201673994500,12.885994384765626,-1.1495351791381836,-1.0796386003494263,-0.28306159377098083
1696958201684008000,12.896008056640625,0.6453189849853516,-0.9846315383911133,0.30012446641921997
1696958201694021400,12.906021484375,2.1684703826904297,-0.736849308013916,-0.43726545572280884
1696958201704034600,12.91603466796875,-1.874802589416504,-0.6244310140609741,-0.589566707611084
1696958201714048000,12.926048095703125,1.0017471313476562,-0.8154172897338867,-0.174370676279068
1696958201724061400,12.9360615234375,0.9808006286621094,-0.5006543397903442,-0.07472731918096542
1696958201734075000,12.946074951171875,-1.0096864700317383,-0.97257000207901,-0.5695710182189941
1696958201744088000,12.956088134765626,-0.4716825485229492,-0.6668366193771362,-0.7729914784431458
1696958201754101500,12.9661015625,0.06486225128173828,-0.7235093116760254,0.02242710068821907
1696958201764115000,12.976114990234375,0.968174934387207,-0.4997440278530121,-0.5558313131332397
1696958201774128400,12.98612841796875,-1.3613929748535156,-0.3621382713317871,-1.0240789651870728
1696958201784141800,12.996141845703125,-0.19197654724121094,-0.3027799129486084,-0.0299178846180439
1696958201794155300,13.0061552734375,1.1037979125976562,-0.5047653913497925,0.04150688648223877
1696958201804168700,13.016168701171875,-1.011164665222168,-0.6480588912963867,-0.7274864315986633
1696958201814182100,13.02618212890625,-0.612086296081543,-0.40128856897354126,-0.2852860391139984
1696958201824195600,13.036195556640624,0.9952545166015625,-0.2768063545227051,0.27905380725860596
1696958201834209000,13.046208984375,0.35232067108154297,-0.4524590075016022,-0.454778254032135
1696958201844222500,13.056222412109374,-1.11566162109375,-0.6765053272247314,-0.8301923274993896
1696958201854236000,13.06623583984375,-0.2719907760620117,-0.4189700782299042,-0.1571776568889618
1696958201864249300,13.076249267578126,0.5363521575927734,-0.2701416015625,-0.41183361411094666
1696958201874262800,13.0862626953125,-0.6024904251098633,-0.6554664969444275,-0.7783878445625305
1696958201884276200,13.096276123046875,-0.8018484115600586,-0.45616987347602844,-0.6590414643287659
1696958201894289700,13.10628955078125,0.8965578079223633,-0.23369109630584717,-0.46156278252601624
1696958201904303000,13.11630322265625,0.00060272216796875,-0.5240515470504761,-0.5671222805976868
1696958201914316500,13.126316650390624,-0.96966552734375,-0.750618577003479,-1.0540318489074707
1696958201924330000,13.136330078125,-0.37489891052246094,-0.411245197057724,-0.42864465713500977
1696958201934343400,13.146343505859376,1.5470829010009766,-0.42325088381767273,-0.4393022060394287
1696958201944356900,13.15635693359375,-0.9753046035766602,-0.8666836023330688,-1.183503270149231
1696958201954370300,13.166370361328125,-0.6625938415527344,-0.4395301640033722,-0.38439223170280457
1696958201964383700,13.1763837890625,1.9244365692138672,-0.4568651020526886,-0.045249685645103455
1696958201974397200,13.186397216796875,-0.030294418334960938,-0.5645323991775513,-0.7001440525054932
1696958201984410600,13.19641064453125,-0.28847503662109375,-0.5894328355789185,-0.44337180256843567
1696958201994424000,13.206424072265625,1.4467706680297852,-0.5229507684707642,-0.04235008731484413
1696958202004437500,13.2164375,0.9987173080444336,-0.4024173319339752,0.0266842283308506
1696958202014451000,13.226450927734374,0.24102115631103516,-0.6772691011428833,-0.28304117918014526
1696958202024464400,13.23646435546875,0.0013980865478515625,-0.287788450717926,-0.07039777934551239
1696958202034477800,13.246477783203124,0.7277917861938477,-0.4783799946308136,0.11985035985708237
1696958202044491300,13.2564912109375,0.6590023040771484,-0.6677625775337219,-0.5659591555595398
1696958202054504700,13.266504638671876,-1.0819282531738281,-0.5068964958190918,-1.081058144569397
1696958202064518100,13.27651806640625,-0.3148078918457031,-0.3691617548465729,-0.5265425443649292
1696958202074531600,13.286531494140625,1.7508125305175781,-0.2907087802886963,-0.6806076169013977
1696958202084545000,13.296544921875,-2.5639986991882324,-0.3925900161266327,-1.1206613779067993
1696958202094558500,13.306558349609375,0.2475109100341797,-0.384799987077713,-0.4669286906719208
1696958202104572000,13.316572021484374,0.6343717575073242,0.1232789158821106,0.023888498544692993
1696958202114585300,13.32658544921875,-0.41373729705810547,-0.7285749912261963,-0.8690675497055054
1696958202124598800,13.336598876953126,-1.0529193878173828,-0.0498620867729187,-0.5741232633590698
1696958202134612200,13.3466123046875,0.7275400161743164,-0.14568418264389038,0.03558692708611488
1696958202144625700,13.356625732421875,-0.2489614486694336,-0.19109714031219482,-0.2767922580242157
1696958202154639000,13.36663916015625,-0.29129791259765625,-0.31544774770736694,-0.658504068851471
1696958202164652300,13.37665234375,-0.3907928466796875,-0.024660468101501465,-0.19373548030853271
1696958202174665700,13.386665771484376,0.22670459747314453,0.18041741847991943,0.01468699425458908
1696958202184679200,13.39667919921875,0.07807540893554688,-0.6048943996429443,-0.4552484154701233
1696958202194692600,13.406692626953125,-1.5755500793457031,-0.3656521439552307,-1.0194836854934692
1696958202204706000,13.4167060546875,0.640904426574707,0.2344346046447754,-0.17290149629116058
1696958202214719200,13.42671923828125,0.5486469268798828,-0.5707667469978333,-0.46583953499794006
1696958202224732700,13.436732666015626,-1.0823793411254883,-0.4066222012042999,-0.6886065006256104
1696958202234746000,13.44674609375,0.14844894409179688,-0.07489383220672607,-0.231707364320755
1696958202244759600,13.456759521484376,0.05735492706298828,-0.0804014801979065,-0.04388683661818504
1696958202254773000,13.46677294921875,0.4154787063598633,-0.5419633388519287,-0.6086824536323547
1696958202264786200,13.4767861328125,-0.9808158874511719,-0.06020164489746094,-0.6188864707946777
1696958202274799600,13.486799560546874,0.3212099075317383,0.06310105323791504,0.032365582883358
1696958202284813000,13.49681298828125,1.1378307342529297,-0.45565828680992126,0.12284375727176666
1696958202294826500,13.506826416015626,-0.939112663269043,-0.5593073964118958,-0.057296253740787506
1696958202304839700,13.516839599609375,0.5685338973999023,-0.4135638177394867,0.012859180569648743
1696958202314853000,13.52685302734375,0.3808937072753906,0.34548449516296387,0.008328158408403397
1696958202324866600,13.536866455078124,0.8530025482177734,-0.438466340303421,-0.6134182214736938
1696958202334880000,13.5468798828125,-1.1274280548095703,-0.2961525321006775,-0.32803109288215637
1696958202344893400,13.5568935546875,0.801091194152832,-0.26398760080337524,0.2334578037261963
1696958202354906600,13.56690673828125,1.0095806121826172,-0.28979045152664185,-0.42012134194374084
1696958202364920000,13.576920166015626,-1.253340721130371,0.03064936399459839,-0.39016398787498474
1696958202374933500,13.58693359375,0.49872493743896484,-0.19657987356185913,0.3132486045360565
1696958202384947000,13.596947021484375,0.1630840301513672,-0.1308063268661499,0.15137046575546265
1696958202394960400,13.60696044921875,-0.20540809631347656,-0.3107762336730957,-0.4105033874511719
1696958202404973600,13.6169736328125,-0.5011587142944336,0.10551130771636963,-0.5356472730636597
1696958202414987000,13.626987060546876,0.15944576263427734,-0.10787802934646606,0.340893417596817
1696958202425000400,13.63700048828125,0.8376379013061523,-0.23627203702926636,0.14756257832050323
1696958202435014000,13.647013916015625,-1.482259750366211,-0.48901209235191345,-0.5789047479629517
1696958202445027000,13.657027099609374,0.4518394470214844,-0.010647773742675781,0.11437582969665527
1696958202455040500,13.66704052734375,1.0338430404663086,-0.2506585121154785,0.3524072468280792
1696958202465054000,13.677053955078126,-0.37871837615966797,-0.3004492521286011,-0.237572580575943
1696958202475067400,13.6870673828125,-0.11503982543945312,-0.5228866338729858,-0.17190244793891907
1696958202485080800,13.697080810546876,0.18147945404052734,-0.14304089546203613,0.46585243940353394
1696958202495094000,13.707093994140624,1.1988162994384766,-0.41355761885643005,0.020282477140426636
1696958202505107500,13.717107421875,-1.5232114791870117,-0.08988136053085327,-0.40650293231010437
1696958202515121000,13.727120849609374,0.14328861236572266,-0.25662219524383545,0.49185872077941895
1696958202525134300,13.73713427734375,1.9926795959472656,-0.2690173387527466,0.20554563403129578
1696958202535147800,13.747147705078126,-2.4041595458984375,-0.37818047404289246,-0.26740074157714844
1696958202545161000,13.757160888671875,0.8322982788085938,-0.12199413776397705,0.04105929285287857
1696958202555174400,13.76717431640625,-0.2830209732055664,0.08573764562606812,0.425360769033432
1696958202565187800,13.777187744140624,0.9458417892456055,-0.362991064786911,-0.07482996582984924
1696958202575201300,13.787201171875,-2.2581658363342285,-0.09718960523605347,0.1548723578453064
1696958202585214500,13.79721435546875,0.9061861038208008,0.3168379068374634,0.47538018226623535
1696958202595228000,13.807227783203125,0.8182611465454102,-0.02745264768600464,0.23476579785346985
1696958202605241300,13.817241455078126,-1.9794416427612305,-0.18499326705932617,-0.09611871093511581
1696958202615254800,13.8272548828125,0.0708465576171875,-0.1403874158859253,0.2833106517791748
1696958202625268200,13.837268310546875,0.047034263610839844,0.23487824201583862,0.5994917154312134
1696958202635281400,13.847281494140624,0.3766746520996094,-0.44900617003440857,-0.07252638787031174
1696958202645294800,13.857294921875,-1.3827896118164062,0.45896798372268677,0.1246238648891449
1696958202655308300,13.867308349609376,1.076995849609375,-0.16210675239562988,0.7463955879211426
1696958202665321700,13.87732177734375,0.1712779998779297,0.17986935377120972,0.29166701436042786
1696958202675335200,13.887335205078125,-0.7992849349975586,-0.1593714952468872,0.08205752074718475
1696958202685348400,13.897348388671874,0.3974609375,-0.03930562734603882,0.3766295909881592
1696958202695361800,13.90736181640625,0.6833276748657227,0.055098116397857666,0.43209129571914673
1696958202705375200,13.917375244140626,-1.0673370361328125,-0.35749807953834534,-0.02487138658761978
1696958202715388700,13.927388671875,0.06305789947509766,0.23774689435958862,0.2304147481918335
1696958202725401900,13.93740185546875,1.1575336456298828,0.21073037385940552,0.7008052468299866
1696958202735415300,13.947415283203124,-0.16430187225341797,-0.42084065079689026,0.4096794128417969
1696958202745428700,13.9574287109375,-0.5031328201293945,0.009472131729125977,-0.22653019428253174
1696958202755442200,13.967442138671874,-1.4575738906860352,0.0763348937034607,0.8524413704872131
1696958202765455600,13.97745556640625,1.9199275970458984,0.11602598428726196,0.8811243176460266
1696958202775468800,13.98746875,-0.6987247467041016,-0.13154786825180054,-0.4268476963043213
1696958202785482200,13.997482177734375,-0.8214015960693359,0.20705312490463257,0.678064227104187
1696958202795495700,14.00749560546875,2.2153921127319336,0.23403453826904297,0.815739631652832
1696958202805509000,14.017509033203124,-2.9036145210266113,-0.34024447202682495,-0.08605008572340012
1696958202815522600,14.0275224609375,-0.1487865447998047,0.042933523654937744,-0.11850228905677795
1696958202825535700,14.03753564453125,0.37743377685546875,0.33837389945983887,0.7268548011779785
1696958202835549200,14.047549072265625,0.7012786865234375,0.03405839204788208,0.09298557043075562
1696958202845562600,14.057562744140625,-1.4175376892089844,-0.15188300609588623,-0.03062671422958374
1696958202855576000,14.067576171875,0.46864986419677734,-0.08947610855102539,0.6030997633934021
1696958202865589200,14.07758935546875,0.43405723571777344,-0.08459961414337158,0.8107157349586487
1696958202875602700,14.087602783203126,-0.5373477935791016,-0.3442125618457794,0.37029415369033813
1696958202885616000,14.0976162109375,0.10422992706298828,-0.14056694507598877,0.5878439545631409
1696958202895629600,14.107629638671876,1.1791191101074219,0.21527302265167236,1.0243372917175293
1696958202905643000,14.11764306640625,0.5452814102172852,-0.21009856462478638,0.6118714809417725
1696958202915656200,14.12765625,-1.5542068481445312,0.012010455131530762,0.16136233508586884
1696958202925669600,14.137669677734374,1.3120040893554688,-0.27115219831466675,0.8386552929878235
1696958202935683000,14.14768310546875,0.11413002014160156,-0.1104394793510437,0.38032811880111694
1696958202945696500,14.157696533203126,-1.0285158157348633,-0.4038824141025543,0.019461289048194885
1696958202955710000,14.1677099609375,0.06847000122070312,0.036852121353149414,0.2090373933315277
1696958202965723100,14.17772314453125,0.12565231323242188,-0.19228094816207886,0.3454491198062897
1696958202975736600,14.187736572265624,-0.37639904022216797,-0.34497568011283875,-0.30701178312301636
1696958202985750000,14.19775,-0.901036262512207,-0.004106879234313965,0.355185329914093
1696958202995763500,14.207763427734376,1.0892305374145508,0.011835813522338867,0.794723391532898
1696958203005777000,14.21777685546875,-0.17496490478515625,-0.1719394326210022,0.267045259475708
1696958203015790300,14.227790283203126,-0.3466062545776367,-0.035132646560668945,0.3066011071205139
1696958203025803800,14.2378037109375,-0.23093318939208984,-0.16487526893615723,0.6002938747406006
1696958203035817200,14.247817138671875,0.8924484252929688,0.2885247468948364,0.7016671895980835
1696958203045830700,14.25783056640625,0.8713350296020508,-0.4511394798755646,-0.011618778109550476
1696958203055844000,14.267843994140625,-2.275522232055664,-0.007393598556518555,0.27934741973876953
1696958203065857500,14.277857421875,1.902029037475586,-0.028762459754943848,0.8035511374473572
1696958203075871000,14.28787109375,-0.29135704040527344,-0.16936033964157104,0.22447362542152405
1696958203085884400,14.297884521484375,-0.5918722152709961,-0.03685265779495239,-0.1425442397594452
1696958203095897900,14.30789794921875,0.7238397598266602,-0.06012606620788574,0.3956865072250366
1696958203105911300,14.317911376953125,-0.5205039978027344,0.07487338781356812,0.5921589732170105
1696958203115924700,14.3279248046875,1.0195293426513672,-0.41607436537742615,0.054621726274490356
1696958203125938200,14.337938232421875,-1.8406591415405273,0.18640106916427612,0.259879469871521
1696958203135951600,14.34795166015625,1.6857833862304688,-0.010426938533782959,0.6670273542404175
1696958203145965000,14.357965087890625,0.16695022583007812,0.010468661785125732,0.43342649936676025
1696958203155978500,14.367978515625,-1.4201326370239258,-0.14485400915145874,0.13066086173057556
1696958203165992000,14.377991943359374,0.6813449859619141,-0.032932281494140625,0.7150578498840332
1696958203176005400,14.38800537109375,1.100367546081543,-0.0006752610206604004,0.6821309328079224
1696958203186018800,14.398018798828126,-0.6513566970825195,-0.2254927158355713,0.18907064199447632
1696958203196032300,14.4080322265625,0.033644676208496094,0.26884758472442627,0.491039514541626
1696958203206045700,14.418045654296876,0.4399127960205078,-0.1530468463897705,0.974540114402771
1696958203216059100,14.42805908203125,0.6156368255615234,-0.28620582818984985,0.6224843263626099
1696958203226072600,14.438072509765625,-0.3750486373901367,0.0622979998588562,0.02308914065361023
1696958203236085800,14.448085693359374,-0.2498006820678711,0.22124934196472168,0.9351879954338074
1696958203246099200,14.45809912109375,1.7913827896118164,-0.023213684558868408,0.5482138991355896
1696958203256112600,14.468112548828126,-1.902231216430664,0.022401034832000732,0.0337902307510376
1696958203266126000,14.4781259765625,0.7546300888061523,-0.08813703060150146,0.4794096052646637
1696958203276139500,14.488139404296875,0.3659048080444336,0.3393957018852234,1.1797467470169067
1696958203286153000,14.498153076171874,0.8761634826660156,-0.3905244767665863,0.41232651472091675
1696958203296166400,14.50816650390625,-1.6013822555541992,0.11508899927139282,0.24403315782546997
1696958203306179800,14.518179931640624,0.5052680969238281,0.2854078412055969,1.3089131116867065
1696958203316193300,14.528193359375,1.282973289489746,-0.08070498704910278,0.5751293301582336
1696958203326206700,14.538206787109376,-1.9316482543945312,-0.10446834564208984,0.1037169098854065
1696958203336220200,14.54822021484375,1.059976577758789,0.027442514896392822,0.8924803733825684
1696958203346233600,14.558233642578125,-0.6008472442626953,0.05309700965881348,0.7213078141212463
1696958203356247000,14.5682470703125,0.6047630310058594,-0.3311096727848053,0.27361437678337097
1696958203366260500,14.578260498046875,-1.0116920471191406,0.16288810968399048,-0.0245496928691864
1696958203376273700,14.588273681640626,-0.48358154296875,0.18999403715133667,0.6917953491210938
1696958203386287000,14.598287109375,1.7639055252075195,-0.051541149616241455,0.33201339840888977
1696958203396300500,14.608300537109375,-2.001269817352295,-0.029492080211639404,-0.3749975562095642
1696958203406314000,14.61831396484375,-0.5433969497680664,-0.18453192710876465,0.4691203832626343
1696958203416327200,14.6283271484375,1.020979881286621,0.501964271068573,0.8900479078292847
1696958203426340600,14.638340576171874,-0.32431507110595703,-0.2886836528778076,0.08759316802024841
1696958203436354000,14.64835400390625,-0.7582626342773438,0.13276934623718262,0.0692281424999237
1696958203446367500,14.658367431640626,0.792236328125,0.5533477067947388,1.1857588291168213
1696958203456381000,14.668380859375,1.0721826553344727,-0.5433241128921509,0.15804985165596008
1696958203466394000,14.67839404296875,-1.864546775817871,0.31695932149887085,0.0011433959007263184
1696958203476407600,14.688407470703124,0.22375011444091797,0.35225796699523926,0.7459448575973511
1696958203486421000,14.6984208984375,0.5242996215820312,-0.042059361934661865,0.6652151942253113
1696958203496434400,14.708434326171876,-0.9250154495239258,-0.33821776509284973,0.26619070768356323
1696958203506448000,14.71844775390625,-0.5642013549804688,0.8730847835540771,0.9202759265899658
1696958203516461000,14.7284609375,1.3151493072509766,0.2845350503921509,1.1732470989227295
1696958203526474500,14.738474609375,-1.1733312606811523,-0.7642408013343811,-0.00882643461227417
1696958203536488000,14.748488037109375,-2.159656524658203,0.3916000723838806,0.6512724161148071
1696958203546501400,14.75850146484375,3.0833358764648438,1.0283923149108887,0.9600898027420044
1696958203556514800,14.768514892578125,-1.3879480361938477,-0.999559223651886,-0.3532722592353821
1696958203566528000,14.778528076171876,0.2020740509033203,0.46010541915893555,0.6345775127410889
1696958203576541400,14.78854150390625,1.296248435974121,-0.32396987080574036,-0.025825440883636475
1696958203586555000,14.798554931640625,-2.6066384315490723,-0.09275287389755249,0.0008568167686462402
1696958203596568300,14.808568359375,2.9436521530151367,-0.33981069922447205,0.7019270658493042
1696958203606581500,14.81858154296875,-1.4835748672485352,0.008534848690032959,0.12704551219940186
1696958203616595000,14.828594970703126,0.1065053939819336,0.3667835593223572,0.5776935815811157
1696958203626608400,14.8386083984375,2.5631237030029297,0.21783983707427979,0.5976276397705078
1696958203636621800,14.848621826171875,-3.3353543281555176,-0.6072204113006592,0.45285549759864807
1696958203646635300,14.85863525390625,1.8196420669555664,0.2695978879928589,0.816303551197052
1696958203656648400,14.8686484375,1.1991195678710938,0.8152540326118469,0.7745240926742554
1696958203666662000,14.878661865234376,-0.9688005447387695,0.07074183225631714,0.9303786754608154
1696958203676675300,14.88867529296875,0.2856874465942383,0.006035029888153076,0.6129099726676941
1696958203686688800,14.898688720703126,-1.1392145156860352,0.8240386247634888,0.5536906719207764
1696958203696702200,14.9087021484375,1.0427207946777344,0.17198729515075684,0.7798647880554199
1696958203706715400,14.91871533203125,-0.952850341796875,-0.8134316205978394,-0.16442722082138062
1696958203716728800,14.928728759765624,-0.4486274719238281,0.5983957052230835,0.016490459442138672
1696958203726742300,14.9387421875,0.7425355911254883,0.03827810287475586,0.4630070626735687
1696958203736755700,14.948755615234376,-1.5148382186889648,-0.21262288093566895,-0.005819588899612427
1696958203746769000,14.958768798828125,0.04211616516113281,0.019502758979797363,-0.46386289596557617
1696958203756782300,14.9687822265625,-0.846405029296875,-0.05408674478530884,0.23749011754989624
1696958203766795800,14.978795654296874,1.8416376113891602,-0.09034949541091919,0.7514407634735107
1696958203776809200,14.988809326171875,0.6666984558105469,-0.5206592679023743,-0.012065857648849487
1696958203786822700,14.99882275390625,-2.3261423110961914,0.3269326090812683,0.6464060544967651
1696958203796835800,15.0088359375,3.5052309036254883,-0.012347042560577393,0.7822897434234619
1696958203806849300,15.018849365234376,-1.711909294128418,0.3052991032600403,0.23353618383407593
1696958203816862700,15.02886279296875,-0.02059173583984375,-0.07374429702758789,0.7648880481719971
1696958203826876200,15.038876220703125,2.2401647567749023,0.6434586644172668,0.9664978981018066
1696958203836889600,15.0488896484375,0.5335226058959961,-0.016113579273223877,0.7107735872268677
1696958203846902800,15.05890283203125,-0.7101640701293945,0.044304728507995605,0.29251760244369507
1696958203856916200,15.068916259765626,-1.535186767578125,-0.042887866497039795,0.1461312174797058
1696958203866929700,15.0789296875,-0.09746742248535156,0.414817214012146,0.8417510390281677
1696958203876943000,15.088943115234375,0.8586301803588867,0.08245795965194702,0.47320452332496643
1696958203886956300,15.098956298828124,-0.40508556365966797,0.04712730646133423,-0.11935260891914368
1696958203896969700,15.1089697265625,-0.155364990234375,0.33312463760375977,0.4992540776729584
1696958203906983200,15.118983154296876,-0.6996078491210938,-0.2950226664543152,0.7404711246490479
1696958203916996600,15.12899658203125,-1.0085582733154297,-0.20827698707580566,-0.17283019423484802
1696958203927010000,15.139010009765625,-1.488490104675293,0.41353410482406616,0.16244953870773315
1696958203937023200,15.149023193359374,1.3827886581420898,0.26630109548568726,1.402791976928711
1696958203947036700,15.15903662109375,2.220353126525879,0.1436309814453125,0.03821718692779541
1696958203957050000,15.169050048828124,-2.840808868408203,-0.2073184847831726,0.48915815353393555
1696958203967063600,15.1790634765625,0.8553619384765625,0.023391664028167725,0.8764854669570923
1696958203977077000,15.189076904296876,-0.5039396286010742,-0.07128298282623291,0.28663110733032227
1696958203987090200,15.199090087890625,-0.48343563079833984,0.00455164909362793,0.8983381390571594
1696958203997103600,15.209103515625,3.2641677856445312,0.4297173023223877,0.2286069393157959
1696958204007117000,15.219116943359374,-1.747054100036621,0.21988022327423096,0.997517466545105
1696958204017130500,15.229130615234375,1.3822650909423828,-0.2963305115699768,0.4368460178375244
1696958204027143700,15.239143798828126,-3.404757022857666,-0.3282359838485718,0.1422053575515747
1696958204037157000,15.2491572265625,2.2472686767578125,0.521797239780426,0.4290938973426819
1696958204047170600,15.259170654296875,1.7975244522094727,-0.4274696409702301,0.4323742389678955
1696958204057184000,15.26918408203125,-1.9057626724243164,0.11620640754699707,0.5011382699012756
1696958204067197400,15.279197509765625,1.5682373046875,-0.006436765193939209,0.47862499952316284
1696958204077210600,15.289210693359376,-2.148736000061035,0.18702393770217896,0.6446434855461121
1696958204087224000,15.29922412109375,1.6364498138427734,-0.4102455675601959,0.5170179009437561
1696958204097237500,15.309237548828126,-0.8953390121459961,0.36457961797714233,0.024532675743103027
1696958204107251000,15.3192509765625,-0.40583229064941406,0.411888062953949,0.7127970457077026
1696958204117264400,15.329264404296875,1.9894886016845703,-0.3564881980419159,0.37520068883895874
1696958204127277600,15.339277587890624,-2.6077866554260254,-0.4089594781398773,0.049892961978912354
1696958204137291000,15.349291015625,0.5048732757568359,-0.036532461643218994,0.27745896577835083
1696958204147304400,15.359304443359376,0.0021448135375976562,0.19518685340881348,0.738347053527832
1696958204157318000,15.36931787109375,0.8814096450805664,-0.16228652000427246,-0.048326313495635986
1696958204167331000,15.3793310546875,-1.868246078491211,0.06513702869415283,0.2530628442764282
1696958204177344500,15.389344482421874,1.0132503509521484,0.14106261730194092,0.6494222283363342
1696958204187358000,15.39935791015625,0.3943815231323242,-0.3265776038169861,-0.19523072242736816
1696958204197371400,15.409371337890626,-1.8190312385559082,0.039738476276397705,-0.14976412057876587
1696958204207384800,15.419384765625,1.2921123504638672,0.28922855854034424,0.8099225759506226
1696958204217398000,15.42939794921875,-0.46967315673828125,0.023466765880584717,0.2548494338989258
1696958204227411500,15.439411376953124,-0.7311801910400391,-0.34233883023262024,0.3486163020133972
1696958204237425000,15.4494248046875,0.46082401275634766,0.04939258098602295,-0.017558753490447998
1696958204247438300,15.459438232421874,-1.2508878707885742,0.2690713405609131,0.4886031150817871
1696958204257451800,15.46945166015625,1.8441219329833984,-0.6236339807510376,0.2194138765335083
1696958204267465000,15.47946484375,-1.9592218399047852,-0.076205313205719,-0.4016091227531433
1696958204277478400,15.489478515625,0.3588571548461914,0.12916123867034912,0.47958266735076904
1696958204287491800,15.499491943359375,1.357081413269043,0.21169066429138184,0.4393879175186157
1696958204297505300,15.50950537109375,-0.5384511947631836,-0.18964499235153198,0.6375366449356079
1696958204307518700,15.519518798828125,0.6100912094116211,-0.04663872718811035,0.6619094014167786
1696958204317532200,15.5295322265625,-0.23233318328857422,0.019925832748413086,1.417553424835205
1696958204327545600,15.539545654296875,1.0968475341796875,-0.3499349057674408,1.0525379180908203
1696958204337559000,15.54955908203125,-0.6310319900512695,-0.23209881782531738,0.21577662229537964
1696958204347572500,15.559572509765625,-0.14202404022216797,-0.23634886741638184,0.33996516466140747
1696958204357586000,15.5695859375,0.8762989044189453,0.426677942276001,0.39343518018722534
1696958204367599400,15.579599365234374,-0.17705821990966797,-0.07850521802902222,0.05296999216079712
1696958204377612800,15.58961279296875,-2.083305835723877,0.953222393989563,-0.31131112575531006
1696958204387626200,15.599626220703126,1.4441423416137695,-0.1840868592262268,0.9361743330955505
1696958204397639700,15.6096396484375,0.8338537216186523,-0.6214708089828491,0.5706682801246643
1696958204407653000,15.619653076171875,-3.1824288368225098,-0.25111812353134155,-0.256075382232666
1696958204417666600,15.62966650390625,0.6919212341308594,1.5005532503128052,0.6183022856712341
1696958204427680000,15.639679931640625,1.3356389999389648,-0.10534816980361938,1.0918729305267334
1696958204437693400,15.649693359375,-1.0045270919799805,-0.841189444065094,0.34716373682022095
1696958204447707000,15.659706787109375,-1.6233482360839844,0.28267335891723633,0.21375876665115356
1696958204457720300,15.66972021484375,0.7942342758178711,0.5640341639518738,0.8752913475036621
1696958204467733800,15.679733642578125,-0.3592500686645508,0.11768543720245361,1.2668884992599487
1696958204477747200,15.689747314453125,1.5575265884399414,-0.5109617710113525,-0.0797848105430603
1696958204487760600,15.6997607421875,-2.9047789573669434,0.38599270582199097,-0.08164352178573608
1696958204497774000,15.709774169921875,1.207357406616211,-0.0010555386543273926,0.4122551679611206
1696958204507787500,15.71978759765625,-0.7213401794433594,-0.7892322540283203,-0.2511748671531677
1696958204517801000,15.729801025390625,-1.5127038955688477,0.6310988664627075,-0.13313841819763184
1696958204527814100,15.739814208984376,1.9702682495117188,0.0805550217628479,0.09446722269058228
1696958204537827600,15.74982763671875,-0.4380941390991211,0.01606041193008423,-0.26240020990371704
1696958204547841000,15.759841064453125,-1.4021081924438477,-0.23416852951049805,-0.5605937838554382
1696958204557854500,15.7698544921875,-0.6050472259521484,0.6667456030845642,-0.3594927191734314
1696958204567868000,15.779867919921875,0.6346311569213867,0.5035542249679565,-0.0883786678314209
1696958204577881300,15.78988134765625,-1.1870155334472656,-0.023182809352874756,-0.08910351991653442
1696958204587894800,15.799894775390625,-0.9450969696044922,-0.013733506202697754,-0.47186076641082764
1696958204597908200,15.809908203125,0.9885025024414062,0.9871808886528015,0.20783132314682007
1696958204607921700,15.819921630859374,-0.6097946166992188,-0.4912095367908478,-0.20458751916885376
1696958204617935000,15.82993505859375,-1.654648780822754,0.43228578567504883,-0.21711546182632446
1696958204627948500,15.839948486328124,0.7298383712768555,0.44794172048568726,0.2291799783706665
1696958204637962000,15.8499619140625,0.6374282836914062,0.23020464181900024,0.43250805139541626
1696958204647975200,15.85997509765625,1.075566291809082,-0.6722338199615479,0.04675865173339844
1696958204657988600,15.869988525390625,-0.9625406265258789,0.37909889221191406,0.5252639651298523
1696958204668002000,15.880001953125,2.069507598876953,-0.44025906920433044,0.6282567381858826
1696958204678015500,15.890015380859374,-0.48262596130371094,-0.13424766063690186,0.36180299520492554
1696958204688029000,15.90002880859375,0.6754550933837891,0.45745646953582764,0.8496004343032837
1696958204698042000,15.9100419921875,2.59930419921875,-0.5271939039230347,0.3735237121582031
1696958204708055600,15.9200556640625,-0.7041444778442383,0.10375332832336426,0.8209405541419983
1696958204718069000,15.930069091796875,2.1601266860961914,-0.08072662353515625,0.17750126123428345
1696958204728082400,15.94008251953125,-2.5329713821411133,-0.2602546215057373,0.36997878551483154
1696958204738095600,15.950095703125,2.9119930267333984,-0.06409651041030884,1.242066740989685
1696958204748109000,15.960109130859376,1.9876203536987305,-0.21402233839035034,0.5231034159660339
1696958204758122500,15.97012255859375,-2.1841015815734863,0.39426976442337036,0.3855817914009094
1696958204768136000,15.980135986328126,3.01621150970459,-0.22673773765563965,1.280562162399292
1696958204778149400,15.9901494140625,-0.5032253265380859,-0.07016819715499878,0.8553645014762878
1696958204788162600,16.00016259765625,-0.36309051513671875,-0.33164331316947937,0.628749668598175
1696958204798176000,16.010176025390624,1.7646980285644531,0.3455703854560852,0.7460510730743408
1696958204808189400,16.020189453125,-0.3896007537841797,0.005616605281829834,1.3526244163513184
1696958204818203000,16.030202880859374,1.6469154357910156,-0.21750801801681519,0.5437173247337341
1696958204828216300,16.04021630859375,-1.4774932861328125,0.11087161302566528,0.20036017894744873
1696958204838229500,16.0502294921875,0.027147293090820312,0.456753671169281,1.431462287902832
1696958204848243000,16.060242919921876,1.3412513732910156,0.0012766122817993164,1.1037434339523315
1696958204858256400,16.07025634765625,-0.8845901489257812,-0.4964560568332672,-0.10427123308181763
1696958204868269800,16.080269775390626,-0.8964862823486328,0.11909306049346924,0.5836219787597656
1696958204878283000,16.090282958984375,1.7769927978515625,0.21845579147338867,0.9963412880897522
1696958204888296400,16.10029638671875,-0.4066610336303711,-0.47992220520973206,0.3296668529510498
1696958204898310000,16.110309814453124,-0.27683162689208984,0.17174267768859863,0.06807875633239746
1696958204908323300,16.1203232421875,0.3882484436035156,-0.12907624244689941,0.8449493050575256
1696958204918336800,16.130336669921874,0.7263422012329102,0.051872968673706055,0.32104945182800293
1696958204928350000,16.140349853515627,-0.8571577072143555,-0.3834001123905182,0.03200489282608032
1696958204938363400,16.15036328125,-0.12867450714111328,-0.018220484256744385,0.633805513381958
1696958204948376800,16.160376953125,1.8119001388549805,-0.05711108446121216,0.556796133518219
1696958204958390300,16.170390380859374,-1.102900505065918,-0.17919784784317017,0.0453755259513855
1696958204968403700,16.18040380859375,-0.25429725646972656,0.10206329822540283,0.35749077796936035
1696958204978417000,16.1904169921875,0.6494998931884766,0.25591331720352173,0.4519760012626648
1696958204988430300,16.200430419921876,-0.7043323516845703,-0.3116382956504822,0.6900155544281006
1696958204998443800,16.21044384765625,0.11433982849121094,0.10295385122299194,-0.14716041088104248
1696958205008457200,16.220457275390626,-1.3481292724609375,0.17601817846298218,0.6428530216217041
1696958205018470400,16.230470458984374,1.7470026016235352,-0.054783403873443604,0.6977622509002686
1696958205028483800,16.24048388671875,-1.1391878128051758,-0.02730172872543335,-0.385750949382782
1696958205038497300,16.250497314453124,-1.2988033294677734,-0.316822350025177,0.42526161670684814
1696958205048510700,16.2605107421875,1.5046758651733398,-0.05293327569961548,0.6472952365875244
1696958205058524200,16.270524169921874,-1.844367504119873,0.24123787879943848,0.14632940292358398
1696958205068537300,16.280537353515626,0.20537376403808594,-0.2717582583427429,-0.2843640446662903
1696958205078550800,16.29055078125,-0.8895235061645508,-0.19664812088012695,0.48799288272857666
1696958205088564200,16.300564208984376,1.583547592163086,0.7580525875091553,0.9315552115440369
1696958205098577700,16.31057763671875,-0.07454109191894531,-0.4274565875530243,-1.0810673236846924
1696958205108591000,16.320591064453126,-3.0035815238952637,-0.37867027521133423,0.16537368297576904
1696958205118604300,16.330604248046875,2.8582048416137695,0.248010516166687,0.9439452886581421
1696958205128617700,16.34061767578125,-1.3065910339355469,-0.05035609006881714,0.025573909282684326
1696958205138631200,16.350631103515624,-0.6107101440429688,-0.1325829029083252,-0.26592278480529785
1696958205148644600,16.36064453125,1.1496925354003906,-0.10770189762115479,0.759504497051239
1696958205158657800,16.37065771484375,-0.4732646942138672,0.5267868638038635,0.35788625478744507
1696958205168671200,16.380671142578127,-0.1426677703857422,-0.35921359062194824,-0.12073075771331787
1696958205178684700,16.3906845703125,-0.3668956756591797,-0.12519514560699463,0.3774498701095581
1696958205188698000,16.400697998046876,1.4211807250976562,0.06849372386932373,0.5777501463890076
1696958205198711600,16.410711669921874,-0.957514762878418,-0.16851836442947388,0.0345115065574646
1696958205208724700,16.420724853515626,-0.29117298126220703,-0.1012871265411377,-0.2670275568962097
1696958205218738200,16.43073828125,0.9092435836791992,0.09152942895889282,0.5622698664665222
1696958205228751600,16.440751708984376,-0.02016448974609375,-0.6381185054779053,-0.10917967557907104
1696958205238765000,16.45076513671875,-0.8038463592529297,0.19204926490783691,-0.6073703765869141
1696958205248778500,16.460778564453125,0.2116708755493164,-0.2799772024154663,0.03841209411621094
1696958205258791700,16.470791748046874,1.1002311706542969,-0.2781370282173157,0.08315813541412354
1696958205268805000,16.48080517578125,-0.4455547332763672,-0.4746600091457367,-0.4333154559135437
1696958205278818600,16.490818603515624,-0.8359451293945312,0.12175053358078003,-0.39626097679138184
1696958205288832000,16.50083203125,1.4893074035644531,-0.05113792419433594,0.4256618022918701
1696958205298845400,16.510845458984374,1.08465576171875,-0.3966182470321655,-0.3914419412612915
1696958205308858600,16.520858642578126,-2.49685001373291,-0.00451129674911499,-0.5595124363899231
1696958205318872000,16.5308720703125,1.3521347045898438,0.16556131839752197,0.26531457901000977
1696958205328885500,16.540885498046876,0.7236003875732422,0.07883358001708984,0.1410679817199707
1696958205338899000,16.55089892578125,-1.538167953491211,-0.5658077001571655,-0.5392800569534302
1696958205348912000,16.560912109375,0.7075033187866211,0.18643492460250854,-0.3381683826446533
1696958205358925600,16.570925537109375,0.0950784683227539,0.20581865310668945,0.04725605249404907
1696958205368939000,16.58093896484375,-0.5928058624267578,-0.38243407011032104,-0.6561942100524902
1696958205378952400,16.590952392578124,-1.1305828094482422,0.14697754383087158,-0.6509982347488403
1696958205388966000,16.6009658203125,0.5554819107055664,0.08400106430053711,0.4383276104927063
1696958205398979000,16.61097900390625,0.7268276214599609,-0.27820879220962524,-0.30159854888916016
1696958205408992500,16.620992431640627,-2.1798319816589355,0.18481743335723877,-0.7618394494056702
1696958205419006000,16.631005859375,0.45977783203125,0.17074847221374512,0.5617579221725464
1696958205429019400,16.641019287109376,0.9753189086914062,0.06254172325134277,0.21881985664367676
1696958205439032800,16.65103271484375,-1.2487287521362305,-0.15915238857269287,-0.39756226539611816
1696958205449046000,16.6610458984375,-0.08379745483398438,0.25927257537841797,-0.027112066745758057
1696958205459059500,16.6710595703125,0.7055940628051758,0.14654791355133057,0.5091245174407959
1696958205469073000,16.681072998046876,-0.9397954940795898,-0.025134563446044922,-0.15061938762664795
1696958205479086300,16.69108642578125,-0.6503782272338867,0.29588139057159424,-0.36888056993484497
1696958205489099500,16.701099609375,0.20708370208740234,-0.29087865352630615,-0.024948537349700928
1696958205499113000,16.711113037109374,0.4028949737548828,0.07373416423797607,-0.09124785661697388
1696958205509126400,16.72112646484375,-1.1412744522094727,-0.7133544683456421,-0.31710994243621826
1696958205519139800,16.731139892578124,-1.1382179260253906,0.33898603916168213,-0.13621985912322998
1696958205529153300,16.7411533203125,2.1384592056274414,0.18824481964111328,0.40356701612472534
1696958205539166700,16.751166748046874,-0.5857114791870117,-0.12240755558013916,-0.4427136778831482
1696958205549180200,16.76118017578125,-1.7550849914550781,0.2861069440841675,-0.09564316272735596
1696958205559193600,16.771193603515623,1.652054786682129,0.26542460918426514,0.5589634776115417
1696958205569207000,16.78120703125,0.2762308120727539,-0.21495437622070312,-0.24118340015411377
1696958205579220500,16.791220458984377,-1.4067401885986328,-0.2139066457748413,-0.5126585960388184
1696958205589234000,16.80123388671875,0.2262287139892578,0.40535223484039307,0.18559002876281738
1696958205599247400,16.811247314453126,1.3962593078613281,0.24564898014068604,0.08940458297729492
1696958205609260800,16.8212607421875,-1.283778190612793,-0.27084577083587646,-0.7529087066650391
1696958205619274200,16.831274169921876,-0.865081787109375,0.23445570468902588,-0.16345316171646118
1696958205629287700,16.84128759765625,1.1008405685424805,-0.08435356616973877,0.12619709968566895
1696958205639301000,16.851301025390626,-0.30254173278808594,-0.4198497533798218,-0.8279262185096741
1696958205649314600,16.861314453125,-1.1622228622436523,-0.11855030059814453,-0.4366190433502197
1696958205659328000,16.871327880859376,1.3779211044311523,-0.04526865482330322,-0.04496818780899048
1696958205669341400,16.881341552734376,0.4853248596191406,0.49609875679016113,-0.16735291481018066
1696958205679355000,16.89135498046875,-0.4958829879760742,-0.42179739475250244,-0.6516227722167969
1696958205689368300,16.901368408203126,-0.49517345428466797,-0.08630192279815674,-0.08083051443099976
1696958205699381800,16.9113818359375,2.1197948455810547,0.09683537483215332,0.3143746852874756
1696958205709395200,16.921395263671876,-0.6051816940307617,-0.38496577739715576,-0.6139853596687317
1696958205719408600,16.93140869140625,-0.905268669128418,0.21208429336547852,-0.42868441343307495
1696958205729422000,16.941422119140626,2.341289520263672,0.18661773204803467,-0.013319730758666992
1696958205739435500,16.951435546875,-0.5130853652954102,-0.34537172317504883,-0.3954434394836426
1696958205749449000,16.961448974609375,-0.6607465744018555,-0.37233829498291016,-0.9219902157783508
1696958205759462400,16.97146240234375,-0.740570068359375,0.016826391220092773,-0.17256420850753784
1696958205769475800,16.981475830078125,1.917729377746582,-0.13191699981689453,-0.07813006639480591
1696958205779489300,16.9914892578125,-0.4003124237060547,-0.43425238132476807,-0.7463356852531433
1696958205789502700,17.001502685546875,-1.3987092971801758,0.26034975051879883,-0.6196168661117554
1696958205799516200,17.01151611328125,1.6485166549682617,-0.2018478512763977,0.002347111701965332
1696958205809529600,17.021529541015624,-0.45868778228759766,-0.3775482773780823,-0.4478186368942261
1696958205819543000,17.03154296875,-0.7973423004150391,-0.0631331205368042,-0.6062266230583191
1696958205829556500,17.041556396484374,0.3845958709716797,0.016497552394866943,0.028396546840667725
1696958205839570000,17.05156982421875,1.1622076034545898,-0.13117897510528564,-0.02393096685409546
1696958205849583400,17.061583251953124,-1.5985708236694336,-0.3213154077529907,-0.8409826755523682
1696958205859596800,17.0715966796875,-0.6488227844238281,0.060938894748687744,-0.6750495433807373
1696958205869610200,17.0816103515625,0.8435840606689453,0.07119721174240112,-0.11644786596298218
1696958205879623700,17.091623779296874,-0.296142578125,-0.35856229066848755,-0.6106496453285217
1696958205889637000,17.10163720703125,-1.2466754913330078,-0.15516728162765503,-0.6509754657745361
1696958205899650600,17.111650634765624,0.7251243591308594,0.11103785037994385,0.12421667575836182
1696958205909664000,17.1216640625,0.7804861068725586,0.1672607660293579,-0.4122135043144226
1696958205919677400,17.131677490234374,-2.1129016876220703,-0.31473469734191895,-0.7211465239524841
1696958205929691000,17.14169091796875,0.46317386627197266,0.2303379774093628,0.11981719732284546
1696958205939704300,17.151704345703124,2.0245141983032227,0.25766485929489136,0.22932982444763184
1696958205949717800,17.1617177734375,-0.9198856353759766,-0.4072200655937195,-0.431489497423172
1696958205959731200,17.171731201171873,-0.5309305191040039,0.2900887727737427,-0.10375958681106567
1696958205969744600,17.18174462890625,1.2286262512207031,0.11799049377441406,0.14118599891662598
1696958205979758000,17.191758056640627,-0.041172027587890625,-0.1739252209663391,-0.10763931274414062
1696958205989771500,17.201771484375,-0.5528373718261719,-0.24805426597595215,-0.47172364592552185
1696958205999785000,17.211784912109376,0.8242664337158203,-0.07388955354690552,-0.4103633165359497
1696958206009798400,17.22179833984375,0.6215333938598633,0.05032551288604736,0.35493117570877075
1696958206019811800,17.231811767578126,-0.15465641021728516,-0.30830442905426025,-0.6566053628921509
1696958206029825300,17.2418251953125,-1.4689140319824219,0.04358643293380737,-0.39359256625175476
1696958206039838700,17.251838623046876,2.72586727142334,0.518011212348938,0.5665991902351379
1696958206049852000,17.261851806640625,-0.5163936614990234,-0.3703940510749817,-0.44660893082618713
1696958206059865300,17.271865234375,-1.710423469543457,-0.09686493873596191,-0.42019522190093994
1696958206069878800,17.281878662109374,2.771747589111328,0.4053225517272949,0.31194156408309937
1696958206079892200,17.291892333984375,-1.0821447372436523,-0.1043139100074768,0.030627191066741943
1696958206089905400,17.301905517578124,-1.060938835144043,0.23016202449798584,-0.4921826422214508
1696958206099918800,17.3119189453125,1.4457578659057617,0.15380173921585083,0.22714054584503174
1696958206109932300,17.321932373046874,0.1614093780517578,0.09584826231002808,0.21684575080871582
1696958206119945700,17.33194580078125,-1.6554555892944336,0.08803510665893555,-0.42935851216316223
1696958206129959200,17.341959228515623,0.8810977935791016,-0.08967220783233643,0.0742332935333252
1696958206139972400,17.351972412109376,0.28157806396484375,0.13305485248565674,0.3012197017669678
1696958206149985800,17.36198583984375,-1.7411165237426758,0.17948031425476074,-0.1037479043006897
1696958206159999200,17.371999267578126,1.4596567153930664,-0.04252064228057861,-0.4021420478820801
1696958206170012700,17.3820126953125,-0.5223903656005859,0.2534376382827759,0.3195091485977173
1696958206180026000,17.392026123046875,-0.48818492889404297,0.35606855154037476,-0.46510404348373413
1696958206190039300,17.402039306640624,-0.9224729537963867,-0.45467409491539,-0.4574233293533325
1696958206200052700,17.412052734375,0.5517654418945312,0.48426979780197144,0.11993658542633057
1696958206210066200,17.422066162109374,-0.9266090393066406,-0.1474187970161438,-0.36806511878967285
1696958206220079600,17.43207958984375,-1.5747194290161133,-0.028319180011749268,-0.2650684118270874
1696958206230092800,17.4420927734375,2.572359085083008,0.37939679622650146,-0.17188715934753418
1696958206240106200,17.452106201171876,-2.485180377960205,0.12698882818222046,-0.4532124102115631
1696958206250119700,17.46211962890625,-0.17148971557617188,-0.44390347599983215,-0.10742992162704468
1696958206260133000,17.472133056640626,1.8553733825683594,0.40545111894607544,-0.03875488042831421
1696958206270146600,17.482146484375,-2.0009875297546387,0.05023479461669922,-0.04489719867706299
1696958206280159700,17.49215966796875,1.5922555923461914,-0.07324254512786865,-0.14100158214569092
1696958206290173200,17.502173095703125,0.7762289047241211,0.27642250061035156,0.1416272521018982
1696958206300186600,17.5121865234375,-1.5580024719238281,0.34475088119506836,-0.10343831777572632
1696958206310200000,17.522199951171874,0.9828929901123047,-0.08367204666137695,-0.11511361598968506
1696958206320213500,17.532213623046875,0.6700534820556641,0.32035040855407715,-0.11044931411743164
1696958206330226700,17.542226806640624,-1.9552860260009766,-0.010061085224151611,0.16206824779510498
1696958206340240100,17.552240234375,1.2793588638305664,0.08982014656066895,-0.44694939255714417
1696958206350253600,17.562253662109374,0.44504451751708984,0.45733964443206787,-0.42574501037597656
1696958206360267000,17.57226708984375,-2.5238027572631836,0.2953106760978699,-0.14102858304977417
1696958206370280200,17.5822802734375,2.2129011154174805,-0.059564411640167236,-0.3150469958782196
1696958206380293600,17.592293701171876,-0.735748291015625,0.44559675455093384,0.027405917644500732
1696958206390307000,17.60230712890625,-0.9206085205078125,-0.03381788730621338,0.2787421941757202
1696958206400320500,17.612320556640626,1.891256332397461,-0.13874214887619019,-0.10026901960372925
1696958206410334000,17.622333984375,-0.3734006881713867,0.322037935256958,0.25403451919555664
1696958206420347100,17.63234716796875,-0.09561920166015625,-0.011347353458404541,0.3565184473991394
1696958206430360600,17.642360595703124,1.4144153594970703,0.17951923608779907,0.004696071147918701
1696958206440374000,17.6523740234375,-0.022420883178710938,0.3479838967323303,0.09849590063095093
1696958206450387500,17.662387451171874,-0.9593544006347656,-0.24426662921905518,0.21187472343444824
1696958206460401000,17.67240087890625,1.5037775039672852,0.10166651010513306,0.04555541276931763
1696958206470414000,17.6824140625,0.5877103805541992,0.35850316286087036,-0.04864686727523804
1696958206480427800,17.692427734375,-1.3734970092773438,0.3171519637107849,0.16869515180587769
1696958206490441500,17.70244140625,2.8733177185058594,-0.02356654405593872,-0.0959341824054718
1696958206500455200,17.712455078125,-3.0591516494750977,0.347991943359375,0.12285876274108887
1696958206510468900,17.72246875,1.5878934860229492,-0.5255262851715088,-0.3149702548980713
1696958206520482300,17.732482421875,0.08850860595703125,0.4477041959762573,-0.41701459884643555
1696958206530495700,17.742495849609377,-1.5746803283691406,0.29969561100006104,0.0044186413288116455
1696958206540509200,17.75250927734375,0.1349334716796875,-0.016558945178985596,-0.11103728413581848
1696958206550522600,17.762522705078126,0.3306894302368164,0.8555812835693359,-0.45786717534065247
1696958206560536000,17.7725361328125,-3.779850959777832,0.1490681767463684,-0.6627916693687439
1696958206570549200,17.78254931640625,0.5968284606933594,0.19807124137878418,-0.17559990286827087
1696958206580562700,17.792562744140625,0.10372447967529297,0.7503370046615601,-0.20380502939224243
1696958206590576000,17.802576171875,-4.23128080368042,0.4696197509765625,-0.32477036118507385
1696958206600589600,17.812589599609375,1.5277690887451172,0.6312682032585144,0.27636316418647766
1696958206610603000,17.82260302734375,-1.8639941215515137,0.9512074589729309,0.03164112567901611
1696958206620616200,17.8326162109375,-2.944934844970703,0.31111013889312744,0.4386666417121887
1696958206630629600,17.842629638671873,1.2003145217895508,0.8741745352745056,0.7344149351119995
1696958206640643000,17.85264306640625,-1.8996968269348145,0.5144513249397278,1.0988668203353882
1696958206650656500,17.862656494140627,-0.9213743209838867,0.24555474519729614,0.9758739471435547
1696958206660670000,17.872669921875,2.4633493423461914,-0.3288760185241699,0.4480946362018585
1696958206670683100,17.88268310546875,-0.6495723724365234,0.08991926908493042,0.5234807133674622
1696958206680696600,17.892696533203125,1.725682258605957,-1.401245355606079,-0.9025822877883911
1696958206690710000,17.9027099609375,1.524953842163086,-1.5727105140686035,-0.35799187421798706
1696958206700723500,17.912723388671875,0.6560373306274414,-3.2959165573120117,0.8482202291488647
1696958206710737000,17.92273681640625,-0.2258310317993164,0.7589821219444275,-1.0521695613861084
1696958206720750000,17.93275,3.2345781326293945,0.046625614166259766,-0.9064851999282837
1696958206730763500,17.942763427734373,-1.3368234634399414,0.6634640097618103,-0.7564610242843628
1696958206740777000,17.95277685546875,3.0385475158691406,-0.6161733269691467,0.010952770709991455
1696958206750790400,17.962790283203127,-1.0588254928588867,-0.8517983555793762,-0.47927170991897583
1696958206760803600,17.972803466796876,-1.2142763137817383,0.25357192754745483,-1.1611040830612183
1696958206770817000,17.982817138671876,3.319549560546875,1.7764852046966553,-0.40386879444122314
1696958206780830500,17.99283056640625,2.108048439025879,1.145648717880249,-0.5599955916404724
1696958206790844000,18.002843994140626,0.09501457214355469,-0.13570833206176758,-0.6223537921905518
1696958206800857300,18.012857421875,2.274531364440918,-0.5765926837921143,-0.16074307262897491
1696958206810870500,18.02287060546875,-2.97298002243042,-0.4492661654949188,0.3506426215171814
1696958206820884000,18.032884033203125,0.952702522277832,-0.05863022804260254,-0.5132948756217957
1696958206830897400,18.0428974609375,0.8075122833251953,0.45214414596557617,-0.45090699195861816
1696958206840910800,18.052910888671875,-0.2693948745727539,-0.22988218069076538,-0.5301852822303772
1696958206850924300,18.06292431640625,0.7920408248901367,-0.5579794645309448,-0.015839695930480957
1696958206860937500,18.0729375,1.8706045150756836,0.3697175979614258,-0.4689680337905884
1696958206870951000,18.082950927734377,-3.1419739723205566,0.6382821202278137,-0.2334086298942566
1696958206880964400,18.09296435546875,2.0315914154052734,-0.1678979992866516,0.09868684411048889
1696958206890977800,18.102977783203126,0.1540050506591797,0.9757660031318665,-0.16063383221626282
1696958206900991000,18.112990966796875,-2.192699909210205,-0.1355952024459839,-0.3451455235481262
1696958206911004400,18.12300439453125,1.258315086364746,0.11858594417572021,0.19709625840187073
1696958206921017900,18.133017822265625,0.7111577987670898,0.3270738124847412,0.31644824147224426
1696958206931031300,18.14303125,-2.85068941116333,0.3343433737754822,0.3079278767108917
1696958206941044700,18.153044677734375,1.2947750091552734,0.058750927448272705,0.36504483222961426
1696958206951058000,18.163057861328124,0.3078908920288086,0.3043549656867981,0.2664777338504791
1696958206961071400,18.1730712890625,-1.6187973022460938,-0.11597234010696411,0.5644654035568237
1696958206971084800,18.183084716796873,3.140225410461426,0.04587376117706299,0.27129751443862915
1696958206981098200,18.19309814453125,-2.9407248497009277,0.34863781929016113,0.5570549964904785
1696958206991111700,18.203111572265627,1.0372800827026367,0.20501476526260376,0.42999041080474854
1696958207001124900,18.213124755859376,0.6530628204345703,0.7070950269699097,0.3658411502838135
1696958207011138300,18.22313818359375,-3.0471935272216797,0.7325732111930847,0.2751566469669342
1696958207021151700,18.23315185546875,-0.5405559539794922,-0.03683549165725708,0.34601524472236633
1696958207031165200,18.243165283203126,0.09667682647705078,0.5996624827384949,-0.31162533164024353
1696958207041178400,18.253178466796875,-3.520918846130371,-0.2020961046218872,-0.1749284863471985
1696958207051191800,18.26319189453125,1.6581907272338867,0.20447218418121338,-0.38279446959495544
1696958207061205200,18.273205322265625,-0.3570060729980469,0.659101128578186,-0.11074307560920715
1696958207071218700,18.28321875,-1.183156967163086,-0.016676127910614014,-0.19082975387573242
1696958207081232100,18.293232177734374,1.4769649505615234,0.14310801029205322,-0.18997463583946228
1696958207091245600,18.30324560546875,-2.5405921936035156,-0.0790204405784607,-0.1720772087574005
1696958207101259000,18.313259033203124,0.7629680633544922,-0.06201648712158203,0.12073928117752075
1696958207111272400,18.3232724609375,1.4447507858276367,0.2505192160606384,-0.03705611824989319
1696958207121286000,18.333285888671874,-1.2394485473632812,0.08889156579971313,-0.13930705189704895
1696958207131299300,18.34329931640625,1.0906219482421875,0.07285147905349731,0.26855015754699707
1696958207141312800,18.353312744140624,2.335542678833008,0.5933552980422974,-0.19174283742904663
1696958207151326200,18.363326171875,-2.883908748626709,-0.08909386396408081,-0.05301445722579956
1696958207161339600,18.373339599609373,1.8491888046264648,0.8135001063346863,0.38964152336120605
1696958207171353000,18.38335302734375,0.41618919372558594,0.1213526725769043,0.27736854553222656
1696958207181366500,18.393366455078127,-2.7584147453308105,-0.20680397748947144,-0.17916736006736755
1696958207191380000,18.4033798828125,2.6960086822509766,0.39325714111328125,-0.23885560035705566
1696958207201393400,18.413393310546876,-3.0208778381347656,0.5955451726913452,-0.23868578672409058
1696958207211406800,18.42340673828125,0.4312763214111328,0.249170184135437,-0.258515864610672
1696958207221420300,18.433420166015626,0.8750381469726562,0.47714734077453613,-0.1963052749633789
1696958207231433700,18.443433837890623,-2.9696125984191895,-0.19082319736480713,-0.39825165271759033
1696958207241447200,18.453447265625,1.1996431350708008,0.11097711324691772,0.1845291256904602
1696958207251460600,18.463460693359377,0.17417335510253906,0.22733986377716064,-0.09167706966400146
1696958207261474000,18.47347412109375,-1.938988208770752,0.2350682020187378,-0.12825459241867065
1696958207271487500,18.483487548828126,3.4512033462524414,0.5447492003440857,0.3671739101409912
1696958207281501000,18.4935009765625,-1.9381656646728516,0.15097475051879883,-0.1174212396144867
1696958207291514400,18.503514404296876,-0.9354820251464844,0.02100503444671631,0.1613554060459137
1696958207301527800,18.51352783203125,2.9951019287109375,0.430327832698822,0.12880945205688477
1696958207311541200,18.523541259765626,-3.1914525032043457,-0.07941460609436035,-0.27144742012023926
1696958207321554700,18.5335546875,1.4655771255493164,-0.1531570553779602,-0.07085287570953369
1696958207331568000,18.543568115234375,1.4576826095581055,0.2130783200263977,-0.21008791029453278
1696958207341581600,18.55358154296875,-3.262887954711914,0.10343927145004272,-0.080780029296875
1696958207351595000,18.563594970703125,3.74130916595459,0.3057922124862671,0.6366012692451477
1696958207361608400,18.5736083984375,-1.4331474304199219,0.22291314601898193,0.36026471853256226
1696958207371622000,18.583621826171875,-1.3583240509033203,-0.6972400546073914,0.5691910982131958
1696958207381635300,18.59363525390625,3.0467872619628906,0.015335440635681152,0.8016541004180908
1696958207391648800,18.603648681640625,-2.4031801223754883,0.009330272674560547,0.5615823268890381
1696958207401662200,18.613662109375,0.5269947052001953,-0.50067138671875,0.5339254140853882
1696958207411675600,18.623675537109374,2.0076074600219727,-0.9055035710334778,-0.45056432485580444
1696958207421689000,18.633689208984375,-2.1070990562438965,-0.6052294969558716,-0.3512709140777588
1696958207431702500,18.64370263671875,1.3149299621582031,0.7863284349441528,-0.6382546424865723
1696958207441716000,18.653716064453125,-0.39907169342041016,2.014026641845703,-1.7585644721984863
1696958207451729400,18.6637294921875,-1.1628141403198242,0.553141713142395,-0.8821973204612732
1696958207461742800,18.673742919921875,1.2863483428955078,0.09882330894470215,-0.27420732378959656
1696958207471756300,18.68375634765625,-2.205343246459961,-0.00331270694732666,-0.7758796811103821
1696958207481769700,18.693769775390624,-0.9676761627197266,0.6034448146820068,-0.4541507959365845
1696958207491783200,18.703783203125,2.690640449523926,0.7169592380523682,-0.8978657126426697
1696958207501796600,18.713796630859374,-3.605358123779297,0.47418713569641113,-0.9004861116409302
1696958207511810000,18.72381005859375,0.47431373596191406,0.38418471813201904,-0.21539448201656342
1696958207521823500,18.733823486328124,0.7742242813110352,0.7659715414047241,-0.1786821484565735
1696958207531837000,18.7438369140625,-1.8424406051635742,-0.309323787689209,-0.45258089900016785
1696958207541850000,18.75385009765625,1.7455625534057617,0.42136937379837036,-0.17463743686676025
1696958207551863600,18.763863525390626,0.5367822647094727,-0.02753239870071411,-0.7867507338523865
1696958207561877000,18.773876953125,-2.1797518730163574,0.08974164724349976,-0.7898192405700684
1696958207571890400,18.783890380859376,2.5656633377075195,0.002256631851196289,-0.21138359606266022
1696958207581904000,18.79390380859375,-1.335495948791504,0.2885153293609619,-0.28013038635253906
1696958207591917000,18.8039169921875,1.2042112350463867,-0.4495972990989685,-0.2608819901943207
1696958207601930500,18.813930419921874,1.3972978591918945,0.4006562829017639,-0.43251681327819824
1696958207611944000,18.82394384765625,-2.6161956787109375,-0.3300931453704834,-0.47045332193374634
1696958207621957400,18.833957275390624,1.6381292343139648,-0.00613248348236084,0.05548021197319031
1696958207631970600,18.843970458984376,1.9830102920532227,0.25690215826034546,-0.35476627945899963
1696958207641984000,18.85398388671875,-2.8631820678710938,-0.275662899017334,-0.07785649597644806
1696958207651997400,18.86399755859375,3.3749313354492188,-0.17008882761001587,0.15448707342147827
1696958207662011000,18.874010986328123,-0.04968547821044922,0.23539799451828003,0.028224587440490723
1696958207672024300,18.8840244140625,-2.0812301635742188,-0.5167180299758911,0.13701879978179932
1696958207682037500,18.89403759765625,3.6824188232421875,0.10860103368759155,0.5752298831939697
1696958207692051000,18.904051025390626,-0.7992935180664062,-0.21600985527038574,0.1613650619983673
1696958207702064400,18.914064453125,-0.6162891387939453,-0.23708027601242065,0.4789278507232666
1696958207712077800,18.924077880859375,3.347073554992676,0.829085648059845,0.5054610967636108
1696958207722091300,18.93409130859375,-2.476691246032715,0.6311755776405334,0.5663776397705078
1696958207732104400,18.9441044921875,1.1462078094482422,-0.8139797449111938,0.36209478974342346
1696958207742118000,18.954117919921874,0.7329378128051758,0.031067728996276855,-0.15586641430854797
1696958207752131300,18.96413134765625,-2.9198660850524902,-0.6467941403388977,0.46380874514579773
1696958207762144800,18.974144775390624,2.4061317443847656,0.23979651927947998,0.06725844740867615
1696958207772158000,18.984157958984376,-1.3887910842895508,0.1830388903617859,-0.1628488451242447
1696958207782171400,18.99417138671875,-2.0735297203063965,-0.18344193696975708,0.043730199337005615
1696958207792184800,19.004184814453126,2.6055870056152344,0.0731269121170044,0.20394012331962585
1696958207802198300,19.0141982421875,-1.882765293121338,0.801271915435791,-0.2343003898859024
1696958207812211700,19.024211669921876,-0.13398361206054688,-0.36818748712539673,0.012728899717330933
1696958207822225000,19.034224853515624,1.4964447021484375,0.37817299365997314,0.18025115132331848
1696958207832238300,19.04423828125,-2.439944267272949,-0.08481734991073608,-0.0005761682987213135
1696958207842251800,19.054251708984374,0.11301231384277344,0.3916635513305664,0.05761313438415527
1696958207852265200,19.06426513671875,1.6567373275756836,0.5920592546463013,0.05763331055641174
1696958207862278700,19.074278564453124,-3.2789769172668457,0.2873880863189697,0.1975119411945343
1696958207872291800,19.084291748046876,2.2338943481445312,0.17323529720306396,0.16187319159507751
1696958207882305300,19.09430517578125,-0.3039112091064453,-0.07857370376586914,-0.4519805312156677
1696958207892318700,19.104318603515626,-2.9843974113464355,0.10256356000900269,0.132513165473938
1696958207902332200,19.114332275390623,3.11588191986084,-0.20176857709884644,-0.09652850031852722
1696958207912345300,19.124345458984376,-2.449191093444824,0.714591920375824,-0.03501659631729126
1696958207922358800,19.13435888671875,1.2313165664672852,-0.38401949405670166,0.030588120222091675
1696958207932372200,19.144372314453125,0.44487476348876953,-0.09359902143478394,-0.3871360421180725
1696958207942385700,19.1543857421875,-1.6493034362792969,0.40071868896484375,0.13593322038650513
1696958207952399000,19.164399169921875,1.1599483489990234,-0.2226705551147461,-0.1493602991104126
1696958207962412300,19.174412353515624,0.07718086242675781,0.1637812852859497,0.02611333131790161
1696958207972425700,19.18442578125,0.23980712890625,0.0217323899269104,0.0490853488445282
1696958207982439200,19.194439208984374,-0.3249378204345703,0.0038208961486816406,0.23331812024116516
1696958207992452600,19.20445263671875,2.2328786849975586,0.7175780534744263,-0.06682533025741577
1696958208002466000,19.214466064453124,-3.1963820457458496,0.00919252634048462,0.23290151357650757
1696958208012479200,19.224479248046876,1.6996889114379883,0.13975155353546143,0.08919289708137512
1696958208022492700,19.23449267578125,0.31032562255859375,0.41765904426574707,-0.22964422404766083
1696958208032506000,19.244506103515626,-2.8304901123046875,-0.23523175716400146,-0.4977306127548218
1696958208042519600,19.25451953125,2.2850542068481445,0.3115103840827942,-0.005518406629562378
1696958208052533000,19.264532958984375,-1.1130266189575195,0.8112316727638245,-0.2901992201805115
1696958208062546200,19.274546142578124,-1.8993382453918457,-0.22715455293655396,-0.15052592754364014
1696958208072559600,19.2845595703125,3.2569875717163086,0.046347618103027344,0.15875846147537231
1696958208082573000,19.294572998046874,-0.879547119140625,0.22674012184143066,-0.263757586479187
1696958208092586500,19.30458642578125,-1.0739030838012695,-0.4181186556816101,0.10145118832588196
1696958208102599700,19.314599609375,3.1151657104492188,0.2269633412361145,-0.09149888157844543
1696958208112613000,19.324613037109376,-2.7128586769104004,-0.01790672540664673,-0.09190219640731812
1696958208122626600,19.33462646484375,1.474802017211914,0.09371960163116455,0.26903530955314636
1696958208132640000,19.344639892578126,1.8922481536865234,0.3446098566055298,0.03270846605300903
1696958208142653400,19.3546533203125,-2.25101900100708,-0.1541556715965271,-0.5113095641136169
1696958208152667000,19.3646669921875,1.4675416946411133,-0.10357791185379028,0.00396844744682312
1696958208162680300,19.374680419921877,-0.24144458770751953,0.2573171854019165,0.012498170137405396
1696958208172693800,19.38469384765625,-1.3784446716308594,-0.057355642318725586,-0.3774486482143402
1696958208182707200,19.394707275390626,2.2189149856567383,0.6295175552368164,-0.21804562211036682
1696958208192720600,19.404720703125,-0.9399805068969727,-0.0286867618560791,-0.1008087694644928
1696958208202734000,19.414734130859376,-1.5161495208740234,-0.3220779299736023,0.25703567266464233
1696958208212747500,19.42474755859375,2.9897565841674805,0.20037317276000977,-0.13743840157985687
1696958208222761000,19.434760986328126,-3.6595945358276367,-0.03693711757659912,-0.040875762701034546
1696958208232774400,19.4447744140625,1.448136329650879,0.13582861423492432,0.1273997724056244
1696958208242787800,19.454787841796875,0.8051252365112305,0.44540929794311523,-0.28664934635162354
1696958208252801300,19.46480126953125,-3.578984260559082,-0.0053948163986206055,-0.2003316879272461
1696958208262814700,19.474814697265625,3.0629653930664062,0.44051361083984375,0.11764553189277649
1696958208272828200,19.484828125,-1.952021598815918,0.2676112651824951,-0.20003309845924377
1696958208282841600,19.494841552734375,-1.7563591003417969,-0.3305974006652832,0.06025990843772888
1696958208292855000,19.50485498046875,2.7547779083251953,0.6617649793624878,0.09621679782867432
1696958208302868500,19.514868408203125,-2.08772611618042,0.09062933921813965,0.1688949465751648
1696958208312882000,19.5248818359375,0.37798309326171875,0.23025202751159668,0.1937738060951233
1696958208322895400,19.534895263671874,2.1743860244750977,0.19114458560943604,0.25781920552253723
1696958208332908800,19.54490869140625,-4.072125434875488,0.07945621013641357,0.24375832080841064
1696958208342922200,19.554922119140624,2.340975761413574,-0.09051859378814697,0.5155926942825317
1696958208352935700,19.564935791015625,1.0215415954589844,0.3757699728012085,-0.25686341524124146
1696958208362949000,19.57494921875,-2.3121633529663086,-0.07600629329681396,0.03626161813735962
1696958208372962600,19.584962646484374,2.873410224914551,0.4779024124145508,-0.11141397058963776
1696958208382976000,19.59497607421875,-0.9275550842285156,0.19343256950378418,0.10622581839561462
1696958208392989400,19.604989501953124,-1.8577327728271484,-0.020197749137878418,0.20796367526054382
1696958208403003000,19.6150029296875,3.035536766052246,-0.0862419605255127,-0.07874220609664917
1696958208413016300,19.625016357421874,-1.583113670349121,0.770493745803833,0.0811353325843811
1696958208423029800,19.63502978515625,0.8382015228271484,-0.6578378677368164,0.2684072256088257
1696958208433043200,19.645043212890624,1.4480457305908203,0.32566070556640625,0.09216773509979248
1696958208443056400,19.655056396484376,-2.235136032104492,0.4342764616012573,0.12929221987724304
1696958208453069800,19.66506982421875,0.5224056243896484,0.07662343978881836,0.56503826379776
1696958208463083300,19.675083251953126,2.9107885360717773,0.23192739486694336,0.11527156829833984
1696958208473096700,19.6850966796875,-3.3328347206115723,-0.35302233695983887,-0.5467966198921204
1696958208483110100,19.695110107421876,1.735581398010254,0.4308422803878784,0.2079109251499176
1696958208493123600,19.70512353515625,1.3925962448120117,-0.08284437656402588,-0.01331368088722229
1696958208503137000,19.715136962890625,-3.1081719398498535,0.16461431980133057,-0.25024694204330444
1696958208513150500,19.725150390625,3.116580009460449,0.0683678388595581,-0.0010945498943328857
1696958208523164000,19.735163818359375,-1.5689830780029297,0.6402169466018677,0.28493863344192505
1696958208533177300,19.74517724609375,-0.10827827453613281,-0.8348914980888367,0.044629186391830444
1696958208543190800,19.755190673828125,1.5409173965454102,0.08188474178314209,-0.13381509482860565
1696958208553204000,19.765203857421874,-1.5736627578735352,0.14754962921142578,0.17916271090507507
1696958208563217400,19.775217529296874,0.15496349334716797,-0.2170015573501587,0.162939190864563
1696958208573230800,19.78523095703125,1.927760124206543,0.34585392475128174,0.4345042109489441
1696958208583244300,19.795244384765624,-2.368105411529541,-0.01719033718109131,0.23995015025138855
1696958208593257700,19.8052578125,0.791107177734375,-0.05337166786193848,0.41482028365135193
1696958208603271000,19.81527099609375,1.0190868377685547,0.026706933975219727,0.17656975984573364
1696958208613284400,19.825284423828126,-2.9787368774414062,0.03731811046600342,0.13605907559394836
1696958208623297800,19.8352978515625,1.9553327560424805,0.049936890602111816,0.0878964364528656
1696958208633311200,19.845311279296876,-0.8828935623168945,0.24053001403808594,0.18658214807510376
1696958208643324400,19.855324462890625,-1.6360883712768555,-0.23000037670135498,0.06639876961708069
1696958208653337900,19.865337890625,1.0870943069458008,0.13402104377746582,0.13641652464866638
1696958208663351300,19.875351318359375,-1.2138700485229492,0.30748748779296875,-0.21625277400016785
1696958208673364700,19.88536474609375,-2.0140204429626465,-0.5260827541351318,0.2943015396595001
1696958208683378200,19.895378173828124,1.8857240676879883,0.4223341941833496,0.08034265041351318
1696958208693391400,19.905391357421873,-1.941615104675293,-0.04664325714111328,0.04870215058326721
1696958208703404800,19.91540478515625,-0.7520952224731445,0.38468503952026367,0.1704293191432953
1696958208713418200,19.925418212890627,2.537835121154785,0.15219545364379883,0.2111663520336151
1696958208723431700,19.935431640625,-4.105992794036865,-0.2480638027191162,-0.1908417046070099
1696958208733445000,19.945445068359376,0.8114194869995117,-0.3496382236480713,0.088438481092453
1696958208743458300,19.955458251953125,1.5125102996826172,0.48718857765197754,0.3825475573539734
1696958208753471700,19.9654716796875,-0.9619970321655273,0.33862030506134033,0.25978371500968933
1696958208763485200,19.975485107421875,1.4914436340332031,-0.5375814437866211,0.26825013756752014
1696958208773498600,19.98549853515625,0.7999200820922852,0.38769054412841797,0.4766690731048584
1696958208783511800,19.99551171875,-0.5452203750610352,0.19759273529052734,0.027187734842300415
1696958208793525200,20.005525146484374,0.6790599822998047,-0.18261218070983887,-0.09585568308830261
1696958208803538700,20.01553857421875,1.599905014038086,0.04135489463806152,0.30833831429481506
1696958208813552000,20.02555224609375,-1.2141914367675781,-0.30309271812438965,-0.03433546423912048
1696958208823565600,20.035565673828124,1.0582876205444336,0.39009273052215576,-0.07852885127067566
1696958208833578800,20.045578857421877,0.8363237380981445,0.26543450355529785,-0.09476450085639954
1696958208843592200,20.05559228515625,-2.4013547897338867,-0.26759326457977295,-0.12055005133152008
1696958208853605600,20.065605712890626,2.7892560958862305,-0.5783870220184326,-0.3401240110397339
1696958208863619000,20.075619140625,-0.9492311477661133,0.2484445571899414,-0.11134636402130127
1696958208873632500,20.085632568359376,0.18048572540283203,0.25850188732147217,0.4881232678890228
1696958208883645700,20.095645751953125,2.908768653869629,-0.2399684190750122,0.42860686779022217
1696958208893659100,20.1056591796875,-1.2700605392456055,0.24949514865875244,0.23736974596977234
1696958208903672600,20.115672607421875,-0.6652393341064453,-0.004140496253967285,0.3367156386375427
1696958208913686000,20.12568603515625,0.4403724670410156,-0.11113941669464111,0.0014927089214324951
1696958208923699200,20.13569921875,0.11448955535888672,0.06592297554016113,0.14003297686576843
1696958208933712600,20.145712646484377,-0.6122550964355469,-0.4222846031188965,-0.3304799199104309
1696958208943726000,20.15572607421875,0.5407962799072266,0.16347551345825195,-0.19476860761642456
1696958208953739500,20.165739501953126,0.028763771057128906,0.47427237033843994,0.38736438751220703
1696958208963753000,20.1757529296875,-2.3132753372192383,-0.3371152877807617,0.20577257871627808
1696958208973766100,20.18576611328125,2.45208740234375,0.4017374515533447,0.3218522369861603
1696958208983779600,20.195779541015625,-1.0945396423339844,-0.17935144901275635,-0.29182085394859314
1696958208993793000,20.20579296875,-2.0959105491638184,-0.273209810256958,0.32747048139572144
1696958209003806500,20.215806396484375,3.9737749099731445,0.19952046871185303,0.011365234851837158
1696958209013820000,20.22581982421875,-3.3615622520446777,0.15002775192260742,-0.02608749270439148
1696958209023833000,20.2358330078125,-0.27160167694091797,0.029358983039855957,0.4513998031616211
1696958209033846500,20.245846435546873,2.15712833404541,0.19641458988189697,0.48829618096351624
1696958209043860000,20.25585986328125,-3.12398624420166,0.21424007415771484,-0.0004436075687408447
1696958209053873400,20.265873291015627,0.5819063186645508,-0.39698123931884766,-0.34296754002571106
1696958209063886600,20.275886474609376,0.2703685760498047,0.35534167289733887,0.5329991579055786
1696958209073900000,20.285900146484376,-0.6287879943847656,-0.1274784803390503,0.0717303454875946
1696958209083913500,20.29591357421875,0.0031948089599609375,-0.16779696941375732,-0.06268662214279175
1696958209093927000,20.305927001953126,0.8685140609741211,0.021798014640808105,0.3881978988647461
1696958209103940400,20.3159404296875,-1.222001075744629,0.131256103515625,0.31959405541419983
1696958209113953500,20.32595361328125,0.9263877868652344,-0.1722579002380371,0.03593134880065918
1696958209123967000,20.335967041015625,1.2733440399169922,0.044568538665771484,-0.14229002594947815
1696958209133980400,20.34598046875,-2.065469264984131,-0.6638355255126953,-0.4858761727809906
1696958209143993900,20.355993896484375,0.6682424545288086,-0.1522066593170166,0.48767486214637756
1696958209154007300,20.36600732421875,2.5882387161254883,0.4641263484954834,0.2004995346069336
1696958209164020500,20.3760205078125,-1.8911504745483398,0.31869232654571533,-0.06570935249328613
1696958209174034000,20.386033935546877,2.084416389465332,-0.5682215690612793,-0.36616918444633484
1696958209184047400,20.39604736328125,-0.118316650390625,0.37849390506744385,0.2122858464717865
1696958209194060800,20.406060791015626,-0.6008129119873047,-0.3093559741973877,-0.30958959460258484
1696958209204074200,20.41607421875,1.2452239990234375,-0.29397010803222656,-0.1097269356250763
1696958209214087400,20.42608740234375,1.3813695907592773,0.013141393661499023,0.03297010064125061
1696958209224100900,20.436100830078125,-2.110548496246338,-0.1222374439239502,0.08946537971496582
1696958209234114300,20.4461142578125,2.305295944213867,0.2595254182815552,0.18537023663520813
1696958209244127700,20.456127685546875,0.6325645446777344,-0.03149735927581787,0.03153267502784729
1696958209254141000,20.466140869140624,-3.1445531845092773,-0.22937846183776855,-0.019972801208496094
1696958209264154400,20.476154296875,2.6790151596069336,-0.33251166343688965,0.2374197244644165
1696958209274167800,20.486167724609373,-0.7056055068969727,0.1252455711364746,0.40101805329322815
1696958209284181200,20.49618115234375,-0.7423830032348633,-0.02524280548095703,-0.11557289958000183
1696958209294194700,20.506194580078127,0.22473526000976562,0.3609623908996582,-0.16786594688892365
1696958209304208000,20.516207763671876,0.3344287872314453,-0.12911748886108398,0.1918087899684906
1696958209314221300,20.52622119140625,-2.2469849586486816,-0.3970773220062256,0.16738960146903992
1696958209324234800,20.53623486328125,0.3339824676513672,-0.49779295921325684,-0.15399673581123352
1696958209334248200,20.546248291015626,0.7303543090820312,0.6372416019439697,0.5206734538078308
1696958209344261600,20.55626171875,-0.1747283935546875,-0.03832662105560303,0.12859594821929932
1696958209354274800,20.56627490234375,-0.5474033355712891,-0.6381809711456299,0.07393896579742432
1696958209364288300,20.576288330078125,0.8593158721923828,0.2548130750656128,0.6783761978149414
1696958209374301700,20.5863017578125,-1.1070337295532227,0.02929973602294922,0.08576256036758423
1696958209384315100,20.596315185546874,-0.2251911163330078,-0.46652328968048096,0.24637028574943542
1696958209394328600,20.60632861328125,0.6071357727050781,0.30206727981567383,0.4939142167568207
1696958209404342000,20.616342041015624,-0.09206199645996094,-0.32148075103759766,-0.14017556607723236
1696958209414355500,20.62635546875,-1.4874277114868164,-0.03361845016479492,-0.4336082935333252
1696958209424369000,20.636368896484374,1.2068986892700195,-0.2917076349258423,0.5559401512145996
1696958209434382300,20.64638232421875,-0.20566463470458984,0.3374687433242798,0.3728383481502533
1696958209444395800,20.656395751953124,-0.5639028549194336,-0.2641613483428955,-0.010502725839614868
1696958209454409200,20.6664091796875,0.47450828552246094,0.501207709312439,0.3486960828304291
1696958209464422700,20.676422607421873,1.022928237915039,-0.552761435508728,-0.03147095441818237
1696958209474436000,20.68643603515625,-1.923543930053711,0.0268862247467041,-0.41213345527648926
1696958209484449500,20.696449462890627,1.6986112594604492,-0.42960798740386963,-0.1840551346540451
1696958209494463000,20.706462890625,-0.22148418426513672,-0.10823392868041992,-0.15097080171108246
1696958209504476400,20.716476318359376,-0.9427251815795898,-0.3448042869567871,-0.40526074171066284
1696958209514489900,20.72648974609375,0.23534774780273438,-0.292120099067688,0.16423049569129944
1696958209524503300,20.73650341796875,1.1094598770141602,0.4250222444534302,0.0704050362110138
1696958209534516700,20.746516845703123,-0.24065399169921875,-0.1624898910522461,-0.5359898805618286
1696958209544530200,20.7565302734375,-1.697850227355957,-0.30699968338012695,-0.5571742057800293
1696958209554543600,20.766543701171877,2.1920013427734375,0.2653529644012451,0.04386085271835327
1696958209564557000,20.77655712890625,-1.3543100357055664,-0.14398932456970215,-0.13167336583137512
1696958209574570500,20.786570556640626,-0.5291624069213867,-0.15067768096923828,-0.376107782125473
1696958209584584000,20.796583984375,0.44734859466552734,0.13506805896759033,0.4578016400337219
1696958209594597400,20.806597412109376,0.9767208099365234,-0.5486568212509155,-0.06485998630523682
1696958209604610800,20.81661083984375,-1.8117103576660156,-0.033217549324035645,-0.7274317741394043
1696958209614624300,20.826624267578126,0.5582637786865234,-0.2303154468536377,0.3392978310585022
1696958209624637700,20.8366376953125,0.8630542755126953,-0.13842833042144775,0.030766993761062622
1696958209634651100,20.846651123046875,-0.8070459365844727,-0.2798546552658081,-0.3634326457977295
1696958209644664600,20.85666455078125,0.2321176528930664,-0.20827949047088623,-0.08111268281936646
1696958209654678000,20.866677978515625,0.40839481353759766,0.30399811267852783,0.24214306473731995
1696958209664691500,20.87669140625,0.19734954833984375,-0.3012505769729614,-0.22213906049728394
1696958209674705000,20.886704833984375,-2.0587821006774902,0.016003966331481934,-0.12506550550460815
1696958209684718300,20.89671826171875,1.2964048385620117,-0.3322765827178955,0.20398342609405518
1696958209694731800,20.906731689453125,-1.0958690643310547,-0.07187986373901367,0.11474576592445374
1696958209704745200,20.9167451171875,-0.5770673751831055,-0.27993905544281006,-0.06592246890068054
1696958209714758700,20.926758544921874,0.44718074798583984,0.2171715497970581,0.19134315848350525
1696958209724771800,20.936771728515627,0.3842306137084961,-0.18631935119628906,0.37880995869636536
1696958209734785300,20.946785400390624,-0.38609790802001953,-0.36260342597961426,0.25708478689193726
1696958209744798700,20.956798828125,-0.495025634765625,-0.4182661771774292,0.6123685836791992
1696958209754812200,20.966812255859374,1.5467424392700195,0.2857111692428589,0.7935874462127686
1696958209764825300,20.976825439453126,0.40559959411621094,-0.3239554166793823,0.10559266805648804
1696958209774838800,20.9868388671875,-0.589594841003418,0.04167675971984863,0.34861788153648376
1696958209784852200,20.996852294921876,1.8441705703735352,-0.1294245719909668,0.9952018857002258
1696958209794865700,21.00686572265625,1.1321392059326172,-0.06851625442504883,-0.19030658900737762
1696958209804879000,21.016879150390626,-1.7571468353271484,-0.2170499563217163,-0.21345798671245575
1696958209814892300,21.026892333984375,1.1094608306884766,-0.2370513677597046,0.022257834672927856
1696958209824905700,21.03690576171875,-0.8236217498779297,0.0651482343673706,0.290941447019577
1696958209834919200,21.046919189453124,0.8076725006103516,-0.021908879280090332,-0.713695764541626
1696958209844932600,21.0569326171875,-0.8763465881347656,-0.3064694404602051,-0.8103973865509033
1696958209854946000,21.066946044921874,0.1198892593383789,0.11831533908843994,0.410709947347641
1696958209864959200,21.076959228515626,1.0946149826049805,-0.342698335647583,-0.23815593123435974
1696958209874972700,21.08697265625,-1.8281373977661133,0.3720601797103882,-0.5465725660324097
1696958209884986000,21.096986083984376,2.042581558227539,-0.21893775463104248,0.6730625629425049
1696958209894999600,21.10699951171875,-0.7580509185791016,-0.23457825183868408,0.32289040088653564
1696958209905013000,21.117012939453126,0.7439708709716797,0.10461103916168213,-0.48921719193458557
1696958209915026200,21.127026123046875,-0.7965784072875977,-0.14059114456176758,-0.29244184494018555
1696958209925039600,21.13703955078125,0.7725734710693359,0.207785964012146,0.22291401028633118
1696958209935053000,21.147052978515624,-0.45264625549316406,-0.708197832107544,-0.23293733596801758
1696958209945066500,21.15706640625,-0.686131477355957,-0.2811683416366577,-0.7829161882400513
1696958209955079700,21.16707958984375,0.20461368560791016,-0.19632840156555176,0.16179344058036804
1696958209965093000,21.177093017578127,2.0867748260498047,-0.18282020092010498,0.10617560148239136
1696958209975106600,21.1871064453125,-1.3779535293579102,-0.1496964693069458,-0.28826963901519775
1696958209985120000,21.1971201171875,0.4121856689453125,-0.3328744173049927,0.19657602906227112
1696958209995133400,21.207133544921874,1.983983039855957,-0.4580577611923218,0.3186509907245636
1696958210005146600,21.217146728515626,-1.7152338027954102,-0.3935673236846924,-0.31822311878204346
1696958210015160000,21.22716015625,0.8648748397827148,-0.1578599214553833,0.38013526797294617
1696958210025173500,21.237173583984376,0.4471111297607422,0.11692750453948975,0.19079548120498657
1696958210035187000,21.24718701171875,-0.7247858047485352,-0.051290154457092285,0.008671611547470093
1696958210045200400,21.257200439453126,-0.6131095886230469,-0.06615543365478516,-0.5858626961708069
1696958210055213600,21.267213623046874,-1.6675939559936523,-0.10979616641998291,0.3079472780227661
1696958210065227000,21.27722705078125,1.7581396102905273,-0.3379119634628296,-0.1878935545682907
1696958210075240400,21.287240478515624,-2.2315964698791504,-0.6333718299865723,-0.8954689502716064
1696958210085254000,21.29725390625,-0.07091712951660156,0.20368635654449463,-0.04712492227554321
1696958210095267000,21.30726708984375,1.1959991455078125,-0.3409290313720703,0.23768487572669983
1696958210105280500,21.317280517578126,-1.4020566940307617,-0.08677470684051514,-0.4348383843898773
1696958210115294000,21.3272939453125,0.6467151641845703,0.0865335464477539,-0.2753657102584839
1696958210125307400,21.337307373046876,-0.4968605041503906,-0.3074296712875366,0.4272739589214325
1696958210135320800,21.34732080078125,1.0667705535888672,-0.35236215591430664,-0.18253476917743683
1696958210145334000,21.357333984375,-0.5366935729980469,-0.4116072654724121,-0.5851783156394958
1696958210155347500,21.367347412109375,-0.3874063491821289,0.394778847694397,-0.3126727342605591
1696958210165361000,21.37736083984375,1.8501243591308594,-0.05145382881164551,-0.4675253927707672
1696958210175374300,21.387374267578124,-2.660830497741699,-0.1633591651916504,-0.9402070045471191
1696958210185387800,21.3973876953125,0.42783355712890625,-0.3919945955276489,-0.6344980001449585
1696958210195401000,21.40740087890625,-0.1269998550415039,0.18738245964050293,-0.27744364738464355
1696958210205414400,21.417414306640627,-0.4517545700073242,-0.4459104537963867,-0.7783557176589966
1696958210215427800,21.427427734375,-0.81842041015625,-0.38373029232025146,-0.6922950744628906
1696958210225441300,21.437441162109376,0.2542705535888672,0.024939894676208496,0.200363427400589
1696958210235454500,21.447454345703125,1.735203742980957,-0.09545707702636719,-0.29705968499183655
1696958210245468000,21.457468017578126,-2.206709384918213,0.1325054168701172,-0.1800416260957718
1696958210255481300,21.4674814453125,2.2380590438842773,-0.30672013759613037,0.7677648663520813
1696958210265494800,21.477494873046876,0.603154182434082,-0.35921645164489746,-0.00733029842376709
1696958210275508200,21.48750830078125,-0.7798318862915039,0.3433406352996826,-0.4004494547843933
1696958210285521400,21.497521484375,0.8182573318481445,-0.049646973609924316,0.21385332942008972
1696958210295534800,21.507534912109374,0.5005941390991211,0.09989511966705322,0.45406055450439453
1696958210305548300,21.51754833984375,0.6329145431518555,-0.30162644386291504,-0.42096173763275146
1696958210315561700,21.527561767578124,-1.3568086624145508,-0.22381353378295898,-0.5100963115692139
1696958210325575200,21.5375751953125,1.0693168640136719,0.1039266586303711,0.3653287887573242
1696958210335588400,21.54758837890625,0.6413965225219727,-0.6439788341522217,-0.2630566358566284
1696958210345601800,21.557601806640626,-2.1415553092956543,0.026770353317260742,-0.5545734763145447
1696958210355615200,21.567615234375,1.5720891952514648,-0.20960307121276855,0.01371261477470398
1696958210365628700,21.577628662109376,0.5698280334472656,-0.1704883575439453,0.12778130173683167
1696958210375641900,21.587641845703125,-0.3157501220703125,-0.3127155900001526,-0.3751133382320404
1696958210385655300,21.5976552734375,0.25388431549072266,-0.3267296552658081,0.3688676655292511
1696958210395668700,21.607668701171875,1.7492036819458008,-0.3225550651550293,0.5020503997802734
1696958210405682200,21.61768212890625,-0.29558277130126953,0.00036728382110595703,-0.008554816246032715
1696958210415695600,21.627695556640624,0.41239261627197266,-0.008600354194641113,0.010373711585998535
1696958210425708800,21.637708740234373,0.09619903564453125,0.03590965270996094,0.6720261573791504
1696958210435722200,21.64772216796875,0.6549167633056641,-0.2694733142852783,0.248112291097641
1696958210445735700,21.657735595703127,-1.066981315612793,-0.14355742931365967,-0.66942298412323
1696958210455749000,21.6677490234375,-1.083601951599121,0.2746957540512085,-0.1050061583518982
1696958210465762600,21.677762451171876,1.1414432525634766,-0.07732880115509033,-0.28747713565826416
1696958210475775700,21.687775634765625,-2.6510143280029297,-0.0023671388626098633,-0.9593677520751953
1696958210485789200,21.6977890625,-0.11660099029541016,-0.24217021465301514,-0.7351698875427246
1696958210495802600,21.707802734375,-0.048951148986816406,-0.16401052474975586,0.14414650201797485
1696958210505816000,21.717816162109376,0.24257850646972656,-0.6204286813735962,0.08889329433441162
1696958210515829200,21.727829345703125,-0.7232160568237305,0.08069765567779541,-0.7298181056976318
1696958210525842700,21.7378427734375,0.12437915802001953,-0.17458319664001465,0.6476027965545654
1696958210535856000,21.747856201171874,3.0631446838378906,-0.2525280714035034,0.2016720473766327
1696958210545869600,21.75786962890625,-1.833296775817871,-0.6468148231506348,-0.7112323045730591
1696958210555883000,21.767883056640624,0.4410438537597656,0.3285413980484009,0.19563525915145874
1696958210565896200,21.777896240234377,2.5094165802001953,-0.4172370433807373,0.015461236238479614
1696958210575909600,21.78790966796875,-1.917238712310791,-0.4327263832092285,-0.40375667810440063
1696958210585923000,21.797923095703126,0.696624755859375,-0.41068947315216064,-0.5014520287513733
1696958210595936500,21.8079365234375,0.19347000122070312,0.049359679222106934,-0.015177756547927856
1696958210605950000,21.817949951171876,1.6553668975830078,-0.1467188596725464,-0.29259586334228516
1696958210615963100,21.827963134765625,-1.1869850158691406,-0.05607748031616211,-0.42435961961746216
1696958210625976600,21.8379765625,0.5600719451904297,-0.024082541465759277,0.3436354398727417
1696958210635990000,21.847989990234375,1.333338737487793,-0.4214264154434204,0.27380457520484924
1696958210646003500,21.85800341796875,-1.5229158401489258,0.13316452503204346,-0.05303719639778137
1696958210656017000,21.868016845703124,-0.042565345764160156,-0.3296006917953491,0.34493228793144226
1696958210666030300,21.8780302734375,1.0568809509277344,0.6343526840209961,0.48420876264572144
1696958210676043800,21.888043701171874,-1.5693063735961914,-0.31606364250183105,-0.6501787900924683
1696958210686057200,21.89805712890625,-2.8750839233398438,-0.19745290279388428,-0.40661585330963135
1696958210696070700,21.908070556640624,1.079573631286621,0.2709304094314575,-0.1805964708328247
1696958210706084000,21.918083984375,-1.3362789154052734,-0.36784255504608154,-0.6572514772415161
1696958210716097500,21.92809765625,-2.503873825073242,0.04575324058532715,-0.9973838329315186
1696958210726111000,21.938111083984374,1.3112592697143555,0.30078577995300293,-0.31273698806762695
1696958210736124400,21.94812451171875,-0.21611499786376953,-0.4195166826248169,-0.47280240058898926
1696958210746137900,21.958137939453124,-0.6171684265136719,-0.4442107677459717,-1.0920209884643555
1696958210756151300,21.9681513671875,-0.34285545349121094,-0.276344895362854,-0.22787857055664062
1696958210766164700,21.978164794921874,2.1382875442504883,0.22403812408447266,0.3677341043949127
1696958210776178200,21.98817822265625,1.2205009460449219,-0.44880175590515137,-0.43149012327194214
1696958210786191600,21.998191650390623,-1.4777917861938477,-0.1925283670425415,0.02079680562019348
1696958210796205000,22.008205078125,2.411069869995117,0.05889725685119629,0.7682969570159912
1696958210806218500,22.018218505859377,-0.6628246307373047,-0.1980193853378296,0.1816110908985138
1696958210816232000,22.02823193359375,0.6335506439208984,-0.2891916036605835,-0.10608342289924622
1696958210826245400,22.038245361328126,0.4410438537597656,0.14321398735046387,0.3171389400959015
1696958210836258800,22.0482587890625,-0.019033432006835938,0.5366297960281372,0.20155826210975647
1696958210846272300,22.058272216796876,0.0956583023071289,-0.26471614837646484,-0.8439608216285706
1696958210856285700,22.06828564453125,-2.2988624572753906,-0.4017568826675415,-0.06493040919303894
1696958210866299100,22.078299072265626,1.3054752349853516,-0.06100177764892578,0.8367948532104492
1696958210876312600,22.0883125,-0.6282405853271484,-0.1501305103302002,0.3158629536628723
1696958210886326000,22.098325927734376,-1.520538330078125,0.07594478130340576,0.0114554762840271
1696958210896339500,22.10833935546875,0.8297710418701172,0.43899619579315186,0.6127144694328308
1696958210906353000,22.118352783203125,-0.24265480041503906,-0.18985331058502197,0.4066307544708252
1696958210916366300,22.128366455078126,-2.5074334144592285,-0.12178909778594971,-0.07506716251373291
1696958210926379800,22.1383798828125,0.3325462341308594,-0.08538448810577393,0.5880975723266602
1696958210936393200,22.148393310546876,0.4753990173339844,0.050126075744628906,0.3627226948738098
1696958210946406700,22.15840673828125,-1.1271324157714844,-0.8838068842887878,-0.6969254612922668
1696958210956420000,22.168420166015625,-0.4742107391357422,0.5660767555236816,-0.28739553689956665
1696958210966433500,22.17843359375,1.6058359146118164,-0.2559276819229126,0.34036290645599365
1696958210976446700,22.18844677734375,0.43102359771728516,-0.3041452169418335,-0.20863810181617737
1696958210986460200,22.198460205078124,-0.640472412109375,0.05097317695617676,-0.08756020665168762
1696958210996473600,22.2084736328125,1.4972095489501953,-0.3868042230606079,0.7229740619659424
1696958211006487000,22.218487060546874,2.2820587158203125,-0.16304516792297363,-0.021191149950027466
1696958211016500500,22.22850048828125,-0.6960973739624023,-0.4793100357055664,-0.588445246219635
1696958211026513700,22.238513671875,1.1309175491333008,0.007723808288574219,0.30594655871391296
1696958211036527000,22.248527099609376,2.566761016845703,0.08066725730895996,0.3618853688240051
1696958211046540500,22.25854052734375,-1.1147270202636719,-0.13565456867218018,-0.5528662800788879
1696958211056554000,22.268553955078126,-0.7776823043823242,-0.40059173107147217,0.09921684861183167
1696958211066567200,22.278567138671875,2.2063188552856445,0.34468281269073486,0.0456448495388031
1696958211076580600,22.28858056640625,-1.0535211563110352,-0.5245317220687866,-0.8815172910690308
1696958211086594000,22.298593994140624,-1.3044281005859375,-0.004000663757324219,-0.8379820585250854
1696958211096607500,22.308607421875,0.8878192901611328,0.1036834716796875,-0.23327767848968506
1696958211106621000,22.318620849609374,-0.09391593933105469,-0.23174941539764404,-0.40282705426216125
1696958211116634000,22.328634033203127,-1.1926288604736328,-0.33328354358673096,-0.8615880012512207
1696958211126647600,22.3386474609375,-0.6352252960205078,-0.45007777214050293,0.2713686525821686
1696958211136661000,22.348660888671876,1.7274703979492188,-0.312686562538147,0.1976395845413208
1696958211146674400,22.35867431640625,-0.5464544296264648,-0.3339141607284546,0.16560012102127075
1696958211156688000,22.36868798828125,0.5587282180786133,-0.13466215133666992,0.39608269929885864
1696958211166701000,22.378701171875,1.3079214096069336,0.26818978786468506,1.0234712362289429
1696958211176714500,22.388714599609376,0.5781164169311523,-0.03242599964141846,0.7393132448196411
1696958211186728000,22.39872802734375,-0.4365100860595703,0.008236885070800781,0.19048866629600525
1696958211196741400,22.408741455078125,0.44351673126220703,0.47960424423217773,0.8133646249771118
1696958211206754800,22.4187548828125,1.4076881408691406,-0.22603857517242432,0.43615058064460754
1696958211216768000,22.42876806640625,-2.6582469940185547,-0.26374495029449463,-0.3267480134963989
1696958211226781400,22.438781494140624,0.31082820892333984,0.27677273750305176,0.24920380115509033
1696958211236795000,22.448794921875,0.9121742248535156,-0.07472825050354004,0.12099018692970276
1696958211246808300,22.458808349609374,-2.2396979331970215,-0.30719423294067383,-0.01549685001373291
1696958211256821500,22.468821533203126,0.9959144592285156,-0.0913170576095581,-0.22827239334583282
1696958211266835000,22.4788349609375,-0.8797597885131836,-0.045671820640563965,0.471906840801239
1696958211276848400,22.488848388671876,1.4156465530395508,-0.49285149574279785,0.007635623216629028
1696958211286861800,22.49886181640625,-1.4405641555786133,0.07700967788696289,-0.10381610691547394
1696958211296875300,22.508875244140626,0.14890289306640625,-0.06767117977142334,0.34271273016929626
1696958211306888400,22.518888427734375,2.0221681594848633,-0.13366836309432983,0.45074695348739624
1696958211316902000,22.52890185546875,-1.8730964660644531,-0.40943843126296997,-0.48199737071990967
1696958211326915300,22.538915283203124,-0.3824806213378906,-0.2240108847618103,0.07481357455253601
1696958211336928800,22.5489287109375,1.2674198150634766,0.1667410135269165,-0.021667003631591797
1696958211346942200,22.558942138671874,-1.373530387878418,-0.4288588762283325,-0.5984905958175659
1696958211356955400,22.568955322265627,-1.20294189453125,0.009489774703979492,-0.4000438451766968
1696958211366968800,22.57896875,1.739522933959961,-0.16117054224014282,0.23538976907730103
1696958211376982300,22.588982177734376,-1.6527996063232422,-0.387998104095459,-0.4310349225997925
1696958211386995700,22.59899560546875,0.16255474090576172,-0.42423635721206665,-0.46121925115585327
1696958211397009000,22.6090087890625,-0.45396995544433594,-0.3590327501296997,-0.32873672246932983
1696958211407022300,22.619022216796875,0.48882389068603516,0.4739763140678406,0.12858331203460693
1696958211417035800,22.629035888671876,0.6551084518432617,0.4464759826660156,-0.7604876756668091
1696958211427049200,22.63904931640625,-1.5973882675170898,-0.4320192337036133,-0.10083290934562683
1696958211437062700,22.649062744140625,1.584794044494629,-0.22936183214187622,1.2402911186218262
1696958211447075800,22.659075927734374,0.5295133590698242,-0.6031767129898071,0.11698082089424133
1696958211457089300,22.66908935546875,-2.1958580017089844,0.005628705024719238,-0.16548362374305725
1696958211467102700,22.679102783203124,3.0329484939575195,-0.35017985105514526,1.1210566759109497
1696958211477116200,22.6891162109375,-0.10929489135742188,-0.9138283729553223,0.3348762094974518
1696958211487129600,22.699129638671874,-1.61004638671875,-0.306124210357666,-0.39948946237564087
1696958211497142800,22.709142822265626,1.1133718490600586,0.16634494066238403,0.1985967755317688
1696958211507156200,22.71915625,-0.33240222930908203,-0.20897608995437622,0.5171738862991333
1696958211517169700,22.729169677734376,-1.0627803802490234,-0.9969070553779602,0.07666793465614319
1696958211527183000,22.73918310546875,-0.8163814544677734,-0.5403614044189453,0.14764660596847534
1696958211537196300,22.7491962890625,1.2647581100463867,-0.3636075258255005,0.8663387298583984
1696958211547209700,22.759209716796875,0.6883153915405273,-0.3895311951637268,0.13561829924583435
1696958211557223200,22.76922314453125,-1.9798264503479004,-0.4908968210220337,0.30604568123817444
1696958211567236600,22.779236572265624,1.6237373352050781,0.08905702829360962,1.2540032863616943
1696958211577250000,22.78925,0.6402549743652344,-1.015884518623352,0.06378331780433655
1696958211587263200,22.79926318359375,-2.5008273124694824,-0.006956934928894043,-0.11116519570350647
1696958211597276700,22.809276611328126,1.749135971069336,-0.10639554262161255,0.5754702091217041
1696958211607290000,22.8192900390625,0.03442859649658203,-0.3370234966278076,0.29951193928718567
1696958211617303600,22.829303466796876,-0.8306760787963867,-0.21172106266021729,-0.47057580947875977
1696958211627317000,22.83931689453125,0.14165496826171875,-0.3271465301513672,-0.2732590138912201
1696958211637330200,22.849330078125,0.03644752502441406,0.38901853561401367,0.7850017547607422
1696958211647343600,22.859343505859375,0.6814260482788086,-0.782809853553772,0.1832655370235443
1696958211657357000,22.869357177734376,-2.531700611114502,0.10219907760620117,0.14126965403556824
1696958211667370500,22.87937060546875,2.0380725860595703,-0.03161060810089111,0.6370227336883545
1696958211677383700,22.8893837890625,-0.0983133316040039,-0.41794872283935547,-0.4563784599304199
1696958211687397000,22.899397216796874,-2.755622386932373,-0.15865445137023926,-0.17976857721805573
1696958211697410600,22.90941064453125,2.909003257751465,-0.5980788469314575,-0.009332358837127686
1696958211707424000,22.919424072265624,-1.3608455657958984,0.35561060905456543,0.055240094661712646
1696958211717437400,22.9294375,0.01804351806640625,-1.0466877222061157,-0.4608449935913086
1696958211727450600,22.93945068359375,-2.4144248962402344,-0.6012367010116577,-0.1850058138370514
1696958211737464000,22.949464111328126,2.97676944732666,-0.037368953227996826,-0.13815194368362427
1696958211747477500,22.9594775390625,-0.576197624206543,-0.3441072702407837,-0.5270336866378784
1696958211757491000,22.969490966796876,-2.4965615272521973,-0.2102941870689392,-0.38808825612068176
1696958211767504400,22.97950439453125,2.298002243041992,-0.39957916736602783,-0.08391651511192322
1696958211777517600,22.989517578125,-1.0097312927246094,-0.45223522186279297,-0.08840793371200562
1696958211787531000,22.999531005859374,-0.17137718200683594,-0.1252424716949463,-0.49149078130722046
1696958211797544400,23.00954443359375,-0.11850547790527344,-0.5868024826049805,-0.013433843851089478
1696958211807558000,23.019557861328124,1.516005516052246,-0.026888728141784668,0.3110017776489258
1696958211817571000,23.029571044921877,-1.2452077865600586,-0.8308655023574829,-0.32844778895378113
1696958211827584500,23.03958447265625,-0.8890781402587891,-0.09808576107025146,0.10545116662979126
1696958211837598000,23.049597900390626,3.5384864807128906,-0.16057497262954712,0.3406883478164673
1696958211847611400,23.059611328125,-2.429659366607666,-0.5462596416473389,0.17260518670082092
1696958211857624800,23.069624755859376,0.710688591003418,-1.1305725574493408,-0.33739662170410156
1696958211867638000,23.079637939453125,-0.12717533111572266,-0.1200900673866272,0.6341596841812134
1696958211877651500,23.0896513671875,2.4534482955932617,-0.779850959777832,0.34914711117744446
1696958211887665000,23.099664794921875,-1.342301368713379,-0.8805868029594421,-0.30856627225875854
1696958211897678300,23.10967822265625,1.5519828796386719,-0.485336571931839,0.8291480541229248
1696958211907691800,23.11969189453125,1.9402570724487305,-0.6264164447784424,0.6090121269226074
1696958211917705000,23.129705078125,-2.078927516937256,-0.543330192565918,0.44889897108078003
1696958211927718400,23.139718505859374,2.852778434753418,-0.8140546679496765,0.04980236291885376
1696958211937731800,23.14973193359375,0.08408355712890625,-0.42315673828125,0.251484751701355
1696958211947745300,23.159745361328124,-0.8339099884033203,-0.05933988094329834,0.16977399587631226
1696958211957758700,23.1697587890625,1.7582683563232422,-0.7727049589157104,-0.15427759289741516
1696958211967772200,23.179772216796874,-0.6066999435424805,-0.39477914571762085,0.1925373375415802
1696958211977785600,23.18978564453125,0.513401985168457,-0.6626142263412476,0.8181776404380798
1696958211987799000,23.199799072265623,0.0052127838134765625,-0.42146947979927063,-0.6918551921844482
1696958211997812500,23.2098125,-0.8689336776733398,-0.26074421405792236,0.6345735788345337
1696958212007826000,23.219825927734377,1.8238134384155273,-0.5891945362091064,0.3349749743938446
1696958212017839400,23.22983935546875,-1.888852596282959,-0.22452062368392944,0.5508227348327637
1696958212027852800,23.239852783203126,1.2551603317260742,-0.5013527870178223,-0.21347253024578094
1696958212037866200,23.2498662109375,-0.5107450485229492,-0.827264666557312,0.5463693141937256
1696958212047879700,23.259879638671876,-1.9051580429077148,-0.27289825677871704,-0.11990857124328613
1696958212057893000,23.26989306640625,-0.02236652374267578,-0.019354820251464844,-0.18762513995170593
1696958212067906600,23.279906494140626,-0.11295318603515625,-0.024822473526000977,0.30768999457359314
1696958212077920000,23.289919921875,-1.207036018371582,-0.45994260907173157,-0.26638615131378174
1696958212087933400,23.299933349609375,-1.213836669921875,0.03127700090408325,-0.5377238392829895
1696958212097947000,23.30994677734375,0.7151279449462891,-0.7703022956848145,-0.1428775191307068
1696958212107960300,23.319960205078125,-1.6378345489501953,-0.6406551599502563,-0.4617672562599182
1696958212117973800,23.329973876953126,-0.4584159851074219,-0.14135634899139404,-0.10708630084991455
1696958212127987200,23.3399873046875,0.995513916015625,-0.1644301414489746,0.29418638348579407
1696958212138000600,23.350000732421876,0.6056842803955078,0.0636473298072815,0.4359082877635956
1696958212148014000,23.36001416015625,0.38414859771728516,-0.7810640335083008,-0.08449435234069824
1696958212158027500,23.370027587890625,-2.5131635665893555,-0.46477583050727844,0.07225397229194641
1696958212168041000,23.380041015625,3.6430368423461914,-0.5963613390922546,0.24647817015647888
1696958212178054400,23.390054443359375,-0.6955747604370117,-0.5092861652374268,-0.8765722513198853
1696958212188067800,23.40006787109375,-1.6453170776367188,-0.13203507661819458,0.3283778131008148
1696958212198081300,23.410081298828125,3.8878135681152344,-0.3559786081314087,0.38579124212265015
1696958212208094700,23.4200947265625,-1.5171194076538086,-0.1237562894821167,-0.05003705620765686
1696958212218108200,23.430108154296875,-0.9642248153686523,-0.7483539581298828,-0.23751945793628693
1696958212228121600,23.44012158203125,0.1947307586669922,-0.44569799304008484,0.7521640062332153
1696958212238135000,23.450135009765624,1.9050140380859375,-0.22918671369552612,-0.385311484336853
1696958212248148500,23.4601484375,-1.846278190612793,0.23253971338272095,-0.45063310861587524
1696958212258162000,23.470161865234374,0.991908073425293,-0.6118875741958618,0.6293938755989075
1696958212268175400,23.48017529296875,1.8354902267456055,-0.08466440439224243,0.27528250217437744
1696958212278188500,23.4901884765625,-1.2755002975463867,-0.2640121579170227,-0.03888973593711853
1696958212288202000,23.500201904296876,0.0752410888671875,-0.6640051603317261,0.005452841520309448
1696958212298215400,23.51021533203125,-0.0013427734375,-0.12763309478759766,0.5162863731384277
1696958212308228900,23.520228759765626,1.231673240661621,-0.5432593822479248,-0.01597192883491516
1696958212318242300,23.5302421875,-1.8920059204101562,-0.382201224565506,-0.7954838275909424
1696958212328255500,23.54025537109375,0.4113197326660156,-0.39651694893836975,0.10370400547981262
1696958212338269000,23.55026904296875,1.9544563293457031,0.018674254417419434,0.17052999138832092
1696958212348282400,23.560282470703125,-3.3263039588928223,-0.47865208983421326,-0.8118886947631836
1696958212358295800,23.5702958984375,0.6437625885009766,-0.21284514665603638,0.0710214376449585
1696958212368309000,23.58030908203125,0.031096458435058594,-0.1643269658088684,0.20835816860198975
1696958212378322400,23.590322509765624,-1.3165550231933594,-0.29428374767303467,-0.9147573709487915
1696958212388335900,23.6003359375,-0.9259395599365234,-0.19211500883102417,-0.27489209175109863
1696958212398349300,23.610349365234374,1.6621580123901367,0.14120560884475708,0.29450973868370056
1696958212408362800,23.62036279296875,-1.2377614974975586,-0.9376208186149597,-0.12227988243103027
1696958212418376000,23.6303759765625,0.05097198486328125,0.19965016841888428,0.2344031035900116
1696958212428389400,23.640389404296876,2.020003318786621,-0.27679556608200073,0.41137808561325073
1696958212438402800,23.65040283203125,-1.5165863037109375,-0.45366171002388,0.37075453996658325
1696958212448416300,23.660416259765626,2.343754768371582,-0.2615742087364197,-0.2777451276779175
1696958212458429700,23.6704296875,-2.6652450561523438,0.09355944395065308,-0.021229684352874756
1696958212468443000,23.68044287109375,3.4533348083496094,-0.7625600099563599,0.3948691785335541
1696958212478456300,23.690456298828124,-0.3681907653808594,-0.2925379276275635,-0.41536828875541687
1696958212488469800,23.7004697265625,-1.1415510177612305,-0.3701094388961792,-0.24631090462207794
1696958212498483200,23.710483154296874,1.3419475555419922,-0.09088724851608276,0.5374430418014526
1696958212508496400,23.720496337890626,0.8371143341064453,-0.4435928761959076,-0.09359583258628845
1696958212518509800,23.730509765625,-1.9410643577575684,0.3422392010688782,-0.3884390890598297
1696958212528523300,23.740523193359376,1.1606941223144531,-0.24579966068267822,0.6359150409698486
1696958212538536700,23.75053662109375,0.80950927734375,0.06832772493362427,0.4006709158420563
1696958212548550100,23.760550048828126,-0.9366283416748047,-0.6883335113525391,-0.24260443449020386
1696958212558563300,23.770563232421875,-0.7666797637939453,0.25216078758239746,0.00435405969619751
1696958212568576800,23.78057666015625,1.381342887878418,0.22617167234420776,1.0033315420150757
1696958212578590200,23.790590087890624,0.2981996536254883,-0.2999504804611206,0.36189505457878113
1696958212588603600,23.800603759765625,-0.682215690612793,-0.13169074058532715,0.11633020639419556
1696958212598617000,23.8106171875,1.4750661849975586,0.08183443546295166,0.8979605436325073
1696958212608630300,23.82063037109375,0.15730857849121094,0.07447057962417603,0.6295967102050781
1696958212618643700,23.830643798828124,-0.44523143768310547,-0.041516244411468506,-0.23011191189289093
1696958212628657200,23.8406572265625,-0.5348491668701172,-0.2275329828262329,0.38972777128219604
1696958212638670600,23.850670654296874,1.0675573348999023,0.5218693017959595,0.7763607501983643
1696958212648684000,23.86068408203125,0.2857847213745117,-0.45940735936164856,-0.11589708924293518
1696958212658697200,23.870697265625,-2.118600368499756,0.17594707012176514,-0.05882254242897034
1696958212668710700,23.880710693359376,1.5041255950927734,0.09833067655563354,0.9471583962440491
1696958212678724000,23.89072412109375,0.8648405075073242,-0.23073554039001465,0.27207717299461365
1696958212688737500,23.900737548828126,-1.3406753540039062,0.16894131898880005,-0.06750622391700745
1696958212698750700,23.910750732421874,1.104537010192871,0.48104143142700195,0.6117489337921143
1696958212708764200,23.92076416015625,0.28912353515625,-0.3382120728492737,0.3635007441043854
1696958212718777600,23.930777587890624,-1.2792720794677734,-0.278839111328125,0.0580044686794281
1696958212728791000,23.940791015625,0.5299892425537109,0.0015545487403869629,-0.19193249940872192
1696958212738804500,23.950804443359374,-1.206120491027832,-0.10027188062667847,0.20374789834022522
1696958212748817700,23.960817626953126,1.3341741561889648,0.2338981032371521,0.1979166865348816
1696958212758831000,23.9708310546875,-1.2161293029785156,-0.0733446478843689,-0.7902592420578003
1696958212768844500,23.980844482421876,-1.4954328536987305,0.009975016117095947,-0.2151559740304947
1696958212778858000,23.99085791015625,2.1835899353027344,0.005769610404968262,-0.1685791015625
1696958212788871400,24.000871337890626,-2.901711940765381,-0.5251799821853638,-0.42044034600257874
1696958212798884600,24.010884521484375,1.1866188049316406,-0.0006747245788574219,-0.35331952571868896
1696958212808898000,24.02089794921875,0.10878849029541016,-0.3291000723838806,0.27642571926116943
1696958212818911500,24.030911376953124,0.31894874572753906,0.45036548376083374,0.3924126625061035
1696958212828925000,24.040925048828125,0.13649559020996094,-0.12518996000289917,-0.642473042011261
1696958212838938000,24.050938232421874,-0.7524547576904297,0.3946213126182556,0.44061699509620667
1696958212848951600,24.06095166015625,2.355584144592285,-0.5185961723327637,0.16038843989372253
1696958212858965000,24.070965087890624,-1.5542926788330078,-0.1891576647758484,-0.5869390964508057
1696958212868978400,24.080978515625,-0.6855621337890625,0.03516197204589844,0.3176186680793762
1696958212878992000,24.090991943359374,2.3462820053100586,0.18310576677322388,0.7035027742385864
1696958212889005000,24.101005126953126,-0.7945442199707031,0.08004987239837646,-0.5611579418182373
1696958212899018500,24.1110185546875,-1.127145767211914,-0.24514669179916382,-0.802088737487793
1696958212909032000,24.121031982421876,-1.2529716491699219,0.11685323715209961,0.5522235035896301
1696958212919045400,24.13104541015625,2.0044736862182617,-0.0077561140060424805,-0.568245530128479
1696958212929058800,24.141058837890625,-3.4575371742248535,-0.11909240484237671,-1.0880287885665894
1696958212939072000,24.151072021484374,-0.16588687896728516,-0.13687998056411743,-0.5827769637107849
1696958212949085400,24.16108544921875,0.19857025146484375,0.10954666137695312,0.10323002934455872
1696958212959099000,24.171098876953124,-0.9822425842285156,0.005626022815704346,-0.9248127937316895
1696958212969112300,24.1811123046875,-1.6388578414916992,-0.21531426906585693,-0.30355310440063477
1696958212979125500,24.19112548828125,1.624795913696289,0.32180535793304443,0.45290765166282654
1696958212989139000,24.201138916015626,-0.118316650390625,-0.29950088262557983,-0.033410489559173584
1696958212999152400,24.21115234375,-0.6914892196655273,0.1915491223335266,-0.14428365230560303
1696958213009165800,24.221165771484376,1.355839729309082,0.028490424156188965,0.573806643486023
1696958213019179300,24.23117919921875,1.347731590270996,0.21426266431808472,0.275869756937027
1696958213029192400,24.2411923828125,-0.5241336822509766,-0.0783659815788269,-0.2846061587333679
1696958213039206000,24.251205810546875,0.29909420013427734,-0.018721342086791992,-0.033277422189712524
1696958213049219300,24.26121923828125,-0.16509151458740234,-0.1156042218208313,0.06723156571388245
1696958213059232800,24.271232666015624,1.1352205276489258,-0.2002618908882141,0.0025507211685180664
1696958213069246200,24.28124609375,-1.7824411392211914,0.17502570152282715,-0.5441744923591614
1696958213079259600,24.291259765625,-0.048046112060546875,0.2827311158180237,0.040309399366378784
1696958213089273000,24.301273193359375,1.4625873565673828,-0.10283726453781128,-0.3826720118522644
1696958213099286500,24.31128662109375,-2.784212589263916,-0.13344943523406982,-0.33675235509872437
1696958213109300000,24.321300048828125,0.29074859619140625,-0.3814855217933655,0.03457266092300415
1696958213119313400,24.3313134765625,1.1844663619995117,0.19236153364181519,0.6266354322433472
1696958213129326800,24.341326904296874,-0.19454002380371094,-0.13206344842910767,0.12046247720718384
1696958213139340300,24.35134033203125,-0.3563070297241211,0.02550417184829712,0.5753746032714844
1696958213149353700,24.361353759765624,1.2743921279907227,0.3617328405380249,1.1171354055404663
1696958213159367200,24.3713671875,1.562819480895996,-0.10104811191558838,0.47761112451553345
1696958213169380600,24.381380615234374,-1.3562402725219727,-0.19903236627578735,0.410114586353302
1696958213179394000,24.39139404296875,3.239426612854004,-0.0351414680480957,0.7910033464431763
1696958213189407500,24.401407470703123,-0.8974599838256836,-0.0663379430770874,0.9562535881996155
1696958213199421000,24.4114208984375,1.7325363159179688,0.10909408330917358,0.13892465829849243
1696958213209434400,24.421434326171877,-0.17851924896240234,0.05862987041473389,0.5999278426170349
1696958213219447800,24.43144775390625,1.4032363891601562,-0.20659476518630981,0.41752827167510986
1696958213229461200,24.441461181640626,-0.014881134033203125,-0.3857954740524292,-0.1416834592819214
1696958213239474700,24.451474609375,-1.1954402923583984,-0.4458030164241791,-0.09203213453292847
1696958213249488100,24.461488037109376,2.300713539123535,0.018925368785858154,0.32902276515960693
1696958213259501600,24.47150146484375,0.3454313278198242,-0.009146332740783691,-0.24819058179855347
1696958213269515000,24.481514892578126,-2.303043842315674,0.05732405185699463,-0.5992835760116577
1696958213279528400,24.491528564453127,0.3071451187133789,-0.23193562030792236,0.5708297491073608
1696958213289542000,24.5015419921875,2.1130218505859375,0.10764902830123901,-0.35207220911979675
1696958213299555300,24.511555419921876,-4.568151473999023,0.047943115234375,-0.5021712779998779
1696958213309568800,24.52156884765625,1.497701644897461,0.11175912618637085,-0.07733845710754395
1696958213319582200,24.531582275390626,-0.22603130340576172,0.47240668535232544,-0.28303468227386475
1696958213329595600,24.541595703125,-1.630849838256836,-0.4469635784626007,-1.0667002201080322
1696958213339608800,24.55160888671875,-1.2062416076660156,0.7490772008895874,-0.7342496514320374
1696958213349622300,24.561622314453125,0.8277120590209961,0.0809287428855896,-0.30497878789901733
1696958213359635700,24.5716357421875,-2.2663068771362305,-0.3078324794769287,-0.5127360224723816
1696958213369649200,24.581649169921874,-0.07719612121582031,-0.17678624391555786,-0.9897638559341431
1696958213379662600,24.59166259765625,-0.8605480194091797,-0.17767482995986938,-0.6496073007583618
1696958213389676000,24.601676025390624,0.809056282043457,-0.1523892879486084,-0.24429236352443695
1696958213399689500,24.611689453125,0.9121809005737305,-0.34022390842437744,-0.5701931715011597
1696958213409703000,24.621702880859374,-0.9732570648193359,-0.07200390100479126,-0.037174224853515625
1696958213419716400,24.63171630859375,3.7502784729003906,-0.48519405722618103,-0.01663687825202942
1696958213429729800,24.641729736328124,-1.7163877487182617,-0.08612501621246338,-0.0590270459651947
1696958213439743200,24.6517431640625,0.9443197250366211,-0.4194308817386627,-0.4571118652820587
1696958213449756700,24.661756591796873,-0.02809619903564453,0.23801833391189575,0.1552644968032837
1696958213459770000,24.67177001953125,2.5857343673706055,-0.22348648309707642,-0.3640601933002472
1696958213469783600,24.681783447265627,-2.973499298095703,-0.023569881916046143,-0.5795810222625732
1696958213479797000,24.691796875,0.9663772583007812,-0.47880157828330994,-0.4513890743255615
1696958213489810200,24.70181005859375,1.2227411270141602,-0.14781731367111206,-0.026213079690933228
1696958213499823600,24.71182373046875,-0.9787883758544922,-0.19263076782226562,-1.1943227052688599
1696958213509837000,24.721837158203126,-1.769235610961914,0.03933286666870117,0.17195481061935425
1696958213519850500,24.7318505859375,3.114474296569824,0.2327260971069336,0.5647454261779785
1696958213529863700,24.74186376953125,-0.1375894546508789,-0.5662716627120972,-0.5970542430877686
1696958213539877000,24.751877197265625,-4.046278476715088,0.22821491956710815,0.23799550533294678
1696958213549890600,24.761890625,3.581284523010254,-0.01075202226638794,0.06455591320991516
1696958213559904000,24.771904052734374,-1.812964916229248,0.13540679216384888,-0.045077383518218994
1696958213569917400,24.78191748046875,0.09337425231933594,-0.08048540353775024,-0.4547508955001831
1696958213579930600,24.7919306640625,-0.2603187561035156,0.3857429027557373,0.2113167643547058
1696958213589944000,24.801944091796877,-0.030271530151367188,0.31897181272506714,0.4618590772151947
1696958213599957500,24.81195751953125,-0.2788686752319336,-0.4950912892818451,-0.47575753927230835
1696958213609971000,24.821970947265626,-2.3378920555114746,0.3590845465660095,-0.12570655345916748
1696958213619984400,24.831984375,3.464466094970703,0.09354090690612793,-0.2712882459163666
1696958213629997600,24.84199755859375,-3.2533340454101562,0.20249015092849731,-0.0609908401966095
1696958213640011000,24.852010986328125,0.9405088424682617,-0.6104404330253601,-0.24211886525154114
1696958213650024400,24.8620244140625,-0.8201398849487305,-0.007502615451812744,-0.1285877227783203
1696958213660038000,24.872037841796875,1.7956352233886719,0.13344311714172363,0.19566556811332703
1696958213670051000,24.882051025390624,-0.38277721405029297,-0.2560614347457886,-0.523894727230072
1696958213680064500,24.892064453125,-1.8635473251342773,-0.382469117641449,0.009629279375076294
1696958213690078000,24.902077880859373,2.72420597076416,-0.029506206512451172,0.10719385743141174
1696958213700091400,24.91209130859375,0.02227497100830078,-0.23226284980773926,-0.3906645178794861
1696958213710104800,24.922104736328127,-0.7087202072143555,0.5041937232017517,-0.05510592460632324
1696958213720118000,24.932117919921875,0.6884260177612305,0.07420128583908081,0.6849815249443054
1696958213730131500,24.94213134765625,0.49083709716796875,-0.1811118721961975,0.5227842926979065
1696958213740145000,24.952144775390625,-0.5043315887451172,0.10894942283630371,-0.3703635036945343
1696958213750158300,24.962158447265626,-0.6275653839111328,-0.36646968126296997,-0.23593664169311523
1696958213760171800,24.972171875,0.057442665100097656,0.3684427738189697,-0.06531468033790588
1696958213770185000,24.98218505859375,-0.6786298751831055,-0.4204101264476776,-0.4254111647605896
1696958213780198400,24.992198486328125,-0.9110956192016602,0.5503169894218445,-0.1464747190475464
1696958213790211800,25.0022119140625,1.3038578033447266,-0.16120487451553345,0.16077005863189697
1696958213800225300,25.012225341796874,-2.374077796936035,-0.059556663036346436,0.01706606149673462
1696958213810238700,25.02223876953125,-0.41854095458984375,-0.39292198419570923,-0.23299488425254822
1696958213820252000,25.032251953125,-1.6453180313110352,-0.15260475873947144,-0.46591949462890625
1696958213830265300,25.042265380859376,1.2356252670288086,0.4418545961380005,0.4580347537994385
1696958213840278800,25.05227880859375,1.381190299987793,-0.3534100651741028,-0.06368768215179443
1696958213850292200,25.062292236328126,-2.5841012001037598,0.4251639246940613,-0.12589848041534424
1696958213860305400,25.072305419921875,2.631402015686035,0.033507466316223145,0.33654290437698364
1696958213870318800,25.08231884765625,-2.9421253204345703,-0.3091406226158142,0.46457570791244507
1696958213880332300,25.092332275390625,1.4517583847045898,0.15282416343688965,0.1701890230178833
1696958213890345700,25.102345703125,0.7984046936035156,0.09066212177276611,-0.22801727056503296
1696958213900359200,25.112359130859375,0.6340131759643555,-0.4937017858028412,1.0022144317626953
1696958213910372400,25.122372314453123,2.2569684982299805,-0.5606956481933594,-0.43061473965644836
1696958213920385800,25.1323857421875,-4.190618991851807,0.12000906467437744,0.24083590507507324
1696958213930399200,25.142399169921877,5.224185943603516,-0.42312631011009216,0.4711896777153015
1696958213940412700,25.15241259765625,-1.0056629180908203,-0.01040196418762207,0.26738792657852173
1696958213950426000,25.162426025390626,0.5158529281616211,0.10875111818313599,-0.07986295223236084
1696958213960439300,25.172439208984375,0.7632150650024414,-0.21117359399795532,0.6274619102478027
1696958213970452700,25.18245263671875,0.6893377304077148,-0.6028845906257629,0.37510788440704346
1696958213980466200,25.192466064453125,-0.28259754180908203,-0.43695083260536194,-0.43662819266319275
1696958213990479600,25.202479736328126,0.10494804382324219,0.15728843212127686,0.33433401584625244
1696958214000493000,25.2124931640625,2.2936220169067383,0.18163979053497314,0.3515147566795349
1696958214010506500,25.222506591796876,-1.7359437942504883,-0.11525136232376099,-0.03275877237319946
1696958214020520000,25.23252001953125,0.10799598693847656,-0.9199647903442383,-0.4137309193611145
1696958214030533400,25.242533447265625,-2.319584846496582,-0.12790590524673462,0.2690253257751465
1696958214040546800,25.252546875,2.1448135375976562,-0.10523927211761475,-0.3596961498260498
1696958214050560300,25.262560302734375,-2.54315185546875,-0.4141107499599457,-0.412545382976532
1696958214060573700,25.27257373046875,0.3925771713256836,-0.038992464542388916,0.09685832262039185
1696958214070587100,25.282587158203125,0.23456382751464844,-0.08507764339447021,-0.2464907169342041
1696958214080600600,25.2926005859375,-3.813441753387451,0.08303266763687134,-0.6458027362823486
1696958214090614000,25.302614013671874,0.8508644104003906,-0.6365377902984619,-0.3860020935535431
1696958214100627500,25.31262744140625,-0.4981098175048828,0.4113519787788391,0.45430195331573486
1696958214110641000,25.322640869140624,0.435089111328125,-0.6480347514152527,-0.1541631817817688
1696958214120654300,25.332654296875,-1.6396245956420898,-0.033084869384765625,-0.16142714023590088
1696958214130667800,25.342667724609374,1.3083734512329102,-0.14266330003738403,0.8622692823410034
1696958214140681200,25.35268115234375,1.405613899230957,-0.21178877353668213,0.603510320186615
1696958214150694700,25.362694580078124,-1.489274024963379,-0.4521174132823944,0.3792027235031128
1696958214160708000,25.3727080078125,1.8021774291992188,0.01135563850402832,0.7681589722633362
1696958214170721500,25.382721435546873,0.3447761535644531,-0.3248913288116455,0.5648813247680664
1696958214180735000,25.39273486328125,0.4678516387939453,-0.8588575124740601,0.33134782314300537
1696958214190748400,25.40274853515625,-0.1211709976196289,-0.20404881238937378,0.08586782217025757
1696958214200761900,25.412761962890624,0.5287561416625977,-0.22599107027053833,0.9273425936698914
1696958214210775300,25.422775390625,2.075892448425293,-0.338357150554657,0.42669814825057983
1696958214220788700,25.432788818359374,-2.6605710983276367,-0.5260124206542969,0.06933897733688354
1696958214230802200,25.44280224609375,1.7759723663330078,-0.5167477130889893,0.5842732191085815
1696958214240815600,25.452815673828123,-0.025018692016601562,-0.14987170696258545,0.7717196941375732
1696958214250829000,25.4628291015625,0.44804954528808594,-0.24736487865447998,0.07979118824005127
1696958214260842500,25.472842529296877,-1.5697898864746094,-0.7392110824584961,-0.11617577075958252
1696958214270856000,25.48285595703125,0.8431482315063477,-0.08572369813919067,1.408832311630249
1696958214280869400,25.492869384765626,1.6152734756469727,-0.10180127620697021,0.22235488891601562
1696958214290882800,25.5028828125,-3.1580963134765625,-0.90453040599823,-0.5345863699913025
1696958214300896300,25.512896240234376,0.061615943908691406,-0.23914241790771484,1.3483953475952148
1696958214310909700,25.52290966796875,3.029299736022949,-0.5662662386894226,0.7357400059700012
1696958214320923100,25.532923095703126,-2.6316423416137695,-0.3238171339035034,-0.5982357263565063
1696958214330936600,25.5429365234375,0.28069210052490234,-0.28871870040893555,0.9271907210350037
1696958214340950000,25.552949951171875,1.5945281982421875,-0.8514935970306396,1.4611401557922363
1696958214350963500,25.56296337890625,-0.8232831954956055,-0.30319744348526,-0.3677690029144287
1696958214360977000,25.572976806640625,-0.2715721130371094,-0.468807190656662,0.19469505548477173
1696958214370990300,25.582990234375,0.2262582778930664,-0.3003743290901184,1.3150880336761475
1696958214381003800,25.593003662109375,1.7736148834228516,-0.44666358828544617,0.5148137211799622
1696958214391017200,25.603017333984376,-2.1781296730041504,-0.18018591403961182,-0.006276488304138184
1696958214401030700,25.61303076171875,1.7596378326416016,-1.4631900787353516,-0.18494242429733276
1696958214411044000,25.623044189453125,-2.2395524978637695,-0.3188536763191223,0.5484076738357544
1696958214421057500,25.6330576171875,1.3736801147460938,0.14366883039474487,0.037732839584350586
1696958214431071000,25.643071044921875,-0.44560718536376953,-0.5782644748687744,0.18020111322402954
1696958214441084400,25.65308447265625,-1.7828617095947266,-0.8108222484588623,0.18656867742538452
1696958214451097900,25.663097900390625,1.7148828506469727,-1.0816022157669067,-0.05473130941390991
1696958214461111300,25.673111328125,-3.5506668090820312,-0.17716926336288452,-0.3216959238052368
1696958214471124700,25.683124755859374,2.8855371475219727,-0.28459781408309937,0.24494290351867676
1696958214481138200,25.69313818359375,-0.7483005523681641,-1.4434914588928223,0.2068643569946289
1696958214491151600,25.703151611328124,-1.401235580444336,-0.34909334778785706,-0.05354619026184082
1696958214501165000,25.7131650390625,1.6037359237670898,-0.7418605089187622,0.4369243383407593
1696958214511178500,25.723178466796874,-0.6986751556396484,0.19537556171417236,0.3566029667854309
1696958214521192000,25.73319189453125,3.0783748626708984,-1.7199199199676514,-0.17062556743621826
1696958214531205400,25.743205322265624,-3.3083763122558594,-0.1494520902633667,-0.04685240983963013
1696958214541218600,25.753218505859376,3.547846794128418,-1.284482479095459,0.4608624577522278
1696958214551232000,25.76323193359375,-0.030043601989746094,-0.4561235010623932,0.09745234251022339
1696958214561245400,25.773245361328126,0.008394241333007812,-0.8327153325080872,0.15626931190490723
1696958214571259000,25.7832587890625,1.638275146484375,-1.2995665073394775,0.4358101487159729
1696958214581272000,25.79327197265625,0.2392101287841797,-0.31351280212402344,1.1510250568389893
1696958214591285500,25.803285400390624,3.4546985626220703,-1.1087075471878052,-0.04549771547317505
1696958214601299000,25.813298828125,-3.893782615661621,-1.0082143545150757,0.23115438222885132
1696958214611312400,25.8233125,4.034448623657227,-0.6134636402130127,1.4898173809051514
1696958214621325800,25.833325927734375,0.18744945526123047,-0.7223105430603027,0.21023017168045044
1696958214631339000,25.843339111328124,-2.6901254653930664,-1.031701683998108,0.020349085330963135
1696958214641352400,25.8533525390625,2.721747398376465,-1.0625044107437134,0.9659474492073059
1696958214651366000,25.863365966796874,0.22066402435302734,-0.22889012098312378,0.8122283220291138
1696958214661379300,25.87337939453125,-1.0224828720092773,-0.8425896763801575,-0.19872444868087769
1696958214671392800,25.883392822265623,-1.0626592636108398,-0.3497937023639679,0.5785380601882935
1696958214681406000,25.893406005859376,2.5051422119140625,-0.5719442367553711,0.9105783700942993
1696958214691419400,25.90341943359375,-1.3813695907592773,-0.5702923536300659,0.48460692167282104
1696958214701432800,25.913432861328126,-0.20720958709716797,-0.4668221175670624,0.574180006980896
1696958214711446300,25.9234462890625,1.5421991348266602,-1.1469264030456543,0.6177208423614502
1696958214721459500,25.93345947265625,-0.8794898986816406,-0.3973258435726166,0.8977559208869934
1696958214731473000,25.943472900390624,1.291830062866211,-0.7246364951133728,0.0415797233581543
1696958214741486300,25.953486328125,-2.3289880752563477,-0.5399948358535767,0.14020270109176636
1696958214751499800,25.963499755859374,2.1017847061157227,-0.5109566450119019,0.8241785764694214
1696958214761513200,25.97351318359375,-0.4028453826904297,-0.7884654402732849,0.1419159173965454
1696958214771526400,25.9835263671875,-0.6460037231445312,0.05876636505126953,-0.33027100563049316
1696958214781539800,25.993539794921876,0.06788063049316406,-0.8628067374229431,0.6522523760795593
1696958214791553300,26.00355322265625,-0.8693628311157227,-0.32424837350845337,0.20603203773498535
1696958214801566700,26.013566650390626,0.07403564453125,-0.41061273217201233,-0.6733474135398865
1696958214811580200,26.023580078125,-2.3536548614501953,-0.3009048104286194,-0.23854202032089233
1696958214821593300,26.03359326171875,2.029489517211914,-0.07801896333694458,0.36083507537841797
1696958214831606800,26.043606689453124,-0.0876312255859375,-0.5529366135597229,-0.49047499895095825
1696958214841620200,26.0536201171875,-3.3323869705200195,-0.3912290036678314,-0.6879841089248657
1696958214851633700,26.063633544921874,0.6233806610107422,-0.8114855289459229,0.29915285110473633
1696958214861647000,26.073647216796875,1.5060462951660156,-0.12862175703048706,-0.12046897411346436
1696958214871660300,26.083660400390624,-0.8487319946289062,-0.8060566186904907,-0.49148714542388916
1696958214881673700,26.093673828125,-0.34002208709716797,-0.6106142997741699,0.33313751220703125
1696958214891687200,26.103687255859374,1.9787931442260742,0.1687408685684204,0.31876546144485474
1696958214901700600,26.11370068359375,-0.2675333023071289,-0.8221639394760132,-0.44913414120674133
1696958214911713800,26.1237138671875,-1.1842145919799805,0.180355966091156,-0.1269482970237732
1696958214921727200,26.133727294921876,2.885599136352539,0.2039441466331482,0.4380517601966858
1696958214931740700,26.14374072265625,-0.9922103881835938,0.290224552154541,-0.1732843518257141
1696958214941754000,26.153754150390625,-0.15353870391845703,-0.04705643653869629,-0.5664997100830078
1696958214951767600,26.163767578125,-1.6293210983276367,0.185355544090271,-0.2633460760116577
1696958214961781000,26.173781005859375,0.061641693115234375,0.1393604278564453,-0.2596721649169922
1696958214971794400,26.18379443359375,1.3953523635864258,-0.005983829498291016,-0.7220780253410339
1696958214981807900,26.193807861328125,-2.086754322052002,0.03546053171157837,-0.8883397579193115
1696958214991821300,26.2038212890625,0.4375324249267578,0.4883911609649658,0.3823487162590027
1696958215001834800,26.213834716796875,-0.2465047836303711,-0.4151822030544281,0.08818995952606201
1696958215011848200,26.22384814453125,-0.6326532363891602,-0.12875890731811523,-0.3790157437324524
1696958215021861600,26.233861572265624,0.5451469421386719,0.22809761762619019,0.0453033447265625
1696958215031875000,26.243875,-0.25369834899902344,0.21903318166732788,0.7911198139190674
1696958215041888500,26.253888427734374,1.271463394165039,-0.2212269902229309,-0.2865765690803528
1696958215051902000,26.26390185546875,-1.9759726524353027,0.5808148384094238,-0.5505521893501282
1696958215061915400,26.273915283203124,-0.36495208740234375,0.22408455610275269,0.7935082912445068
1696958215071928800,26.2839287109375,1.8488044738769531,0.27087289094924927,-0.09760278463363647
1696958215081942300,26.2939423828125,-2.2222957611083984,-0.056764066219329834,-0.6460975408554077
1696958215091955700,26.303955810546874,0.1541156768798828,0.3311365246772766,0.4654671549797058
1696958215101969200,26.31396923828125,0.32134056091308594,0.2787507176399231,0.33045899868011475
1696958215111982600,26.323982666015624,-0.18107128143310547,-0.028080463409423828,-0.13632488250732422
1696958215121996000,26.33399609375,0.006155967712402344,0.046936869621276855,-0.13985633850097656
1696958215132009500,26.344009521484374,-0.11766242980957031,0.13189822435379028,0.8825042247772217
1696958215142023000,26.35402294921875,1.727304458618164,0.0836440920829773,0.6226202845573425
1696958215152036400,26.364036376953123,-0.5706062316894531,-0.19257867336273193,-0.038237154483795166
1696958215162049800,26.3740498046875,-0.005097389221191406,0.2828841805458069,0.8171265721321106
1696958215172063200,26.384063232421877,2.140789031982422,0.22237175703048706,1.0987200736999512
1696958215182076700,26.39407666015625,-0.19190502166748047,-0.3776395320892334,0.04712808132171631
1696958215192090000,26.404090087890626,-0.9893970489501953,0.26337605714797974,0.18427789211273193
1696958215202103600,26.414103515625,1.2926702499389648,0.19989532232284546,0.9921131730079651
1696958215212117000,26.424116943359376,0.7494173049926758,-0.09497696161270142,0.26228898763656616
1696958215222130400,26.43413037109375,-0.9536466598510742,-0.21596264839172363,-0.0962640643119812
1696958215232144000,26.444143798828126,-0.22950267791748047,-0.03363394737243652,0.5708062052726746
1696958215242157300,26.4541572265625,1.3147211074829102,0.13478505611419678,0.28235745429992676
1696958215252170800,26.464170654296876,-0.8532276153564453,-0.4788704812526703,-0.35970962047576904
1696958215262184200,26.47418408203125,-1.2760648727416992,0.2571723461151123,0.2778226137161255
1696958215272197600,26.48419775390625,1.5897293090820312,0.09325700998306274,0.5315713882446289
1696958215282211000,26.494211181640626,-0.6217060089111328,-0.33288639783859253,0.09168398380279541
1696958215292224500,26.504224609375,-0.5723628997802734,-0.02460402250289917,-0.24048888683319092
1696958215302238000,26.514238037109376,-0.09279918670654297,0.18737906217575073,0.2341153621673584
1696958215312251400,26.52425146484375,0.7200469970703125,0.26317763328552246,0.7185110449790955
1696958215322264800,26.534264892578125,0.09203910827636719,-0.8018102645874023,-0.5761021375656128
1696958215332278300,26.5442783203125,-2.7324609756469727,0.6826363205909729,-0.032759010791778564
1696958215342291700,26.554291748046875,3.209684371948242,0.23273777961730957,0.43686193227767944
1696958215352305200,26.56430517578125,-2.2224035263061523,-0.6092115640640259,-0.3803122043609619
1696958215362318600,26.574318603515625,0.014519691467285156,-0.06168645620346069,-0.19518059492111206
1696958215372332000,26.58433203125,1.916473388671875,0.4559798240661621,-0.05547434091567993
1696958215382345500,26.594345458984375,-1.304779052734375,-0.43635204434394836,0.2023535966873169
1696958215392359000,26.60435888671875,1.3311586380004883,-0.3004160523414612,-0.3314945101737976
1696958215402372400,26.614372314453124,-1.3340539932250977,0.27984994649887085,0.5228959918022156
1696958215412385800,26.6243857421875,3.447403907775879,0.10580074787139893,0.23808974027633667
1696958215422399200,26.634399169921874,-2.319962501525879,-0.5230556726455688,-0.25947105884552
1696958215432412700,26.64441259765625,0.8200225830078125,-0.37075507640838623,-0.19971692562103271
1696958215442426000,26.654426025390624,0.10575389862060547,0.18172264099121094,0.33761799335479736
1696958215452439600,26.664439453125,0.9603548049926758,0.16689157485961914,0.004275619983673096
1696958215462453000,26.674452880859373,-1.7138166427612305,-0.3176537752151489,-0.6146277785301208
1696958215472466200,26.684466064453126,-0.2238759994506836,-0.4587158262729645,0.06590455770492554
1696958215482479600,26.694479736328127,1.3536853790283203,0.1759093999862671,0.002934396266937256
1696958215492493000,26.7044931640625,-1.3454113006591797,-0.4345413148403168,-0.7105486392974854
1696958215502506500,26.714506591796876,-1.0412960052490234,-0.2959001064300537,-0.0830497145652771
1696958215512520000,26.72452001953125,2.225144386291504,0.38339632749557495,0.11171430349349976
1696958215522533400,26.734533447265626,-2.2104334831237793,0.0702868103981018,-0.22245216369628906
1696958215532546800,26.744546875,1.0296411514282227,-0.31012994050979614,-0.27611202001571655
1696958215542560300,26.754560302734376,0.07130241394042969,0.11297690868377686,-0.0994228720664978
1696958215552573700,26.76457373046875,-0.18709087371826172,-0.023170888423919678,0.16684424877166748
1696958215562587100,26.774587158203126,0.2189769744873047,-0.41749146580696106,-0.6058733463287354
1696958215572600600,26.7846005859375,0.1177530288696289,-0.004899322986602783,-0.12199509143829346
1696958215582614000,26.794614013671875,0.6001100540161133,0.24571073055267334,-0.033623576164245605
1696958215592627200,26.804627197265624,-1.365860939025879,-0.03392207622528076,-0.522599995136261
1696958215602640600,26.814640625,-0.08710670471191406,-0.5619398355484009,-0.3730856478214264
1696958215612654000,26.824654052734374,2.288516044616699,-0.10227799415588379,-0.3109765350818634
1696958215622667500,26.83466748046875,-3.4091053009033203,-0.1195022463798523,-0.7166364789009094
1696958215632681000,26.844680908203124,1.3397092819213867,-0.411855012178421,-0.2586621046066284
1696958215642694100,26.854694091796876,0.6915502548217773,0.3016454577445984,-0.07091408967971802
1696958215652707600,26.86470751953125,-1.0163640975952148,-0.14847403764724731,-0.6520068049430847
1696958215662721000,26.874720947265626,-0.8993873596191406,-0.30899930000305176,-0.6005480289459229
1696958215672734500,26.884734375,1.4543237686157227,0.06765460968017578,0.011708199977874756
1696958215682747600,26.89474755859375,-1.1250038146972656,-0.35622072219848633,-0.3018736243247986
1696958215692761000,26.904760986328125,-0.4008188247680664,0.15792930126190186,-0.2805982828140259
1696958215702774500,26.9147744140625,1.3446216583251953,-0.0171087384223938,0.023359835147857666
1696958215712788000,26.9247880859375,-1.091033935546875,0.23881202936172485,-0.10111850500106812
1696958215722801400,26.934801513671875,-0.4053926467895508,-0.4904337227344513,-0.24936628341674805
1696958215732814600,26.944814697265624,0.8811283111572266,-0.21396374702453613,-0.23539352416992188
1696958215742828000,26.954828125,-1.051534652709961,0.5169242024421692,0.08230292797088623
1696958215752841500,26.964841552734374,0.030587196350097656,-0.18502384424209595,-0.8571861386299133
1696958215762855000,26.97485498046875,-0.6527547836303711,0.4698154926300049,-0.23555225133895874
1696958215772868400,26.984868408203123,0.041996002197265625,-0.0571824312210083,-0.4145646095275879
1696958215782881500,26.994881591796876,-1.5260400772094727,-0.49845507740974426,-0.7835481762886047
1696958215792895000,27.00489501953125,1.6464157104492188,0.08117270469665527,-0.7324428558349609
1696958215802908400,27.014908447265626,-3.3223648071289062,-0.021653413772583008,-0.3857771158218384
1696958215812921900,27.024921875,2.0089950561523438,-0.5874606966972351,-0.7520524859428406
1696958215822935000,27.03493505859375,0.3227663040161133,0.798829197883606,0.06829464435577393
1696958215832948500,27.044948486328124,-0.8727540969848633,-0.27941781282424927,-0.19171595573425293
1696958215842962000,27.0549619140625,0.7012968063354492,-0.5379935503005981,-0.0748816728591919
1696958215852975400,27.064975341796874,2.114656448364258,0.5171775817871094,0.23503386974334717
1696958215862988800,27.07498876953125,-1.283625602722168,0.13504672050476074,0.15906429290771484
1696958215873002000,27.085001953125,1.987605094909668,-0.14711761474609375,-0.2842971682548523
1696958215883015400,27.095015380859376,0.5589790344238281,0.34712427854537964,0.2816784381866455
1696958215893028900,27.10502880859375,-1.1249637603759766,-0.33881062269210815,0.08141732215881348
1696958215903042300,27.115042236328126,1.3766145706176758,-0.048596084117889404,-0.2510072588920593
1696958215913055700,27.1250556640625,-0.3419981002807617,-0.06611889600753784,-0.04339569807052612
1696958215923069000,27.13506884765625,-0.752593994140625,-0.4118528664112091,-0.02554607391357422
1696958215933082400,27.145082275390624,2.5609312057495117,0.5835834741592407,-0.19955390691757202
1696958215943095800,27.155095703125,-2.4438085556030273,-0.7466064691543579,-0.424285888671875
1696958215953109200,27.165109130859374,-0.09174442291259766,0.3603896498680115,0.23617208003997803
1696958215963122400,27.175122314453127,2.546881675720215,0.029329657554626465,-0.0596199631690979
1696958215973136000,27.185135986328124,-3.155803680419922,0.23308199644088745,-0.21854662895202637
1696958215983149300,27.1951494140625,3.9293508529663086,0.47112876176834106,0.01150888204574585
1696958215993162800,27.205162841796874,-2.1344947814941406,0.24524414539337158,0.03393065929412842
1696958216003176200,27.21517626953125,1.1152400970458984,0.42871642112731934,0.2276281714439392
1696958216013189600,27.225189697265623,0.3530740737915039,0.062275826930999756,-0.12883782386779785
1696958216023203000,27.235203125,-0.7755680084228516,0.4840114712715149,0.15946203470230103
1696958216033216500,27.245216552734377,1.0902471542358398,0.6202549338340759,0.2551311254501343
1696958216043230000,27.25522998046875,-0.31267452239990234,0.35366278886795044,-0.12989813089370728
1696958216053243400,27.265243408203126,0.37149906158447266,0.5971358418464661,0.17531925439834595
1696958216063256800,27.2752568359375,-0.1597747802734375,0.26816779375076294,0.2675439119338989
1696958216073270300,27.285270263671876,-0.7282962799072266,0.48761725425720215,-0.06418949365615845
1696958216083283700,27.29528369140625,-0.06228828430175781,0.3479155898094177,-0.06737256050109863
1696958216093297200,27.305297119140626,0.40621471405029297,0.7802335023880005,0.2365107536315918
1696958216103310600,27.315310546875,-0.9761133193969727,0.5063940286636353,-0.05788016319274902
1696958216113324000,27.325323974609375,0.7846803665161133,0.3190348148345947,-0.11473137140274048
1696958216123337200,27.335337158203124,-1.1860485076904297,0.6273161172866821,-0.01941990852355957
1696958216133350700,27.3453505859375,-0.1561107635498047,0.16952842473983765,-0.26292744278907776
1696958216143364000,27.355364013671874,-0.2703857421875,0.7074705362319946,-0.2026633620262146
1696958216153377500,27.36537744140625,-0.8767528533935547,0.185837984085083,-0.14929944276809692
1696958216163391000,27.375390869140624,0.12890052795410156,0.6632572412490845,0.05886662006378174
1696958216173404400,27.385404296875,-0.6744308471679688,0.3321762681007385,-0.3406745195388794
1696958216183417900,27.39541796875,-0.8542852401733398,0.784501314163208,0.12405532598495483
1696958216193431300,27.405431396484374,-0.178558349609375,0.21542900800704956,-0.3427830934524536
1696958216203444700,27.41544482421875,-1.2245759963989258,0.78139328956604,0.04174119234085083
1696958216213458200,27.425458251953124,0.3983278274536133,0.21368718147277832,-0.20289283990859985
1696958216223471600,27.4354716796875,-1.7674646377563477,0.6827285885810852,-0.17859864234924316
1696958216233485000,27.445485107421874,0.9176702499389648,0.3989914059638977,-0.08056294918060303
1696958216243498500,27.45549853515625,-1.0055713653564453,0.4408056139945984,-0.3908306956291199
1696958216253512000,27.465511962890623,0.3346853256225586,0.8366878628730774,-0.3297387361526489
1696958216263525400,27.475525390625,-0.3827495574951172,0.41044360399246216,-0.5040598511695862
1696958216273538800,27.485538818359377,-0.48238182067871094,0.5033648014068604,-0.3654179275035858
1696958216283552300,27.49555224609375,0.4937734603881836,0.19618284702301025,-0.42723461985588074
1696958216293565700,27.505565673828126,0.3779001235961914,0.8308990597724915,-0.48865947127342224
1696958216303579100,27.5155791015625,0.12374019622802734,0.4622724652290344,-0.3288613557815552
1696958216313592600,27.525592529296876,1.0218782424926758,0.4079313278198242,-0.19311726093292236
1696958216323606000,27.53560595703125,-0.4715728759765625,0.5361109375953674,-0.004523277282714844
1696958216333619500,27.545619384765626,1.38372802734375,0.3348066210746765,0.17806637287139893
1696958216343633000,27.5556328125,0.2955656051635742,0.48049259185791016,0.19248944520950317
1696958216353646300,27.565646240234376,0.6053056716918945,0.24076688289642334,0.23239243030548096
1696958216363659800,27.57565966796875,0.5655288696289062,0.7307572364807129,0.10636061429977417
1696958216373673200,27.585673095703125,1.022674560546875,0.16492503881454468,0.0006035566329956055
1696958216383686700,27.595686767578126,-1.0489463806152344,0.581235945224762,0.31854552030563354
1696958216393700000,27.6057001953125,0.6258506774902344,0.10045266151428223,0.3301793336868286
1696958216403713500,27.615713623046876,0.37592220306396484,0.9974908828735352,0.1465059518814087
1696958216413727000,27.62572705078125,-0.5667228698730469,0.09878659248352051,0.11807996034622192
1696958216423740400,27.635740478515626,0.5530376434326172,0.7540913820266724,0.45862436294555664
1696958216433753900,27.64575390625,-1.1929216384887695,0.10365760326385498,0.20649313926696777
1696958216443767300,27.655767333984375,1.3618669509887695,0.7415900826454163,0.05118602514266968
1696958216453780700,27.66578076171875,-0.33321475982666016,0.4090067744255066,0.31417229771614075
1696958216463794200,27.675794189453125,1.0819282531738281,0.08260321617126465,0.0712013840675354
1696958216473807600,27.6858076171875,-1.1285820007324219,0.6010534167289734,0.07861468195915222
1696958216483821000,27.695821044921875,2.2956275939941406,0.1997007131576538,-0.3091474175453186
1696958216493834500,27.70583447265625,-1.3990182876586914,0.6427457332611084,-0.0006760656833648682
1696958216503848000,27.715847900390624,1.600325584411621,-0.0285070538520813,-0.31260955333709717
1696958216513861000,27.725861083984373,0.2397317886352539,0.6810860633850098,-0.08552786707878113
1696958216523874600,27.73587451171875,-0.7838058471679688,0.16984492540359497,-0.1461932361125946
1696958216533888000,27.745887939453127,1.1441841125488281,0.40995532274246216,0.002125471830368042
1696958216543901400,27.7559013671875,-0.39264869689941406,0.7217839956283569,-0.6632072925567627
1696958216553914600,27.76591455078125,-0.1956472396850586,0.1496649980545044,-0.10545068979263306
1696958216563928000,27.775927978515625,-0.5104799270629883,0.5242753624916077,-0.5125657320022583
1696958216573941500,27.78594140625,-1.2260560989379883,0.6877499222755432,-0.5056283473968506
1696958216583955000,27.795954833984375,0.1772022247314453,0.24186283349990845,-0.6998603343963623
1696958216593968400,27.805968505859376,-0.6544675827026367,0.531967043876648,-0.8693208694458008
1696958216603981600,27.815981689453125,-2.196465015411377,0.698698103427887,-0.9353843927383423
1696958216613995000,27.8259951171875,0.5809555053710938,0.5131075382232666,-1.0739542245864868
1696958216624008400,27.836008544921874,-2.000825881958008,0.37145233154296875,-0.983738899230957
1696958216634022000,27.84602197265625,-0.26097583770751953,0.3747308850288391,-1.1681264638900757
1696958216644035300,27.856035400390624,-1.8847737312316895,0.921812891960144,-1.0418586730957031
1696958216654048500,27.866048583984377,0.2036600112915039,-0.007009029388427734,-1.1287310123443604
1696958216664062000,27.87606201171875,-1.612351417541504,0.9373772144317627,-0.5932432413101196
1696958216674075400,27.886075439453126,1.5076189041137695,0.5691149234771729,-0.5068064332008362
1696958216684088800,27.8960888671875,-2.8923234939575195,0.5067225694656372,-0.7136409282684326
1696958216694102000,27.90610205078125,0.7274932861328125,0.5647754669189453,-0.19453103840351105
1696958216704115500,27.916115478515625,0.22442054748535156,0.6252723932266235,-0.4144418239593506
1696958216714129000,27.92612890625,-1.2244796752929688,0.4999936819076538,-0.3135555386543274
1696958216724142300,27.936142333984375,1.0678129196166992,0.7178587913513184,-0.2607991397380829
1696958216734155800,27.94615576171875,-1.539520263671875,0.4459737539291382,-0.167172372341156
1696958216744169000,27.9561689453125,-0.15470314025878906,0.6288613080978394,0.1945004165172577
1696958216754182400,27.966182373046873,-0.006501197814941406,0.3628096580505371,-0.16420581936836243
1696958216764195800,27.97619580078125,-0.3267498016357422,0.5730340480804443,-0.1736690104007721
1696958216774209300,27.986209228515627,-0.9904460906982422,0.6380487680435181,0.2523253858089447
1696958216784222700,27.99622265625,1.1813430786132812,0.4333595037460327,0.09609547257423401
1696958216794236000,28.00623583984375,-1.4214324951171875,0.3964008688926697,-0.008447974920272827
1696958216804249300,28.016249267578125,0.7323312759399414,0.3703012466430664,-0.06173586845397949
1696958216814262800,28.0262626953125,-0.7653293609619141,0.7685921788215637,0.253223180770874
1696958216824276200,28.036276123046875,1.291259765625,0.0721014142036438,-0.14004653692245483
1696958216834289400,28.046289306640624,-1.4072504043579102,0.6952480673789978,0.07918566465377808
1696958216844302800,28.056302734375,2.404801368713379,0.387584388256073,0.4530978500843048
1696958216854316300,28.06631640625,-1.3810949325561523,0.5720444917678833,0.3476441502571106
1696958216864329700,28.076329833984374,2.019564628601074,0.15248191356658936,0.3546917140483856
1696958216874343200,28.08634326171875,0.20362377166748047,0.5747864842414856,0.4478781521320343
1696958216884356400,28.0963564453125,0.8095264434814453,-0.07095468044281006,0.13989681005477905
1696958216894369800,28.106369873046877,1.0751399993896484,0.7266097664833069,0.1741681694984436
1696958216904383200,28.11638330078125,0.17377376556396484,-0.03285872936248779,0.09740710258483887
1696958216914396700,28.126396728515626,1.0477218627929688,0.676291823387146,0.26905426383018494
1696958216924410000,28.13641015625,0.5908641815185547,-0.5676010847091675,-0.35357022285461426
1696958216934423300,28.14642333984375,-0.5432319641113281,0.8540118932723999,0.018370598554611206
1696958216944436700,28.156436767578125,2.200956344604492,-0.1161389946937561,-0.14228323101997375
1696958216954450200,28.1664501953125,-1.1495990753173828,0.5886315107345581,0.30352166295051575
1696958216964463600,28.176463623046875,2.0690250396728516,-0.34479987621307373,-0.031137555837631226
1696958216974476800,28.186476806640623,-1.4770021438598633,0.31939697265625,-0.15108925104141235
1696958216984490200,28.196490234375,1.1163997650146484,0.08998614549636841,-0.12807387113571167
1696958216994503700,28.206503662109377,0.0005502700805664062,-0.22221291065216064,0.1004146933555603
1696958217004517000,28.21651708984375,-0.29602718353271484,0.015039622783660889,-0.3819792568683624
1696958217014530600,28.226530517578126,0.42180824279785156,-0.08417296409606934,-0.2974247336387634
1696958217024543700,28.236543701171875,-1.466771125793457,-0.14240604639053345,-0.2215077430009842
1696958217034557200,28.24655712890625,1.2991199493408203,0.015503227710723877,-0.32042598724365234
1696958217044570600,28.256570556640625,-1.4373083114624023,-0.20889782905578613,-0.5859448313713074
1696958217054584000,28.266583984375,0.7215490341186523,0.2475758194923401,-0.425004780292511
1696958217064597500,28.276597412109375,-0.5605783462524414,-0.2977798581123352,-0.5283517837524414
1696958217074610700,28.286610595703124,-0.6069774627685547,0.06271147727966309,-0.5487415790557861
1696958217084624100,28.2966240234375,0.5464353561401367,-0.36371684074401855,-0.4388507604598999
1696958217094637600,28.306637451171873,-0.6589336395263672,0.09365862607955933,-0.20493930578231812
1696958217104651000,28.316651123046874,0.967381477355957,0.0725443959236145,-0.015811055898666382
1696958217114664400,28.32666455078125,0.10978317260742188,-0.1993505358695984,-0.11278912425041199
1696958217124678000,28.336677978515624,0.15216827392578125,0.2544082999229431,0.12041085958480835
1696958217134691300,28.34669140625,0.5915298461914062,-0.31764495372772217,0.05744057893753052
1696958217144704800,28.356704833984374,-0.9109182357788086,-0.08958190679550171,0.15501093864440918
1696958217154718200,28.36671826171875,1.6860055923461914,0.05959045886993408,0.0024464428424835205
1696958217164731600,28.376731689453123,-1.453251838684082,-0.03286278247833252,0.04944130778312683
1696958217174745000,28.3867451171875,1.001408576965332,-0.014300048351287842,-0.09032386541366577
1696958217184758500,28.396758544921877,-1.4430646896362305,-0.16992968320846558,0.34416723251342773
1696958217194772000,28.40677197265625,1.4224348068237305,-0.07885515689849854,-0.14813438057899475
1696958217204785400,28.416785400390626,-2.2081542015075684,-0.42149966955184937,0.13264703750610352
1696958217214798800,28.426798828125,1.4095773696899414,0.13084781169891357,0.24802285432815552
1696958217224812300,28.436812255859376,0.04886436462402344,0.07885473966598511,-0.5044726729393005
1696958217234825700,28.44682568359375,-1.8488712310791016,-0.026594936847686768,-0.10909625887870789
1696958217244839200,28.456839111328126,2.2844629287719727,0.09974807500839233,0.042181938886642456
1696958217254852600,28.4668525390625,-1.9745368957519531,-0.25478237867355347,-0.16202965378761292
1696958217264866000,28.476865966796876,1.6139650344848633,0.05881202220916748,0.1671823263168335
1696958217274879500,28.48687939453125,0.0903329849243164,0.5623757839202881,-0.23079745471477509
1696958217284893000,28.496892822265625,-1.3441734313964844,-0.44089275598526,0.002538710832595825
1696958217294906400,28.50690625,1.8082170486450195,0.3740098476409912,-0.04576793313026428
1696958217304919800,28.516919921875,-1.9287605285644531,-0.5099447965621948,-0.2232796996831894
1696958217314933200,28.526933349609376,0.6847867965698242,0.25057172775268555,-0.5289300084114075
1696958217324946700,28.53694677734375,0.061903953552246094,0.25933802127838135,-0.20935341715812683
1696958217334960000,28.546960205078125,-1.0853862762451172,-0.29960036277770996,-0.47416138648986816
1696958217344973600,28.5569736328125,-0.17020702362060547,0.23961365222930908,-0.43946167826652527
1696958217354987000,28.566987060546875,0.11235427856445312,-0.15449082851409912,-0.668117344379425
1696958217365000400,28.57700048828125,-1.64190673828125,0.07652163505554199,-0.7292311787605286
1696958217375014000,28.587013916015625,1.8173913955688477,0.278095543384552,-0.8443734049797058
1696958217385027300,28.59702734375,-2.5355448722839355,0.17779940366744995,-0.9303246736526489
1696958217395040800,28.607040771484375,0.6341762542724609,-0.18513238430023193,-0.3076903820037842
1696958217405054200,28.61705419921875,-0.07875537872314453,0.6065699458122253,-0.7334058880805969
1696958217415067600,28.627067626953124,-2.281609535217285,-0.009023129940032959,-0.5618311166763306
1696958217425081000,28.6370810546875,1.9249553680419922,0.49226003885269165,-0.72014319896698
1696958217435094500,28.647094482421874,-1.9739222526550293,0.3570554852485657,-0.6157976388931274
1696958217445108000,28.65710791015625,-1.065913200378418,0.1396576166152954,-0.728287935256958
1696958217455121400,28.667121337890624,1.2646026611328125,0.5519769191741943,-0.4534395933151245
1696958217465134800,28.677134765625,-1.997154712677002,0.01687479019165039,-0.3215329945087433
1696958217475148300,28.687148193359373,0.1582489013671875,-0.22927629947662354,-0.10335534811019897
1696958217485161500,28.697161376953126,0.4595346450805664,0.16405028104782104,0.001979649066925049
1696958217495175000,28.7071748046875,-2.962937355041504,-0.27271783351898193,0.177403062582016
1696958217505188400,28.717188232421876,0.6379375457763672,-0.46899741888046265,0.4386856257915497
1696958217515201800,28.727201904296876,1.2677526473999023,0.2963399291038513,0.015744537115097046
1696958217525215200,28.73721533203125,-2.0709352493286133,-0.10106205940246582,0.0924290120601654
1696958217535228400,28.747228515625,2.359248161315918,0.05038374662399292,0.30776509642601013
1696958217545241900,28.757241943359375,0.27992725372314453,-0.079831063747406,0.18125930428504944
1696958217555255300,28.76725537109375,-1.43646240234375,-0.03369259834289551,0.2278776466846466
1696958217565268700,28.777268798828125,1.2527399063110352,-0.3727482557296753,0.3883746862411499
1696958217575282000,28.787281982421874,1.383744239807129,-0.11479192972183228,0.32543373107910156
1696958217585295400,28.79729541015625,-0.9181337356567383,-0.12153095006942749,0.08470708131790161
1696958217595308800,28.807308837890623,1.1482458114624023,-0.18878161907196045,0.08970415592193604
1696958217605322200,28.817322265625,1.3561725616455078,-0.25448060035705566,0.3976532816886902
1696958217615335700,28.827335693359377,-0.39622974395751953,-0.48743048310279846,0.20708853006362915
1696958217625348900,28.837348876953126,-0.6295576095581055,-0.4036223888397217,0.2546461522579193
1696958217635362300,28.8473623046875,2.459294319152832,0.07525438070297241,0.424934983253479
1696958217645375700,28.857375732421875,0.22163009643554688,-0.30991172790527344,-0.1113990843296051
1696958217655389200,28.86738916015625,0.1586933135986328,-0.14758384227752686,-0.013389676809310913
1696958217665402600,28.877402587890625,1.286184310913086,-0.40594327449798584,0.7373038530349731
1696958217675415800,28.887415771484374,0.2602224349975586,-0.2230381965637207,0.10496494174003601
1696958217685429200,28.89742919921875,0.12076187133789062,-0.47921034693717957,0.13993293046951294
1696958217695442700,28.907442626953124,0.5074863433837891,-0.2905563712120056,0.6980024576187134
1696958217705456000,28.9174560546875,2.2453689575195312,-0.6328608989715576,0.4250621199607849
1696958217715469300,28.92746923828125,-0.5129585266113281,-0.9380078315734863,-0.05165866017341614
1696958217725482800,28.937482666015626,0.14263629913330078,-0.1438937783241272,0.33740025758743286
1696958217735496200,28.94749609375,1.8575916290283203,-0.5784496068954468,0.46325021982192993
1696958217745509600,28.957509521484376,-0.41706371307373047,-0.6401525735855103,0.30161917209625244
1696958217755523000,28.967523193359376,0.12342166900634766,-0.5404759645462036,-0.7959076762199402
1696958217765536300,28.977536376953125,-1.430079460144043,-0.4765975773334503,0.45308300852775574
1696958217775549700,28.9875498046875,2.6304216384887695,-0.6255555152893066,-0.02735087275505066
1696958217785563100,28.997563232421875,-2.408369541168213,-0.9672510027885437,-1.1765552759170532
1696958217795576600,29.00757666015625,-0.844721794128418,-0.2505556344985962,-0.13477885723114014
1696958217805590000,29.017590087890625,1.3988666534423828,-0.7594411373138428,0.1650974452495575
1696958217815603200,29.027603271484374,-1.9740715026855469,-0.8413838148117065,-0.6179389357566833
1696958217825616600,29.03761669921875,0.16697406768798828,-0.46929511427879333,-0.5994484424591064
1696958217835630000,29.047630126953123,-1.7114391326904297,-0.591848611831665,0.2580530643463135
1696958217845643500,29.0576435546875,1.212240219116211,-0.6954367160797119,-0.022508859634399414
1696958217855656700,29.06765673828125,-0.8934078216552734,-0.7201681137084961,-0.9280514121055603
1696958217865670100,29.077670166015626,-1.307267189025879,-0.4588219225406647,-0.2768971621990204
1696958217875683600,29.08768359375,1.424703598022461,-0.7344521284103394,0.518352746963501
1696958217885697000,29.097697021484375,-0.8778915405273438,-0.9545328617095947,-0.25038135051727295
1696958217895710500,29.10771044921875,0.02243518829345703,-0.7059043645858765,-0.458214670419693
1696958217905723600,29.1177236328125,-0.7232484817504883,-0.6398160457611084,0.19552016258239746
1696958217915737000,29.127737060546874,1.3235340118408203,-1.0795704126358032,0.35590147972106934
1696958217925750500,29.13775048828125,-0.08508968353271484,-1.2867259979248047,-0.8579342365264893
1696958217935764000,29.147763916015624,-1.188960075378418,-0.6167001724243164,-0.4755420684814453
1696958217945777400,29.15777734375,1.2080364227294922,-0.8229358196258545,0.07084307074546814
1696958217955790600,29.16779052734375,0.14884471893310547,-1.2037012577056885,0.014715880155563354
1696958217965804000,29.177803955078126,-0.5207843780517578,-0.8736979365348816,-0.7543319463729858
1696958217975817500,29.1878173828125,-1.1406984329223633,-0.9850288033485413,0.29061684012413025
1696958217985831000,29.197830810546876,2.0542421340942383,-0.6357784271240234,-0.08703497052192688
1696958217995844000,29.207843994140624,-1.1191425323486328,-1.3582478761672974,-0.40218034386634827
1696958218005857500,29.217857421875,-0.6051568984985352,-0.7047444581985474,-0.22095657885074615
1696958218015871000,29.22787109375,0.9210042953491211,-0.8717955350875854,0.45785361528396606
1696958218025884400,29.237884521484375,0.4167928695678711,-0.8769629001617432,0.13956692814826965
1696958218035897900,29.24789794921875,-0.03337860107421875,-1.2286748886108398,-0.06307414174079895
1696958218045911000,29.2579111328125,-0.5495223999023438,-0.8307944536209106,0.17733138799667358
1696958218055924500,29.267924560546874,1.2678451538085938,-0.7093743085861206,0.5694301128387451
1696958218065938000,29.27793798828125,0.43306827545166016,-1.174569845199585,0.0029005110263824463
1696958218075951400,29.287951416015623,-0.7197751998901367,-1.0711685419082642,-0.33600935339927673
1696958218085964800,29.29796484375,-0.11596298217773438,-0.9937163591384888,0.3741459846496582
1696958218095978000,29.30797802734375,1.6812267303466797,-0.7812013626098633,0.2206573188304901
1696958218105991400,29.317991455078126,-0.4639863967895508,-0.9981403350830078,-0.2780640721321106
1696958218116004900,29.3280048828125,-0.7496223449707031,-1.1563794612884521,-0.1598387062549591
1696958218126018300,29.338018310546875,-0.7286262512207031,-0.8512123227119446,0.24924612045288086
1696958218136031500,29.348031494140624,0.22887420654296875,-1.0813243389129639,-0.10119420289993286
1696958218146045000,29.358044921875,-1.468155860900879,-0.49061319231987,-0.6860308051109314
1696958218156058400,29.368058349609374,-0.8909330368041992,-0.6766369342803955,0.3681679666042328
1696958218166071800,29.37807177734375,0.1769695281982422,-0.6545536518096924,-0.07383692264556885
1696958218176085200,29.388085205078124,-2.471100330352783,-1.161478877067566,-1.0183943510055542
1696958218186098400,29.398098388671876,-0.983306884765625,-0.8816158771514893,-0.29024219512939453
1696958218196112000,29.40811181640625,1.551980972290039,-0.9323469400405884,0.6500778794288635
1696958218206125300,29.418125244140626,1.6579675674438477,-0.8393489718437195,-0.33958131074905396
1696958218216138800,29.428138671875,-2.1118521690368652,-1.603003740310669,0.18744903802871704
1696958218226152200,29.438152099609376,1.4677858352661133,-1.067638635635376,0.7148544788360596
1696958218236165600,29.44816552734375,0.7471141815185547,-1.1269689798355103,0.5104334950447083
1696958218246179000,29.458178955078125,1.4428281784057617,-1.0444871187210083,-0.02331829071044922
1696958218256192500,29.468192626953126,0.612213134765625,-1.448007345199585,-0.4009277820587158
1696958218266206000,29.4782060546875,0.7731637954711914,-0.7061974406242371,0.566900908946991
1696958218276219400,29.488219482421876,2.271542549133301,-1.4121711254119873,-0.21671047806739807
1696958218286232800,29.49823291015625,-2.618147373199463,-0.9847532510757446,-0.3785451352596283
1696958218296246300,29.508246337890625,2.774106025695801,-1.0067318677902222,0.4563148021697998
1696958218306259700,29.518259765625,1.3624916076660156,-0.5800743699073792,0.6390351057052612
1696958218316273200,29.528273193359375,-0.44750308990478516,-1.0986744165420532,-0.41736310720443726
1696958218326286600,29.53828662109375,0.1463632583618164,-1.2354331016540527,0.22717231512069702
1696958218336300000,29.548300048828125,0.7006378173828125,-0.8953707814216614,1.1756293773651123
1696958218346313500,29.5583134765625,1.8695001602172852,-0.850363552570343,-0.14609715342521667
1696958218356327000,29.568326904296875,-1.1407299041748047,-0.6102993488311768,-0.3938695788383484
1696958218366340400,29.57834033203125,0.8981094360351562,-0.9875568747520447,1.2286627292633057
1696958218376353800,29.588353759765624,2.2053661346435547,-0.8291490077972412,0.3834322690963745
1696958218386367200,29.5983671875,-1.8860282897949219,-0.8044203519821167,-0.3401815891265869
1696958218396380700,29.608380615234374,1.0818195343017578,-0.5159904956817627,0.36996573209762573
1696958218406394000,29.61839404296875,0.30025482177734375,-0.6612883806228638,0.6535676121711731
1696958218416407600,29.628407470703124,0.47637367248535156,-0.84720778465271,0.25133252143859863
1696958218426421000,29.6384208984375,-0.6669960021972656,-0.7572464346885681,-0.6002610921859741
1696958218436434400,29.648434326171873,-0.5265941619873047,-0.39670345187187195,0.5880303382873535
1696958218446447900,29.65844775390625,1.4245004653930664,-0.45981472730636597,0.3418884873390198
1696958218456461300,29.66846142578125,-1.7093095779418945,-0.8046919703483582,-0.4442390203475952
1696958218466474800,29.678474853515624,-0.2093515396118164,-0.7436398863792419,-0.5624450445175171
1696958218476488200,29.68848828125,-0.39014434814453125,-0.3966606557369232,0.2704685926437378
1696958218486501600,29.698501708984374,0.3131675720214844,-0.9759790301322937,-0.017607569694519043
1696958218496515000,29.70851513671875,-1.1069250106811523,-0.7336296439170837,-0.9446411728858948
1696958218506528500,29.718528564453123,-1.1471128463745117,-0.5607579946517944,0.12138697504997253
1696958218516541700,29.728541748046876,1.2548770904541016,-0.7382577061653137,0.19918933510780334
1696958218526555100,29.73855517578125,-1.286020278930664,-1.055417776107788,-0.3741295337677002
1696958218536568600,29.748568603515626,0.01709270477294922,-0.6115156412124634,0.05424073338508606
1696958218546582000,29.75858203125,0.6573667526245117,-0.504435658454895,0.2603204548358917
1696958218556595500,29.768595458984375,-0.8116750717163086,-0.71185702085495,-0.0005189478397369385
1696958218566609000,29.77860888671875,0.6572637557983398,-1.118204951286316,-0.2771603465080261
1696958218576622300,29.788622314453125,-0.4579887390136719,-0.5608168840408325,0.1650276482105255
1696958218586635800,29.7986357421875,1.038553237915039,-0.8701213598251343,0.08978703618049622
1696958218596649000,29.80864892578125,-0.5125570297241211,-0.9260553121566772,-0.5137350559234619
1696958218606662400,29.818662353515624,-1.113687515258789,-0.9669755697250366,-0.20796379446983337
1696958218616675800,29.82867578125,0.2843465805053711,-1.0678954124450684,0.04756021499633789
1696958218626689300,29.838689208984373,0.6132192611694336,-0.982147216796875,-0.31503307819366455
1696958218636702700,29.84870263671875,-0.6643409729003906,-0.7824978232383728,-0.5207483768463135
1696958218646716000,29.8587158203125,0.1640005111694336,-1.0503721237182617,-0.0100860595703125
1696958218656729300,29.868729248046876,1.3009147644042969,-0.65923011302948,0.2140294313430786
1696958218666742800,29.87874267578125,-0.6424684524536133,-0.8119609355926514,-0.44670334458351135
1696958218676756200,29.888756103515625,-0.5789241790771484,-0.8533491492271423,-0.19463902711868286
1696958218686769400,29.898769287109374,1.8935632705688477,-0.4708268344402313,0.9444920420646667
1696958218696782800,29.908782958984375,-0.1184988021850586,-1.1475645303726196,-0.3221198320388794
1696958218706796300,29.91879638671875,-1.4180889129638672,-0.06061834096908569,-0.43488869071006775
1696958218716809700,29.928809814453125,2.466202735900879,-0.3256211578845978,0.8631336688995361
1696958218726823200,29.9388232421875,-0.21610260009765625,-0.8327372074127197,0.026511669158935547
1696958218736836400,29.94883642578125,-1.2193107604980469,-0.07619971036911011,-0.4252064824104309
1696958218746849800,29.958849853515623,0.8915891647338867,-0.12229055166244507,0.3815162479877472
1696958218756863200,29.96886328125,0.072021484375,-0.45152929425239563,0.5454387664794922
1696958218766876700,29.978876708984377,0.7839565277099609,0.015795648097991943,0.010836213827133179
1696958218776890000,29.98889013671875,-0.47002124786376953,0.38232409954071045,-0.21336224675178528
1696958218786903300,29.9989033203125,0.04718971252441406,0.12871015071868896,0.2708750367164612
1696958218796916700,30.008916748046875,0.8882503509521484,0.19291508197784424,0.3149375915527344
1696958218806930200,30.01893017578125,-1.427042007446289,-0.16251122951507568,-0.44298458099365234
1696958218816943600,30.028943603515625,-0.31960201263427734,0.26033568382263184,0.2976849675178528
1696958218826956800,30.038956787109374,2.591625213623047,0.35805636644363403,0.35169151425361633
1696958218836970200,30.04897021484375,-1.8066072463989258,-0.052540481090545654,-0.3924105763435364
1696958218846983700,30.058983642578124,-0.14404869079589844,-0.033561646938323975,-0.14390847086906433
1696958218856997000,30.0689970703125,1.2663192749023438,0.24909162521362305,0.33121615648269653
1696958218867010600,30.079010498046873,-1.2314205169677734,-0.18645015358924866,0.03303244709968567
1696958218877023700,30.089023681640626,0.22907638549804688,0.07731938362121582,-0.19359347224235535
1696958218887037200,30.099037109375,1.165299415588379,0.19048082828521729,0.39902734756469727
1696958218897050600,30.109050537109376,-0.31412506103515625,-0.046713948249816895,0.25912564992904663
1696958218907064000,30.11906396484375,-0.5860300064086914,0.05475813150405884,-0.5494518876075745
1696958218917077500,30.129077392578125,0.6294431686401367,0.34979575872421265,0.1434626579284668
1696958218927090700,30.139090576171874,0.7761697769165039,0.2082991600036621,0.2910499572753906
1696958218937104100,30.149104248046875,-1.749098777770996,0.06779247522354126,-0.4478171467781067
1696958218947117600,30.15911767578125,0.6781320571899414,0.1647946834564209,-0.026723712682724
1696958218957131000,30.169131103515625,0.5763826370239258,0.33728355169296265,0.26425492763519287
1696958218967144400,30.17914453125,-1.0499763488769531,0.1116858720779419,-0.4994855523109436
1696958218977157600,30.18915771484375,-0.2779731750488281,0.16961568593978882,-0.21197029948234558
1696958218987171000,30.199171142578123,1.319162368774414,-0.052792489528656006,-0.12290892004966736
1696958218997184500,30.2091845703125,-2.1390795707702637,0.509132981300354,-0.10568848252296448
1696958219007198000,30.219197998046877,0.6760234832763672,-0.013949871063232422,-0.26774102449417114
1696958219017211100,30.229211181640625,0.2827930450439453,0.5698448419570923,0.028245598077774048
1696958219027224600,30.239224609375,-0.38210391998291016,-0.28612014651298523,0.05849304795265198
1696958219037238000,30.249238037109375,-0.25697994232177734,0.4557608366012573,-0.050446897745132446
1696958219047251500,30.25925146484375,1.1870231628417969,0.3824160695075989,0.34963443875312805
1696958219057265000,30.269264892578125,-0.8182649612426758,0.3751671314239502,-0.24786972999572754
1696958219067278000,30.279278076171874,-0.5010776519775391,0.16105520725250244,-0.3161344528198242
1696958219077291500,30.28929150390625,0.8288803100585938,0.441256582736969,-0.07745680212974548
1696958219087305000,30.299304931640624,-1.6007089614868164,0.05073213577270508,-0.18315798044204712
1696958219097318400,30.309318359375,0.2285776138305664,0.019871652126312256,-0.2859850525856018
1696958219107331800,30.319331787109373,0.36707496643066406,0.3491542935371399,0.07579711079597473
1696958219117345000,30.329344970703126,-0.9096784591674805,0.28477585315704346,-0.7904665470123291
1696958219127358500,30.3393583984375,-1.9347472190856934,-0.5630109310150146,-0.5935931205749512
1696958219137372000,30.349371826171875,1.5687828063964844,0.44419610500335693,-0.07244434952735901
1696958219147385300,30.35938525390625,-1.7032289505004883,0.16892677545547485,-0.19686594605445862
1696958219157398500,30.3693984375,0.4324522018432617,-0.06807684898376465,0.019996464252471924
1696958219167412000,30.379411865234374,1.827444076538086,0.32202988862991333,-0.04925236105918884
1696958219177425400,30.38942529296875,-2.3581418991088867,0.23136669397354126,-0.0886293351650238
1696958219187438800,30.39943896484375,0.3143491744995117,0.2665894031524658,0.16768375039100647
1696958219197452300,30.409452392578125,1.8815183639526367,0.8816100358963013,0.05195850133895874
1696958219207465500,30.419465576171874,-2.3377327919006348,0.3510056734085083,0.093608558177948
1696958219217479000,30.42947900390625,0.46825122833251953,0.3297954201698303,-0.16327404975891113
1696958219227492400,30.439492431640623,0.30025672912597656,0.9365338683128357,-0.09362965822219849
1696958219237505800,30.449505859375,-1.8985753059387207,0.17464816570281982,-0.14646410942077637
1696958219247519200,30.459519287109377,-0.8188676834106445,-0.0037350058555603027,-0.1932898759841919
1696958219257532400,30.469532470703125,1.8835887908935547,0.9943487048149109,-0.10161393880844116
1696958219267545900,30.4795458984375,-2.0775856971740723,0.37361663579940796,-0.18052691221237183
1696958219277559300,30.489559326171875,0.2209339141845703,-0.1064261794090271,-0.45345020294189453
1696958219287572700,30.49957275390625,1.0285663604736328,0.688417911529541,0.13521766662597656
1696958219297586000,30.5095859375,-2.1516857147216797,0.2216101884841919,0.34866970777511597
1696958219307599400,30.519599365234374,1.3655853271484375,-0.2703308165073395,-0.09239637851715088
1696958219317612800,30.52961279296875,1.281468391418457,0.6326605677604675,0.2098749876022339
1696958219327626200,30.539626220703123,-0.953312873840332,0.4216468334197998,-0.16826826333999634
1696958219337639700,30.5496396484375,-0.14853858947753906,-0.36508557200431824,-0.08354341983795166
1696958219347652900,30.55965283203125,1.7398557662963867,0.7048810720443726,-0.30706465244293213
1696958219357666300,30.569666259765626,-3.0956578254699707,0.06933963298797607,0.07161498069763184
1696958219367679700,30.5796796875,2.3976755142211914,-0.32234635949134827,0.17548209428787231
1696958219377693200,30.589693115234375,2.5498409271240234,0.1897372603416443,-0.1850157380104065
1696958219387706600,30.59970654296875,-2.617349147796631,0.4885365962982178,0.5823135375976562
1696958219397719800,30.6097197265625,3.768195152282715,-0.34977588057518005,0.27994799613952637
1696958219407733200,30.619733154296874,0.12736225128173828,0.16105949878692627,0.3864315152168274
1696958219417746700,30.62974658203125,-0.9053821563720703,0.004355311393737793,0.5669721961021423
1696958219427760000,30.639760009765624,2.9959192276000977,-0.3943183720111847,0.27615875005722046
1696958219437773300,30.649773193359376,1.7271137237548828,-0.04285794496536255,0.5508848428726196
1696958219447786800,30.659786865234373,-1.0011625289916992,0.1726401448249817,0.4477255344390869
1696958219457800200,30.66980029296875,1.9158458709716797,-0.36891230940818787,0.10936087369918823
1696958219467813600,30.679813720703127,0.25328636169433594,0.01779574155807495,0.6857799291610718
1696958219477827000,30.6898271484375,-0.708094596862793,-0.2914217412471771,0.3219760060310364
1696958219487840300,30.69984033203125,2.093904495239258,-0.2149255871772766,0.2976624369621277
1696958219497853700,30.709853759765625,0.029427528381347656,0.018657982349395752,0.4057103991508484
1696958219507867100,30.7198671875,-0.7974586486816406,0.21390831470489502,0.13394445180892944
1696958219517880600,30.729880615234375,1.1017560958862305,0.024957001209259033,0.35660094022750854
1696958219527894000,30.73989404296875,-0.2768735885620117,0.12028443813323975,0.7458410859107971
1696958219537907200,30.7499072265625,-0.48644065856933594,-0.2831428349018097,0.650262176990509
1696958219547920600,30.759920654296874,0.6041650772094727,0.47915810346603394,-0.15615928173065186
1696958219557934000,30.76993408203125,0.005703926086425781,0.15746808052062988,0.41223669052124023
1696958219567947500,30.779947509765623,-1.2081375122070312,0.12584692239761353,-0.06874006986618042
1696958219577961000,30.7899609375,-1.1622533798217773,0.012891948223114014,-0.23445236682891846
1696958219587974100,30.79997412109375,0.7764654159545898,0.6604151129722595,0.24149048328399658
1696958219597987600,30.809987548828126,-0.7879486083984375,0.16968166828155518,-0.49568092823028564
1696958219608001000,30.8200009765625,-1.9809274673461914,-0.03914058208465576,-0.24490225315093994
1696958219618014500,30.830014404296875,0.8440008163452148,0.4624072313308716,0.02364248037338257
1696958219628027600,30.840027587890624,-2.703965663909912,-0.018468737602233887,-0.36838585138320923
1696958219638041000,30.850041015625,0.47093677520751953,0.2273775339126587,-0.6179299354553223
1696958219648054500,30.860054443359374,0.790410041809082,0.7001321911811829,-0.03993821144104004
1696958219658068000,30.87006787109375,-2.1360960006713867,0.15206366777420044,-0.13696414232254028
1696958219668081400,30.880081298828124,-0.7596321105957031,0.025458455085754395,-0.4146224558353424
1696958219678094600,30.890094482421876,1.1160049438476562,0.4338999390602112,0.3955721855163574
1696958219688108000,30.90010791015625,-1.3097162246704102,-0.1705547571182251,-0.167833149433136
1696958219698121500,30.91012158203125,-0.1838674545288086,0.20053225755691528,-0.664277195930481
1696958219708135000,30.920135009765627,0.45259761810302734,0.7511871457099915,0.12803488969802856
1696958219718148400,30.9301484375,-0.9487552642822266,0.03295266628265381,0.18878412246704102
1696958219728161500,30.94016162109375,-0.22514629364013672,0.2584874629974365,-0.1263173222541809
1696958219738175000,30.950175048828125,0.3729228973388672,0.47572004795074463,-0.5557459592819214
1696958219748188400,30.9601884765625,-1.8070201873779297,0.3553430438041687,0.024589955806732178
1696958219758201900,30.970201904296875,1.8912992477416992,0.1980946660041809,-0.4728918671607971
1696958219768215000,30.980215087890624,-2.3375425338745117,0.9283179044723511,-0.4589519798755646
1696958219778228500,30.990228515625,0.774540901184082,0.6246890425682068,0.20167338848114014
1696958219788242000,31.000241943359374,0.8779821395874023,0.3223069906234741,0.059988558292388916
1696958219798255400,31.01025537109375,-1.0739374160766602,0.9191317558288574,-0.5636007785797119
1696958219808268800,31.020268798828123,1.8392715454101562,0.8107389807701111,-0.10427719354629517
1696958219818282000,31.030281982421876,-1.1659965515136719,0.9963077306747437,0.3074462413787842
1696958219828295400,31.04029541015625,1.9620780944824219,0.7177342176437378,-0.05287063121795654
1696958219838308900,31.050308837890626,-1.5166959762573242,1.0883510112762451,-0.019842863082885742
1696958219848322300,31.060322265625,3.313802719116211,1.3457367420196533,0.4753419756889343
1696958219858335700,31.070335693359375,-2.1180667877197266,1.0656620264053345,0.08099812269210815
1696958219868349000,31.080348876953124,1.5473661422729492,1.3213024139404297,-0.16036522388458252
1696958219878362400,31.0903623046875,-0.4677114486694336,1.3993070125579834,0.2615628242492676
1696958219888375800,31.100375732421874,0.7853059768676758,1.4885296821594238,0.20982033014297485
1696958219898389200,31.11038916015625,-0.5257425308227539,1.2056941986083984,0.08898979425430298
1696958219908402400,31.12040234375,-0.6341142654418945,1.9800400733947754,0.31649112701416016
1696958219918416000,31.130415771484376,0.7341995239257812,1.470733880996704,-0.3769041895866394
1696958219928429300,31.14042919921875,-1.6948328018188477,1.5571873188018799,-0.08531546592712402
1696958219938442800,31.15044287109375,-0.2615776062011719,2.05086088180542,0.16540497541427612
1696958219948456200,31.160456298828127,-0.05510139465332031,1.0889467000961304,-0.21868783235549927
1696958219958469400,31.170469482421876,-0.4512510299682617,2.5331461429595947,0.10673540830612183
1696958219968482800,31.18048291015625,0.36756420135498047,1.2843252420425415,0.08162200450897217
1696958219978496300,31.190496337890625,-1.578232765197754,2.111126184463501,-0.2392619252204895
1696958219988509700,31.200509765625,0.23243236541748047,1.261967658996582,-0.057238757610321045
1696958219998523100,31.210523193359375,-0.9910554885864258,2.2020797729492188,0.1680275797843933
1696958220008536300,31.220536376953124,-0.7399568557739258,2.0701494216918945,-0.2226467728614807
1696958220018549800,31.2305498046875,-0.2792081832885742,1.1375949382781982,-0.14730113744735718
1696958220028563200,31.240563232421874,-1.1333847045898438,2.4204983711242676,0.33820807933807373
1696958220038576600,31.25057666015625,-0.045998573303222656,0.9974298477172852,-0.8182146549224854
1696958220048589800,31.26058984375,-1.8519210815429688,2.080737352371216,-0.5829266309738159
1696958220058603300,31.270603271484376,-0.5235090255737305,0.9167837500572205,-0.11281442642211914
1696958220068616700,31.28061669921875,0.0275115966796875,1.9317426681518555,-0.12324625253677368
1696958220078630100,31.290630126953126,-1.7168083190917969,1.218848466873169,-0.5291640758514404
1696958220088643600,31.3006435546875,-0.33161258697509766,1.3785710334777832,-0.25548529624938965
1696958220098656800,31.31065673828125,-0.2875022888183594,1.7921855449676514,-0.6120155453681946
1696958220108670200,31.320670166015624,-2.3562707901000977,0.9770470857620239,-0.41776230931282043
1696958220118683600,31.33068359375,-0.620452880859375,1.510640263557434,-0.37871742248535156
1696958220128697000,31.340697021484374,-2.501959800720215,1.1918599605560303,-0.3937487006187439
1696958220138710500,31.35071044921875,-1.306100845336914,1.6134382486343384,-0.7899621725082397
1696958220148723700,31.3607236328125,-2.55039119720459,0.9897019863128662,-0.9426835775375366
1696958220158737200,31.370737060546876,-1.7558279037475586,1.461999535560608,-1.6954903602600098
1696958220168750600,31.38075048828125,-3.9928030967712402,0.7863239645957947,-1.0853221416473389
1696958220178764000,31.390763916015626,1.3742942810058594,0.7976303696632385,1.2444992065429688
1696958220188777500,31.400777587890627,3.621596336364746,-0.4977814853191376,-0.4790610074996948
1696958220198790700,31.410790771484375,-2.843935012817383,-0.640694260597229,0.09765267372131348
1696958220208804000,31.42080419921875,4.260000228881836,-1.5325864553451538,1.410832405090332
1696958220218817500,31.430817626953125,1.5340280532836914,-0.20334970951080322,-1.4106652736663818
1696958220228831000,31.4408310546875,2.38625431060791,0.22426825761795044,1.4648046493530273
1696958220238844200,31.45084423828125,1.8928766250610352,-0.12527388334274292,1.4654220342636108
1696958220248857600,31.460857666015624,1.9543895721435547,0.32658839225769043,1.8681080341339111
1696958220258871000,31.47087109375,2.217432975769043,-0.2135223150253296,0.5454158782958984
1696958220268884500,31.480884521484374,0.8735017776489258,-0.781329870223999,1.5159809589385986
1696958220278898000,31.49089794921875,2.8449440002441406,-0.2610892057418823,-0.7289226055145264
1696958220288911000,31.5009111328125,-0.6745481491088867,-0.22851818799972534,-0.5172938704490662
1696958220298924500,31.510924560546876,3.370804786682129,0.14026987552642822,0.6399231553077698
1696958220308938000,31.52093798828125,-0.374176025390625,-0.1840413212776184,0.2777198553085327
1696958220318951400,31.530951416015625,2.67116641998291,1.2154834270477295,0.6849250793457031
1696958220328964900,31.54096484375,1.2749481201171875,-0.2562231421470642,0.934720516204834
1696958220338978000,31.55097802734375,0.42569541931152344,-0.7697482109069824,0.4162994623184204
1696958220348991500,31.560991455078124,1.8256549835205078,0.742661714553833,0.11050903797149658
1696958220359005000,31.5710048828125,-0.0089263916015625,-0.41250044107437134,0.13141119480133057
1696958220369018400,31.581018310546874,1.5250864028930664,0.7702743411064148,0.08417260646820068
1696958220379031600,31.591031494140626,0.7332525253295898,-0.024453163146972656,0.373890221118927
1696958220389045000,31.601044921875,-0.7454500198364258,-0.07389360666275024,0.033712685108184814
1696958220399058400,31.611058349609376,0.7474565505981445,0.17425525188446045,0.6556404829025269
1696958220409071900,31.62107177734375,-0.8361215591430664,-0.46020522713661194,0.4271541237831116
1696958220419085300,31.631085205078126,-0.2516460418701172,0.06834346055984497,-0.09710848331451416
1696958220429098500,31.641098388671875,-0.2844657897949219,0.3861241936683655,-0.09850537776947021
1696958220439112000,31.65111181640625,-0.06444454193115234,-0.19138097763061523,-0.30309051275253296
1696958220449125400,31.66112548828125,-0.9628229141235352,-0.23010963201522827,0.2739512324333191
1696958220459138800,31.671138916015625,-0.18670082092285156,-0.04037511348724365,-0.20130425691604614
1696958220469152300,31.68115234375,-1.2474231719970703,-0.1134563684463501,-0.1516469120979309
1696958220479165400,31.69116552734375,-0.3555116653442383,0.06202101707458496,0.08455908298492432
1696958220489179000,31.701178955078124,-1.3011512756347656,-0.9044169187545776,-0.382907509803772
1696958220499192300,31.7111923828125,-1.2169790267944336,0.4157704710960388,-0.27244991064071655
1696958220509205800,31.721205810546873,0.802922248840332,0.09355276823043823,-0.449154257774353
1696958220519219200,31.73121923828125,-2.3629331588745117,-0.5936729907989502,-0.3946419358253479
1696958220529232600,31.741232666015627,1.4182767868041992,0.19062000513076782,0.4145672917366028
1696958220539246000,31.75124609375,-0.43465614318847656,-0.223710298538208,-0.48671606183052063
1696958220549259500,31.761259521484376,-2.99052095413208,-0.013818860054016113,0.06632429361343384
1696958220559273000,31.77127294921875,3.4826440811157227,-0.0824480652809143,0.3957374095916748
1696958220569286400,31.781286376953126,-4.0142083168029785,-0.10257267951965332,-0.03466135263442993
1696958220579299800,31.7912998046875,1.9922504425048828,-0.17231851816177368,-0.11354261636734009
1696958220589313300,31.801313232421876,-0.6643857955932617,-0.023519575595855713,-0.253618061542511
1696958220599326700,31.81132666015625,-1.7099733352661133,-0.4546143114566803,0.026761770248413086
1696958220609340200,31.821340087890626,2.30844783782959,-0.0636640191078186,0.09969782829284668
1696958220619353600,31.831353515625,-1.7735881805419922,-0.3853558897972107,-0.05906194448471069
1696958220629367000,31.841366943359375,0.30931949615478516,-0.1859305500984192,-0.03267854452133179
1696958220639380500,31.85138037109375,0.3706645965576172,-0.12996023893356323,0.04671889543533325
1696958220649394000,31.861393798828125,-0.6288461685180664,-0.35976213216781616,0.09194165468215942
1696958220659407400,31.871407470703126,0.6053276062011719,-0.5738397836685181,-0.2321842908859253
1696958220669420800,31.8814208984375,1.024857521057129,0.6717969179153442,0.15223199129104614
1696958220679434200,31.891434326171876,-0.468414306640625,-0.5413862466812134,0.2552955150604248
1696958220689447700,31.90144775390625,0.5502939224243164,-0.4813978374004364,0.10119819641113281
1696958220699461000,31.911461181640625,2.4707632064819336,0.623099684715271,0.8673454523086548
1696958220709474600,31.921474609375,-3.3129749298095703,-0.6536986827850342,0.30847352743148804
1696958220719488000,31.931488037109375,3.2321720123291016,0.21405231952667236,0.7796679735183716
1696958220729501400,31.94150146484375,0.5394258499145508,0.003921210765838623,0.6321699619293213
1696958220739515000,31.951514892578125,-2.1865367889404297,-0.4397711455821991,0.4692593812942505
1696958220749528300,31.9615283203125,3.486607551574707,0.054155707359313965,0.2385786771774292
1696958220759541800,31.971541748046874,-2.686311721801758,-0.10029929876327515,0.24121201038360596
1696958220769555000,31.981554931640623,-0.4483366012573242,-0.3597930669784546,0.7174525856971741
1696958220779568400,31.991568359375,2.4726715087890625,0.5254988074302673,-0.03610962629318237
1696958220789581800,32.00158178710937,-3.243762969970703,-0.45636293292045593,0.0676535964012146
1696958220799595300,32.01159521484375,1.2702665328979492,-0.19603723287582397,0.5756136775016785
1696958220809608700,32.02160864257812,-0.027242660522460938,0.4539840817451477,0.24743616580963135
1696958220819622000,32.03162182617187,-2.4886679649353027,-0.4800351560115814,-0.3847663104534149
1696958220829635300,32.04163525390625,1.8617401123046875,0.21650290489196777,0.25402647256851196
1696958220839648800,32.05164868164063,-0.6847009658813477,-0.13179075717926025,0.3778558373451233
1696958220849662200,32.061662109375,-2.202803134918213,-0.7335993051528931,0.15866118669509888
1696958220859675600,32.07167553710938,3.068875312805176,0.5546734929084778,-0.3645023703575134
1696958220869688800,32.08168872070313,-2.1465253829956055,-0.28209054470062256,0.5644825100898743
1696958220879702300,32.09170239257813,0.3145179748535156,-0.4324879050254822,0.32539981603622437
1696958220889715700,32.1017158203125,1.179117202758789,0.052865803241729736,-0.543807327747345
1696958220899729200,32.11172924804688,-1.3560094833374023,0.14680945873260498,0.1752658486366272
1696958220909742300,32.12174243164063,1.7392511367797852,-0.7094886898994446,0.612585186958313
1696958220919755800,32.131755859375,0.4880990982055664,0.5757449269294739,-0.13665616512298584
1696958220929769200,32.141769287109376,-2.5280942916870117,-0.1466217041015625,-0.11505270004272461
1696958220939782700,32.15178271484375,1.162714958190918,-0.10389930009841919,0.22729963064193726
1696958220949796000,32.161796142578126,0.3005247116088867,-0.18469083309173584,-0.1270160675048828
1696958220959809300,32.171809326171875,-2.4907331466674805,-0.2987045645713806,-0.9815387725830078
1696958220969822700,32.18182275390625,-0.1611480712890625,0.4034573435783386,-0.3751866817474365
1696958220979836400,32.19183642578125,-0.6324148178100586,-0.2879899740219116,-0.6555304527282715
1696958220989849600,32.201849609375,-4.844806671142578,-1.1220582723617554,-1.1600079536437988
1696958220999862800,32.21186279296875,1.166097640991211,-0.26967644691467285,-1.0467866659164429
1696958221009875700,32.22187573242188,-0.5693635940551758,-1.8643136024475098,-0.3595259487628937
1696958221019889000,32.23188891601563,0.651555061340332,-1.212903380393982,-0.13736993074417114
1696958221029902000,32.241902099609376,1.0534915924072266,1.3841617107391357,1.6153970956802368
1696958221039915300,32.251915283203125,0.5020751953125,1.3911818265914917,1.0463651418685913
1696958221049928400,32.261928466796874,0.7108621597290039,-0.8108705282211304,0.1204645037651062
1696958221059942000,32.27194189453125,-0.1836252212524414,-0.25904572010040283,0.5528004169464111
1696958221069955000,32.281955078125,-0.09236335754394531,-0.2272130250930786,0.9489177465438843
1696958221079968500,32.29196850585937,1.2027397155761719,0.7341345548629761,0.24709093570709229
1696958221089982000,32.30198193359375,1.1853885650634766,-0.303195595741272,0.42579370737075806
1696958221099995400,32.31199536132812,-0.7865915298461914,0.1144411563873291,0.5675128698348999
1696958221110008800,32.3220087890625,0.0746307373046875,0.3947756290435791,0.6534875631332397
1696958221120022500,32.3320224609375,1.4266529083251953,0.37208306789398193,0.718939483165741
1696958221130036000,32.34203588867187,-1.9036321640014648,-0.45979177951812744,0.6787288188934326
1696958221140049700,32.352049560546874,1.1732721328735352,0.658141016960144,0.6612891554832458
1696958221150063000,32.36206298828125,1.3047943115234375,0.9352723360061646,-0.14996832609176636
1696958221160076500,32.37207666015625,-3.0947790145874023,-0.039688706398010254,0.3323294520378113
1696958221170090200,32.38209033203125,2.279513359069824,-0.4401105046272278,1.0417113304138184
1696958221180103700,32.392103759765625,-0.4304494857788086,0.24110311269760132,0.6909089088439941
1696958221190117400,32.402117431640626,-1.1039209365844727,-0.733275830745697,0.6841716766357422
1696958221200130600,32.412130615234375,4.106769561767578,0.7055973410606384,1.0918562412261963
1696958221210144000,32.42214404296875,-2.5175867080688477,0.6011709570884705,0.6236962080001831
1696958221220157400,32.432157470703125,0.9045734405517578,-0.5296627283096313,0.21509182453155518
1696958221230171100,32.442171142578125,2.9836130142211914,-0.3976532220840454,-0.1066545844078064
1696958221240184300,32.452184326171874,-2.272103786468506,-0.09154373407363892,-0.6291193962097168
1696958221250197200,32.462197265625,1.900787353515625,-0.5380185842514038,0.3710950016975403
1696958221260210400,32.47221044921875,1.045186996459961,-0.1890438199043274,0.8095725774765015
1696958221270223400,32.482223388671876,-1.0129919052124023,-0.2069581151008606,0.5646857023239136
1696958221280236500,32.492236572265625,1.2684249877929688,-0.5420715808868408,0.34340381622314453
1696958221290249700,32.502249755859374,-0.16379833221435547,-0.015137434005737305,-0.07107645273208618
1696958221300263000,32.51226293945312,-0.7943973541259766,-0.00755995512008667,0.5443242788314819
1696958221310276000,32.52227612304687,1.4626884460449219,-0.49150440096855164,0.302692711353302
1696958221320289300,32.53228930664063,-0.5574417114257812,-0.10673052072525024,0.317595899105072
1696958221330302700,32.542302734375,-0.9769487380981445,-0.1111917495727539,0.3198124170303345
1696958221340316200,32.55231616210938,-0.047638893127441406,-0.5186457633972168,0.057259559631347656
1696958221350329600,32.56232958984375,-0.3435802459716797,0.053457438945770264,0.7436326742172241
1696958221360343000,32.57234301757813,-0.08957195281982422,-0.5172407627105713,-0.042136311531066895
1696958221370356500,32.5823564453125,-1.1887359619140625,-0.07414126396179199,0.2927224040031433
1696958221380370200,32.5923701171875,1.629446029663086,0.3541010022163391,0.43733763694763184
1696958221390383900,32.6023837890625,-3.172865867614746,-0.6323481798171997,0.03843498229980469
1696958221400397300,32.61239721679687,0.5623540878295898,-0.08280676603317261,0.5450617074966431
1696958221410411000,32.62241088867187,0.7429885864257812,-0.27299416065216064,0.30401062965393066
1696958221420424700,32.6324248046875,-3.1347436904907227,-0.5161209106445312,-0.07717376947402954
1696958221430438400,32.6424384765625,2.1153087615966797,0.42533737421035767,0.12354427576065063
1696958221440452000,32.6524521484375,-0.608367919921875,-0.09968394041061401,0.34175896644592285
1696958221450465300,32.66246533203125,-1.9122657775878906,-0.4318252205848694,0.18442755937576294
1696958221460478700,32.672478759765625,1.5669288635253906,0.010635137557983398,0.11043018102645874
1696958221470492200,32.6824921875,-0.9695043563842773,-0.013830304145812988,0.4547978639602661
1696958221480505600,32.692505615234374,-0.4465351104736328,-0.622905969619751,0.32145971059799194
1696958221490518800,32.70251879882812,2.2210283279418945,0.22466015815734863,-0.10638147592544556
1696958221500532200,32.7125322265625,-1.6740455627441406,0.01994502544403076,0.052948057651519775
1696958221510545700,32.72254565429687,0.0880422592163086,-0.3939846158027649,0.16442519426345825
1696958221520559000,32.73255908203125,1.2590141296386719,-0.395926296710968,0.760516881942749
1696958221530572500,32.74257250976562,-0.039264678955078125,0.03189074993133545,0.4893144965171814
1696958221540585700,32.75258569335937,0.37143707275390625,-0.19190281629562378,0.08623987436294556
1696958221550599200,32.76259912109375,1.8185768127441406,-0.1860634684562683,0.5912443399429321
1696958221560612600,32.77261254882813,-1.1058349609375,0.20411169528961182,0.2808130383491516
1696958221570626000,32.7826259765625,0.4876976013183594,-0.6751564741134644,0.6832312941551208
1696958221580639500,32.79263940429688,1.6573944091796875,0.4076441526412964,0.12180554866790771
1696958221590652700,32.80265258789063,-1.8783702850341797,-0.26209020614624023,0.330635130405426
1696958221600666000,32.812666015625,1.3898725509643555,0.04794108867645264,0.4611355662345886
1696958221610679600,32.82267944335938,1.0091257095336914,-0.4491555988788605,0.08994829654693604
1696958221620693000,32.83269287109375,-3.719837188720703,-0.09793692827224731,-0.30343306064605713
1696958221630706200,32.8427060546875,1.78009033203125,-0.4951811730861664,0.2379683256149292
1696958221640719600,32.8527197265625,0.7010993957519531,0.36933499574661255,-0.022255897521972656
1696958221650733000,32.862733154296876,-2.192000389099121,-0.48474231362342834,-0.05311042070388794
1696958221660746500,32.87274658203125,1.6365737915039062,0.08245068788528442,0.2560984492301941
1696958221670760000,32.882760009765626,-0.7180910110473633,-0.042778611183166504,0.1815657615661621
1696958221680773000,32.892773193359375,-1.581507682800293,-0.23405665159225464,0.4073503613471985
1696958221690786600,32.90278662109375,2.2121105194091797,-0.22946113348007202,0.2936362028121948
1696958221700800000,32.912800048828124,0.05641746520996094,0.3228152394294739,0.3102564811706543
1696958221710813400,32.9228134765625,-1.291661262512207,-0.30211085081100464,0.03822338581085205
1696958221720827000,32.932826904296874,0.8234739303588867,-0.08892744779586792,0.23688852787017822
1696958221730840000,32.94284008789062,0.4060659408569336,0.07591527700424194,0.5445229411125183
1696958221740853500,32.952853515625,-2.4629316329956055,-0.16038763523101807,0.04120761156082153
1696958221750867000,32.96286694335937,1.882004737854004,-0.027870118618011475,0.1019059419631958
1696958221760880400,32.97288037109375,-1.0852346420288086,-0.041650235652923584,0.2064417600631714
1696958221770893800,32.98289379882812,-0.9161739349365234,-0.5218960046768188,-0.35452497005462646
1696958221780907000,32.99290698242187,0.6058015823364258,0.2562984228134155,-0.3503328561782837
1696958221790920400,33.00292041015625,-1.1063346862792969,-0.02481597661972046,0.2326323390007019
1696958221800934000,33.01293383789063,-0.2821922302246094,-0.6479314565658569,-0.2314082384109497
1696958221810947300,33.022947265625,0.35896873474121094,-0.09242194890975952,-0.19778400659561157
1696958221820960500,33.03296044921875,-0.5639791488647461,-0.22147047519683838,-0.0004754066467285156
1696958221830974000,33.04297387695313,-0.3716154098510742,-0.452724426984787,0.133098304271698
1696958221840987400,33.0529873046875,1.3737468719482422,-0.0991368293762207,-0.34982001781463623
1696958221851000800,33.06300073242188,-1.2672815322875977,0.40536773204803467,-0.3611789345741272
1696958221861014300,33.07301416015625,0.46096229553222656,-0.7485284209251404,0.128986656665802
1696958221871027500,33.08302734375,1.7218246459960938,-0.07234680652618408,0.04802316427230835
1696958221881041000,33.093041015625,-0.9965076446533203,-0.07836258411407471,-0.17144203186035156
1696958221891054300,33.103054443359376,0.28177833557128906,-0.4165871739387512,-0.28893786668777466
1696958221901067800,33.11306787109375,1.7536659240722656,0.07790350914001465,0.27098220586776733
1696958221911081200,33.123081298828126,-0.9313793182373047,-0.5848841667175293,-0.05062812566757202
1696958221921094400,33.133094482421875,0.9201545715332031,-0.15664184093475342,-0.005755364894866943
1696958221931107800,33.14310791015625,2.567355155944824,-0.07596015930175781,0.21588963270187378
1696958221941121300,33.153121337890624,-2.0505337715148926,-0.25539112091064453,0.20611411333084106
1696958221951134700,33.163134765625,2.5085811614990234,-0.48686227202415466,0.35633957386016846
1696958221961148000,33.17314794921875,0.24750518798828125,0.43675607442855835,0.19343990087509155
1696958221971161300,33.18316137695312,-1.3017492294311523,-0.450838178396225,0.2983461618423462
1696958221981174800,33.1931748046875,2.615372657775879,-0.12300747632980347,0.021475553512573242
1696958221991188200,33.20318823242187,-1.0367937088012695,0.22375857830047607,-0.11775833368301392
1696958222001201700,33.21320166015625,-1.2685871124267578,-0.6879094839096069,-0.02112722396850586
1696958222011214800,33.22321484375,1.535313606262207,0.27492308616638184,-0.08564549684524536
1696958222021228300,33.23322827148438,-1.7270212173461914,-0.27155983448028564,-0.007145524024963379
1696958222031241700,33.24324169921875,-1.6225652694702148,-0.6705209016799927,-0.341019868850708
1696958222041255200,33.25325512695313,1.8371896743774414,0.2682177424430847,0.03641355037689209
1696958222051268600,33.2632685546875,-1.3877620697021484,-0.10022157430648804,-0.22976309061050415
1696958222061281800,33.27328173828125,-0.7441196441650391,-0.4662279188632965,-0.1330205202102661
1696958222071295200,33.28329516601563,1.4088058471679688,0.3059734106063843,0.2370084524154663
1696958222081308700,33.29330859375,-1.9157514572143555,-0.1809726357460022,-0.026575028896331787
1696958222091322000,33.30332202148438,0.19123554229736328,-0.3867619037628174,-0.30146563053131104
1696958222101335300,33.313335205078126,1.1566076278686523,0.049203336238861084,-0.047959089279174805
1696958222111348700,33.3233486328125,-2.47353458404541,-0.07946407794952393,-0.23483335971832275
1696958222121362200,33.333362060546875,1.7900505065917969,-0.018582582473754883,-0.49698323011398315
1696958222131375600,33.343375732421876,-0.1302661895751953,-0.10423976182937622,-0.2628712058067322
1696958222141389000,33.35338916015625,-1.7503509521484375,-0.0861811637878418,-0.04245275259017944
1696958222151402200,33.36340234375,1.1782102584838867,-0.423126220703125,-0.5870219469070435
1696958222161415700,33.373415771484375,-1.0896530151367188,-0.05243945121765137,-0.5379294157028198
1696958222171429000,33.38342919921875,0.1026153564453125,-0.1086282730102539,0.14467895030975342
1696958222181442600,33.393442626953124,2.6253252029418945,-0.2774781584739685,-0.550653338432312
1696958222191456000,33.4034560546875,-2.733414649963379,-0.029145419597625732,-0.17939543724060059
1696958222201469200,33.41346923828125,0.7087564468383789,-0.5820717811584473,-0.12417155504226685
1696958222211482600,33.42348266601562,0.7882270812988281,-0.009888291358947754,0.17159855365753174
1696958222221496000,33.43349609375,0.40377330780029297,-0.12781256437301636,-0.14400005340576172
1696958222231509500,33.44350952148437,-0.41968345642089844,-0.5141682624816895,-0.38110193610191345
1696958222241522700,33.45352270507812,1.316044807434082,-0.0243799090385437,0.11189913749694824
1696958222251536100,33.4635361328125,-0.6847848892211914,0.0783892273902893,-0.14879530668258667
1696958222261549600,33.47354956054688,-0.01951885223388672,-0.6014811992645264,-0.5587102174758911
1696958222271563000,33.48356298828125,1.0657262802124023,0.2760658264160156,-0.22832155227661133
1696958222281576400,33.49357641601563,-1.331192970275879,-0.3078960180282593,-0.041241586208343506
1696958222291589600,33.50358959960938,1.0611200332641602,-0.4532195031642914,-0.45703744888305664
1696958222301603000,33.51360302734375,-0.09258842468261719,0.33128905296325684,-0.19101786613464355
1696958222311616500,33.52361645507813,-1.2012920379638672,-0.1311638355255127,-0.37178418040275574
1696958222321630000,33.5336298828125,1.1671476364135742,-0.3984777331352234,-0.32060933113098145
1696958222331643400,33.54364331054688,0.1277456283569336,0.11028182506561279,0.006769716739654541
1696958222341656600,33.553656494140625,-0.9814786911010742,-0.4244549870491028,-0.14933687448501587
1696958222351670000,33.563669921875,0.8368358612060547,0.24085897207260132,-0.2230653166770935
1696958222361683500,33.573683349609375,0.06101036071777344,-0.07331931591033936,0.20969784259796143
1696958222371697000,33.58369677734375,-1.0290946960449219,-0.4781753122806549,-0.2604143023490906
1696958222381710300,33.59371044921875,0.6125001907348633,0.3118394613265991,-0.028218388557434082
1696958222391723500,33.6037236328125,0.5204524993896484,-0.16435658931732178,-0.23936527967453003
1696958222401737000,33.613737060546875,-2.186048984527588,-0.26322704553604126,0.036635637283325195
1696958222411750400,33.62375048828125,2.7414302825927734,0.2698644995689392,-0.3005262613296509
1696958222421763800,33.633763916015624,-3.095187187194824,-0.1001366376876831,-0.3761805295944214
1696958222431777000,33.64377709960937,0.09921455383300781,-0.3773288130760193,-0.26035499572753906
1696958222441790500,33.65379052734375,0.8784646987915039,-0.06281590461730957,-0.5302519798278809
1696958222451804000,33.66380395507812,-2.7604808807373047,0.3364222049713135,-0.42355063557624817
1696958222461817000,33.67381713867187,0.9832782745361328,-0.48342832922935486,-0.6755246520042419
1696958222471830500,33.68383056640625,-0.7055835723876953,0.11660230159759521,-0.6204562783241272
1696958222481844000,33.69384399414062,-1.955698013305664,-0.05317717790603638,-0.3584601581096649
1696958222491857200,33.70385717773438,0.9593706130981445,-0.18875181674957275,-0.7838039398193359
1696958222501870600,33.71387060546875,-0.1269683837890625,0.43481165170669556,-0.16983181238174438
1696958222511883800,33.7238837890625,-0.809992790222168,-0.4564461410045624,-0.12755507230758667
1696958222521897200,33.733897216796876,0.5779075622558594,0.12933796644210815,-0.22950482368469238
1696958222531910400,33.743910400390625,0.6056699752807617,0.2858543395996094,-0.22136223316192627
1696958222541923800,33.753923828125,-1.565537452697754,-0.4146188497543335,0.02428591251373291
1696958222551937300,33.763937255859375,2.9591150283813477,0.4448055624961853,-0.020373880863189697
1696958222561950500,33.773950439453124,-1.4873361587524414,0.03816962242126465,-0.18136847019195557
1696958222571964000,33.7839638671875,1.0341997146606445,0.026719748973846436,-0.03335583209991455
1696958222581977000,33.79397705078125,1.5481986999511719,0.1467610001564026,-0.23963570594787598
1696958222591990500,33.80399047851562,-2.4556827545166016,-0.2054539918899536,-0.007314324378967285
1696958222602004000,33.81400390625,2.7926063537597656,0.15738415718078613,0.17456740140914917
1696958222612017200,33.82401708984375,-0.1432666778564453,0.1509091854095459,-0.1992444396018982
1696958222622030600,33.83403051757813,-0.08112716674804688,-0.006862998008728027,0.16237026453018188
1696958222632043800,33.84404370117188,1.8836021423339844,0.24780750274658203,0.18051499128341675
1696958222642057200,33.85405712890625,-2.1878509521484375,0.20786821842193604,0.21258878707885742
1696958222652070400,33.8640703125,1.9465875625610352,0.16132694482803345,0.5881250500679016
1696958222662083800,33.874083740234376,-0.5907106399536133,0.19908636808395386,0.276570200920105
1696958222672097300,33.88409716796875,0.2087535858154297,0.4769141674041748,0.18017971515655518
1696958222682110500,33.8941103515625,0.5765933990478516,0.7740384936332703,0.4218106269836426
1696958222692124000,33.9041240234375,-0.6242179870605469,0.3063715100288391,0.45978474617004395
1696958222702137300,33.914137451171875,-0.4648571014404297,0.5725290775299072,0.39614033699035645
1696958222712150500,33.924150634765624,0.0860443115234375,0.5205962061882019,0.10518723726272583
1696958222722164000,33.9341640625,-0.754913330078125,1.239076852798462,-0.01232457160949707
1696958222732177400,33.944177490234374,-0.7339057922363281,0.12111788988113403,-0.38318759202957153
1696958222742190800,33.95419091796875,-1.0088558197021484,1.6056363582611084,-0.08960890769958496
1696958222752204300,33.96420434570312,0.4705009460449219,0.15319782495498657,-0.3344072699546814
1696958222762217500,33.97421752929687,-1.8862099647521973,1.1202735900878906,-0.37040841579437256
1696958222772231000,33.98423095703125,0.3741006851196289,0.5705105662345886,-0.5727406740188599
1696958222782244400,33.99424438476562,-0.213958740234375,1.3543345928192139,-0.16548728942871094
1696958222792257800,34.0042578125,0.2738819122314453,0.3117808699607849,-0.44390231370925903
1696958222802271200,34.01427124023437,-0.8302154541015625,0.9393845796585083,0.09797292947769165
1696958222812284700,34.02428466796875,0.8012714385986328,0.7454099655151367,-0.053418755531311035
1696958222822298000,34.03429809570312,-0.16573619842529297,1.0076885223388672,-0.2205350399017334
1696958222832311600,34.0443115234375,0.3409452438354492,0.6280025839805603,-0.3042360544204712
1696958222842325000,34.05432495117188,0.14936161041259766,0.9425199031829834,-0.25587916374206543
1696958222852338400,34.06433837890625,-0.673283576965332,0.983666718006134,-0.2825814485549927
1696958222862352000,34.07435180664063,1.2688789367675781,0.6923320293426514,-0.19104987382888794
1696958222872365300,34.084365234375,-1.396225929260254,0.5155022144317627,-0.5413055419921875
1696958222882378800,34.09437866210938,1.685236930847168,1.2270691394805908,-0.05311703681945801
1696958222892392200,34.10439208984375,-1.568486213684082,0.7444124221801758,-0.6506868004798889
1696958222902405600,34.11440551757813,0.20854854583740234,0.8466148376464844,-0.1779235601425171
1696958222912419000,34.12441918945313,0.9730300903320312,1.0954407453536987,-0.23656904697418213
1696958222922432500,34.1344326171875,-1.4997425079345703,0.610741138458252,-0.03686124086380005
1696958222932446000,34.14444604492188,0.8361663818359375,1.4232304096221924,-0.06311243772506714
1696958222942459400,34.15445947265625,-0.22159576416015625,0.5386364459991455,0.343883216381073
1696958222952472800,34.16447290039063,-0.09209251403808594,1.246153712272644,0.13167142868041992
1696958222962486300,34.174486328125,0.271514892578125,0.7313275337219238,0.08169454336166382
1696958222972499700,34.18449975585938,0.1944284439086914,1.2214313745498657,0.2627522945404053
1696958222982513200,34.19451318359375,-0.2647533416748047,0.616258978843689,0.3134612441062927
1696958222992526600,34.20452661132813,1.2459220886230469,1.3365377187728882,0.381250262260437
1696958223002540000,34.2145400390625,-1.304184913635254,0.32247400283813477,0.06544780731201172
1696958223012553500,34.22455346679688,0.7203540802001953,1.074238896369934,0.6529995203018188
1696958223022567000,34.23456689453125,0.06876850128173828,0.895866870880127,0.07133883237838745
1696958223032580000,34.244580078125,0.27881622314453125,0.6364181041717529,0.2809699773788452
1696958223042593500,34.254593505859376,0.2591686248779297,1.182340145111084,0.4099992513656616
1696958223052607000,34.26460693359375,0.7268037796020508,0.2994377613067627,0.23378664255142212
1696958223062620200,34.2746201171875,-0.7084054946899414,1.0941970348358154,0.22329312562942505
1696958223072633600,34.284633544921874,1.2670230865478516,0.7141623497009277,0.18973994255065918
1696958223082646800,34.29464672851562,-0.4705371856689453,0.799251914024353,0.11337488889694214
1696958223092660200,34.30466015625,0.14719295501708984,0.8072677850723267,0.26449036598205566
1696958223102673700,34.31467358398437,0.7968873977661133,0.8025640249252319,0.11314857006072998
1696958223112686800,34.32468676757812,-1.4365167617797852,0.9319295883178711,0.12575483322143555
1696958223122700300,34.3347001953125,2.0124940872192383,0.7584775686264038,0.270477294921875
1696958223132713500,34.34471337890625,-2.0397729873657227,0.7026972770690918,-0.11113590002059937
1696958223142727000,34.35472680664063,1.2144899368286133,0.9243965148925781,-0.2283533215522766
1696958223152740000,34.364739990234376,-0.5896310806274414,0.7099608182907104,-0.24507933855056763
1696958223162753500,34.37475341796875,-0.6887111663818359,1.1025731563568115,0.2610248923301697
1696958223172767000,34.38476708984375,1.0524425506591797,0.6954663991928101,-0.28329360485076904
1696958223182780200,34.3947802734375,-1.6356830596923828,0.6251983642578125,0.2320135235786438
1696958223192793600,34.404793701171876,0.5806159973144531,1.1785908937454224,-0.21246373653411865
1696958223202806800,34.414806884765625,-1.2462730407714844,0.7434968948364258,-0.1198570728302002
1696958223212820200,34.4248203125,0.4673643112182617,1.1109633445739746,-0.17410701513290405
1696958223222833700,34.434833740234374,-1.4215202331542969,0.3605445623397827,-0.25616806745529175
1696958223232846800,34.44484692382812,0.14444351196289062,1.26079261302948,0.1030849814414978
1696958223242860300,34.4548603515625,-0.037631988525390625,0.22802472114562988,-0.37495213747024536
1696958223252873500,34.46487353515625,-1.0318841934204102,1.1371604204177856,-0.5729390978813171
1696958223262887000,34.47488696289062,0.5573272705078125,0.2689744234085083,-0.2604774832725525
1696958223272900000,34.48490014648438,-0.5098047256469727,0.8803831338882446,0.1413920521736145
1696958223282913500,34.49491357421875,0.8769655227661133,0.51971435546875,-0.9762143492698669
1696958223292927000,34.50492700195313,-1.0746679306030273,0.7516497373580933,0.02588951587677002
1696958223302940400,34.5149404296875,1.6660566329956055,0.253765344619751,-0.49220865964889526
1696958223312953900,34.52495385742188,-1.0952539443969727,0.7227095365524292,-0.3226388692855835
1696958223322967300,34.53496728515625,1.7076683044433594,0.20756888389587402,-0.3507821559906006
1696958223332980700,34.54498071289063,-0.1311178207397461,0.5589332580566406,-0.2524433732032776
1696958223342994200,34.554994140625,0.38512516021728516,0.44551122188568115,0.07665693759918213
1696958223353007600,34.56500756835938,0.6377658843994141,0.5199306011199951,-0.535232424736023
1696958223363021000,34.57502099609375,-0.7448749542236328,0.1506251096725464,-0.1622195839881897
1696958223373034500,34.58503442382813,0.3947610855102539,0.7631947994232178,-0.003658592700958252
1696958223383048000,34.5950478515625,-0.8440361022949219,0.17208993434906006,-0.330316960811615
1696958223393061400,34.605061279296876,-0.5166492462158203,0.5185482501983643,-0.1872442364692688
1696958223403074800,34.61507470703125,0.5313234329223633,0.3820512294769287,0.09152346849441528
1696958223413088300,34.625088134765626,-1.5342683792114258,0.4497649669647217,-0.2036324143409729
1696958223423101700,34.63510180664063,0.13718509674072266,0.45055997371673584,0.22251707315444946
1696958223433115100,34.645115234375,-0.34560298919677734,0.1257075071334839,-0.09083694219589233
1696958223443128600,34.65512866210938,-1.7930612564086914,0.30912137031555176,0.2397620677947998
1696958223453142000,34.66514208984375,1.412942886352539,0.01729583740234375,-0.5109344720840454
1696958223463155500,34.675155517578126,-1.5724172592163086,0.2536693811416626,-0.4517112672328949
1696958223473169000,34.6851689453125,0.8445777893066406,-0.44992077350616455,-0.5011195540428162
1696958223483182300,34.695182373046876,-1.8479137420654297,-0.48105382919311523,-1.0794768333435059
1696958223493195800,34.70519580078125,1.0288581848144531,0.32266664505004883,-1.1415297985076904
1696958223503209200,34.715209228515626,-0.5784664154052734,-0.8539195656776428,-0.9104999899864197
1696958223513222700,34.72522265625,-0.6294116973876953,0.05958449840545654,-0.414720356464386
1696958223523236000,34.735236083984375,2.0587854385375977,-0.6270444393157959,-0.9271320700645447
1696958223533249500,34.74524951171875,-2.580683708190918,0.30334556102752686,0.1898021101951599
1696958223543263000,34.755262939453125,2.152035713195801,-0.7780108451843262,-0.4703161120414734
1696958223553276400,34.7652763671875,-1.7419614791870117,0.14325284957885742,0.020042598247528076
1696958223563289600,34.77528955078125,1.7988977432250977,0.12884783744812012,0.16871875524520874
1696958223573303000,34.785302978515624,-1.1724014282226562,-0.01268613338470459,-0.31066352128982544
1696958223583316500,34.79531640625,0.0635538101196289,0.6326653957366943,0.19772541522979736
1696958223593330000,34.80532983398437,-0.41385459899902344,-0.39142775535583496,-0.3920729160308838
1696958223603343000,34.81534301757812,-1.774972915649414,0.2436305284500122,-0.5615483522415161
1696958223613356500,34.8253564453125,0.6339359283447266,-0.12650072574615479,-0.49467337131500244
1696958223623370000,34.83536987304687,-2.053043842315674,-0.5697935819625854,-0.03638869524002075
1696958223633383400,34.84538354492187,3.4288482666015625,-0.08335638046264648,-0.6618135571479797
1696958223643396900,34.85539697265625,-3.785231113433838,-0.21854519844055176,-1.1343729496002197
1696958223653410000,34.86541015625,-1.0994138717651367,-0.32807791233062744,0.28623008728027344
1696958223663423500,34.87542358398437,2.894721031188965,0.37961459159851074,-0.5789340138435364
1696958223673437000,34.88543701171875,-4.289505481719971,0.5166575908660889,-0.06885260343551636
1696958223683450400,34.89545043945313,1.6713342666625977,0.6507841348648071,0.21949553489685059
1696958223693463800,34.9054638671875,-2.5226845741271973,0.3758718967437744,-0.09981048107147217
1696958223703477000,34.91547705078125,0.32217979431152344,0.09198391437530518,-0.24369370937347412
1696958223713490400,34.92549047851563,-1.5173206329345703,-0.2366795539855957,0.043518900871276855
1696958223723503900,34.93550390625,-0.9161977767944336,0.4264106750488281,0.27687734365463257
1696958223733517300,34.94551733398438,2.183359146118164,0.4687950611114502,0.3988890051841736
1696958223743530800,34.95553076171875,0.20465373992919922,0.18863213062286377,0.8232840895652771
1696958223753544000,34.9655439453125,0.1466846466064453,-0.48673582077026367,0.4495474100112915
1696958223763557400,34.975557373046875,-1.1870336532592773,-0.12814533710479736,0.25252223014831543
1696958223773570800,34.98557080078125,1.4727067947387695,-0.08005988597869873,0.23520469665527344
1696958223783584300,34.995584228515625,2.883848190307617,0.4192216396331787,0.7835255265235901
1696958223793597400,35.005597412109374,2.8190813064575195,0.3812481164932251,0.055834054946899414
1696958223803611000,35.01561083984375,0.6613779067993164,-0.16191911697387695,0.5411092042922974
1696958223813624300,35.025624267578124,2.370454788208008,-0.03974127769470215,0.9350728392601013
1696958223823637800,35.0356376953125,-1.7218074798583984,-0.7611839771270752,0.3626055121421814
1696958223833651200,35.04565112304687,1.1586599349975586,-0.4659547805786133,1.265329360961914
1696958223843664400,35.05566430664062,2.560659408569336,0.38718926906585693,1.1484757661819458
1696958223853677800,35.065677734375,-0.9778852462768555,-0.046526551246643066,0.9666526317596436
1696958223863691300,35.07569116210937,1.121377944946289,-0.06701135635375977,0.8679075837135315
1696958223873704700,35.08570458984375,-0.2915515899658203,0.576563835144043,0.5945208072662354
1696958223883718100,35.09571826171875,-2.0838632583618164,0.1674290895462036,0.30302268266677856
1696958223893731300,35.1057314453125,0.7254066467285156,0.3243616819381714,0.5493085980415344
1696958223903744800,35.11574487304687,0.01594257354736328,0.5514963865280151,0.396295964717865
1696958223913758200,35.12575830078125,-2.431777000427246,-0.11554992198944092,0.3146466016769409
1696958223923771600,35.13577172851563,-0.19981670379638672,-0.12456321716308594,0.4351047873497009
1696958223933784800,35.14578491210938,0.3354511260986328,0.08585453033447266,0.0862196683883667
1696958223943798300,35.15579833984375,-1.6590347290039062,0.11793124675750732,-0.6642297506332397
1696958223953811700,35.16581176757813,-0.6757869720458984,-0.6038998365402222,-0.518619179725647
1696958223963825200,35.1758251953125,-0.6792411804199219,0.0447540283203125,-0.31009364128112793
1696958223973838600,35.18583862304688,0.7603302001953125,-0.5625979900360107,-0.6712366342544556
1696958223983851800,35.195851806640626,-1.2632102966308594,-0.17638158798217773,-0.3845299482345581
1696958223993865200,35.205865234375,2.304349899291992,-0.045058369636535645,-0.04437136650085449
1696958224003878700,35.215878662109375,-0.7503499984741211,-0.20784294605255127,-0.24980634450912476
1696958224013892000,35.22589208984375,0.9183921813964844,-0.0841379165649414,-0.7691840529441833
1696958224023905500,35.235905517578125,-0.04945659637451172,-0.33676135540008545,-0.3974747657775879
1696958224033918700,35.245918701171874,1.4838485717773438,0.139961838722229,-0.29539936780929565
1696958224043932200,35.25593212890625,0.4571523666381836,-0.4109649658203125,-0.7582253217697144
1696958224053945600,35.265945556640624,-1.4372005462646484,-0.5458234548568726,-0.16452080011367798
1696958224063959000,35.275958984375,2.522676467895508,-0.015932440757751465,-0.12563270330429077
1696958224073972200,35.28597216796875,-0.6237125396728516,-0.4503060579299927,-0.729255735874176
1696958224083985700,35.29598559570312,-0.5272054672241211,-0.7399943470954895,-0.7506511807441711
1696958224093999000,35.3059990234375,0.9266281127929688,-0.33918917179107666,-0.021708428859710693
1696958224104012500,35.31601245117187,1.0003843307495117,-0.4518625736236572,-0.5201065540313721
1696958224114026000,35.32602587890625,-0.7226009368896484,-0.6418408155441284,-0.6329199075698853
1696958224124039200,35.3360390625,-0.05169486999511719,-0.2215632200241089,0.7550180554389954
1696958224134052600,35.34605249023438,1.8548154830932617,-0.32666802406311035,0.41990894079208374
1696958224144066000,35.35606616210937,-0.028008460998535156,-0.17479372024536133,-0.38097065687179565
1696958224154079500,35.36607958984375,-0.34799766540527344,-0.629037618637085,-0.27564823627471924
1696958224164093000,35.37609301757813,0.35518360137939453,-0.6794924736022949,-0.04377239942550659
1696958224174106000,35.38610620117188,1.8692493438720703,-0.48402488231658936,-0.7148608565330505
1696958224184119600,35.39611962890625,-2.0152759552001953,0.16382277011871338,-0.9515137672424316
1696958224194133000,35.40613305664063,0.6708040237426758,-0.0717240571975708,-0.15648478269577026
1696958224204146400,35.416146484375,1.3340234756469727,-0.2662317752838135,0.1991589069366455
1696958224214159600,35.42615966796875,-0.8864021301269531,-0.17493391036987305,-0.20224928855895996
1696958224224173000,35.436173095703126,0.5641870498657227,0.055791497230529785,-0.5608175992965698
1696958224234186500,35.4461865234375,-0.9799871444702148,0.12102353572845459,0.7128570079803467
1696958224244200000,35.456199951171875,1.0294990539550781,-0.2783907651901245,0.45648181438446045
1696958224254213400,35.46621337890625,-0.4540443420410156,0.02907729148864746,-0.44925862550735474
1696958224264226600,35.4762265625,-1.5373849868774414,-0.260113000869751,0.12757229804992676
1696958224274240000,35.486239990234374,0.7367162704467773,0.11765539646148682,0.7031146287918091
1696958224284253400,35.49625341796875,0.02289581298828125,-0.47223353385925293,0.07645809650421143
1696958224294267000,35.506266845703124,-1.8883557319641113,-0.25790083408355713,-0.5473895072937012
1696958224304280300,35.5162802734375,-0.5500421524047852,0.19822955131530762,-0.07783162593841553
1696958224314293500,35.52629345703125,-0.39043140411376953,-0.2114264965057373,0.16342884302139282
1696958224324307000,35.53630688476562,-0.25068187713623047,-0.7073460817337036,-0.6427221298217773
1696958224334320400,35.5463203125,-0.6937170028686523,-0.4028584957122803,-0.7564395666122437
1696958224344333800,35.55633374023437,-1.1596641540527344,0.32665860652923584,0.5206749439239502
1696958224354347000,35.56634692382813,1.4482536315917969,0.3147315979003906,0.3532404899597168
1696958224364360400,35.5763603515625,-1.8330435752868652,0.46475064754486084,-0.3891867995262146
1696958224374374000,35.58637377929688,-0.38012027740478516,-1.0446443557739258,-0.6760633587837219
1696958224384387300,35.59638720703125,-1.4198312759399414,-0.03166651725769043,0.4865878224372864
1696958224394400800,35.60640087890625,1.8721933364868164,-0.3083219528198242,0.2398434281349182
1696958224404414000,35.6164140625,-2.67598819732666,-0.46813929080963135,-0.3828873038291931
1696958224414427400,35.62642749023438,0.7099409103393555,-0.5489366054534912,0.4871177673339844
1696958224424440800,35.63644091796875,1.5650434494018555,0.26056599617004395,0.9059007167816162
1696958224434454300,35.64645434570313,-0.33559226989746094,-0.31477344036102295,0.048574745655059814
1696958224444467700,35.6564677734375,0.7700977325439453,-0.346716046333313,0.24877285957336426
1696958224454481000,35.66648095703125,0.10945510864257812,-0.5026370286941528,0.7315984964370728
1696958224464494300,35.676494384765626,0.6546745300292969,0.5182145833969116,0.5395554304122925
1696958224474507800,35.6865078125,-0.12980937957763672,0.5555239915847778,0.2755270004272461
1696958224484521200,35.696521240234375,-0.16753768920898438,-0.5636461973190308,0.45875489711761475
1696958224494534700,35.70653466796875,2.0078325271606445,-0.13026440143585205,1.014603853225708
1696958224504547800,35.7165478515625,-0.9405984878540039,-0.5532578229904175,0.29373699426651
1696958224514561300,35.726561279296874,-1.2102327346801758,1.0634304285049438,1.3495736122131348
1696958224524574700,35.73657470703125,3.0601329803466797,0.3120400905609131,1.548158884048462
1696958224534588200,35.746588134765624,-0.32624244689941406,-0.7127766609191895,0.5617898106575012
1696958224544601300,35.75660131835937,-2.4616522789001465,0.010083198547363281,0.6705432534217834
1696958224554614800,35.76661474609375,2.7485179901123047,0.27703237533569336,1.2891290187835693
1696958224564628200,35.77662817382812,-1.3204927444458008,-0.3430483341217041,0.9690430760383606
1696958224574641700,35.7866416015625,0.7850675582885742,-0.928955078125,0.2489328384399414
1696958224584655000,35.79665502929687,-1.8638324737548828,0.24001026153564453,0.9969168901443481
1696958224594668300,35.80666821289063,2.0495777130126953,0.2557433843612671,1.5225963592529297
1696958224604681700,35.816681640625,1.1889801025390625,-0.8318151235580444,0.38474607467651367
1696958224614695200,35.82669506835938,-3.1719632148742676,-0.7469984889030457,0.5069783926010132
1696958224624708600,35.83670849609375,2.2644548416137695,0.0435868501663208,0.7776376605033875
1696958224634722000,35.84672216796875,0.5485162734985352,0.22964894771575928,0.4795474410057068
1696958224644735200,35.8567353515625,0.1933574676513672,-0.23563134670257568,-0.4411690831184387
1696958224654748700,35.86674877929688,-0.8004283905029297,-0.035915374755859375,0.4103527069091797
1696958224664762000,35.87676220703125,1.8873863220214844,0.16345620155334473,0.8886103630065918
1696958224674775600,35.88677563476563,-0.24353408813476562,-0.4150046110153198,-0.12046873569488525
1696958224684789000,35.8967890625,-1.7960233688354492,-0.14252495765686035,-0.4590880274772644
1696958224694802400,35.90680249023438,1.2436141967773438,0.24460792541503906,0.4413226246833801
1696958224704815900,35.91681591796875,0.4809246063232422,0.09097409248352051,0.19458049535751343
1696958224714829300,35.926829345703126,-0.5953969955444336,-0.3912692070007324,-0.4477142095565796
1696958224724842800,35.9368427734375,-0.40245914459228516,0.19041705131530762,0.18394583463668823
1696958224734856200,35.946856201171876,1.2281999588012695,0.08139145374298096,0.27343058586120605
1696958224744869600,35.95686962890625,-1.1258554458618164,-0.3635847568511963,-0.26395243406295776
1696958224754883000,35.966883056640626,-1.304666519165039,-0.05695807933807373,-0.000014424324035644531
1696958224764896500,35.976896484375,1.666234016418457,0.16517066955566406,0.18598657846450806
1696958224774910000,35.986909912109375,-0.7989063262939453,-0.1974579095840454,-0.11300826072692871
1696958224784923400,35.99692333984375,-0.42901039123535156,0.09401500225067139,-0.2449713945388794
1696958224794936800,36.006936767578125,-0.4328145980834961,-0.05950605869293213,0.306721568107605
1696958224804950300,36.0169501953125,1.0974445343017578,-0.3572843074798584,0.5814453363418579
1696958224814963700,36.026963623046875,-1.0274295806884766,-0.21468818187713623,-0.14143705368041992
1696958224824977200,36.03697705078125,-0.5664081573486328,0.06935715675354004,0.05651289224624634
1696958224834990600,36.046990478515625,1.604238510131836,-0.035892605781555176,0.5102028250694275
1696958224845004000,36.057004150390625,0.6966896057128906,-0.32875657081604004,-0.07362359762191772
1696958224855017500,36.067017578125,-2.3255391120910645,-0.31850099563598633,-0.37244540452957153
1696958224865030700,36.07703076171875,0.5710773468017578,-0.27072739601135254,0.4029541015625
1696958224875044000,36.087044189453124,1.6878290176391602,-0.25393128395080566,-0.1761271357536316
1696958224885057500,36.0970576171875,-1.513524055480957,-0.44407927989959717,-0.47251105308532715
1696958224895071000,36.107071044921874,0.01454925537109375,-0.15790820121765137,0.196050226688385
1696958224905084400,36.11708447265625,1.624943733215332,0.11865997314453125,0.43675023317337036
1696958224915097900,36.12709790039062,-0.11386489868164062,-0.2695077657699585,-0.041511356830596924
1696958224925111300,36.137111328125,-0.9070014953613281,-0.04220473766326904,0.16753286123275757
1696958224935124700,36.14712475585937,0.8918895721435547,-0.24665093421936035,0.6659777164459229
1696958224945138200,36.15713818359375,0.9706563949584961,-0.3711172342300415,0.12331503629684448
1696958224955151600,36.16715161132812,-0.9434118270874023,-0.5522615909576416,-0.10045123100280762
1696958224965165000,36.1771650390625,0.17688941955566406,0.020357251167297363,0.37825459241867065
1696958224975178500,36.18717846679687,1.5096054077148438,0.023033618927001953,0.3867255449295044
1696958224985192000,36.19719189453125,-0.6114444732666016,-0.470076322555542,-0.26578855514526367
1696958224995205400,36.20720532226562,-0.38083362579345703,-0.295446515083313,-0.03882557153701782
1696958225005218800,36.21721875,0.42772483825683594,0.047425270080566406,0.1458626389503479
1696958225015232300,36.22723217773437,-0.2569236755371094,-0.5355335474014282,-0.015128552913665771
1696958225025245700,36.23724560546875,-1.4700193405151367,-0.2599034309387207,-0.3329404592514038
1696958225035259100,36.24725903320312,0.19164752960205078,0.13523638248443604,0.1268632411956787
1696958225045272600,36.2572724609375,1.0325679779052734,-0.07497382164001465,-0.09100210666656494
1696958225055286000,36.2672861328125,-2.343935489654541,-0.35732436180114746,-0.5874522924423218
1696958225065299500,36.27729956054687,-0.07295799255371094,-0.45087945461273193,-0.11775541305541992
1696958225075313000,36.28731298828125,0.16182231903076172,0.04857349395751953,0.2310287356376648
1696958225085326300,36.29732641601562,-0.43610286712646484,-0.6110970973968506,-0.4655035138130188
1696958225095339800,36.30733984375,-1.0655488967895508,-0.05715024471282959,-0.08280199766159058
1696958225105353200,36.31735327148437,1.7996492385864258,-0.14190685749053955,0.7244352698326111
1696958225115366700,36.32736669921875,0.8728361129760742,-0.322314977645874,0.1014324426651001
1696958225125380000,36.33738012695313,-1.0269813537597656,-0.5123875141143799,-0.5638430118560791
1696958225135393500,36.3473935546875,0.9874782562255859,0.02434980869293213,0.48455876111984253
1696958225145407000,36.35740698242188,1.4578113555908203,-0.3363090753555298,0.33703935146331787
1696958225155420400,36.36742041015625,-0.7921915054321289,-0.3138570785522461,-0.5420452356338501
1696958225165433900,36.37743383789063,0.08391094207763672,-0.40254998207092285,-0.27453601360321045
1696958225175447300,36.387447265625,0.8101139068603516,-0.18479621410369873,0.15558713674545288
1696958225185460700,36.39746069335938,0.32990360260009766,-0.45792698860168457,-0.5422395467758179
1696958225195474200,36.40747412109375,-1.6492834091186523,-0.5649518966674805,-0.5813482999801636
1696958225205487600,36.41748754882813,0.6295442581176758,-0.11805236339569092,0.4233347177505493
1696958225215501000,36.4275009765625,1.2255430221557617,-0.6341191530227661,-0.041534364223480225
1696958225225514500,36.43751440429688,-2.151489734649658,-0.4336552619934082,-0.6504569053649902
1696958225235528000,36.44752783203125,1.4476995468139648,-0.05892372131347656,0.5922396779060364
1696958225245541400,36.45754125976563,0.7752580642700195,-0.07874655723571777,0.19437384605407715
1696958225255554800,36.46755493164063,-1.879091739654541,-0.5999132394790649,-0.10081130266189575
1696958225265568300,36.477568359375,0.9927492141723633,-0.24437439441680908,0.04525262117385864
1696958225275581700,36.48758178710938,-0.22816085815429688,-0.13814663887023926,0.3306160569190979
1696958225285595100,36.49759521484375,-0.2182931900024414,-0.4615914821624756,0.08281207084655762
1696958225295608600,36.50760864257813,-0.09377479553222656,-0.23289167881011963,-0.5373227596282959
1696958225305622000,36.5176220703125,-0.28470325469970703,-0.26525378227233887,0.5194934606552124
1696958225315635500,36.52763549804688,0.9007072448730469,-0.1880251169204712,-0.025441288948059082
1696958225325649000,36.53764892578125,-1.4291810989379883,-0.6049387454986572,-0.602640688419342
1696958225335662300,36.547662353515626,-0.5562210083007812,-0.2700134515762329,0.05793482065200806
1696958225345675800,36.55767578125,1.8677434921264648,-0.24162304401397705,0.05431652069091797
1696958225355689200,36.567689208984376,-2.6580772399902344,-0.5381847620010376,-0.7396130561828613
1696958225365702700,36.57770263671875,0.1675891876220703,-0.3883223533630371,-0.3269387483596802
1696958225375716000,36.587716064453126,0.8552274703979492,-0.3558766841888428,-0.26437366008758545
1696958225385729500,36.5977294921875,-0.9871349334716797,-0.7261015176773071,-0.6395872831344604
1696958225395743000,36.607742919921876,-0.5834283828735352,-0.5459860563278198,-0.7427652478218079
1696958225405756400,36.61775634765625,0.3688316345214844,-0.3376389741897583,-0.08558225631713867
1696958225415769900,36.627769775390625,1.1897172927856445,-0.45597243309020996,-0.3702351450920105
1696958225425783300,36.637783203125,-1.561161994934082,-0.6035544872283936,-0.3829057216644287
1696958225435796700,36.647796630859375,1.080063819885254,-0.6298078298568726,0.019905507564544678
1696958225445810200,36.65781005859375,1.5935850143432617,-0.29748570919036865,0.22020316123962402
1696958225455823600,36.66782373046875,-0.36086273193359375,-0.6993852853775024,-0.278999388217926
1696958225465837000,36.677837158203126,-0.15466976165771484,-0.6175111532211304,-0.33123981952667236
1696958225475850500,36.6878505859375,1.0064220428466797,-0.373726487159729,0.32724279165267944
1696958225485864000,36.697864013671875,2.107670783996582,-0.604762077331543,0.012524902820587158
1696958225495877400,36.70787744140625,-2.074707508087158,-0.8329716920852661,-0.5088732242584229
1696958225505890800,36.717890869140625,1.136570930480957,-0.5647215843200684,0.279352068901062
1696958225515904300,36.727904296875,1.783818244934082,-0.6682225465774536,0.5798946022987366
1696958225525917700,36.737917724609375,-1.2509403228759766,-0.757677435874939,-0.5573418140411377
1696958225535931100,36.74793115234375,-0.03409862518310547,-0.5504271984100342,0.09148091077804565
1696958225545944600,36.757944580078124,1.2370681762695312,-0.18707239627838135,0.49159449338912964
1696958225555958000,36.7679580078125,-0.07561492919921875,-0.9978970289230347,-0.5197238922119141
1696958225565971500,36.777971435546874,-1.5569181442260742,-0.19199347496032715,-0.1941884160041809
1696958225575985000,36.78798486328125,1.1757164001464844,-0.6089171171188354,0.3783591389656067
1696958225585998300,36.797998291015624,-0.0029611587524414062,-0.08851301670074463,0.17670172452926636
1696958225596011800,36.80801171875,0.14040660858154297,-0.8358572125434875,-0.33169227838516235
1696958225606025200,36.81802514648437,-1.6617116928100586,-0.3228713274002075,0.24467432498931885
1696958225616038700,36.82803857421875,2.729185104370117,-0.3362898826599121,0.5310823321342468
1696958225626052000,36.83805200195312,-1.0147037506103516,-0.6183657646179199,-0.36074280738830566
1696958225636065500,36.8480654296875,-0.61126708984375,-0.269753098487854,0.011123836040496826
1696958225646079000,36.85807885742187,1.8130817413330078,-0.3917675018310547,0.5439237952232361
1696958225656092400,36.868092529296874,-0.7055349349975586,-0.6078871488571167,-0.08448773622512817
1696958225666105900,36.87810595703125,-0.9622716903686523,-0.6731986999511719,-0.5747836828231812
1696958225676119300,36.88811938476562,-0.07596206665039062,-0.14175009727478027,-0.07192873954772949
1696958225686132700,36.8981328125,1.0708189010620117,-0.4629324674606323,-0.3887472152709961
1696958225696146200,36.90814624023437,-1.407393455505371,-0.488086462020874,-0.9136174917221069
1696958225706159600,36.91815966796875,-1.1031389236450195,-0.5519276857376099,-0.5890129208564758
1696958225716173000,36.92817309570312,0.4383735656738281,-0.41764020919799805,-0.14026230573654175
1696958225726186500,36.9381865234375,-0.1888875961303711,-0.6374891996383667,-0.723946213722229
1696958225736200000,36.94819995117187,-1.602921485900879,-0.48813915252685547,-0.6222348809242249
1696958225746213400,36.95821337890625,0.0830850601196289,-0.15543806552886963,-0.18562573194503784
1696958225756226800,36.96822680664062,-0.29462718963623047,-0.4574974775314331,-0.15457844734191895
1696958225766240500,36.97824047851562,-1.1256523132324219,-0.8419618606567383,-0.74591463804245
1696958225776254000,36.98825390625,-1.0990276336669922,-0.35198938846588135,-0.5474827885627747
1696958225786267400,36.99826733398437,0.6143932342529297,-0.15291666984558105,-0.011646687984466553
1696958225796280800,37.00828076171875,0.16348648071289062,-0.9033128619194031,-0.48148787021636963
1696958225806294300,37.01829418945312,-1.4572372436523438,-0.45938265323638916,-0.42736148834228516
1696958225816308000,37.02830786132812,1.8863744735717773,-0.4686319828033447,0.11072486639022827
1696958225826321400,37.0383212890625,-0.41705989837646484,-0.598556637763977,0.21981757879257202
1696958225836334800,37.0483349609375,0.7682762145996094,-0.8014707565307617,-0.2925935983657837
1696958225846348300,37.058348388671874,-0.11782455444335938,-0.37078332901000977,0.12769460678100586
1696958225856361700,37.06836181640625,1.6210651397705078,-0.35460591316223145,0.1952473521232605
1696958225866375400,37.07837548828125,0.7661342620849609,-1.0244979858398438,-0.40041548013687134
1696958225876388900,37.088388916015624,-1.9173345565795898,-0.2202519178390503,-0.2962677776813507
1696958225886402300,37.09840234375,1.8668947219848633,-0.6699694395065308,-0.09366559982299805
1696958225896415700,37.108415771484374,-0.7518854141235352,-0.21111178398132324,-0.27661606669425964
1696958225906429200,37.11842919921875,-0.06239128112792969,-0.7694222927093506,-0.39984408020973206
1696958225916443000,37.12844287109375,-0.9704866409301758,-0.5716370344161987,-0.48035556077957153
1696958225926456300,37.138456298828125,0.7998447418212891,-0.12645113468170166,-0.036767780780792236
1696958225936469800,37.1484697265625,-0.3012409210205078,-0.7151694893836975,-0.5614787936210632
1696958225946483200,37.158483154296874,-2.093026638031006,-0.5363808870315552,-0.2608101963996887
1696958225956496600,37.16849658203125,1.8595190048217773,-0.23663294315338135,0.5266414880752563
1696958225966510000,37.178510009765624,-0.17630577087402344,-0.6038392782211304,-0.07999497652053833
1696958225976523800,37.188523681640625,-0.13323211669921875,-0.5603697299957275,-0.2950258255004883
1696958225986537200,37.198537109375,0.29714202880859375,-0.299190878868103,0.5352839231491089
1696958225996550700,37.208550537109375,1.5384559631347656,-0.2384868860244751,0.42296820878982544
1696958226006564000,37.218564208984375,-0.4726705551147461,-0.7546756863594055,-0.45901408791542053
1696958226016577500,37.22857763671875,-0.15650367736816406,-0.11776769161224365,-0.03261321783065796
1696958226026591200,37.23859130859375,1.6215190887451172,-0.3230767250061035,0.40048718452453613
1696958226036604700,37.248604736328126,-0.25609779357910156,-0.9574095606803894,-0.10904854536056519
1696958226046618000,37.2586181640625,-0.8052482604980469,0.005807995796203613,-0.6311159133911133
1696958226056631600,37.268631591796876,0.40575695037841797,-0.3460657000541687,0.381899893283844
1696958226066645000,37.27864501953125,1.3987531661987305,-0.21792399883270264,-0.05511194467544556
1696958226076658700,37.28865869140625,-1.7875547409057617,-0.5672289133071899,-0.7458574175834656
1696958226086672100,37.298672119140626,-0.40679073333740234,-0.2390335202217102,-0.14431685209274292
1696958226096685600,37.308685546875,1.5633916854858398,0.0026925206184387207,0.36333411931991577
1696958226106699000,37.318698974609376,-0.9542293548583984,-0.6392133235931396,-0.39035549759864807
1696958226116712400,37.32871240234375,-0.45473670959472656,-0.02626669406890869,-0.3330835700035095
1696958226126726000,37.338725830078126,0.3637962341308594,-0.04168236255645752,0.6747520565986633
1696958226136739300,37.3487392578125,1.2659521102905273,-0.25300323963165283,-0.048139989376068115
1696958226146752800,37.358752685546875,-1.2362804412841797,-0.38997137546539307,-0.410309374332428
1696958226156766200,37.36876611328125,-0.26323604583740234,0.014204025268554688,0.1594042181968689
1696958226166779600,37.378779541015625,1.8545646667480469,0.03947436809539795,0.26961392164230347
1696958226176793000,37.38879296875,-0.6827354431152344,-0.2884669303894043,-0.030256330966949463
1696958226186806500,37.398806640625,0.07857036590576172,-0.07237768173217773,-0.3555842936038971
1696958226196820000,37.408820068359375,-0.3802642822265625,0.2502514123916626,0.4981783628463745
1696958226206833400,37.41883349609375,1.407693862915039,-0.16552650928497314,-0.03312492370605469
1696958226216846800,37.428846923828125,-1.004319190979004,-0.575867772102356,-0.7668072581291199
1696958226226860300,37.4388603515625,-1.1453561782836914,0.49409568309783936,0.35117268562316895
1696958226236873700,37.448873779296875,2.541900634765625,-0.12521111965179443,0.1137615442276001
1696958226246887200,37.45888720703125,-2.7356276512145996,-0.22761237621307373,-0.5658642649650574
1696958226256900600,37.468900634765625,0.15729808807373047,-0.1320415735244751,-0.29715484380722046
1696958226266914000,37.4789140625,-0.16318416595458984,0.1769571304321289,0.34121719002723694
1696958226276927500,37.488927490234374,0.935917854309082,-0.44700026512145996,-0.3626663088798523
1696958226286941000,37.49894091796875,-1.293283462524414,0.011320114135742188,-0.49516209959983826
1696958226296954400,37.508954345703124,-0.19133377075195312,-0.11290299892425537,0.20282423496246338
1696958226306967800,37.5189677734375,1.0944805145263672,-0.03622710704803467,0.2306804656982422
1696958226316981200,37.528981201171874,-0.29921913146972656,-0.3065829277038574,-0.26047199964523315
1696958226326994700,37.53899462890625,-0.6332559585571289,-0.21358656883239746,-0.24318905174732208
1696958226337008000,37.54900805664062,0.9019565582275391,0.17294186353683472,0.4752943217754364
1696958226347021600,37.559021484375,1.2722759246826172,-0.42084580659866333,-0.17986086010932922
1696958226357035000,37.56903491210937,-1.8280363082885742,-0.2551293969154358,-0.3821412920951843
1696958226367048400,37.57904833984375,1.3014612197875977,-0.20248866081237793,0.35690993070602417
1696958226377062000,37.58906176757812,1.0208473205566406,0.05986738204956055,0.26165446639060974
1696958226387075300,37.599075439453124,-0.6739358901977539,-0.3298804759979248,-0.4314629137516022
1696958226397088800,37.6090888671875,-1.054957389831543,-0.05907708406448364,-0.16897577047348022
1696958226407102200,37.61910229492187,1.3462018966674805,0.07792186737060547,0.07528990507125854
1696958226417115600,37.62911572265625,-0.22489356994628906,-0.439064621925354,-0.6638569235801697
1696958226427129000,37.63912915039062,-1.8591556549072266,0.052580416202545166,-0.8366409540176392
1696958226437142500,37.649142578125,0.649317741394043,-0.16878938674926758,-0.021554529666900635
1696958226447156000,37.65915600585937,0.3559703826904297,-0.12033021450042725,-0.26100677251815796
1696958226457169400,37.66916943359375,-1.007288932800293,-0.6622577905654907,-0.888714611530304
1696958226467182800,37.67918286132812,-0.6847686767578125,-0.061094701290130615,-0.337410032749176
1696958226477196300,37.6891962890625,1.5770854949951172,0.07070982456207275,0.1331251859664917
1696958226487209700,37.69920971679687,0.2205963134765625,-0.4986244738101959,-0.3465525507926941
1696958226497223200,37.70922314453125,-1.6487855911254883,-0.16071194410324097,-0.34473687410354614
1696958226507236600,37.71923657226562,1.628549575805664,-0.24299496412277222,0.21196484565734863
1696958226517250000,37.72925,0.6400079727172852,-0.12497961521148682,-0.16121023893356323
1696958226527263500,37.73926342773437,-0.8768234252929688,-0.5146133899688721,-0.726898729801178
1696958226537277000,37.74927685546875,-0.24872875213623047,0.008535444736480713,-0.16469904780387878
1696958226547290400,37.75929028320313,1.2667016983032227,0.008617401123046875,0.2161998152732849
1696958226557303800,37.7693037109375,-0.32311439514160156,-0.48536941409111023,-0.6683014035224915
1696958226567317200,37.77931713867188,-1.564885139465332,-0.21139591932296753,-0.4561314284801483
1696958226577330700,37.78933056640625,1.124725341796875,0.03836864233016968,0.10458922386169434
1696958226587344100,37.79934423828125,0.13767051696777344,-0.3811134099960327,-0.30826428532600403
1696958226597357600,37.80935766601562,-1.2725162506103516,-0.12629014253616333,-0.8478659987449646
1696958226607371000,37.81937109375,-0.4615774154663086,-0.02589261531829834,-0.19795465469360352
1696958226617384400,37.82938452148438,0.6674480438232422,-0.011263072490692139,0.1404673159122467
1696958226627398000,37.83939794921875,-0.11780929565429688,-0.18540304899215698,-0.6998648643493652
1696958226637411300,37.84941137695313,-1.5702362060546875,-0.0024454593658447266,-0.38242390751838684
1696958226647424800,37.8594248046875,1.2006950378417969,0.10418367385864258,0.4231150150299072
1696958226657438200,37.86943823242188,0.653019905090332,-0.4043751358985901,-0.14567923545837402
1696958226667451600,37.87945166015625,-1.4465303421020508,-0.1789935827255249,-0.700450599193573
1696958226677465300,37.88946533203125,0.1483898162841797,-0.13298815488815308,0.2150212526321411
1696958226687478800,37.89947875976563,1.6200532913208008,0.1666615605354309,0.31162726879119873
1696958226697492200,37.9094921875,-0.21439266204833984,-0.6226440668106079,-0.33702608942985535
1696958226707505700,37.91950561523438,-0.9592828750610352,-0.028760015964508057,0.12084570527076721
1696958226717519000,37.92951904296875,1.3463811874389648,0.11103993654251099,0.615111231803894
1696958226727532800,37.93953271484375,0.8604583740234375,-0.5372933149337769,0.010779321193695068
1696958226737546200,37.94954614257812,-1.2539854049682617,-0.1879773736000061,-0.2694217264652252
1696958226747559700,37.9595595703125,1.3391761779785156,-0.24350333213806152,0.3251175582408905
1696958226757573000,37.96957299804688,0.6000957489013672,-0.0894622802734375,0.372138112783432
1696958226767586600,37.97958666992187,1.004648208618164,-0.26561152935028076,-0.33780524134635925
1696958226777600300,37.98960034179687,-1.955709457397461,-0.16852658987045288,0.1420445740222931
1696958226787613700,37.99961376953125,1.5135622024536133,-0.02122396230697632,0.6348403692245483
1696958226797627100,38.00962719726562,0.7886190414428711,-0.4578242897987366,-0.3275470733642578
1696958226807640600,38.019640625,-2.6303176879882812,-0.17406094074249268,-0.2664526700973511
1696958226817654000,38.02965405273437,2.1981306076049805,0.19590061902999878,0.3307015299797058
1696958226827667700,38.03966772460937,-0.37317657470703125,-0.26920372247695923,0.1549382507801056
1696958226837681200,38.04968115234375,-0.8551101684570312,-0.021960318088531494,-0.23968754708766937
1696958226847694600,38.05969458007812,-0.9148283004760742,-0.18220281600952148,-0.02447044849395752
1696958226857708000,38.0697080078125,0.4158592224121094,0.11213696002960205,0.4371521770954132
1696958226867721500,38.07972143554687,0.5345783233642578,-0.45047837495803833,-0.007624119520187378
1696958226877735200,38.08973510742187,-1.708169937133789,-0.19947510957717896,-0.19568130373954773
1696958226887748600,38.09974853515625,0.675847053527832,0.06083488464355469,0.31654325127601624
1696958226897762000,38.10976196289062,1.7112350463867188,-0.20288455486297607,0.3739335536956787
1696958226907775500,38.119775390625,-1.676589012145996,-0.5519472360610962,-0.22659927606582642
1696958226917789000,38.12978881835937,-0.04802227020263672,-0.3210827708244324,0.5052140951156616
1696958226927802600,38.139802734375,1.591313362121582,0.19852328300476074,0.4418032765388489
1696958226937816000,38.149816162109374,-0.9170808792114258,-0.6372387409210205,-0.048127591609954834
1696958226947829500,38.15982958984375,-0.7239503860473633,0.06415379047393799,-0.0781886875629425
1696958226957843000,38.169843017578124,1.1652030944824219,-0.19669854640960693,0.05976477265357971
1696958226967856400,38.1798564453125,-0.5342178344726562,-0.197773277759552,-0.3145771622657776
1696958226977869800,38.189869873046874,-1.336080551147461,-0.28504687547683716,-0.5899657011032104
1696958226987883500,38.199883544921875,-0.6829738616943359,-0.14409971237182617,-0.21047890186309814
1696958226997897000,38.20989697265625,1.005631446838379,-0.003813624382019043,-0.043994635343551636
1696958227007910400,38.219910400390624,-1.6252021789550781,-0.62162184715271,-0.6983559131622314
1696958227017923800,38.229923828125,-1.4924039840698242,0.0009888410568237305,-0.3038812577724457
1696958227027937300,38.239937255859374,1.832773208618164,-0.1511327624320984,0.21411103010177612
1696958227037951000,38.249950927734375,-0.6614656448364258,-0.2767776846885681,-0.24582216143608093
1696958227047964400,38.25996435546875,-1.104501724243164,-0.2625858187675476,-0.2631472945213318
1696958227057977900,38.269977783203124,1.2113828659057617,0.16824549436569214,0.28428980708122253
1696958227067991300,38.2799912109375,-0.3878021240234375,-0.2761406898498535,0.4203113913536072
1696958227078004700,38.290004638671874,0.09085941314697266,-0.5077801942825317,-0.3397696316242218
1696958227088018200,38.30001806640625,-0.7456932067871094,-0.008612573146820068,0.2419757843017578
1696958227098031600,38.310031494140624,2.6346006393432617,-0.08212506771087646,0.3903813064098358
1696958227108045000,38.320045166015625,-1.013331413269043,-0.290790855884552,-0.148407444357872
1696958227118058500,38.33005859375,-0.4712982177734375,-0.13540756702423096,0.2558194696903229
1696958227128072000,38.340072021484374,1.6756668090820312,-0.2798818349838257,0.5783253908157349
1696958227138085400,38.35008544921875,-0.3216114044189453,0.028690755367279053,0.11028110980987549
1696958227148098800,38.360098876953124,0.6875209808349609,-0.262723445892334,-0.27179428935050964
1696958227158112300,38.3701123046875,-1.9331722259521484,-0.08852559328079224,0.43489721417427063
1696958227168125700,38.380125732421874,2.721315383911133,-0.19517815113067627,0.2858811914920807
1696958227178139100,38.39013916015625,-1.6960535049438477,-0.46722814440727234,-0.4548764228820801
1696958227188152600,38.400152587890624,-1.123591423034668,-0.4351350963115692,-0.24343512952327728
1696958227198166000,38.410166015625,1.77569580078125,0.059461891651153564,0.3760402798652649
1696958227208179500,38.42017944335937,-0.011147499084472656,-0.08397465944290161,0.031504690647125244
1696958227218193000,38.43019287109375,-1.0623369216918945,-0.22777634859085083,-0.3056303858757019
1696958227228206300,38.44020629882812,0.1829090118408203,-0.1151663064956665,0.4915231466293335
1696958227238219800,38.4502197265625,1.4157838821411133,-0.40458744764328003,0.33535319566726685
1696958227248233200,38.46023315429687,-0.49437999725341797,-0.1464749574661255,-0.1793348491191864
1696958227258246700,38.47024658203125,0.5296974182128906,-0.14108139276504517,0.3475034236907959
1696958227268260000,38.48026000976562,1.1546144485473633,0.14435148239135742,0.8570046424865723
1696958227278273500,38.4902734375,0.5830831527709961,-0.068126380443573,-0.19837452471256256
1696958227288287000,38.50028686523437,-1.2342615127563477,-0.025425255298614502,0.11553758382797241
1696958227298300400,38.51030053710937,1.7555570602416992,0.26271241903305054,0.851330041885376
1696958227308313900,38.52031396484375,0.4227313995361328,-0.30530697107315063,0.2520354390144348
1696958227318327300,38.53032739257812,-1.848404884338379,-0.24696391820907593,-0.3305673599243164
1696958227328340700,38.5403408203125,0.4929637908935547,0.09949630498886108,0.44466662406921387
1696958227338354200,38.55035424804687,0.6399974822998047,0.23084139823913574,0.46968039870262146
1696958227348367600,38.56036767578125,-0.8575820922851562,-0.4144704341888428,-0.23103712499141693
1696958227358381000,38.57038110351562,-0.7455644607543945,-0.0014063119888305664,0.05968964099884033
1696958227368394500,38.58039453125,0.828577995300293,-0.06823915243148804,0.6138511896133423
1696958227378408000,38.59040795898437,-0.5450534820556641,-0.2409631609916687,0.11230838298797607
1696958227388421400,38.60042138671875,-0.5150461196899414,-0.3303298354148865,-0.26190274953842163
1696958227398434800,38.61043481445312,0.026330947875976562,-0.09514802694320679,0.17636001110076904
1696958227408448300,38.6204482421875,0.7623186111450195,-0.10491955280303955,0.27030250430107117
1696958227418461700,38.63046166992188,-0.3481874465942383,-0.39212632179260254,-0.2287653088569641
1696958227428475100,38.64047509765625,-0.9445438385009766,-0.15698140859603882,0.007200777530670166
1696958227438488600,38.65048852539063,0.7735214233398438,0.03514224290847778,0.5160231590270996
1696958227448502000,38.660501953125,0.7670316696166992,-0.19623327255249023,0.08828270435333252
1696958227458515500,38.67051538085938,-1.3088607788085938,-0.17684465646743774,-0.25800809264183044
1696958227468529000,38.68052880859375,0.11842155456542969,0.2556304335594177,0.2575053572654724
1696958227478542300,38.69054223632813,1.3224983215332031,-0.06607317924499512,0.3909440040588379
1696958227488555800,38.7005556640625,-1.509918212890625,-0.43971511721611023,-0.22528690099716187
1696958227498569200,38.7105693359375,-0.45512962341308594,0.028756797313690186,0.07651880383491516
1696958227508582700,38.72058276367188,1.5627365112304688,-0.07245093584060669,0.6658892035484314
1696958227518596000,38.73059619140625,-0.6062860488891602,-0.6355873346328735,-0.06734108924865723
1696958227528609500,38.74060961914063,-0.3804512023925781,-0.3070678114891052,-0.1074623167514801
1696958227538623000,38.750623046875,0.513916015625,-0.036817312240600586,0.31056028604507446
1696958227548636400,38.76063647460938,0.9615964889526367,-0.356214702129364,0.22858527302742004
1696958227558649900,38.77064990234375,-0.15930557250976562,-0.3971783518791199,-0.323588490486145
1696958227568663300,38.78066333007813,-0.45065879821777344,-0.2130192518234253,-0.16759444773197174
1696958227578676700,38.7906767578125,1.4664955139160156,-0.10892194509506226,0.27854296565055847
1696958227588690200,38.80069018554688,0.6504230499267578,-0.8939380645751953,-0.2878168821334839
1696958227598703600,38.81070361328125,-2.123232841491699,-0.22011440992355347,-0.43067049980163574
1696958227608716800,38.820716796875,2.3166961669921875,-0.019990622997283936,0.42438066005706787
1696958227618730200,38.830730224609376,0.370880126953125,-0.5011464357376099,0.1476123332977295
1696958227628743700,38.84074365234375,-0.9732627868652344,-0.7261189222335815,-0.5113315582275391
1696958227638757000,38.850757080078125,-0.034191131591796875,-0.5220130681991577,0.12777772545814514
1696958227648770600,38.8607705078125,1.1415538787841797,-0.21569675207138062,0.35321176052093506
1696958227658784000,38.870783935546875,-0.7395172119140625,-0.9127452373504639,-0.5396856069564819
1696958227668797400,38.88079736328125,-0.8427343368530273,-0.15992838144302368,-0.1488412320613861
1696958227678811000,38.890810791015625,1.3670806884765625,-0.41998615860939026,0.32381173968315125
1696958227688824300,38.90082421875,-0.07947540283203125,-0.5985740423202515,-0.21350234746932983
1696958227698837800,38.910837646484374,-0.5860185623168945,-0.33638060092926025,-0.3054206967353821
1696958227708851200,38.920851318359375,0.14664459228515625,-0.2062004804611206,0.47803959250450134
1696958227718864600,38.93086474609375,0.9918975830078125,-0.505236029624939,0.4513569474220276
1696958227728878000,38.940878173828125,-0.5350723266601562,-0.5962265729904175,-0.263428658246994
1696958227738891500,38.9508916015625,-0.6391363143920898,-0.15216559171676636,0.0002868473529815674
1696958227748905000,38.960905029296875,1.020625114440918,-0.4470699727535248,0.6611813306808472
1696958227758918400,38.97091845703125,0.019110679626464844,-0.7712616920471191,0.07654085755348206
1696958227768931800,38.980931884765624,-0.5593061447143555,-0.20957344770431519,-0.27096617221832275
1696958227778945300,38.9909453125,-0.4051399230957031,-0.40344223380088806,0.18913239240646362
1696958227788958700,39.000958740234374,1.1823129653930664,-0.33484387397766113,0.038936108350753784
1696958227798972200,39.01097216796875,-0.4023170471191406,-0.809301495552063,-0.30468136072158813
1696958227808985600,39.020985595703124,-1.5244579315185547,-0.37062522768974304,-0.0476403534412384
1696958227818999000,39.0309990234375,2.326382637023926,-0.31696683168411255,0.26880207657814026
1696958227829012500,39.04101245117187,-0.34569740295410156,-0.6216272711753845,0.014186859130859375
1696958227839026000,39.05102587890625,-0.9518518447875977,-0.8005220890045166,-0.3063938021659851
1696958227849039400,39.06103930664062,0.20722293853759766,-0.22654777765274048,0.38116323947906494
1696958227859052800,39.071052734375,1.8939218521118164,-0.3099595904350281,0.30377840995788574
1696958227869066200,39.08106616210937,-1.188192367553711,-0.6046550869941711,-0.49345237016677856
1696958227879079700,39.09107958984375,0.08597660064697266,-0.5209923982620239,0.1654452085494995
1696958227889093000,39.10109301757812,1.4194164276123047,-0.08912992477416992,0.30039799213409424
1696958227899106600,39.1111064453125,-0.6770620346069336,-0.49886855483055115,-0.27687808871269226
1696958227909120000,39.1211201171875,-1.3491134643554688,-0.3546789884567261,0.07121551036834717
1696958227919133400,39.13113354492187,2.0761184692382812,-0.231684148311615,0.44111353158950806
1696958227929147000,39.14114697265625,-0.045798301696777344,-0.35092753171920776,-0.025917351245880127
1696958227939160300,39.15116040039062,-1.660994529724121,-0.8141310214996338,-0.18192288279533386
1696958227949173800,39.161173828125,1.138871192932129,0.14800965785980225,0.43106746673583984
1696958227959187200,39.17118725585937,0.5007467269897461,-0.3206382989883423,0.628358006477356
1696958227969200600,39.18120068359375,-1.9570097923278809,-0.2824414372444153,-0.3383643627166748
1696958227979214000,39.19121411132812,0.5279979705810547,-0.49557945132255554,-0.13496039807796478
1696958227989227500,39.2012275390625,-0.11816215515136719,-0.08733785152435303,0.09086444973945618
1696958227999241000,39.21124096679687,-1.5564613342285156,-0.7172067165374756,-0.3475165367126465
1696958228009254400,39.22125439453125,-0.28623008728027344,-0.5713365077972412,-0.5609495043754578
1696958228019267800,39.23126782226562,-0.11322975158691406,-0.17026251554489136,-0.1556118279695511
1696958228029281300,39.24128125,-0.7341403961181641,-0.25999248027801514,-0.20663270354270935
1696958228039294700,39.25129467773438,-1.12896728515625,-0.48799577355384827,-0.24596086144447327
1696958228049308200,39.26130810546875,0.8570804595947266,-0.16431522369384766,0.14249274134635925
1696958228059321600,39.27132153320313,0.14310359954833984,-0.581429123878479,-0.09418508410453796
1696958228069335000,39.2813349609375,-1.7641534805297852,-0.2427222728729248,0.05962651968002319
1696958228079348500,39.29134838867188,2.8373537063598633,-0.16246211528778076,-0.012147992849349976
1696958228089362000,39.30136181640625,-1.126296043395996,-0.20880740880966187,0.18085363507270813
1696958228099375400,39.31137524414063,-0.03917980194091797,-0.14914196729660034,0.0979541540145874
1696958228109388800,39.32138891601563,1.2990531921386719,-0.40760472416877747,0.2231762707233429
1696958228119402200,39.33140234375,0.37813472747802734,-0.2480599284172058,-0.09185212850570679
1696958228129415700,39.34141577148438,0.11431884765625,0.0738113522529602,0.1790446937084198
1696958228139429000,39.35142919921875,1.1890439987182617,-0.39808282256126404,0.02451905608177185
1696958228149442600,39.36144262695313,-0.30487728118896484,-0.28874850273132324,-0.022180944681167603
1696958228159456000,39.3714560546875,0.4891500473022461,0.3438582420349121,0.07224029302597046
1696958228169469400,39.38146948242188,0.3157978057861328,-0.5894609689712524,0.042209357023239136
1696958228179483000,39.39148291015625,0.5731945037841797,0.14701557159423828,0.031526029109954834
1696958228189496300,39.40149633789063,-0.39816761016845703,-0.18547052145004272,-0.42254626750946045
1696958228199509800,39.411509765625,-0.6409540176391602,-0.3274637460708618,-0.04942747950553894
1696958228209523200,39.42152319335938,1.755202293395996,0.2974070906639099,0.014583855867385864
1696958228219536600,39.43153662109375,-1.8139028549194336,-0.17092281579971313,-0.31179678440093994
1696958228229550000,39.44155004882813,0.0016031265258789062,-0.2901812791824341,0.07255023717880249
1696958228239563500,39.4515634765625,2.07627010345459,0.17324644327163696,0.05531775951385498
1696958228249577000,39.46157690429688,-2.970566749572754,0.05784338712692261,-0.13039331138134003
1696958228259590400,39.47159033203125,1.9780473709106445,-0.5358325839042664,-0.07895267009735107
1696958228269603800,39.481603759765626,-0.038204193115234375,0.42480915784835815,0.013787776231765747
1696958228279617300,39.4916171875,-0.7072429656982422,0.1400747299194336,0.051950693130493164
1696958228289630700,39.501630615234376,0.24071121215820312,-0.3670779764652252,-0.10409107804298401
1696958228299644200,39.51164404296875,0.7325315475463867,0.22112327814102173,0.0025375783443450928
1696958228309657600,39.52165771484375,-0.8317499160766602,0.16107797622680664,-0.023571252822875977
1696958228319671000,39.531671142578126,-0.18967056274414062,-0.46621206402778625,-0.20415283739566803
1696958228329684500,39.5416845703125,0.8243980407714844,0.2955285906791687,0.09022563695907593
1696958228339698000,39.551697998046876,-1.4905824661254883,0.08933430910110474,0.2593236267566681
1696958228349711400,39.56171142578125,1.0552339553833008,-0.17656296491622925,-0.10063093900680542
1696958228359724800,39.571724853515626,-0.32795047760009766,0.10615122318267822,0.3537577688694
1696958228369738200,39.58173828125,-1.3930330276489258,-0.1700161099433899,-0.07534158229827881
1696958228379751700,39.591751708984376,0.6175289154052734,-0.08765417337417603,0.21236491203308105
1696958228389765000,39.60176513671875,0.8027563095092773,0.35837066173553467,0.23347246646881104
1696958228399778600,39.611778564453125,-2.3104796409606934,-0.005069851875305176,0.08132421970367432
1696958228409792000,39.6217919921875,2.2302770614624023,0.0026070475578308105,0.40654924511909485
1696958228419805400,39.631805419921875,-0.8572311401367188,0.34097129106521606,0.16642025113105774
1696958228429819000,39.64181884765625,-1.3095941543579102,-0.09847182035446167,0.1896219253540039
1696958228439832300,39.651832275390625,2.4020938873291016,0.001902163028717041,0.32049456238746643
1696958228449845800,39.661845703125,-0.9775552749633789,0.2523937225341797,0.294053316116333
1696958228459859200,39.671859130859374,-0.4164876937866211,-0.22122681140899658,0.19987627863883972
1696958228469872600,39.68187255859375,2.2034225463867188,-0.26921945810317993,0.25385257601737976
1696958228479886000,39.691885986328124,-0.5688905715942383,0.5322529673576355,0.29512715339660645
1696958228489899500,39.7018994140625,0.13930511474609375,-0.8079200387001038,-0.02183714509010315
1696958228499913000,39.711912841796874,1.1905221939086914,0.41030722856521606,0.2655273973941803
1696958228509926400,39.721926513671875,0.5185823440551758,0.0262487530708313,0.20672672986984253
1696958228519939800,39.73193994140625,-1.7768001556396484,-0.32749634981155396,-0.0760989785194397
1696958228529953300,39.741953369140624,2.800985336303711,0.19106841087341309,-0.10937932133674622
1696958228539966700,39.751966796875,-1.8887152671813965,0.18767070770263672,-0.1098003089427948
1696958228549980200,39.761980224609374,-0.1642751693725586,-0.08274149894714355,-0.15533378720283508
1696958228559993600,39.77199365234375,1.972982406616211,0.26898181438446045,0.16433990001678467
1696958228570007000,39.782007080078124,-3.307769775390625,0.0711182951927185,-0.03837558627128601
1696958228580020500,39.7920205078125,1.6414775848388672,-0.1878114938735962,0.02701154351234436
1696958228590034000,39.80203393554687,0.2187204360961914,0.4360591173171997,-0.17500127851963043
1696958228600047400,39.81204736328125,-1.8655943870544434,-0.1317669153213501,0.05857756733894348
1696958228610060800,39.82206079101562,2.607240676879883,-0.07821142673492432,-0.0676540732383728
1696958228620074200,39.83207421875,-1.1979312896728516,0.259695827960968,-0.06447410583496094
1696958228630087700,39.84208764648437,-0.7938909530639648,-0.371780663728714,0.049458324909210205
1696958228640101000,39.85210107421875,1.803217887878418,0.04650038480758667,-0.2815164029598236
1696958228650114600,39.86211450195312,-0.5235042572021484,0.08721619844436646,-0.14665250480175018
1696958228660128000,39.8721279296875,-0.53668212890625,-0.35175204277038574,-0.12547874450683594
1696958228670141400,39.88214135742187,2.1409082412719727,0.24624431133270264,-0.12508627772331238
1696958228680155000,39.89215478515625,-1.4194459915161133,-0.03206038475036621,-0.15085211396217346
1696958228690168300,39.90216821289062,-0.28376007080078125,-0.3614227771759033,-0.025572776794433594
1696958228700181800,39.912181640625,1.4760189056396484,0.16078037023544312,-0.11662688851356506
1696958228710195200,39.9221953125,-1.7533273696899414,-0.0030011534690856934,-0.1899188756942749
1696958228720208600,39.93220874023437,0.35356998443603516,-0.163199782371521,0.021669507026672363
1696958228730222300,39.94222241210937,0.9694490432739258,0.37433314323425293,-0.09346285462379456
1696958228740236300,39.952236328125,-2.679164409637451,0.04723638296127319,-0.03750503063201904
1696958228750250000,39.96225,0.7392005920410156,-0.10527944564819336,0.14542624354362488
1696958228760263400,39.972263427734376,0.718719482421875,0.4581905007362366,-0.03154483437538147
1696958228770276900,39.98227685546875,-2.8913989067077637,0.015366911888122559,0.01969742774963379
1696958228780290300,39.992290283203126,1.9851961135864258,0.04255533218383789,0.11812102794647217
1696958228790303700,40.0023037109375,-1.3311614990234375,0.4969104528427124,0.08785152435302734
1696958228800317200,40.012317138671875,-1.6151666641235352,-0.1481945514678955,0.10321569442749023
1696958228810330600,40.02233056640625,2.068531036376953,0.3308054804801941,0.0669843852519989
1696958228820344000,40.032343994140625,-1.8313136100769043,0.22759228944778442,-0.053019583225250244
1696958228830357500,40.042357421875,-0.25511837005615234,-0.21042460203170776,0.058105409145355225
1696958228840371000,40.052370849609375,0.959416389465332,0.22842013835906982,0.050547659397125244
1696958228850384400,40.06238427734375,-1.2080097198486328,0.1867733597755432,-0.2273382991552353
1696958228860397800,40.072397705078124,-0.7179632186889648,-0.23951297998428345,0.0755903422832489
1696958228870411300,40.082411376953125,2.0124692916870117,0.22601109743118286,-0.15299886465072632
1696958228880424700,40.0924248046875,-1.9206862449645996,0.04224163293838501,-0.18271055817604065
1696958228890438100,40.102438232421875,1.0272502899169922,-0.31834954023361206,-0.27639853954315186
1696958228900451600,40.11245166015625,0.5042209625244141,-0.03525489568710327,-0.18159621953964233
1696958228910465000,40.122465087890625,-2.460193157196045,0.0637938380241394,-0.1696465164422989
1696958228920478500,40.132478515625,2.295856475830078,-0.2673642039299011,-0.2431918978691101
1696958228930492000,40.142491943359374,0.15451812744140625,0.4883131980895996,-0.05603623390197754
1696958228940505300,40.15250537109375,-1.098276138305664,-0.37421301007270813,-0.16604016721248627
1696958228950518800,40.162518798828124,0.9163446426391602,0.06190413236618042,-0.2742781341075897
1696958228960532200,40.1725322265625,0.2836036682128906,0.1024201512336731,-0.11064529418945312
1696958228970545700,40.182545654296874,-2.0540852546691895,-0.1073296070098877,-0.13928811252117157
1696958228980559000,40.19255908203125,2.4286413192749023,-0.11829662322998047,-0.08530712127685547
1696958228990572500,40.20257250976562,-0.6304388046264648,0.5577313303947449,-0.2784689664840698
1696958229000586000,40.2125859375,-1.6138134002685547,-0.23555845022201538,-0.32715368270874023
1696958229010599400,40.22259936523437,1.8455581665039062,0.01144498586654663,-0.4158914089202881
1696958229020612900,40.23261279296875,-2.3019533157348633,0.3859955668449402,-0.41076651215553284
1696958229030626300,40.24262622070312,-0.43758106231689453,-0.3407907485961914,-0.5547083020210266
1696958229040639700,40.2526396484375,0.9115438461303711,-0.07978618144989014,-0.39391428232192993
1696958229050653200,40.26265307617187,-1.6615009307861328,0.8137452006340027,-0.4002060294151306
1696958229060666600,40.27266650390625,-0.5345029830932617,-0.1833946704864502,-0.5691183805465698
1696958229070680000,40.28268017578125,0.49452877044677734,0.26177191734313965,-0.6069088578224182
1696958229080693500,40.29269360351562,-1.847954273223877,0.1840338110923767,-0.1274486780166626
1696958229090707000,40.30270703125,-0.4435138702392578,-0.2115490436553955,-0.3882758319377899
1696958229100720400,40.31272045898437,1.5077886581420898,0.11266916990280151,-0.25948572158813477
1696958229110733800,40.32273388671875,-1.4013404846191406,0.1185464859008789,0.04786241054534912
1696958229120747300,40.33274731445312,1.7319984436035156,-0.22077983617782593,-0.2734299898147583
1696958229130760700,40.3427607421875,0.6003150939941406,0.42273765802383423,0.13159185647964478
1696958229140774100,40.35277416992187,-0.6007308959960938,-0.08672857284545898,0.30291882157325745
1696958229150787600,40.36278759765625,0.9583740234375,-0.4606691300868988,0.16947755217552185
1696958229160801000,40.37280102539062,2.0984392166137695,0.2515954375267029,0.21717187762260437
1696958229170814500,40.382814453125,-1.2950162887573242,-0.2840549945831299,0.35289016366004944
1696958229180828000,40.39282788085937,2.3206253051757812,0.08976221084594727,0.17179715633392334
1696958229190841300,40.40284130859375,1.1684226989746094,0.32337528467178345,0.17843326926231384
1696958229200854800,40.41285473632813,-2.586045742034912,-0.10480499267578125,0.5849642157554626
1696958229210868200,40.4228681640625,2.968234062194824,-0.37703248858451843,0.5204176902770996
1696958229220881700,40.43288159179688,0.013011932373046875,0.35182350873947144,0.4110007882118225
1696958229230895000,40.44289501953125,-1.029214859008789,-0.07322967052459717,0.5935471057891846
1696958229240908300,40.452908203125,2.41420841217041,-0.12738561630249023,0.4187609553337097
1696958229250921700,40.46292163085938,-0.28188419342041016,0.3671031594276428,0.6845390796661377
1696958229260935200,40.47293505859375,-1.399557113647461,-0.397650808095932,0.6595146656036377
1696958229270948600,40.48294848632813,2.034942626953125,-0.232418954372406,0.32658088207244873
1696958229280962000,40.49296215820313,-0.19143390655517578,0.3384629487991333,0.9561128616333008
1696958229290975500,40.5029755859375,-0.05767631530761719,-0.3169466257095337,0.4684746563434601
1696958229300989000,40.51298901367188,1.543654441833496,0.0986286997795105,-0.04804012179374695
1696958229311002400,40.52300244140625,-1.623335838317871,0.18706953525543213,0.9575579166412354
1696958229321015800,40.53301586914063,1.1185903549194336,-0.2518273591995239,0.28437086939811707
1696958229331029200,40.543029296875,0.21761703491210938,-0.06497311592102051,0.19613224267959595
1696958229341042700,40.55304272460938,-0.4612617492675781,0.2918914556503296,0.5226713418960571
1696958229351056100,40.56305615234375,0.6577997207641602,-0.26851409673690796,-0.057687968015670776
1696958229361069600,40.573069580078126,-1.1596403121948242,0.2781854271888733,-0.026893168687820435
1696958229371083000,40.5830830078125,0.702239990234375,0.010641872882843018,0.39320218563079834
1696958229381096400,40.593096435546876,-1.3498716354370117,-0.33629530668258667,-0.3586767315864563
1696958229391110000,40.60310986328125,0.9854068756103516,0.4746900796890259,-0.15665969252586365
1696958229401123300,40.613123291015626,-1.0429601669311523,0.22483915090560913,0.09811767935752869
1696958229411136800,40.62313671875,-0.7735385894775391,-0.47708019614219666,-0.31164997816085815
1696958229421150200,40.633150146484375,1.1641054153442383,0.5531561374664307,-0.22354473173618317
1696958229431163600,40.64316357421875,-2.494713306427002,0.10783988237380981,0.043388187885284424
1696958229441177000,40.653177001953125,0.6122875213623047,-0.4842853844165802,-0.13623866438865662
1696958229451190500,40.6631904296875,1.0507001876831055,0.29144173860549927,-0.3101837635040283
1696958229461204000,40.673203857421875,-2.2113165855407715,0.06879937648773193,0.06085345149040222
1696958229471217400,40.683217529296876,1.8748102188110352,-0.582868218421936,-0.25594958662986755
1696958229481230800,40.69323095703125,-0.4090852737426758,0.5712910890579224,-0.13179519772529602
1696958229491244300,40.703244384765625,-0.3988323211669922,-0.5119659900665283,-0.22556498646736145
1696958229501257700,40.7132578125,0.1849536895751953,-0.32389402389526367,-0.1723274141550064
1696958229511271200,40.723271240234375,1.9527959823608398,0.3454962372779846,-0.44524550437927246
1696958229521284600,40.73328466796875,-1.8847336769104004,-0.6183692216873169,-0.4844014644622803
1696958229531298000,40.743298095703125,1.8805465698242188,0.06274372339248657,-0.20624080300331116
1696958229541311500,40.7533115234375,0.20871353149414062,0.3460428714752197,-0.37845760583877563
1696958229551325000,40.763324951171874,-2.8651742935180664,-0.38924238085746765,-0.0398230254650116
1696958229561338400,40.77333837890625,4.171717643737793,-0.16324114799499512,-0.29032301902770996
1696958229571351800,40.783351806640624,-2.0458688735961914,0.38503700494766235,-0.03079843521118164
1696958229581365200,40.793365234375,0.42444705963134766,-0.22392642498016357,-0.2932620644569397
1696958229591378700,40.803378662109374,1.8335113525390625,0.020040035247802734,-0.39967110753059387
1696958229601392000,40.81339208984375,-3.1742515563964844,0.038051068782806396,-0.04776322841644287
1696958229611405600,40.823405517578124,1.344346046447754,-0.5342429876327515,-0.35436713695526123
1696958229621419000,40.8334189453125,1.1122503280639648,0.26362764835357666,-0.34161892533302307
1696958229631432400,40.84343237304687,-1.4805803298950195,-0.018272042274475098,-0.22162625193595886
1696958229641446000,40.85344580078125,0.4727153778076172,-0.34608668088912964,-0.21000051498413086
1696958229651459300,40.86345922851562,0.4577322006225586,0.08086097240447998,-0.1850760281085968
1696958229661472800,40.87347265625,-1.3353328704833984,0.1754947304725647,-0.2832128703594208
1696958229671486200,40.883486328125,-0.20897388458251953,-0.4880580008029938,0.14141029119491577
1696958229681499600,40.893499755859374,1.861271858215332,0.3414152264595032,-0.04368048906326294
1696958229691513000,40.90351318359375,-1.8419113159179688,-0.16447561979293823,0.0302884578704834
1696958229701526500,40.91352661132812,0.7622165679931641,-0.12789297103881836,-0.06530383229255676
1696958229711540000,40.9235400390625,0.044200897216796875,0.35795629024505615,0.17530018091201782
1696958229721553400,40.93355346679687,-1.724106788635254,-0.20117533206939697,0.1725119650363922
1696958229731566800,40.94356689453125,1.276632308959961,-0.05365598201751709,0.030744284391403198
1696958229741580300,40.95358032226562,-0.7712182998657227,0.5240753293037415,0.30681055784225464
1696958229751593700,40.96359375,-0.8698348999023438,-0.10687607526779175,0.15011504292488098
1696958229761607200,40.97360717773437,1.3262042999267578,0.4687597155570984,0.09116733074188232
1696958229771620600,40.98362060546875,-2.6718125343322754,-0.005350291728973389,0.03109869360923767
1696958229781634000,40.99363403320312,0.5221080780029297,0.022836804389953613,0.40280213952064514
1696958229791647500,41.0036474609375,1.1045408248901367,0.5171232223510742,0.1955573558807373
1696958229801661000,41.01366088867187,-2.396369457244873,0.11466270685195923,0.07368668913841248
1696958229811674400,41.02367431640625,1.5379772186279297,0.3823115825653076,0.5404657125473022
1696958229821687800,41.03368774414062,-0.4963970184326172,0.7536386251449585,0.1841970682144165
1696958229831701200,41.043701171875,-0.9635992050170898,-0.12133079767227173,0.5080395936965942
1696958229841714700,41.05371459960938,1.5288200378417969,0.5413777232170105,0.3444685935974121
1696958229851728100,41.06372802734375,-1.2177553176879883,0.14380961656570435,0.1718900501728058
1696958229861741600,41.07374145507813,0.45772361755371094,0.3799854516983032,0.5536037683486938
1696958229871755000,41.08375512695312,0.5048618316650391,0.6551709175109863,0.37152180075645447
1696958229881768400,41.0937685546875,-1.5085210800170898,0.1281387209892273,-0.12338733673095703
1696958229891782000,41.10378198242187,0.6173944473266602,0.732950747013092,0.44325950741767883
1696958229901795300,41.11379541015625,-0.5548505783081055,0.08303248882293701,-0.2577614188194275
1696958229911808800,41.12380883789063,-1.0121278762817383,0.5547606348991394,-0.20470324158668518
1696958229921822200,41.133822265625,0.4100780487060547,0.6429117321968079,0.02093830704689026
1696958229931835600,41.14383569335938,-1.2442255020141602,0.30267924070358276,-0.7217719554901123
1696958229941849000,41.15384912109375,-1.030562400817871,0.8476385474205017,-0.19717377424240112
1696958229951862500,41.16386254882813,0.17190265655517578,0.2785652279853821,-0.6666702032089233
1696958229961876000,41.1738759765625,-1.304743766784668,0.5816988945007324,-0.188492089509964
1696958229971889400,41.18388940429688,0.5674724578857422,0.3310011029243469,-0.39975905418395996
1696958229981902800,41.19390283203125,-1.144211769104004,0.4732823371887207,-0.5304208397865295
1696958229991916300,41.20391625976563,0.689305305480957,0.11978650093078613,-0.20816388726234436
1696958230001929700,41.2139296875,-0.3486814498901367,0.25128692388534546,-0.18141940236091614
1696958230011943200,41.22394311523438,0.7276525497436523,0.9836728572845459,0.16535517573356628
1696958230021956900,41.23395678710938,0.6978139877319336,-0.1047791838645935,0.0009121298789978027
1696958230031970300,41.24397021484375,-0.08755207061767578,0.6940408945083618,0.06913572549819946
1696958230041983700,41.25398364257813,1.3038225173950195,0.19600296020507812,-0.061520159244537354
1696958230051997200,41.2639970703125,-0.8593978881835938,0.25232142210006714,-0.10602599382400513
1696958230062010600,41.2740107421875,2.18715763092041,0.6707767248153687,-0.02556324005126953
1696958230072024300,41.2840244140625,-1.249176025390625,0.12577056884765625,0.3545679450035095
1696958230082037800,41.29403784179687,1.2722854614257812,0.6911346316337585,0.40167367458343506
1696958230092051200,41.30405126953125,0.06512928009033203,0.17902672290802002,0.18655741214752197
1696958230102064600,41.31406469726563,-0.6183958053588867,0.40882062911987305,0.5757260918617249
1696958230112078000,41.324078125,1.3042211532592773,0.5312658548355103,-0.039190590381622314
1696958230122091500,41.33409155273438,-1.1837596893310547,0.4133113622665405,0.6030480265617371
1696958230132105200,41.34410522460937,1.9204654693603516,0.4480701684951782,0.32548797130584717
1696958230142118700,41.35411865234375,-1.6777572631835938,-0.15461492538452148,0.3398904800415039
1696958230152132000,41.36413208007812,1.1934871673583984,0.6630335450172424,0.675628662109375
1696958230162145500,41.3741455078125,-0.11863327026367188,0.5659789443016052,0.16552776098251343
1696958230172159000,41.38415893554688,-0.4339570999145508,0.4490011930465698,0.7399007678031921
1696958230182172700,41.39417260742187,1.6077890396118164,0.26033031940460205,0.3524460196495056
1696958230192186000,41.40418603515625,-1.5982475280761719,0.46574801206588745,0.2806965112686157
1696958230202199600,41.41419946289062,2.0422754287719727,0.8024986386299133,0.5082151889801025
1696958230212213000,41.424212890625,-1.155024528503418,0.14270257949829102,0.5191923379898071
1696958230222226400,41.43422631835937,0.7922821044921875,0.9271539449691772,0.36098331212997437
1696958230232240000,41.444240234375,0.34114646911621094,0.1052781343460083,0.0955846905708313
1696958230242253600,41.45425366210937,-1.4665155410766602,0.5764631628990173,0.11529892683029175
1696958230252267000,41.46426708984375,2.4651718139648438,0.49096864461898804,-0.05506157875061035
1696958230262280400,41.47428051757812,-2.6064858436584473,0.2720922827720642,-0.030337154865264893
1696958230272294000,41.4842939453125,2.0730819702148438,0.40310412645339966,0.12357580661773682
1696958230282307600,41.4943076171875,-1.0905494689941406,0.10919618606567383,-0.17955398559570312
1696958230292321000,41.50432104492187,-0.051483154296875,0.46044522523880005,0.015984296798706055
1696958230302334500,41.51433447265625,1.3299846649169922,0.3222261667251587,0.013282537460327148
1696958230312348000,41.52434790039062,-1.7845783233642578,0.3372454047203064,0.15133428573608398
1696958230322361300,41.534361328125,2.104736328125,0.2961438298225403,-0.3090832829475403
1696958230332375000,41.544375,-1.957409381866455,0.04704254865646362,-0.021702587604522705
1696958230342388500,41.554388427734374,1.205789566040039,0.5215343236923218,0.10211026668548584
1696958230352402000,41.56440185546875,-0.4934043884277344,0.12724119424819946,-0.33334076404571533
1696958230362415400,41.57441528320312,-0.7935380935668945,0.19366085529327393,0.16119098663330078
1696958230372428800,41.5844287109375,1.5311470031738281,0.15716403722763062,-0.23794636130332947
1696958230382442200,41.59444213867187,-2.3770642280578613,0.3711225390434265,-0.3084898591041565
1696958230392455700,41.60445556640625,1.2893915176391602,0.7316000461578369,-0.13313889503479004
1696958230402469000,41.61446923828125,-0.6775922775268555,-0.29652076959609985,0.55939120054245
1696958230412482600,41.62448266601562,0.24605083465576172,0.6678388714790344,-0.11415237188339233
1696958230422496000,41.63449609375,-0.9969205856323242,-0.0625605583190918,-0.0028633475303649902
1696958230432509400,41.64450952148437,-0.00522613525390625,0.6808818578720093,0.7720443606376648
1696958230442523000,41.65452294921875,0.028161048889160156,0.1753421425819397,0.0014389753341674805
1696958230452536300,41.66453637695312,-1.2814311981201172,0.6586524248123169,0.2159852385520935
1696958230462549800,41.6745498046875,1.0155458450317383,-0.1646195650100708,-0.22226005792617798
1696958230472563200,41.68456323242187,-2.394289970397949,0.5173396468162537,-0.15819859504699707
1696958230482576600,41.69457666015625,1.5254793167114258,0.5536015033721924,0.08175092935562134
1696958230492590000,41.70459008789062,-2.4493513107299805,0.022405803203582764,-0.2032102346420288
1696958230502603500,41.714603515625,1.102365493774414,0.6452978253364563,0.012397229671478271
1696958230512617000,41.72461694335937,0.07272148132324219,0.10339635610580444,-0.170820415019989
1696958230522630400,41.73463037109375,-1.853623867034912,0.3848915696144104,-0.08398395776748657
1696958230532643800,41.74464379882812,2.366206169128418,0.37513965368270874,-0.06393694877624512
1696958230542657300,41.7546572265625,-2.1076555252075195,0.18585342168807983,0.3147522211074829
1696958230552670700,41.76467065429687,2.72396183013916,0.6698243021965027,0.4337356686592102
1696958230562684200,41.77468408203125,-0.6896505355834961,-0.25555551052093506,-0.11196911334991455
1696958230572697600,41.78469750976563,0.37261295318603516,0.6885985732078552,0.3798311948776245
1696958230582711000,41.7947109375,1.284804344177246,0.09092700481414795,0.31199294328689575
1696958230592724500,41.80472436523438,-0.9216127395629883,0.2313246726989746,0.39998215436935425
1696958230602737700,41.81473754882813,2.3541345596313477,0.2032853364944458,0.15112698078155518
1696958230612751000,41.82475122070313,-1.593897819519043,0.35584110021591187,0.5609894394874573
1696958230622764500,41.8347646484375,1.5541038513183594,0.41351211071014404,0.4725642204284668
1696958230632778000,41.84477807617188,-1.1589736938476562,-0.388163685798645,0.04590284824371338
1696958230642791400,41.85479150390625,-0.35349369049072266,0.8420969247817993,0.5658251643180847
1696958230652804900,41.86480493164063,1.3490734100341797,-0.16924762725830078,0.10940223932266235
1696958230662818300,41.874818359375,-3.08905029296875,0.7829887866973877,0.420512855052948
1696958230672831700,41.88483178710938,2.5433425903320312,-0.2494056224822998,0.19967955350875854
1696958230682845200,41.89484521484375,-3.067981243133545,0.7102055549621582,0.5744288563728333
1696958230692858600,41.90485864257813,1.4122085571289062,0.29998940229415894,0.25025445222854614
1696958230702872000,41.9148720703125,-1.0756521224975586,0.27737629413604736,0.556033730506897
1696958230712885500,41.924885498046876,0.8286638259887695,0.7661758065223694,0.898353099822998
1696958230722899000,41.93489892578125,0.07189750671386719,-0.1690666675567627,0.546914279460907
1696958230732912400,41.944912353515626,-0.7459030151367188,0.7734774351119995,0.7102964520454407
1696958230742925800,41.95492578125,0.7232465744018555,-0.1879732608795166,0.2970142364501953
1696958230752939300,41.964939208984376,-0.8319768905639648,0.6226505041122437,0.4155619740486145
1696958230762952700,41.97495263671875,1.0052680969238281,-0.04503333568572998,0.42678672075271606
1696958230772966100,41.984966064453126,-0.9996881484985352,0.5762239694595337,0.5893228054046631
1696958230782979600,41.9949794921875,1.664480209350586,0.31713366508483887,0.33772891759872437
1696958230792993000,42.004992919921875,-1.6799516677856445,-0.09851157665252686,0.08169639110565186
1696958230803006500,42.01500634765625,0.8281898498535156,0.48713839054107666,0.11971044540405273
1696958230813020000,42.02502001953125,-0.7888355255126953,-0.28839945793151855,-0.04486125707626343
1696958230823033300,42.035033447265626,0.28347110748291016,1.2480963468551636,0.16514110565185547
1696958230833046800,42.045046875,1.143289566040039,-0.4408683776855469,0.09902679920196533
1696958230843060200,42.055060302734375,-1.8414673805236816,0.7337319850921631,0.12812119722366333
1696958230853073700,42.06507373046875,1.7997627258300781,-0.031115055084228516,0.013232946395874023
1696958230863087000,42.075087158203125,-1.58758544921875,0.7886961698532104,0.05742228031158447
1696958230873100500,42.0851005859375,1.202108383178711,0.01230323314666748,0.032337844371795654
1696958230883114000,42.095114013671875,-0.9936666488647461,0.4441699981689453,0.5298823714256287
1696958230893127400,42.10512744140625,1.6509456634521484,0.5967649221420288,0.16645580530166626
1696958230903140900,42.115140869140625,-1.0334949493408203,-0.0776987075805664,0.0697053074836731
1696958230913154300,42.125154296875,0.029478073120117188,0.5830755233764648,0.38835203647613525
1696958230923167700,42.135167724609374,1.310551643371582,0.3650089502334595,0.1727825403213501
1696958230933181200,42.14518115234375,-1.5746488571166992,0.5087589025497437,-0.11327219009399414
1696958230943194600,42.155194580078124,0.6180658340454102,-0.16214299201965332,0.10306590795516968
1696958230953208000,42.1652080078125,-0.3200569152832031,0.32792115211486816,-0.14256227016448975
1696958230963221500,42.175221435546874,0.6890678405761719,-0.13512516021728516,0.09965050220489502
1696958230973235000,42.18523486328125,-0.1295022964477539,0.7729376554489136,-0.36561495065689087
1696958230983248400,42.19524829101562,0.03324604034423828,0.23835957050323486,0.08531904220581055
1696958230993261800,42.20526171875,0.1435546875,0.21827971935272217,-0.06162184476852417
1696958231003275300,42.21527514648437,-0.46856021881103516,-0.16282272338867188,-0.31737232208251953
1696958231013289000,42.2252890625,-0.49068546295166016,0.4300234317779541,-0.3846726715564728
1696958231023302400,42.235302490234375,-0.016127586364746094,0.5401334762573242,-0.05549323558807373
1696958231033315800,42.24531591796875,0.34760284423828125,0.12880098819732666,0.08657670021057129
1696958231043329300,42.255329345703124,-0.40326595306396484,0.29406440258026123,-0.2693674564361572
1696958231053342700,42.2653427734375,-0.9562654495239258,0.21073055267333984,-0.1289883852005005
1696958231063356200,42.275356201171874,-0.44671154022216797,0.8765292167663574,0.6738067269325256
1696958231073369900,42.285369873046875,1.0834217071533203,-0.05126333236694336,-0.38244056701660156
1696958231083383300,42.29538330078125,-2.062941074371338,0.8164185285568237,0.1416391134262085
1696958231093396700,42.305396728515625,0.6991462707519531,0.13334429264068604,0.34253549575805664
1696958231103410200,42.31541015625,0.5451974868774414,0.8032461404800415,0.17783129215240479
1696958231113423600,42.325423583984374,-1.903468132019043,0.3190535306930542,0.01761692762374878
1696958231123437300,42.335437255859375,1.7861042022705078,0.4452395439147949,0.7870939373970032
1696958231133450800,42.34545068359375,-1.2913455963134766,0.41986799240112305,0.037276506423950195
1696958231143464200,42.355464111328125,0.06891155242919922,0.683035135269165,0.39645230770111084
1696958231153477600,42.3654775390625,-0.2753429412841797,0.12258076667785645,0.33728623390197754
1696958231163491000,42.375490966796875,-0.14584636688232422,0.37557077407836914,0.17305946350097656
1696958231173504800,42.3855048828125,-0.46576499938964844,0.15195989608764648,0.32817912101745605
1696958231183518200,42.395518310546876,0.5628547668457031,0.23659741878509521,0.3058440089225769
1696958231193531600,42.40553173828125,-1.0776824951171875,1.0301077365875244,0.5701444149017334
1696958231203545000,42.415545166015626,2.160109519958496,-0.09361398220062256,0.6557489037513733
1696958231213558500,42.42555859375,-1.797205924987793,0.29553425312042236,0.7167137861251831
1696958231223572200,42.435572265625,1.4802923202514648,-0.08313536643981934,0.16721338033676147
1696958231233585700,42.44558569335938,-1.237208366394043,0.9053456783294678,0.620421826839447
1696958231243599000,42.45559912109375,2.545260429382324,0.04953765869140625,0.6102535724639893
1696958231253612500,42.465612548828126,-1.0922603607177734,0.19259941577911377,0.4834420084953308
1696958231263626000,42.4756259765625,0.7686052322387695,0.37251055240631104,0.49582749605178833
1696958231273639700,42.4856396484375,0.9108400344848633,0.36670351028442383,0.7576820254325867
1696958231283653000,42.49565307617188,-0.9223794937133789,0.17464494705200195,0.25018423795700073
1696958231293666600,42.50566650390625,1.4506025314331055,0.2974088191986084,0.09319072961807251
1696958231303680000,42.515679931640626,-1.286625862121582,0.42199432849884033,0.5930870771408081
1696958231313693400,42.525693359375,2.4106922149658203,0.36063480377197266,0.3163549304008484
1696958231323707100,42.53570703125,-1.8579955101013184,0.6634248495101929,0.14449340105056763
1696958231333720600,42.54572045898438,1.1811847686767578,-0.1556795835494995,0.39039498567581177
1696958231343734000,42.55573413085938,-0.8814239501953125,0.4394639730453491,0.015639305114746094
1696958231353747500,42.56574755859375,1.0418672561645508,0.6811054944992065,-0.23458141088485718
1696958231363761000,42.57576098632813,-1.6271123886108398,0.44785892963409424,0.4484936594963074
1696958231373774300,42.5857744140625,1.975193977355957,0.6916395425796509,0.46050065755844116
1696958231383788000,42.5957880859375,-1.3605422973632812,-0.0018236637115478516,-0.17163318395614624
1696958231393801500,42.60580151367188,-0.4730978012084961,0.5965625047683716,0.4300724267959595
1696958231403815000,42.61581494140625,1.0618619918823242,0.31774473190307617,-0.23955810070037842
1696958231413828400,42.62582836914063,-1.0719776153564453,0.7293455600738525,-0.30315619707107544
1696958231423841800,42.635841796875,-1.0026540756225586,-0.10588717460632324,0.05467844009399414
1696958231433855500,42.64585546875,0.9592647552490234,0.5085262060165405,-0.30427783727645874
1696958231443869000,42.65586889648438,-2.1301870346069336,0.3776146173477173,-0.19538605213165283
1696958231453882400,42.66588232421875,1.4925823211669922,0.29218828678131104,-0.20803815126419067
1696958231463895800,42.67589575195313,-1.6935014724731445,0.2687157392501831,-0.026442110538482666
1696958231473909200,42.6859091796875,0.6712427139282227,0.3899061679840088,-0.250449001789093
1696958231483922700,42.69592260742188,-1.4088993072509766,0.2954742908477783,0.23132330179214478
1696958231493936000,42.70593603515625,0.9981184005737305,0.11509466171264648,0.04627901315689087
1696958231503949600,42.71594946289063,-1.0255136489868164,0.5507731437683105,0.09981119632720947
1696958231513963000,42.725962890625,1.1272544860839844,0.3423452377319336,0.28044670820236206
1696958231523976400,42.7359765625,-0.939793586730957,0.3370736837387085,-0.14141130447387695
1696958231533990000,42.74598999023438,-0.3403787612915039,0.36854588985443115,0.6309683918952942
1696958231544003300,42.75600341796875,0.8074302673339844,0.2935912609100342,0.003592550754547119
1696958231554016800,42.76601684570313,-0.9198389053344727,0.5512584447860718,0.36198359727859497
1696958231564030200,42.7760302734375,0.9651374816894531,-0.003805875778198242,-0.037324488162994385
1696958231574043600,42.78604370117188,-1.8614916801452637,0.5535992383956909,0.5036135315895081
1696958231584057000,42.79605712890625,1.6503257751464844,0.3363528251647949,0.06058633327484131
1696958231594070500,42.80607055664063,-1.727290153503418,-0.009059309959411621,0.17312103509902954
1696958231604084000,42.816083984375,-0.3137950897216797,0.680094838142395,0.042700231075286865
1696958231614097400,42.82609741210938,0.7816734313964844,0.14857161045074463,0.16559988260269165
1696958231624110800,42.83611083984375,-1.0843887329101562,0.4571002721786499,-0.19420480728149414
1696958231634124300,42.846124267578126,1.03546142578125,-0.3624753952026367,-0.09159266948699951
1696958231644137700,42.8561376953125,-2.030196189880371,0.5458649396896362,0.2395654320716858
1696958231654151200,42.866151123046876,2.5049562454223633,0.045400023460388184,-0.0032557249069213867
1696958231664164600,42.87616455078125,-2.1123785972595215,-0.02646028995513916,-0.3917396068572998
1696958231674178000,42.886177978515626,2.0071887969970703,0.2752112150192261,0.26480036973953247
1696958231684191500,42.89619140625,-0.49175548553466797,-0.1328965425491333,-0.1085628867149353
1696958231694205000,42.906204833984376,0.4362812042236328,0.24923992156982422,0.4855691194534302
1696958231704218400,42.91621826171875,1.467844009399414,-0.16609537601470947,0.10286009311676025
1696958231714231800,42.926231689453125,-0.8534631729125977,0.7039856910705566,0.19531720876693726
1696958231724245200,42.936245361328126,0.9931755065917969,0.015096306800842285,-0.19599002599716187
1696958231734258700,42.9462587890625,-0.9061346054077148,0.13193070888519287,0.022091686725616455
1696958231744272100,42.956272216796876,0.9261674880981445,0.11497056484222412,-0.37426289916038513
1696958231754285600,42.96628564453125,-1.1877946853637695,0.516948938369751,0.10574662685394287
1696958231764299000,42.976299072265626,1.0177955627441406,0.05708193778991699,-0.17832541465759277
1696958231774312400,42.9863125,-0.900385856628418,0.2426830530166626,0.1979513168334961
1696958231784326000,42.996325927734375,-0.4017181396484375,-0.04384505748748779,-0.35332584381103516
1696958231794339300,43.00633935546875,-0.6294412612915039,0.4830054044723511,0.43203580379486084
1696958231804352800,43.016352783203125,0.10750961303710938,0.24770832061767578,-0.0658959150314331
1696958231814366200,43.0263662109375,-0.4227323532104492,0.03391098976135254,0.37602323293685913
1696958231824379600,43.036379638671875,-0.02546405792236328,0.3101567029953003,0.2647970914840698
1696958231834393000,43.04639306640625,-0.14461135864257812,0.11687982082366943,0.549001157283783
1696958231844406500,43.056406494140624,0.3666524887084961,0.5207033157348633,0.39225077629089355
1696958231854420000,43.066419921875,-0.31744384765625,-0.02155148983001709,0.8911901116371155
1696958231864433400,43.076433349609374,0.7150192260742188,0.2053624391555786,0.41685450077056885
1696958231874446800,43.08644677734375,-1.3844881057739258,0.13163697719573975,0.8350629210472107
1696958231884460300,43.096460205078124,1.9061307907104492,0.5893179178237915,0.6329692602157593
1696958231894473700,43.1064736328125,-1.109105110168457,0.12035739421844482,0.5437757968902588
1696958231904487200,43.11648706054687,0.6755542755126953,0.2295454740524292,0.44011473655700684
1696958231914500600,43.12650048828125,-0.05729866027832031,0.16904997825622559,0.01884746551513672
1696958231924514000,43.13651416015625,0.7596826553344727,0.4003150463104248,0.07790929079055786
1696958231934527500,43.146527587890624,-0.742671012878418,0.15376412868499756,0.18412435054779053
1696958231944541000,43.156541015625,0.9123992919921875,0.38413429260253906,0.03353691101074219
1696958231954554400,43.166554443359374,-0.45168209075927734,0.2044440507888794,-0.10483574867248535
1696958231964567800,43.17656787109375,0.9495611190795898,0.5726786851882935,0.2545253038406372
1696958231974581200,43.18658129882812,-0.753972053527832,0.32093632221221924,0.2262452244758606
1696958231984594700,43.1965947265625,0.9776239395141602,0.49773287773132324,0.06187158823013306
1696958231994608400,43.2066083984375,0.08643722534179688,1.0347111225128174,0.3353579640388489
1696958232004621800,43.216621826171874,0.4300708770751953,0.1385124921798706,0.5251780152320862
1696958232014635300,43.22663525390625,-0.4648246765136719,0.6721146106719971,0.09950286149978638
1696958232024648700,43.236648681640624,0.5206394195556641,0.8755542039871216,0.40912681818008423
1696958232034662100,43.246662109375,-0.5513811111450195,0.43272864818573,-0.07757586240768433
1696958232044675600,43.25667553710937,0.03752708435058594,0.574432373046875,-0.05620700120925903
1696958232054689300,43.266689208984374,-0.7273225784301758,0.9403247833251953,-0.2720443606376648
1696958232064702700,43.27670263671875,0.18233585357666016,1.1041510105133057,-0.16034692525863647
1696958232074716200,43.286716064453124,-0.8697967529296875,0.2800101041793823,-0.6476086378097534
1696958232084729600,43.2967294921875,1.0583410263061523,0.5118064880371094,-0.4466347098350525
1696958232094743000,43.306742919921874,-1.534698486328125,-0.15790164470672607,-0.6631133556365967
1696958232104756700,43.3167568359375,0.08916091918945312,0.3529212474822998,-0.7058786153793335
1696958232114770200,43.326770263671875,-1.8895153999328613,0.5383586883544922,-0.6140719056129456
1696958232124783600,43.33678369140625,0.2752208709716797,0.6948513984680176,-0.5393919348716736
1696958232134797000,43.346797119140625,-1.0637378692626953,0.5744158029556274,-0.9525084495544434
1696958232144810500,43.356810546875,0.6928901672363281,0.5538251399993896,-0.808395504951477
1696958232154824200,43.36682421875,-1.0054988861083984,-0.01545107364654541,-0.7151735424995422
1696958232164837600,43.376837646484375,0.9469509124755859,0.6015615463256836,0.09541928768157959
1696958232174851000,43.38685107421875,0.9300956726074219,0.050342679023742676,-0.6324760913848877
1696958232184864500,43.396864501953125,-0.5009889602661133,0.7707866430282593,-0.4689560830593109
1696958232194878000,43.4068779296875,0.7425327301025391,-0.08928334712982178,-0.539222002029419
1696958232204891600,43.4168916015625,-0.6545400619506836,0.7447521686553955,-0.412297785282135
1696958232214905000,43.426905029296876,0.04446220397949219,-0.03326821327209473,-0.4156298041343689
1696958232224918500,43.43691845703125,0.9908380508422852,0.7147396802902222,-0.19382253289222717
1696958232234932000,43.446931884765625,-0.684295654296875,-0.19989418983459473,-0.011292785406112671
1696958232244945400,43.4569453125,1.7018680572509766,0.8818050622940063,-0.05654871463775635
1696958232254959000,43.466958984375,-0.19936275482177734,-0.18491172790527344,-0.3969719111919403
1696958232264972500,43.47697265625,-0.2803316116333008,0.8256195783615112,0.08225896954536438
1696958232274986000,43.48698608398438,1.0441083908081055,0.0528559684753418,-0.20035845041275024
1696958232284999400,43.49699951171875,-1.3334980010986328,0.46658337116241455,-0.07863911986351013
1696958232295012900,43.507012939453126,-0.06409454345703125,0.33345603942871094,-0.20932845771312714
1696958232305026600,43.51702661132813,0.6102828979492188,0.601149320602417,0.008486032485961914
1696958232315040000,43.5270400390625,-1.4654855728149414,0.06067383289337158,-0.07201942801475525
1696958232325053400,43.53705346679688,0.8034687042236328,0.4509127140045166,-0.19312936067581177
1696958232335067000,43.54706689453125,-1.673905372619629,0.654568076133728,-0.05059590935707092
1696958232345080300,43.55708032226563,1.1687936782836914,0.20961439609527588,-0.38364377617836
1696958232355093800,43.56709375,-1.8493194580078125,0.26418089866638184,-0.19298690557479858
1696958232365107500,43.577107421875,1.591033935546875,0.6350165605545044,0.006349503993988037
1696958232375121000,43.58712084960938,-0.9692964553833008,0.6491414308547974,0.0020787715911865234
1696958232385134300,43.59713427734375,1.1928434371948242,0.6180005073547363,0.49658823013305664
1696958232395147800,43.60714770507813,-0.1289834976196289,0.3367917537689209,-0.10800963640213013
1696958232405161200,43.6171611328125,0.06688785552978516,0.6876906156539917,0.1510050892829895
1696958232415175000,43.6271748046875,1.0271244049072266,0.04548370838165283,-0.3660581409931183
1696958232425188400,43.63718823242188,0.1786661148071289,0.4797104597091675,-0.13872146606445312
1696958232435201800,43.64720190429688,0.0585174560546875,-0.11325633525848389,-0.1450454294681549
1696958232445215200,43.65721533203125,0.5171775817871094,0.7409738302230835,-0.20777928829193115
1696958232455228700,43.66722875976563,0.09045124053955078,0.2611187696456909,-0.8161986470222473
1696958232465242000,43.6772421875,-0.5784168243408203,0.47239816188812256,-0.14564162492752075
1696958232475255600,43.68725561523438,-0.31438636779785156,0.018775582313537598,-0.5595381855964661
1696958232485269000,43.69726904296875,0.41341304779052734,0.6784273386001587,-0.10009250044822693
1696958232495282400,43.70728247070313,-0.2853279113769531,0.22243738174438477,-0.5248563289642334
1696958232505296000,43.7172958984375,-0.08332157135009766,0.32785892486572266,-0.03313574194908142
1696958232515309300,43.72730932617188,-0.011286735534667969,0.4745854139328003,-0.01071271300315857
1696958232525322800,43.73732275390625,0.18518543243408203,0.7032065391540527,0.0908840000629425
1696958232535336200,43.74733618164063,-0.8140125274658203,0.2565048933029175,-0.28708791732788086
1696958232545349600,43.757349609375,-0.10898494720458984,0.8635315895080566,0.04425215721130371
1696958232555363000,43.76736303710938,-0.7635364532470703,0.10184276103973389,-0.17422297596931458
1696958232565376500,43.77737646484375,0.3331460952758789,0.9200468063354492,-0.047921836376190186
1696958232575390000,43.787389892578126,-1.4838457107543945,0.4971044063568115,-0.5027152299880981
1696958232585403400,43.7974033203125,0.6178655624389648,0.7201863527297974,-0.5012632608413696
1696958232595416800,43.807416748046876,-1.6965322494506836,0.5869905948638916,-0.6591870784759521
1696958232605430300,43.81743017578125,-0.16341114044189453,0.48862791061401367,-0.20973023772239685
1696958232615443700,43.827443603515626,-0.17228317260742188,0.43695974349975586,-0.1836143136024475
1696958232625457200,43.83745703125,-0.9225540161132812,0.5105129480361938,-0.4217066466808319
1696958232635470600,43.847470703125,0.3462791442871094,0.4176543951034546,0.10036987066268921
1696958232645484000,43.857484130859376,-0.9164915084838867,0.32306182384490967,-0.0004779398441314697
1696958232655497500,43.86749755859375,2.000652313232422,0.35180115699768066,-0.6355484127998352
1696958232665511000,43.877510986328126,-2.1139163970947266,0.397255539894104,0.26027655601501465
1696958232675524400,43.8875244140625,2.1677703857421875,0.40596258640289307,0.43530791997909546
1696958232685537800,43.897537841796876,-0.0404510498046875,0.0474318265914917,-0.5022266507148743
1696958232695551200,43.90755126953125,0.7095117568969727,0.5999752283096313,-0.26105621457099915
1696958232705564700,43.917564697265625,0.010137557983398438,0.1426023244857788,-0.5059770345687866
1696958232715578000,43.927578125,1.4339981079101562,0.7555809020996094,-0.0354062020778656
1696958232725591600,43.937591552734375,-0.7437839508056641,-0.26256608963012695,-0.5087382793426514
1696958232735605000,43.94760498046875,0.6102972030639648,0.805658221244812,-0.14940433204174042
1696958232745618400,43.957618408203125,0.1360769271850586,0.21199500560760498,-0.3190126121044159
1696958232755631900,43.9676318359375,-0.050838470458984375,0.4945605993270874,-0.5081033110618591
1696958232765645300,43.977645263671874,0.19338226318359375,0.28939735889434814,-0.777707576751709
1696958232775658800,43.98765869140625,-0.8916950225830078,0.3834421634674072,-0.20578336715698242
1696958232785672200,43.997672119140624,1.0651025772094727,0.5927633047103882,-0.18523669242858887
1696958232795685600,44.007685546875,-0.9776172637939453,0.20503008365631104,0.024209678173065186
1696958232805699000,44.017698974609374,0.37207889556884766,0.7425661087036133,-0.3233729898929596
1696958232815712500,44.02771240234375,0.39562320709228516,0.6120008230209351,-0.2792760729789734
1696958232825726000,44.037725830078124,-0.8912954330444336,0.4264775514602661,-0.43442320823669434
1696958232835739400,44.047739501953124,0.42054271697998047,0.6296683549880981,-0.05593651533126831
1696958232845752800,44.0577529296875,-0.1161050796508789,0.533547043800354,-0.7619427442550659
1696958232855766300,44.067766357421874,-0.5316085815429688,0.12144660949707031,-0.287113755941391
1696958232865779700,44.07777978515625,0.8121824264526367,0.9547526836395264,-0.08598953485488892
1696958232875793200,44.087793212890624,-0.5184307098388672,0.26794540882110596,-0.28657326102256775
1696958232885806600,44.097806640625,-0.07326889038085938,-0.10236155986785889,-0.5677950382232666
1696958232895820000,44.10782006835937,-1.1960201263427734,0.747010350227356,-0.21990257501602173
1696958232905833500,44.11783349609375,0.9663410186767578,-0.05335092544555664,-0.6307812929153442
1696958232915847000,44.12784692382812,-2.50994873046875,0.3916783332824707,-0.792400598526001
1696958232925860400,44.1378603515625,1.7583847045898438,0.2921191453933716,-0.200372576713562
1696958232935873800,44.14787377929687,-2.097060203552246,0.20800518989562988,-0.8128256797790527
1696958232945887200,44.15788720703125,0.6933269500732422,0.6596298217773438,-0.8450440168380737
1696958232955900700,44.16790063476562,-0.722071647644043,-0.2515140771865845,-0.6541736125946045
1696958232965914000,44.1779140625,-0.4530792236328125,0.6135209798812866,-0.3266635835170746
1696958232975927600,44.18792749023437,-0.4516935348510742,0.09373831748962402,-0.8028141260147095
1696958232985941000,44.19794091796875,0.41431236267089844,0.8651421070098877,-0.04649662971496582
1696958232995954400,44.20795434570312,0.6666336059570312,0.01601552963256836,-0.5363237261772156
1696958233005968000,44.2179677734375,-1.4855279922485352,0.16407179832458496,-0.08697991073131561
1696958233015981300,44.22798120117187,1.2082624435424805,0.6547951698303223,-0.3448932468891144
1696958233025994800,44.23799487304687,-0.38574790954589844,0.2670499086380005,-0.140268474817276
1696958233036008200,44.24800830078125,-0.11802864074707031,0.6504982709884644,-0.4891471862792969
1696958233046021600,44.25802172851562,0.8193302154541016,-0.028856635093688965,-0.7368304133415222
1696958233056035000,44.26803515625,-2.562008857727051,0.3296842575073242,-0.5994101762771606
1696958233066048500,44.27804858398437,2.3331375122070312,0.33493006229400635,-0.19229543209075928
1696958233076062000,44.28806201171875,-2.126786231994629,0.20998907089233398,-1.030919075012207
1696958233086075400,44.29807543945312,1.113631248474121,0.36599087715148926,-0.04593080282211304
1696958233096088800,44.3080888671875,-0.17002201080322266,0.26061511039733887,-0.6475536823272705
1696958233106102500,44.3181025390625,-0.5711641311645508,0.14689362049102783,-0.5864706635475159
1696958233116116000,44.32811596679687,-0.34537601470947266,0.2215135097503662,-0.13694578409194946
1696958233126129400,44.33812939453125,1.7247629165649414,0.12575864791870117,-0.10879933834075928
1696958233136142800,44.34814282226562,-1.553175926208496,0.5519024133682251,0.19823578000068665
1696958233146156300,44.35815625,2.1204662322998047,0.286806583404541,0.2735421061515808
1696958233156170000,44.368169921875,-0.4653282165527344,-0.06915473937988281,-0.04556697607040405
1696958233166183400,44.37818334960937,-0.5887365341186523,0.06250965595245361,-0.14607161283493042
1696958233176196900,44.38819677734375,1.7016048431396484,0.059293150901794434,0.11817842721939087
1696958233186210300,44.39821020507812,-0.7299833297729492,0.5576858520507812,0.018835872411727905
1696958233196223700,44.4082236328125,1.2163095474243164,-0.34750640392303467,0.22013092041015625
1696958233206237400,44.418237548828124,-0.697688102722168,0.4364509582519531,-0.34163698554039
1696958233216251000,44.4282509765625,0.09206867218017578,-0.09132194519042969,-0.24465541541576385
1696958233226264300,44.43826440429687,0.5367269515991211,0.866527795791626,0.036258429288864136
1696958233236277800,44.44827783203125,0.6354694366455078,-0.43941736221313477,-0.8668427467346191
1696958233246291200,44.45829125976562,-1.544891357421875,0.6971728801727295,0.20929977297782898
1696958233256305000,44.468304931640624,2.969759941101074,-0.16651105880737305,-0.7944629192352295
1696958233266318300,44.478318359375,-2.016566276550293,0.9229544401168823,0.14146292209625244
1696958233276331800,44.488331787109374,2.9098644256591797,-0.472476601600647,-0.12134861946105957
1696958233286345200,44.49834521484375,-1.120366096496582,0.5770153999328613,-0.02233526110649109
1696958233296358700,44.50835864257812,0.44416141510009766,-0.16220664978027344,-0.16661256551742554
1696958233306372000,44.5183720703125,1.031515121459961,0.0758446455001831,-0.18009167909622192
1696958233316385800,44.5283857421875,-1.0073633193969727,0.11716151237487793,-0.3988803029060364
1696958233326399200,44.538399169921874,2.440985679626465,0.30143022537231445,-0.1761952042579651
1696958233336412700,44.54841259765625,-3.084594249725342,-0.3946007490158081,-0.3933869004249573
1696958233346426000,44.558426025390624,1.7255668640136719,0.5222171545028687,-0.38696199655532837
1696958233356439600,44.568439453125,-1.4608135223388672,-0.3404824733734131,-0.9000566601753235
1696958233366453200,44.578453369140625,-0.3774595260620117,0.4997551441192627,-0.7756891250610352
1696958233376466700,44.588466796875,-0.3951406478881836,-0.1262223720550537,-0.5883294343948364
1696958233386480000,44.598480224609375,-0.9437589645385742,0.5148537158966064,-0.7646280527114868
1696958233396493600,44.60849365234375,0.07670974731445312,-0.26636457443237305,-0.5688335299491882
1696958233406507000,44.618507080078125,-1.3186216354370117,0.10516190528869629,-0.30211395025253296
1696958233416520700,44.628520751953126,-0.05859184265136719,0.4214245080947876,-0.5884658098220825
1696958233426534100,44.6385341796875,-0.38306140899658203,0.40372300148010254,-0.11060687899589539
1696958233436547600,44.648547607421875,-0.2724266052246094,-0.40308892726898193,-0.27311035990715027
1696958233446561000,44.65856103515625,-0.027797698974609375,0.7332980632781982,-0.28019678592681885
1696958233456574500,44.668574462890625,-0.6682920455932617,0.09261620044708252,-0.07015296816825867
1696958233466588200,44.678588134765626,0.5327358245849609,-0.07430589199066162,-0.10507392883300781
1696958233476601600,44.6886015625,0.27324676513671875,0.3513777256011963,-0.4416605830192566
1696958233486615000,44.698614990234375,0.019165992736816406,0.18849456310272217,-0.5583128929138184
1696958233496628500,44.70862841796875,-0.7457361221313477,0.29957425594329834,-0.14126063883304596
1696958233506642000,44.718641845703125,1.4686222076416016,-0.2785438299179077,-0.2106384038925171
1696958233516655400,44.7286552734375,-1.6460914611816406,0.227866530418396,-0.715137243270874
1696958233526668800,44.738668701171875,1.3541479110717773,0.516700267791748,-0.022675231099128723
1696958233536682200,44.74868212890625,-0.7803249359130859,-0.500235915184021,-0.051282718777656555
1696958233546695700,44.75869580078125,0.5450439453125,0.46382319927215576,-0.3596263527870178
1696958233556709000,44.768709228515625,0.02794170379638672,0.08272290229797363,-0.1652553528547287
1696958233566722600,44.77872265625,-0.7463884353637695,0.1166609525680542,0.08264359831809998
1696958233576736000,44.788736083984375,0.5649404525756836,0.3549734354019165,-0.22735072672367096
1696958233586749400,44.79874951171875,-0.544952392578125,0.1421138048171997,-0.036112815141677856
1696958233596763000,44.808762939453125,0.048829078674316406,0.3296605348587036,-0.11839175224304199
1696958233606776300,44.8187763671875,1.5972070693969727,0.11248922348022461,-0.2208673655986786
1696958233616789800,44.828789794921875,-3.362240791320801,0.18157446384429932,-0.35057979822158813
1696958233626803200,44.83880322265625,3.58444881439209,0.48337244987487793,-0.08725306391716003
1696958233636816600,44.848816650390624,-2.1867237091064453,0.138047456741333,-0.7586512565612793
1696958233646830000,44.858830078125,0.7469806671142578,-0.2301487922668457,-0.6194937229156494
1696958233656843500,44.868843505859374,-0.24291038513183594,0.3160400390625,-0.29453134536743164
1696958233666857000,44.87885693359375,-0.6826152801513672,0.4493049383163452,-0.13263992965221405
1696958233676870400,44.888870361328124,0.4664335250854492,0.024480104446411133,-0.9432587623596191
1696958233686883800,44.8988837890625,-1.5465164184570312,0.3967090845108032,-0.45251375436782837
1696958233696897300,44.90889721679687,-0.15214920043945312,0.10123860836029053,-0.5446069240570068
1696958233706910700,44.91891064453125,-0.036721229553222656,-0.049283742904663086,-0.3305113613605499
1696958233716924200,44.92892407226562,-0.500309944152832,0.06725406646728516,-0.295653760433197
1696958233726937600,44.9389375,1.2884788513183594,0.11347222328186035,-0.30476683378219604
1696958233736951000,44.94895092773437,-1.6727046966552734,0.609545111656189,-0.17514927685260773
1696958233746964500,44.958964599609374,2.445784568786621,0.11384987831115723,-0.3034931719303131
1696958233756977700,44.96897778320312,-2.281303882598877,-0.010194659233093262,-0.14292488992214203
1696958233766991000,44.9789912109375,2.024643898010254,-0.20452773571014404,0.06665292382240295
1696958233777004500,44.98900463867187,-1.296051025390625,0.2764517068862915,-0.07307714223861694
1696958233787018000,44.99901806640625,1.2343626022338867,0.30664992332458496,0.12619280815124512
1696958233797031400,45.00903149414062,0.4961280822753906,0.08476173877716064,0.3461553156375885
1696958233807044900,45.019044921875,-0.3420753479003906,-0.23124802112579346,0.11743563413619995
1696958233817058300,45.02905834960937,0.2659797668457031,0.5364071130752563,-0.0818716436624527
1696958233827071700,45.03907177734375,0.31746387481689453,-0.26964128017425537,0.2201164960861206
1696958233837085200,45.04908520507813,0.16385269165039062,0.4372202157974243,0.3309038579463959
1696958233847098600,45.0590986328125,0.30161571502685547,-0.3928961753845215,0.06994032859802246
1696958233857112000,45.06911206054688,0.11438560485839844,0.31083500385284424,-0.4010729193687439
1696958233867125500,45.07912548828125,0.3097524642944336,-0.32332050800323486,-0.2764213979244232
1696958233877139000,45.08913891601563,-0.651637077331543,0.34688639640808105,-0.22814805805683136
1696958233887152400,45.09915234375,-0.5644006729125977,-0.8548017740249634,-0.4495219588279724
1696958233897165800,45.10916577148438,0.024965286254882812,0.24612557888031006,-0.17925110459327698
1696958233907179300,45.11917919921875,-0.2955188751220703,-0.4640064239501953,-0.2163347601890564
1696958233917192700,45.12919262695313,-0.782221794128418,0.0726473331451416,-0.22703516483306885
1696958233927206100,45.1392060546875,1.4035062789916992,0.07096147537231445,0.3106594383716583
1696958233937219600,45.14921948242188,-1.2855615615844727,-0.9635015726089478,-0.10914790630340576
1696958233947233000,45.15923291015625,-0.7142229080200195,0.13425767421722412,0.4769851267337799
1696958233957246500,45.16924658203125,1.5338058471679688,-0.4838840961456299,0.1956595480442047
1696958233967260000,45.17926000976563,-2.259932518005371,0.9622606039047241,0.33676525950431824
1696958233977273300,45.1892734375,3.097524642944336,-0.2398676872253418,0.1316877007484436
1696958233987286800,45.19928686523438,-2.1953978538513184,-0.02752244472503662,0.26271918416023254
1696958233997300200,45.20930029296875,3.256906509399414,-0.18112289905548096,0.1297900676727295
1696958234007313700,45.21931372070313,-1.639394760131836,-0.220544695854187,0.20512858033180237
1696958234017327000,45.2293271484375,0.9343948364257812,-0.1622624397277832,0.42243537306785583
1696958234027340500,45.23934057617188,0.6410350799560547,0.20623230934143066,0.5213054418563843
1696958234037354000,45.24935400390625,-0.6804122924804688,-0.7494814395904541,0.2523406147956848
1696958234047367400,45.25936743164063,0.7930269241333008,-0.30287909507751465,-0.19212231040000916
1696958234057380900,45.269380859375,-1.8851885795593262,-0.1537691354751587,0.37620240449905396
1696958234067394600,45.27939453125,1.8416252136230469,-0.3114631175994873,0.05549454689025879
1696958234077408000,45.28940795898438,-0.23659133911132812,-0.11860060691833496,-0.2441437542438507
1696958234087421400,45.29942138671875,-1.3929014205932617,-0.679233193397522,-0.20546334981918335
1696958234097435000,45.30943481445313,1.3440141677856445,-0.24633026123046875,0.23467868566513062
1696958234107448300,45.3194482421875,-0.39841270446777344,-0.08189201354980469,-0.04897595942020416
1696958234117462000,45.3294619140625,-1.214909553527832,-1.1308125257492065,0.0512048602104187
1696958234127475500,45.33947534179688,1.799057960510254,0.11377346515655518,0.015020191669464111
1696958234137489000,45.34948901367188,-1.2490215301513672,0.041989922523498535,-0.4208543300628662
1696958234147502300,45.35950244140625,-0.2763252258300781,-0.5603241920471191,-0.20214544236660004
1696958234157515800,45.36951586914063,2.2197303771972656,-0.37289679050445557,-0.13702726364135742
1696958234167529500,45.37952954101563,-3.6015419960021973,-0.05336642265319824,-0.010728269815444946
1696958234177543000,45.38954296875,2.17510986328125,-0.015301942825317383,-0.19733035564422607
1696958234187556400,45.39955639648438,-0.08504009246826172,0.14530301094055176,-0.051771655678749084
1696958234197569800,45.40956982421875,-2.5079736709594727,-0.6414650678634644,-0.2884945571422577
1696958234207583200,45.41958325195313,0.9150209426879883,-0.2746845483779907,-0.2834859788417816
1696958234217597000,45.42959692382812,-0.39118003845214844,-0.17380225658416748,-0.2623244822025299
1696958234227610400,45.4396103515625,-1.7286148071289062,-0.4760645627975464,-0.05061599612236023
1696958234237623800,45.44962377929688,1.2148141860961914,-0.09732449054718018,0.15854144096374512
1696958234247637200,45.45963720703125,0.49985599517822266,0.18957698345184326,0.6505416631698608
1696958234257650700,45.46965063476563,-1.2170352935791016,-0.5660308599472046,0.3190022110939026
1696958234267664100,45.4796640625,0.3959522247314453,-0.25409364700317383,0.8855960369110107
1696958234277677800,45.489677734375,1.7858142852783203,-0.29344165325164795,0.2497483193874359
1696958234287691300,45.49969116210937,-1.9033746719360352,-0.08124887943267822,0.09543907642364502
1696958234297704700,45.50970458984375,1.015974998474121,-0.25755131244659424,0.5801547765731812
1696958234307718100,45.51971826171875,0.2106800079345703,-0.35872554779052734,0.4091285169124603
1696958234317731600,45.52973168945312,-0.029256820678710938,-0.5976781845092773,-0.12850496172904968
1696958234327745300,45.53974536132812,-0.9848642349243164,-0.5822341442108154,0.3189000189304352
1696958234337758700,45.5497587890625,0.7853479385375977,0.01616990566253662,0.8887314796447754
1696958234347772200,45.55977221679687,1.3665828704833984,-0.3965003490447998,0.05648481845855713
1696958234357785600,45.56978564453125,-1.767258644104004,-0.6325547695159912,-0.2416013926267624
1696958234367799000,45.57979907226562,2.1841955184936523,0.02767765522003174,0.4965205490589142
1696958234377812700,45.58981274414062,1.2615289688110352,-0.46688997745513916,0.822928786277771
1696958234387826200,45.599826171875,-0.7873525619506836,-0.6883457899093628,-0.34303027391433716
1696958234397839600,45.60983959960937,1.087752342224121,-0.5794253349304199,0.30652785301208496
1696958234407853000,45.61985302734375,1.3242530822753906,0.27599310874938965,0.7810686826705933
1696958234417866500,45.62986645507812,-0.08891010284423828,-0.585312008857727,-0.0014274120330810547
1696958234427880000,45.6398798828125,-0.5668048858642578,-0.6440160274505615,0.17446854710578918
1696958234437893400,45.64989331054687,1.9676885604858398,-0.3913383483886719,0.5296433568000793
1696958234447906800,45.65990673828125,-1.0286636352539062,-0.3159780502319336,-0.04820585250854492
1696958234457920300,45.66992016601562,-0.3618650436401367,-0.04258918762207031,-0.2909907102584839
1696958234467933700,45.67993359375,-0.24135589599609375,-0.3016202449798584,0.32641327381134033
1696958234477947100,45.68994702148437,0.8203506469726562,-0.794987678527832,0.021941393613815308
1696958234487960600,45.69996069335937,-2.808563709259033,-0.14628589153289795,-0.43120330572128296
1696958234497974000,45.70997412109375,0.17059898376464844,-0.05597817897796631,0.14932212233543396
1696958234507987500,45.71998754882812,1.1074953079223633,-0.5825903415679932,-0.039025455713272095
1696958234518001000,45.7300009765625,-3.215456008911133,-0.4901326894760132,-0.4655245542526245
1696958234528014300,45.74001440429687,1.3753747940063477,0.36433398723602295,0.14485061168670654
1696958234538027800,45.75002783203125,-0.43404579162597656,0.19250977039337158,0.579186201095581
1696958234548041200,45.76004125976562,0.17827224731445312,-0.9708398580551147,0.12581533193588257
1696958234558054700,45.7700546875,-1.1457147598266602,-0.6840744018554688,-0.22595971822738647
1696958234568068000,45.78006811523438,1.8005046844482422,0.4737967252731323,0.4224519431591034
1696958234578081500,45.79008154296875,0.544306755065918,-0.36308884620666504,-0.10494101047515869
1696958234588095000,45.80009497070313,-1.4265031814575195,-1.0513936281204224,-0.31865209341049194
1696958234598108400,45.8101083984375,1.6211919784545898,-0.6229407787322998,0.3135330080986023
1696958234608121900,45.82012182617188,0.8049602508544922,0.8869986534118652,0.6083109378814697
1696958234618135300,45.83013525390625,-0.9177370071411133,-0.3422517776489258,-0.09243334829807281
1696958234628148700,45.84014868164063,-0.07949256896972656,-0.830949068069458,0.14302384853363037
1696958234638162200,45.850162109375,1.1108570098876953,0.13958954811096191,-0.1384713053703308
1696958234648175600,45.86017553710938,-2.686357021331787,0.3780170679092407,-0.06330706179141998
1696958234658189000,45.87018896484375,2.322892189025879,-0.8054331541061401,-0.5851091146469116
1696958234668202500,45.88020239257813,-2.5372133255004883,0.16321074962615967,0.053470104932785034
1696958234678216000,45.8902158203125,-1.3085975646972656,0.17820096015930176,0.37708407640457153
1696958234688229400,45.9002294921875,1.4808626174926758,-0.5745290517807007,-0.4824174642562866
1696958234698242800,45.91024291992188,0.3110160827636719,-0.7187283039093018,-0.07782912254333496
1696958234708256300,45.92025634765625,0.5635795593261719,-0.8611049652099609,-0.678380012512207
1696958234718269700,45.93026977539063,1.3168554306030273,-0.635084867477417,-0.22132262587547302
1696958234728283100,45.940283203125,2.217477798461914,-0.3989800214767456,0.18599745631217957
1696958234738296600,45.95029663085938,0.16152667999267578,-1.0558031797409058,0.5110149383544922
1696958234748310000,45.96031005859375,4.285525321960449,-0.031223535537719727,1.1438654661178589
1696958234758323500,45.97032348632813,-1.8797378540039062,-0.32949697971343994,0.6557786464691162
1696958234768337000,45.9803369140625,0.9149875640869141,-0.18004965782165527,1.0917621850967407
1696958234778350300,45.990350341796876,1.706954002380371,0.556814432144165,0.43065959215164185
1696958234788363800,46.00036376953125,-3.7549471855163574,0.5015290975570679,-0.5770673751831055
1696958234798377200,46.010377197265626,2.007854461669922,0.28267931938171387,-0.4975564479827881
1696958234808390700,46.020390625,-2.89920711517334,0.3538628816604614,0.09579142928123474
1696958234818404000,46.030404052734376,-3.136486053466797,-0.3728170394897461,-0.2493608593940735
1696958234828417500,46.04041748046875,-2.000429153442383,0.14568185806274414,0.010811835527420044
1696958234838431000,46.050430908203126,-0.7960338592529297,-0.07275605201721191,0.04119431972503662
1696958234848444400,46.0604443359375,0.19532489776611328,0.26036882400512695,-0.22386781871318817
1696958234858457900,46.070457763671875,0.5577716827392578,-0.545240044593811,-0.6940555572509766
1696958234868471300,46.08047119140625,-0.08344459533691406,-0.1609281301498413,-0.6553940773010254
1696958234878484700,46.090484619140625,-3.81105899810791,0.239548921585083,0.17558014392852783
1696958234888498200,46.100498291015626,0.8958902359008789,-0.02599167823791504,-0.23657174408435822
1696958234898511600,46.11051171875,1.0419673919677734,0.1221170425415039,0.12697738409042358
1696958234908525000,46.120525146484376,1.4502887725830078,-0.3262821435928345,-0.18158812820911407
1696958234918538500,46.13053857421875,2.08209228515625,0.42209911346435547,0.2606835663318634
1696958234928552000,46.140552001953125,0.8775606155395508,0.12319600582122803,-0.1797075718641281
1696958234938565400,46.1505654296875,-0.2385406494140625,-0.19909536838531494,0.2040383517742157
1696958234948578800,46.160578857421875,0.2494640350341797,-0.06468641757965088,0.1186145544052124
1696958234958592300,46.17059228515625,-0.9652824401855469,-0.3735175132751465,0.6171278357505798
1696958234968605700,46.180605712890625,1.4502801895141602,0.4270392656326294,0.5070617198944092
1696958234978619100,46.190619140625,0.3092069625854492,-0.36860227584838867,-0.6344972252845764
1696958234988632600,46.200632568359374,-0.4323720932006836,0.2352907657623291,-0.37610042095184326
1696958234998646000,46.21064599609375,0.5387363433837891,-0.5245236158370972,-0.4412171244621277
1696958235008659500,46.220659423828124,-1.0489120483398438,0.25337469577789307,-0.14450037479400635
1696958235018673000,46.2306728515625,-0.7644081115722656,0.09672379493713379,0.11916694045066833
1696958235028686300,46.240686279296874,-0.4659757614135742,-0.1773676872253418,0.2178051471710205
1696958235038699800,46.25069970703125,-0.3022899627685547,-0.10907220840454102,0.4178834855556488
1696958235048713200,46.26071313476562,0.6065797805786133,0.014418840408325195,0.12598755955696106
1696958235058726700,46.2707265625,1.1547746658325195,0.30601704120635986,0.5226484537124634
1696958235068740000,46.28073999023437,-0.17166423797607422,-0.37595582008361816,-0.04430198669433594
1696958235078753500,46.29075341796875,0.7795934677124023,0.7787872552871704,0.71346515417099
1696958235088767000,46.30076708984375,1.6332416534423828,-0.004002928733825684,0.5563164949417114
1696958235098780400,46.310780517578124,-0.8990678787231445,-0.0034941434860229492,0.8108395934104919
1696958235108793900,46.3207939453125,2.357177734375,-0.11550426483154297,0.5172336101531982
1696958235118807300,46.33080737304687,-0.8310995101928711,0.3051954507827759,0.24507835507392883
1696958235128820700,46.34082080078125,0.7281398773193359,0.3529236316680908,0.26675575971603394
1696958235138834200,46.35083422851562,-0.1907024383544922,-0.1891615390777588,-0.057030171155929565
1696958235148847600,46.36084765625,-1.1417217254638672,0.1492398977279663,-0.09338665008544922
1696958235158861000,46.37086108398437,-0.29268360137939453,-0.4902994632720947,-0.5328530073165894
1696958235168874500,46.38087451171875,-2.3468642234802246,0.23720121383666992,-0.5326066017150879
1696958235178888000,46.39088793945312,1.1859350204467773,-0.5523525476455688,-0.7842446565628052
1696958235188901400,46.4009013671875,-1.35394287109375,0.11798202991485596,-0.49455225467681885
1696958235198914800,46.41091479492187,0.9050636291503906,-0.47366833686828613,-0.4201953709125519
1696958235208928300,46.42092822265625,-0.2912273406982422,-0.6207443475723267,0.04586431384086609
1696958235218941700,46.43094165039062,0.9948539733886719,0.6879279613494873,-0.36432531476020813
1696958235228955100,46.440955078125,0.1376333236694336,2.134204864501953,0.04445520043373108
1696958235238968600,46.45096850585937,1.527207374572754,0.047733426094055176,0.21131542325019836
1696958235248982000,46.46098193359375,0.4149761199951172,-1.1928730010986328,0.7853741645812988
1696958235258995500,46.47099536132812,-1.0299386978149414,0.1732316017150879,0.8084143400192261
1696958235269009000,46.4810087890625,2.0021286010742188,1.2722769975662231,-0.46352362632751465
1696958235279022300,46.49102221679688,-2.3566837310791016,0.4436544179916382,-0.5439528822898865
1696958235289035800,46.50103588867187,0.7977666854858398,-0.9371463656425476,-0.04056134819984436
1696958235299049200,46.51104931640625,-2.549406051635742,0.28244638442993164,-0.23899012804031372
1696958235309062700,46.52106274414062,-0.9284076690673828,-0.28178322315216064,-0.4288070797920227
1696958235319075800,46.53107592773438,0.34069156646728516,-0.03420877456665039,0.26527729630470276
1696958235329089300,46.54108935546875,-1.289738655090332,-1.004876971244812,0.37530118227005005
1696958235339102700,46.55110278320313,-0.780024528503418,-0.829913854598999,-0.02605453133583069
1696958235349116200,46.5611162109375,0.38837623596191406,0.8744159936904907,-1.160112977027893
1696958235359129600,46.57112963867188,-0.9550485610961914,1.0098416805267334,0.29001596570014954
1696958235369143000,46.58114306640625,2.3257369995117188,-0.607300877571106,0.7400166988372803
1696958235379156500,46.59115649414063,-1.7033147811889648,-0.276542067527771,-0.09334529936313629
1696958235389170000,46.601169921875,0.9053020477294922,0.2570183277130127,-0.47907060384750366
1696958235399183400,46.61118334960938,1.305201530456543,1.1166402101516724,-0.3338852524757385
1696958235409196800,46.62119677734375,-1.1352462768554688,-0.5676723718643188,0.47381123900413513
1696958235419210200,46.631210205078126,1.4434757232666016,0.10779035091400146,0.9015458226203918
1696958235429223700,46.6412236328125,0.8523826599121094,0.7442741394042969,0.1385393738746643
1696958235439237000,46.651237060546876,0.48224544525146484,0.8870352506637573,1.0087265968322754
1696958235449250600,46.66125048828125,2.03399658203125,-0.8888137340545654,0.5514494180679321
1696958235459264000,46.671263916015626,-0.8001422882080078,-0.21040713787078857,0.059401363134384155
1696958235469277400,46.68127734375,0.32956981658935547,0.15829098224639893,0.24887147545814514
1696958235479291000,46.691290771484375,-0.07256793975830078,0.8630760908126831,0.6113147735595703
1696958235489304300,46.70130419921875,0.27630138397216797,-0.3864189386367798,-0.3641459345817566
1696958235499317800,46.71131787109375,-1.1767911911010742,0.06414389610290527,-0.5446087121963501
1696958235509331200,46.721331298828126,-0.9350652694702148,-0.011140823364257812,-0.619926929473877
1696958235519344600,46.7313447265625,1.677042007446289,0.26688408851623535,-0.8553350567817688
1696958235529358000,46.741358154296876,-3.0817360877990723,-0.7307999134063721,-0.5990261435508728
1696958235539371500,46.75137158203125,1.069291114807129,-0.18802785873413086,-0.3129645586013794
1696958235549385000,46.761385009765625,-1.3169927597045898,0.7273344993591309,-0.14486175775527954
1696958235559398400,46.7713984375,0.9989833831787109,0.21738457679748535,-0.2663191556930542
1696958235569411800,46.781411865234375,-1.0050945281982422,0.04380154609680176,-0.12924444675445557
1696958235579425300,46.79142529296875,0.42138195037841797,-0.14995431900024414,0.5027545094490051
1696958235589438700,46.801438720703125,0.8125905990600586,0.6643173694610596,0.10141381621360779
1696958235599452200,46.8114521484375,0.4759521484375,-0.14457011222839355,0.006335318088531494
1696958235609465600,46.821465576171875,-1.3075437545776367,0.23127305507659912,-0.17011329531669617
1696958235619479000,46.83147900390625,1.4669990539550781,-0.2295525074005127,-0.27620190382003784
1696958235629492500,46.841492431640624,-1.2984256744384766,0.3305985927581787,-0.5982237458229065
1696958235639506000,46.851505859375,0.5727596282958984,-0.33428263664245605,-0.2767835259437561
1696958235649519400,46.861519287109374,-0.17852210998535156,0.15486741065979004,-0.3745303750038147
1696958235659532800,46.87153271484375,-0.5942325592041016,-0.3199530839920044,-0.11284220218658447
1696958235669546200,46.881546142578124,0.22462081909179688,0.01862156391143799,-0.144819974899292
1696958235679559700,46.8915595703125,0.16169452667236328,-0.3811439275741577,-0.5883632302284241
1696958235689573000,46.90157299804687,-0.20180034637451172,0.340961217880249,-0.09158134460449219
1696958235699586600,46.911586669921874,0.1522083282470703,0.5089975595474243,0.4511355459690094
1696958235709600000,46.92160009765625,-0.07292842864990234,-0.06954503059387207,0.3024129271507263
1696958235719613400,46.931613525390624,0.4001121520996094,-0.18733394145965576,-0.18361124396324158
1696958235729627000,46.941626953125,-0.9869518280029297,-0.3001534938812256,0.01684698462486267
1696958235739640300,46.951640380859374,1.0367326736450195,0.6633058786392212,-0.16426824033260345
1696958235749653800,46.96165380859375,-0.39493560791015625,-0.6421098709106445,-0.39652785658836365
1696958235759667200,46.97166723632812,0.06459331512451172,-0.3329315185546875,-0.0890490710735321
1696958235769680600,46.9816806640625,0.18372535705566406,-0.08248782157897949,-0.3551291525363922
1696958235779694000,46.99169409179687,0.3695840835571289,0.453335165977478,-0.1864604502916336
1696958235789707500,47.00170751953125,0.16295146942138672,-0.5737383365631104,-0.3336418569087982
1696958235799721000,47.01172094726562,-0.3630380630493164,-0.3154289722442627,0.017626464366912842
1696958235809734400,47.021734375,0.8419523239135742,0.06493973731994629,0.27425602078437805
1696958235819747800,47.03174780273437,0.5150556564331055,0.01423954963684082,-0.2700817883014679
1696958235829761300,47.04176123046875,0.5518608093261719,-0.008698701858520508,-0.27377229928970337
1696958235839774700,47.05177465820312,-0.5819501876831055,-0.4120217561721802,-0.24714413285255432
1696958235849788200,47.0617880859375,-0.39426708221435547,0.44511330127716064,-0.573940098285675
1696958235859801600,47.07180151367187,0.12770366668701172,-0.7228254079818726,-1.0066570043563843
1696958235869815000,47.08181494140625,-0.13050270080566406,-0.16305744647979736,-0.7661813497543335
1696958235879828500,47.09182836914062,-0.2686166763305664,0.1761155128479004,-0.5282424688339233
1696958235889842000,47.10184204101562,-0.7027502059936523,0.03175806999206543,-0.5990136861801147
1696958235899855400,47.11185546875,0.41741466522216797,0.12693548202514648,-0.2756279408931732
1696958235909868800,47.12186889648437,-1.0028018951416016,-1.1841800212860107,-0.23710401356220245
1696958235919882200,47.13188232421875,-0.2404651641845703,0.6069244146347046,0.21000921726226807
1696958235929895700,47.14189575195312,1.4040842056274414,0.31834089756011963,-0.4477768540382385
1696958235939909000,47.1519091796875,-1.6242609024047852,0.20107924938201904,0.07789307832717896
1696958235949922600,47.16192260742187,0.6205310821533203,-0.38258397579193115,-0.19423037767410278
1696958235959936000,47.17193603515625,-1.1489906311035156,0.17925560474395752,-0.5471905469894409
1696958235969949400,47.18194946289063,0.19610309600830078,0.09849143028259277,-0.6960671544075012
1696958235979963400,47.19196337890625,-0.8076934814453125,-0.28178465366363525,-0.2532406747341156
1696958235989977300,47.201977294921875,0.1351165771484375,0.06859874725341797,-0.15388885140419006
1696958235999990800,47.21199072265625,-0.09926700592041016,-0.5686185359954834,-0.6530980467796326
1696958236010004200,47.222004150390624,-0.07550430297851562,0.19140911102294922,-0.333794504404068
1696958236020017700,47.232017578125,-0.1422138214111328,-0.21982622146606445,-0.520746648311615
1696958236030031000,47.242031005859374,-0.18031787872314453,0.14642751216888428,-0.030508041381835938
1696958236040044500,47.25204443359375,0.4891366958618164,-0.38354527950286865,-0.1519334614276886
1696958236050058000,47.26205810546875,-0.5109090805053711,0.11527156829833984,0.3230475187301636
1696958236060071400,47.272071533203125,2.3000869750976562,0.027005672454833984,0.07726514339447021
1696958236070084900,47.2820849609375,-0.8357114791870117,-0.5051683187484741,-0.16582611203193665
1696958236080098300,47.292098388671874,0.6904802322387695,0.4795323610305786,0.3526429831981659
1696958236090111700,47.30211181640625,1.4581823348999023,-0.23422527313232422,0.4012906849384308
1696958236100125200,47.312125244140624,-0.25180816650390625,-0.1610335111618042,0.10882237553596497
1696958236110138600,47.322138671875,1.277897834777832,0.28527939319610596,0.4005245268344879
1696958236120152000,47.332152099609374,-0.16864013671875,0.06419575214385986,0.37663140892982483
1696958236130165500,47.34216552734375,0.7537078857421875,-0.4643625020980835,-0.12026938796043396
1696958236140179000,47.352178955078124,-1.1644315719604492,-0.19715380668640137,0.045572757720947266
1696958236150192400,47.3621923828125,1.3899784088134766,0.6904373168945312,-0.1513328105211258
1696958236160205800,47.37220581054687,-0.6012821197509766,-0.5665051937103271,-0.7148951292037964
1696958236170219300,47.38221923828125,-1.2499284744262695,-0.04212296009063721,0.1212817132472992
1696958236180232700,47.39223266601562,1.0662050247192383,-0.39131665229797363,-0.7364033460617065
1696958236190246100,47.40224609375,-2.166755199432373,0.37688112258911133,-0.5920203328132629
1696958236200259600,47.41225952148437,1.4608564376831055,-0.633879542350769,-0.38127267360687256
1696958236210273000,47.42227294921875,-1.744002342224121,-0.18911373615264893,-0.6508215665817261
1696958236220286500,47.43228637695312,1.43792724609375,0.22732782363891602,-0.345333069562912
1696958236230300200,47.44230004882812,-0.8443145751953125,-0.40665698051452637,-0.521367073059082
1696958236240313300,47.45231323242187,-0.16406726837158203,0.2632942199707031,-0.13709181547164917
1696958236250326500,47.46232641601563,0.7498664855957031,-0.3017991781234741,-0.005791082978248596
1696958236260339700,47.47233959960938,-1.565140724182129,0.09153592586517334,-0.267930805683136
1696958236270353000,47.482352783203126,1.884507179260254,0.2055724859237671,-0.35470858216285706
1696958236280366300,47.49236645507813,-1.1112937927246094,-0.31533873081207275,-0.07715991139411926
1696958236290379500,47.502379638671876,0.2530651092529297,0.06639242172241211,-0.2299327850341797
1696958236300392700,47.512392822265625,0.08563995361328125,-0.2967867851257324,-0.755618691444397
1696958236310406100,47.52240625,-1.3244171142578125,0.16885459423065186,-0.20424890518188477
1696958236320419600,47.532419677734374,2.162759780883789,-0.3959207534790039,-0.5357367992401123
1696958236330432800,47.54243286132812,-1.6940727233886719,0.2662224769592285,-0.650560736656189
1696958236340446500,47.552446533203124,1.0434503555297852,-0.31446337699890137,-0.3323524594306946
1696958236350460000,47.5624599609375,0.24799442291259766,0.2610435485839844,-0.16968613862991333
1696958236360473300,47.572473388671874,-0.7896461486816406,-0.5516035556793213,-0.5544136166572571
1696958236370487000,47.582487060546875,-0.013347625732421875,0.5727361440658569,0.13061434030532837
1696958236380500500,47.59250048828125,1.081303596496582,-0.05575978755950928,0.1837645173072815
1696958236390514200,47.60251416015625,-1.6931037902832031,-0.3526332378387451,-0.051361531019210815
1696958236400527600,47.612527587890625,1.0684776306152344,0.2810603380203247,0.5604903101921082
1696958236410541000,47.622541015625,-0.3628053665161133,0.09585428237915039,-0.18886417150497437
1696958236420554800,47.6325546875,-0.24739456176757812,0.25530898571014404,0.11529147624969482
1696958236430568200,47.642568115234376,0.2598447799682617,-0.7830840349197388,-0.17980459332466125
1696958236440582000,47.652581787109376,-0.19474315643310547,0.5234272480010986,0.44959959387779236
1696958236450595300,47.66259521484375,0.9955959320068359,-0.462130069732666,-0.4468357563018799
1696958236460608800,47.67260888671875,-1.5777692794799805,0.08226633071899414,0.28006118535995483
1696958236470622500,47.68262255859375,1.9671030044555664,0.4001767635345459,0.16774198412895203
1696958236480636000,47.69263598632813,-0.6228055953979492,0.10838067531585693,0.1749163568019867
1696958236490649300,47.7026494140625,-0.010018348693847656,-0.2080310583114624,0.09196093678474426
1696958236500662800,47.71266284179688,0.7932024002075195,-0.1392742395401001,-0.42037633061408997
1696958236510676200,47.72267626953125,-1.1586179733276367,0.7796710729598999,0.24058812856674194
1696958236520689700,47.73268969726563,1.3626508712768555,-0.3830634355545044,-0.26821333169937134
1696958236530703000,47.742703125,-1.1111869812011719,-0.2267996072769165,-0.038024649024009705
1696958236540716500,47.75271655273438,1.2521982192993164,-0.05711042881011963,-0.06761877238750458
1696958236550730000,47.76272998046875,-1.8519353866577148,0.3492358922958374,0.13526374101638794
1696958236560743400,47.77274340820313,1.115006446838379,-0.2007160186767578,-0.0950663685798645
1696958236570756900,47.7827568359375,-1.085245132446289,-0.4327414035797119,-0.27116256952285767
1696958236580770300,47.792770263671876,-0.6912422180175781,0.7828042507171631,-0.3410928249359131
1696958236590783700,47.80278369140625,1.1843833923339844,-0.2898683547973633,-0.29343172907829285
1696958236600797200,47.812797119140626,-2.4219770431518555,-0.21154356002807617,-0.29157206416130066
1696958236610810600,47.822810546875,1.5363473892211914,0.0369410514831543,0.02998068928718567
1696958236620824000,47.832823974609376,-1.8698735237121582,0.4509514570236206,-0.2918488383293152
1696958236630837500,47.84283740234375,1.0210456848144531,-0.3750879764556885,-0.4001729488372803
1696958236640851000,47.852850830078125,-0.7636432647705078,0.35920774936676025,0.027518242597579956
1696958236650864400,47.862864501953126,-0.3175621032714844,-0.6865439414978027,-0.26692065596580505
1696958236660877800,47.8728779296875,-1.1768379211425781,0.9823952913284302,-0.06320010125637054
1696958236670891300,47.882891357421876,3.1316347122192383,-0.20744633674621582,-0.06780160963535309
1696958236680904700,47.89290478515625,-3.0070066452026367,0.1322704553604126,0.07117262482643127
1696958236690918100,47.902918212890626,2.5285959243774414,0.22280466556549072,0.18441462516784668
1696958236700931600,47.912931640625,-0.6977367401123047,0.3379783630371094,0.3632878065109253
1696958236710945000,47.922945068359375,-0.9552793502807617,-0.4702267646789551,0.38016626238822937
1696958236720958500,47.93295849609375,2.3210506439208984,0.5642068386077881,0.2984585464000702
1696958236730972000,47.942971923828125,-1.5369949340820312,0.0019745826721191406,0.10139355063438416
1696958236740985300,47.9529853515625,1.9215641021728516,-0.11506116390228271,-0.21711210906505585
1696958236750998800,47.962998779296875,-0.568171501159668,-0.07292389869689941,0.22344473004341125
1696958236761012200,47.97301220703125,0.15438556671142578,0.37020063400268555,0.345227986574173
1696958236771025700,47.983025634765625,-0.34792327880859375,0.010820746421813965,-0.09002041816711426
1696958236781039000,47.9930390625,-0.027207374572753906,-0.13459956645965576,0.4166339635848999
1696958236791052500,48.003052490234374,1.1770429611206055,0.033265113830566406,0.14190325140953064
1696958236801066000,48.01306591796875,-1.4306716918945312,0.04372453689575195,-0.40856701135635376
1696958236811079400,48.023079345703124,1.5307903289794922,0.28531742095947266,0.3027200698852539
1696958236821092900,48.0330927734375,-1.1729793548583984,-0.08550870418548584,-0.13407906889915466
1696958236831106300,48.043106201171874,-0.6546125411987305,-0.4240504503250122,-0.08018620312213898
1696958236841119700,48.05311962890625,1.3208379745483398,0.09724032878875732,-0.06607387959957123
1696958236851133200,48.06313330078125,-1.310826301574707,-0.06638693809509277,-0.21732699871063232
1696958236861146600,48.073146728515624,1.2247772216796875,0.15313720703125,-0.41782212257385254
1696958236871160000,48.08316015625,0.11835956573486328,-0.5881530046463013,-0.3484923243522644
1696958236881173500,48.093173583984374,-0.3650064468383789,0.2576841115951538,-0.5060641765594482
1696958236891187000,48.10318701171875,0.6063594818115234,-0.7013123035430908,-0.3136102855205536
1696958236901200400,48.113200439453124,-0.8001480102539062,0.5575698614120483,-0.06693825125694275
1696958236911213800,48.1232138671875,1.3762741088867188,-0.6434118747711182,-0.1183760017156601
1696958236921227300,48.13322729492187,-0.9828929901123047,0.26396000385284424,0.05751222372055054
1696958236931240700,48.14324072265625,2.0109024047851562,-0.504001259803772,-0.5097304582595825
1696958236941254100,48.15325415039062,-1.8691530227661133,0.495169997215271,-0.26999717950820923
1696958236951267600,48.163267578125,0.9640340805053711,-0.4850865602493286,0.001173645257949829
1696958236961281000,48.17328100585937,-0.5763654708862305,-0.20915234088897705,-0.01974758505821228
1696958236971294500,48.18329443359375,-0.5992937088012695,-0.061161160469055176,-0.11706720292568207
1696958236981308000,48.19330786132812,1.0656518936157227,-0.05026400089263916,-0.275402307510376
1696958236991321300,48.2033212890625,-0.7385940551757812,-0.4229447841644287,0.4861075282096863
1696958237001334800,48.21333471679687,0.37185096740722656,-0.17323756217956543,-0.1891254186630249
1696958237011348200,48.22334814453125,-0.9621963500976562,0.43240833282470703,-0.20779237151145935
1696958237021361700,48.23336157226562,0.14399242401123047,-0.04495346546173096,0.03937920928001404
1696958237031375000,48.243375,-0.023469924926757812,-0.4334501028060913,0.38938117027282715
1696958237041388500,48.25338842773437,-0.3437671661376953,-0.43574750423431396,0.3926435708999634
1696958237051402000,48.26340209960937,0.2066640853881836,0.18613147735595703,-0.01620006561279297
1696958237061415400,48.27341552734375,1.1187925338745117,0.057608604431152344,0.15184712409973145
1696958237071428900,48.28342895507812,-1.0152387619018555,-0.23576176166534424,0.324577271938324
1696958237081442300,48.2934423828125,1.524388313293457,-0.36044085025787354,0.2649518847465515
1696958237091455700,48.30345581054687,-0.39531421661376953,-0.11555922031402588,-0.1474405825138092
1696958237101469200,48.31346923828125,-1.4843854904174805,-0.13995420932769775,0.5102360248565674
1696958237111482600,48.32348266601562,1.9840736389160156,-0.16462743282318115,-0.23432718217372894
1696958237121496000,48.33349609375,-1.4853639602661133,-0.24716627597808838,0.17891648411750793
1696958237131509500,48.34350952148438,0.6398830413818359,-0.25379931926727295,0.17088796198368073
1696958237141523000,48.35352294921875,0.017164230346679688,0.1465284824371338,-0.2516579329967499
1696958237151536400,48.36353637695313,-0.5659255981445312,-0.3262850046157837,0.051453977823257446
1696958237161549800,48.3735498046875,-0.27304649353027344,-0.4882463216781616,0.007706165313720703
1696958237171563300,48.38356323242188,-0.17680835723876953,-0.4007660150527954,-0.46568751335144043
1696958237181576700,48.39357666015625,-0.12374687194824219,0.18777143955230713,-0.40318387746810913
1696958237191590100,48.40359008789063,1.4965839385986328,-0.27061688899993896,0.1114015281200409
1696958237201603600,48.413603515625,-0.7098617553710938,-0.7891415357589722,0.0002499818801879883
1696958237211617000,48.42361694335938,-0.20657920837402344,-0.5272194147109985,-0.37974101305007935
1696958237221630500,48.43363037109375,2.1694154739379883,0.031193256378173828,-0.33904677629470825
1696958237231644000,48.44364379882813,-1.9645161628723145,-0.7469737529754639,-0.23500551283359528
1696958237241657300,48.4536572265625,2.1307430267333984,-0.28236305713653564,0.04104110598564148
1696958237251670500,48.46367041015625,0.7072610855102539,-0.05679631233215332,-0.4003855288028717
1696958237261684000,48.47368408203125,-2.0138421058654785,-0.6001654863357544,-0.05355527997016907
1696958237271697400,48.483697509765626,2.6986236572265625,-0.46120309829711914,-0.024483710527420044
1696958237281710800,48.4937109375,-1.5459327697753906,0.28666067123413086,0.2630062699317932
1696958237291724300,48.503724365234376,0.3116493225097656,-0.6467628479003906,-0.056710824370384216
1696958237301737700,48.51373779296875,0.8899354934692383,0.4190305471420288,0.2965722680091858
1696958237311751200,48.523751220703126,-1.4824438095092773,0.2591768503189087,0.23973043262958527
1696958237321764600,48.5337646484375,-0.7048158645629883,-0.8250312805175781,-0.04271143674850464
1696958237331778000,48.543778076171876,-0.1483755111694336,0.0829845666885376,0.21774952113628387
1696958237341791500,48.55379150390625,-1.3235759735107422,0.21153438091278076,0.5794093012809753
1696958237351805000,48.563804931640625,0.5860023498535156,0.21963489055633545,0.26979535818099976
1696958237361818400,48.573818359375,-0.1941976547241211,-0.3613218069076538,-0.006630554795265198
1696958237371831800,48.583831787109375,-2.2395153045654297,-0.5482223033905029,0.3411633372306824
1696958237381845200,48.59384521484375,1.684255599975586,0.20770478248596191,0.6868003606796265
1696958237391858700,48.603858642578125,-0.2552833557128906,0.22945094108581543,0.3908270597457886
1696958237401872100,48.6138720703125,-1.6891145706176758,-0.7688671350479126,0.42514875531196594
1696958237411885600,48.623885498046874,1.5931110382080078,-0.10507059097290039,0.7621340751647949
1696958237421899000,48.63389892578125,0.13141155242919922,0.34972572326660156,0.19429895281791687
1696958237431912400,48.643912353515624,-1.0116653442382812,-0.7176746129989624,-0.0702618658542633
1696958237441926000,48.65392578125,0.6390924453735352,-0.43965208530426025,0.25686120986938477
1696958237451939300,48.663939208984374,0.5802116394042969,0.03862500190734863,0.08053168654441833
1696958237461952800,48.673952880859375,-1.2378768920898438,-0.3915674686431885,0.05793459713459015
1696958237471966200,48.68396630859375,2.7935523986816406,-0.45034170150756836,0.4856150150299072
1696958237481979600,48.693979736328124,-1.2417755126953125,-0.2988767623901367,0.5122247934341431
1696958237491993000,48.7039931640625,-0.2263202667236328,-0.22073829174041748,0.10904620587825775
1696958237502006500,48.714006591796874,2.0156030654907227,-0.6271448135375977,-0.12183550000190735
1696958237512020000,48.72402001953125,-1.5255565643310547,-0.1978524923324585,-0.10875813663005829
1696958237522033400,48.734033447265624,0.06900596618652344,-0.3454113006591797,-0.4976956248283386
1696958237532046800,48.744046875,1.3068408966064453,-0.05502140522003174,-0.34390926361083984
1696958237542060300,48.75406030273437,-1.4919376373291016,-0.5673656463623047,-0.4841769337654114
1696958237552073700,48.76407373046875,-1.8087129592895508,-0.3625262975692749,0.12791937589645386
1696958237562087200,48.77408715820312,2.893448829650879,-0.33203208446502686,-0.09769632667303085
1696958237572100600,48.7841005859375,-2.073681354522705,-0.19312036037445068,0.06791186332702637
1696958237582114000,48.79411401367187,1.1230735778808594,-0.4964172840118408,-0.23549391329288483
1696958237592127500,48.80412744140625,-0.1979837417602539,-0.5781015157699585,-0.05636587738990784
1696958237602141000,48.81414086914062,0.6431589126586914,0.029957890510559082,-0.03176330029964447
1696958237612154400,48.824154296875,0.6468391418457031,-0.4237966537475586,-0.16396746039390564
1696958237622167800,48.83416772460937,-1.4196100234985352,-0.46296799182891846,0.5521107912063599
1696958237632181200,48.84418115234375,3.568476676940918,-0.22796368598937988,0.8603179454803467
1696958237642194700,48.85419458007812,-1.4865808486938477,-0.007463693618774414,-0.05466140806674957
1696958237652208000,48.8642080078125,1.0491600036621094,-0.17266476154327393,-0.020745858550071716
1696958237662221600,48.8742216796875,2.2800979614257812,-0.0337599515914917,-0.04895992577075958
1696958237672235000,48.88423510742187,-2.9347972869873047,-0.8741505146026611,-0.7259762287139893
1696958237682248400,48.89424853515625,1.640594482421875,-0.7134487628936768,-0.33825594186782837
1696958237692262000,48.90426196289062,2.468729019165039,0.3873859643936157,0.6516987085342407
1696958237702275300,48.914275390625,-1.1264925003051758,-0.3538905382156372,0.4628939628601074
1696958237712288800,48.92428881835937,0.9403095245361328,-0.9460289478302002,0.5195302963256836
1696958237722302200,48.93430224609375,1.1630678176879883,-0.1402066946029663,0.5233108997344971
1696958237732315600,48.94431567382812,-1.5065288543701172,-0.010509371757507324,0.24390652775764465
1696958237742329000,48.9543291015625,1.0536823272705078,-0.4575415849685669,-0.03644903004169464
1696958237752342500,48.96434252929687,-0.5780754089355469,-0.44625425338745117,0.3792060911655426
1696958237762356000,48.97435595703125,0.05398368835449219,-0.2090015411376953,0.4009886384010315
1696958237772369400,48.98436938476563,-2.0007505416870117,0.22752821445465088,0.21239346265792847
1696958237782382800,48.9943828125,-0.2088489532470703,-0.658118486404419,0.6028167009353638
1696958237792396300,49.00439624023438,-1.5028419494628906,-0.6715593338012695,-0.0021603256464004517
1696958237802409700,49.01440966796875,-2.7707056999206543,0.3802196979522705,-0.32755276560783386
1696958237812423200,49.02442309570313,1.4895572662353516,-0.32326388359069824,0.0966770201921463
1696958237822436600,49.0344365234375,-1.2905807495117188,-0.5867747068405151,-0.008452162146568298
1696958237832450000,49.04444995117188,-0.19793987274169922,-0.5455367565155029,-0.5481144189834595
1696958237842463500,49.05446337890625,-0.8042659759521484,-0.16685259342193604,0.04210333526134491
1696958237852477000,49.06447680664063,0.9706821441650391,-0.32333648204803467,0.47539496421813965
1696958237862490400,49.07449047851563,-1.0768699645996094,-0.7214797735214233,-0.09460362792015076
1696958237872503800,49.08450390625,-0.37197303771972656,-0.14830124378204346,-0.4630207419395447
1696958237882517200,49.09451733398438,2.076080322265625,-0.26420867443084717,0.4800816476345062
1696958237892531000,49.10453100585938,0.23592567443847656,-0.21680831909179688,0.10923051834106445
1696958237902544400,49.11454443359375,-0.6152410507202148,-0.6280019283294678,-0.14877858757972717
1696958237912557800,49.12455786132813,0.9536914825439453,-0.24269521236419678,0.5420656204223633
1696958237922571300,49.1345712890625,1.472764015197754,-0.27067887783050537,0.5030400156974792
1696958237932584700,49.14458471679688,-2.1725902557373047,0.4044363498687744,0.3209506869316101
1696958237942598400,49.15459838867187,2.8170528411865234,-0.6650298833847046,0.808472752571106
1696958237952611800,49.16461181640625,-0.9934520721435547,-0.62154221534729,0.3570590019226074
1696958237962625300,49.17462524414063,0.590449333190918,-0.023682713508605957,0.17848840355873108
1696958237972638700,49.184638671875,-0.5718994140625,-0.3766765594482422,-0.33456653356552124
1696958237982652200,49.19465209960938,-0.09278583526611328,-0.3497004508972168,0.6393616795539856
1696958237992665900,49.20466577148437,2.966440200805664,-0.8115869760513306,0.6915667057037354
1696958238002679300,49.21467919921875,-2.503047466278076,-0.15799248218536377,0.21517585217952728
1696958238012692700,49.22469262695312,2.157459259033203,0.1903780698776245,0.4827098250389099
1696958238022706200,49.2347060546875,0.9535017013549805,-0.5446399450302124,0.5156591534614563
1696958238032719600,49.2447197265625,-2.499396800994873,-0.6093853712081909,0.27999287843704224
1696958238042733300,49.2547333984375,2.3287534713745117,0.02362382411956787,0.5186248421669006
1696958238052746800,49.26474682617187,1.5875844955444336,0.10869336128234863,-0.09155212342739105
1696958238062760200,49.27476025390625,-2.3062963485717773,-0.5855915546417236,0.0068935006856918335
1696958238072773600,49.28477368164062,0.8868064880371094,-0.2519407272338867,0.9796271920204163
1696958238082787000,49.294787109375,0.6078605651855469,0.0164334774017334,0.5038983225822449
1696958238092800800,49.30480078125,-0.2921733856201172,-0.18364965915679932,0.07668296992778778
1696958238102814200,49.31481420898437,-0.18137168884277344,-0.8011852502822876,-0.20911885797977448
1696958238112827600,49.32482763671875,-1.2180042266845703,0.30084168910980225,0.5536676645278931
1696958238122841000,49.33484106445312,2.134871482849121,-0.24323272705078125,-0.16215436160564423
1696958238132854500,49.3448544921875,-2.285768508911133,-0.38999640941619873,-0.7636038661003113
1696958238142868000,49.35486791992187,0.185150146484375,-0.2523624897003174,0.21088352799415588
1696958238152881400,49.36488134765625,1.685685157775879,-0.27425527572631836,0.49754005670547485
1696958238162894800,49.37489477539062,-2.0749731063842773,-0.39621567726135254,-0.14044317603111267
1696958238172908300,49.384908203125,-0.08205604553222656,-0.25357580184936523,-0.2612088918685913
1696958238182921700,49.39492163085937,-0.6122894287109375,-0.08055746555328369,0.5586129426956177
1696958238192935200,49.40493505859375,0.5215549468994141,-0.45504331588745117,0.4362945556640625
1696958238202948600,49.41494848632812,-1.864330768585205,-0.2783886194229126,-0.0607636421918869
1696958238212962000,49.42496215820312,0.12296676635742188,-0.5731278657913208,0.27752992510795593
1696958238222975500,49.4349755859375,1.2030649185180664,-0.3934919834136963,0.31691408157348633
1696958238232989000,49.44498901367187,-1.9446306228637695,-0.6062668561935425,0.22396405041217804
1696958238243002400,49.45500244140625,0.21051025390625,-0.7368651628494263,-0.27594470977783203
1696958238253015800,49.46501586914062,0.5973472595214844,-0.40721654891967773,0.3493121266365051
1696958238263029200,49.475029296875,0.777613639831543,-0.3116123676300049,0.49015140533447266
1696958238273042700,49.48504272460937,0.23575305938720703,-0.3836132287979126,0.34638112783432007
1696958238283056000,49.49505615234375,0.8611717224121094,-0.3540623188018799,0.16579635441303253
1696958238293069600,49.50506958007813,0.5821733474731445,0.22719085216522217,0.45612257719039917
1696958238303083000,49.5150830078125,0.7241058349609375,-0.5190474987030029,0.12995600700378418
1696958238313096400,49.52509643554688,-0.16645336151123047,-0.6913232803344727,0.19807182252407074
1696958238323110000,49.53510986328125,1.7598943710327148,0.27577006816864014,0.4411577582359314
1696958238333123300,49.54512329101563,-0.34182167053222656,-0.16111373901367188,-0.22642068564891815
1696958238343136800,49.55513671875,-2.0569510459899902,-0.9454374313354492,0.548371434211731
1696958238353150200,49.56515014648438,3.2339916229248047,-0.28138697147369385,0.8312169313430786
1696958238363163600,49.57516357421875,-1.5430688858032227,-0.09398460388183594,-0.07091748714447021
1696958238373177000,49.58517700195313,0.5634965896606445,-0.20713627338409424,0.23556262254714966
1696958238383190500,49.5951904296875,0.5528163909912109,-0.8357617855072021,0.46270689368247986
1696958238393204000,49.60520385742188,-0.31824779510498047,-0.16098332405090332,0.5253616571426392
1696958238403217400,49.61521752929688,0.8536014556884766,0.1384516954421997,0.08588194847106934
1696958238413230800,49.62523095703125,-1.012063980102539,-0.6050877571105957,0.4879409074783325
1696958238423244300,49.63524438476563,-0.16385173797607422,-0.602540135383606,0.6903842687606812
1696958238433257700,49.6452578125,1.5237674713134766,0.40463316440582275,0.17137348651885986
1696958238443271200,49.65527124023438,-2.4033026695251465,-0.2491915225982666,-0.7824258208274841
1696958238453284600,49.66528466796875,-0.20907211303710938,-0.3011077642440796,0.07403455674648285
1696958238463298000,49.67529809570313,0.17911624908447266,-0.6827573776245117,0.2511020600795746
1696958238473311500,49.6853115234375,-1.8143930435180664,-0.1487751007080078,-0.6140730381011963
1696958238483325000,49.69532495117188,0.49359703063964844,-0.15282142162322998,-0.4989907443523407
1696958238493338400,49.70533837890625,-0.8741884231567383,-0.37295377254486084,0.8341423273086548
1696958238503351800,49.715351806640626,0.8386545181274414,-0.661948561668396,0.3313717842102051
1696958238513365200,49.725365234375,-1.600569725036621,-0.16967105865478516,-0.7431864142417908
1696958238523378700,49.735378662109376,0.5727977752685547,-0.24681615829467773,0.5098727941513062
1696958238533392100,49.74539208984375,0.8869552612304688,0.10571014881134033,0.39500892162323
1696958238543405600,49.755405517578126,-0.6494522094726562,-0.6102052927017212,0.059358030557632446
1696958238553419000,49.7654189453125,-0.16055965423583984,-0.13874471187591553,0.12605375051498413
1696958238563432400,49.775432373046876,0.704768180847168,-0.05683112144470215,0.537922203540802
1696958238573445600,49.785445556640624,0.09598636627197266,-0.6151617765426636,0.21202760934829712
1696958238583459000,49.795458984375,0.03820037841796875,-0.550320029258728,-0.2019336223602295
1696958238593472500,49.805472412109374,0.3295631408691406,0.029954195022583008,0.3762264549732208
1696958238603486000,49.81548583984375,2.240142822265625,-0.09299159049987793,0.17079022526741028
1696958238613499400,49.82549951171875,-0.9861431121826172,-0.7601979970932007,-0.12975376844406128
1696958238623512800,49.835512939453125,-0.46326351165771484,-0.79203200340271,0.6052707433700562
1696958238633526300,49.8455263671875,2.453451156616211,-0.06270503997802734,0.7593408823013306
1696958238643539700,49.855539794921874,-0.8069334030151367,-0.2274799346923828,-0.20585143566131592
1696958238653553200,49.86555322265625,-0.4560985565185547,-0.22582900524139404,0.6087645292282104
1696958238663566600,49.875566650390624,1.7005748748779297,-0.5289332866668701,0.6011865139007568
1696958238673580000,49.885580078125,-0.3678131103515625,-0.36385226249694824,0.3475029468536377
1696958238683593500,49.895593505859374,-0.2855863571166992,-0.07211363315582275,-0.03981027007102966
1696958238693607000,49.90560693359375,0.37949085235595703,0.07996702194213867,0.40135452151298523
1696958238703620400,49.91562036132812,0.6415891647338867,0.09702897071838379,0.6541801691055298
1696958238713633800,49.9256337890625,-0.19622325897216797,-0.5304689407348633,0.36697980761528015
1696958238723647200,49.93564721679687,-0.6307077407836914,-0.2138209342956543,-0.03147497773170471
1696958238733660700,49.94566064453125,0.10677433013916016,-0.217643141746521,0.3368775248527527
1696958238743674000,49.95567407226562,-0.1275043487548828,-0.24750876426696777,0.09892050921916962
1696958238753687600,49.9656875,-1.6709470748901367,-0.04977238178253174,-0.2449435293674469
1696958238763701000,49.97570092773437,0.8323612213134766,-0.14282691478729248,0.41014859080314636
1696958238773714400,49.98571435546875,0.4098806381225586,-0.445184588432312,0.20528890192508698
1696958238783727900,49.99572778320312,-1.5649890899658203,-0.41930651664733887,-0.362946093082428
1696958238793741300,50.0057412109375,-0.8778696060180664,-0.08650803565979004,0.21912254393100739
1696958238803754800,50.01575463867187,0.5531406402587891,-0.31524455547332764,0.14399108290672302
1696958238813768200,50.02576831054687,-1.1685819625854492,-0.5205330848693848,-0.14413177967071533
1696958238823781600,50.03578173828125,-0.5687170028686523,-0.2239398956298828,-0.06776385009288788
1696958238833795000,50.04579516601562,1.5640640258789062,-0.04581606388092041,0.7058124542236328
1696958238843808500,50.05580859375,0.3079805374145508,-0.5718739032745361,-0.6477258801460266
1696958238853822000,50.06582202148437,-2.483799457550049,-0.22983741760253906,-0.027460545301437378
1696958238863835400,50.07583544921875,2.65924072265625,-0.16181445121765137,0.558661937713623
1696958238873848800,50.08584887695312,-0.3480405807495117,-0.5113979578018188,-0.14057263731956482
1696958238883862300,50.0958623046875,-0.534245491027832,-0.37905406951904297,-0.29682233929634094
1696958238893875700,50.10587573242187,0.8008623123168945,-0.6684483289718628,0.42943722009658813
1696958238903889200,50.11588916015625,0.07682609558105469,-0.13286244869232178,0.43358635902404785
1696958238913902600,50.12590258789062,2.1988534927368164,-0.5805637836456299,-0.019133105874061584
1696958238923916000,50.135916015625,-2.322721481323242,-0.3162175416946411,0.3511544466018677
1696958238933929500,50.14592944335938,3.474822998046875,-0.15023481845855713,0.6830242872238159
1696958238943943000,50.15594287109375,-0.045685768127441406,-0.44820237159729004,0.31553229689598083
1696958238953956400,50.16595629882813,-0.83447265625,-0.4011112451553345,0.005254626274108887
1696958238963969800,50.1759697265625,0.7258358001708984,-0.2642028331756592,0.5657498836517334
1696958238973983200,50.18598315429688,0.3322563171386719,-0.422887921333313,0.08477213978767395
1696958238983996700,50.19599658203125,-0.37086963653564453,-0.16589665412902832,-0.014585316181182861
1696958238994010000,50.20601000976563,-0.5944671630859375,-0.27110064029693604,0.6531919836997986
1696958239004023600,50.2160234375,0.5396537780761719,-0.037386536598205566,0.6418640613555908
1696958239014037000,50.226037109375,-0.5032711029052734,-0.32658863067626953,0.016410842537879944
1696958239024050400,50.23605053710938,-1.9596681594848633,-0.1151425838470459,0.007877111434936523
1696958239034064000,50.24606396484375,0.8550443649291992,-0.3667713403701782,0.32611843943595886
1696958239044077300,50.25607739257813,0.07411479949951172,-0.10037505626678467,0.12254773080348969
1696958239054090800,50.2660908203125,-1.6084747314453125,-0.2899867296218872,-0.24345111846923828
1696958239064104200,50.27610424804688,-0.5343770980834961,0.03917646408081055,0.44123536348342896
1696958239074117600,50.28611767578125,1.158599853515625,0.10653352737426758,0.7195915579795837
1696958239084131000,50.29613110351563,-2.1515817642211914,-1.0205869674682617,-0.22335010766983032
1696958239094144500,50.30614453125,-1.3009204864501953,-0.02843451499938965,-0.09328538179397583
1696958239104158000,50.31615795898438,1.980494499206543,-0.35184359550476074,0.11926634609699249
1696958239114171400,50.32617138671875,-1.2265243530273438,-0.6799355745315552,-0.38479888439178467
1696958239124184800,50.33618481445313,-0.3685169219970703,-0.42509567737579346,-0.27043867111206055
1696958239134198300,50.3461982421875,0.6262598037719727,-0.4466366767883301,0.01337181031703949
1696958239144211700,50.356211669921876,0.5576143264770508,-0.812094509601593,0.04271228611469269
1696958239154225200,50.36622509765625,0.20242786407470703,-0.5028902292251587,-0.47830918431282043
1696958239164238600,50.376238525390626,-0.7635822296142578,-0.7580803632736206,0.2335626631975174
1696958239174252000,50.386251953125,2.382565498352051,-0.47636139392852783,0.13898710906505585
1696958239184265500,50.396265380859376,0.3125429153442383,-0.5987337827682495,-0.2913711667060852
1696958239194279000,50.40627880859375,-0.6301956176757812,-0.7598592042922974,-0.1863093078136444
1696958239204292400,50.416292236328125,2.3823022842407227,-0.7501296997070312,0.460513174533844
1696958239214305800,50.426305908203126,0.22119903564453125,-0.3867607116699219,0.2020760327577591
1696958239224319200,50.4363193359375,0.15365028381347656,-0.49065327644348145,-0.08245749771595001
1696958239234332700,50.446332763671876,0.7792415618896484,-0.15464448928833008,0.18737585842609406
1696958239244346000,50.45634619140625,1.422682762145996,-0.935883641242981,0.3572756350040436
1696958239254359600,50.466359619140626,-1.4146652221679688,-0.8546257019042969,-0.7421424388885498
1696958239264373000,50.476373046875,-0.5223493576049805,-0.5454225540161133,-0.12013757228851318
1696958239274386400,50.486386474609375,0.8364715576171875,-0.24106264114379883,0.23534907400608063
1696958239284399900,50.49639990234375,-0.4461650848388672,-0.7493424415588379,-0.09806293249130249
1696958239294413300,50.506413330078125,-0.9707002639770508,-0.5663084983825684,-0.4222055673599243
1696958239304426800,50.5164267578125,-0.3804187774658203,-0.43641746044158936,0.04825781285762787
1696958239314440200,50.526440185546875,0.4234428405761719,-0.4786694049835205,0.014411404728889465
1696958239324453600,50.53645361328125,-2.048114776611328,-0.21682369709014893,-0.26718640327453613
1696958239334467000,50.546467041015624,0.1691141128540039,-0.4307281970977783,0.17620913684368134
1696958239344480500,50.55648046875,0.5991315841674805,-0.733975887298584,0.4684925377368927
1696958239354494000,50.566493896484374,-1.457768440246582,-1.04424250125885,-0.43202900886535645
1696958239364507400,50.57650732421875,-0.6419057846069336,-0.1460026502609253,-0.0011366158723831177
1696958239374520800,50.586520751953124,1.0988492965698242,-0.6296901702880859,0.03365103900432587
1696958239384534300,50.5965341796875,-1.8095617294311523,-0.6716647148132324,-0.6540529727935791
1696958239394547700,50.606547607421874,0.08194160461425781,-0.30397796630859375,-0.07950416207313538
1696958239404561200,50.61656103515625,0.7746343612670898,-1.1443341970443726,-0.14806275069713593
1696958239414574600,50.62657470703125,-0.2362499237060547,-1.078837275505066,-0.44314146041870117
1696958239424588000,50.636588134765624,-0.4076414108276367,-0.8613921999931335,-0.19986778497695923
1696958239434601500,50.6466015625,-0.6032838821411133,-0.9907675981521606,0.12901222705841064
1696958239444615000,50.656614990234374,2.8103551864624023,-0.8591720461845398,-0.06929734349250793
1696958239454628400,50.66662841796875,-1.6554880142211914,-1.1480138301849365,-0.30943742394447327
1696958239464641800,50.676641845703124,-0.08433818817138672,-1.1976066827774048,0.03931985795497894
1696958239474655200,50.6866552734375,2.1332712173461914,-0.8792216777801514,-0.029814764857292175
1696958239484668700,50.69666870117187,-0.4095926284790039,-0.8448160290718079,-0.5733876824378967
1696958239494682000,50.70668212890625,-0.7529067993164062,-0.9257948398590088,0.03698590397834778
1696958239504695600,50.71669555664062,1.5475168228149414,-0.8744577169418335,0.49673134088516235
1696958239514709000,50.726708984375,1.2188348770141602,-1.2902346849441528,0.049974262714385986
1696958239524722400,50.73672241210937,-1.3935022354125977,-0.628017783164978,-0.3219108581542969
1696958239534736000,50.74673583984375,0.8176708221435547,-1.0879276990890503,0.43317416310310364
1696958239544749300,50.75674926757812,0.9927091598510742,-0.7828003168106079,0.1886792778968811
1696958239554762800,50.7667626953125,0.1108999252319336,-1.1111032962799072,-0.4112662374973297
1696958239564776200,50.77677612304687,-0.41971397399902344,-0.41682136058807373,-0.19895102083683014
1696958239574789600,50.78678955078125,1.693624496459961,-1.0226103067398071,0.6193281412124634
1696958239584803000,50.79680297851562,0.8008184432983398,-0.9332106709480286,-0.13237951695919037
1696958239594816500,50.80681640625,-1.2561225891113281,-0.8452566862106323,-0.5754193067550659
1696958239604829700,50.81682958984375,1.1125354766845703,-0.37864166498184204,0.15606042742729187
1696958239614843100,50.82684301757813,1.2056398391723633,-1.1886725425720215,0.25323212146759033
1696958239624856600,50.83685668945313,-1.3636293411254883,-1.1388332843780518,-0.3760048747062683
1696958239634870000,50.8468701171875,0.2788095474243164,-0.4844723343849182,-0.07392384111881256
1696958239644883500,50.85688354492188,1.1241998672485352,-0.26072949171066284,0.4998462200164795
1696958239654897000,50.86689697265625,0.1081228256225586,-1.4588587284088135,0.09534551203250885
1696958239664910300,50.87691040039063,-1.3020210266113281,-0.7191365957260132,-0.7133870124816895
1696958239674923800,50.886923828125,0.18722820281982422,-0.4421233534812927,0.238594651222229
1696958239684937200,50.89693725585938,0.7792940139770508,-0.9666984677314758,0.09835264086723328
1696958239694950700,50.90695068359375,-2.0089707374572754,-1.3216484785079956,-0.5617689490318298
1696958239704964000,50.91696411132813,-0.4799528121948242,-0.5104717016220093,-0.3930113911628723
1696958239714977500,50.9269775390625,0.3670625686645508,-0.49454465508461,0.09762005507946014
1696958239724991000,50.93699096679688,-1.0153636932373047,-1.4836773872375488,-0.35981541872024536
1696958239735004400,50.94700439453125,-0.673823356628418,-1.1952910423278809,-0.7719296216964722
1696958239745017900,50.95701782226563,-0.6150836944580078,-1.1364985704421997,-0.21246406435966492
1696958239755031300,50.96703125,0.695648193359375,-1.250931978225708,-0.5536032915115356
1696958239765044700,50.977044677734376,-1.1174659729003906,-1.3176963329315186,-0.3010631799697876
1696958239775058200,50.98705810546875,0.6913614273071289,-1.4583747386932373,-0.40385276079177856
1696958239785071600,50.997071533203126,0.15437602996826172,-1.3684861660003662,-0.13124898076057434
1696958239795085000,51.0070849609375,1.1669511795043945,-1.4635252952575684,-0.5034214854240417
1696958239805098500,51.017098388671876,-1.5218124389648438,-1.6648197174072266,-0.6114957928657532
1696958239815112000,51.02711181640625,2.1424522399902344,-0.8836394548416138,-0.1004621759057045
1696958239825125400,51.03712548828125,0.7514438629150391,-1.4959235191345215,-0.4628758430480957
1696958239835138800,51.047138916015626,-1.5635251998901367,-1.2334641218185425,-0.6573363542556763
1696958239845152300,51.05715234375,1.95751953125,-1.3378856182098389,0.030189990997314453
1696958239855165700,51.067165771484376,0.6102018356323242,-0.9528393149375916,-0.10165870189666748
1696958239865179100,51.07717919921875,-0.5719404220581055,-1.631627082824707,-0.6506080031394958
1696958239875192600,51.087192626953126,0.5337104797363281,-0.8466858863830566,0.2293301224708557
1696958239885206000,51.0972060546875,1.827371597290039,-0.685805082321167,0.6598061323165894
1696958239895219500,51.107219482421876,0.6188325881958008,-0.7555545568466187,-0.22395344078540802
1696958239905233000,51.11723291015625,-0.9503536224365234,-1.1441562175750732,0.05927988141775131
1696958239915246300,51.127246337890625,1.8908452987670898,-0.9375560283660889,0.3835829496383667
1696958239925259800,51.137259765625,-0.9906396865844727,-1.181738018989563,-0.21850866079330444
1696958239935273500,51.1472734375,-0.056336402893066406,-1.0633271932601929,-0.5854748487472534
1696958239945287000,51.157286865234376,0.9428195953369141,-1.1254847049713135,-0.900851309299469
1696958239955300400,51.16730029296875,-0.77984619140625,-1.0712275505065918,-0.05490455403923988
1696958239965313800,51.177313720703125,1.2151012420654297,-1.1131950616836548,-0.35728707909584045
1696958239975327200,51.1873271484375,-2.3241496086120605,-0.6156587600708008,0.15714457631111145
1696958239985341000,51.1973408203125,2.298015594482422,-1.4200788736343384,0.27500998973846436
1696958239995354400,51.207354248046876,-0.9951810836791992,-0.8006560802459717,0.10702808946371078
1696958240005367800,51.21736791992188,0.7227363586425781,-0.2845594882965088,-0.3540613055229187
1696958240015381200,51.22738134765625,-0.2107067108154297,-1.2474193572998047,0.18257081508636475
1696958240025394700,51.23739477539063,0.31543540954589844,-1.08106529712677,0.5362218618392944
1696958240035408400,51.24740844726563,-0.2586965560913086,-0.7314543724060059,-0.14952784776687622
1696958240045421800,51.257421875,-0.9463424682617188,-0.3316953778266907,-0.23474889993667603
1696958240055435300,51.26743530273438,1.478886604309082,-1.1761025190353394,0.030719682574272156
1696958240065448700,51.27744873046875,-1.1531028747558594,-0.8929598331451416,0.06977612525224686
1696958240075462100,51.28746215820313,-0.5770864486694336,-0.4858334958553314,-0.8873880505561829
1696958240085475600,51.2974755859375,-0.16945266723632812,-0.9907532334327698,-0.40414750576019287
1696958240095489300,51.3074892578125,-0.2838459014892578,-1.1252883672714233,0.04905881732702255
1696958240105502700,51.31750268554688,-0.33586978912353516,-1.149357795715332,-0.690937340259552
1696958240115516200,51.32751611328125,-1.319589614868164,-0.7101137638092041,-0.39688417315483093
1696958240125529600,51.33752954101563,0.6333255767822266,-1.1786272525787354,-0.012377962470054626
1696958240135543000,51.34754296875,0.20153141021728516,-1.5043686628341675,-0.5513859987258911
1696958240145556700,51.357556640625,-1.543278694152832,-0.830894410610199,-0.0506681427359581
1696958240155570200,51.36757006835938,1.700333595275879,-1.3449116945266724,-0.19531920552253723
1696958240165583600,51.37758349609375,-0.42058372497558594,-0.7870806455612183,0.19004285335540771
1696958240175597000,51.38759716796875,1.190460205078125,-1.8012170791625977,-0.34393104910850525
1696958240185610500,51.39761059570313,-1.19677734375,-0.5546913146972656,-0.2575424313545227
1696958240195624200,51.40762426757812,2.2131147384643555,-0.8045774102210999,0.47904282808303833
1696958240205637600,51.4176376953125,-0.24342918395996094,-1.5364477634429932,0.03029349446296692
1696958240215651000,51.42765112304688,-1.3376312255859375,-0.7961845397949219,-0.19070622324943542
1696958240225664500,51.43766455078125,1.9539108276367188,-1.117387056350708,0.16255177557468414
1696958240235678000,51.44767797851563,-0.7462596893310547,-0.389006108045578,0.21544969081878662
1696958240245691600,51.45769165039062,1.4921865463256836,-0.885226309299469,-0.22026553750038147
1696958240255705000,51.467705078125,-1.1158924102783203,-0.9904211759567261,0.0760144516825676
1696958240265718500,51.47771850585937,1.171126365661621,-0.6806172132492065,0.4057103991508484
1696958240275732000,51.48773193359375,0.9342756271362305,-0.6486730575561523,-0.014429911971092224
1696958240285745400,51.49774536132813,-1.0178146362304688,-0.6333068013191223,-0.3552675247192383
1696958240295758800,51.5077587890625,0.8198003768920898,-1.1086641550064087,0.5567351579666138
1696958240305772300,51.51777221679688,1.396169662475586,-0.8450144529342651,0.20638972520828247
1696958240315785700,51.52778564453125,-0.23681163787841797,-0.8017399311065674,-0.6534725427627563
1696958240325799200,51.53779907226563,-0.465667724609375,-0.7502474188804626,0.020349949598312378
1696958240335812600,51.5478125,2.0398330688476562,-0.673568069934845,0.4062126576900482
1696958240345826000,51.55782592773438,-0.9041919708251953,-1.0604150295257568,-0.13706231117248535
1696958240355839500,51.56783959960938,0.4456672668457031,-1.0229238271713257,-0.4406636357307434
1696958240365853000,51.57785302734375,-0.6208982467651367,-0.7932537794113159,0.6159703731536865
1696958240375866400,51.58786645507813,1.4068174362182617,-0.3833725154399872,0.4892902970314026
1696958240385879800,51.5978798828125,0.24229812622070312,-1.0885448455810547,-0.1855044662952423
1696958240395893200,51.60789331054688,-1.3354768753051758,-0.9546798467636108,0.7520438432693481
1696958240405906700,51.61790673828125,1.578261375427246,-0.21695613861083984,0.9876027703285217
1696958240415920000,51.62792016601563,-0.9298524856567383,-0.7334676384925842,0.20997297763824463
1696958240425933600,51.63793359375,-0.81298828125,-0.8400722742080688,0.08307120203971863
1696958240435947000,51.64794702148438,-0.34749698638916016,-0.8895972371101379,0.4143963158130646
1696958240445960400,51.65796044921875,-1.1066265106201172,-0.3609539568424225,-0.226035937666893
1696958240455974000,51.66797387695313,-0.18172264099121094,-1.2796626091003418,-0.3791058659553528
1696958240465987300,51.6779873046875,-0.9459962844848633,-0.6253639459609985,-0.2969464063644409
1696958240476000800,51.68800073242188,0.3751058578491211,-1.236838936805725,0.07581217586994171
1696958240486014200,51.69801416015625,-0.1659402847290039,-1.1082234382629395,-0.17877645790576935
1696958240496027600,51.708027587890626,-0.8299436569213867,-1.280167579650879,-0.13218966126441956
1696958240506041000,51.718041015625,-0.16865825653076172,-1.1484260559082031,0.41955456137657166
1696958240516054500,51.728054443359376,1.7433061599731445,-1.159151554107666,0.39417514204978943
1696958240526068000,51.73806787109375,-0.4069042205810547,-1.2362229824066162,-0.3528216481208801
1696958240536081400,51.748081298828126,0.3298797607421875,-1.082049012184143,-0.009555116295814514
1696958240546094800,51.7580947265625,1.552443504333496,-1.2030709981918335,0.2909335494041443
1696958240556108300,51.7681083984375,-0.2626810073852539,-1.596703052520752,-0.22533608973026276
1696958240566121700,51.778121826171876,-0.5297603607177734,-1.375967264175415,-0.5170822739601135
1696958240576135200,51.78813525390625,1.0343017578125,-1.3053053617477417,0.3563876748085022
1696958240586148600,51.798148681640626,1.5335540771484375,-0.9682362675666809,0.0501658171415329
1696958240596162000,51.808162109375,-0.6110877990722656,-1.25015389919281,-0.327573299407959
1696958240606175500,51.818175537109376,0.18355178833007812,-1.114855408668518,0.044024527072906494
1696958240616189000,51.82818896484375,1.488058090209961,-0.9634235501289368,0.5079416036605835
1696958240626202400,51.838202392578125,-0.1453571319580078,-1.309552788734436,-0.613804280757904
1696958240636215800,51.8482158203125,-0.9380617141723633,-0.9175208806991577,-0.11643939465284348
1696958240646229200,51.858229248046875,1.219569206237793,-0.7899290919303894,0.6409308910369873
1696958240656242700,51.86824267578125,0.9731168746948242,-1.0804365873336792,-0.09532089531421661
1696958240666256100,51.878256103515625,-0.9838657379150391,-0.5281343460083008,-0.28039032220840454
1696958240676269600,51.88826953125,1.0402650833129883,-0.820412814617157,0.4267674386501312
1696958240686283000,51.898282958984375,-0.41020965576171875,-0.9213384389877319,0.48520922660827637
1696958240696296400,51.90829638671875,1.2539758682250977,-1.288365125656128,-0.3985520899295807
1696958240706310000,51.918309814453124,-0.8945999145507812,-0.3716401755809784,-0.07450025528669357
1696958240716323300,51.9283232421875,0.9522743225097656,-1.1580899953842163,0.7071661353111267
1696958240726336800,51.938336669921874,0.7255449295043945,-0.5667810440063477,0.5788106918334961
1696958240736350200,51.94835009765625,-0.2510871887207031,-0.6911722421646118,-0.3294074535369873
1696958240746363600,51.95836376953125,-0.4128990173339844,-0.7328649759292603,0.23418958485126495
1696958240756377000,51.968377197265625,0.7638645172119141,-0.7849644422531128,0.9358644485473633
1696958240766390500,51.978390625,-0.3036689758300781,-1.153592824935913,-0.5270108580589294
1696958240776404000,51.988404052734374,-2.2001075744628906,-0.6063094139099121,-0.08315558731555939
1696958240786417400,51.99841748046875,1.614272117614746,-0.6194422245025635,0.5185065865516663
1696958240796430800,52.008430908203124,-1.4528465270996094,-0.7079919576644897,0.2720961570739746
1696958240806444300,52.0184443359375,0.1611003875732422,-1.0862317085266113,-0.7774636745452881
1696958240816457700,52.028457763671874,-2.395742893218994,-0.31806114315986633,-0.17068183422088623
1696958240826471200,52.03847119140625,1.9015254974365234,-0.7721855640411377,0.4584195017814636
1696958240836484600,52.04848461914062,-0.998931884765625,-0.7043072581291199,-0.33726033568382263
1696958240846498000,52.058498046875,-0.7052125930786133,-1.0564682483673096,-0.4720214605331421
1696958240856511500,52.06851147460937,0.6730451583862305,-0.17127889394760132,0.22430720925331116
1696958240866525000,52.07852490234375,0.6951742172241211,-1.3119826316833496,0.14784714579582214
1696958240876538400,52.08853833007812,-0.6542367935180664,-0.5440552234649658,-0.6506208181381226
1696958240886551800,52.0985517578125,0.8574113845825195,-0.9127312898635864,-0.32715725898742676
1696958240896565200,52.10856518554687,0.10982704162597656,-0.777473509311676,0.23605692386627197
1696958240906578700,52.11857861328125,1.5239276885986328,-1.5037825107574463,-0.2616370618343353
1696958240916592000,52.12859204101562,-1.6720685958862305,-0.45093196630477905,-0.5725778937339783
1696958240926605600,52.13860546875,1.6579465866088867,-1.447329044342041,0.5035016536712646
1696958240936619000,52.14861889648437,0.9085168838500977,-0.9934700727462769,0.2693787217140198
1696958240946632400,52.15863256835937,-0.3316679000854492,-1.1654973030090332,-0.7540013194084167
1696958240956646000,52.16864599609375,-0.1443920135498047,-0.7752617001533508,0.17932018637657166
1696958240966659300,52.17865942382812,1.2036190032958984,-1.226912498474121,0.6564185619354248
1696958240976672800,52.1886728515625,-0.07534217834472656,-1.3301265239715576,-0.169347882270813
1696958240986686200,52.19868627929687,-0.3045330047607422,-0.9965077638626099,-0.1146458312869072
1696958240996699600,52.20869970703125,-0.05515766143798828,-1.12429678440094,0.7730931639671326
1696958241006713300,52.21871337890625,0.9628438949584961,-0.8009878993034363,0.6875194311141968
1696958241016726800,52.22872680664062,0.0812835693359375,-1.3570959568023682,-0.46643495559692383
1696958241026740200,52.238740234375,-1.7636308670043945,-0.7508072853088379,-0.022289112210273743
1696958241036753700,52.24875366210937,1.7056159973144531,-1.0989474058151245,0.8857288956642151
1696958241046767000,52.25876708984375,-0.4155864715576172,-1.109304666519165,0.14324036240577698
1696958241056780800,52.26878076171875,-0.672607421875,-0.762746274471283,-0.37220340967178345
1696958241066794200,52.27879418945312,0.686375617980957,-0.7955425381660461,0.3653504252433777
1696958241076807700,52.2888076171875,0.9858646392822266,-0.16949263215065002,0.751581609249115
1696958241086821000,52.29882104492187,0.3144216537475586,-1.275301456451416,-0.3065270185470581
1696958241096834600,52.30883447265625,-1.7794923782348633,-0.44129428267478943,-0.3881406784057617
1696958241106848300,52.31884814453125,1.4747047424316406,-0.7079178690910339,0.7908810973167419
1696958241116861700,52.32886181640625,0.6109237670898438,-0.8046528100967407,-0.30572521686553955
1696958241126875100,52.338875244140624,-1.4741268157958984,-0.3548649549484253,-0.3203648626804352
1696958241136888600,52.348888671875,1.3538570404052734,-0.4329107105731964,0.5406293272972107
1696958241146902000,52.358902099609374,-0.5369510650634766,-0.5850031971931458,0.5428100228309631
1696958241156915700,52.368915771484374,-0.4784965515136719,-0.866502046585083,-0.09966951608657837
1696958241166929200,52.37892919921875,-0.5870227813720703,-0.31788358092308044,-0.10354478657245636
1696958241176942600,52.388942626953124,-0.2990455627441406,-0.8822362422943115,0.2549898028373718
1696958241186956000,52.3989560546875,1.1115665435791016,-0.29357579350471497,0.1745232492685318
1696958241196969500,52.408969482421874,-1.2808265686035156,-0.9272876977920532,-0.7593379020690918
1696958241206983200,52.418983154296875,-1.2203893661499023,-0.71239173412323,0.14341887831687927
1696958241216996600,52.42899658203125,1.3822851181030273,-0.4410102367401123,0.29212677478790283
1696958241227010000,52.439010009765624,-1.0727643966674805,-1.019413709640503,-0.708397626876831
1696958241237023500,52.4490234375,-0.6163101196289062,-0.49123722314834595,-0.4052883982658386
1696958241247037000,52.459036865234374,1.7269678115844727,-1.1450456380844116,0.0677574872970581
1696958241257050600,52.469050537109375,-0.49011802673339844,-0.5439773201942444,-0.5552594661712646
1696958241267064000,52.47906396484375,0.5625200271606445,-0.7949360609054565,-0.2401152402162552
1696958241277077500,52.489077392578125,-0.007602691650390625,-0.8403118848800659,0.10874152183532715
1696958241287091000,52.499091064453125,1.067631721496582,-0.799251914024353,0.10916696488857269
1696958241297104400,52.5091044921875,0.8357038497924805,-0.7846744060516357,-0.021733075380325317
1696958241307117800,52.519117919921875,-0.18433284759521484,-0.5673314332962036,-0.19340869784355164
1696958241317131500,52.529131591796876,1.3310585021972656,-0.48425155878067017,0.5799614191055298
1696958241327145000,52.53914501953125,0.9932518005371094,-0.622884213924408,0.23614361882209778
1696958241337158400,52.549158447265626,-0.8300285339355469,-1.2531838417053223,-0.8352243304252625
1696958241347171800,52.559171875,-0.17806625366210938,-0.2680440843105316,0.08822688460350037
1696958241357185300,52.569185302734375,1.0888757705688477,-0.9478713274002075,0.258355975151062
1696958241367198700,52.57919873046875,-1.2078161239624023,-0.5526722073554993,-0.18662266433238983
1696958241377212200,52.589212158203125,0.013881683349609375,-1.0201293230056763,-0.40167105197906494
1696958241387225600,52.5992255859375,-2.3326239585876465,-0.6820910573005676,0.34054869413375854
1696958241397239000,52.609239013671875,1.9311227798461914,-0.8693439960479736,-0.01712419092655182
1696958241407252500,52.61925244140625,-2.1594953536987305,-0.8134520053863525,-0.6206578612327576
1696958241417266000,52.629265869140625,0.555333137512207,-1.2788639068603516,-0.1657077968120575
1696958241427279400,52.639279296875,-0.6309518814086914,-0.6682208180427551,0.6542600989341736
1696958241437292800,52.649292724609374,1.0525245666503906,-1.2542122602462769,-0.025266870856285095
1696958241447306200,52.65930615234375,-1.7025184631347656,-0.8683353066444397,0.10697159171104431
1696958241457319700,52.669319580078124,1.3360977172851562,-0.6975931525230408,0.27984368801116943
1696958241467333000,52.6793330078125,0.14309310913085938,-0.6540042757987976,0.7786794900894165
1696958241477346600,52.6893466796875,0.2857694625854492,-1.5020313262939453,-0.10719340294599533
1696958241487360000,52.699360107421874,0.4430370330810547,-0.6625919342041016,-0.018823236227035522
1696958241497373400,52.70937353515625,-0.2703571319580078,-1.1058616638183594,0.3476617634296417
1696958241507387000,52.719386962890624,1.5177316665649414,-0.7046899199485779,-0.34503909945487976
1696958241517400300,52.729400390625,-0.4645366668701172,-1.032131314277649,-0.2041761577129364
1696958241527413800,52.739413818359374,0.16749954223632812,-1.0401396751403809,-0.021533042192459106
1696958241537427200,52.74942724609375,-0.2821531295776367,-0.3585076630115509,0.5368924140930176
1696958241547440600,52.759440673828124,2.002957344055176,-0.9941483736038208,0.005011320114135742
1696958241557454000,52.7694541015625,-1.1082592010498047,-0.6785351037979126,-0.27207404375076294
1696958241567467500,52.77946752929687,0.9733133316040039,-0.7988936305046082,0.6229261159896851
1696958241577481000,52.78948095703125,1.6065988540649414,-0.3887377679347992,0.4758232831954956
1696958241587494400,52.79949438476562,0.016000747680664062,-0.7234352231025696,-0.42720550298690796
1696958241597507800,52.8095078125,-0.5526952743530273,-0.9220225214958191,0.3922223448753357
1696958241607521300,52.81952124023437,0.6960458755493164,-0.2562922239303589,0.9218233823776245
1696958241617534700,52.82953466796875,1.009659767150879,-1.0205025672912598,-0.1707049310207367
1696958241627548200,52.83954809570312,-1.176682472229004,-0.4282769560813904,-0.2284414917230606
1696958241637561600,52.8495615234375,1.4593687057495117,-0.7921534180641174,0.8200146555900574
1696958241647575000,52.85957495117187,-0.8810272216796875,-0.24053561687469482,0.44545015692710876
1696958241657588500,52.86958837890625,0.46385955810546875,-1.0536774396896362,-0.2092970758676529
1696958241667602000,52.87960180664062,-1.3386964797973633,-0.3387922942638397,0.17200258374214172
1696958241677615400,52.88961547851562,0.22712230682373047,-0.9693713784217834,0.3976370692253113
1696958241687628800,52.89962890625,0.159759521484375,-0.6111428141593933,0.27901703119277954
1696958241697642200,52.90964233398437,-0.09398841857910156,-0.7481963634490967,-0.9222848415374756
1696958241707655400,52.91965551757813,-2.086561679840088,-0.6983131170272827,0.014416009187698364
1696958241717668900,52.9296689453125,1.3117008209228516,-0.4084666967391968,0.8050284385681152
1696958241727682300,52.93968237304688,-0.46457767486572266,-0.9493451118469238,-0.29981109499931335
1696958241737695700,52.94969580078125,-0.9509220123291016,-0.6971903443336487,-0.4865908920764923
1696958241747709200,52.95970922851563,0.5329685211181641,-0.6614576578140259,0.6245901584625244
1696958241757722600,52.96972265625,0.3929901123046875,-0.5453193187713623,0.12517714500427246
1696958241767736000,52.97973608398438,0.1148061752319336,-0.5154726505279541,-0.5853170156478882
1696958241777749500,52.98974951171875,-0.19127178192138672,-0.4380122721195221,0.32121455669403076
1696958241787763000,52.99976293945313,0.6167087554931641,-0.4685981273651123,0.41433361172676086
1696958241797776400,53.0097763671875,0.3953666687011719,-0.961223304271698,-0.15710750222206116
1696958241807789800,53.01978979492188,-0.8099546432495117,-0.1167631447315216,-0.33955657482147217
1696958241817803300,53.02980322265625,0.625732421875,-0.7231911420822144,0.09271582961082458
1696958241827816700,53.03981665039063,-0.32684803009033203,-0.26229095458984375,0.5024011135101318
1696958241837830100,53.049830078125,1.423004150390625,-0.839574933052063,-0.4273524880409241
1696958241847843600,53.05984350585938,-1.3092536926269531,-0.4324084222316742,0.030133694410324097
1696958241857857000,53.06985693359375,0.8205862045288086,-0.5396811962127686,0.5842979550361633
1696958241867870500,53.079870361328126,0.1686105728149414,-0.9505892395973206,0.29912227392196655
1696958241877884000,53.0898837890625,-0.725428581237793,-0.5380553007125854,-0.11796984076499939
1696958241887897300,53.0998974609375,0.33723926544189453,-0.6647047996520996,0.027357324957847595
1696958241897910800,53.10991088867188,-0.18438720703125,-0.574560821056366,0.552567720413208
1696958241907924200,53.11992431640625,1.2496891021728516,-0.8164409399032593,-0.24325701594352722
1696958241917937700,53.129937744140626,-2.13197660446167,-0.6697026491165161,-0.04802178591489792
1696958241927951000,53.139951171875,1.562586784362793,-0.8560619354248047,0.4812089502811432
1696958241937964500,53.149964599609376,-0.5581426620483398,-0.6643867492675781,-0.09903651475906372
1696958241947978000,53.15997802734375,-0.32266712188720703,-0.6269676685333252,-0.6406422257423401
1696958241957991400,53.169991455078126,-0.31206321716308594,-0.5619458556175232,0.1645808219909668
1696958241968004900,53.1800048828125,-0.16794586181640625,-0.9039138555526733,0.25467631220817566
1696958241978018300,53.190018310546876,0.501643180847168,-0.574318528175354,-0.42863890528678894
1696958241988031700,53.20003173828125,-0.35491085052490234,-0.7986363768577576,-0.48502063751220703
1696958241998045200,53.210045166015625,-0.5594844818115234,-0.4615984559059143,0.41564542055130005
1696958242008058600,53.22005859375,1.6259069442749023,-0.7229918241500854,0.22262494266033173
1696958242018072000,53.230072021484375,-1.078145980834961,-0.6088996529579163,-0.3569483160972595
1696958242028085500,53.24008544921875,0.3867988586425781,-0.5602884292602539,0.10235008597373962
1696958242038099200,53.25009912109375,0.33817291259765625,-0.7188112735748291,0.7509042024612427
1696958242048112600,53.260112548828126,0.8819112777709961,-0.727501630783081,0.09590707719326019
1696958242058126000,53.2701259765625,-0.46307945251464844,-1.0102665424346924,-0.5003605484962463
1696958242068139500,53.280139404296875,-0.31392860412597656,-0.5681515336036682,0.31857186555862427
1696958242078153000,53.290153076171876,1.555405616760254,-0.6051000356674194,0.5110833644866943
1696958242088166700,53.30016674804688,-0.31713104248046875,-1.4440678358078003,-0.2909795939922333
1696958242098180000,53.31018017578125,-0.4453907012939453,-0.3306957483291626,-0.21557928621768951
1696958242108193500,53.32019360351563,0.4875802993774414,-1.1263010501861572,0.5141686797142029
1696958242118207000,53.33020703125,0.3764152526855469,-0.4402172565460205,0.18514728546142578
1696958242128220400,53.340220458984376,-0.11670303344726562,-1.0611178874969482,-0.2992796301841736
1696958242138234000,53.35023413085938,-0.8857879638671875,-0.19773352146148682,0.21413224935531616
1696958242148247600,53.36024755859375,1.7353076934814453,-0.3069678544998169,0.5428470969200134
1696958242158261000,53.37026098632813,0.4981107711791992,-0.562217652797699,-0.08393846452236176
1696958242168274400,53.3802744140625,-1.7491731643676758,-0.6857953667640686,-0.00026109814643859863
1696958242178287900,53.39028784179688,0.8358678817749023,-0.43974053859710693,0.5897246599197388
1696958242188301300,53.40030126953125,0.3130464553833008,-0.32327473163604736,0.6655807495117188
1696958242198315000,53.41031494140625,-0.23250865936279297,-0.7242149114608765,-0.13504093885421753
1696958242208328400,53.42032836914063,-0.8769521713256836,-0.21783217787742615,0.30275803804397583
1696958242218342000,53.430341796875,1.0081634521484375,-0.4942871630191803,0.7505311965942383
1696958242228355300,53.44035522460938,0.3462705612182617,-0.6401001214981079,0.22060108184814453
1696958242238368800,53.45036865234375,-0.7011613845825195,-0.055162012577056885,0.27987152338027954
1696958242248382500,53.46038256835938,1.4415721893310547,-0.3373202383518219,0.73414146900177
1696958242258396000,53.47039599609375,0.3101930618286133,0.029483705759048462,0.9011854529380798
1696958242268409300,53.48040942382813,0.40493202209472656,-0.9458383321762085,0.09539481997489929
1696958242278422800,53.4904228515625,-1.5171947479248047,-0.07933452725410461,0.3008762001991272
1696958242288436200,53.50043627929688,2.601146697998047,-0.4357127845287323,0.5138140916824341
1696958242298450000,53.51044995117188,-0.38730812072753906,-0.5254919528961182,-0.16102121770381927
1696958242308463400,53.52046337890625,-1.0315990447998047,-0.5458863973617554,0.0015565752983093262
1696958242318476800,53.53047680664063,0.7535324096679688,-0.6408642530441284,0.128049835562706
1696958242328490200,53.540490234375,-0.4048271179199219,-0.2975198030471802,-0.10249508172273636
1696958242338503700,53.55050366210938,-0.6236381530761719,-0.8980993032455444,-0.32469677925109863
1696958242348517400,53.56051733398437,-0.09155654907226562,-0.4481104612350464,-0.4569588899612427
1696958242358530800,53.57053076171875,-0.6551952362060547,-0.3082195520401001,0.25294286012649536
1696958242368544300,53.58054418945313,1.4492158889770508,-0.5758247971534729,-0.28706687688827515
1696958242378557700,53.5905576171875,-1.5841131210327148,-0.37140971422195435,-0.4323531985282898
1696958242388571100,53.60057104492188,0.1593303680419922,-0.4300075173377991,-0.013745203614234924
1696958242398584600,53.61058447265625,0.6225976943969727,-0.3019217550754547,0.21987877786159515
1696958242408598000,53.62059790039063,-0.38732433319091797,-1.1423799991607666,-0.4972139000892639
1696958242418611500,53.63061157226562,-0.6300287246704102,-0.12140583992004395,-0.05965210497379303
1696958242428625000,53.640625,1.3356695175170898,-0.354464590549469,0.2655104994773865
1696958242438638300,53.65063842773438,-0.3307218551635742,-0.5223312973976135,-0.09655124694108963
1696958242448651800,53.66065185546875,-0.525883674621582,-0.26659518480300903,-0.5408698320388794
1696958242458665200,53.67066528320313,0.09189796447753906,-0.42718109488487244,0.12768246233463287
1696958242468678700,53.6806787109375,-0.3193693161010742,-0.5458269715309143,0.006084904074668884
1696958242478692000,53.69069213867188,0.21658706665039062,-0.6525056958198547,-0.218438059091568
1696958242488705500,53.70070556640625,-0.4434089660644531,-0.058711856603622437,0.25386500358581543
1696958242498719000,53.71071899414063,0.23136234283447266,-0.5478914380073547,0.35581594705581665
1696958242508732400,53.720732421875,0.2116260528564453,-0.24525633454322815,0.20857678353786469
1696958242518745900,53.73074584960938,-1.1174936294555664,-0.5784387588500977,0.08865724503993988
1696958242528759300,53.74075927734375,-0.7325496673583984,-0.401831716299057,0.4388991594314575
1696958242538772700,53.75077270507813,0.7459201812744141,-0.42432886362075806,0.4547880291938782
1696958242548786200,53.7607861328125,-0.6418647766113281,-0.6764553785324097,0.03849402070045471
1696958242558799600,53.77079956054688,0.03824901580810547,-0.2618005871772766,0.1445956975221634
1696958242568813000,53.78081298828125,-0.1912097930908203,-0.23260432481765747,0.4537522792816162
1696958242578826500,53.790826416015626,0.9991779327392578,-0.34111765027046204,-0.11502501368522644
1696958242588840000,53.80083984375,-1.7511043548583984,-0.3089105486869812,-0.1645352691411972
1696958242598853400,53.810853271484376,0.7000436782836914,-0.3813888430595398,0.4963263273239136
1696958242608866800,53.82086669921875,1.5969009399414062,-0.17395305633544922,-0.001692250370979309
1696958242618880300,53.83088037109375,-1.3890085220336914,-0.07961797714233398,0.04126575589179993
1696958242628893700,53.84089379882813,1.5391559600830078,-0.22986841201782227,0.3820532262325287
1696958242638907100,53.8509072265625,0.9477443695068359,0.09496846795082092,0.33741724491119385
1696958242648920600,53.860920654296876,-0.14894866943359375,0.07103171944618225,0.0032666772603988647
1696958242658934000,53.87093408203125,0.11916160583496094,-0.17988809943199158,0.279651403427124
1696958242668947500,53.880947509765626,0.668482780456543,0.14473503828048706,0.5178016424179077
1696958242678961000,53.8909609375,1.4459466934204102,-0.04061654210090637,0.248306006193161
1696958242688974300,53.900974365234376,-1.2003774642944336,0.43513745069503784,-0.29069799184799194
1696958242698987800,53.91098779296875,1.053532600402832,0.03774270415306091,0.3778495490550995
1696958242709001200,53.921001220703126,-0.05765533447265625,0.18155106902122498,0.07208196818828583
1696958242719014700,53.9310146484375,-1.003718376159668,0.1847836673259735,-0.41942429542541504
1696958242729028000,53.941028076171875,-0.5184650421142578,0.3744717836380005,0.09194059669971466
1696958242739041500,53.95104150390625,1.8150606155395508,0.5826007127761841,0.3004092574119568
1696958242749055000,53.961054931640625,-2.1414952278137207,0.08394524455070496,-0.3249685764312744
1696958242759068400,53.971068359375,-0.3298463821411133,0.39413684606552124,0.113106369972229
1696958242769081900,53.981081787109375,2.079853057861328,0.9086602926254272,0.47985830903053284
1696958242779095300,53.99109521484375,-2.283688545227051,0.2832031846046448,-0.08033375442028046
1696958242789108700,54.001108642578124,0.38852787017822266,0.08050355315208435,0.14925064146518707
1696958242799122200,54.0111220703125,1.577768325805664,0.9686735272407532,0.48829221725463867
1696958242809135600,54.021135498046874,-1.0450496673583984,0.0008660554885864258,0.26218903064727783
1696958242819149000,54.031149169921875,-0.7032060623168945,0.2494257688522339,0.026020348072052002
1696958242829162500,54.04116259765625,1.7072181701660156,0.8737384676933289,0.3552948236465454
1696958242839176000,54.051176025390625,-1.0639152526855469,0.2893955707550049,0.1165347546339035
1696958242849189400,54.061189453125,-0.5740089416503906,0.2347361445426941,-0.058409035205841064
1696958242859202800,54.071202880859374,1.4108800888061523,0.6316548585891724,0.3532430827617645
1696958242869216300,54.08121630859375,-1.3596038818359375,0.2752537429332733,0.2990875244140625
1696958242879229700,54.091229736328124,-0.9739971160888672,0.22279655933380127,-0.20959913730621338
1696958242889243100,54.1012431640625,0.6820478439331055,0.8043862581253052,0.2286924570798874
1696958242899256600,54.111256591796874,-0.1462993621826172,0.575536847114563,0.07460008561611176
1696958242909270000,54.12127001953125,-1.9524426460266113,0.493766188621521,-0.08760721236467361
1696958242919283500,54.13128344726562,1.8946866989135742,0.6805329918861389,0.2123192548751831
1696958242929297000,54.141296875,-0.8003683090209961,0.2488650381565094,0.058063894510269165
1696958242939310300,54.15131030273437,-2.1700401306152344,0.45196226239204407,0.07977087795734406
1696958242949323800,54.16132373046875,1.7637157440185547,0.5611059069633484,0.23125198483467102
1696958242959337200,54.17133715820312,-0.20466136932373047,0.7856981754302979,0.17703096568584442
1696958242969350700,54.1813505859375,-0.8111391067504883,0.31765756011009216,0.3414025902748108
1696958242979364000,54.19136401367187,1.685469627380371,0.6654430627822876,0.12825775146484375
1696958242989377500,54.20137744140625,-1.076045036315918,0.5661548376083374,0.4737609624862671
1696958242999391000,54.21139086914062,0.12125396728515625,0.10799244046211243,0.2446514517068863
1696958243009404400,54.221404296875,0.3837423324584961,0.4898500442504883,0.16080372035503387
1696958243019417900,54.23141796875,1.2000494003295898,0.5256360769271851,0.30379825830459595
1696958243029431300,54.24143139648437,-0.7718753814697266,0.23669201135635376,0.1753581315279007
1696958243039444700,54.25144482421875,0.2621297836303711,0.2813272476196289,0.3119428753852844
1696958243049458200,54.26145825195312,1.2030181884765625,0.5165543556213379,0.09932109713554382
1696958243059472000,54.27147192382812,-1.476156234741211,0.40413743257522583,0.10863278806209564
1696958243069485300,54.2814853515625,0.6683292388916016,-0.182676762342453,-0.35603779554367065
1696958243079498800,54.29149877929687,-0.18380355834960938,0.5639112591743469,-0.16785739362239838
1696958243089512200,54.30151220703125,-0.06856822967529297,0.4670798182487488,0.13899946212768555
1696958243099525600,54.31152563476562,-0.6419048309326172,0.23030459880828857,-0.5923369526863098
1696958243109539000,54.3215390625,0.4924001693725586,0.3298007845878601,-0.15915609896183014
1696958243119552800,54.331552734375,-0.9278755187988281,0.5779241323471069,0.05707263946533203
1696958243129566200,54.34156616210937,-0.6437616348266602,0.2114679217338562,-0.21502617001533508
1696958243139579600,54.35157958984375,0.8395614624023438,0.4365948438644409,-0.07742460072040558
1696958243149593000,54.36159301757812,-0.8541231155395508,0.5919100046157837,0.14742141962051392
1696958243159606500,54.3716064453125,-0.6035346984863281,0.4428498148918152,-0.28677600622177124
1696958243169620200,54.3816201171875,0.5449962615966797,0.4792776107788086,-0.034099191427230835
1696958243179633700,54.39163354492187,-0.30686187744140625,0.5479340553283691,0.20199446380138397
1696958243189647000,54.401647216796874,-0.8318557739257812,0.1985892653465271,-0.11756077408790588
1696958243199660500,54.41166064453125,-0.06513023376464844,0.28414714336395264,0.030399486422538757
1696958243209674000,54.421674072265624,0.9291248321533203,0.6505207419395447,0.15385767817497253
1696958243219687700,54.431687744140625,-0.8843517303466797,0.47056031227111816,-0.1284026801586151
1696958243229701000,54.441701171875,0.11172103881835938,0.0466005802154541,-0.2559264898300171
1696958243239714600,54.451714599609375,0.7472314834594727,0.4261287450790405,0.005786612629890442
1696958243249728000,54.46172802734375,-0.8889970779418945,0.20976263284683228,-0.08196678757667542
1696958243259741400,54.471741455078124,-0.4949502944946289,-0.0769360363483429,-0.15726368129253387
1696958243269755100,54.481755126953125,1.68084716796875,0.8306784629821777,0.06845515966415405
1696958243279768600,54.4917685546875,-0.1438741683959961,0.3229108452796936,-0.05844789743423462
1696958243289782000,54.501781982421875,-1.6298751831054688,-0.24413847923278809,-0.002629995346069336
1696958243299795500,54.51179541015625,2.254842758178711,0.6013399362564087,0.20527854561805725
1696958243309809000,54.521808837890624,-0.81854248046875,0.2991178035736084,0.09973035752773285
1696958243319822600,54.531822509765625,-0.7449407577514648,-0.08553275465965271,0.13570639491081238
1696958243329836000,54.5418359375,1.5080461502075195,0.6428579688072205,0.414966344833374
1696958243339849500,54.551849365234375,0.32885074615478516,0.5678519606590271,0.2853430509567261
1696958243349863000,54.56186279296875,-0.8475618362426758,0.05004763603210449,0.10205712914466858
1696958243359876400,54.57187646484375,0.8272075653076172,0.3897671699523926,0.4204951226711273
1696958243369890000,54.58189013671875,0.2853832244873047,0.2706940174102783,0.45473387837409973
1696958243379903500,54.591903564453126,-0.5229969024658203,0.6481328010559082,0.22844478487968445
1696958243389917000,54.6019169921875,0.3767538070678711,0.10586637258529663,0.20552882552146912
1696958243399930400,54.611930419921876,0.2517518997192383,0.8680742383003235,0.2596670091152191
1696958243409943800,54.62194384765625,-1.378392219543457,0.2911152243614197,0.28133296966552734
1696958243419957200,54.631957275390626,0.029863357543945312,-0.0036104321479797363,-0.19433821737766266
1696958243429971000,54.64197094726563,-0.18970680236816406,0.6228432655334473,0.2569759786128998
1696958243439984400,54.651984375,-0.34220123291015625,0.13969337940216064,-0.18893316388130188
1696958243449997800,54.661997802734376,-1.6793508529663086,0.06588554382324219,-0.011863932013511658
1696958243460011300,54.67201123046875,1.7131528854370117,1.1189768314361572,0.5429106950759888
1696958243470024700,54.682024658203126,-0.4700584411621094,0.222295880317688,0.20248964428901672
1696958243480038100,54.6920380859375,-1.8407096862792969,0.2932479977607727,-0.08996069431304932
1696958243490051600,54.702051513671876,1.987217903137207,0.6163231730461121,0.6626405715942383
1696958243500065000,54.71206494140625,-0.8229961395263672,0.2696596384048462,-0.11634838581085205
1696958243510078500,54.722078369140625,-1.2942171096801758,-0.03902614116668701,-0.08720049262046814
1696958243520092000,54.732091796875,1.9969749450683594,0.654739499092102,0.39352136850357056
1696958243530105300,54.742105224609375,-0.21576976776123047,0.23898184299468994,0.12666082382202148
1696958243540118800,54.752118896484376,-1.2476797103881836,0.37025684118270874,-0.3125291168689728
1696958243550132200,54.76213232421875,1.0064058303833008,0.11041992902755737,0.3184615969657898
1696958243560145700,54.772145751953126,-0.5109634399414062,0.25215768814086914,0.21718332171440125
1696958243570159000,54.7821591796875,-0.23731136322021484,0.13176614046096802,-0.48904353380203247
1696958243580172500,54.792172607421875,-0.48034191131591797,0.04416501522064209,-0.19736698269844055
1696958243590186000,54.80218603515625,1.5042486190795898,0.5163530111312866,0.030174583196640015
1696958243600199400,54.812199462890625,-1.3618106842041016,0.31415069103240967,-0.32874882221221924
1696958243610212900,54.822212890625,-0.9810075759887695,-0.03680497407913208,-0.22047504782676697
1696958243620226300,54.832226318359375,2.1089982986450195,0.5419499278068542,0.1695009469985962
1696958243630239700,54.84223974609375,-2.111074924468994,0.49418824911117554,-0.3394011855125427
1696958243640253200,54.852253173828124,0.24533462524414062,0.06155216693878174,-0.2364318072795868
1696958243650266600,54.8622666015625,0.9237251281738281,0.18501991033554077,0.12531116604804993
1696958243660280000,54.872280029296874,-0.6651153564453125,0.4857890009880066,0.0737411379814148
1696958243670293500,54.88229345703125,0.39275646209716797,0.3358469009399414,-0.05611303448677063
1696958243680307000,54.892306884765624,0.40616321563720703,0.3821873664855957,0.3067614734172821
1696958243690320400,54.9023203125,0.9691791534423828,0.12164318561553955,0.3961646854877472
1696958243700333800,54.912333740234374,-1.2076339721679688,0.8895444869995117,0.19072097539901733
1696958243710347300,54.92234716796875,0.8357992172241211,-0.09940189123153687,0.4310263693332672
1696958243720360700,54.93236059570312,1.3308391571044922,0.6721399426460266,0.4082861542701721
1696958243730374400,54.94237451171875,-0.5363311767578125,0.1582154631614685,-0.28234782814979553
1696958243740388000,54.95238818359375,-1.643838882446289,0.1834070086479187,0.11569762229919434
1696958243750401800,54.96240185546875,3.005401611328125,0.6270958185195923,-0.03079487383365631
1696958243760415200,54.97241528320313,-2.569300651550293,-0.13513979315757751,-0.3833506405353546
1696958243770428700,54.9824287109375,-0.4222831726074219,0.09725910425186157,-0.15100084245204926
1696958243780442000,54.992442138671876,1.9447956085205078,0.49209457635879517,0.3358376622200012
1696958243790455600,55.00245556640625,-1.3861970901489258,0.2239295244216919,-0.19832682609558105
1696958243800469000,55.012468994140626,-0.3839426040649414,0.018336892127990723,-0.207808256149292
1696958243810482400,55.022482421875,0.4009237289428711,0.5533512234687805,0.6050481796264648
1696958243820496000,55.032495849609376,1.69512939453125,0.16282957792282104,0.279387503862381
1696958243830509300,55.04250927734375,-2.027071952819824,0.32370609045028687,0.13986912369728088
1696958243840522800,55.052522705078125,1.867898941040039,0.25435543060302734,0.9515027403831482
1696958243850536200,55.0625361328125,0.20515155792236328,0.16197943687438965,0.41850054264068604
1696958243860549600,55.072549560546875,-1.9604992866516113,0.4127350449562073,-0.1147441565990448
1696958243870563000,55.08256298828125,1.7479419708251953,0.029916346073150635,0.29165786504745483
1696958243880576500,55.092576416015625,-0.5024385452270508,0.7098115682601929,0.1848183572292328
1696958243890590000,55.10258984375,-0.5874748229980469,0.289517343044281,-0.4941144585609436
1696958243900603400,55.112603271484375,-0.7150907516479492,-0.23239627480506897,-0.33740758895874023
1696958243910616800,55.122616943359375,-0.632023811340332,0.5610027313232422,0.12204998731613159
1696958243920630300,55.13263037109375,0.6980142593383789,0.526824951171875,-0.6313533782958984
1696958243930643700,55.142643798828125,-2.3430914878845215,-0.3792339861392975,-0.8533536791801453
1696958243940657200,55.1526572265625,1.094019889831543,0.4281693696975708,0.14103791117668152
1696958243950670600,55.162670654296875,0.5707149505615234,0.24500471353530884,-0.31323912739753723
1696958243960684000,55.17268408203125,-2.561037063598633,0.271165668964386,-0.4878631830215454
1696958243970697500,55.182697509765624,2.98427677154541,0.017753303050994873,0.17370685935020447
1696958243980711400,55.19271142578125,-0.965397834777832,0.19880908727645874,0.33219119906425476
1696958243990725000,55.20272509765625,0.10727214813232422,0.15889769792556763,-0.30901360511779785
1696958244000738800,55.21273876953125,0.6568174362182617,-0.18392089009284973,0.02051970362663269
1696958244010752300,55.22275219726563,0.9276981353759766,0.2123914361000061,0.28571653366088867
1696958244020765700,55.232765625,-0.48908519744873047,0.4243396520614624,-0.09541778266429901
1696958244030779100,55.24277905273438,0.2862119674682617,0.03288471698760986,-0.04181385040283203
1696958244040792600,55.25279248046875,1.0551090240478516,0.03384244441986084,0.04603639245033264
1696958244050806000,55.26280590820313,-1.5089988708496094,0.3338366746902466,-0.054336175322532654
1696958244060819500,55.2728193359375,0.028664588928222656,-0.07171916961669922,-0.07107579708099365
1696958244070833000,55.2828330078125,0.4014778137207031,0.34143465757369995,-0.016186445951461792
1696958244080846300,55.29284643554688,-0.6126298904418945,0.07706946134567261,-0.2740393877029419
1696958244090859800,55.30285986328125,-0.969548225402832,0.15423822402954102,0.03131985664367676
1696958244100873200,55.31287329101563,0.3709888458251953,0.10558104515075684,0.21401044726371765
1696958244110886700,55.32288671875,-0.2750587463378906,0.1336458921432495,0.08375748991966248
1696958244120900000,55.33290014648438,-1.0867843627929688,0.12393718957901001,0.006176084280014038
1696958244130913500,55.34291357421875,-0.20483684539794922,-0.018122553825378418,0.16364839673042297
1696958244140927000,55.35292700195313,0.7993850708007812,0.4156377911567688,0.13769793510437012
1696958244150940400,55.3629404296875,-0.6171636581420898,0.11891508102416992,0.17318648099899292
1696958244160953900,55.37295385742188,-0.5010128021240234,-0.2052535116672516,0.1732594072818756
1696958244170967300,55.38296728515625,0.5755710601806641,0.2587856650352478,0.21380075812339783
1696958244180980700,55.392980712890626,-0.7303800582885742,-0.006184935569763184,0.1302587389945984
1696958244190994200,55.402994140625,-0.12660884857177734,-0.027193009853363037,-0.055934399366378784
1696958244201007600,55.413007568359376,1.3267755508422852,0.2901895046234131,0.3959076404571533
1696958244211021000,55.42302099609375,-0.5784893035888672,0.1927025318145752,-0.22661663591861725
1696958244221034500,55.433034423828126,-0.734807014465332,-0.279805988073349,-0.15011101961135864
1696958244231048000,55.4430478515625,1.9099845886230469,0.16349029541015625,0.3263145983219147
1696958244241061400,55.453061279296875,-0.24987125396728516,-0.027109086513519287,0.02502724528312683
1696958244251074800,55.46307470703125,-0.7367591857910156,0.1605324149131775,-0.061887502670288086
1696958244261088300,55.473088134765625,2.2759313583374023,-0.05191338062286377,0.3693011999130249
1696958244271101700,55.483101806640626,-0.0663919448852539,0.03455650806427002,0.14421117305755615
1696958244281115100,55.493115234375,0.2681741714477539,0.15958857536315918,-0.3030318021774292
1696958244291128600,55.503128662109376,0.5687923431396484,0.2608848810195923,0.2958173453807831
1696958244301142000,55.51314208984375,1.3702726364135742,-0.032519638538360596,0.23946714401245117
1696958244311155500,55.523155517578125,-1.0463018417358398,0.15394222736358643,-0.24063462018966675
1696958244321169000,55.5331689453125,-0.15973281860351562,-0.1117590069770813,0.15184012055397034
1696958244331182300,55.543182373046875,2.0489110946655273,0.29865455627441406,0.5635926127433777
1696958244341195800,55.55319580078125,-0.43639087677001953,-0.21644029021263123,-0.2373068630695343
1696958244351209500,55.56320947265625,-0.7124614715576172,0.04155433177947998,0.03650221228599548
1696958244361223000,55.573222900390626,1.8797740936279297,0.21473020315170288,0.7723586559295654
1696958244371236400,55.583236328125,-0.20832252502441406,-0.1970050036907196,0.1100529134273529
1696958244381249800,55.593249755859375,-0.9962997436523438,-0.08761042356491089,0.13975447416305542
1696958244391263200,55.60326318359375,1.9837265014648438,0.3439508080482483,0.8283052444458008
1696958244401277000,55.61327685546875,0.7030038833618164,-0.354843407869339,0.2765035331249237
1696958244411290400,55.623290283203126,-0.8948392868041992,-0.13669538497924805,0.06880110502243042
1696958244421303800,55.6333037109375,1.5973892211914062,-0.019264280796051025,1.168816089630127
1696958244431317200,55.643317138671875,0.9532413482666016,-0.21121567487716675,0.8234643936157227
1696958244441330700,55.65333056640625,-0.6117687225341797,0.10578036308288574,0.21599948406219482
1696958244451344100,55.66334423828125,1.4399223327636719,-0.2255675494670868,0.7551770210266113
1696958244461357800,55.67335791015625,1.4414138793945312,-0.22721561789512634,1.0380929708480835
1696958244471371300,55.68337133789063,0.24303913116455078,-0.6309722661972046,0.33757054805755615
1696958244481385500,55.69338549804687,0.5675067901611328,-0.5141793489456177,0.6511297225952148
1696958244491399400,55.7033994140625,2.1002159118652344,-0.5312914848327637,1.2419642210006714
1696958244501412900,55.713412841796874,0.6041498184204102,-0.8524571061134338,0.5111563801765442
1696958244511426300,55.72342626953125,0.5022134780883789,-0.6234017014503479,0.5022312998771667
1696958244521440000,55.73343994140625,2.991008758544922,-0.9913008213043213,1.1398060321807861
1696958244531453400,55.743453369140624,0.5513334274291992,-1.2115862369537354,0.8260811567306519
1696958244541467000,55.753466796875,0.4401426315307617,-0.6930456161499023,0.3291685879230499
1696958244551480300,55.763480224609374,1.715341567993164,-0.41166457533836365,1.2975705862045288
1696958244561493800,55.77349365234375,1.9695453643798828,-0.6682194471359253,1.1346800327301025
1696958244571507200,55.783507080078124,-1.0504770278930664,-0.20728671550750732,0.3572935461997986
1696958244581521000,55.79352099609375,1.418278694152832,-0.7945814728736877,0.8788623809814453
1696958244591534300,55.803534423828125,2.0319957733154297,-0.0595240592956543,1.158502221107483
1696958244601547800,55.8135478515625,-0.40978240966796875,0.03148239850997925,0.4913772642612457
1696958244611561200,55.823561279296875,-0.5420541763305664,0.5250594615936279,0.5807855129241943
1696958244621574700,55.83357470703125,0.8125181198120117,0.5274298787117004,0.7655144333839417
1696958244631588400,55.84358837890625,-1.6976070404052734,-0.13520920276641846,-0.19743630290031433
1696958244641601800,55.853601806640626,-2.051264762878418,0.2216903567314148,-0.6379503011703491
1696958244651615200,55.863615234375,-0.07631587982177734,0.4926893711090088,-0.2989240288734436
1696958244661628700,55.873628662109375,-1.8386306762695312,0.20356374979019165,-0.920319676399231
1696958244671642000,55.88364208984375,-3.118870735168457,0.6636341214179993,-1.4171137809753418
1696958244681655800,55.89365576171875,-1.141505241394043,0.5977177619934082,-0.7300682663917542
1696958244691669200,55.903669189453126,-0.6550693511962891,0.8588948845863342,-0.8735368847846985
1696958244701682700,55.9136826171875,-3.3910884857177734,0.5102298855781555,-1.2598750591278076
1696958244711696100,55.923696044921876,-1.7334747314453125,0.39965420961380005,-0.9926284551620483
1696958244721709600,55.93370947265625,-1.7809028625488281,0.7295196652412415,-0.8999019265174866
1696958244731723300,55.94372314453125,-2.5741796493530273,0.4278753399848938,-1.5336289405822754
1696958244741736700,55.95373681640625,-1.9030852317810059,0.3178369402885437,-1.8138082027435303
1696958244751750100,55.96375024414063,-0.7080850601196289,0.7249345183372498,-1.4095466136932373
1696958244761763600,55.973763671875,-1.3415803909301758,0.5332225561141968,-1.2476592063903809
1696958244771777000,55.98377709960938,-2.241300582885742,0.2770669460296631,-1.1769006252288818
1696958244781790700,55.99379077148438,-0.7446174621582031,0.8158028721809387,-0.9942299127578735
1696958244791804200,56.00380419921875,-1.9851651191711426,-0.29608476161956787,-1.4057128429412842
1696958244801817600,56.01381762695313,-2.3244733810424805,0.1317732334136963,-1.3365727663040161
1696958244811831000,56.0238310546875,0.8926448822021484,0.013542354106903076,-1.516484260559082
1696958244821844500,56.03384448242188,-0.8824577331542969,0.3512558341026306,-1.0459803342819214
1696958244831858200,56.04385815429688,-0.18763256072998047,0.238589346408844,-0.680546760559082
1696958244841871600,56.05387158203125,-1.4392595291137695,0.1375187635421753,-0.6467219591140747
1696958244851885000,56.06388500976563,-0.6093025207519531,-0.03580665588378906,-0.32375383377075195
1696958244861898500,56.0738984375,0.18071842193603516,-0.2413405179977417,-0.45653730630874634
1696958244871912000,56.08391186523438,-1.6742258071899414,0.21075022220611572,-0.6546849012374878
1696958244881925400,56.09392529296875,1.1444110870361328,0.12262195348739624,-0.0003321245312690735
1696958244891939000,56.10393896484375,0.7545204162597656,0.2597314119338989,-0.052863650023937225
1696958244901952500,56.11395239257813,-1.9811887741088867,0.2850244641304016,-0.001757897436618805
1696958244911966000,56.12396606445313,0.7425479888916016,0.30766624212265015,0.32552674412727356
1696958244921979400,56.1339794921875,0.6691350936889648,-0.0007523298263549805,0.5195531249046326
1696958244931992800,56.14399291992188,-1.0532684326171875,0.11184442043304443,0.21943655610084534
1696958244942006500,56.15400659179687,0.1534442901611328,0.4384896755218506,0.5794222354888916
1696958244952020000,56.16402001953125,1.1995906829833984,0.38044512271881104,0.882298469543457
1696958244962033400,56.17403344726562,0.16909313201904297,0.3030116558074951,0.36798420548439026
1696958244972046800,56.184046875,-0.9784736633300781,0.5668517351150513,0.6169241666793823
1696958244982060300,56.19406030273438,1.1360750198364258,0.47670286893844604,1.3165630102157593
1696958244992074000,56.20407397460937,1.1524467468261719,0.20205503702163696,0.7085803151130676
1696958245002087400,56.21408740234375,-1.431105613708496,0.48370468616485596,0.47226348519325256
1696958245012100900,56.22410083007812,0.856572151184082,0.5616524815559387,1.2538604736328125
1696958245022114300,56.2341142578125,1.4662981033325195,0.6684828996658325,0.9257218837738037
1696958245032127700,56.24412768554687,-0.7309360504150391,0.1795482039451599,0.14310194551944733
1696958245042141400,56.25414135742187,-0.0076618194580078125,0.46779948472976685,0.8308915495872498
1696958245052155000,56.26415478515625,1.3926687240600586,0.19825643301010132,1.029958724975586
1696958245062168300,56.27416821289062,-0.11609554290771484,0.12023347616195679,0.06887465715408325
1696958245072181800,56.284181640625,-0.18278217315673828,0.5795276761054993,0.11808779835700989
1696958245082195200,56.2941953125,0.9025468826293945,0.056728363037109375,0.6331599950790405
1696958245092209000,56.304208984375,0.7904424667358398,-0.09231650829315186,0.17399321496486664
1696958245102222300,56.31422241210937,0.0861196517944336,0.15950918197631836,-0.3962096571922302
1696958245112235800,56.32423583984375,-0.4494609832763672,-0.17886614799499512,0.2807832360267639
1696958245122249200,56.33424926757812,2.5100107192993164,0.15919387340545654,0.567090630531311
1696958245132262700,56.3442626953125,-0.5879306793212891,-0.17452377080917358,-0.3450719714164734
1696958245142276400,56.3542763671875,-0.4480409622192383,0.5924027562141418,-0.2223992645740509
1696958245152289800,56.36428979492187,0.571293830871582,0.32025033235549927,0.193808913230896
1696958245162303200,56.37430322265625,-0.4241762161254883,0.004222095012664795,-0.10886748880147934
1696958245172316700,56.38431665039062,-0.9486236572265625,0.566232442855835,-0.6768013834953308
1696958245182330000,56.394330078125,-1.123185157775879,0.6330548524856567,0.0979245975613594
1696958245192343600,56.40434350585937,0.9920101165771484,0.4155590534210205,-0.3836000859737396
1696958245202357200,56.414357177734374,-2.589768886566162,0.1453137993812561,-1.201309084892273
1696958245212370700,56.42437060546875,-2.26821231842041,0.9515480399131775,-0.5952251553535461
1696958245222384000,56.43438403320312,-0.4943504333496094,0.6294745802879333,-0.45022642612457275
1696958245232397600,56.4443974609375,-2.0415449142456055,0.31309348344802856,-1.2562063932418823
1696958245242411000,56.45441088867187,-1.8838024139404297,0.43998026847839355,-1.0326414108276367
1696958245252424700,56.4644248046875,-0.14931106567382812,1.2444325685501099,-0.7146360278129578
1696958245262438100,56.474438232421875,-1.0953035354614258,0.5214449167251587,-0.7007201910018921
1696958245272451600,56.48445166015625,-3.205216407775879,0.43836796283721924,-1.0532288551330566
1696958245282465000,56.494465087890624,-1.735330581665039,0.5627557635307312,-1.190605640411377
1696958245292478500,56.504478515625,-1.860292911529541,0.8949244022369385,-1.1850957870483398
1696958245302492200,56.5144921875,-1.8704819679260254,0.41165781021118164,-1.7961622476577759
1696958245312505600,56.524505615234375,-3.505373477935791,1.343449592590332,-1.4110486507415771
1696958245322519000,56.53451904296875,-0.08040809631347656,1.0163371562957764,-0.7214335799217224
1696958245332532500,56.544532470703125,-0.7447013854980469,0.4013497829437256,-1.2910864353179932
1696958245342546000,56.5545458984375,-3.0136008262634277,0.06257611513137817,-0.7676392793655396
1696958245352559600,56.5645595703125,0.10913848876953125,0.07797253131866455,-0.4114784002304077
1696958245362573000,56.574572998046875,0.7009458541870117,0.6114445924758911,-0.4655572474002838
1696958245372586500,56.58458642578125,-0.5629425048828125,0.5567200779914856,0.12570056319236755
1696958245382600000,56.594599853515625,0.9191370010375977,0.8826675415039062,0.47147756814956665
1696958245392613400,56.60461328125,1.7191572189331055,0.5544281005859375,0.5613923072814941
1696958245402627000,56.614626953125,0.5434370040893555,-0.41771194338798523,0.28789737820625305
1696958245412640500,56.624640625,-1.045140266418457,-0.22072750329971313,0.37310346961021423
1696958245422654000,56.634654052734376,1.2984619140625,-0.10436171293258667,0.7368123531341553
1696958245432667400,56.64466748046875,1.2423038482666016,0.8106583952903748,0.7930881381034851
1696958245442680800,56.654680908203126,0.6174163818359375,0.21990889310836792,0.42007172107696533
1696958245452694500,56.66469458007813,-0.24964046478271484,0.08587378263473511,1.0772805213928223
1696958245462708000,56.6747080078125,3.2678585052490234,0.05573171377182007,1.3773987293243408
1696958245472721400,56.68472143554688,-1.203892707824707,0.021039724349975586,0.8055253028869629
1696958245482734800,56.69473486328125,0.15565872192382812,-0.291080504655838,1.3085370063781738
1696958245492748300,56.704748291015626,2.826658248901367,0.545004665851593,1.6563529968261719
1696958245502761700,56.71476171875,1.7154130935668945,0.3444936275482178,0.965756893157959
1696958245512775400,56.724775390625,0.31540775299072266,0.04486030340194702,1.1363643407821655
1696958245522788900,56.73478881835938,2.4743804931640625,0.08595234155654907,2.086792469024658
1696958245532802300,56.74480224609375,2.4680395126342773,0.14127492904663086,1.4009560346603394
1696958245542815700,56.754815673828126,-0.11421394348144531,-0.021057963371276855,1.0387353897094727
1696958245552829200,56.7648291015625,1.9692087173461914,-0.07062608003616333,1.5690248012542725
1696958245562843000,56.7748427734375,3.297398567199707,0.43352317810058594,1.681241750717163
1696958245572856300,56.78485620117188,1.7499427795410156,0.039682984352111816,0.9241446852684021
1696958245582869800,56.79486987304688,0.6984586715698242,0.06412863731384277,1.1682350635528564
1696958245592883200,56.80488330078125,3.7497787475585938,-0.05958247184753418,1.6124498844146729
1696958245602896600,56.81489672851563,1.1833505630493164,-0.06442433595657349,0.9092512130737305
1696958245612910300,56.82491040039063,-0.0773305892944336,-0.28644534945487976,0.7384883165359497
1696958245622923800,56.834923828125,2.875537872314453,-0.28648272156715393,1.3649052381515503
1696958245632937200,56.84493725585938,2.442361831665039,-0.09741908311843872,0.6874549984931946
1696958245642950700,56.85495068359375,-0.7376623153686523,-0.5860259532928467,0.30133968591690063
1696958245652964000,56.86496411132813,1.1985464096069336,-0.4460068941116333,0.9587149620056152
1696958245662977800,56.87497778320313,3.144648551940918,-0.4576600193977356,0.81267249584198
1696958245672991200,56.8849912109375,-1.055161476135254,-0.7481375932693481,0.25179174542427063
1696958245683004700,56.89500463867188,0.8865299224853516,-0.6641446352005005,0.37758976221084595
1696958245693018000,56.90501806640625,1.3279247283935547,-0.6003705263137817,1.059159278869629
1696958245703031600,56.91503149414063,1.2136077880859375,-0.5902891159057617,0.7601925134658813
1696958245713045200,56.92504516601562,-0.5490875244140625,-0.04134535789489746,0.49686741828918457
1696958245723058700,56.93505859375,1.5585308074951172,-0.11926484107971191,1.0555967092514038
1696958245733072100,56.94507202148438,1.7305192947387695,-0.47089770436286926,0.6291340589523315
1696958245743085600,56.95508544921875,-2.4850778579711914,-0.603955864906311,0.009815186262130737
1696958245753099000,56.96509912109375,0.5019893646240234,-0.047944605350494385,0.49877622723579407
1696958245763112700,56.97511279296875,1.3076725006103516,1.1534099578857422,1.2416417598724365
1696958245773126100,56.98512622070312,0.32374095916748047,-0.028424859046936035,0.2562074363231659
1696958245783139600,56.9951396484375,-1.8092889785766602,0.2918219566345215,-0.10651668161153793
1696958245793153000,57.00515307617187,0.7223930358886719,-0.264398992061615,0.3175134062767029
1696958245803166500,57.01516650390625,-0.7326440811157227,0.018885552883148193,-0.15597692131996155
1696958245813180000,57.02517993164062,-1.3958168029785156,-0.16026100516319275,-0.7592159509658813
1696958245823193600,57.03519360351562,-0.8287925720214844,-0.04292398691177368,-0.24557168781757355
1696958245833207000,57.04520703125,0.2337646484375,0.2098231315612793,0.025443950667977333
1696958245843220500,57.05522045898437,-1.3822221755981445,-0.0881107747554779,-0.9800736308097839
1696958245853234000,57.06523388671875,-2.1390528678894043,-0.2835201621055603,-0.8903698325157166
1696958245863247400,57.07524731445312,1.718064308166504,0.21331483125686646,-0.3290179967880249
1696958245873261000,57.08526098632812,-1.9754910469055176,0.1327071189880371,-1.0703788995742798
1696958245883274500,57.0952744140625,-1.4450511932373047,-0.2668946385383606,-1.320481777191162
1696958245893288000,57.10528784179687,0.7331142425537109,0.12684369087219238,-0.7112683057785034
1696958245903301400,57.11530126953125,-1.2039928436279297,-0.20775055885314941,-1.1916320323944092
1696958245913314800,57.12531469726562,-2.333404541015625,-0.029527336359024048,-1.757361888885498
1696958245923328500,57.13532861328125,-1.2665586471557617,-0.17182788252830505,-1.4401178359985352
1696958245933342000,57.145342041015624,-0.3836994171142578,0.26456671953201294,-1.3704683780670166
1696958245943355400,57.15535546875,-1.2569913864135742,-0.14488032460212708,-2.0136544704437256
1696958245953368800,57.165368896484374,-1.3635826110839844,0.1642824411392212,-1.636713981628418
1696958245963382300,57.17538232421875,0.0021200180053710938,-0.1025640070438385,-0.8684879541397095
1696958245973396000,57.18539599609375,-1.502786636352539,-0.6330710649490356,-1.559995412826538
1696958245983409400,57.195409423828124,-2.5166678428649902,-0.13373586535453796,-1.5532609224319458
1696958245993422800,57.2054228515625,0.03686714172363281,0.9151991605758667,-0.6884297132492065
1696958246003436300,57.215436279296874,0.16632080078125,-0.10676398873329163,-1.2060848474502563
1696958246013449700,57.22544970703125,-2.949674606323242,-0.6368602514266968,-1.6739038228988647
1696958246023463400,57.23546337890625,-0.12269210815429688,0.4809444546699524,-1.0475677251815796
1696958246033476900,57.245476806640625,-0.5330476760864258,0.30612778663635254,-0.3528626561164856
1696958246043490300,57.255490234375,-0.6844387054443359,-0.3617342710494995,-0.8329534530639648
1696958246053503700,57.265503662109374,-1.800705909729004,0.48844099044799805,-0.9711154699325562
1696958246063517200,57.27551708984375,0.05313301086425781,0.4628998041152954,-0.29579460620880127
1696958246073531000,57.28553076171875,0.27312469482421875,0.4988917112350464,-0.25850021839141846
1696958246083544300,57.29554443359375,-1.3571090698242188,-0.25021275877952576,-0.7330115437507629
1696958246093557800,57.305557861328126,-1.0621976852416992,0.3163642883300781,-0.03476265072822571
1696958246103571200,57.3155712890625,1.5975847244262695,0.4184969663619995,0.26667511463165283
1696958246113584600,57.325584716796875,-1.1396808624267578,0.20564812421798706,-0.13810941576957703
1696958246123598000,57.33559814453125,-0.7165622711181641,0.34555208683013916,-0.044370636343955994
1696958246133611800,57.34561181640625,1.2208175659179688,0.5177258253097534,0.47628000378608704
1696958246143625200,57.355625244140626,0.008694648742675781,0.361583948135376,0.2508050799369812
1696958246153638700,57.365638671875,-0.7607831954956055,0.15398246049880981,0.10190863907337189
1696958246163652000,57.375652099609376,-0.5678815841674805,0.7800242304801941,0.712035596370697
1696958246173665500,57.38566552734375,1.7034807205200195,0.9498817920684814,1.0885783433914185
1696958246183679200,57.39567919921875,-1.1058759689331055,0.6104307770729065,0.05870908498764038
1696958246193692700,57.405692626953126,-0.9027738571166992,0.8333994150161743,0.6370672583580017
1696958246203706000,57.4157060546875,1.9668426513671875,0.75929856300354,1.1635286808013916
1696958246213719600,57.425719482421876,-0.8672189712524414,0.6191010475158691,0.47388604283332825
1696958246223733000,57.43573291015625,-1.5009212493896484,0.301296591758728,0.2133447825908661
1696958246233746700,57.44574658203125,0.3664274215698242,1.0824267864227295,0.9425528049468994
1696958246243760000,57.455760009765626,0.9006681442260742,0.6518028378486633,0.8086233139038086
1696958246253773600,57.46577368164063,-1.1040840148925781,0.24209582805633545,-0.0453643798828125
1696958246263787000,57.475787109375,0.5040264129638672,0.8731679916381836,0.26303303241729736
1696958246273800400,57.48580053710938,1.0283174514770508,0.49097174406051636,0.4392772316932678
1696958246283814100,57.49581420898438,-1.8083782196044922,-0.06096583604812622,-0.2819384038448334
1696958246293827600,57.50582763671875,0.40353870391845703,0.34303075075149536,-0.22729738056659698
1696958246303841000,57.51584106445313,0.30672550201416016,0.2206394076347351,0.4246217608451843
1696958246313854500,57.5258544921875,1.6962471008300781,0.379386842250824,0.08785779774188995
1696958246323868200,57.5358681640625,-0.062027931213378906,0.13627159595489502,-0.14484836161136627
1696958246333881600,57.54588159179688,-0.32046985626220703,0.33035653829574585,0.07645222544670105
1696958246343895000,57.55589501953125,2.2272768020629883,0.3093094825744629,0.2746961712837219
1696958246353908700,57.56590869140625,-1.228835105895996,-0.12956467270851135,-0.5305878520011902
1696958246363922200,57.57592211914063,-0.6958475112915039,0.11775106191635132,-0.2624262571334839
1696958246373935900,57.58593579101562,2.9521045684814453,0.5397038459777832,-0.18850719928741455
1696958246383949300,57.59594921875,-0.061316490173339844,0.0030100345611572266,-0.48366233706474304
1696958246393962800,57.60596264648437,-0.051910400390625,0.15990185737609863,-0.7503516674041748
1696958246403976400,57.6159765625,0.9660167694091797,-0.41768836975097656,-0.6808421611785889
1696958246413990000,57.62598999023437,1.4223289489746094,-0.6518444418907166,-0.6624546647071838
1696958246424003600,57.636003662109374,-0.038776397705078125,-2.162884473800659,-1.21225106716156
1696958246434017000,57.64601708984375,-1.008932113647461,-1.1212549209594727,-0.7521397471427917
1696958246444030500,57.656030517578124,4.059413909912109,0.1953611969947815,0.005687817931175232
1696958246454044200,57.666044189453125,2.697265625,-1.5491931438446045,-1.9543565511703491
1696958246464057600,57.6760576171875,-0.7501993179321289,-3.008246898651123,-1.3556625843048096
1696958246474071300,57.6860712890625,2.8074426651000977,-3.136539936065674,-0.2309184968471527
1696958246484084700,57.696084716796875,1.0186939239501953,-1.4010021686553955,-0.3517034649848938
1696958246494098200,57.70609814453125,0.6343450546264648,-0.9883698225021362,-0.9559688568115234
1696958246504111900,57.71611181640625,3.0087270736694336,-1.3743668794631958,-1.1890919208526611
1696958246514125300,57.726125244140626,1.8266735076904297,-0.9370501041412354,-0.7585494518280029
1696958246524139000,57.736138916015626,0.18889141082763672,-1.3038182258605957,-1.43769371509552
1696958246534152400,57.74615234375,0.8634510040283203,-0.5983366370201111,-0.36994126439094543
1696958246544166000,57.756165771484376,2.521285057067871,0.2282242774963379,1.2854145765304565
1696958246554179600,57.7661796875,1.7234535217285156,0.789963960647583,1.0561174154281616
1696958246564193000,57.77619311523438,-1.95399808883667,1.426437258720398,0.29977571964263916
1696958246574206700,57.78620678710938,0.9819021224975586,0.7778185606002808,1.4533240795135498
1696958246584220200,57.79622021484375,0.7045135498046875,1.683251142501831,-0.5824384689331055
1696958246594233600,57.80623364257813,-3.653902530670166,0.4915388822555542,-1.221421241760254
1696958246604247300,57.81624731445312,-0.03007221221923828,0.9390501976013184,0.9017091989517212
1696958246614260700,57.8262607421875,-1.2513580322265625,0.05310291051864624,1.2828131914138794
1696958246624274200,57.83627416992187,-4.185590744018555,0.10565710067749023,-0.08368609845638275
1696958246634287600,57.84628759765625,-1.1388540267944336,0.7822065949440002,0.11153732240200043
1696958246644301000,57.85630102539063,-0.8616409301757812,1.463390827178955,0.5168541669845581
1696958246654314800,57.86631469726562,-0.1412057876586914,0.9870215058326721,-0.38267189264297485
1696958246664328200,57.876328125,-2.9442882537841797,-0.17880654335021973,0.2230605185031891
1696958246674341600,57.88634155273437,-1.3107833862304688,0.09867042303085327,1.5127248764038086
1696958246684355000,57.89635498046875,-0.3787822723388672,1.1545915603637695,1.1688934564590454
1696958246694368500,57.90636840820312,-2.2786388397216797,0.7600915431976318,0.8364078998565674
1696958246704382200,57.91638232421875,-0.6566438674926758,0.6126998662948608,0.8020289540290833
1696958246714395600,57.92639575195312,-0.233367919921875,0.966098427772522,0.9716545343399048
1696958246724409000,57.9364091796875,-0.6095008850097656,0.5611695647239685,0.5687649250030518
1696958246734422500,57.94642260742187,-1.2620658874511719,0.575208306312561,0.9690353870391846
1696958246744436000,57.95643603515625,0.3139028549194336,0.7381844520568848,1.6083307266235352
1696958246754449700,57.96644970703125,-0.7090740203857422,0.7991293668746948,1.381614327430725
1696958246764463000,57.97646313476562,-1.3715496063232422,0.773903489112854,0.9543434381484985
1696958246774476500,57.9864765625,0.09908199310302734,0.8003628253936768,0.951116681098938
1696958246784490000,57.99648999023437,0.00310516357421875,0.4558607339859009,1.0246957540512085
1696958246794503400,58.00650341796875,-0.1069793701171875,0.29777097702026367,0.6424179077148438
1696958246804517000,58.01651708984375,-0.9385881423950195,0.6968203783035278,0.9182351231575012
1696958246814530600,58.026530517578124,1.381134033203125,0.7076537609100342,0.9674566388130188
1696958246824544000,58.0365439453125,-0.9834251403808594,0.5116230249404907,0.7441222667694092
1696958246834557400,58.04655737304687,-1.005610466003418,0.32522308826446533,0.49300453066825867
1696958246844571000,58.05657080078125,1.2900972366333008,0.549430251121521,0.4308285415172577
1696958246854584600,58.06658447265625,-0.12327384948730469,0.08211767673492432,0.47606125473976135
1696958246864598000,58.076597900390624,-0.44876766204833984,0.16567599773406982,0.4777210056781769
1696958246874611500,58.086611572265625,0.1012887954711914,0.2130516767501831,0.7065680027008057
1696958246884625000,58.096625,1.1133880615234375,0.5433998107910156,0.4533619284629822
1696958246894638300,58.106638427734374,-0.7728471755981445,0.09658175706863403,0.02269694209098816
1696958246904652000,58.116652099609375,-0.6476545333862305,0.13874965906143188,0.4800613820552826
1696958246914665500,58.12666552734375,1.8383159637451172,0.12425792217254639,0.6875817775726318
1696958246924679000,58.136678955078125,0.4089784622192383,0.1804797649383545,-0.2095654010772705
1696958246934692400,58.1466923828125,-1.7003679275512695,0.34452390670776367,-0.037039026618003845
1696958246944705800,58.156705810546875,1.638676643371582,-0.03563272953033447,0.46667352318763733
1696958246954719200,58.16671923828125,0.8360595703125,0.214838445186615,-0.19372500479221344
1696958246964733000,58.17673291015625,-1.3077802658081055,-0.061170995235443115,-0.4456420838832855
1696958246974746400,58.186746337890625,0.1952981948852539,0.05578291416168213,0.2060622125864029
1696958246984759800,58.196759765625,1.589735984802246,0.16888964176177979,-0.0478426069021225
1696958246994773200,58.206773193359375,-0.8567848205566406,-0.11013001203536987,-0.7856770753860474
1696958247004786700,58.21678662109375,-0.5447416305541992,0.355521559715271,-0.5874899625778198
1696958247014800400,58.22680029296875,1.35345458984375,0.052024781703948975,0.045572638511657715
1696958247024813800,58.236813720703125,-0.3611612319946289,-0.30430811643600464,-0.6304653882980347
1696958247034827300,58.2468271484375,-1.3405084609985352,0.2796516418457031,-1.010963797569275
1696958247044840700,58.2568408203125,1.0806283950805664,0.12014997005462646,-0.07469595223665237
1696958247054854100,58.266854248046876,0.17453479766845703,0.2876743674278259,-0.33114659786224365
1696958247064867800,58.27686791992188,-0.9350547790527344,-0.30203354358673096,-1.0990386009216309
1696958247074881300,58.28688134765625,-0.8613386154174805,0.07009434700012207,-0.46112412214279175
1696958247084894700,58.296894775390626,1.4679527282714844,0.4444924592971802,-0.10760252177715302
1696958247094908200,58.306908203125,-0.33273792266845703,-0.38268858194351196,-0.863518238067627
1696958247104921600,58.316921630859376,-1.397928237915039,0.06601619720458984,-0.8274838924407959
1696958247114935300,58.32693530273438,1.6590795516967773,0.2599836587905884,0.1770213097333908
1696958247124948700,58.33694873046875,-0.02237701416015625,0.028028547763824463,-0.31643104553222656
1696958247134962200,58.34696215820313,-1.160059928894043,-0.1500166654586792,-0.7737442851066589
1696958247144975600,58.3569755859375,0.4771394729614258,0.2531115412712097,-0.18458706140518188
1696958247154989000,58.366989013671876,0.5428676605224609,0.2713475823402405,0.17476733028888702
1696958247165002800,58.37700268554688,0.07312202453613281,-0.11156803369522095,-0.6353245973587036
1696958247175016200,58.38701611328125,-1.1218852996826172,0.19101285934448242,-0.27275562286376953
1696958247185029600,58.39702954101563,1.3468360900878906,0.25781792402267456,0.21076945960521698
1696958247195043000,58.40704296875,-0.1092214584350586,-0.07873773574829102,0.038706496357917786
1696958247205056500,58.41705639648438,-0.4817342758178711,0.22749781608581543,-0.5486123561859131
1696958247215070200,58.4270703125,-0.30849552154541016,0.3564474582672119,0.19103366136550903
1696958247225083600,58.43708374023438,1.4844818115234375,0.19687527418136597,0.30529510974884033
1696958247235097000,58.44709716796875,-1.3434381484985352,-0.11148154735565186,-0.501973032951355
1696958247245110500,58.45711059570313,-0.09293079376220703,0.5984492301940918,0.10747286677360535
1696958247255124000,58.4671240234375,1.202652931213379,0.22642403841018677,0.6223933100700378
1696958247265137400,58.47713745117188,-0.9317426681518555,-0.10466033220291138,-0.20357905328273773
1696958247275151000,58.48715112304688,-0.37505054473876953,0.5411462783813477,-0.20544178783893585
1696958247285164500,58.49716455078125,0.5769481658935547,0.2720208764076233,0.6628547310829163
1696958247295178000,58.50717797851563,0.6138105392456055,0.08854085206985474,0.348209023475647
1696958247305191400,58.51719140625,-1.0745611190795898,-0.03285872936248779,-0.36853504180908203
1696958247315204900,58.52720483398438,-0.5988759994506836,0.3894994258880615,0.2798157334327698
1696958247325218600,58.53721850585937,1.7969903945922852,0.4302290678024292,0.6388466358184814
1696958247335232000,58.54723193359375,-1.2132787704467773,-0.29023927450180054,-0.08210326731204987
1696958247345245400,58.55724536132813,-0.5557098388671875,0.4339424967765808,-0.4059410095214844
1696958247355259000,58.5672587890625,0.817378044128418,0.3936348557472229,0.61520916223526
1696958247365272300,58.57727221679688,0.5621013641357422,0.04757416248321533,0.10017555952072144
1696958247375286000,58.5872861328125,-1.6423072814941406,0.10818487405776978,-0.4767970144748688
1696958247385299500,58.59729956054687,0.34975242614746094,0.3292602300643921,0.2529943585395813
1696958247395313000,58.60731298828125,0.7122898101806641,0.502703845500946,0.2877393662929535
1696958247405326300,58.61732641601562,-0.36948490142822266,-0.15861064195632935,-0.05255323648452759
1696958247415339800,58.62733984375,-0.9706249237060547,0.22800588607788086,0.29133397340774536
1696958247425353500,58.637353515625,0.9148101806640625,0.32170581817626953,0.5699498653411865
1696958247435367000,58.64736694335937,0.1529827117919922,0.36946141719818115,0.01824881136417389
1696958247445380400,58.65738037109375,-0.903407096862793,-0.04904294013977051,-0.10442914068698883
1696958247455393800,58.66739379882812,-0.07421684265136719,-0.24211335182189941,0.485376238822937
1696958247465407200,58.6774072265625,0.6765966415405273,0.11289721727371216,0.18205714225769043
1696958247475421000,58.6874208984375,-1.1358222961425781,0.3886995315551758,-0.8800622224807739
1696958247485434400,58.69743432617187,-0.8652286529541016,0.4869002103805542,-0.41556400060653687
1696958247495447800,58.70744775390625,1.3357810974121094,-0.08338892459869385,0.4921855330467224
1696958247505461200,58.71746118164062,-1.094761848449707,0.1070929765701294,-0.26184409856796265
1696958247515474700,58.727474609375,-0.8337240219116211,0.21451759338378906,-0.47762781381607056
1696958247525488400,58.73748828125,0.1055917739868164,0.5146906971931458,0.39470577239990234
1696958247535501800,58.74750170898437,1.3960075378417969,0.2898791432380676,0.05019579827785492
1696958247545515300,58.757515380859374,-2.1432313919067383,0.28203773498535156,-0.7043180465698242
1696958247555528700,58.76752880859375,-0.10215091705322266,0.34528666734695435,-0.19066877663135529
1696958247565542100,58.777542236328124,1.7052793502807617,0.5380104184150696,0.3636329770088196
1696958247575555600,58.7875556640625,-1.5818758010864258,-0.14448851346969604,-0.2450542151927948
1696958247585569300,58.7975693359375,0.14737415313720703,0.6245107054710388,-0.3499470353126526
1696958247595582700,58.807582763671874,0.7065181732177734,0.47619807720184326,0.26052242517471313
1696958247605596200,58.81759619140625,0.18394756317138672,-0.26702994108200073,-0.18267196416854858
1696958247615609600,58.827609619140624,-1.1018686294555664,0.5299146771430969,-0.3403299152851105
1696958247625623000,58.837623046875,1.4622459411621094,0.46360987424850464,0.27540600299835205
1696958247635636700,58.84763671875,0.617762565612793,-0.10464358329772949,-0.13744312524795532
1696958247645650200,58.857650146484374,-0.7173242568969727,-0.14535391330718994,-0.5816400051116943
1696958247655663600,58.86766357421875,-0.1470174789428711,-0.5490701198577881,0.2346975952386856
1696958247665677000,58.877677001953124,2.538693428039551,-0.9832630753517151,0.05930602550506592
1696958247675690500,58.8876904296875,0.14275741577148438,-1.9645943641662598,-0.5550957322120667
1696958247685704200,58.8977041015625,-1.5644941329956055,-0.41692864894866943,0.14872108399868011
1696958247695717600,58.907717529296875,3.9869937896728516,-0.07309091091156006,0.3684220016002655
1696958247705731000,58.91773095703125,-0.8596763610839844,-1.235582947731018,-0.8098839521408081
1696958247715744500,58.92774462890625,-0.8493480682373047,-0.7681896686553955,-0.45514610409736633
1696958247725758000,58.937758056640625,2.224773406982422,0.22370308637619019,0.7151992917060852
1696958247735771600,58.947771728515626,1.104569435119629,0.765983521938324,0.5684112310409546
1696958247745785000,58.95778515625,0.8902292251586914,0.22865629196166992,-0.3370473384857178
1696958247755798500,58.967798583984376,-0.2985668182373047,0.6312344074249268,0.5473965406417847
1696958247765812000,58.97781201171875,2.658803939819336,0.5417084097862244,0.46603167057037354
1696958247775825400,58.987825439453125,-1.3201818466186523,0.3081067204475403,0.172803595662117
1696958247785839000,58.997839111328126,-0.4631614685058594,0.4616037607192993,0.5223565697669983
1696958247795852500,59.0078525390625,1.5010566711425781,0.3103606700897217,0.6192301511764526
1696958247805866000,59.017865966796876,-0.5014362335205078,0.21313107013702393,0.24940063059329987
1696958247815879400,59.02787939453125,-0.38189220428466797,-0.3993465006351471,-0.17067094147205353
1696958247825892900,59.037892822265626,-0.9601802825927734,-0.1187320351600647,0.5378230214118958
1696958247835906600,59.047906494140626,1.3543052673339844,-0.24067485332489014,0.5660427212715149
1696958247845920000,59.057919921875,-0.852686882019043,-0.40169915556907654,-0.05821549892425537
1696958247855933400,59.067933349609376,-1.4966344833374023,-0.4702545404434204,0.11899833381175995
1696958247865947000,59.07794677734375,1.0729217529296875,0.33077549934387207,0.9402801394462585
1696958247875960300,59.087960205078126,0.2908515930175781,-0.3445090353488922,-0.22691965103149414
1696958247885973800,59.09797387695313,-2.611203670501709,-0.38550248742103577,-0.4964107871055603
1696958247895987500,59.10798754882813,0.477294921875,-0.05292820930480957,0.7407552599906921
1696958247906001000,59.1180009765625,1.0398740768432617,0.02435588836669922,-0.024412810802459717
1696958247916014300,59.12801440429688,-2.255600929260254,-0.088864266872406,-0.5853596925735474
1696958247926027800,59.13802783203125,-0.2718067169189453,-0.14112764596939087,0.16988815367221832
1696958247936041200,59.14804125976563,0.09688568115234375,0.3693687915802002,0.2115793079137802
1696958247946055000,59.15805493164063,-1.3466691970825195,-0.12840062379837036,-0.6505633592605591
1696958247956068400,59.168068359375,-1.333810806274414,-0.15596294403076172,-0.43340224027633667
1696958247966081800,59.17808178710938,-0.020972251892089844,0.2737414240837097,0.36541271209716797
1696958247976095200,59.18809521484375,0.30416011810302734,0.09419757127761841,-0.1293705701828003
1696958247986108700,59.19810864257813,-2.0810813903808594,0.16672658920288086,-0.847253680229187
1696958247996122400,59.20812231445313,-0.2503824234008789,0.10080933570861816,0.041386231780052185
1696958248006135800,59.2181357421875,-0.2111682891845703,0.2340828776359558,0.3632943034172058
1696958248016149200,59.22814916992188,-1.2237396240234375,-0.1022261381149292,-0.4990701675415039
1696958248026162700,59.23816259765625,-0.8572597503662109,0.1864740252494812,-0.31506502628326416
1696958248036176100,59.24817602539063,0.3636665344238281,0.2797609567642212,0.39274102449417114
1696958248046189800,59.25818994140625,-0.06704425811767578,0.030592381954193115,-0.2632382810115814
1696958248056203300,59.26820336914062,-1.8923020362854004,0.09041345119476318,-0.7860102653503418
1696958248066216700,59.278216796875,0.5689449310302734,0.39007115364074707,0.2601601779460907
1696958248076230100,59.28823022460937,0.4579601287841797,-0.10340648889541626,-0.06233687698841095
1696958248086243600,59.29824365234375,-1.631361961364746,0.26645296812057495,-0.49630847573280334
1696958248096257300,59.30825732421875,0.6380252838134766,0.25556713342666626,-0.09545305371284485
1696958248106270700,59.31827075195312,0.5317058563232422,0.27824604511260986,0.16835130751132965
1696958248116284200,59.3282841796875,-0.1098318099975586,-0.07831043004989624,-0.4055479168891907
1696958248126297600,59.33829760742187,-0.6349430084228516,0.37231796979904175,-0.267506867647171
1696958248136311000,59.34831103515625,1.3691577911376953,0.3463069796562195,0.4095601737499237
1696958248146324700,59.35832470703125,1.0268230438232422,0.06312477588653564,0.0035820677876472473
1696958248156338200,59.36833813476562,-1.3793401718139648,0.20848625898361206,-0.11749725788831711
1696958248166351600,59.3783515625,1.491495132446289,0.47098076343536377,0.4265058636665344
1696958248176365000,59.38836499023437,1.3686819076538086,0.31183671951293945,0.2310127317905426
1696958248186378500,59.39837841796875,-0.8902206420898438,-0.06890404224395752,-0.22827434539794922
1696958248196392000,59.40839184570312,0.4500999450683594,0.3284132480621338,0.16719910502433777
1696958248206405600,59.41840551757812,1.495840072631836,0.6346400380134583,0.5128318071365356
1696958248216419000,59.42841918945312,0.17795276641845703,-0.2856854200363159,-0.10285858809947968
1696958248226432500,59.4384326171875,-1.0982961654663086,0.5442497134208679,-0.19288602471351624
1696958248236446000,59.44844604492187,0.6964216232299805,0.47792547941207886,0.6188440322875977
1696958248246459400,59.45845947265625,1.249237060546875,0.19648849964141846,0.07267878204584122
1696958248256473000,59.46847314453125,-1.2961750030517578,0.2087450623512268,-0.40999317169189453
1696958248266486500,59.47848657226562,-0.40901947021484375,0.2632613182067871,0.10169140994548798
1696958248276500000,59.4885,0.8441696166992188,0.6199436783790588,0.4756433665752411
1696958248286513400,59.49851342773437,0.10135459899902344,-0.1278863549232483,-0.17806309461593628
1696958248296526800,59.50852685546875,-2.140267848968506,0.22168803215026855,-0.19236767292022705
1696958248306540500,59.51854052734375,1.4298982620239258,0.4734572768211365,0.49034738540649414
1696958248316554000,59.528553955078124,0.762202262878418,0.29800671339035034,0.20960718393325806
1696958248326567400,59.5385673828125,-1.4429206848144531,-0.04092550277709961,-0.3488103449344635
1696958248336580900,59.54858081054687,-0.25438880920410156,0.12018311023712158,0.3680349886417389
1696958248346594300,59.55859423828125,1.3662281036376953,0.48387718200683594,0.441200315952301
1696958248356608000,59.56860791015625,-0.5057706832885742,-0.4591308534145355,-0.24059021472930908
1696958248366621400,59.578621337890624,-1.4032049179077148,0.1998310089111328,0.14674688875675201
1696958248376635000,59.588634765625,2.007537841796875,0.0961310863494873,0.4251437187194824
1696958248386648300,59.5986484375,-0.6688470840454102,0.08982515335083008,-0.042110007256269455
1696958248396661800,59.608661865234374,-0.01755046844482422,-0.2603205442428589,-0.456808477640152
1696958248406675500,59.618675537109375,-1.0019769668579102,0.06058621406555176,0.2749972343444824
1696958248416689000,59.62868896484375,1.991826057434082,0.30340927839279175,0.22299283742904663
1696958248426702300,59.638702392578125,-1.1717414855957031,-0.2606908082962036,-0.4106460511684418
1696958248436716000,59.648716064453126,-1.0880851745605469,-0.15314656496047974,0.018786974251270294
1696958248446729500,59.6587294921875,2.5467138290405273,0.16177034378051758,0.2116091102361679
1696958248456743200,59.6687431640625,-1.4309120178222656,-0.255582332611084,-0.54188472032547
1696958248466756600,59.678756591796876,-0.1564350128173828,-0.1123165488243103,-0.2509574592113495
1696958248476770000,59.68877001953125,0.9240751266479492,0.006458461284637451,0.257204532623291
1696958248486783700,59.69878369140625,0.40077972412109375,0.016800284385681152,-0.1723298728466034
1696958248496797200,59.70879711914063,-0.6897697448730469,-0.2612818479537964,-0.6439816355705261
1696958248506811000,59.71881079101563,-0.4301786422729492,-0.21494203805923462,0.12514865398406982
1696958248516824300,59.72882421875,1.9126615524291992,0.023566782474517822,0.17887113988399506
1696958248526837800,59.73883764648438,-0.8828983306884766,-0.22700607776641846,-0.6370148658752441
1696958248536851500,59.7488515625,-0.9478120803833008,-0.3334658443927765,-0.2360219955444336
1696958248546865000,59.75886499023437,1.5110626220703125,0.10563904047012329,0.17588797211647034
1696958248556878600,59.76887866210937,-0.6336193084716797,-0.38315173983573914,-0.3398286998271942
1696958248566892000,59.77889208984375,-0.8136501312255859,-0.09994751214981079,-0.44992882013320923
1696958248576905500,59.78890551757812,0.34007740020751953,-0.055993080139160156,0.23291128873825073
1696958248586919200,59.79891918945312,0.6547088623046875,-0.1570766568183899,-0.02569252997636795
1696958248596932600,59.8089326171875,-1.2345237731933594,-0.3634544312953949,-0.42698222398757935
1696958248606946300,59.8189462890625,-0.4717903137207031,-0.08725869655609131,0.13568347692489624
1696958248616959700,59.828959716796874,1.2881708145141602,-0.14110279083251953,0.3077685236930847
1696958248626973200,59.83897314453125,-1.2861242294311523,-0.13630682229995728,-0.4373985826969147
1696958248636987000,59.84898681640625,-0.17438697814941406,-0.16652929782867432,0.08608084172010422
1696958248647000300,59.859000244140624,0.49038219451904297,-0.023509562015533447,0.4066630005836487
1696958248657013800,59.869013671875,-0.14655208587646484,-0.5001246333122253,0.019079461693763733
1696958248667027500,59.87902734375,-0.9108467102050781,-0.149725079536438,-0.17667236924171448
1696958248677041000,59.889041015625,0.9741334915161133,-0.003097712993621826,0.38609617948532104
1696958248687054600,59.8990546875,0.3792152404785156,-0.3726668655872345,0.1143348440527916
1696958248697068000,59.909068115234376,-1.1607370376586914,-0.2978886067867279,-0.1822311282157898
1696958248707081500,59.91908154296875,0.3139524459838867,-0.20917582511901855,0.3662048876285553
1696958248717095200,59.92909521484375,0.8865833282470703,-0.2223990559577942,0.10874959826469421
1696958248727108600,59.93910864257813,-0.6353292465209961,-0.5517220497131348,-0.15043047070503235
1696958248737122300,59.94912231445313,-0.4714622497558594,-0.5141061544418335,0.14014789462089539
1696958248747135700,59.9591357421875,1.7614412307739258,0.04711353778839111,0.3640974760055542
1696958248757149200,59.96914916992188,-0.9477109909057617,-0.5045932531356812,-0.2147742509841919
1696958248767162600,59.97916259765625,-1.1272802352905273,-0.49399426579475403,-0.05838519334793091
1696958248777176000,59.98917602539063,1.5756444931030273,-0.30132928490638733,0.3523433208465576
1696958248787189800,59.99918969726563,0.17630577087402344,-0.33489224314689636,-0.18324780464172363
1696958248797203200,60.009203125,-1.138442039489746,-0.42830339074134827,-0.20348870754241943
1696958248807216600,60.01921655273438,0.46991729736328125,-0.409805566072464,0.46937012672424316
1696958248817230000,60.02922998046875,1.180877685546875,-0.2186986804008484,0.18774202466011047
1696958248827243500,60.03924340820313,-1.6608009338378906,-0.48579850792884827,-0.4039919376373291
1696958248837257200,60.04925732421875,0.45529937744140625,-0.4796123802661896,0.1780126690864563
1696958248847270700,60.05927075195312,1.2284889221191406,-0.32740023732185364,0.2792455554008484
1696958248857284000,60.0692841796875,-0.7006368637084961,-0.43018046021461487,-0.3181067705154419
1696958248867297500,60.07929760742188,-0.31192874908447266,-0.7524357438087463,-0.4974409341812134
1696958248877311000,60.08931103515625,0.5633220672607422,-0.1087464690208435,0.41414326429367065
1696958248887324700,60.09932470703125,0.9490118026733398,-0.706079363822937,-0.15883362293243408
1696958248897338000,60.10933813476562,-1.839578628540039,-0.5410176515579224,-0.39159199595451355
1696958248907351600,60.1193515625,1.9640731811523438,-0.44057273864746094,0.39514434337615967
1696958248917365000,60.12936499023437,0.9319086074829102,-0.4953014850616455,0.08529067784547806
1696958248927378400,60.13937841796875,-1.5938720703125,-0.5447736978530884,-0.5877678394317627
1696958248937392000,60.14939208984375,0.7038640975952148,-0.6508543491363525,0.2952216863632202
1696958248947405600,60.15940551757812,1.5958967208862305,-0.26393380761146545,0.40068134665489197
1696958248957419000,60.1694189453125,-0.8931493759155273,-0.6365765333175659,-0.41486507654190063
1696958248967432400,60.17943237304687,-0.05951881408691406,-0.5084611177444458,0.19079191982746124
1696958248977446000,60.18944580078125,1.8952980041503906,-0.14506536722183228,0.4832364320755005
1696958248987459600,60.19945947265625,-0.6326332092285156,-0.6387370824813843,-0.2704627215862274
1696958248997473000,60.20947314453125,-0.9848413467407227,-0.44869527220726013,-0.1655145287513733
1696958249007486500,60.21948657226562,1.813338279724121,-0.5147217512130737,0.40395739674568176
1696958249017500000,60.2295,0.08378124237060547,-0.4540503919124603,0.0985548198223114
1696958249027513300,60.23951342773437,-0.5234260559082031,-0.47121793031692505,-0.30232879519462585
1696958249037526800,60.24952685546875,0.6774530410766602,-0.48482370376586914,0.49039578437805176
1696958249047540500,60.25954052734375,0.7618398666381836,-0.49435389041900635,0.37257611751556396
1696958249057554000,60.26955395507812,0.47330188751220703,-0.6861810684204102,-0.5137176513671875
1696958249067567400,60.2795673828125,-1.1670160293579102,-0.31692662835121155,0.19254225492477417
1696958249077580800,60.28958081054687,2.372262954711914,-0.47304099798202515,0.43368926644325256
1696958249087594200,60.29959423828125,-0.7109642028808594,-0.7114870548248291,-0.12766551971435547
1696958249097608000,60.30960791015625,-0.5564584732055664,-0.3102576434612274,-0.037284716963768005
1696958249107621400,60.319621337890624,0.7784719467163086,-0.13572239875793457,0.5338660478591919
1696958249117634800,60.329634765625,-0.3608675003051758,0.007535874843597412,0.14862185716629028
1696958249127648300,60.33964819335937,-1.0193986892700195,-0.533681333065033,-0.26034703850746155
1696958249137661700,60.34966162109375,-1.4327278137207031,-0.11057579517364502,-0.01880602166056633
1696958249147675400,60.35967529296875,0.6210298538208008,0.2766602635383606,0.23170357942581177
1696958249157688800,60.369688720703124,-1.8081722259521484,-0.29878750443458557,-0.411211222410202
1696958249167702300,60.379702392578125,-1.9042878150939941,0.1022409200668335,-0.5665099024772644
1696958249177715700,60.3897158203125,0.16495037078857422,0.1409195065498352,0.0835292711853981
1696958249187729200,60.399729248046874,-0.9299869537353516,-0.22099176049232483,-0.4207329750061035
1696958249197742800,60.409742919921875,-1.5778007507324219,-0.571496844291687,-0.9776015281677246
1696958249207756300,60.41975634765625,-0.6756706237792969,-0.29361990094184875,-0.24828745424747467
1696958249217769700,60.429769775390625,1.624563217163086,-0.06631612777709961,-0.2614920437335968
1696958249227783200,60.439783203125,-1.1418533325195312,-0.7433215379714966,-0.6764782667160034
1696958249237796600,60.449796630859375,-0.2409048080444336,-0.7266042232513428,-0.32923099398612976
1696958249247810300,60.459810302734375,1.8479499816894531,-0.7654227018356323,0.1581953465938568
1696958249257823700,60.46982373046875,0.16580867767333984,-1.039352297782898,-0.3863294720649719
1696958249267837200,60.479837158203125,-0.5086393356323242,-0.6994249224662781,-0.8055745959281921
1696958249277850600,60.4898505859375,1.5043773651123047,-0.48896652460098267,-0.07014285773038864
1696958249287864000,60.499864013671875,2.035855293273926,-0.8319547176361084,-0.18718871474266052
1696958249297877800,60.509877685546876,-0.8366527557373047,-1.2117879390716553,-0.6833269596099854
1696958249307891200,60.51989111328125,-0.782196044921875,-0.971367359161377,-0.22990024089813232
1696958249317904600,60.529904541015625,1.762190818786621,-0.4673757255077362,0.11494079232215881
1696958249327918000,60.53991796875,1.021876335144043,-0.706107497215271,-0.8873831033706665
1696958249337931500,60.549931640625,-0.935206413269043,-0.7051838636398315,-0.7634909152984619
1696958249347945000,60.559945068359376,0.6966047286987305,-1.0878154039382935,-0.10097479820251465
1696958249357958700,60.56995874023438,1.0009822845458984,-0.5202738046646118,-0.22550052404403687
1696958249367972000,60.57997216796875,-0.44947242736816406,-0.5006933212280273,-1.0071661472320557
1696958249377985500,60.589985595703126,-0.5103616714477539,-0.4860454201698303,-0.24213576316833496
1696958249387999000,60.5999990234375,1.870920181274414,-0.1125991940498352,0.21707117557525635
1696958249398012400,60.610012451171876,0.24646568298339844,-0.8619108200073242,-0.3882526159286499
1696958249408026000,60.62002612304688,-0.9392290115356445,-0.5596136450767517,-0.6601818203926086
1696958249418039600,60.63003955078125,0.9366168975830078,-0.2676364481449127,0.5424070954322815
1696958249428053000,60.64005297851563,1.5509834289550781,-0.08829158544540405,0.2711470127105713
1696958249438066400,60.65006640625,-0.23044300079345703,-0.6934506297111511,-0.9350446462631226
1696958249448080000,60.660079833984376,-1.2667312622070312,-0.31053611636161804,0.18099141120910645
1696958249458093600,60.67009350585938,1.6421566009521484,-0.004845142364501953,0.741034984588623
1696958249468107000,60.68010693359375,0.16639137268066406,-0.44857075810432434,-0.1628931760787964
1696958249478120400,60.69012036132813,-1.0907611846923828,-0.5107095241546631,-0.3681846261024475
1696958249488134000,60.7001337890625,0.17374420166015625,0.06310933828353882,0.43983593583106995
1696958249498147300,60.71014721679688,0.7086849212646484,-0.010616004467010498,0.376549631357193
1696958249508161000,60.7201611328125,-0.37297630310058594,-0.39997878670692444,-0.3557905852794647
1696958249518174500,60.73017456054688,-1.0170831680297852,0.006090879440307617,0.06687667965888977
1696958249528188000,60.74018798828125,0.30445194244384766,0.035165607929229736,0.619235098361969
1696958249538201300,60.75020141601563,0.4232501983642578,-0.1434202790260315,0.3333049416542053
1696958249548214800,60.76021484375,-0.6721057891845703,-0.2829008400440216,-0.2364278882741928
1696958249558228500,60.770228515625,-0.9905862808227539,0.004334628582000732,0.23118925094604492
1696958249568242000,60.78024194335938,1.186253547668457,0.16285854578018188,0.3082965314388275
1696958249578255400,60.79025537109375,-0.4844188690185547,-0.5234500169754028,-0.10705967247486115
1696958249588268800,60.80026879882813,-1.8022651672363281,-0.37304794788360596,-0.2984656095504761
1696958249598282200,60.8102822265625,0.2858409881591797,0.0636066198348999,0.3457048535346985
1696958249608296000,60.8202958984375,0.5862979888916016,0.12410837411880493,0.47424474358558655
1696958249618309400,60.83030932617187,-0.32321739196777344,-0.5161606073379517,-0.22840598225593567
1696958249628322800,60.84032275390625,-1.4310646057128906,-0.06647616624832153,-0.056618936359882355
1696958249638336300,60.85033618164063,0.5795087814331055,0.017749488353729248,0.544256865978241
1696958249648349700,60.860349609375,0.8218898773193359,-0.0990782380104065,0.1302938461303711
1696958249658363100,60.87036303710938,-1.426344871520996,-0.5090811848640442,-0.4142296612262726
1696958249668376800,60.880376953125,-0.28069591522216797,0.14837539196014404,0.24570168554782867
1696958249678390300,60.89039038085937,1.411698341369629,0.26789355278015137,0.15248176455497742
1696958249688403700,60.90040380859375,-1.0577478408813477,-0.5272253751754761,-0.5996572971343994
1696958249698417200,60.91041723632812,-1.122166633605957,-0.09317761659622192,-0.313228040933609
1696958249708430600,60.9204306640625,0.8399696350097656,0.13219207525253296,0.09025774151086807
1696958249718444300,60.9304443359375,-0.2804841995239258,0.0703689455986023,-0.1560865193605423
1696958249728457700,60.94045776367187,0.3175182342529297,-0.3207251727581024,-0.556580662727356
1696958249738471200,60.95047119140625,-1.3224859237670898,0.1249513030052185,-0.1161896362900734
1696958249748484600,60.96048461914062,0.7403106689453125,0.18522733449935913,-0.10384158790111542
1696958249758498000,60.970498046875,0.7240867614746094,-0.2403412163257599,-0.49364063143730164
1696958249768511700,60.98051171875,-1.6002893447875977,-0.39773955941200256,-0.5544205904006958
1696958249778525200,60.99052514648437,0.11424922943115234,0.019372761249542236,0.010101646184921265
1696958249788538600,61.00053857421875,1.614609718322754,0.40040117502212524,-0.25414127111434937
1696958249798552000,61.01055200195312,-0.7503595352172852,-0.535479724407196,-0.5644851922988892
1696958249808565500,61.0205654296875,-1.0018701553344727,-0.13133025169372559,-0.46676021814346313
1696958249818579200,61.0305791015625,0.5918388366699219,0.20646077394485474,0.05068688839673996
1696958249828592600,61.04059252929687,1.6034250259399414,-0.19463595747947693,-0.17216844856739044
1696958249838606000,61.050606201171874,-1.0050716400146484,-0.3530822992324829,-0.6757501363754272
1696958249848619500,61.06061962890625,-0.45328521728515625,0.06361126899719238,-0.07772655040025711
1696958249858633000,61.070633056640624,1.8895540237426758,0.24433845281600952,-0.07334394752979279
1696958249868646700,61.080646728515624,-0.32310962677001953,-0.22873947024345398,-0.35424336791038513
1696958249878660000,61.09066015625,-0.4753084182739258,-0.13650918006896973,-0.580291211605072
1696958249888673500,61.100673583984374,-0.14446067810058594,0.2426418662071228,-0.11456906050443649
1696958249898687000,61.11068701171875,1.3803110122680664,0.36246806383132935,-0.24084341526031494
1696958249908700400,61.120700439453124,-0.6540899276733398,-0.3621256947517395,-0.9594707489013672
1696958249918714000,61.130714111328125,-1.9381794929504395,0.21987760066986084,-0.5231025218963623
1696958249928727600,61.1407275390625,1.5313835144042969,0.7028585076332092,0.19343265891075134
1696958249938741000,61.150740966796874,0.2993955612182617,0.20795077085494995,-0.6548817753791809
1696958249948754400,61.16075439453125,-1.3453254699707031,0.21244597434997559,-0.8124460577964783
1696958249958767900,61.170767822265624,-0.10910797119140625,0.44850867986679077,0.11679708957672119
1696958249968781300,61.18078125,1.4586286544799805,0.5577406287193298,0.08944662660360336
1696958249978795000,61.190794921875,-0.1697826385498047,-0.26229169964790344,-0.8179882764816284
1696958249988808400,61.200808349609375,-1.717824935913086,0.22751891613006592,-0.21821069717407227
1696958249998822000,61.21082177734375,1.6125364303588867,0.5201590061187744,0.15876206755638123
1696958250008835300,61.22083544921875,0.6145401000976562,0.22621619701385498,-0.39462408423423767
1696958250018848800,61.230848876953125,-0.3762197494506836,-0.19985321164131165,-0.8637235760688782
1696958250028862500,61.240862548828126,-1.0252752304077148,0.27037274837493896,-0.05354979634284973
1696958250038876000,61.2508759765625,1.0035457611083984,0.23668640851974487,0.0612945556640625
1696958250048889300,61.260889404296876,0.4467306137084961,-0.13269001245498657,-0.39788997173309326
1696958250058902800,61.27090283203125,-0.8254976272583008,0.2679639458656311,-0.5909492373466492
1696958250068916200,61.280916259765625,-0.0971384048461914,0.3218769431114197,0.12941908836364746
1696958250078930000,61.290929931640626,1.872096061706543,0.5066485404968262,0.08616889268159866
1696958250088943400,61.300943359375,-0.3212003707885742,-0.22826960682868958,-0.7829647660255432
1696958250098956800,61.310956787109376,-1.9309487342834473,0.24639785289764404,-0.24918133020401
1696958250108970200,61.32097021484375,1.7392921447753906,0.4666913151741028,0.13767510652542114
1696958250118983700,61.330983642578126,0.420928955078125,0.24228018522262573,-0.4192492365837097
1696958250128997400,61.340997314453126,-0.6936330795288086,-0.05914866924285889,-0.8684940338134766
1696958250139010800,61.3510107421875,-0.1231374740600586,0.5139955878257751,0.05257081240415573
1696958250149024300,61.361024169921876,1.0575714111328125,0.3310436010360718,0.16363267600536346
1696958250159037700,61.37103759765625,-0.23527812957763672,-0.16395863890647888,-0.4519402086734772
1696958250169051100,61.381051025390626,-0.6073932647705078,0.27533018589019775,-0.6950253844261169
1696958250179064800,61.39106494140625,0.04405498504638672,0.43291598558425903,0.335894376039505
1696958250189078300,61.40107836914063,1.7404842376708984,0.26409024000167847,0.11875095963478088
1696958250199091700,61.411091796875,-0.657923698425293,-0.016937851905822754,-0.4593876004219055
1696958250209105200,61.42110522460938,-0.9239492416381836,0.06045520305633545,-0.06793411821126938
1696958250219118600,61.43111865234375,0.9564981460571289,0.6386067271232605,0.38119202852249146
1696958250229132300,61.44113232421875,0.6340208053588867,0.14283722639083862,-0.08503483980894089
1696958250239145700,61.45114575195313,-1.0257816314697266,0.31810349225997925,-0.48225200176239014
1696958250249159200,61.4611591796875,0.013790130615234375,0.31798386573791504,0.3726211190223694
1696958250259172600,61.47117260742188,0.2049846649169922,0.6360656023025513,0.24034279584884644
1696958250269186000,61.48118603515625,0.18536376953125,0.14675527811050415,-0.447181761264801
1696958250279199500,61.49119946289063,-1.607060432434082,0.2923940420150757,-0.5189241766929626
1696958250289213200,61.50121313476563,0.3561573028564453,0.49534672498703003,0.34937259554862976
1696958250299226600,61.5112265625,0.7617025375366211,0.46192729473114014,-0.007575787603855133
1696958250309240000,61.52123999023438,-0.7312946319580078,0.28950923681259155,-0.6578203439712524
1696958250319253500,61.53125341796875,-0.6098709106445312,0.44507694244384766,0.10086752474308014
1696958250329267000,61.54126684570313,0.3951282501220703,0.34022533893585205,0.09278971701860428
1696958250339280600,61.55128076171875,1.1015386581420898,0.237177312374115,-0.4642314612865448
1696958250349294000,61.56129418945312,-1.682419776916504,0.13408315181732178,-0.7274267077445984
1696958250359307500,61.5713076171875,-0.5696611404418945,0.36568552255630493,-0.10534767061471939
1696958250369321000,61.58132104492187,1.6111011505126953,0.5922170281410217,-0.12724988162517548
1696958250379334400,61.59133447265625,-0.6675786972045898,0.08679825067520142,-0.8378971219062805
1696958250389348000,61.60134814453125,-1.3493337631225586,0.1683904528617859,-0.5695693492889404
1696958250399361500,61.61136157226562,0.34580039978027344,0.43095862865448,0.11358290910720825
1696958250409375000,61.621375,0.25896549224853516,0.3427512049674988,-0.5090835094451904
1696958250419388400,61.63138842773437,-0.39633655548095703,0.1880740523338318,-0.9764465689659119
1696958250429401900,61.64140185546875,-0.7107582092285156,0.3933531641960144,-0.21683016419410706
1696958250439415600,61.65141552734375,0.9731388092041016,0.5416020154953003,0.056613996624946594
1696958250449429000,61.66142895507812,-0.04711437225341797,-0.039737164974212646,-0.815045952796936
1696958250459442400,61.6714423828125,-1.3612079620361328,0.20424342155456543,-0.5149080753326416
1696958250469456000,61.68145581054687,0.5201921463012695,0.18674737215042114,0.2351357340812683
1696958250479469300,61.69146923828125,0.7626304626464844,0.6015734076499939,-0.19198931753635406
1696958250489483000,61.70148291015625,-0.3718376159667969,-0.08888721466064453,-0.6696099638938904
1696958250499496400,61.71149633789062,-1.0353002548217773,0.11377018690109253,-0.10045361518859863
1696958250509510000,61.72151000976562,1.5526361465454102,0.6402608752250671,0.3589819669723511
1696958250519523300,61.7315234375,0.6981010437011719,0.05525553226470947,-0.3889501690864563
1696958250529536800,61.74153686523437,-1.382455825805664,0.0497623085975647,-0.2691607177257538
1696958250539550500,61.751550537109374,0.8000011444091797,0.28698521852493286,0.49429941177368164
1696958250549564000,61.76156396484375,1.4002447128295898,0.49959003925323486,0.16839942336082458
1696958250559577300,61.77157739257812,-0.017868995666503906,-0.2372618019580841,-0.504106879234314
1696958250569590800,61.7815908203125,-0.6390266418457031,0.3455762267112732,0.09283876419067383
1696958250579604500,61.7916044921875,0.6575288772583008,0.4995572566986084,0.45735061168670654
1696958250589618000,61.801617919921874,1.0239200592041016,0.16277581453323364,-0.12376488745212555
1696958250599631400,61.81163134765625,-0.8136272430419922,0.26545923948287964,-0.691031813621521
1696958250609645000,61.82164501953125,-0.9790191650390625,0.19554978609085083,0.19710390269756317
1696958250619658500,61.831658447265625,1.3507719039916992,0.7925717234611511,0.1699020266532898
1696958250629672200,61.841672119140625,-0.4971599578857422,0.11958640813827515,-0.5361326932907104
1696958250639685600,61.851685546875,-1.351426124572754,0.335527241230011,-0.2698855400085449
1696958250649699000,61.861698974609375,0.3436546325683594,0.5983996987342834,0.23162758350372314
1696958250659712800,61.871712646484376,0.4861440658569336,0.7212939262390137,-0.2543349862098694
1696958250669726200,61.88172631835938,-0.42779541015625,-0.012491226196289062,-0.531622052192688
1696958250679740000,61.89173999023438,-1.4781646728515625,0.2370198369026184,0.02276027202606201
1696958250689753300,61.90175341796875,1.569493293762207,0.5217570662498474,0.4107384979724884
1696958250699766800,61.91176684570313,0.4331169128417969,-0.15596216917037964,-0.48917680978775024
1696958250709780500,61.92178051757813,-1.7281990051269531,0.06139248609542847,-0.43631303310394287
1696958250719794000,61.9317939453125,0.5602741241455078,0.23124408721923828,-0.01376282423734665
1696958250729807600,61.9418076171875,1.2517776489257812,0.3553621172904968,-0.15316718816757202
1696958250739821000,61.95182104492188,0.05391693115234375,-0.3292069137096405,-0.49055561423301697
1696958250749834500,61.96183447265625,-1.518610954284668,0.012409448623657227,0.036866698414087296
1696958250759848200,61.97184814453125,1.9688196182250977,0.5317639112472534,0.6894779801368713
1696958250769861600,61.98186157226562,1.0321531295776367,-0.021635830402374268,-0.022412406280636787
1696958250779875300,61.99187524414062,-1.5176353454589844,0.09790807962417603,-0.5726200938224792
1696958250789888800,62.001888671875,0.06782245635986328,0.10485273599624634,0.0006078258156776428
1696958250799902200,62.01190209960937,1.7165260314941406,0.4181274175643921,0.14948366582393646
1696958250809916000,62.021916015625,-0.28522682189941406,-0.5217929482460022,-0.6143666505813599
1696958250819929300,62.031929443359374,-2.071746826171875,0.1948874592781067,-0.5097578763961792
1696958250829943000,62.041943115234375,1.011042594909668,0.2906981110572815,0.10070387274026871
1696958250839956500,62.05195654296875,0.42104339599609375,0.22312825918197632,-0.6537339687347412
1696958250849970000,62.061969970703124,-1.2763595581054688,-0.08581620454788208,-1.556275725364685
1696958250859983400,62.0719833984375,-1.0916004180908203,0.48826348781585693,-0.47121620178222656
1696958250869997000,62.0819970703125,2.065448760986328,0.17855143547058105,0.06514890491962433
1696958250880010500,62.092010498046875,-0.9167585372924805,0.002585470676422119,-1.1209032535552979
1696958250890024000,62.10202392578125,-1.454432487487793,0.4222586750984192,-0.8727487325668335
1696958250900037400,62.112037353515625,1.1823720932006836,0.24019604921340942,-0.056551557034254074
1696958250910050800,62.12205078125,0.424591064453125,0.12630772590637207,-0.3452431261539459
1696958250920064500,62.132064453125,-0.7424936294555664,0.0010768771171569824,-0.9139118790626526
1696958250930078000,62.142077880859375,-0.0906991958618164,0.5028327703475952,-0.23557360470294952
1696958250940091400,62.15209130859375,1.4197187423706055,0.11880767345428467,0.17185157537460327
1696958250950104800,62.162104736328125,0.102020263671875,-0.040065109729766846,-0.552720844745636
1696958250960118300,62.1721181640625,-1.2697734832763672,-0.04031646251678467,-1.0092403888702393
1696958250970132000,62.18213208007813,-0.11507320404052734,0.31132423877716064,-0.2836068570613861
1696958250980145400,62.1921455078125,1.2042531967163086,0.3673344850540161,-0.001598479226231575
1696958250990158800,62.202158935546876,-0.37105369567871094,-0.4792942404747009,-1.0190117359161377
1696958251000172300,62.21217236328125,-1.7752628326416016,0.1063605546951294,-0.5140677094459534
1696958251010185700,62.222185791015626,1.3209915161132812,0.42387163639068604,0.046891551464796066
1696958251020199400,62.23219946289063,-0.4026947021484375,0.1736440658569336,-0.7368941307067871
1696958251030212900,62.242212890625,-0.8511428833007812,0.10929524898529053,-1.0747933387756348
1696958251040226300,62.25222631835938,-0.3569192886352539,0.08687072992324829,0.17644855380058289
1696958251050239700,62.26223974609375,0.9197912216186523,0.36132973432540894,0.1591426581144333
1696958251060253200,62.272253173828126,-0.21514129638671875,-0.08860939741134644,-1.0465154647827148
1696958251070266600,62.2822666015625,-1.2518272399902344,0.5401453375816345,-0.23562122881412506
1696958251080280300,62.2922802734375,1.2648324966430664,0.06858855485916138,0.3443516492843628
1696958251090293800,62.30229370117188,-0.057318687438964844,0.06830728054046631,-0.33109596371650696
1696958251100307200,62.31230712890625,-0.702519416809082,-0.07273054122924805,-0.6734599471092224
1696958251110320600,62.322320556640626,-0.3998117446899414,0.17773330211639404,0.17887993156909943
1696958251120334000,62.332333984375,1.9188718795776367,0.25542765855789185,0.25422558188438416
1696958251130347800,62.34234765625,-0.5230684280395508,-0.40658146142959595,-0.37717780470848083
1696958251140361200,62.352361328125,-1.4204092025756836,0.1755194067955017,-0.06442523002624512
1696958251150374700,62.36237475585938,1.7133293151855469,0.213950514793396,0.9234365224838257
1696958251160388000,62.37238818359375,0.8966865539550781,0.006889820098876953,-0.16451795399188995
1696958251170401500,62.38240161132813,-0.9979343414306641,-0.09005343914031982,-0.6651630401611328
1696958251180415200,62.39241528320313,0.007963180541992188,0.04182475805282593,0.46447116136550903
1696958251190428700,62.4024287109375,1.0929479598999023,0.12524962425231934,0.4614633619785309
1696958251200442000,62.41244213867188,0.09142017364501953,-0.032966017723083496,-0.4508746862411499
1696958251210455600,62.42245556640625,-0.8500728607177734,0.2560349702835083,-0.12727348506450653
1696958251220469000,62.43246899414063,0.46613502502441406,0.1569281816482544,0.40755388140678406
1696958251230482700,62.44248266601563,1.3636016845703125,0.3020862340927124,-0.2642859220504761
1696958251240496000,62.45249609375,-1.4639978408813477,-0.12649297714233398,-0.2654300034046173
1696958251250509600,62.46250952148438,0.6374979019165039,0.2580333352088928,0.34036198258399963
1696958251260523000,62.47252294921875,0.9372663497924805,0.4111377000808716,0.3330077826976776
1696958251270536400,62.48253637695313,0.3852987289428711,-0.03858119249343872,-0.4883062541484833
1696958251280550100,62.49255004882812,-1.0395240783691406,0.08201509714126587,-0.33806970715522766
1696958251290563600,62.5025634765625,0.7359304428100586,0.38009554147720337,0.5459637641906738
1696958251300577000,62.51257690429688,1.5659046173095703,0.24635636806488037,-0.20462967455387115
1696958251310590500,62.52259057617187,-1.6015625,-0.2721683084964752,-0.6805394291877747
1696958251320604000,62.53260400390625,0.07025146484375,-0.0031406283378601074,-0.33882802724838257
1696958251330617600,62.54261767578125,0.3762187957763672,0.35141587257385254,-0.08726350218057632
1696958251340631000,62.55263110351562,0.5377578735351562,-0.08425891399383545,-0.8065283298492432
1696958251350644500,62.56264453125,-1.4177865982055664,-0.06550079584121704,-0.7559788823127747
1696958251360658000,62.57265795898437,0.42070484161376953,0.061298370361328125,0.18908682465553284
1696958251370671400,62.58267138671875,1.471405029296875,-0.12538450956344604,-0.35119375586509705
1696958251380684800,62.59268481445312,-1.3564252853393555,-0.3287411034107208,-0.8037146329879761
1696958251390698200,62.6026982421875,-0.13428974151611328,0.19160252809524536,-0.3391660451889038
1696958251400711700,62.61271166992187,0.48758411407470703,0.0872880220413208,-0.18239180743694305
1696958251410725000,62.62272509765625,0.758885383605957,-0.21550476551055908,-0.5528180003166199
1696958251420738600,62.63273852539062,-0.48026084899902344,-0.16891735792160034,-0.7644712328910828
1696958251430752000,62.642751953125,-1.0572700500488281,-0.06392669677734375,-0.24582414329051971
1696958251440765400,62.65276538085938,1.6170768737792969,0.3822751045227051,-0.3996768593788147
1696958251450779000,62.66277880859375,-0.6182661056518555,-0.48013484477996826,-1.4697139263153076
1696958251460792300,62.67279223632813,-1.9881110191345215,0.24520593881607056,-0.89778071641922
1696958251470805800,62.6828056640625,1.6681547164916992,0.19962918758392334,-0.42701420187950134
1696958251480819200,62.69281909179688,-0.3713817596435547,-0.32292869687080383,-0.5716879963874817
1696958251490832600,62.70283251953125,-1.2591333389282227,-0.48242491483688354,-1.171660304069519
1696958251500846000,62.71284619140625,-0.6010122299194336,-0.06389361619949341,-0.6631367802619934
1696958251510859500,62.72285961914063,1.4986867904663086,0.15328848361968994,-0.608778715133667
1696958251520873000,62.732873046875,-0.4496345520019531,-0.03932499885559082,-0.6984857320785522
1696958251530886400,62.74288647460938,-0.7016830444335938,0.016655683517456055,-0.44427406787872314
1696958251540899800,62.75289990234375,0.8104982376098633,0.11851298809051514,0.007261652499437332
1696958251550913300,62.76291333007813,0.16832542419433594,-0.1522337794303894,-0.1588771641254425
1696958251560926700,62.7729267578125,-0.26667308807373047,-0.46127429604530334,-1.1157758235931396
1696958251570940000,62.78293994140625,-0.8298845291137695,0.3229808211326599,-0.4698539078235626
1696958251580953300,62.792953369140626,2.206976890563965,0.1963328719139099,-0.08076317608356476
1696958251590966800,62.802966796875,-1.114715576171875,-0.39701738953590393,-0.7748594880104065
1696958251600980200,62.812980224609376,-0.9638710021972656,0.23092103004455566,-0.3931259512901306
1696958251610993700,62.82299365234375,1.3516931533813477,0.34354519844055176,-0.037716954946517944
1696958251621007000,62.833007080078126,0.7510700225830078,-0.18450027704238892,-0.09910236299037933
1696958251631020800,62.84302075195313,-0.3592710494995117,-0.13932102918624878,-0.714655339717865
1696958251641034200,62.8530341796875,-0.7837200164794922,0.17650097608566284,-0.21306243538856506
1696958251651047700,62.863047607421876,1.6125783920288086,0.5383899211883545,0.2649983763694763
1696958251661061000,62.87306103515625,0.7055559158325195,-0.28759443759918213,-0.4743540585041046
1696958251671074600,62.883074462890626,-1.6282224655151367,-0.13078367710113525,-0.40256720781326294
1696958251681088300,62.89308813476563,0.6697559356689453,0.12268316745758057,0.13151270151138306
1696958251691101700,62.90310180664063,1.3613004684448242,0.5111873149871826,-0.12071026116609573
1696958251701115100,62.913115234375,-0.26186370849609375,-0.8319100141525269,-0.8420193195343018
1696958251711128600,62.92312866210938,-1.771254539489746,-0.014236390590667725,-0.03105863183736801
1696958251721142000,62.93314208984375,2.2428226470947266,0.2188931703567505,0.40771496295928955
1696958251731155700,62.94315576171875,0.05380725860595703,-0.17536979913711548,-0.5793375968933105
1696958251741169200,62.95316918945313,-1.2269773483276367,-0.40105244517326355,-0.70408034324646
1696958251751182600,62.9631826171875,0.3056192398071289,-0.0686907172203064,0.15553340315818787
1696958251761196000,62.97319604492188,1.0411138534545898,0.14814656972885132,-0.48662662506103516
1696958251771209500,62.98320947265625,-0.4902639389038086,-0.33113962411880493,-1.0973176956176758
1696958251781223200,62.99322314453125,-1.0480804443359375,-0.29826951026916504,-0.4812920391559601
1696958251791236600,63.00323657226563,1.5737342834472656,0.19111663103103638,-0.0688919797539711
1696958251801250000,63.01325,0.44236183166503906,-0.2964779734611511,-0.7742149233818054
1696958251811263500,63.02326342773438,-1.6946334838867188,-0.36626335978507996,-1.049880862236023
1696958251821277000,63.03327685546875,0.7659730911254883,-0.17892944812774658,-0.4098324775695801
1696958251831290600,63.04329052734375,0.08602237701416016,-0.1562444567680359,-0.24949970841407776
1696958251841304000,63.05330395507813,0.19093894958496094,-0.48080089688301086,-0.7177075147628784
1696958251851317500,63.0633173828125,-0.42071533203125,-0.22746872901916504,-0.7677686214447021
1696958251861331000,63.0733310546875,-0.8593902587890625,-0.19290953874588013,-0.13656818866729736
1696958251871344400,63.08334448242187,2.521759033203125,-0.19045418500900269,-0.39742591977119446
1696958251881357800,63.09335791015625,-2.3585386276245117,-0.5259983539581299,-0.8305341005325317
1696958251891371500,63.10337158203125,-0.11161422729492188,-0.3733041286468506,-0.11931947618722916
1696958251901385000,63.11338500976562,1.2559890747070312,0.037661969661712646,-0.07814806699752808
1696958251911398400,63.1233984375,-0.4722871780395508,-0.4698551595211029,-0.5080559253692627
1696958251921411800,63.13341186523437,-0.15538406372070312,-0.17086279392242432,-0.839346170425415
1696958251931425300,63.14342529296875,-0.3556404113769531,-0.10917240381240845,-0.24528175592422485
1696958251941439000,63.15343896484375,1.7960405349731445,-0.24057185649871826,-0.19543150067329407
1696958251951452400,63.16345239257812,-1.1375236511230469,-0.4214341342449188,-0.9047340750694275
1696958251961465900,63.1734658203125,-0.9100484848022461,-0.19156330823898315,-0.08871754258871078
1696958251971479300,63.18347924804687,1.4437780380249023,0.0112418532371521,0.3613066077232361
1696958251981492700,63.19349267578125,0.08812522888183594,-0.3130951523780823,-0.5059170126914978
1696958251991506400,63.20350634765625,-0.7194309234619141,0.07138305902481079,-0.6431939005851746
1696958252001519900,63.21351977539062,0.1332263946533203,-0.14142507314682007,0.1980372965335846
1696958252011533300,63.223533203125,1.2324628829956055,0.2085595726966858,-0.06178521364927292
1696958252021546800,63.23354663085937,-0.820277214050293,-0.4855305850505829,-0.9529740214347839
1696958252031560200,63.24356030273437,-1.4441280364990234,-0.27609920501708984,-0.2334117591381073
1696958252041574000,63.253573974609374,0.9923639297485352,0.15546268224716187,0.06895943731069565
1696958252051587300,63.26358740234375,0.19218063354492188,-0.14524608850479126,-0.5944114923477173
1696958252061600800,63.273600830078124,-0.371734619140625,-0.10726827383041382,-0.8101578950881958
1696958252071614200,63.2836142578125,-1.0014638900756836,-0.15704035758972168,0.19107796251773834
1696958252081627600,63.29362768554687,1.3288030624389648,0.3935031294822693,0.2577281594276428
1696958252091641300,63.303641357421874,-0.05513477325439453,-0.37728244066238403,-0.926448404788971
1696958252101654800,63.31365478515625,-1.9088754653930664,0.044657349586486816,-0.4891742765903473
1696958252111668200,63.323668212890624,1.6802291870117188,0.09582459926605225,-0.10339348763227463
1696958252121681700,63.333681640625,0.30999183654785156,0.0019088387489318848,-0.6561123728752136
1696958252131695000,63.343695068359374,-0.5029678344726562,-0.550550103187561,-0.7154639363288879
1696958252141708800,63.353708740234374,-0.8357505798339844,0.02361619472503662,0.1374334990978241
1696958252151722200,63.36372216796875,0.9300479888916016,-0.09387755393981934,0.05087636411190033
1696958252161735700,63.373735595703124,-0.060939788818359375,-0.40080636739730835,-0.523781418800354
1696958252171749000,63.3837490234375,-0.4523048400878906,-0.19353049993515015,-0.41167670488357544
1696958252181762600,63.393762451171874,-0.07807159423828125,-0.2826423645019531,-0.08204377442598343
1696958252191776000,63.40377587890625,1.2223196029663086,-0.008013308048248291,-0.05898182839155197
1696958252201789700,63.413789794921875,0.08248329162597656,-0.45873183012008667,-0.5186959505081177
1696958252211803100,63.42380322265625,-1.7192106246948242,-0.3497875928878784,-0.17594507336616516
1696958252221816600,63.433816650390625,1.8312549591064453,-0.030516624450683594,0.1478317677974701
1696958252231830000,63.443830078125,-0.02703094482421875,-0.3941035270690918,-0.3435465693473816
1696958252241843500,63.453843505859375,-0.8774642944335938,-0.39482730627059937,-0.6216021776199341
1696958252251857200,63.463857177734376,0.1667804718017578,-0.23877280950546265,0.33675822615623474
1696958252261870600,63.47387060546875,0.7114543914794922,-0.11654937267303467,0.14741571247577667
1696958252271884000,63.483884033203125,0.11740684509277344,-0.3583744168281555,-0.48336902260780334
1696958252281897500,63.4938974609375,-0.9531173706054688,-0.12595951557159424,-0.3588908910751343
1696958252291911000,63.503910888671875,1.1234121322631836,-0.20755165815353394,0.2826220393180847
1696958252301924600,63.513924560546876,0.38985633850097656,0.15683972835540771,0.13106238842010498
1696958252311938000,63.52393798828125,-0.6861362457275391,-0.3858257532119751,-0.5883191823959351
1696958252321951500,63.533951416015626,-1.0904817581176758,-0.09019100666046143,0.12375432252883911
1696958252331965000,63.54396484375,1.1537561416625977,-0.02446877956390381,0.15012472867965698
1696958252341978400,63.553978271484375,-0.05306243896484375,-0.12339115142822266,-0.14446723461151123
1696958252351992000,63.563991943359376,-0.5019807815551758,-0.28243327140808105,-0.3635157346725464
1696958252362005500,63.57400561523438,-0.5674209594726562,0.11765217781066895,0.3494565784931183
1696958252372019000,63.58401904296875,0.8390598297119141,0.43259668350219727,0.41792985796928406
1696958252382032400,63.59403247070313,0.3881654739379883,-0.4467736482620239,-0.4488008916378021
1696958252392045800,63.6040458984375,-2.327146530151367,0.08835089206695557,-0.07578431069850922
1696958252402059500,63.6140595703125,1.7263364791870117,0.10862207412719727,0.4751860797405243
1696958252412073000,63.62407299804688,-0.5331058502197266,0.21338653564453125,0.05299190431833267
1696958252422086400,63.63408642578125,-0.2642660140991211,-0.2637934684753418,-0.299361914396286
1696958252432099800,63.64409985351563,-0.526153564453125,0.3793255090713501,0.2235054075717926
1696958252442113300,63.65411328125,1.3580150604248047,0.3745441436767578,0.2498697191476822
1696958252452127000,63.664126953125,-0.27455997467041016,-0.3614412546157837,-0.21012693643569946
1696958252462140400,63.67414038085938,-1.3109149932861328,0.13178682327270508,-0.15646357834339142
1696958252472153900,63.68415380859375,0.2791309356689453,0.19720757007598877,0.328810453414917
1696958252482167300,63.69416723632813,0.22601795196533203,0.20044052600860596,0.18342871963977814
1696958252492180700,63.7041806640625,0.5029325485229492,-0.43331217765808105,-0.45869630575180054
1696958252502194200,63.71419409179688,-1.5722427368164062,0.23533737659454346,-0.07023786008358002
1696958252512208000,63.72420776367188,1.815199851989746,-0.08972620964050293,0.009927749633789062
1696958252522221300,63.73422119140625,-0.7503080368041992,-0.15667307376861572,-0.23630160093307495
1696958252532234800,63.74423486328125,-0.6529264450073242,-0.22251176834106445,-0.3075413405895233
1696958252542248200,63.75424829101563,-0.1014413833618164,-0.14304804801940918,0.034155577421188354
1696958252552261600,63.76426171875,1.2752275466918945,0.02888953685760498,-0.06486906111240387
1696958252562275300,63.774275390625,-0.17547893524169922,-0.5110788345336914,-0.4456275701522827
1696958252572288800,63.78428881835937,-1.7808809280395508,0.030997037887573242,-0.0206301212310791
1696958252582302200,63.79430224609375,2.6634464263916016,0.11065733432769775,0.03501708805561066
1696958252592315600,63.80431567382813,-0.5733814239501953,-0.07971382141113281,-0.3456115126609802
1696958252602329000,63.8143291015625,-0.2851896286010742,-0.20862948894500732,-0.6737304925918579
1696958252612342800,63.8243427734375,-0.5854263305664062,-0.11364603042602539,-0.13158203661441803
1696958252622356200,63.83435620117187,1.2704229354858398,-0.12393379211425781,-0.028665080666542053
1696958252632369700,63.84436962890625,-0.4288768768310547,-0.21806633472442627,-0.6243830919265747
1696958252642383000,63.85438305664063,-1.5890979766845703,-0.06937146186828613,-0.5894361734390259
1696958252652396500,63.864396484375,1.0433931350708008,0.039893269538879395,0.02800452709197998
1696958252662410200,63.87441015625,0.9454994201660156,-0.17775917053222656,-0.3956732749938965
1696958252672423700,63.88442358398437,-1.355198860168457,-0.4288644790649414,-0.9616634249687195
1696958252682437000,63.89443701171875,-0.2098846435546875,-0.10106801986694336,-0.01685953140258789
1696958252692450600,63.90445043945312,1.9942512512207031,-0.16721534729003906,-0.05725902318954468
1696958252702464000,63.91446411132812,-1.5995502471923828,-0.6704981327056885,-0.5164093375205994
1696958252712477700,63.92447778320312,0.2634725570678711,0.0956869125366211,-0.2626919150352478
1696958252722491100,63.9344912109375,0.602412223815918,-0.13676977157592773,0.16716204583644867
1696958252732504600,63.94450463867187,0.29048919677734375,-0.4775329828262329,-0.4006701409816742
1696958252742518000,63.95451806640625,-0.9811677932739258,-0.12055611610412598,-0.5817919969558716
1696958252752531500,63.96453149414062,0.7655916213989258,-0.07259416580200195,0.0673859566450119
1696958252762545200,63.97454516601562,1.2420101165771484,0.12910151481628418,0.18684342503547668
1696958252772558600,63.98455859375,-1.1837596893310547,-0.5044806003570557,-0.4627850651741028
1696958252782572000,63.99457202148437,-0.3493194580078125,0.10877883434295654,0.04312855005264282
1696958252792585500,64.00458544921875,2.036693572998047,0.38669681549072266,0.14915060997009277
1696958252802599000,64.01459887695313,-1.6000795364379883,-0.31984245777130127,-0.20920677483081818
1696958252812612400,64.0246123046875,-0.3727836608886719,0.05482983589172363,-0.2326987236738205
1696958252822626000,64.0346259765625,1.602212905883789,0.18057537078857422,0.1502411663532257
1696958252832639500,64.04463940429687,-0.8244113922119141,-0.07123804092407227,-0.12677447497844696
1696958252842653000,64.05465283203125,-0.6598796844482422,-0.07089316844940186,-0.15488483011722565
1696958252852666400,64.06466625976563,0.49364185333251953,0.2529728412628174,0.06980466842651367
1696958252862679800,64.0746796875,0.296722412109375,-0.008056640625,-0.002335667610168457
1696958252872693500,64.08469360351563,-1.9930720329284668,-0.013594865798950195,-0.23218002915382385
1696958252882707000,64.09470703125,0.7453041076660156,-0.05992257595062256,0.20182132720947266
1696958252892720400,64.10472045898437,0.9780197143554688,0.5052518844604492,0.058007434010505676
1696958252902733800,64.11473388671875,-1.198751449584961,-0.032239675521850586,-0.24794331192970276
1696958252912747300,64.12474731445313,0.16128253936767578,-0.20744550228118896,0.10494759678840637
1696958252922761000,64.13476098632813,1.1218557357788086,0.09536397457122803,-0.11008785665035248
1696958252932774400,64.1447744140625,-2.2594428062438965,0.06889998912811279,-0.2015914022922516
1696958252942787800,64.15478784179687,0.5033950805664062,-0.18707025051116943,0.050385668873786926
1696958252952801300,64.16480126953125,1.2578325271606445,0.2427576780319214,0.107621930539608
1696958252962814700,64.17481469726563,-1.024740219116211,0.05428624153137207,-0.2381097376346588
1696958252972828400,64.18482836914062,-0.29087257385253906,-0.22886180877685547,-0.16076399385929108
1696958252982841900,64.194841796875,1.7507638931274414,0.3998258113861084,0.04869389533996582
1696958252992855300,64.20485522460937,-0.7571744918823242,-0.17063534259796143,-0.2287556231021881
1696958253002868700,64.21486865234375,-0.9657564163208008,0.037047505378723145,-0.0322817862033844
1696958253012882200,64.22488208007813,3.1948776245117188,-0.0197751522064209,-0.02995900809764862
1696958253022895900,64.23489575195312,-2.1887574195861816,-0.10714542865753174,-0.283025860786438
1696958253032909300,64.24490942382812,-0.1095266342163086,-0.09910130500793457,-0.28093069791793823
1696958253042922800,64.2549228515625,1.5880041122436523,0.4064418077468872,-0.18766802549362183
1696958253052936200,64.26493627929688,-1.4550323486328125,-0.18577098846435547,-0.12644648551940918
1696958253062949600,64.27494970703125,0.053954124450683594,-0.02680349349975586,-0.40913212299346924
1696958253072963300,64.28496337890626,1.5118703842163086,-0.07384932041168213,-0.0024161338806152344
1696958253082976800,64.29497680664062,-1.1390361785888672,-0.07259392738342285,-0.14095817506313324
1696958253092990200,64.304990234375,-0.6392574310302734,-0.03309023380279541,-0.24321649968624115
1696958253103003600,64.31500366210938,1.3507890701293945,0.12598729133605957,-0.11414872109889984
1696958253113017000,64.32501708984375,-1.285440444946289,0.2228316068649292,-0.3101128339767456
1696958253123030500,64.33503051757812,-0.88568115234375,-0.503059983253479,-0.47584301233291626
1696958253133044200,64.34504418945312,0.6985855102539062,0.29404139518737793,-0.0044212788343429565
1696958253143057700,64.3550576171875,0.9599437713623047,-0.11537361145019531,-0.25916463136672974
1696958253153071000,64.36507104492188,-2.502157211303711,0.09283208847045898,-0.4827974736690521
1696958253163084500,64.37508447265625,2.593276023864746,-0.09082210063934326,0.024428918957710266
1696958253173098000,64.38509790039062,-1.4935388565063477,0.01602780818939209,0.08501651883125305
1696958253183111700,64.39511157226562,-0.4582481384277344,-0.22663593292236328,-0.41310474276542664
1696958253193125000,64.405125,1.3308868408203125,0.06924283504486084,-0.29875949025154114
1696958253203138600,64.415138671875,-0.8278484344482422,0.12637174129486084,0.24095292389392853
1696958253213152000,64.42515209960938,0.8660163879394531,-0.34241509437561035,-0.14544960856437683
1696958253223165400,64.43516552734376,0.5151948928833008,0.19646751880645752,-0.05583976209163666
1696958253233179100,64.44517919921876,0.17943859100341797,-0.39280569553375244,0.13211175799369812
1696958253243192600,64.45519262695312,-1.3979368209838867,-0.12027323246002197,-0.20041358470916748
1696958253253206000,64.4652060546875,1.415358543395996,-0.2041308879852295,0.11419819295406342
1696958253263219500,64.47521948242188,0.4087686538696289,0.01171565055847168,-0.04822702705860138
1696958253273233000,64.48523291015626,-1.3941287994384766,-0.020230531692504883,0.017552539706230164
1696958253283246600,64.49524658203126,1.9640617370605469,-0.14776313304901123,-0.11428903043270111
1696958253293260000,64.50526000976562,-0.9650783538818359,-0.051535844802856445,0.11396148800849915
1696958253303273500,64.5152734375,-0.4469738006591797,-0.18627560138702393,-0.2829771041870117
1696958253313287000,64.52528686523438,-0.04416465759277344,-0.38852107524871826,-0.08488506078720093
1696958253323300400,64.53530029296876,0.5435552597045898,0.2159329652786255,0.3327087163925171
1696958253333314000,64.54531396484376,0.30356502532958984,-0.30814361572265625,-0.0976489931344986
1696958253343327500,64.55532739257812,-2.239835262298584,-0.4632219076156616,-0.0165235698223114
1696958253353341000,64.5653408203125,2.4395275115966797,0.1071474552154541,0.24511924386024475
1696958253363354400,64.57535424804688,-1.2362775802612305,-0.06986749172210693,-0.20007093250751495
1696958253373367800,64.58536791992188,-1.0950937271118164,-0.41919374465942383,-0.315002977848053
1696958253383381500,64.59538159179688,1.9998445510864258,-0.11427426338195801,0.39106667041778564
1696958253393395000,64.60539501953124,0.09304237365722656,-0.4266078472137451,0.22272846102714539
1696958253403408400,64.61540844726562,-0.9967527389526367,-0.18691539764404297,-0.2169913649559021
1696958253413421800,64.625421875,0.3150625228881836,-0.16660702228546143,0.34533095359802246
1696958253423435300,64.63543530273438,0.9692726135253906,-0.08245217800140381,0.39284729957580566
1696958253433449000,64.64544897460938,-0.48106861114501953,-0.5418641567230225,-0.0037572085857391357
1696958253443462400,64.65546240234374,0.06967830657958984,-0.3873722553253174,0.200855553150177
1696958253453475800,64.66547583007812,1.4699945449829102,-0.10162758827209473,0.5743886828422546
1696958253463489300,64.6754892578125,0.3673362731933594,-0.5758423805236816,0.09665747731924057
1696958253473502700,64.68550268554688,-1.8938002586364746,-0.27520227432250977,-0.33719295263290405
1696958253483516200,64.69551611328124,0.6960639953613281,0.009846329689025879,0.24078479409217834
1696958253493529900,64.70552978515624,1.0198698043823242,-0.2814904451370239,-0.22077804803848267
1696958253503543300,64.71554321289062,-2.4139766693115234,-0.6631177663803101,-0.9221011400222778
1696958253513556700,64.725556640625,-0.40580177307128906,-0.03853726387023926,-0.27841752767562866
1696958253523570200,64.73557006835938,0.9383430480957031,-0.13131725788116455,0.09454160928726196
1696958253533583600,64.74558349609374,-0.28261852264404297,-0.14564263820648193,-0.2506793737411499
1696958253543597300,64.75559741210938,0.11953926086425781,-0.1025848388671875,-0.20358891785144806
1696958253553610800,64.76561083984375,0.1383514404296875,-0.18356084823608398,0.23152776062488556
1696958253563624200,64.77562426757812,0.5347452163696289,-0.16917169094085693,-0.03424735367298126
1696958253573637600,64.7856376953125,-0.522552490234375,-0.05084371566772461,-0.3872470259666443
1696958253583651000,64.79565112304688,-0.8080863952636719,-0.37952959537506104,-0.04642029106616974
1696958253593664800,64.80566479492188,1.4305830001831055,0.21349608898162842,-0.08278866112232208
1696958253603678200,64.81567822265625,-0.7184114456176758,-0.7311215400695801,-0.7446510195732117
1696958253613691600,64.82569165039062,-1.6822214126586914,-0.5649641752243042,-0.5921130180358887
1696958253623705000,64.835705078125,1.1894664764404297,0.17145848274230957,0.053502216935157776
1696958253633718500,64.84571850585938,-0.2805519104003906,-0.4368637800216675,-0.25797802209854126
1696958253643732200,64.85573217773438,-0.8437881469726562,-0.4791278839111328,-0.09854535758495331
1696958253653745700,64.86574560546875,-0.4930753707885742,-0.3662526607513428,0.33291375637054443
1696958253663759000,64.87575903320312,0.7269887924194336,0.0011943578720092773,0.05159522593021393
1696958253673772500,64.8857724609375,0.8731346130371094,-0.3944350481033325,-0.02450808882713318
1696958253683786000,64.89578588867188,-1.0499210357666016,-0.2333524227142334,-0.1058715432882309
1696958253693799700,64.90579956054688,0.8016500473022461,0.26353609561920166,0.6322190165519714
1696958253703813000,64.91581323242187,1.8752498626708984,-0.4375385046005249,0.2305317223072052
1696958253713826600,64.92582666015625,-2.3539867401123047,-0.47061240673065186,-0.03379662334918976
1696958253723840000,64.93584008789063,0.8533802032470703,0.026362061500549316,0.15143436193466187
1696958253733853400,64.945853515625,0.8564472198486328,0.05146634578704834,0.40044891834259033
1696958253743867100,64.9558671875,0.35237884521484375,-0.5829967260360718,-0.37375521659851074
1696958253753880600,64.96588061523437,-1.4069242477416992,-0.058121681213378906,0.036566734313964844
1696958253763894000,64.97589404296875,1.5114784240722656,-0.10333895683288574,0.26518911123275757
1696958253773907500,64.98590747070313,-0.14054489135742188,-0.34138011932373047,0.15619921684265137
1696958253783921000,64.9959208984375,-0.08776283264160156,-0.334789514541626,-0.457846999168396
1696958253793934300,65.00593432617187,-1.1959924697875977,-0.24572134017944336,0.24392414093017578
1696958253803948000,65.01594799804687,0.8522157669067383,-0.009431123733520508,0.3525991141796112
1696958253813961500,65.02596142578125,0.702448844909668,-0.5536589622497559,-0.2014094889163971
1696958253823975000,65.03597485351563,-1.7413740158081055,0.06383275985717773,0.015022426843643188
1696958253833988400,65.04598828125,1.6177330017089844,-0.20326805114746094,0.4776762127876282
1696958253844001800,65.05600170898437,-0.20662307739257812,-0.044167280197143555,0.2392760068178177
1696958253854015500,65.06601538085937,0.1282958984375,-0.6930139064788818,-0.29733389616012573
1696958253864029000,65.07602880859375,-1.3770923614501953,0.02759087085723877,0.2186305820941925
1696958253874042400,65.08604248046875,1.2115478515625,-0.08035147190093994,0.46244093775749207
1696958253884055800,65.09605590820313,0.5303030014038086,-0.4321829080581665,0.07630622386932373
1696958253894069200,65.1060693359375,-1.1866397857666016,-0.38835179805755615,-0.3486831486225128
1696958253904083000,65.1160830078125,0.030076980590820312,0.11997520923614502,0.3915361166000366
1696958253914096400,65.12609643554687,1.330057144165039,-0.06788921356201172,0.19234274327754974
1696958253924109800,65.13610986328125,-0.9478788375854492,-0.6426084041595459,-0.4758569598197937
1696958253934123300,65.14612329101563,-0.8787450790405273,-0.13355159759521484,-0.009123727679252625
1696958253944136700,65.15613671875,1.0876989364624023,0.0621570348739624,0.21219566464424133
1696958253954150400,65.166150390625,0.5211572647094727,-0.36410820484161377,-0.10328257083892822
1696958253964163800,65.17616381835937,-0.9040908813476562,-0.26934814453125,-0.31907641887664795
1696958253974177300,65.18617724609375,-0.23301219940185547,-0.13782060146331787,0.22459715604782104
1696958253984190700,65.19619067382813,0.5945720672607422,0.05176949501037598,0.334987998008728
1696958253994204200,65.2062041015625,0.6217317581176758,-0.6839618682861328,-0.49626120924949646
1696958254004217900,65.2162177734375,-2.132289409637451,0.0037832260131835938,-0.19103620946407318
1696958254014231300,65.22623120117187,2.106755256652832,-0.15979230403900146,0.47159773111343384
1696958254024244700,65.23624462890625,0.2812929153442383,-0.3027075529098511,-0.07119700312614441
1696958254034258200,65.24625805664063,-1.5308341979980469,-0.7210003137588501,-0.44497278332710266
1696958254044271600,65.25627172851563,-0.18900012969970703,0.1320401430130005,0.3081672787666321
1696958254054285300,65.26628540039063,1.0876493453979492,-0.24243664741516113,0.25214123725891113
1696958254064298800,65.276298828125,-0.46346092224121094,-0.48072350025177,-0.2738463878631592
1696958254074312200,65.28631225585937,-0.11814308166503906,-0.09798002243041992,-0.15023969113826752
1696958254084325600,65.29632568359375,-0.2756662368774414,-0.03948807716369629,0.38964277505874634
1696958254094339000,65.30633911132813,1.2017383575439453,-0.3880819082260132,0.02299189567565918
1696958254104352500,65.3163525390625,-0.8702316284179688,-0.29429197311401367,-0.5593857169151306
1696958254114366200,65.3263662109375,-1.0786991119384766,-0.23344862461090088,0.17448636889457703
1696958254124379600,65.33637963867187,1.5812253952026367,0.005322098731994629,0.3146502375602722
1696958254134393000,65.34639306640625,0.0768289566040039,-0.4165384769439697,-0.16369597613811493
1696958254144406500,65.35640649414063,-1.1276178359985352,-0.2487022876739502,-0.316744327545166
1696958254154420000,65.366419921875,0.12713336944580078,0.05420386791229248,0.37555259466171265
1696958254164433700,65.37643359375,1.794856071472168,-0.09536468982696533,0.0230589359998703
1696958254174447000,65.38644702148437,-1.3825693130493164,-0.5470093488693237,-0.24986475706100464
1696958254184460500,65.39646044921875,-0.046187400817871094,-0.21748816967010498,0.2831684947013855
1696958254194474000,65.40647387695313,1.2543344497680664,0.008153796195983887,0.6043635010719299
1696958254204487400,65.4164873046875,-0.02972412109375,-0.43977391719818115,0.019681140780448914
1696958254214501000,65.42650122070313,-0.3207235336303711,-0.16517400741577148,-0.31858524680137634
1696958254224514600,65.4365146484375,-0.759852409362793,-0.04822373390197754,0.6724047064781189
1696958254234528000,65.44652807617187,2.3439111709594727,-0.3848332166671753,0.3640156388282776
1696958254244541400,65.45654150390625,-1.4703922271728516,-0.4159116744995117,-0.31005042791366577
1696958254254555000,65.46655493164063,0.057541847229003906,-0.14073336124420166,0.16122911870479584
1696958254264568600,65.47656860351563,0.4114532470703125,0.04743015766143799,0.6544860005378723
1696958254274582000,65.48658203125,0.7353515625,-0.49211108684539795,-0.07610660791397095
1696958254284595500,65.49659545898437,-1.1489191055297852,-0.29425787925720215,-0.314386785030365
1696958254294609200,65.50660913085937,-0.3674020767211914,0.10092651844024658,0.38197365403175354
1696958254304622600,65.51662255859375,1.3447818756103516,-0.25590217113494873,0.1361386775970459
1696958254314636000,65.52663598632813,-1.329864501953125,-0.3235619068145752,-0.37540537118911743
1696958254324649700,65.53664965820313,-0.017179489135742188,-0.03553009033203125,0.14466150104999542
1696958254334663200,65.5466630859375,0.11211013793945312,-0.003677845001220703,0.3318849205970764
1696958254344676900,65.5566767578125,0.9194002151489258,-0.23693585395812988,-0.1446486860513687
1696958254354690300,65.56669018554688,-1.2951593399047852,-0.2447068691253662,-0.1646352857351303
1696958254364703700,65.57670385742188,-0.35562896728515625,-0.030629873275756836,0.26973503828048706
1696958254374717400,65.58671752929688,0.6396732330322266,-0.028715848922729492,0.200335294008255
1696958254384731000,65.59673095703126,-0.2700471878051758,-0.5533353090286255,-0.1679813414812088
1696958254394744600,65.60674462890626,-0.8474225997924805,-0.12843608856201172,-0.0008678734302520752
1696958254404758000,65.61675805664062,0.6741857528686523,-0.0019221305847167969,0.3337884247303009
1696958254414771500,65.626771484375,0.2474498748779297,-0.2525409460067749,0.1917920857667923
1696958254424785200,65.63678515625,-0.3792552947998047,-0.46181929111480713,-0.32458141446113586
1696958254434798600,65.64679858398438,-1.0329456329345703,-0.045767903327941895,0.3388444185256958
1696958254444812300,65.65681225585938,0.7759923934936523,-0.17835307121276855,0.29734623432159424
1696958254454825700,65.66682568359376,0.5448646545410156,-0.628736138343811,-0.31875258684158325
1696958254464839200,65.67683911132812,-1.626016616821289,-0.11243975162506104,-0.08105474710464478
1696958254474852900,65.68685278320312,0.21768760681152344,-0.12424325942993164,0.3442273736000061
1696958254484866300,65.6968662109375,1.4839420318603516,0.12162911891937256,0.034460678696632385
1696958254494880000,65.7068798828125,-0.6845159530639648,-0.5299144983291626,-0.28755825757980347
1696958254504893400,65.7168935546875,-0.7259082794189453,-0.32230091094970703,-0.14345932006835938
1696958254514907000,65.72690698242188,1.116013526916504,0.22161436080932617,0.15807271003723145
1696958254524920600,65.73692065429688,0.49686622619628906,-0.41572844982147217,0.06624773144721985
1696958254534934000,65.74693408203125,-1.105006217956543,-0.09235990047454834,-0.4583767056465149
1696958254544947500,65.75694750976562,-0.07494163513183594,-0.2438431978225708,0.26653438806533813
1696958254554961200,65.76696118164062,1.387948989868164,0.15557563304901123,0.04322895407676697
1696958254564974600,65.776974609375,-0.34529685974121094,-0.6448198556900024,-0.43566179275512695
1696958254574988300,65.78698828125,-1.2476139068603516,0.1686640977859497,-0.25917232036590576
1696958254585001700,65.79700170898437,1.015995979309082,-0.1715095043182373,0.38036733865737915
1696958254595015200,65.80701513671875,0.31596946716308594,-0.3737001419067383,-0.3502941131591797
1696958254605028600,65.81702856445312,-1.156559944152832,-0.4271429777145386,-0.26074397563934326
1696958254615042000,65.8270419921875,-0.10726547241210938,0.08182144165039062,0.33439764380455017
1696958254625055700,65.8370556640625,0.9733295440673828,-0.12607848644256592,0.3253280222415924
1696958254635069200,65.84706909179687,-0.371917724609375,-0.46104931831359863,-0.2354034185409546
1696958254645082600,65.85708251953125,-0.9109249114990234,0.11272621154785156,-0.0207999125123024
1696958254655096000,65.86709594726562,0.6396217346191406,-0.07301580905914307,0.38457798957824707
1696958254665109500,65.87710961914063,0.5139875411987305,-0.3515889644622803,0.008608944714069366
1696958254675123200,65.88712329101563,-0.6627960205078125,-0.5095895528793335,-0.36963918805122375
1696958254685136600,65.89713671875,-0.8332843780517578,0.19001924991607666,0.345649391412735
1696958254695150000,65.90715014648437,1.7734146118164062,0.1126558780670166,0.3465210497379303
1696958254705163500,65.91716357421875,-0.8495950698852539,-0.6116676330566406,-0.38412684202194214
1696958254715177000,65.92717700195313,-1.196486473083496,-0.04053008556365967,-0.023239627480506897
1696958254725190700,65.93719067382813,1.0335330963134766,-0.10277783870697021,0.29679974913597107
1696958254735204000,65.9472041015625,0.6870479583740234,-0.08487284183502197,0.06283233314752579
1696958254745217500,65.95721752929687,-0.2750844955444336,-0.5735971927642822,-0.3352411389350891
1696958254755231000,65.96723095703125,-1.4309730529785156,0.13531994819641113,0.4460850954055786
1696958254765244400,65.97724438476563,1.9847517013549805,-0.10354912281036377,0.45498713850975037
1696958254775258000,65.98725805664063,-0.6625585556030273,-0.5081627368927002,-0.20882108807563782
1696958254785271600,65.997271484375,-1.2298088073730469,-0.08022105693817139,0.01695537567138672
1696958254795285000,66.00728491210937,1.1485052108764648,0.010059356689453125,0.48058369755744934
1696958254805298400,66.01729833984375,0.3477020263671875,-0.015097856521606445,0.4038824439048767
1696958254815312000,66.02731176757813,0.21794795989990234,-0.5227749347686768,-0.2508814334869385
1696958254825325600,66.03732568359375,-1.6846427917480469,0.07102704048156738,0.47416555881500244
1696958254835339000,66.04733911132813,2.4102706909179688,-0.02356863021850586,0.23214644193649292
1696958254845352400,66.0573525390625,-1.1412782669067383,-0.3523256778717041,-0.04844103008508682
1696958254855366000,66.06736596679687,-0.5127601623535156,-0.2289586067199707,-0.03602021932601929
1696958254865379300,66.07737939453125,0.3059539794921875,0.14739763736724854,0.39580366015434265
1696958254875392800,66.08739282226563,0.5153436660766602,-0.36784541606903076,0.038844943046569824
1696958254885406500,66.09740649414063,-0.2264566421508789,-0.2876664400100708,-0.29636961221694946
1696958254895420000,66.107419921875,-1.310938835144043,-0.008101582527160645,0.21864716708660126
1696958254905433300,66.11743334960937,1.5548944473266602,-0.04567825794219971,0.06713788956403732
1696958254915446800,66.12744677734375,-0.11192512512207031,-0.36710917949676514,-0.1775016188621521
1696958254925460200,66.13746020507813,-0.5992040634155273,-0.13129734992980957,-0.2883782982826233
1696958254935474000,66.14747387695313,0.1715221405029297,-0.19641435146331787,0.241587296128273
1696958254945487400,66.1574873046875,0.9883899688720703,0.04230976104736328,0.39449542760849
1696958254955500800,66.16750073242187,0.14482975006103516,-0.5457121133804321,-0.13700450956821442
1696958254965514200,66.17751416015625,-1.3178653717041016,0.04305744171142578,0.02467283606529236
1696958254975527700,66.18752758789063,0.9886569976806641,-0.165228009223938,0.35976362228393555
1696958254985541400,66.19754125976563,0.8382749557495117,-0.4104022979736328,-0.021848447620868683
1696958254995554800,66.20755493164063,-0.8411998748779297,-0.290317177772522,-0.2947685420513153
1696958255005568300,66.217568359375,-0.23235034942626953,-0.23067498207092285,0.14568255841732025
1696958255015581700,66.22758178710937,0.9057340621948242,-0.08764958381652832,0.5369830131530762
1696958255025595100,66.23759521484375,-0.047405242919921875,-0.6189308166503906,-0.2033456563949585
1696958255035608800,66.24760888671875,-1.5335826873779297,-0.30653679370880127,-0.1748761236667633
1696958255045622300,66.25762231445313,1.1894121170043945,0.014953851699829102,0.41199883818626404
1696958255055635700,66.2676357421875,0.6704826354980469,-0.22059130668640137,0.039614155888557434
1696958255065649200,66.27764916992187,-0.8029670715332031,-0.4841289520263672,-0.4044435918331146
1696958255075662600,66.28766259765625,-0.22292518615722656,0.04433751106262207,0.3914642632007599
1696958255085676300,66.29767626953125,1.106431007385254,-0.10577130317687988,0.4117848873138428
1696958255095689700,66.30768969726563,-0.6167087554931641,-0.435663104057312,-0.20946848392486572
1696958255105703200,66.317703125,-0.2519187927246094,-0.11489522457122803,-0.21019957959651947
1696958255115716600,66.32771655273437,-0.2464771270751953,-0.014648914337158203,0.4867711663246155
1696958255125730000,66.33772998046875,1.144775390625,-0.34371840953826904,0.0006712079048156738
1696958255135743700,66.34774365234375,-1.1372356414794922,-0.23657798767089844,-0.2578555941581726
1696958255145757200,66.35775708007813,-0.2554512023925781,-0.09904277324676514,0.16150721907615662
1696958255155770600,66.3677705078125,0.8112735748291016,0.13238322734832764,0.30147311091423035
1696958255165784000,66.3777841796875,0.24045085906982422,-0.4931519031524658,-0.23888885974884033
1696958255175797500,66.38779760742187,-1.17926025390625,-0.19301939010620117,-0.11021580547094345
1696958255185811000,66.39781103515625,0.3287935256958008,-0.08997774124145508,0.4336799085140228
1696958255195824600,66.40782470703125,0.9303388595581055,-0.04360496997833252,0.15269027650356293
1696958255205838000,66.41783813476563,-0.644160270690918,-0.34072184562683105,-0.4496816098690033
1696958255215851500,66.4278515625,-1.2926654815673828,-0.14267098903656006,0.22302047908306122
1696958255225865000,66.43786499023437,1.4918756484985352,0.08284330368041992,0.538512647151947
1696958255235878400,66.44787841796875,0.31749439239501953,-0.36802732944488525,-0.19139929115772247
1696958255245892000,66.45789208984375,-1.3894386291503906,-0.347774863243103,-0.2211715579032898
1696958255255905500,66.46790551757813,0.14307594299316406,0.07075846195220947,0.5336215496063232
1696958255265919000,66.4779189453125,1.1798505783081055,0.1752244234085083,-0.004495501518249512
1696958255275932400,66.48793237304687,-1.0451536178588867,-0.6008620262145996,-0.348633736371994
1696958255285945900,66.49794580078125,-1.1337642669677734,-0.11334288120269775,0.3137609660625458
1696958255295959600,66.50795947265625,2.0280885696411133,0.13474929332733154,0.35876381397247314
1696958255305973000,66.51797290039063,-1.0115489959716797,-0.3537602424621582,-0.06266524642705917
1696958255315986400,66.527986328125,0.3624000549316406,-0.28471171855926514,-0.3013337254524231
1696958255326000000,66.53800024414062,-0.45090484619140625,-0.016671180725097656,0.3200685977935791
1696958255336013600,66.548013671875,1.9777984619140625,0.09465765953063965,0.2202668935060501
1696958255346027300,66.55802734375,-0.3923482894897461,-0.47760117053985596,-0.16710582375526428
1696958255356040700,66.56804077148438,-1.4956722259521484,-0.1389528512954712,0.2760500907897949
1696958255366054100,66.57805419921876,1.8773870468139648,-0.02960062026977539,0.3213275969028473
1696958255376067800,66.58806787109376,0.15241527557373047,-0.3797348737716675,-0.1097651794552803
1696958255386081300,66.59808129882812,-0.5168886184692383,-0.3847014904022217,-0.20496481657028198
1696958255396095000,66.60809497070312,-0.20514774322509766,-0.06685543060302734,0.3678783178329468
1696958255406108400,66.6181083984375,2.041717529296875,0.0127028226852417,0.35398346185684204
1696958255416121900,66.62812182617188,-1.1602182388305664,-0.7018879652023315,-0.33374685049057007
1696958255426135600,66.63813549804688,-0.9377250671386719,0.07584404945373535,0.3143076002597809
1696958255436149000,66.64814892578126,1.5499448776245117,-0.1413513422012329,0.3971874713897705
1696958255446162700,66.65816259765624,-0.5708990097045898,-0.4668922424316406,-0.06160372495651245
1696958255456176000,66.66817602539062,0.3482236862182617,-0.33304882049560547,-0.3674888610839844
1696958255466189600,66.678189453125,-1.7888145446777344,0.07359611988067627,0.2728699743747711
1696958255476203300,66.68820336914062,1.6277446746826172,-0.0354464054107666,0.10670679062604904
1696958255486216700,66.698216796875,-0.7462272644042969,-0.14932537078857422,-0.19027554988861084
1696958255496230400,66.70823046875,-1.1173992156982422,0.05406475067138672,-0.056650348007678986
1696958255506243800,66.71824389648438,0.9260406494140625,-0.008388638496398926,0.30191677808761597
1696958255516257300,66.72825732421875,0.5128517150878906,-0.2530165910720825,-0.06102423369884491
1696958255526271000,66.73827099609375,-1.3711833953857422,-0.12947499752044678,-0.42819851636886597
1696958255536284400,66.74828442382812,-0.4695720672607422,0.17869091033935547,0.24388915300369263
1696958255546298000,66.75829809570313,0.9940624237060547,0.1393064260482788,0.3827269375324249
1696958255556311600,66.7683115234375,-0.3082618713378906,-0.4491562843322754,-0.30086639523506165
1696958255566325000,66.77832495117187,-0.9765872955322266,-0.10860729217529297,0.013184338808059692
1696958255576338700,66.78833862304687,0.9993715286254883,0.1226433515548706,0.4944377541542053
1696958255586352000,66.79835205078125,0.48576927185058594,-0.02786397933959961,0.07326684892177582
1696958255596365800,66.80836572265625,-1.5752716064453125,-0.2614220380783081,-0.12500575184822083
1696958255606379300,66.81837915039063,0.07243061065673828,-0.15881037712097168,0.4566533863544464
1696958255616392700,66.82839282226563,1.109339714050293,0.2234327793121338,0.3881794810295105
1696958255626406400,66.83840649414063,-0.13106536865234375,-0.4330543279647827,0.0797390341758728
1696958255636419800,66.848419921875,-1.5693960189819336,0.12369441986083984,0.6163179278373718
1696958255646433500,66.85843359375,1.311396598815918,0.17665183544158936,0.7347540855407715
1696958255656447000,66.86844702148437,0.10400390625,0.09337484836578369,0.08796357363462448
1696958255666460400,66.87846044921875,-0.7612886428833008,-0.15519094467163086,0.04771799594163895
1696958255676474000,66.88847412109375,-0.2434396743774414,0.24806952476501465,0.719685971736908
1696958255686487600,66.89848754882813,2.0033607482910156,0.20868587493896484,0.5229936838150024
1696958255696501000,66.9085009765625,-1.6094350814819336,0.2339092493057251,-0.008863955736160278
1696958255706514400,66.91851440429687,-0.5832109451293945,-0.0015770196914672852,0.5567620992660522
1696958255716527900,66.92852783203125,1.033839225769043,0.38313889503479004,0.5144222974777222
1696958255726541300,66.93854125976563,-0.1683034896850586,-0.05260276794433594,0.2954684793949127
1696958255736555000,66.94855493164063,-1.1283788681030273,0.08540117740631104,0.19866439700126648
1696958255746568400,66.958568359375,0.22187137603759766,0.23044753074645996,0.8741082549095154
1696958255756582000,66.96858178710937,1.750748634338379,0.19987452030181885,0.4422459006309509
1696958255766595300,66.97859521484375,-2.2725625038146973,-0.17990577220916748,0.2046089768409729
1696958255776608800,66.98860888671875,-0.10731029510498047,0.2262810468673706,0.6692902445793152
1696958255786622500,66.99862255859375,1.1405754089355469,0.33308839797973633,0.778203010559082
1696958255796636000,67.00863598632813,-0.48720359802246094,-0.19764018058776855,0.07740599662065506
1696958255806649300,67.0186494140625,-0.8540010452270508,0.27135658264160156,0.2899625897407532
1696958255816662800,67.02866284179687,1.1168174743652344,0.2680470943450928,0.6278063058853149
1696958255826676200,67.03867626953125,0.46434593200683594,0.09311783313751221,0.43999195098876953
1696958255836690000,67.04868994140625,-1.4533014297485352,-0.04958057403564453,0.12669101357460022
1696958255846703400,67.05870336914063,-0.04489421844482422,0.1342012882232666,0.560351550579071
1696958255856716800,67.068716796875,1.3651065826416016,0.1044466495513916,0.46381324529647827
1696958255866730200,67.07873022460937,-0.4016580581665039,-0.32667040824890137,-0.18671242892742157
1696958255876743700,67.08874365234375,-0.7641105651855469,0.048967599868774414,0.16511520743370056
1696958255886757400,67.09875732421875,1.3549251556396484,0.11064982414245605,0.5517737865447998
1696958255896770800,67.10877075195313,-0.1394662857055664,-0.286604642868042,0.1393020749092102
1696958255906784300,67.1187841796875,-0.5836048126220703,-0.22345983982086182,-0.10605280101299286
1696958255916797700,67.12879760742187,0.09627628326416016,-0.11620819568634033,0.43201950192451477
1696958255926811100,67.13881103515625,1.3529815673828125,-0.1022026538848877,0.254395991563797
1696958255936824800,67.14882495117187,-0.8963689804077148,-0.35180723667144775,-0.14897361397743225
1696958255946838300,67.15883837890625,-0.16329669952392578,-0.08516788482666016,0.33142104744911194
1696958255956851700,67.16885180664063,0.7548933029174805,0.22382092475891113,0.6509077548980713
1696958255966865200,67.178865234375,0.5378684997558594,-0.2682342529296875,-0.02392086759209633
1696958255976878600,67.18887866210937,-1.1550312042236328,-0.16418218612670898,0.0044217295944690704
1696958255986892300,67.19889233398438,0.9502744674682617,0.21181118488311768,0.5198431611061096
1696958255996905700,67.20890576171875,1.144221305847168,0.016914844512939453,0.15291154384613037
1696958256006919200,67.21891918945313,-1.5396232604980469,-0.24616897106170654,-0.20113059878349304
1696958256016932600,67.2289326171875,-0.40806007385253906,-0.24927937984466553,0.33897292613983154
1696958256026946000,67.23894604492187,0.7305660247802734,0.4329872131347656,0.29150834679603577
