time,seconds_elapsed,z,y,x
1696958469934595600,0.148595703125,-0.5110359191894531,0.03903907537460327,0.018007874488830566
1696958469944611000,0.158611083984375,0.12186145782470703,-0.0005127787590026855,-0.7676502466201782
1696958469954628900,0.16862890625,-2.5241637229919434,0.7260099649429321,-0.12654425203800201
1696958469964648700,0.178648681640625,1.0678033828735352,0.04794764518737793,0.3475600481033325
1696958469974669800,0.188669921875,-1.3142690658569336,0.5495826005935669,-0.29142990708351135
1696958469984692500,0.1986923828125,0.16318798065185547,0.3424876928329468,-0.7544543743133545
1696958469994716000,0.2087158203125,-1.3502197265625,0.23631441593170166,-0.0037917792797088623
1696958470004739600,0.218739501953125,0.6340675354003906,0.46463194489479065,0.20434796810150146
1696958470014763300,0.22876318359375,-0.7065906524658203,0.2174835354089737,-0.4908052086830139
1696958470024776700,0.238776611328125,-1.0971431732177734,0.7705702781677246,-0.22592617571353912
1696958470034790100,0.2487900390625,0.3766660690307617,0.24339036643505096,0.417030930519104
1696958470044803600,0.258803466796875,0.0709524154663086,0.5754473209381104,0.007370501756668091
1696958470054817000,0.268817138671875,-0.5576343536376953,0.5323901772499084,-0.47542494535446167
1696958470064830500,0.27883056640625,-0.5734148025512695,0.6178953647613525,0.2904636859893799
1696958470074844000,0.288843994140625,0.5878667831420898,0.5711007118225098,0.44172945618629456
1696958470084857300,0.298857421875,-0.7223367691040039,0.4266613721847534,-0.5237504839897156
1696958470094870800,0.308870849609375,-0.7486610412597656,0.5011311769485474,-0.3918456435203552
1696958470104884200,0.31888427734375,0.6114368438720703,0.5322641730308533,0.024865686893463135
1696958470114897700,0.328897705078125,-0.38935184478759766,0.27495861053466797,-0.1407655030488968
1696958470124911000,0.3389111328125,-1.100773811340332,0.463454008102417,-0.5837044715881348
1696958470134924500,0.348924560546875,-0.11448097229003906,0.6276254653930664,0.132508784532547
1696958470144938000,0.35893798828125,1.3759288787841797,0.4573199450969696,-0.13493986427783966
1696958470154951400,0.368951416015625,-1.6589269638061523,0.4166853725910187,-0.4614759683609009
1696958470164964900,0.37896484375,0.8760604858398438,0.6433882117271423,-0.32406067848205566
1696958470174978300,0.388978271484375,0.6125507354736328,0.4246077537536621,0.2989230751991272
1696958470184991700,0.39899169921875,0.10635662078857422,0.4598085880279541,0.11976628005504608
1696958470195005200,0.409005126953125,-0.18062686920166016,0.4534713625907898,-0.105589359998703
1696958470205018600,0.4190185546875,0.5697250366210938,0.7635478377342224,0.6209941506385803
1696958470215032000,0.429031982421875,2.4048471450805664,0.586138904094696,0.5841120481491089
1696958470225045500,0.43904541015625,-1.875473976135254,0.14296311140060425,0.37706393003463745
1696958470235059000,0.449058837890625,1.2487945556640625,0.49131521582603455,0.903291642665863
1696958470245072400,0.459072265625,1.021224021911621,0.6960104703903198,1.045770287513733
1696958470255085800,0.4690859375,-1.0744438171386719,-0.11757232248783112,0.5152628421783447
1696958470265099300,0.479099365234375,0.13404273986816406,0.04105521738529205,-0.31814202666282654
1696958470275112700,0.48911279296875,0.08404922485351562,1.2146767377853394,0.05312281847000122
1696958470285126100,0.499126220703125,0.26003170013427734,0.45642536878585815,0.04492509365081787
1696958470295139600,0.5091396484375,-1.4323406219482422,0.22886352241039276,-0.8161424398422241
1696958470305153000,0.519153076171875,0.22043704986572266,0.4496127963066101,-0.4173245429992676
1696958470315166500,0.52916650390625,-0.4733619689941406,1.322481632232666,-0.014605939388275146
1696958470325180000,0.539179931640625,-0.9701128005981445,0.12441407144069672,0.004723966121673584
1696958470335193300,0.549193359375,-0.724940299987793,0.03639216721057892,0.8041191101074219
1696958470345206800,0.559206787109375,1.6794147491455078,0.8205211162567139,0.3150578737258911
1696958470355220000,0.569219970703125,-2.15806245803833,0.9269217252731323,-0.5068734288215637
1696958470365233400,0.5792333984375,0.9095773696899414,0.2119186371564865,0.625154972076416
1696958470375246800,0.589246826171875,0.03225898742675781,0.22403749823570251,0.546588659286499
1696958470385260300,0.59926025390625,-2.850831985473633,0.5211596488952637,-0.3329430818557739
1696958470395273700,0.609273681640625,1.7966270446777344,0.663151741027832,-0.025444090366363525
1696958470405287200,0.619287109375,-0.5033302307128906,0.18445366621017456,0.0789417028427124
1696958470415300600,0.629300537109375,-0.7722549438476562,0.05192497372627258,-0.3560102581977844
1696958470425314000,0.63931396484375,-0.5234708786010742,0.363683819770813,-0.3303181827068329
1696958470435327500,0.649327392578125,0.2955331802368164,0.17998218536376953,0.15728077292442322
1696958470445341000,0.6593408203125,0.2577171325683594,0.27772006392478943,-0.0482395738363266
1696958470455354400,0.669354248046875,-1.400472640991211,0.29254481196403503,-0.008587151765823364
1696958470465367800,0.679367919921875,0.5453042984008789,-0.003206968307495117,0.5370085835456848
1696958470475381200,0.68938134765625,1.2298526763916016,0.1924644112586975,0.6684849858283997
1696958470485394700,0.699394775390625,-1.637864112854004,0.12228310108184814,-0.3084527254104614
1696958470495408000,0.709408203125,-0.2823762893676758,-0.12212216854095459,0.6412597894668579
1696958470505421600,0.719421630859375,1.9159736633300781,0.14184901118278503,0.6229562759399414
1696958470515435000,0.72943505859375,-1.6804227828979492,-0.09864643216133118,0.395523339509964
1696958470525448400,0.739448486328125,0.7751979827880859,0.2236996591091156,0.541318953037262
1696958470535462000,0.7494619140625,-0.0858001708984375,0.11636775732040405,0.7043118476867676
1696958470545475300,0.759475341796875,-1.1141328811645508,0.12229692935943604,0.16914290189743042
1696958470555488800,0.76948876953125,-0.0830526351928711,-0.12026765942573547,-0.15014424920082092
1696958470565502200,0.779502197265625,-0.6156072616577148,0.15074247121810913,0.6793185472488403
1696958470575515600,0.789515625,0.7961826324462891,-0.2467377632856369,0.6847362518310547
1696958470585529000,0.799529052734375,-1.5871734619140625,0.15691062808036804,0.195424884557724
1696958470595542500,0.80954248046875,1.4119586944580078,-0.4598415195941925,0.7778900861740112
1696958470605556000,0.819555908203125,-0.39841556549072266,0.36915045976638794,0.43768423795700073
1696958470615569400,0.8295693359375,-0.8472604751586914,-0.04233914613723755,0.4585500657558441
1696958470625582800,0.839582763671875,0.3789968490600586,-0.1467810869216919,0.20025020837783813
1696958470635596300,0.84959619140625,-0.046690940856933594,0.0924147367477417,0.6013718843460083
1696958470645609700,0.859609619140625,0.1856832504272461,0.2474992871284485,0.10723507404327393
1696958470655623200,0.869623046875,-0.6825008392333984,0.30192822217941284,0.327139675617218
1696958470665636900,0.879636962890625,1.9049978256225586,-0.04078766703605652,0.25226500630378723
1696958470675650300,0.889650390625,-2.155198574066162,0.05976763367652893,0.19041043519973755
1696958470685663700,0.899663818359375,0.843226432800293,0.05647993087768555,0.1582905352115631
1696958470695677200,0.90967724609375,0.2462615966796875,-0.08801239728927612,0.1549260914325714
1696958470705690600,0.919690673828125,-1.8113737106323242,0.02102556824684143,0.7873020172119141
1696958470715704300,0.929704345703125,2.7603111267089844,0.19538256525993347,0.08484452962875366
1696958470725717800,0.9397177734375,-2.613605499267578,-0.1508834958076477,0.5352720022201538
1696958470735731200,0.949731201171875,3.3418216705322266,0.22907888889312744,0.9549043774604797
1696958470745744600,0.95974462890625,-1.9068584442138672,0.23764851689338684,0.07852721214294434
1696958470755758000,0.969758056640625,0.1467599868774414,0.05717271566390991,0.6054916381835938
1696958470765771800,0.979771728515625,1.6804132461547852,0.2882295548915863,0.6764029264450073
1696958470775785200,0.98978515625,-2.5604991912841797,-0.3591657280921936,0.0670630931854248
1696958470785798700,0.999798583984375,1.158834457397461,0.25969114899635315,-0.2791454792022705
1696958470795812000,1.00981201171875,-0.3559751510620117,0.27159547805786133,0.3162057399749756
1696958470805825500,1.019825439453125,-0.6274051666259766,-0.3816922605037689,-0.23142072558403015
1696958470815839200,1.029839111328125,-1.351175308227539,0.08069473505020142,-0.284231573343277
1696958470825852700,1.039852783203125,0.1563720703125,-0.18209511041641235,0.2094033658504486
1696958470835866000,1.0498662109375,-0.2767353057861328,0.11219033598899841,0.20732906460762024
1696958470845879600,1.059879638671875,-0.5206146240234375,0.09552896022796631,-0.38958117365837097
1696958470855893000,1.06989306640625,-0.5580720901489258,-0.3222365081310272,0.22888332605361938
1696958470865906400,1.079906494140625,1.1599845886230469,0.21097752451896667,0.4141663610935211
1696958470875920100,1.089920166015625,-0.772796630859375,-0.21931646764278412,-0.48065125942230225
1696958470885933600,1.09993359375,-1.2397308349609375,-0.050788313150405884,-0.05933234095573425
1696958470895947000,1.109947021484375,1.7616348266601562,-0.1391540765762329,0.5383482575416565
1696958470905960400,1.11996044921875,-0.5946035385131836,-0.26073622703552246,0.05757424235343933
1696958470915974000,1.129973876953125,-0.831085205078125,0.03505909442901611,-0.3346346616744995
1696958470925987600,1.139987548828125,1.0610570907592773,-0.2669021785259247,0.24539387226104736
1696958470936001000,1.1500009765625,0.05451393127441406,-0.01610812544822693,0.00849539041519165
1696958470946014500,1.160014404296875,-0.1121969223022461,-0.5548951625823975,-0.6610563397407532
1696958470956028000,1.17002783203125,-1.2361717224121094,0.09363508224487305,0.0033611953258514404
1696958470966041300,1.180041259765625,1.8944158554077148,0.06745517253875732,0.38641357421875
1696958470976055000,1.190054931640625,-1.607630729675293,-0.6792124509811401,-0.15174847841262817
1696958470986068500,1.200068359375,-0.4394407272338867,0.14964142441749573,-0.2265169322490692
1696958470996082000,1.21008203125,0.5096473693847656,-0.14153681695461273,0.12391126155853271
1696958471006095400,1.220095458984375,-1.057180404663086,0.12488506734371185,0.09805214405059814
1696958471016108800,1.23010888671875,-0.4020967483520508,-0.3153856694698334,-0.7788533568382263
1696958471026122500,1.24012255859375,-1.5858564376831055,0.5120669603347778,-0.2876601815223694
1696958471036136000,1.250135986328125,-0.1850147247314453,0.3696119487285614,0.08695715665817261
1696958471046149400,1.2601494140625,-1.9127302169799805,-0.196096733212471,-1.266473412513733
1696958471056162800,1.270162841796875,-4.238847255706787,1.0358550548553467,-1.7139041423797607
1696958471066176300,1.28017626953125,-2.6352286338806152,0.6975095868110657,-0.9486606121063232
1696958471076190000,1.29018994140625,-2.1901803016662598,0.46552902460098267,-0.704631507396698
1696958471086203400,1.300203369140625,-0.6844997406005859,-0.9216155409812927,-1.35874342918396
1696958471096216800,1.310216796875,0.5814857482910156,0.05742824077606201,0.3178192973136902
1696958471106230300,1.320230224609375,4.137428283691406,0.3910587728023529,0.8016979694366455
1696958471116243700,1.33024365234375,-1.4320220947265625,-0.0890347808599472,0.4746500253677368
1696958471126257400,1.34025732421875,-1.8194098472595215,-0.6242408752441406,1.3209989070892334
1696958471136270800,1.350270751953125,2.064199447631836,-0.7217255234718323,1.1534790992736816
1696958471146284300,1.3602841796875,3.0469112396240234,-0.2555532455444336,0.7216148376464844
1696958471156297700,1.370297607421875,3.4279375076293945,-0.30290257930755615,0.603528618812561
1696958471166311200,1.380311279296875,0.9106626510620117,0.09545239806175232,0.9626620411872864
1696958471176324600,1.39032470703125,0.5231914520263672,-0.08628283441066742,1.0006026029586792
1696958471186338300,1.40033837890625,0.3432435989379883,-0.24047911167144775,0.5709477663040161
1696958471196351700,1.410351806640625,0.6544151306152344,-0.5301417112350464,-0.3068649172782898
1696958471206365200,1.420365234375,1.220663070678711,-0.5250811576843262,1.4683074951171875
1696958471216378600,1.430378662109375,4.09351921081543,-0.7100554704666138,0.7158684134483337
1696958471226392000,1.44039208984375,-0.9394779205322266,-0.4104650616645813,0.5228503346443176
1696958471236405800,1.45040576171875,0.9652986526489258,-0.3979133367538452,1.0863970518112183
1696958471246419200,1.460419189453125,1.4480419158935547,-0.7483119964599609,1.2647936344146729
1696958471256432600,1.4704326171875,2.056304931640625,-0.22905468940734863,0.7592971920967102
1696958471266446000,1.480446044921875,2.712614059448242,0.2603692412376404,1.078340768814087
1696958471276459500,1.49045947265625,1.59454345703125,-1.0612658262252808,1.3393912315368652
1696958471286473000,1.500472900390625,2.715367317199707,-1.1169461011886597,1.351371169090271
1696958471296486400,1.510486328125,2.2774553298950195,-0.7379865646362305,0.28856605291366577
1696958471306499800,1.520499755859375,0.8532800674438477,0.12836118042469025,1.5324287414550781
1696958471316513300,1.53051318359375,3.8159780502319336,-0.6216792464256287,2.5791540145874023
1696958471326526700,1.540526611328125,1.7618703842163086,-0.3842140734195709,1.048253059387207
1696958471336540200,1.5505400390625,0.0791635513305664,0.13162265717983246,0.8642850518226624
1696958471346553600,1.5605537109375,2.5713014602661133,-0.2545689046382904,1.232382893562317
1696958471356567000,1.570567138671875,-0.8258419036865234,-1.0737706422805786,0.34741705656051636
1696958471366580500,1.58058056640625,1.0110187530517578,0.1919558197259903,-0.7861921787261963
1696958471376594000,1.590593994140625,-0.0052947998046875,0.699514627456665,-0.27691900730133057
1696958471386607400,1.600607421875,-1.4762506484985352,0.0822799950838089,1.3439006805419922
1696958471396620800,1.610620849609375,2.563652992248535,0.02866309881210327,-0.5347273945808411
1696958471406634200,1.62063427734375,-5.488311290740967,1.1637605428695679,-1.5880626440048218
1696958471416647700,1.630647705078125,-2.0447306632995605,0.7020856142044067,-0.6084485650062561
1696958471426661000,1.6406611328125,-0.9421100616455078,-0.08234518766403198,-0.6335456371307373
1696958471436674600,1.650674560546875,-1.336390495300293,0.7584854364395142,-2.068737030029297
1696958471446688000,1.66068798828125,-0.7754812240600586,0.8488255739212036,-1.246727466583252
1696958471456701400,1.670701416015625,-0.19904708862304688,0.9410333037376404,0.16435450315475464
1696958471466715000,1.68071484375,0.5208683013916016,0.5546920299530029,-0.6314323544502258
1696958471476728300,1.690728271484375,-3.9722557067871094,0.5766090750694275,-0.8128742575645447
1696958471486741800,1.70074169921875,-0.586146354675293,0.7701319456100464,-0.37462276220321655
1696958471496755200,1.710755126953125,-0.8255805969238281,0.2705570459365845,-0.926264762878418
1696958471506768600,1.7207685546875,-0.6015844345092773,0.2981584668159485,-1.260308027267456
1696958471516782000,1.730781982421875,-0.778717041015625,0.42218735814094543,-0.6902103424072266
1696958471526795500,1.74079541015625,-0.0882101058959961,0.6437704563140869,-0.4416499137878418
1696958471536809000,1.75080908203125,-1.2021465301513672,1.1415880918502808,-0.7665348052978516
1696958471546822400,1.760822509765625,-2.223564624786377,-0.05269554257392883,-0.27556121349334717
1696958471556835800,1.7708359375,-0.4054079055786133,1.0080411434173584,-1.2216105461120605
1696958471566849300,1.780849365234375,-1.76983642578125,0.4274123013019562,-0.5925384163856506
1696958471576862700,1.79086279296875,-0.7542362213134766,0.35835176706314087,-0.3870082497596741
1696958471586876200,1.800876220703125,-0.6497335433959961,0.7710280418395996,-0.6267772316932678
1696958471596889600,1.8108896484375,-2.4985618591308594,1.304213047027588,-0.6190212965011597
1696958471606903000,1.820903076171875,-0.12607955932617188,0.40549236536026,0.14233821630477905
1696958471616916500,1.83091650390625,-1.8303823471069336,0.5302717685699463,-0.17175868153572083
1696958471626930000,1.840929931640625,0.26200008392333984,0.3225793242454529,-0.2704273462295532
1696958471636943400,1.850943359375,-0.38206958770751953,0.647526741027832,-0.059609293937683105
1696958471646956800,1.860956787109375,-0.12721729278564453,0.022573918104171753,-0.4000813364982605
1696958471656970500,1.870970458984375,-2.7748866081237793,0.34805575013160706,-0.8138218522071838
1696958471666984000,1.88098388671875,-0.6961574554443359,0.2015259563922882,-1.7779721021652222
1696958471676997400,1.890997314453125,-3.497767448425293,-0.7161309719085693,-1.7161149978637695
1696958471687010800,1.9010107421875,-1.304525375366211,-0.016659438610076904,-1.3341883420944214
1696958471697024300,1.911024169921875,-2.5676794052124023,2.1856789588928223,-0.21883589029312134
1696958471707038000,1.921037841796875,2.4461231231689453,0.8458868265151978,0.4007495641708374
1696958471717051400,1.931051513671875,2.4341564178466797,-0.1763322651386261,-0.8056551218032837
1696958471727064800,1.94106494140625,-1.561161994934082,-0.35398900508880615,-0.32596123218536377
1696958471737078300,1.951078369140625,-0.7125587463378906,2.182732582092285,1.8463655710220337
1696958471747091700,1.961091796875,5.2724151611328125,0.8981735706329346,0.5368839502334595
1696958471757105400,1.97110546875,-3.6754422187805176,-0.08710089325904846,0.012853920459747314
1696958471767118800,1.981118896484375,1.0818986892700195,0.8242409229278564,0.8538565635681152
1696958471777132300,1.99113232421875,1.2484569549560547,0.7664170265197754,0.2780269980430603
1696958471787145700,2.001145751953125,0.5275955200195312,0.15421134233474731,0.219679057598114
1696958471797159200,2.0111591796875,1.1021614074707031,0.29155147075653076,0.01942574977874756
1696958471807172900,2.0211728515625,-2.105924606323242,0.08815211057662964,0.17837077379226685
1696958471817186300,2.031186279296875,0.26459693908691406,1.0613832473754883,0.4764232039451599
1696958471827199700,2.04119970703125,1.8129844665527344,0.6635947227478027,0.5870177745819092
1696958471837213200,2.051213134765625,-1.856367588043213,0.7607296109199524,0.7976325750350952
1696958471847226600,2.0612265625,1.7996559143066406,0.44717490673065186,1.519120693206787
1696958471857240300,2.071240234375,1.042562484741211,0.8785452842712402,1.3694307804107666
1696958471867253800,2.081253662109375,-0.3214082717895508,-0.00925534963607788,0.7660520076751709
1696958471877267200,2.09126708984375,0.7239971160888672,0.43593716621398926,1.184342861175537
1696958471887280600,2.10128076171875,3.299123764038086,0.5466274619102478,1.1019539833068848
1696958471897294000,2.111294189453125,0.5652437210083008,0.6206099390983582,1.4726240634918213
1696958471907307500,2.1213076171875,1.7295351028442383,0.3682849407196045,1.4347786903381348
1696958471917321200,2.1313212890625,0.618927001953125,0.8155848383903503,2.059734344482422
1696958471927334700,2.141334716796875,1.4536676406860352,0.8173334002494812,1.6697475910186768
1696958471937348000,2.15134814453125,-0.20924854278564453,0.6251742243766785,1.0746760368347168
1696958471947361500,2.161361572265625,1.9641551971435547,0.5257741212844849,0.8841826319694519
1696958471957375000,2.171375,1.2570438385009766,0.887947142124176,0.6680386066436768
1696958471967388700,2.181388671875,-1.3541316986083984,-0.3726365566253662,-0.34089404344558716
1696958471977402000,2.191402099609375,-1.4446344375610352,0.0702551007270813,0.4737282395362854
1696958471987415600,2.20141552734375,1.8699073791503906,0.9548408389091492,1.000098705291748
1696958471997429000,2.211428955078125,-0.5864572525024414,0.6001901030540466,0.24630284309387207
1696958472007442400,2.2214423828125,-2.3114233016967773,0.4536927342414856,-0.4601061940193176
1696958472017456000,2.2314560546875,0.2681770324707031,-0.3329141139984131,-0.244456946849823
1696958472027469600,2.241469482421875,-1.1695575714111328,0.1251249611377716,-0.8869001865386963
1696958472037483000,2.25148291015625,-0.445037841796875,0.6594368815422058,-0.8662006855010986
1696958472047496400,2.261496337890625,-0.8968572616577148,0.6227391362190247,-0.8808689713478088
1696958472057510000,2.271510009765625,1.3620691299438477,0.00823262333869934,-0.7811452150344849
1696958472067523600,2.281523681640625,-1.7827625274658203,0.17613160610198975,-0.8271499872207642
1696958472077537000,2.291537109375,-0.16350364685058594,0.7291918992996216,-0.8795531988143921
1696958472087550500,2.301550537109375,0.9095487594604492,-0.703564465045929,-0.9043213725090027
1696958472097564000,2.31156396484375,0.1943206787109375,-0.21028077602386475,-0.975385844707489
1696958472107577300,2.321577392578125,-0.13611984252929688,0.9644724130630493,-0.5471157431602478
1696958472117591000,2.331591064453125,1.4232826232910156,0.04486837983131409,-1.438069224357605
1696958472127604500,2.3416044921875,-0.791874885559082,-0.3507273197174072,-0.9566085338592529
1696958472137618000,2.351617919921875,-1.051091194152832,0.1897076666355133,-0.7688678503036499
1696958472147631400,2.36163134765625,0.22649765014648438,0.9920794367790222,-1.208417534828186
1696958472157644800,2.371644775390625,-0.528559684753418,-0.5272951722145081,-1.416552186012268
1696958472167658500,2.381658447265625,-0.7267513275146484,-0.21037501096725464,-1.2552284002304077
1696958472177672000,2.391671875,-2.2455172538757324,0.7275717854499817,-1.24898362159729
1696958472187685400,2.401685302734375,1.5706310272216797,0.45053282380104065,-1.0061959028244019
1696958472197698800,2.41169873046875,-1.8420276641845703,-0.3043400049209595,-0.7451546788215637
1696958472207712300,2.421712158203125,0.2027597427368164,0.37358543276786804,-0.5911315679550171
1696958472217725700,2.4317255859375,-0.031884193420410156,-0.08866199851036072,-0.9005264639854431
1696958472227739400,2.441739501953125,-0.8427143096923828,-0.25535911321640015,-0.3878595530986786
1696958472237752800,2.4517529296875,0.5539731979370117,-0.02595648169517517,-0.20076660811901093
1696958472247766300,2.461766357421875,0.16528034210205078,0.6487785577774048,-0.06029495596885681
1696958472257779700,2.47177978515625,0.8277692794799805,0.6123090386390686,0.6656316518783569
1696958472267793200,2.481793212890625,2.2507457733154297,0.34417206048965454,0.16895931959152222
1696958472277806800,2.491806884765625,-2.291130542755127,0.27177268266677856,-0.12484210729598999
1696958472287820300,2.5018203125,0.8621368408203125,0.058502405881881714,-0.14600726962089539
1696958472297833700,2.511833740234375,0.042733192443847656,0.41871756315231323,-0.3010175824165344
1696958472307847200,2.52184716796875,-1.0454301834106445,0.29659080505371094,-1.0694515705108643
1696958472317860600,2.531860595703125,-0.1822805404663086,0.316738098859787,-0.7053831815719604
1696958472327874300,2.541874267578125,-1.002089500427246,0.5400905609130859,-0.7162173986434937
1696958472337887700,2.5518876953125,-0.9597225189208984,0.3308907449245453,-0.896597146987915
1696958472347901200,2.561901123046875,-0.6503219604492188,0.13581320643424988,-1.1609182357788086
1696958472357914600,2.57191455078125,-0.5853738784790039,0.671994686126709,-0.23070716857910156
1696958472367928000,2.581927978515625,1.4452123641967773,1.0350137948989868,-0.4087909758090973
1696958472377941800,2.591941650390625,-1.7097883224487305,0.6061266660690308,-0.932274580001831
1696958472387955200,2.601955078125,0.3728160858154297,0.07759875059127808,-0.22207753360271454
1696958472397968600,2.61196875,0.48136234283447266,0.700855553150177,-0.4104393720626831
1696958472407982000,2.621982177734375,-2.083101272583008,0.8038631677627563,-0.779892086982727
1696958472417995500,2.63199560546875,-0.11358261108398438,0.4428364336490631,-0.972356915473938
1696958472428009200,2.64200927734375,0.27359867095947266,0.501694917678833,-0.40795662999153137
1696958472438022700,2.652022705078125,-0.2285289764404297,0.1555350422859192,-0.9028599858283997
1696958472448036000,2.6620361328125,-2.608935832977295,1.127514123916626,-0.45934200286865234
1696958472458049500,2.672049560546875,2.2355642318725586,0.7498011589050293,-0.5494145154953003
1696958472468063000,2.68206298828125,-1.5334863662719727,0.043594300746917725,-0.7288441061973572
1696958472478076700,2.69207666015625,-2.0383782386779785,0.2828471064567566,-0.8848977088928223
1696958472488090000,2.702090087890625,1.9355945587158203,0.6955718994140625,-0.7472169399261475
1696958472498103600,2.712103515625,-1.8180322647094727,0.3429386615753174,-0.4940757155418396
1696958472508117000,2.722116943359375,0.04066276550292969,-0.22312498092651367,-0.35683611035346985
1696958472518130400,2.73213037109375,0.9093093872070312,0.9417386651039124,-0.14265042543411255
1696958472528144000,2.742143798828125,1.2306480407714844,0.9000129699707031,0.15472301840782166
1696958472538157600,2.752157470703125,-0.6640739440917969,0.7300283908843994,-0.41961434483528137
1696958472548171000,2.7621708984375,1.051687240600586,-0.18127164244651794,-0.7350419759750366
1696958472558184400,2.772184326171875,-0.2882823944091797,1.0146687030792236,-0.04691377282142639
1696958472568198000,2.782197998046875,-0.18706893920898438,0.20178145170211792,-0.5488407611846924
1696958472578211300,2.79221142578125,0.16214466094970703,1.0461087226867676,-0.39595526456832886
1696958472588225000,2.80222509765625,1.8038568496704102,-0.1704396903514862,-0.37097349762916565
1696958472598238500,2.812238525390625,-2.641817092895508,0.8158251047134399,-0.34429454803466797
1696958472608252000,2.822251953125,3.4969482421875,0.823265016078949,0.21084487438201904
1696958472618265300,2.832265380859375,-1.1645803451538086,0.815552294254303,-0.21763822436332703
1696958472628278800,2.84227880859375,0.26665496826171875,-0.12462761998176575,-0.344171404838562
1696958472638292500,2.85229248046875,0.9344892501831055,1.1483381986618042,0.15635210275650024
1696958472648306000,2.862305908203125,-0.5629386901855469,0.9608264565467834,-0.008012592792510986
1696958472658319400,2.8723193359375,2.0407094955444336,0.2540019750595093,-0.5661642551422119
1696958472668332800,2.882332763671875,-1.3651657104492188,0.7188122272491455,-0.30859410762786865
1696958472678346200,2.89234619140625,1.5088434219360352,0.7209663987159729,-0.15926912426948547
1696958472688360000,2.90235986328125,-1.0932817459106445,0.8878498673439026,0.10517662763595581
1696958472698373400,2.912373291015625,3.2166643142700195,0.25507116317749023,-0.4123843312263489
1696958472708386800,2.92238671875,-3.9026670455932617,1.1200952529907227,0.1656189262866974
1696958472718400300,2.932400146484375,3.2241058349609375,0.9435359835624695,0.3314720392227173
1696958472728413700,2.94241357421875,-0.9736413955688477,1.0045583248138428,-0.5107444524765015
1696958472738427400,2.952427490234375,0.046410560607910156,0.39780253171920776,-0.5135267376899719
1696958472748440800,2.96244091796875,0.2949075698852539,0.8947399854660034,-0.03265562653541565
1696958472758454300,2.972454345703125,-0.8090314865112305,1.0103576183319092,0.024419814348220825
1696958472768467700,2.9824677734375,0.8984088897705078,0.806699812412262,0.036379843950271606
1696958472778481200,2.992481201171875,-1.2293701171875,0.5715934038162231,-0.40965819358825684
1696958472788494800,3.002494873046875,1.0046882629394531,0.6153424978256226,0.012223094701766968
1696958472798508300,3.01250830078125,-2.627312183380127,1.2084882259368896,-0.07100865244865417
1696958472808521700,3.022521728515625,3.421304702758789,1.0262260437011719,-0.010221660137176514
1696958472818535200,3.03253515625,-1.6702680587768555,-0.19770583510398865,-0.10310998558998108
1696958472828548600,3.042548583984375,0.1496133804321289,1.0963820219039917,0.40627387166023254
1696958472838562300,3.052562255859375,0.7267751693725586,1.2132325172424316,-0.16532039642333984
1696958472848575700,3.06257568359375,-0.9038600921630859,1.0365848541259766,0.36971843242645264
1696958472858589200,3.072589111328125,0.4310598373413086,0.6901962161064148,-0.23187430202960968
1696958472868602600,3.0826025390625,-0.7546319961547852,0.685106098651886,-0.4408532977104187
1696958472878616000,3.092615966796875,-0.38458919525146484,0.8189877867698669,-0.08180537819862366
1696958472888629500,3.10262939453125,0.38063526153564453,0.8084215521812439,-0.3615953028202057
1696958472898643200,3.112643310546875,-1.7791423797607422,0.8268858790397644,-0.2318076193332672
1696958472908656600,3.12265673828125,1.2732038497924805,0.8282573223114014,0.1881418228149414
1696958472918670000,3.132670166015625,-1.4720563888549805,1.2265167236328125,-0.5031533241271973
1696958472928683500,3.14268359375,0.17034149169921875,0.6411054730415344,-0.8722132444381714
1696958472938697000,3.152697021484375,-2.0411949157714844,0.6199819445610046,-0.7752020359039307
1696958472948710700,3.162710693359375,1.446554183959961,0.8635380864143372,-0.4945951998233795
1696958472958724000,3.17272412109375,-2.2780675888061523,1.0731074810028076,-0.5172721743583679
1696958472968737500,3.182737548828125,0.3364725112915039,0.8491081595420837,-0.444441020488739
1696958472978751000,3.1927509765625,-1.1544885635375977,0.47693514823913574,-0.619770884513855
1696958472988764400,3.202764404296875,0.22928524017333984,1.012300968170166,-0.5332208275794983
1696958472998778000,3.212778076171875,-0.9461545944213867,0.6362119317054749,-0.5101211071014404
1696958473008791600,3.22279150390625,0.5182094573974609,1.1174054145812988,-0.2801209092140198
1696958473018805000,3.232804931640625,-0.8827066421508789,0.5790072679519653,-0.3471680283546448
1696958473028818400,3.242818359375,0.5862483978271484,1.0839611291885376,-0.42768925428390503
1696958473038831900,3.252831787109375,-0.2752370834350586,0.440720796585083,-0.694573163986206
1696958473048845600,3.262845458984375,-0.04025459289550781,0.8247511386871338,-0.7449529767036438
1696958473058859000,3.27285888671875,-0.9808921813964844,0.60791015625,-0.4076366424560547
1696958473068872400,3.28287255859375,1.744588851928711,0.9204303622245789,-0.5261159539222717
1696958473078886000,3.292885986328125,-1.7805395126342773,0.36576467752456665,-0.8996027708053589
1696958473088899300,3.3028994140625,1.3342876434326172,1.0541965961456299,-0.3805292844772339
1696958473098913000,3.3129130859375,-0.011560440063476562,0.4494975805282593,-0.47176283597946167
1696958473108926500,3.322926513671875,-0.22142601013183594,0.9642105102539062,0.14851844310760498
1696958473118940000,3.33293994140625,1.0308218002319336,0.705981969833374,-0.06758353114128113
1696958473128953300,3.342953369140625,-0.1852436065673828,0.6107218861579895,-0.0747247040271759
1696958473138966800,3.352966796875,0.22149944305419922,0.7561420202255249,0.07992571592330933
1696958473148980500,3.36298046875,0.6652107238769531,1.0616512298583984,-0.32586371898651123
1696958473158994000,3.372993896484375,-1.1801862716674805,0.980194628238678,0.3054026961326599
1696958473169007400,3.38300732421875,1.8085803985595703,0.38571470975875854,0.028955698013305664
1696958473179020800,3.393020751953125,-1.411092758178711,0.7041919827461243,-0.26278671622276306
1696958473189034200,3.4030341796875,0.9527149200439453,1.2061662673950195,-0.15034329891204834
1696958473199047700,3.413047607421875,-0.26304054260253906,0.37095630168914795,-0.23038899898529053
1696958473209061000,3.42306103515625,0.0959463119506836,1.1025919914245605,-0.09819585084915161
1696958473219074600,3.433074462890625,0.2534446716308594,0.3033192753791809,-0.01961621642112732
1696958473229088000,3.443087890625,-0.4875450134277344,1.6109967231750488,0.4403609037399292
1696958473239101400,3.453101318359375,1.3097944259643555,-0.051258981227874756,0.061298906803131104
1696958473249115000,3.463114990234375,-1.0965824127197266,1.0824835300445557,0.18556004762649536
1696958473259128300,3.47312841796875,1.0082283020019531,0.8048920035362244,0.13354527950286865
1696958473269141800,3.483141845703125,-0.06942176818847656,1.2480556964874268,-0.0015812218189239502
1696958473279155200,3.4931552734375,-0.5040788650512695,0.34391289949417114,-0.045197486877441406
1696958473289168600,3.503168701171875,0.3476753234863281,0.8719249367713928,0.23488792777061462
1696958473299182000,3.51318212890625,-1.4400253295898438,0.5117812156677246,-0.30038678646087646
1696958473309195500,3.523195556640625,1.1244869232177734,1.070395827293396,-0.39282646775245667
1696958473319209000,3.533208984375,-1.3435440063476562,0.0865926742553711,-0.26544445753097534
1696958473329222400,3.543222412109375,0.5136289596557617,1.3024647235870361,-0.19231456518173218
1696958473339235800,3.55323583984375,-0.18996429443359375,0.40917885303497314,-0.159692645072937
1696958473349249300,3.563249267578125,0.3264589309692383,0.6812855005264282,-0.3028414845466614
1696958473359262700,3.5732626953125,-0.3146247863769531,0.1969902515411377,-0.23074333369731903
1696958473369276200,3.583276123046875,0.5222892761230469,1.1427782773971558,-0.15889140963554382
1696958473379289600,3.59328955078125,-0.8789272308349609,0.31269371509552,-0.3593249022960663
1696958473389303000,3.603302978515625,0.7717046737670898,0.829468846321106,-0.059073030948638916
1696958473399316500,3.61331640625,-0.7256793975830078,0.6437526345252991,-0.22590240836143494
1696958473409330000,3.623329833984375,0.226898193359375,0.9405760765075684,-0.3257734775543213
1696958473419343400,3.63334326171875,-0.04596996307373047,0.40187186002731323,-0.3489847183227539
1696958473429356800,3.643356689453125,-0.4137382507324219,0.6305220127105713,-0.018649041652679443
1696958473439370200,3.653370361328125,-0.14986610412597656,0.395862877368927,0.14745178818702698
1696958473449383700,3.6633837890625,0.18012046813964844,1.0672800540924072,-0.2785132825374603
1696958473459397000,3.673397216796875,-0.7138786315917969,0.29174143075942993,-0.2978050112724304
1696958473469410600,3.68341064453125,1.1512699127197266,0.6446133852005005,-0.19826428592205048
1696958473479424000,3.693424072265625,-1.5129995346069336,0.47908759117126465,-0.3508380651473999
1696958473489437400,3.7034375,1.1233816146850586,0.9341844916343689,-0.293739378452301
1696958473499451000,3.713450927734375,-0.6042051315307617,0.19277417659759521,0.0929688811302185
1696958473509464600,3.723464599609375,0.6584663391113281,0.5864460468292236,-0.2714899182319641
1696958473519478000,3.73347802734375,-0.6713275909423828,0.8393626809120178,-0.05993926525115967
1696958473529491500,3.743491455078125,0.3384866714477539,0.6049780249595642,0.2219109833240509
1696958473539505000,3.7535048828125,-0.43158912658691406,0.514240026473999,-0.15686409175395966
1696958473549518300,3.763518310546875,0.08069229125976562,0.7149063348770142,-0.42825251817703247
1696958473559532000,3.773531982421875,-1.472066879272461,0.6042642593383789,0.09770911931991577
1696958473569545500,3.78354541015625,1.713705062866211,0.5009779334068298,-0.3202866017818451
1696958473579559000,3.793558837890625,-1.7496938705444336,0.4690159559249878,-0.023130148649215698
1696958473589572400,3.803572265625,1.1405963897705078,1.007824420928955,-0.11423572897911072
1696958473599585800,3.813585693359375,-0.15215492248535156,0.5734599828720093,-0.3397822380065918
1696958473609599500,3.823599609375,-0.797027587890625,0.45032501220703125,-0.6064438819885254
1696958473619613000,3.833613037109375,0.7008018493652344,0.4755384922027588,-0.23993605375289917
1696958473629626400,3.84362646484375,-0.08462238311767578,1.032416820526123,-0.24863576889038086
1696958473639639800,3.853639892578125,0.16887378692626953,0.25481343269348145,-0.11298458278179169
1696958473649653200,3.8636533203125,-0.017854690551757812,0.7158772349357605,-0.22525329887866974
1696958473659666700,3.873666748046875,-0.4573202133178711,0.9763020277023315,0.2946280241012573
1696958473669680400,3.883680419921875,0.6809768676757812,0.6531780958175659,-0.737602710723877
1696958473679693800,3.89369384765625,-1.2844791412353516,0.3715267777442932,-0.4688231945037842
1696958473689707300,3.903707275390625,0.3960542678833008,0.49657654762268066,0.03633582592010498
1696958473699720700,3.913720703125,-0.2928791046142578,0.8593801856040955,-0.28990721702575684
1696958473709734100,3.923734130859375,0.16646575927734375,0.2241203784942627,-0.4341750144958496
1696958473719747800,3.933747802734375,0.11864566802978516,0.7299611568450928,-0.18871517479419708
1696958473729761300,3.94376123046875,-1.229349136352539,0.7588439583778381,-0.2997923493385315
1696958473739774700,3.953774658203125,1.129776954650879,0.7409010529518127,-0.2689921259880066
1696958473749788200,3.9637880859375,-1.2097492218017578,0.14988386631011963,-0.3741702437400818
1696958473759801600,3.973801513671875,0.5471677780151367,1.0671229362487793,-0.22641795873641968
1696958473769815300,3.983815185546875,0.0966796875,0.5182845592498779,-0.23519843816757202
1696958473779828700,3.993828857421875,-0.6680154800415039,0.3345496654510498,0.21708905696868896
1696958473789842200,4.00384228515625,0.8962154388427734,0.5538380146026611,-0.5451258420944214
1696958473799855600,4.013855712890625,-0.9932880401611328,0.7167943716049194,0.3026959300041199
1696958473809869000,4.023869140625,0.9587440490722656,0.6601470708847046,0.006481766700744629
1696958473819882800,4.0338828125,-0.4100923538208008,0.3719475269317627,-0.07776814699172974
1696958473829896200,4.043896240234375,0.09734058380126953,0.6031107902526855,0.07318669557571411
1696958473839909600,4.05390966796875,0.6182546615600586,0.8032380938529968,-0.04872584342956543
1696958473849923000,4.063923095703125,-0.4777669906616211,0.7071240544319153,-0.30783164501190186
1696958473859936500,4.0739365234375,0.05410003662109375,0.339763879776001,0.24750980734825134
1696958473869950200,4.0839501953125,0.1732311248779297,0.6896520853042603,-0.5356861352920532
1696958473879963600,4.093963623046875,-0.7492303848266602,0.6128173470497131,-0.24305565655231476
1696958473889977000,4.10397705078125,0.17953968048095703,0.7921895980834961,0.07853439450263977
1696958473899990500,4.113990478515625,0.08379554748535156,0.4182789921760559,0.12331902980804443
1696958473910004000,4.12400390625,-0.8867511749267578,0.8130848407745361,-0.029430478811264038
1696958473920017700,4.134017578125,1.3330144882202148,0.45086604356765747,-0.00867953896522522
1696958473930031000,4.144031005859375,-2.8326807022094727,0.775667667388916,0.018823951482772827
1696958473940044500,4.15404443359375,2.0773143768310547,0.8634874224662781,0.4484184682369232
1696958473950058000,4.16405810546875,-1.8894095420837402,0.6342267394065857,-0.3035257160663605
1696958473960071400,4.174071533203125,1.0970020294189453,0.5331128239631653,0.5161558389663696
1696958473970084900,4.1840849609375,-0.2676353454589844,0.46278345584869385,-0.008797943592071533
1696958473980098600,4.1940986328125,-0.9696321487426758,0.9614230990409851,0.6337783336639404
1696958473990112000,4.204112060546875,1.503067970275879,0.45533430576324463,-0.1844818890094757
1696958474000125400,4.21412548828125,-1.4729852676391602,0.7095245718955994,0.15101611614227295
1696958474010139000,4.224138916015625,0.07372665405273438,0.40894848108291626,0.35934752225875854
1696958474020152300,4.23415234375,0.8906383514404297,0.9409267902374268,0.061199039220809937
1696958474030166000,4.244166015625,-1.5156354904174805,0.3452374339103699,0.5301927328109741
1696958474040179500,4.254179443359375,2.1866846084594727,0.7139455676078796,0.3065643608570099
1696958474050193000,4.26419287109375,-2.2632617950439453,0.7936609983444214,-0.004678249359130859
1696958474060206300,4.274206298828125,1.5554447174072266,0.35713398456573486,-0.07787707448005676
1696958474070219800,4.2842197265625,-2.5866990089416504,0.5875459313392639,0.2975045442581177
1696958474080233500,4.2942333984375,1.8539609909057617,0.2729675769805908,-0.16028402745723724
1696958474090247000,4.304246826171875,-2.0451316833496094,0.42109405994415283,-0.3091239929199219
1696958474100260400,4.31426025390625,1.2284116744995117,0.5361100435256958,0.09333273768424988
1696958474110273800,4.324273681640625,-0.48523807525634766,0.5649203658103943,-0.3561283349990845
1696958474120287200,4.334287353515625,0.33308887481689453,0.4087378978729248,-0.0015812814235687256
1696958474130301000,4.344301025390625,-0.24579811096191406,0.4546966552734375,0.22906610369682312
1696958474140314400,4.354314453125,0.8970565795898438,0.6015902161598206,0.289166659116745
1696958474150327800,4.364327880859375,-0.35718727111816406,0.46670854091644287,0.13678687810897827
1696958474160341200,4.37434130859375,1.2925796508789062,0.579166054725647,0.37938192486763
1696958474170354700,4.384354736328125,-0.9565944671630859,0.581753671169281,0.4185313880443573
1696958474180368400,4.394368408203125,1.0481395721435547,0.7333853840827942,0.5522197484970093
1696958474190381800,4.4043818359375,-0.8468341827392578,0.5630074143409729,0.2734926640987396
1696958474200395300,4.414395263671875,1.4252347946166992,0.5044990181922913,0.5176029205322266
1696958474210408700,4.42440869140625,-1.4073114395141602,0.3958660364151001,0.12046408653259277
1696958474220422100,4.434422119140625,0.8851261138916016,0.5635098814964294,0.2227914035320282
1696958474230435800,4.444435791015625,-0.684422492980957,0.4739499092102051,-0.09247177839279175
1696958474240449300,4.45444921875,-0.534541130065918,0.7068619728088379,0.1702311933040619
1696958474250462700,4.464462646484375,-0.5523719787597656,0.7062912583351135,0.28771430253982544
1696958474260476200,4.47447607421875,0.5099401473999023,0.43631231784820557,0.23114079236984253
1696958474270489600,4.484489501953125,-1.5175628662109375,0.37367403507232666,0.15116029977798462
1696958474280503000,4.4945029296875,1.3774423599243164,0.6461047530174255,0.5326350927352905
1696958474290516700,4.504516845703125,-2.018820285797119,0.5286019444465637,0.35548827052116394
1696958474300530200,4.5145302734375,0.920166015625,0.6980971693992615,0.24050888419151306
1696958474310543600,4.524543701171875,-1.02215576171875,0.2747056484222412,0.3270607888698578
1696958474320557000,4.53455712890625,0.16543960571289062,0.8692265748977661,0.6153469085693359
1696958474330570500,4.544570556640625,-0.021505355834960938,0.40009886026382446,-0.11203986406326294
1696958474340584200,4.554584228515625,0.967808723449707,0.5865308046340942,0.4685491621494293
1696958474350597600,4.56459765625,-0.6116838455200195,0.6480387449264526,0.37488165497779846
1696958474360611000,4.574611083984375,1.3967351913452148,0.4286613464355469,0.28057047724723816
1696958474370624500,4.58462451171875,-0.8193588256835938,0.29868006706237793,0.21104934811592102
1696958474380638000,4.594637939453125,1.2660198211669922,0.4721355438232422,0.38513171672821045
1696958474390651600,4.604651611328125,-0.8110971450805664,0.6659616827964783,0.4405689537525177
1696958474400665000,4.6146650390625,1.5513648986816406,0.04082214832305908,0.37607643008232117
1696958474410678500,4.624678466796875,-1.3387737274169922,0.7452892661094666,0.17465630173683167
1696958474420692000,4.63469189453125,1.5984840393066406,0.5842253565788269,0.18088629841804504
1696958474430705400,4.644705322265625,-1.6214323043823242,0.3926188349723816,-0.2109861671924591
1696958474440719000,4.654718994140625,1.0633525848388672,0.08450955152511597,0.07023575901985168
1696958474450732500,4.664732666015625,-2.0690112113952637,0.6766547560691833,-0.09384387731552124
1696958474460746000,4.67474609375,0.6549806594848633,0.06322431564331055,-0.2949557900428772
1696958474470759400,4.684759521484375,-1.9935221672058105,0.9079979062080383,-0.269292414188385
1696958474480772900,4.69477294921875,0.3051595687866211,0.3553963899612427,-0.07677322626113892
1696958474490786600,4.70478662109375,-1.6544389724731445,0.49350929260253906,0.006205946207046509
1696958474500800000,4.714800048828125,0.7963628768920898,0.5481382012367249,0.08408153057098389
1696958474510813400,4.7248134765625,-1.4224910736083984,0.15020650625228882,0.3768412470817566
1696958474520827000,4.734826904296875,1.01806640625,0.8898041248321533,0.4308529794216156
1696958474530840300,4.74484033203125,-0.39861106872558594,-0.035099685192108154,0.010196089744567871
1696958474540854000,4.75485400390625,-1.0811271667480469,0.5649139285087585,0.3417859971523285
1696958474550867500,4.764867431640625,1.4974336624145508,0.5581586956977844,0.4858511984348297
1696958474560881000,4.774880859375,-0.5945587158203125,0.6830421686172485,0.20974591374397278
1696958474570894300,4.784894287109375,0.7735137939453125,0.14366382360458374,0.5766646265983582
1696958474580907800,4.79490771484375,0.8004846572875977,0.45408207178115845,0.38908058404922485
1696958474590921200,4.804921142578125,-0.8360929489135742,0.5692518949508667,0.2879806160926819
1696958474600935000,4.814934814453125,1.9663257598876953,0.021413445472717285,-0.1307709515094757
1696958474610948400,4.8249482421875,-1.9139676094055176,0.6303436160087585,0.2396572232246399
1696958474620961800,4.8349619140625,2.5014495849609375,0.49718713760375977,0.3477689027786255
1696958474630975200,4.844975341796875,-1.2892875671386719,0.2945815920829773,-0.0005837976932525635
1696958474640988700,4.85498876953125,0.7018365859985352,0.09516513347625732,0.08918401598930359
1696958474651002400,4.86500244140625,-0.5276203155517578,0.5828879475593567,0.12055939435958862
1696958474661015800,4.875015869140625,0.6445293426513672,0.6490323543548584,-0.10074251890182495
1696958474671029200,4.885029296875,0.6193866729736328,0.13865375518798828,0.22094082832336426
1696958474681042700,4.895042724609375,0.5225772857666016,0.5705703496932983,0.25721490383148193
1696958474691056000,4.90505615234375,-0.04723834991455078,-0.0196114182472229,0.2208402156829834
1696958474701069800,4.91506982421875,0.45494556427001953,0.9338076710700989,0.43458324670791626
1696958474711083300,4.925083251953125,0.9653215408325195,0.15102362632751465,0.3709978461265564
1696958474721096700,4.9350966796875,0.5521221160888672,0.3288736343383789,-0.0713614821434021
1696958474731110100,4.945110107421875,-0.37613487243652344,0.7657163143157959,0.27181392908096313
1696958474741123600,4.95512353515625,1.2114439010620117,0.5853728652000427,0.2219041883945465
1696958474751137300,4.96513720703125,-1.577383041381836,0.006537497043609619,0.31318801641464233
1696958474761150700,4.975150634765625,1.408334732055664,0.7057487964630127,0.00547635555267334
1696958474771164200,4.9851640625,-2.068838596343994,0.40048301219940186,-0.1889677196741104
1696958474781177600,4.995177490234375,-0.07130908966064453,0.8342160582542419,-0.0067379772663116455
1696958474791191000,5.00519091796875,-0.29529285430908203,0.21445739269256592,-0.17981654405593872
1696958474801204700,5.015204833984375,-1.7187023162841797,0.6405586004257202,-0.1631442755460739
1696958474811218200,5.02521826171875,0.07301044464111328,0.2176588773727417,-0.17233583331108093
1696958474821231600,5.035231689453125,-1.8624558448791504,0.3921395540237427,-0.5307644009590149
1696958474831245000,5.0452451171875,-1.0596637725830078,0.22066080570220947,0.005751192569732666
1696958474841258500,5.055258544921875,0.42456817626953125,0.9458603858947754,0.11012735962867737
1696958474851272200,5.065272216796875,-1.569056510925293,0.1493539810180664,0.33966490626335144
1696958474861285600,5.07528564453125,0.6567926406860352,0.6249610185623169,0.3771762251853943
1696958474871299000,5.085299072265625,-0.4341850280761719,-0.05306386947631836,0.16592946648597717
1696958474881312500,5.0953125,-0.33770751953125,0.5804387331008911,0.2641417384147644
1696958474891326000,5.105325927734375,1.3596372604370117,0.2821345329284668,0.021929502487182617
1696958474901339600,5.115339599609375,-1.4106321334838867,0.5714458227157593,0.0934702455997467
1696958474911353000,5.12535302734375,0.6475543975830078,-0.09119224548339844,0.5611869096755981
1696958474921366500,5.135366455078125,1.0091514587402344,0.46540987491607666,-0.49963217973709106
1696958474931380000,5.1453798828125,-2.1185388565063477,0.6215149164199829,0.15556621551513672
1696958474941393400,5.155393310546875,2.36429500579834,0.3884391784667969,0.13817808032035828
1696958474951406800,5.16540673828125,-1.2874317169189453,0.19555342197418213,-0.36804860830307007
1696958474961420500,5.175420654296875,0.9234123229980469,-0.015866518020629883,-0.07468277215957642
1696958474971434000,5.18543408203125,-0.4688549041748047,0.61363685131073,0.25808048248291016
1696958474981447400,5.195447509765625,0.4210176467895508,-0.02093958854675293,0.06450557708740234
1696958474991460900,5.2054609375,-0.3106060028076172,0.22771310806274414,0.2813946008682251
1696958475001474300,5.215474365234375,2.232457160949707,0.6347646713256836,0.022230148315429688
1696958475011488000,5.225488037109375,-1.6861886978149414,0.08609521389007568,0.19023627042770386
1696958475021501400,5.23550146484375,2.049976348876953,0.6491255760192871,0.25192025303840637
1696958475031515000,5.245514892578125,0.24883174896240234,-0.029984474182128906,0.14170241355895996
1696958475041528300,5.2555283203125,-0.005135536193847656,1.1383051872253418,0.47213318943977356
1696958475051541800,5.265541748046875,1.4623279571533203,-0.08745443820953369,0.2258041799068451
1696958475061555500,5.275555419921875,-1.590083122253418,0.20704257488250732,0.30129069089889526
1696958475071569000,5.28556884765625,0.8415365219116211,0.6749277114868164,0.5697249174118042
1696958475081582300,5.295582275390625,1.135859489440918,0.2972322702407837,0.0618005096912384
1696958475091595800,5.305595703125,-2.231085777282715,0.6284984350204468,0.276140958070755
1696958475101609200,5.315609130859375,1.6976442337036133,0.07927179336547852,0.41334813833236694
1696958475111623000,5.325622802734375,-1.9621143341064453,0.6809884309768677,0.03785935044288635
1696958475121636400,5.33563623046875,0.49384593963623047,0.1624903678894043,-0.16510042548179626
1696958475131649800,5.34564990234375,-1.1365852355957031,0.39687085151672363,0.12716394662857056
1696958475141663200,5.355663330078125,-0.5894393920898438,0.4142293930053711,-0.28267037868499756
1696958475151676700,5.3656767578125,-0.5687198638916016,0.15346014499664307,-0.2138807475566864
1696958475161690000,5.375690185546875,-1.3512401580810547,0.5719524621963501,-0.1784890741109848
1696958475171703600,5.38570361328125,-0.0863027572631836,0.13625788688659668,-0.10103735327720642
1696958475181717000,5.395717041015625,-1.3955965042114258,0.1527475118637085,0.17184489965438843
1696958475191730400,5.40573046875,0.849003791809082,0.22132432460784912,0.3340822756290436
1696958475201744000,5.415743896484375,-1.4136667251586914,0.2794538736343384,0.007084280252456665
1696958475211757300,5.42575732421875,1.4806756973266602,0.23072278499603271,0.21224647760391235
1696958475221770800,5.435770751953125,-1.5002727508544922,-0.0864262580871582,-0.12608271837234497
1696958475231784200,5.4457841796875,0.24718666076660156,0.10125994682312012,-0.07825034856796265
1696958475241797600,5.455797607421875,0.7052764892578125,0.28767824172973633,0.2001250982284546
1696958475251811000,5.46581103515625,-0.6587543487548828,-0.2796006202697754,-0.09603294730186462
1696958475261824500,5.475824462890625,1.2541370391845703,0.5126949548721313,0.0767027735710144
1696958475271838000,5.485837890625,-0.4981088638305664,-0.6169703006744385,-0.33783504366874695
1696958475281851400,5.495851318359375,0.18146514892578125,0.22946608066558838,0.18603071570396423
1696958475291864800,5.50586474609375,1.5573244094848633,-0.11095023155212402,-0.22818008065223694
1696958475301878300,5.515878173828125,-1.495361328125,-0.11567986011505127,0.22728300094604492
1696958475311891700,5.5258916015625,2.7661008834838867,-0.13130533695220947,0.1647534966468811
1696958475321905200,5.5359052734375,-2.2581424713134766,-0.47569572925567627,-0.022645562887191772
1696958475331918600,5.545918701171875,2.009899139404297,0.3920106887817383,0.617793083190918
1696958475341932000,5.55593212890625,0.8918571472167969,-0.011967897415161133,-0.14900103211402893
1696958475351945500,5.565945556640625,-1.5093889236450195,-0.3447200059890747,0.30054739117622375
1696958475361959000,5.575958984375,3.373480796813965,0.16372144222259521,0.3219069540500641
1696958475371972400,5.585972412109375,-1.857649803161621,-0.09163236618041992,0.21978026628494263
1696958475381985800,5.59598583984375,0.7652349472045898,-0.05208134651184082,0.3295063078403473
1696958475391999200,5.605999267578125,0.9980144500732422,0.3527947664260864,0.2935895621776581
1696958475402012700,5.6160126953125,-2.273256778717041,-0.2589864730834961,0.07962557673454285
1696958475412026000,5.626026123046875,1.5599546432495117,-0.16572153568267822,-0.08727610111236572
1696958475422039600,5.63603955078125,-0.2784738540649414,0.10761821269989014,-0.04728773236274719
1696958475432053000,5.646052978515625,-2.3041038513183594,-0.19313883781433105,0.13390418887138367
1696958475442066400,5.65606640625,1.6724920272827148,0.25484418869018555,-0.10157766938209534
1696958475452080000,5.666080078125,-1.7431316375732422,0.12384092807769775,-0.227705717086792
1696958475462093600,5.676093505859375,-0.9700632095336914,-0.30401909351348877,0.12475547194480896
1696958475472107000,5.68610693359375,1.656087875366211,0.14863324165344238,-0.0010739564895629883
1696958475482120400,5.696120361328125,-3.695394992828369,0.12842833995819092,-0.06415373086929321
1696958475492134000,5.7061337890625,1.7131462097167969,-0.40906834602355957,-0.2283014953136444
1696958475502147600,5.716147705078125,-1.3252363204956055,0.161057710647583,-0.22011981904506683
1696958475512161000,5.7261611328125,-1.1072559356689453,-0.14863097667694092,-0.10589674115180969
1696958475522174500,5.736174560546875,0.7207622528076172,-0.3904716968536377,-0.14033132791519165
1696958475532188000,5.74618798828125,-0.7718391418457031,0.11769509315490723,0.020545661449432373
1696958475542201300,5.756201416015625,0.4580402374267578,-0.34303998947143555,0.14297553896903992
1696958475552215000,5.766215087890625,-0.4799528121948242,-0.2741830348968506,-0.08562082052230835
1696958475562228500,5.776228515625,1.628645896911621,-0.15633857250213623,0.20815381407737732
1696958475572242000,5.786241943359375,-0.8124637603759766,0.13432574272155762,0.36772069334983826
1696958475582255400,5.79625537109375,1.5161399841308594,-0.510300874710083,-0.02077421545982361
1696958475592268800,5.806268798828125,-0.23144149780273438,-0.06377708911895752,0.6026775240898132
1696958475602282500,5.816282470703125,0.7483482360839844,-0.035274505615234375,0.15230447053909302
1696958475612296000,5.8262958984375,-0.515202522277832,-0.41008102893829346,-0.1628444492816925
1696958475622309400,5.836309326171875,1.192112922668457,-0.27693498134613037,0.4342709481716156
1696958475632322800,5.84632275390625,-0.3875875473022461,-0.037404417991638184,-0.21799767017364502
1696958475642336300,5.856336181640625,-1.0942144393920898,-0.43887603282928467,0.02249482274055481
1696958475652350000,5.866349853515625,3.004343032836914,-0.11596298217773438,-0.013845354318618774
1696958475662363400,5.87636328125,-2.9332666397094727,-0.34846043586730957,-0.14366215467453003
1696958475672376800,5.886376953125,1.1548709869384766,-0.05048632621765137,0.3269612789154053
1696958475682390300,5.896390380859375,1.2195043563842773,-0.028680801391601562,0.1182117760181427
1696958475692403700,5.90640380859375,-0.9386205673217773,-0.22827041149139404,0.4163457453250885
1696958475702417400,5.91641748046875,1.9453506469726562,-0.29981541633605957,0.11248937249183655
1696958475712430800,5.926430908203125,-1.4425077438354492,0.11738276481628418,0.5833355188369751
1696958475722444300,5.9364443359375,2.2883434295654297,-0.04658079147338867,0.4286233186721802
1696958475732457700,5.946457763671875,-1.4682798385620117,-0.19733548164367676,-0.09905165433883667
1696958475742471200,5.95647119140625,0.5372714996337891,0.06749773025512695,0.3713390529155731
1696958475752484600,5.966484619140625,1.4060888290405273,-0.029565095901489258,0.4425356686115265
1696958475762498300,5.976498291015625,-1.7421398162841797,-0.22378873825073242,-0.0035931766033172607
1696958475772511700,5.98651171875,1.1006193161010742,0.11704957485198975,0.1107412576675415
1696958475782525200,5.996525146484375,-0.37393665313720703,-0.10969173908233643,0.4895007610321045
1696958475792538600,6.00653857421875,0.008858680725097656,-0.35589611530303955,-0.5292149782180786
1696958475802552000,6.016552001953125,-1.658935546875,-0.21726524829864502,0.15543335676193237
1696958475812565800,6.026565673828125,2.45937442779541,-0.0028723478317260742,0.005692660808563232
1696958475822579200,6.0365791015625,-3.519932270050049,-0.5108045339584351,-0.04053717851638794
1696958475832592600,6.046592529296875,0.1869678497314453,-0.05077826976776123,-0.3449576497077942
1696958475842606000,6.056606201171875,-0.3100919723510742,0.2242121696472168,-0.5236613154411316
1696958475852619500,6.06661962890625,-2.03471040725708,-0.1381070613861084,-0.427264928817749
1696958475862633200,6.07663330078125,1.1484050750732422,-0.4495410919189453,-0.43814218044281006
1696958475872646700,6.086646728515625,-3.002429962158203,-0.4619150161743164,-0.7249517440795898
1696958475882660000,6.09666015625,1.253340721130371,0.41262710094451904,-0.08541283011436462
1696958475892673500,6.106673583984375,-0.5702657699584961,-0.7936015129089355,0.07729354500770569
1696958475902687000,6.11668701171875,-1.137619972229004,0.44365036487579346,0.14076444506645203
1696958475912700700,6.12670068359375,2.75494384765625,-0.22259926795959473,0.5650678873062134
1696958475922714000,6.136714111328125,-1.4761152267456055,-0.16937172412872314,0.03868386149406433
1696958475932727600,6.1467275390625,0.6774082183837891,-0.7538689970970154,-0.0825287401676178
1696958475942741000,6.156740966796875,0.13122177124023438,0.24245822429656982,0.07339823246002197
1696958475952754400,6.16675439453125,0.3836994171142578,-0.5416173934936523,0.1584569215774536
1696958475962768100,6.17676806640625,1.3385934829711914,0.05440235137939453,-0.29137158393859863
1696958475972781600,6.186781494140625,-0.8726091384887695,-0.6328119039535522,-0.16942963004112244
1696958475982795500,6.19679541015625,0.4436473846435547,0.20600301027297974,0.17615997791290283
1696958475992809700,6.206809814453125,1.1593017578125,-0.7121545076370239,-0.5248810052871704
1696958476002823200,6.2168232421875,-1.8491315841674805,-0.03416943550109863,-0.6567453145980835
1696958476012836600,6.226836669921875,1.4430303573608398,-0.45958882570266724,0.07465285062789917
1696958476022850300,6.236850341796875,1.1531000137329102,0.1350170373916626,0.21265730261802673
1696958476032863700,6.24686376953125,-0.6992521286010742,-0.5532946586608887,-0.4142385721206665
1696958476042877200,6.256877197265625,-1.2039823532104492,-0.029689908027648926,0.4088348150253296
1696958476052890600,6.266890625,2.5168209075927734,-0.08153104782104492,0.3352222442626953
1696958476062904000,6.276904052734375,-1.2693281173706055,-0.45216113328933716,-0.09628018736839294
1696958476072917800,6.286917724609375,1.3427143096923828,-0.2942799925804138,-0.12333586812019348
1696958476082931200,6.29693115234375,-0.8634452819824219,0.042494773864746094,0.3649122416973114
1696958476092944600,6.306944580078125,1.8047208786010742,-0.6223893165588379,0.3545052409172058
1696958476102958000,6.3169580078125,-0.6226606369018555,-0.5098180770874023,-0.8443838357925415
1696958476112971500,6.326971435546875,-1.0894775390625,-0.12403988838195801,0.018742412328720093
1696958476122985200,6.336985107421875,2.0764636993408203,-0.6718248128890991,-0.3042674660682678
1696958476132998700,6.34699853515625,-1.9952807426452637,-0.6737966537475586,-0.37976813316345215
1696958476143012000,6.35701220703125,0.9674806594848633,-0.2564390301704407,-0.9439090490341187
1696958476153025500,6.367025634765625,-1.8779330253601074,-0.3846333622932434,-0.10129725933074951
1696958476163039000,6.3770390625,2.0641098022460938,-0.11379992961883545,-0.40101712942123413
1696958476173052400,6.387052490234375,-1.3667497634887695,-0.9963477849960327,-0.5386211276054382
1696958476183066000,6.397066162109375,-1.143916130065918,-0.3356049656867981,-0.19247573614120483
1696958476193079600,6.40707958984375,2.2427759170532227,-0.16743487119674683,0.16014009714126587
1696958476203093000,6.417093017578125,-1.8151946067810059,-0.6723244190216064,-0.014655828475952148
1696958476213106400,6.4271064453125,0.4543600082397461,-0.3542943596839905,-0.08362674713134766
1696958476223120000,6.437119873046875,0.4915742874145508,-0.004160881042480469,0.5106729865074158
1696958476233134000,6.447134033203125,0.5858840942382812,-0.5927318334579468,0.6456561088562012
1696958476243147000,6.45714697265625,0.07271766662597656,-0.6230723857879639,-0.46546170115470886
1696958476253160000,6.467159912109375,0.3496856689453125,-0.5072542428970337,-0.17598402500152588
1696958476263173000,6.477173095703125,0.36774349212646484,-0.5048948526382446,0.4139176309108734
1696958476273186000,6.48718603515625,0.4669189453125,-1.0430470705032349,0.030159980058670044
1696958476283199200,6.49719921875,-0.28940868377685547,0.07718890905380249,-0.15313860774040222
1696958476293212400,6.50721240234375,-0.518310546875,-0.48444995284080505,0.05733630061149597
1696958476303225600,6.5172255859375,1.3514108657836914,-1.1526365280151367,-0.6890140771865845
1696958476313239000,6.527239013671875,-2.9241981506347656,-1.753448486328125,-1.5624315738677979
1696958476323252500,6.53725244140625,0.11783695220947266,0.23339444398880005,0.33347851037979126
1696958476333266000,6.547265869140625,2.6266679763793945,-0.20902442932128906,-0.17283889651298523
1696958476343279600,6.557279541015625,-2.894467353820801,-1.3102011680603027,-0.22774456441402435
1696958476353293300,6.567293212890625,0.8449258804321289,-0.6179999113082886,0.44482243061065674
1696958476363307000,6.57730712890625,0.49437808990478516,-0.16310542821884155,0.8041347861289978
1696958476373320700,6.58732080078125,-0.7114381790161133,-0.8372501134872437,-0.10353082418441772
1696958476383334400,6.59733447265625,0.532963752746582,-1.0812666416168213,-0.36792391538619995
1696958476393348400,6.607348388671875,-0.20441341400146484,-0.3067837953567505,0.002670109272003174
1696958476403362000,6.617362060546875,0.5608015060424805,-0.5992178916931152,0.34396201372146606
1696958476413376000,6.6273759765625,-0.7837858200073242,-0.910322904586792,-0.07217413187026978
1696958476423389700,6.6373896484375,1.2776460647583008,-1.0509299039840698,-0.3348914682865143
1696958476433403400,6.6474033203125,-1.0337209701538086,-0.8997616767883301,0.4425505995750427
1696958476443416800,6.657416748046875,0.8848724365234375,-0.7037713527679443,-0.010047733783721924
1696958476453430500,6.667430419921875,-0.7662677764892578,-0.8607727289199829,-1.1509381532669067
1696958476463444000,6.67744384765625,-0.6211872100830078,-1.3133500814437866,-0.2917085886001587
1696958476473457400,6.68745751953125,0.4844226837158203,-0.4746811091899872,-0.19594430923461914
1696958476483470800,6.697470947265625,-1.050990104675293,-0.96912682056427,-0.6299041509628296
1696958476493484300,6.707484375,-0.5131607055664062,-0.7211132645606995,-0.4256463944911957
1696958476503497700,6.717497802734375,1.5622663497924805,-1.3831579685211182,-0.29311174154281616
1696958476513511400,6.727511474609375,-2.8235535621643066,-0.5453159809112549,-0.45507559180259705
1696958476523524900,6.73752490234375,2.5689010620117188,-1.1256431341171265,-0.23992834985256195
1696958476533538300,6.747538330078125,-0.43797779083251953,-0.6277676820755005,-0.10341978073120117
1696958476543551700,6.7575517578125,0.8005743026733398,-0.7451075315475464,0.06005054712295532
1696958476553565200,6.767565185546875,0.5359020233154297,-0.8133648633956909,0.07201629877090454
1696958476563579000,6.777578857421875,0.7112998962402344,-0.6945741176605225,0.34206733107566833
1696958476573592300,6.78759228515625,0.2268543243408203,-0.9144096374511719,-0.2912467420101166
1696958476583605800,6.797605712890625,-0.8061141967773438,-0.9153311252593994,-0.3383510112762451
1696958476593619200,6.807619140625,2.311600685119629,-0.5535928010940552,-0.0007869899272918701
1696958476603632600,6.817632568359375,-1.1825494766235352,-1.061637043952942,-0.06346449255943298
1696958476613646300,6.827646240234375,-0.47281932830810547,-1.0777530670166016,-0.34886598587036133
1696958476623659800,6.83765966796875,0.355133056640625,-1.0141706466674805,-0.030333489179611206
1696958476633673200,6.847673095703125,-0.24308490753173828,-0.828216016292572,-0.18756818771362305
1696958476643686700,6.857686767578125,-0.6297550201416016,-0.9784744381904602,-0.7912865877151489
1696958476653700000,6.8677001953125,0.0026264190673828125,-1.068333387374878,-0.24078480899333954
1696958476663713800,6.8777138671875,1.4316625595092773,-1.0043044090270996,0.11695429682731628
1696958476673727200,6.887727294921875,-1.7833271026611328,-0.5989125967025757,0.012255758047103882
1696958476683740700,6.89774072265625,1.7428674697875977,-1.061543345451355,0.07444652915000916
1696958476693754000,6.907754150390625,0.35292911529541016,-0.6979122161865234,0.5303002595901489
1696958476703767600,6.917767578125,-0.01621723175048828,-1.0512933731079102,0.0032420754432678223
1696958476713781200,6.92778125,0.2607917785644531,-1.238732933998108,-0.1615394949913025
1696958476723794700,6.937794677734375,0.5468235015869141,-0.6463386416435242,0.4777233302593231
1696958476733809000,6.947808837890625,1.0280218124389648,-0.7734966278076172,0.2681215703487396
1696958476743821800,6.95782177734375,-1.6366472244262695,-0.8226282596588135,-0.04629248380661011
1696958476753835000,6.9678349609375,1.2678050994873047,-0.9741225242614746,0.08077946305274963
1696958476763848200,6.97784814453125,0.1894664764404297,-0.9681329131126404,0.24310150742530823
1696958476773861400,6.987861328125,-0.9824352264404297,-1.1048855781555176,-1.0669041872024536
1696958476783874600,6.99787451171875,-0.19151878356933594,-1.1670451164245605,-0.24904009699821472
1696958476793887700,7.0078876953125,1.0991239547729492,-1.137505292892456,-0.12079444527626038
1696958476803901000,7.01790087890625,-2.043431282043457,-1.048600435256958,-0.5550524592399597
1696958476813914400,7.027914306640625,0.6470985412597656,-1.398249626159668,-0.17429956793785095
1696958476823927800,7.037927734375,1.3768463134765625,-0.9179912209510803,0.2830062806606293
1696958476833941200,7.047941162109375,-0.3804779052734375,-1.402169942855835,-0.3741845190525055
1696958476843954700,7.05795458984375,-0.43224239349365234,-1.2143495082855225,-0.3269463777542114
1696958476853968100,7.067968017578125,1.8676815032958984,-1.006768822669983,0.11187532544136047
1696958476863981800,7.07798193359375,-0.019664764404296875,-1.1636942625045776,-0.3445698320865631
1696958476873995500,7.08799560546875,-0.8319740295410156,-0.834965169429779,-0.2844400107860565
1696958476884009200,7.09800927734375,1.9419889450073242,-0.5659137964248657,0.12200099229812622
1696958476894023000,7.10802294921875,-0.35641002655029297,-1.289945363998413,-0.3240778148174286
1696958476904036600,7.11803662109375,-1.0005950927734375,-0.626882791519165,-0.2778318524360657
1696958476914050600,7.128050537109375,1.1095561981201172,-1.1328190565109253,0.3431641161441803
1696958476924064300,7.138064208984375,-0.9669923782348633,-0.4930466115474701,0.2556473910808563
1696958476934078000,7.148077880859375,0.31122684478759766,-1.121467113494873,-0.3977937400341034
1696958476944092000,7.158091796875,-1.1946163177490234,-0.4765017628669739,-0.11645516753196716
1696958476954105300,7.168105224609375,1.125941276550293,-1.1847835779190063,0.003931701183319092
1696958476964119000,7.178119140625,-2.1167244911193848,-0.9807645082473755,-0.4490204453468323
1696958476974132500,7.188132568359375,-0.6110115051269531,-0.7391234636306763,-0.10823720693588257
1696958476984146700,7.198146728515625,1.163651466369629,-1.1558420658111572,-0.03933495283126831
1696958476994159400,7.208159423828125,-1.5727081298828125,-1.0183658599853516,-0.16255247592926025
1696958477004172300,7.21817236328125,0.36675071716308594,-0.5934534072875977,0.18776318430900574
1696958477014185000,7.22818505859375,0.6669607162475586,-0.5534979104995728,0.3149052858352661
1696958477024198000,7.238197998046875,0.2925548553466797,-1.191741704940796,0.04009488224983215
1696958477034210800,7.2482109375,0.10078239440917969,-1.1261662244796753,0.012981146574020386
1696958477044224000,7.25822412109375,-0.16221332550048828,-0.3243069350719452,0.4921463131904602
1696958477054237200,7.2682373046875,2.4904212951660156,-0.5992332696914673,0.5768378376960754
1696958477064250400,7.27825048828125,-0.5979223251342773,-0.9786798357963562,0.019717305898666382
1696958477074263800,7.288263916015625,-0.3432741165161133,-0.9250143766403198,0.2083236575126648
1696958477084277200,7.29827734375,1.4163455963134766,-0.16468185186386108,0.643501877784729
1696958477094291000,7.308291015625,1.2218236923217773,-0.7098226547241211,0.47702354192733765
1696958477104304600,7.3183046875,-0.7596111297607422,-0.7534863948822021,-0.07725176215171814
1696958477114318300,7.328318359375,0.7810955047607422,-1.1279852390289307,0.8344935178756714
1696958477124332300,7.338332275390625,0.9991855621337891,-0.11099052429199219,0.5709437727928162
1696958477134346200,7.34834619140625,0.1365070343017578,-0.41352447867393494,-0.1311381459236145
1696958477144360200,7.358360107421875,0.2557668685913086,-0.6040513515472412,0.13016676902770996
1696958477154374100,7.3683740234375,1.3210430145263672,-0.5732037425041199,0.5620348453521729
1696958477164388400,7.378388427734375,-0.12065410614013672,-0.49687737226486206,-0.3561623990535736
1696958477174402300,7.38840234375,-0.41637229919433594,-0.19809001684188843,-0.3554701507091522
1696958477184416000,7.398416015625,0.13447284698486328,-0.48520562052726746,0.478701114654541
1696958477194429400,7.408429443359375,0.942021369934082,-0.5936366319656372,0.09245461225509644
1696958477204443100,7.418443115234375,-1.6310195922851562,0.28874045610427856,-0.6229623556137085
1696958477214456600,7.42845654296875,0.5667705535888672,-0.46779105067253113,0.1555192470550537
1696958477224470000,7.438469970703125,-0.4520225524902344,0.010714411735534668,0.2241719365119934
1696958477234483500,7.4484833984375,-0.5080223083496094,-0.5125004649162292,-0.30289772152900696
1696958477244497000,7.458496826171875,-0.9030284881591797,0.18890196084976196,-0.3106512129306793
1696958477254510300,7.46851025390625,0.7818412780761719,-0.13105517625808716,0.3908052444458008
1696958477264524000,7.47852392578125,-0.33808422088623047,-0.01365351676940918,-0.009186148643493652
1696958477274537500,7.488537353515625,-0.23181915283203125,-0.24683678150177002,-0.22869384288787842
1696958477284551000,7.498551025390625,-0.8951301574707031,0.30607086420059204,0.13560158014297485
1696958477294564400,7.508564453125,1.0953245162963867,-0.008249044418334961,0.4041752815246582
1696958477304577800,7.518577880859375,-1.3777713775634766,-0.08852964639663696,0.014720141887664795
1696958477314591500,7.528591552734375,0.9099578857421875,-0.27923569083213806,0.09208393096923828
1696958477324605000,7.53860498046875,-0.2531614303588867,0.7575399875640869,0.6081368327140808
1696958477334618400,7.548618408203125,1.744882583618164,-0.6481226682662964,0.4842718839645386
1696958477344631800,7.5586318359375,-2.2018299102783203,-0.0425640344619751,-0.6006384491920471
1696958477354645200,7.568645263671875,0.3555593490600586,-0.018646597862243652,0.8721770644187927
1696958477364659000,7.578658935546875,2.0655288696289062,0.16067612171173096,-0.5191342234611511
1696958477374672400,7.58867236328125,-4.099470138549805,-0.04516410827636719,-0.28414809703826904
1696958477384685800,7.598685791015625,2.343109130859375,0.09130537509918213,0.055316805839538574
1696958477394699300,7.60869921875,-0.8549747467041016,0.8554016351699829,-0.747137725353241
1696958477404712700,7.618712646484375,-1.3113117218017578,-0.3673573434352875,0.037837862968444824
1696958477414726400,7.628726318359375,0.4552268981933594,0.1788603663444519,-0.6715961694717407
1696958477424739800,7.63873974609375,-1.1369686126708984,0.03937560319900513,0.026791095733642578
1696958477434753300,7.648753173828125,1.2122678756713867,-0.03970599174499512,0.10134375095367432
1696958477444766700,7.6587666015625,-1.1417512893676758,-0.17986619472503662,0.05556809902191162
1696958477454780200,7.6687802734375,0.24691009521484375,0.4545994997024536,0.14324891567230225
1696958477464793900,7.6787939453125,0.35631465911865234,0.0938408374786377,0.6540965437889099
1696958477474807300,7.688807373046875,0.8760614395141602,-0.16733533143997192,-0.36806100606918335
1696958477484820700,7.69882080078125,-2.380310535430908,-0.22636735439300537,-0.25971081852912903
1696958477494834200,7.708834228515625,2.4472761154174805,0.4870036840438843,0.45615458488464355
1696958477504848600,7.7188486328125,0.5296468734741211,-0.46669527888298035,-0.7127772569656372
1696958477514861800,7.72886181640625,-2.5347113609313965,0.15382874011993408,0.17293834686279297
1696958477524875000,7.738875,3.7699575424194336,0.4130757451057434,0.27726221084594727
1696958477534888000,7.748887939453125,-2.843550682067871,-0.05289703607559204,-0.009597301483154297
1696958477544901000,7.758901123046875,1.468994140625,-0.418538361787796,0.0021790266036987305
1696958477554914600,7.76891455078125,0.486083984375,0.6553823351860046,-0.15322375297546387
1696958477564927700,7.778927734375,-1.6418828964233398,-0.35140296816825867,-0.34208524227142334
1696958477574941200,7.788941162109375,1.826986312866211,0.2800700068473816,0.11304962635040283
1696958477584954400,7.798954345703125,-0.26552391052246094,-0.05388212203979492,-0.2682337462902069
1696958477594967800,7.8089677734375,-0.852635383605957,0.36847424507141113,0.10199540853500366
1696958477604981500,7.8189814453125,1.3718585968017578,-0.23512601852416992,0.35807883739471436
1696958477614995000,7.828994873046875,-0.9824028015136719,-0.4245431125164032,0.03937697410583496
1696958477625008600,7.839008544921875,-0.6214370727539062,0.1854538917541504,0.11125761270523071
1696958477635022000,7.84902197265625,1.545048713684082,0.20667272806167603,-0.04924970865249634
1696958477645035800,7.859035888671875,-0.9577569961547852,-0.3743773400783539,0.20394927263259888
1696958477655049500,7.869049560546875,1.343186378479004,0.26779502630233765,-0.6220722198486328
1696958477665063200,7.879063232421875,-1.6416854858398438,0.03391796350479126,0.4835997223854065
1696958477675076900,7.889076904296875,2.233067512512207,0.4623394012451172,0.08210265636444092
1696958477685090600,7.899090576171875,-2.02540922164917,-0.7250962257385254,-0.4279562830924988
1696958477695104300,7.909104248046875,-0.7253351211547852,0.5485803484916687,-0.22763502597808838
1696958477705118000,7.919117919921875,1.4796819686889648,0.31948721408843994,0.3396757245063782
1696958477715131600,7.929131591796875,-0.8656139373779297,0.15769237279891968,-0.03790557384490967
1696958477725145300,7.939145263671875,-0.758418083190918,-0.22505801916122437,-0.3991003930568695
1696958477735158800,7.94915869140625,-0.38842105865478516,0.6575803756713867,0.20754611492156982
1696958477745172200,7.959172119140625,0.2625083923339844,-0.004040896892547607,0.28387588262557983
1696958477755186000,7.96918603515625,-2.0512266159057617,-0.3741287291049957,-0.08768278360366821
1696958477765199400,7.979199462890625,1.1317501068115234,0.561674952507019,0.1359553337097168
1696958477775212800,7.989212890625,-0.3572406768798828,0.1012304425239563,0.2871410846710205
1696958477785226200,7.999226318359375,-0.4903907775878906,0.04286491870880127,0.12231975793838501
1696958477795239700,8.00923974609375,-0.9958429336547852,0.23514539003372192,-0.29364022612571716
1696958477805253400,8.01925341796875,-0.06634235382080078,0.4542425274848938,0.47676634788513184
1696958477815266800,8.029266845703125,0.7937355041503906,-0.17578649520874023,-0.04757028818130493
1696958477825280300,8.0392802734375,-2.5056376457214355,-0.08299362659454346,-0.027514159679412842
1696958477835293700,8.049293701171875,1.1272697448730469,0.1446911096572876,-0.11362063884735107
1696958477845307100,8.05930712890625,-0.9016504287719727,0.6774256229400635,0.12060034275054932
1696958477855320800,8.06932080078125,-0.33110904693603516,-0.13307613134384155,0.044267475605010986
1696958477865334300,8.079334228515625,1.0028629302978516,0.015788257122039795,-0.3210917115211487
1696958477875347700,8.08934765625,-2.9709296226501465,0.19140022993087769,0.23804283142089844
1696958477885361200,8.099361083984375,2.780205726623535,0.26576101779937744,0.5242642164230347
1696958477895374600,8.10937451171875,-1.0833778381347656,-0.057605624198913574,-0.5060768723487854
1696958477905388300,8.11938818359375,-2.8252296447753906,0.22811603546142578,-0.05785936117172241
1696958477915401700,8.129401611328126,3.2791709899902344,0.9787787795066833,0.27538108825683594
1696958477925415200,8.139415283203125,-2.205665111541748,-0.5504589080810547,-1.1763525009155273
1696958477935428600,8.1494287109375,-2.816833972930908,0.7986664772033691,-0.3844415843486786
1696958477945442000,8.159442138671874,1.8780174255371094,-0.1647091507911682,-0.37757906317710876
1696958477955455500,8.16945556640625,-3.435943603515625,0.4483146667480469,-0.390322208404541
1696958477965469200,8.17946923828125,0.4193286895751953,0.03711742162704468,-0.20950371026992798
1696958477975482600,8.189482666015625,0.6570854187011719,0.4583474397659302,0.07916778326034546
1696958477985496000,8.19949609375,-3.0195040702819824,0.5552253127098083,1.6314358711242676
1696958477995509500,8.209509521484375,4.6762895584106445,0.1989193558692932,1.4733107089996338
1696958478005523000,8.21952294921875,-2.7861876487731934,0.025314748287200928,0.043039023876190186
1696958478015536600,8.22953662109375,1.807729721069336,-0.8755284547805786,0.9173370599746704
1696958478025550000,8.239550048828125,1.6877689361572266,-0.33396831154823303,0.14920705556869507
1696958478035563500,8.2495634765625,-0.9263677597045898,-0.21825376152992249,-0.6787148714065552
1696958478045577000,8.259576904296875,1.6941184997558594,0.2698037028312683,-0.28849536180496216
1696958478055590400,8.26959033203125,2.870147705078125,-0.4799359142780304,-0.3776126503944397
1696958478065604000,8.27960400390625,-2.541992664337158,-0.9132938385009766,-0.6792126893997192
1696958478075617500,8.289617431640625,1.143467903137207,-0.6682685613632202,-1.55977463722229
1696958478085631000,8.299630859375,3.88877010345459,-0.44617772102355957,-1.7940505743026733
1696958478095644400,8.30964453125,-0.2252368927001953,-0.7468768358230591,0.3422183394432068
1696958478105657900,8.319657958984376,2.498904228210449,-0.00438690185546875,0.12830621004104614
1696958478115671600,8.329671630859375,1.3171844482421875,-0.22470906376838684,0.3179782032966614
1696958478125685000,8.33968505859375,1.109060287475586,0.8364101052284241,0.5786833167076111
1696958478135698400,8.349698486328125,4.173986434936523,-0.5731253027915955,-0.760635256767273
1696958478145711900,8.3597119140625,-2.3925719261169434,-0.5239951014518738,-0.610870361328125
1696958478155725300,8.369725341796874,5.245229721069336,-0.745378851890564,0.1852620244026184
1696958478165739000,8.379739013671875,-0.11950492858886719,0.0272025465965271,-0.11487483978271484
1696958478175752400,8.38975244140625,3.192293167114258,-0.21794745326042175,0.2597295045852661
1696958478185766000,8.399765869140625,1.6746711730957031,-0.22863909602165222,0.7466970682144165
1696958478195779300,8.409779296875,0.6096181869506836,-0.2886674106121063,-0.007346987724304199
1696958478205792800,8.419792724609374,-1.6137895584106445,-0.004130423069000244,-0.232937753200531
1696958478215806500,8.429806396484375,0.4071521759033203,0.06510108709335327,0.8333898186683655
1696958478225820000,8.43981982421875,2.1073665618896484,-0.10059350728988647,-0.6146072149276733
1696958478235833300,8.449833251953125,-3.5076584815979004,0.9938839673995972,-0.8814876675605774
1696958478245846800,8.4598466796875,2.436476707458496,0.535082221031189,-0.01532667875289917
1696958478255860200,8.469860107421875,-1.1580696105957031,-0.5937255620956421,-0.675322949886322
1696958478265874000,8.4798740234375,-1.9624414443969727,0.10015541315078735,-0.8136239647865295
1696958478275887400,8.489887451171874,-0.48011112213134766,0.7518907785415649,-0.21201306581497192
1696958478285900800,8.49990087890625,-0.2300863265991211,-0.1848638653755188,-0.1939220428466797
1696958478295914200,8.509914306640624,-0.7497959136962891,-0.5592035055160522,-0.3815016746520996
1696958478305927700,8.519927734375,-1.392470359802246,0.4555034041404724,-0.03620249032974243
1696958478315941000,8.529941162109376,0.8335990905761719,0.4657133221626282,0.2770392894744873
1696958478325954800,8.539954833984375,0.16271400451660156,-0.029787302017211914,-0.5404469966888428
1696958478335968300,8.54996826171875,-2.5133166313171387,0.07628101110458374,-0.38180476427078247
1696958478345981700,8.559981689453124,1.3924551010131836,-0.3227291405200958,-1.0582480430603027
1696958478355995100,8.5699951171875,-2.5195260047912598,0.4396059513092041,-0.6171639561653137
1696958478366008600,8.580008544921874,0.8369979858398438,0.11774462461471558,-0.1254650354385376
1696958478376022300,8.590022216796875,-2.333127021789551,0.25297075510025024,-0.9002936482429504
1696958478386035700,8.60003564453125,-0.21489238739013672,-0.10122334957122803,-0.6226715445518494
1696958478396049200,8.610049072265625,-0.9355020523071289,-0.37517520785331726,-0.9401021599769592
1696958478406062600,8.6200625,-2.1561641693115234,0.3052096962928772,-1.0493221282958984
1696958478416076000,8.630075927734374,-0.5256891250610352,-0.2655652165412903,-1.125380516052246
1696958478426089700,8.64008984375,0.8812589645385742,0.025183022022247314,-0.6415791511535645
1696958478436103200,8.650103271484374,-1.80617094039917,-0.08845359086990356,-0.7735982537269592
1696958478446116600,8.66011669921875,-0.44397735595703125,-0.0146828293800354,-0.37867939472198486
1696958478456130000,8.670130126953126,-0.6766271591186523,0.08640509843826294,-0.593916118144989
1696958478466143500,8.6801435546875,0.3820056915283203,0.35412466526031494,0.19355648756027222
1696958478476157200,8.6901572265625,-0.3163270950317383,-0.23464202880859375,-1.363722324371338
1696958478486170600,8.700170654296874,-1.5574827194213867,-0.5437220931053162,-0.6051215529441833
1696958478496184000,8.71018408203125,1.0661659240722656,0.8006410002708435,-0.005042135715484619
1696958478506197500,8.720197509765624,0.08445549011230469,-0.628948986530304,-0.7873896360397339
1696958478516211000,8.7302109375,-2.7154040336608887,-0.8555160164833069,-0.30244094133377075
1696958478526224600,8.740224609375,3.562088966369629,0.4313753843307495,1.1908257007598877
1696958478536238000,8.750238037109375,-1.3203277587890625,0.2141042947769165,0.3738566040992737
1696958478546251500,8.76025146484375,0.6617460250854492,-0.0200197696685791,0.30302226543426514
1696958478556265000,8.770264892578124,2.074997901916504,-1.06269371509552,0.6400785446166992
1696958478566278400,8.7802783203125,0.2974052429199219,-0.8044506311416626,0.09769260883331299
1696958478576292000,8.7902919921875,-1.1988792419433594,1.2416685819625854,0.6537871360778809
1696958478586305500,8.800305419921875,3.5259017944335938,2.1868653297424316,0.241174578666687
1696958478596319000,8.810319091796876,-1.2618427276611328,-0.31392180919647217,-1.6722794771194458
1696958478606332400,8.82033251953125,-0.5037479400634766,-1.7383440732955933,-2.476139545440674
1696958478616346000,8.83034619140625,-2.279191493988037,0.4924841523170471,-0.45907220244407654
1696958478626359600,8.840359619140624,2.9739437103271484,1.7220566272735596,0.8162471652030945
1696958478636373000,8.850373046875,2.4124841690063477,0.2819148898124695,-0.0019940733909606934
1696958478646386700,8.86038671875,-1.5597944259643555,-0.42325443029403687,-0.7926836013793945
1696958478656400100,8.870400146484375,-1.0302915573120117,0.7048553824424744,0.33658385276794434
1696958478666413800,8.880413818359376,3.9563608169555664,0.6707534790039062,0.6516721248626709
1696958478676427300,8.89042724609375,-0.6699609756469727,-0.1227579116821289,-0.5019030570983887
1696958478686440700,8.900440673828125,-0.32470226287841797,0.11339640617370605,-0.11559921503067017
1696958478696454400,8.910454345703124,2.3805246353149414,0.7839871644973755,0.6550845503807068
1696958478706467800,8.9204677734375,0.9020519256591797,0.32123762369155884,-0.18150430917739868
1696958478716481500,8.9304814453125,-1.8630642890930176,-0.04450178146362305,-0.7198204398155212
1696958478726495000,8.940494873046875,-0.7506265640258789,-0.37361592054367065,-0.0012088418006896973
1696958478736508400,8.95050830078125,1.7070112228393555,0.7962539196014404,-0.013325035572052002
1696958478746522000,8.960522216796875,-0.5393304824829102,0.3327144384384155,-0.9814479351043701
1696958478756535600,8.97053564453125,-1.0738744735717773,0.06494152545928955,-0.9905663728713989
1696958478766549200,8.98054931640625,-1.8651456832885742,-0.5137162208557129,0.02581799030303955
1696958478776562700,8.990562744140625,1.9667491912841797,-0.07665860652923584,-0.7107588648796082
1696958478786576100,9.000576171875,-3.515153408050537,-0.7512227296829224,-1.1548376083374023
1696958478796589800,9.01058984375,0.40212345123291016,0.4092608094215393,-0.48438456654548645
1696958478806603300,9.020603271484376,1.6243610382080078,-0.11486160755157471,-0.001546621322631836
1696958478816617000,9.030616943359375,-1.5388717651367188,-0.3526362180709839,-0.6129469871520996
1696958478826630400,9.04063037109375,-0.5033054351806641,-0.04771977663040161,-0.44194531440734863
1696958478836643800,9.050643798828125,0.09979248046875,-0.13756227493286133,0.11018228530883789
1696958478846657500,9.060657470703125,1.7668418884277344,-0.05065816640853882,-0.5427510142326355
1696958478856671000,9.0706708984375,-1.9985671043395996,0.21465355157852173,-0.14505022764205933
1696958478866684700,9.0806845703125,2.5026559829711914,-0.17805171012878418,0.271190345287323
1696958478876698000,9.090697998046876,-0.638702392578125,-0.20309150218963623,0.15057384967803955
1696958478886711600,9.100711669921875,0.7577648162841797,-0.7876803874969482,-0.3332012891769409
1696958478896725200,9.110725341796876,-1.4472274780273438,0.6557890176773071,-0.19598275423049927
1696958478906738700,9.12073876953125,1.4900274276733398,-0.4661564528942108,0.010536015033721924
1696958478916752400,9.13075244140625,-0.606816291809082,-0.6799777746200562,-0.4659854471683502
1696958478926765800,9.140765869140624,-0.19457054138183594,0.3590708374977112,-0.4535871744155884
1696958478936779300,9.150779296875,1.813028335571289,0.14108878374099731,-0.11825019121170044
1696958478946792700,9.160792724609376,-2.4685416221618652,-0.013072013854980469,-0.1290101706981659
1696958478956806100,9.17080615234375,0.9113836288452148,-0.48921188712120056,-0.8395432233810425
1696958478966819800,9.18081982421875,-2.048786163330078,-0.11421781778335571,-0.8992435932159424
1696958478976833300,9.190833251953125,0.6996345520019531,0.07051193714141846,0.6100292801856995
1696958478986846700,9.2008466796875,1.1808700561523438,0.0035918354988098145,0.3328307271003723
1696958478996860200,9.210860107421874,-1.837484359741211,0.4567081928253174,-0.42904558777809143
1696958479006873600,9.22087353515625,0.4849987030029297,-0.3041531443595886,0.592856228351593
1696958479016887300,9.23088720703125,0.694310188293457,0.7980437874794006,0.5476022362709045
1696958479026900700,9.240900634765625,-0.5166473388671875,-0.5005664825439453,-0.8153712749481201
1696958479036914200,9.2509140625,-0.9356317520141602,0.13090789318084717,0.1046527624130249
1696958479046927600,9.260927734375,1.2936811447143555,0.28762733936309814,0.7273346781730652
1696958479056941000,9.270941162109375,-0.5445394515991211,0.2597591280937195,-0.07475614547729492
1696958479066954800,9.280954833984374,-0.4430408477783203,-0.2940889000892639,-0.5500472187995911
1696958479076968200,9.29096826171875,-0.7617759704589844,0.5500773787498474,0.6241794228553772
1696958479086981600,9.300981689453126,2.489499092102051,-0.2191152572631836,0.4879421889781952
1696958479096995000,9.3109951171875,-1.6694393157958984,0.04320871829986572,-0.6547467708587646
1696958479107008500,9.321008544921876,0.1028289794921875,0.29592275619506836,0.6611388921737671
1696958479117022000,9.33102197265625,1.9519777297973633,0.3293713331222534,0.5623515844345093
1696958479127035600,9.34103564453125,-1.7327871322631836,-0.49390390515327454,-0.6363664269447327
1696958479137049000,9.351049072265624,-0.39040088653564453,-0.2630116939544678,-0.027101248502731323
1696958479147062500,9.3610625,1.1781635284423828,0.8074093461036682,0.660731315612793
1696958479157076000,9.371075927734376,1.1463899612426758,-0.11432957649230957,-0.5001606345176697
1696958479167089400,9.38108935546875,-3.314901351928711,-0.21171480417251587,-0.440489798784256
1696958479177103000,9.39110302734375,2.236591339111328,0.2806442379951477,-0.018102169036865234
1696958479187116500,9.401116455078125,0.23384475708007812,-0.33403241634368896,-0.19670075178146362
1696958479197130000,9.4111298828125,-1.5348777770996094,0.30946600437164307,-0.38826656341552734
1696958479207143400,9.421143310546874,0.4857158660888672,0.05472928285598755,0.07691130042076111
1696958479217156900,9.431156982421875,-0.829533576965332,0.4743354916572571,0.26554813981056213
1696958479227170600,9.441170654296876,2.355158805847168,-0.47666916251182556,-0.21621015667915344
1696958479237184000,9.45118408203125,-3.1651620864868164,-0.026288986206054688,-0.4613066613674164
1696958479247197400,9.461197509765626,2.108822822570801,0.5439600944519043,0.48730239272117615
1696958479257211000,9.4712109375,1.4587163925170898,-0.3232923746109009,0.04011008143424988
1696958479267224300,9.481224365234375,-2.7742128372192383,0.5043271780014038,-0.33034002780914307
1696958479277238000,9.491238037109374,1.1560392379760742,0.12450909614562988,0.31365692615509033
1696958479287251500,9.50125146484375,1.215616226196289,0.3249145746231079,-0.17791610956192017
1696958479297265000,9.511264892578126,-2.256863594055176,-1.3099318742752075,-0.6627530455589294
1696958479307278300,9.5212783203125,0.028623580932617188,0.7913121581077576,0.37532079219818115
1696958479317291800,9.531291748046876,2.7144384384155273,0.6158151030540466,0.16466906666755676
1696958479327305500,9.541305419921875,-2.0945138931274414,-0.09887522459030151,0.04090791940689087
1696958479337319000,9.55131884765625,0.47659778594970703,-0.08815371990203857,0.3406986594200134
1696958479347332400,9.561332275390624,1.388676643371582,0.3641335964202881,0.6715660691261292
1696958479357345800,9.571345703125,-1.2859878540039062,0.29529672861099243,0.13616544008255005
1696958479367359200,9.581359130859376,0.2558021545410156,-0.5270471572875977,0.09238117933273315
1696958479377373000,9.591373046875,0.891169548034668,0.7613999843597412,0.6345844268798828
1696958479387386400,9.601386474609376,-0.3867607116699219,0.4981966018676758,0.2984888553619385
1696958479397399800,9.61139990234375,-0.23321056365966797,-0.2133169174194336,-0.033209264278411865
1696958479407413200,9.621413330078125,-0.012248039245605469,0.26015913486480713,0.461811363697052
1696958479417426700,9.6314267578125,-0.9010086059570312,0.3070529103279114,-0.05218285322189331
1696958479427440000,9.641440185546875,-0.17230701446533203,0.5202067494392395,0.12109452486038208
1696958479437453800,9.651453857421876,0.5309696197509766,0.24574393033981323,0.2876920700073242
1696958479447467300,9.66146728515625,-1.558455467224121,0.2039235234260559,0.4007369875907898
1696958479457480700,9.671480712890625,1.4224824905395508,0.6086966395378113,0.6084344983100891
1696958479467494100,9.681494140625,-0.1671895980834961,0.47215431928634644,0.13441550731658936
1696958479477507600,9.691507568359375,-1.203995704650879,-0.2952001690864563,0.33755457401275635
1696958479487521300,9.701521240234374,1.1598215103149414,1.3297464847564697,0.5052381753921509
1696958479497534700,9.71153466796875,-1.2945079803466797,0.12504327297210693,0.3411254286766052
1696958479507548200,9.721548095703126,0.15170574188232422,0.10849875211715698,0.493441104888916
1696958479517561600,9.7315615234375,0.8490200042724609,-0.05127370357513428,0.10888129472732544
1696958479527575000,9.741574951171875,-0.2281169891357422,1.0086883306503296,0.6839262247085571
1696958479537588700,9.751588623046874,0.2930583953857422,-0.01582026481628418,0.05587285757064819
1696958479547602200,9.761602294921875,0.35930728912353516,0.44126611948013306,0.17676478624343872
1696958479557615600,9.77161572265625,-0.08594989776611328,-0.36845797300338745,0.12379676103591919
1696958479567629000,9.781629150390625,-0.48241519927978516,0.7213655710220337,0.1586207151412964
1696958479577642500,9.791642578125,1.516469955444336,0.3023958206176758,-0.4427296817302704
1696958479587656200,9.80165625,-1.6505126953125,0.22129178047180176,-0.10488593578338623
1696958479597669600,9.811669677734375,1.808659553527832,0.553016185760498,-0.005716800689697266
1696958479607683000,9.82168310546875,0.08907127380371094,0.272765576839447,-0.1632055640220642
1696958479617696500,9.831696533203125,-0.6756210327148438,-0.0668601393699646,0.01024317741394043
1696958479627710000,9.8417099609375,0.3204078674316406,0.32714784145355225,0.28166741132736206
1696958479637723600,9.8517236328125,0.009421348571777344,0.9690269827842712,0.673554539680481
1696958479647737000,9.861737060546876,0.3248481750488281,0.41045260429382324,-0.16682016849517822
1696958479657750500,9.87175048828125,-1.3576765060424805,0.24917292594909668,0.4597991108894348
1696958479667764000,9.881763916015625,0.9634914398193359,0.06253808736801147,0.40126127004623413
1696958479677777400,9.89177734375,-1.3420848846435547,0.8034527897834778,0.024914026260375977
1696958479687791000,9.901791015625,0.9791269302368164,0.6125382781028748,0.8515459299087524
1696958479697804500,9.911804443359374,1.5118417739868164,-0.33926427364349365,-0.03570514917373657
1696958479707818000,9.92181787109375,-1.3876771926879883,0.5820971131324768,0.5351333618164062
1696958479717831400,9.93183154296875,0.9763917922973633,0.5768163800239563,0.8276336193084717
1696958479727844900,9.941844970703125,-0.04389476776123047,1.3218261003494263,0.6779986023902893
1696958479737858300,9.9518583984375,0.9258518218994141,-1.0694818496704102,-0.17256182432174683
1696958479747872000,9.9618720703125,-1.441716194152832,0.7004543542861938,0.16155415773391724
1696958479757885400,9.971885498046875,0.6070699691772461,0.7490159869194031,0.4618305563926697
1696958479767899000,9.98189892578125,0.08000659942626953,1.023782730102539,0.31480854749679565
1696958479777912300,9.991912353515625,-0.8475027084350586,-1.0134356021881104,-0.13863593339920044
1696958479787925800,10.00192578125,-1.150848388671875,1.2548197507858276,0.26845329999923706
1696958479797939500,10.011939453125,0.4049873352050781,0.6996303796768188,0.37264013290405273
1696958479807953000,10.021952880859375,-0.5612859725952148,0.5558526515960693,-0.08719813823699951
1696958479817966300,10.03196630859375,-1.0425586700439453,-0.2811102271080017,0.0693022608757019
1696958479827979800,10.041979736328125,-0.7436733245849609,0.9951237440109253,0.4239596128463745
1696958479837993200,10.0519931640625,0.7681770324707031,0.9266590476036072,-0.010550081729888916
1696958479848007000,10.0620068359375,-1.408127784729004,0.1626095175743103,-0.6626713275909424
1696958479858020400,10.072020263671876,0.0813589096069336,-0.2067258358001709,-0.5239830017089844
1696958479868033800,10.08203369140625,-0.9411745071411133,0.6555543541908264,-0.10796129703521729
1696958479878047200,10.092047119140625,0.9008321762084961,1.270287036895752,0.06040143966674805
1696958479888060700,10.102060791015624,-0.6640157699584961,-0.7720378637313843,-0.7340701818466187
1696958479898074400,10.112074462890625,-0.0029687881469726562,0.23844188451766968,0.2879868149757385
1696958479908087800,10.122087890625,0.6090078353881836,1.0803885459899902,0.24558907747268677
1696958479918101200,10.132101318359375,0.2632923126220703,0.9181123375892639,0.4135568141937256
1696958479928115000,10.142114990234376,1.1369733810424805,-0.18855202198028564,-0.11307239532470703
1696958479938128400,10.15212841796875,-0.9207229614257812,-0.1888386607170105,0.12077885866165161
1696958479948141800,10.162141845703125,0.7061548233032227,1.094878077507019,0.21668291091918945
1696958479958155500,10.172155517578124,1.4881935119628906,-0.029067158699035645,0.07256406545639038
1696958479968169000,10.1821689453125,-1.6266469955444336,0.07594931125640869,-0.6535607576370239
1696958479978182700,10.1921826171875,0.09310531616210938,0.45295846462249756,0.38991451263427734
1696958479988196000,10.202196044921875,0.1549530029296875,0.7293443083763123,-0.1604101061820984
1696958479998209500,10.21220947265625,-0.36144447326660156,-0.0070767998695373535,-0.33730804920196533
1696958480008223200,10.22222314453125,-1.0054826736450195,0.44845330715179443,0.3922916054725647
1696958480018236700,10.232236572265625,1.7066946029663086,0.5260979533195496,0.3008645176887512
1696958480028250400,10.24225048828125,-3.123936653137207,-0.05984938144683838,0.008632659912109375
1696958480038263800,10.252263916015625,1.9015779495239258,0.6302444934844971,0.6451149582862854
1696958480048277200,10.26227734375,-1.2663116455078125,0.9538928866386414,0.044335007667541504
1696958480058291000,10.272291015625,-0.23118972778320312,0.0794755220413208,-0.03127676248550415
1696958480068304400,10.282304443359376,-0.3403472900390625,0.025615990161895752,0.07734018564224243
1696958480078318000,10.292318115234375,1.3618154525756836,0.9141439199447632,0.17817717790603638
1696958480088331500,10.30233154296875,-1.4084501266479492,0.5576526522636414,0.42411160469055176
1696958480098345000,10.312344970703125,1.6244516372680664,0.4151848554611206,-0.3318603038787842
1696958480108358700,10.322358642578125,-1.968233585357666,0.5688775181770325,-0.041181743144989014
1696958480118372000,10.3323720703125,0.6838245391845703,0.3146193027496338,0.21004056930541992
1696958480128385800,10.3423857421875,-0.8566684722900391,0.7940546870231628,-0.41268736124038696
1696958480138399200,10.352399169921876,0.19183063507080078,-0.1015547513961792,0.07579219341278076
1696958480148412700,10.36241259765625,-0.4917716979980469,0.6038396954536438,0.7197312116622925
1696958480158426400,10.37242626953125,0.8947181701660156,1.0478148460388184,0.12157529592514038
1696958480168439800,10.382439697265625,-0.9758148193359375,0.16757386922836304,0.0022913217544555664
1696958480178453200,10.392453369140625,-1.2605791091918945,0.08738452196121216,0.22372299432754517
1696958480188467000,10.402467041015624,0.8787469863891602,1.0184283256530762,0.31572777032852173
1696958480198480400,10.41248046875,-0.07004833221435547,-0.35658782720565796,-0.1253349781036377
1696958480208494000,10.422494140625,-0.09848499298095703,0.3456882834434509,0.09578430652618408
1696958480218507500,10.432507568359375,0.7998037338256836,0.9085351824760437,0.24262875318527222
1696958480228521000,10.44252099609375,-0.11504650115966797,0.2645416259765625,0.20280247926712036
1696958480238534700,10.45253466796875,0.090118408203125,0.26483386754989624,-0.14579468965530396
1696958480248548000,10.462548095703125,-0.2539205551147461,0.5862492918968201,0.538312554359436
1696958480258561800,10.472561767578124,-0.7415485382080078,0.36278897523880005,0.06503903865814209
1696958480268575200,10.4825751953125,1.4824466705322266,0.45175474882125854,0.13038748502731323
1696958480278588700,10.492588623046874,-1.1166067123413086,-0.024220645427703857,-0.5379504561424255
1696958480288602400,10.502602294921875,-0.24411869049072266,0.46976345777511597,0.48435401916503906
1696958480298615800,10.51261572265625,0.6592874526977539,0.4954255223274231,-0.2597629427909851
1696958480308629200,10.522629150390625,-1.664811134338379,0.29746872186660767,-0.0355679988861084
1696958480318642700,10.532642578125,1.148855209350586,-0.022180259227752686,0.02052175998687744
1696958480328656400,10.542656494140624,-0.18234539031982422,0.3087010979652405,-0.4117189049720764
1696958480338669800,10.552669921875,-0.26343441009521484,0.011705398559570312,-0.3042623698711395
1696958480348683300,10.562683349609374,0.9226016998291016,0.2004902958869934,0.23255938291549683
1696958480358696700,10.57269677734375,0.21773147583007812,0.30602145195007324,-0.07932716608047485
1696958480368710100,10.582710205078126,0.5040950775146484,0.791401207447052,0.31201350688934326
1696958480378723800,10.592723876953125,0.12523746490478516,-0.23798441886901855,-0.3042828142642975
1696958480388737300,10.6027373046875,-0.2619600296020508,0.15700221061706543,-0.15991902351379395
1696958480398750700,10.612750732421874,0.8426198959350586,0.5832390189170837,-0.1329520344734192
1696958480408764200,10.62276416015625,1.1180925369262695,0.4628717303276062,0.11638122797012329
1696958480418777600,10.632777587890626,0.1882762908935547,-0.03481489419937134,0.21836066246032715
1696958480428791300,10.642791259765625,1.2392511367797852,0.03830963373184204,0.17050766944885254
1696958480438804700,10.6528046875,-1.7550573348999023,1.3075017929077148,0.5956769585609436
1696958480448818200,10.662818115234375,2.4400415420532227,0.1148066520690918,0.14781880378723145
1696958480458831600,10.67283154296875,-2.5308823585510254,0.17597562074661255,0.1669245958328247
1696958480468845000,10.682844970703124,2.143862724304199,0.12163084745407104,0.04793262481689453
1696958480478858800,10.692858642578125,-2.4679102897644043,0.9270601272583008,0.06053060293197632
1696958480488872200,10.7028720703125,1.3941726684570312,0.3279343843460083,0.09249401092529297
1696958480498885600,10.7128857421875,-1.557499885559082,0.1913079023361206,-0.27550768852233887
1696958480508899000,10.722899169921876,-1.6256284713745117,0.3525428771972656,0.20637714862823486
1696958480518912500,10.73291259765625,0.6339321136474609,0.055142879486083984,-0.03858503699302673
1696958480528926200,10.74292626953125,-1.2600812911987305,0.38348186016082764,-0.25185227394104004
1696958480538939600,10.752939697265624,-0.12447834014892578,0.3270435333251953,-0.07015806436538696
1696958480548953000,10.762953125,0.21994972229003906,0.38251984119415283,0.29000523686408997
1696958480558966500,10.772966552734376,-0.2109375,0.1528761386871338,-0.4005259573459625
1696958480568980000,10.78297998046875,-0.5020036697387695,0.13337934017181396,-0.3836554288864136
1696958480578993400,10.792993408203126,-0.8972959518432617,0.6203889846801758,-0.05014920234680176
1696958480589007000,10.803007080078125,0.5430097579956055,0.22954654693603516,-0.24304670095443726
1696958480599020500,10.8130205078125,-0.7102851867675781,0.7384381294250488,-0.3610771596431732
1696958480609034000,10.823033935546874,0.0986795425415039,-0.19124364852905273,-0.5075403451919556
1696958480619047400,10.83304736328125,-1.8654789924621582,0.3658713102340698,-0.11419326066970825
1696958480629060900,10.843060791015626,1.0441551208496094,0.16518139839172363,-0.6240500211715698
1696958480639074600,10.853074462890625,-2.083462715148926,0.19408011436462402,0.0031850337982177734
1696958480649088000,10.863087890625,1.7346105575561523,0.3636544942855835,-0.3795628547668457
1696958480659101400,10.873101318359375,-0.8740520477294922,-0.28696393966674805,-0.7127020359039307
1696958480669115000,10.883114990234375,-0.9247226715087891,0.282992959022522,-0.26716944575309753
1696958480679128300,10.89312841796875,0.6449623107910156,-0.12461423873901367,-0.5920007228851318
1696958480689142000,10.90314208984375,-0.7855863571166992,0.3745079040527344,-0.38366174697875977
1696958480699155500,10.913155517578126,1.2233734130859375,-0.47109508514404297,-0.7448350191116333
1696958480709169000,10.9231689453125,-0.2849006652832031,0.45673036575317383,-0.5016540288925171
1696958480719182300,10.933182373046876,1.4266481399536133,0.11293280124664307,-0.29240062832832336
1696958480729195800,10.94319580078125,-1.1621923446655273,-0.667589545249939,-0.3877694010734558
1696958480739209500,10.95320947265625,1.5407419204711914,0.4978119730949402,0.08784711360931396
1696958480749223000,10.963222900390624,0.4763050079345703,-0.1854764223098755,-0.25639796257019043
1696958480759236400,10.973236328125,-1.0397253036499023,0.03530693054199219,0.07568413019180298
1696958480769249800,10.983249755859376,3.115654945373535,0.09326612949371338,-0.20478114485740662
1696958480779263200,10.99326318359375,-2.6117100715637207,-0.16720497608184814,0.1080513596534729
1696958480789277000,11.00327685546875,2.1539993286132812,0.23177790641784668,0.2701641321182251
1696958480799290400,11.013290283203125,1.3989572525024414,-0.10260510444641113,-0.4274598956108093
1696958480809303800,11.0233037109375,-2.661555767059326,-0.3079472780227661,0.4461336135864258
1696958480819317200,11.033317138671874,4.240553855895996,0.4409738779067993,0.33740437030792236
1696958480829330700,11.04333056640625,-2.641148567199707,0.0899742841720581,0.11247369647026062
1696958480839344400,11.053344482421876,0.007428169250488281,-0.01667940616607666,0.6032513976097107
1696958480849357800,11.06335791015625,2.4831275939941406,0.1391524076461792,-0.10964974761009216
1696958480859371300,11.073371337890626,-3.8500514030456543,0.1327763795852661,0.14302238821983337
1696958480869384700,11.083384765625,3.685445785522461,0.26733458042144775,0.07015597820281982
1696958480879398100,11.093398193359375,-1.8521652221679688,-0.23418843746185303,0.19456014037132263
1696958480889411600,11.10341162109375,-0.49115943908691406,-0.07270634174346924,0.29021257162094116
1696958480899425300,11.11342529296875,2.2960920333862305,0.09240102767944336,0.4359399676322937
1696958480909438700,11.123438720703126,-1.398911476135254,0.06297755241394043,0.2138146162033081
1696958480919452200,11.1334521484375,0.4389200210571289,0.0100935697555542,0.24402061104774475
1696958480929465600,11.143465576171875,1.4316091537475586,0.03826916217803955,-0.33320480585098267
1696958480939479000,11.15347900390625,-2.767730236053467,0.027383804321289062,-0.0325409471988678
1696958480949492700,11.16349267578125,0.8511133193969727,-0.30987298488616943,-0.24147926270961761
1696958480959506200,11.173506103515624,0.5336761474609375,-0.19778180122375488,-0.5889532566070557
1696958480969519600,11.18351953125,-2.874965190887451,0.35812461376190186,-0.38685962557792664
1696958480979533300,11.193533203125,1.2318143844604492,-0.6693648099899292,-0.1426171362400055
1696958480989546800,11.203546630859375,-0.2859363555908203,-0.09769248962402344,-0.5511302351951599
1696958480999560200,11.213560302734376,-0.8588628768920898,0.11085987091064453,-0.571752667427063
1696958481009574000,11.223573974609375,-0.45072269439697266,-0.3224603533744812,-0.058244913816452026
1696958481019587300,11.23358740234375,1.4617900848388672,-0.18187105655670166,-0.10395348072052002
1696958481029601000,11.24360107421875,-0.4628276824951172,-0.10609418153762817,-0.033643484115600586
1696958481039614500,11.253614501953125,0.4410133361816406,-0.31697672605514526,-0.21178922057151794
1696958481049628000,11.2636279296875,1.1854829788208008,-0.07832694053649902,0.15812814235687256
1696958481059641600,11.2736416015625,0.3079710006713867,-0.3416067957878113,-0.2136228084564209
1696958481069655000,11.283655029296876,-1.1029043197631836,-0.4447844624519348,-0.5047839879989624
1696958481079668700,11.293668701171875,1.862767219543457,0.1631920337677002,-0.07197529077529907
1696958481089682200,11.30368212890625,0.47726917266845703,-0.24187833070755005,-0.3144512176513672
1696958481099695600,11.313695556640624,-1.588430404663086,-0.6862538456916809,-0.2170860320329666
1696958481109709300,11.323709228515625,1.80377197265625,-0.053996145725250244,0.11071956157684326
1696958481119722800,11.33372265625,-0.0018377304077148438,-0.26571929454803467,-0.5711299180984497
1696958481129736400,11.343736328125,-1.655268669128418,-0.11213505268096924,-0.31388744711875916
1696958481139750000,11.35375,2.014476776123047,-0.37672579288482666,0.11892086267471313
1696958481149763300,11.363763427734375,-0.2264881134033203,-0.12390744686126709,0.15210771560668945
1696958481159777000,11.373777099609375,0.8159780502319336,0.21931922435760498,-0.25357213616371155
1696958481169790500,11.38379052734375,-1.3647689819335938,-0.47017931938171387,-0.09355750679969788
1696958481179804200,11.39380419921875,0.42605018615722656,0.09473145008087158,0.6270649433135986
1696958481189817600,11.403817626953124,0.9558706283569336,-0.2557753324508667,-0.33910074830055237
1696958481199831000,11.4138310546875,-2.8263845443725586,0.3023003339767456,-0.02606111764907837
1696958481209844700,11.4238447265625,2.886590003967285,0.10572171211242676,0.1553431749343872
1696958481219858200,11.433858154296875,-1.9418749809265137,-0.3222154378890991,-0.11732634902000427
1696958481229871900,11.443871826171875,-0.6614370346069336,-0.017064332962036133,-0.7845737934112549
1696958481239885300,11.45388525390625,-0.21970748901367188,0.19933032989501953,0.2485300600528717
1696958481249898800,11.463898681640625,0.8894586563110352,-0.14905321598052979,-0.06266546249389648
1696958481259912400,11.473912353515624,-1.6596832275390625,-0.4960240125656128,-0.4527374505996704
1696958481269926000,11.48392578125,0.5617141723632812,0.21568536758422852,-0.15872541069984436
1696958481279939600,11.493939697265626,0.8234663009643555,-0.16577363014221191,0.22506770491600037
1696958481289953000,11.503953125,-0.6983737945556641,-0.35562145709991455,-0.3879280984401703
1696958481299966500,11.513966552734376,-0.08004283905029297,-0.06396985054016113,-0.03853687644004822
1696958481309980200,11.523980224609375,0.40762805938720703,0.29975271224975586,0.4668276309967041
1696958481319993600,11.53399365234375,1.405268669128418,-0.5519107580184937,0.10207504034042358
1696958481330007300,11.54400732421875,-1.3411579132080078,-0.1657465696334839,-0.432840496301651
1696958481340020700,11.554020751953125,0.3106651306152344,-0.08153295516967773,0.32354414463043213
1696958481350034200,11.5640341796875,0.9073095321655273,-0.19307518005371094,0.3551103174686432
1696958481360047900,11.5740478515625,-0.9683094024658203,-0.3611423969268799,-0.4071943759918213
1696958481370061300,11.584061279296876,0.07091331481933594,0.01956355571746826,0.04778781533241272
1696958481380074800,11.59407470703125,0.7828559875488281,-0.04900538921356201,0.4091470241546631
1696958481390088400,11.60408837890625,-0.0030527114868164062,-0.5550729036331177,-0.20899750292301178
1696958481400102000,11.614101806640624,-0.8440742492675781,0.09052526950836182,-0.4036518633365631
1696958481410115300,11.624115234375,0.32391357421875,-0.03698408603668213,0.11373880505561829
1696958481420128800,11.634128662109376,0.28487586975097656,-0.20523607730865479,-0.3854304552078247
1696958481430142200,11.64414208984375,-0.6094350814819336,-0.5015331506729126,-0.700328528881073
1696958481440155600,11.65415576171875,-0.3115987777709961,-0.1122426986694336,-0.33841389417648315
1696958481450169300,11.66416943359375,0.6451530456542969,-0.2376922369003296,0.27834048867225647
1696958481460182800,11.674182861328125,0.26601219177246094,-0.7342280149459839,-0.27669477462768555
1696958481470196200,11.6841962890625,-1.0962543487548828,0.028821825981140137,-0.23428401350975037
1696958481480209700,11.694209716796875,1.811964988708496,0.08368372917175293,0.681018590927124
1696958481490223000,11.70422314453125,1.2200469970703125,-0.027225732803344727,0.6357054114341736
1696958481500236800,11.71423681640625,0.19894695281982422,-0.9067260026931763,-0.4897025227546692
1696958481510250200,11.724250244140626,-1.0294055938720703,0.36318087577819824,0.14324498176574707
1696958481520263700,11.734263671875,1.8737831115722656,0.033484697341918945,1.0446643829345703
1696958481530277000,11.744277099609375,0.28263282775878906,-0.683822512626648,-0.2137296497821808
1696958481540290600,11.75429052734375,-1.156569480895996,-0.022961974143981934,-0.16376887261867523
1696958481550304300,11.76430419921875,1.197495460510254,0.14854466915130615,0.7679033875465393
1696958481560317700,11.774317626953126,-0.03378772735595703,-0.13116061687469482,-0.1663457453250885
1696958481570331100,11.7843310546875,-1.1424589157104492,-0.4711240530014038,-0.9122805595397949
1696958481580344600,11.794344482421875,-0.7955865859985352,-0.1732696294784546,-0.3547424077987671
1696958481590358000,11.80435791015625,-0.11495399475097656,0.21378624439239502,0.07212334871292114
1696958481600371700,11.814371826171875,0.9413375854492188,-0.7422730326652527,-0.6030592918395996
1696958481610385200,11.82438525390625,-2.5063419342041016,-0.16445815563201904,-0.7089117169380188
1696958481620398600,11.834398681640625,0.9261007308959961,0.17511868476867676,0.3018237054347992
1696958481630412000,11.844412109375,0.6707744598388672,-0.3305870294570923,-0.016342133283615112
1696958481640425500,11.854425537109375,-2.026304244995117,-0.3379783630371094,-0.6353015899658203
1696958481650439200,11.864439208984376,1.3907289505004883,0.009728431701660156,-0.08615843951702118
1696958481660452600,11.87445263671875,-0.6053361892700195,-0.21713745594024658,0.4202987253665924
1696958481670466000,11.884466064453125,0.9488840103149414,-0.4707564115524292,-0.0810839980840683
1696958481680479500,11.8944794921875,-0.31974315643310547,-0.10911369323730469,-0.6509851217269897
1696958481690493000,11.904492919921875,-0.37184810638427734,-0.3149980306625366,0.13146373629570007
1696958481700506600,11.914506591796876,1.7890262603759766,-0.2999359369277954,0.04515978693962097
1696958481710520000,11.92452001953125,-1.8664937019348145,-0.5969692468643188,-0.7559144496917725
1696958481720533500,11.934533447265625,0.6896476745605469,-0.49494481086730957,-0.5538545846939087
1696958481730547000,11.944546875,1.0083770751953125,-0.34852707386016846,-0.17346662282943726
1696958481740560400,11.954560302734375,-0.179412841796875,-0.7807927131652832,-0.26695483922958374
1696958481750573800,11.96457373046875,-0.4226083755493164,-0.46927082538604736,-0.3992522358894348
1696958481760587500,11.97458740234375,0.6870517730712891,-0.21289074420928955,0.1870802640914917
1696958481770601000,11.98460107421875,1.7130136489868164,-0.2810666561126709,-0.009695202112197876
1696958481780614400,11.994614501953125,-1.7462530136108398,-0.7359412908554077,-0.3315473794937134
1696958481790627800,12.0046279296875,0.8815832138061523,-0.459041953086853,0.4026385545730591
1696958481800641300,12.014641357421874,0.7459316253662109,-0.3282034397125244,0.41787296533584595
1696958481810655000,12.024655029296875,-0.8521003723144531,-0.6619429588317871,-0.19036760926246643
1696958481820668400,12.03466845703125,-0.47229957580566406,-0.2649277448654175,0.15428531169891357
1696958481830681900,12.044681884765625,1.0247507095336914,0.04078054428100586,0.7188503742218018
1696958481840695300,12.0546953125,0.7164754867553711,-0.5975886583328247,0.05686575174331665
1696958481850708700,12.064708740234375,-1.9900050163269043,-0.21621835231781006,-0.4342758059501648
1696958481860722400,12.074722412109375,0.2800731658935547,-0.24286723136901855,0.40248551964759827
1696958481870736000,12.08473583984375,0.5138435363769531,-0.30831611156463623,0.26142042875289917
1696958481880749300,12.094749267578125,-1.8050904273986816,-0.22801566123962402,-0.49359816312789917
1696958481890762800,12.1047626953125,0.34987831115722656,-0.14980041980743408,0.14204126596450806
1696958481900776200,12.114776123046875,-0.3006401062011719,0.014739274978637695,0.4865947961807251
1696958481910790000,12.124789794921876,-0.1852731704711914,-0.5057464838027954,-0.06801874935626984
1696958481920803300,12.13480322265625,-1.517970085144043,-0.09989392757415771,-0.18749229609966278
1696958481930816800,12.144816650390625,0.7269220352172852,0.046553850173950195,0.4661363661289215
1696958481940830500,12.15483056640625,-0.2065887451171875,-0.18541359901428223,0.17973893880844116
1696958481950844000,12.164843994140625,-2.1465487480163574,-0.23997533321380615,0.02538260817527771
1696958481960857300,12.174857421875,0.7640924453735352,0.01662755012512207,0.15624549984931946
1696958481970871000,12.18487109375,-0.4899616241455078,0.06003284454345703,0.2277483344078064
1696958481980884500,12.194884521484376,-1.0051822662353516,-0.6351175308227539,-0.08243545889854431
1696958481990898200,12.204898193359375,-0.7210369110107422,0.22971844673156738,0.1141367256641388
1696958482000911600,12.21491162109375,0.7428216934204102,-0.183709979057312,0.338819682598114
1696958482010925000,12.224925048828124,-1.2807559967041016,-0.3585939407348633,-0.16673633456230164
1696958482020938800,12.234938720703125,0.04085254669189453,-0.22261929512023926,-0.05722171068191528
1696958482030952200,12.2449521484375,1.1970691680908203,-0.4409574270248413,0.04157140851020813
1696958482040966000,12.2549658203125,0.07067394256591797,-0.15880697965621948,0.16416415572166443
1696958482050979300,12.264979248046876,-0.13051986694335938,-0.4286049008369446,0.04666423797607422
1696958482060992800,12.27499267578125,0.2659339904785156,-0.059557557106018066,0.27260980010032654
1696958482071006500,12.28500634765625,1.8659677505493164,-0.2772562503814697,-0.036797553300857544
1696958482081020000,12.29502001953125,-2.4589176177978516,-0.4722576141357422,-0.3473866879940033
1696958482091033600,12.30503369140625,1.4842758178710938,-0.5440101623535156,0.02166539430618286
1696958482101047000,12.315047119140624,1.2944889068603516,-0.22619497776031494,-0.08618782460689545
1696958482111060500,12.325060546875,-1.8535308837890625,-0.5516977310180664,-0.19584965705871582
1696958482121074200,12.33507421875,0.7504682540893555,-0.26980268955230713,-0.2600339651107788
1696958482131087600,12.345087646484375,0.49068450927734375,-0.37488746643066406,0.13420745730400085
1696958482141101300,12.355101318359376,0.044976234436035156,-0.7028248310089111,-0.47935950756073
1696958482151114800,12.36511474609375,-1.2645950317382812,-0.15977144241333008,-0.17563992738723755
1696958482161128200,12.375128173828125,2.131479263305664,-0.27687376737594604,0.29695600271224976
1696958482171142000,12.385141845703124,-0.13396930694580078,-0.2410525679588318,0.051451802253723145
1696958482181155300,12.3951552734375,-0.40627193450927734,-0.2666059136390686,-0.37431126832962036
1696958482191169000,12.4051689453125,0.1730813980102539,-0.1420053243637085,0.6477494239807129
1696958482201182500,12.415182373046875,1.3098993301391602,-0.16025638580322266,-0.11549383401870728
1696958482211196000,12.42519580078125,-1.9571871757507324,-0.01854872703552246,-0.3311889171600342
1696958482221209600,12.435209716796875,0.9576225280761719,-0.3333907127380371,-0.03513062000274658
1696958482231223000,12.44522314453125,0.6830434799194336,0.16131681203842163,-0.04665854573249817
1696958482241236500,12.455236572265624,-0.44188785552978516,-0.3571578860282898,-0.09777994453907013
1696958482251250200,12.465250244140625,-0.8614835739135742,-0.1926281452178955,0.008795410394668579
1696958482261263600,12.475263671875,0.7078762054443359,0.12222003936767578,0.7619833946228027
1696958482271277300,12.48527734375,0.5866222381591797,-0.24199992418289185,-0.021261543035507202
1696958482281290800,12.495290771484376,-2.4067749977111816,-0.19492489099502563,0.02044740319252014
1696958482291304200,12.50530419921875,2.3107566833496094,-0.3758336305618286,0.11368891596794128
1696958482301318000,12.51531787109375,-1.6660356521606445,-0.167719304561615,0.37562325596809387
1696958482311331300,12.525331298828124,0.06255912780761719,-0.13527721166610718,-0.21766193211078644
1696958482321345000,12.535344970703125,-0.8503808975219727,-0.0788305401802063,-0.1800864338874817
1696958482331358500,12.5453583984375,0.44165515899658203,-0.22987478971481323,0.5406588912010193
1696958482341372000,12.555371826171875,-0.07088375091552734,-0.3258969187736511,-0.49699342250823975
1696958482351385600,12.565385498046876,-2.4223084449768066,-0.34822016954421997,0.01975664496421814
1696958482361399000,12.57539892578125,2.386270523071289,0.033934056758880615,0.22527313232421875
1696958482371412700,12.585412841796876,-1.3471698760986328,-0.39280247688293457,-0.44935181736946106
1696958482381426200,12.59542626953125,-0.8807916641235352,-0.18836712837219238,-0.275877982378006
1696958482391439600,12.605439697265625,1.5968360900878906,0.07110488414764404,0.4655197560787201
1696958482401453300,12.615453369140624,-0.40012264251708984,-0.34709763526916504,0.2653931975364685
1696958482411466800,12.625466796875,-0.9060335159301758,-0.23296576738357544,-0.04972371459007263
1696958482421480200,12.635480224609376,0.2714681625366211,0.015912115573883057,0.23640620708465576
1696958482431493600,12.64549365234375,0.2850522994995117,-0.26037198305130005,0.4314078986644745
1696958482441507000,12.655507080078126,-0.4185829162597656,-0.40380385518074036,-0.4572601616382599
1696958482451520800,12.665520751953125,-0.39379024505615234,-0.40580442547798157,0.00709882378578186
1696958482461534200,12.6755341796875,1.0358104705810547,-0.13291853666305542,0.41559019684791565
1696958482471547600,12.685547607421874,-0.3143424987792969,-0.6892302632331848,-0.313770055770874
1696958482481561000,12.69556103515625,-1.6232109069824219,-0.6350342631340027,0.10149604082107544
1696958482491574500,12.705574462890626,2.8156843185424805,-0.3512136936187744,0.41755667328834534
1696958482501588200,12.715588134765625,-0.3451528549194336,-0.4963071048259735,-0.09290225803852081
1696958482511601700,12.7256015625,-0.3347959518432617,-0.5123153924942017,-0.17684103548526764
1696958482521615000,12.735614990234374,1.1859207153320312,-0.12034982442855835,0.44796591997146606
1696958482531628500,12.745628662109375,1.8283662796020508,-0.05006217956542969,0.42019110918045044
1696958482541642000,12.75564208984375,-0.8998861312866211,-0.4452569782733917,0.026417046785354614
1696958482551655700,12.76565576171875,0.5121631622314453,-0.3041578531265259,0.902164101600647
1696958482561669000,12.775669189453126,2.6043310165405273,0.1562252640724182,0.8739153742790222
1696958482571682600,12.7856826171875,-0.799616813659668,-0.3409213423728943,0.10674697160720825
1696958482581696000,12.795696044921876,0.2967262268066406,-0.1673668622970581,0.52655029296875
1696958482591709400,12.80570947265625,0.5687160491943359,0.06730806827545166,0.7906087636947632
1696958482601723100,12.81572314453125,0.36666107177734375,-0.31214481592178345,0.336669385433197
1696958482611736600,12.825736572265624,-1.2301273345947266,0.05736958980560303,-0.14047476649284363
1696958482621750000,12.83575,-0.14220046997070312,-0.17184817790985107,0.885912299156189
1696958482631763500,12.845763427734376,0.7806711196899414,0.1358852982521057,0.4619240462779999
1696958482641777000,12.85577685546875,-1.7109708786010742,-0.4598231017589569,-0.6214210987091064
1696958482651790300,12.865790283203125,-0.5405502319335938,-0.07050424814224243,0.3311903774738312
1696958482661804000,12.875803955078124,0.7942571640014648,0.12322276830673218,0.4860023558139801
1696958482671817500,12.8858173828125,-1.6495962142944336,-0.4092848598957062,0.10156551003456116
1696958482681831000,12.895830810546874,0.2659626007080078,0.21927213668823242,0.07321110367774963
1696958482691844400,12.90584423828125,-0.5325231552124023,0.06310474872589111,0.6697627305984497
1696958482701857800,12.91585791015625,0.032464027404785156,-0.10180461406707764,0.18155646324157715
1696958482711871500,12.92587158203125,-0.9376125335693359,-0.5006662607192993,-0.3995048999786377
1696958482721885000,12.935885009765625,-0.4240236282348633,0.053100645542144775,0.4380965828895569
1696958482731898400,12.9458984375,1.9999351501464844,0.3435559868812561,0.26372265815734863
1696958482741911800,12.955911865234375,-1.1543254852294922,-0.537635087966919,-0.1000106930732727
1696958482751925200,12.96592529296875,-0.062058448791503906,-0.28536027669906616,0.20625072717666626
1696958482761939000,12.97593896484375,1.3239631652832031,0.30253922939300537,0.8105220794677734
1696958482771952400,12.985952392578126,-0.07010555267333984,-0.4056917130947113,0.1754617691040039
1696958482781965800,12.9959658203125,-0.25174427032470703,-0.17452698945999146,-0.289308100938797
1696958482791979300,13.005979248046875,0.561274528503418,-0.06863176822662354,0.3281165361404419
1696958482801992700,13.01599267578125,1.367314338684082,-0.2690601944923401,-0.13552969694137573
1696958482812006400,13.02600634765625,-1.3885746002197266,-0.32339876890182495,-0.455396831035614
1696958482822019800,13.036019775390624,0.09134483337402344,-0.18146127462387085,-0.45349639654159546
1696958482832033300,13.046033203125,-0.5059547424316406,-0.240933358669281,0.4346197247505188
1696958482842046700,13.056046630859376,1.5644607543945312,-0.41139063239097595,-0.7929846048355103
1696958482852060200,13.06606005859375,-3.34206485748291,0.014524281024932861,-0.6422364711761475
1696958482862073900,13.076073974609375,1.2634458541870117,0.02460569143295288,0.1547972559928894
1696958482872087300,13.08608740234375,0.09479618072509766,-0.35555773973464966,-0.7654297947883606
1696958482882100700,13.096100830078125,-2.3615946769714355,0.014856457710266113,-0.7216550707817078
1696958482892114400,13.106114501953124,1.8404302597045898,-0.014006614685058594,0.035519570112228394
1696958482902127900,13.1161279296875,-0.3094482421875,-0.09964901208877563,-0.062310099601745605
1696958482912141600,13.1261416015625,-0.4661588668823242,-0.3811808228492737,-0.001657724380493164
1696958482922155000,13.136155029296875,0.4528322219848633,0.2625961899757385,-0.07460042834281921
1696958482932168400,13.14616845703125,-0.9672813415527344,-0.01728719472885132,0.6661467552185059
1696958482942182100,13.15618212890625,1.8021154403686523,-0.361411988735199,0.059070974588394165
1696958482952195600,13.166195556640625,-1.3033638000488281,0.22183656692504883,-0.11041635274887085
1696958482962209300,13.176209228515624,0.28641510009765625,-0.07747477293014526,0.16884753108024597
1696958482972222700,13.18622265625,0.0040798187255859375,0.19553983211517334,0.4377022087574005
1696958482982236200,13.196236083984376,-0.35431671142578125,-0.14411866664886475,-0.24810276925563812
1696958482992249900,13.206249755859375,-1.6005220413208008,0.08401387929916382,0.04216960072517395
1696958483002263300,13.21626318359375,0.6351451873779297,0.5402116775512695,0.4646700620651245
1696958483012277000,13.226277099609375,0.10329055786132812,-0.33814728260040283,0.15839844942092896
1696958483022290400,13.23629052734375,-2.855093479156494,-0.14950817823410034,-0.04285559058189392
1696958483032303900,13.246303955078124,1.9879789352416992,0.19467014074325562,0.49191907048225403
1696958483042317600,13.256317626953125,-0.4204292297363281,0.18632930517196655,0.774834930896759
1696958483052331000,13.2663310546875,0.22054576873779297,-0.23432308435440063,0.31369704008102417
1696958483062344400,13.276344482421875,0.014496803283691406,0.10094332695007324,0.6805787682533264
1696958483072358100,13.286358154296876,1.6389942169189453,0.18050020933151245,1.0280144214630127
1696958483082371600,13.29637158203125,-0.013949394226074219,-0.5274089574813843,0.6220554113388062
1696958483092385300,13.30638525390625,0.41105079650878906,0.04597657918930054,0.1774226725101471
1696958483102398700,13.316398681640624,1.0597610473632812,-0.010631203651428223,0.4572300910949707
1696958483112412200,13.326412109375,1.3770513534545898,-0.09940904378890991,0.40046659111976624
1696958483122425900,13.33642578125,-0.16050338745117188,-0.4012207090854645,-0.32321494817733765
1696958483132439300,13.346439208984375,-0.8006906509399414,-0.22501081228256226,0.17731794714927673
1696958483142453000,13.356452880859376,2.4651660919189453,0.024889826774597168,0.5285548567771912
1696958483152466400,13.366466552734375,-0.4225330352783203,-0.40294453501701355,-0.3082786500453949
1696958483162479900,13.37647998046875,-0.803863525390625,-0.031711697578430176,0.24827608466148376
1696958483172493600,13.38649365234375,1.9698009490966797,0.17894911766052246,0.37504589557647705
1696958483182507000,13.396507080078125,-0.8495883941650391,-0.25032514333724976,0.11033114790916443
1696958483192520700,13.406520751953124,-0.12604331970214844,-0.11811882257461548,-0.46405214071273804
1696958483202534100,13.4165341796875,-0.5938138961791992,-0.564944863319397,-0.17165403068065643
1696958483212547600,13.426547607421876,-0.9792957305908203,0.5216188430786133,0.20711231231689453
1696958483222561300,13.436561279296875,0.5619878768920898,-0.2924802303314209,-0.4712967276573181
1696958483232574700,13.44657470703125,-2.593204975128174,0.317721962928772,-0.39222198724746704
1696958483242588400,13.45658837890625,0.6962347030639648,-0.06619793176651001,0.37906092405319214
1696958483252601900,13.466601806640625,-0.5668516159057617,0.06853395700454712,0.26967716217041016
1696958483262615300,13.476615234375,-2.3147215843200684,0.3677070140838623,-0.11089637875556946
1696958483272629000,13.48662890625,1.1125974655151367,0.5688697099685669,0.2213851511478424
1696958483282642400,13.496642333984376,-2.598677158355713,0.1417197585105896,-0.04101449251174927
1696958483292656000,13.50665625,-0.7576828002929688,-0.306806743144989,-0.12924137711524963
1696958483302669600,13.516669677734376,-2.2133679389953613,0.9082633256912231,0.4099007546901703
1696958483312683000,13.52668310546875,0.7686920166015625,0.4882393479347229,0.3203735947608948
1696958483322696700,13.53669677734375,-1.293259620666504,-0.3340080976486206,-0.20107711851596832
1696958483332710100,13.546710205078124,-1.7828469276428223,-0.19674628973007202,0.06035450100898743
1696958483342723800,13.556723876953125,0.46234130859375,0.5499929785728455,0.2973755896091461
1696958483352737300,13.5667373046875,-0.9395751953125,0.29077833890914917,-0.26058220863342285
1696958483362750700,13.576750732421875,-1.1050643920898438,-0.4823320209980011,-0.6758137345314026
1696958483372764400,13.586764404296876,-2.1684470176696777,-0.030627846717834473,-0.5713470578193665
1696958483382777900,13.59677783203125,1.0955991744995117,0.4654157757759094,-0.8638375997543335
1696958483392791600,13.60679150390625,-2.5964345932006836,-0.05480623245239258,-1.168656587600708
1696958483402805000,13.616804931640624,-1.6536798477172852,0.10993564128875732,-0.18585138022899628
1696958483412818400,13.626818359375,2.7802953720092773,-0.18517392873764038,0.5683943629264832
1696958483422831900,13.636831787109376,2.2475576400756836,-0.03258281946182251,-0.11713606119155884
1696958483432845300,13.64684521484375,-0.7401914596557617,-1.5284022092819214,-0.08657529950141907
1696958483442859000,13.65685888671875,0.5467510223388672,-1.1422358751296997,1.349318027496338
1696958483452872400,13.66687255859375,3.8280506134033203,0.1969214677810669,0.8020101189613342
1696958483462886000,13.676885986328125,1.7924127578735352,1.0814061164855957,1.2714611291885376
1696958483472899300,13.6868994140625,1.3047304153442383,0.9957019090652466,0.3664635419845581
1696958483482912800,13.696912841796875,0.16368865966796875,-0.23525577783584595,0.6765756607055664
1696958483492926500,13.706926513671876,-0.13788223266601562,-1.0474376678466797,-0.8423202037811279
1696958483502940000,13.71693994140625,2.514280319213867,-2.4668800830841064,-1.0225639343261719
1696958483512953300,13.726953369140626,1.4667320251464844,-0.8949077129364014,-0.24196811020374298
1696958483522966800,13.736966796875,3.7568626403808594,0.024353504180908203,0.24588444828987122
1696958483532980200,13.746980224609375,0.5655708312988281,0.5802289843559265,-0.41166582703590393
1696958483542994000,13.756993896484374,-1.825272560119629,0.001950085163116455,0.9103577136993408
1696958483553007400,13.76700732421875,3.4605588912963867,-0.4163888394832611,1.4549031257629395
1696958483563020800,13.777020751953126,1.420994758605957,-1.121394395828247,-1.1504197120666504
1696958483573034200,13.7870341796875,-1.0809717178344727,-0.7571898698806763,0.07063695788383484
1696958483583047700,13.797047607421876,6.419821739196777,-1.1939224004745483,0.7452954053878784
1696958483593061000,13.80706103515625,1.0287065505981445,-0.26690673828125,0.08190497756004333
1696958483603074800,13.81707470703125,0.6295604705810547,-0.48161616921424866,-0.17751771211624146
1696958483613088300,13.827088134765624,0.23692607879638672,1.173873782157898,2.1865580081939697
1696958483623101700,13.837101806640625,6.195558547973633,0.272845983505249,1.3179477453231812
1696958483633115100,13.847115234375,-1.512772560119629,-0.13129901885986328,0.40328535437583923
1696958483643128600,13.857128662109375,0.9422607421875,-0.8148355484008789,-0.5924475789070129
1696958483653142300,13.867142333984376,-3.178532123565674,-0.9556189775466919,0.7215421199798584
1696958483663155700,13.87715576171875,3.2619056701660156,-0.19557493925094604,-0.11677810549736023
1696958483673169200,13.887169189453125,-1.2040138244628906,0.5858169198036194,-1.3338695764541626
1696958483683182600,13.8971826171875,-1.6018695831298828,0.35379713773727417,0.5130492448806763
1696958483693196000,13.907196044921875,1.518625259399414,0.35711997747421265,0.7815755009651184
1696958483703209700,13.917209716796876,-2.8095717430114746,-0.18721437454223633,-0.7315949201583862
1696958483713223200,13.92722314453125,-1.2966670989990234,0.29181092977523804,-0.8235249519348145
1696958483723236600,13.937236572265626,-0.27458763122558594,-0.30971193313598633,0.6371285915374756
1696958483733250000,13.94725,-1.1622648239135742,-0.2387029528617859,-0.22839972376823425
1696958483743263500,13.957263427734375,-0.8480892181396484,0.13229483366012573,-0.3180448114871979
1696958483753277200,13.967277099609374,-0.520421028137207,0.22777634859085083,0.06162342429161072
1696958483763290600,13.97729052734375,-0.5231046676635742,0.047166287899017334,0.7869535684585571
1696958483773304000,13.987303955078126,-1.0806617736816406,-0.2676318883895874,-0.3117315471172333
1696958483783317500,13.9973173828125,-0.9291315078735352,0.0408555269241333,-0.09967929124832153
1696958483793331000,14.0073310546875,-0.32891845703125,-0.1219530701637268,-0.05726659297943115
1696958483803344600,14.0173447265625,-1.2543716430664062,-0.41816627979278564,-0.07398906350135803
1696958483813358000,14.027358154296875,-2.521958827972412,0.16071397066116333,-0.6467815637588501
1696958483823371500,14.03737158203125,0.6821956634521484,0.25328344106674194,0.03853258490562439
1696958483833385200,14.04738525390625,-0.7761926651000977,-0.23343712091445923,0.23221245408058167
1696958483843398700,14.057398681640626,-0.6780309677124023,-0.627527117729187,-0.13369089365005493
1696958483853412000,14.067412109375,-1.363637924194336,0.03085416555404663,0.30832600593566895
1696958483863425800,14.07742578125,0.26519012451171875,0.3585299253463745,-0.0385669469833374
1696958483873439200,14.087439208984375,-2.5829243659973145,-0.46349895000457764,-0.9687726497650146
1696958483883453000,14.097452880859375,-1.3284330368041992,0.3642446994781494,-0.622330367565155
1696958483893466400,14.10746630859375,1.017411231994629,0.5473328828811646,-0.3072412610054016
1696958483903479800,14.117479736328125,-1.5026044845581055,-0.07950139045715332,-1.1501015424728394
1696958483913493500,14.127493408203126,-2.8837990760803223,-0.366266131401062,-0.6933083534240723
1696958483923507000,14.1375068359375,0.23067188262939453,-1.4315052032470703,0.09348243474960327
1696958483933520400,14.147520263671876,1.3638038635253906,-0.5797715187072754,0.3634929060935974
1696958483943534000,14.1575341796875,0.6588411331176758,0.16607189178466797,0.7474557757377625
1696958483953547500,14.167547607421875,0.3712587356567383,1.260482907295227,2.1004648208618164
1696958483963561200,14.177561279296874,3.739591598510742,1.932842493057251,1.4648797512054443
1696958483973574700,14.18757470703125,-0.040069580078125,-1.5298289060592651,-0.850811243057251
1696958483983589600,14.197589599609374,-2.496281147003174,-0.2978740930557251,-0.6065936088562012
1696958483993602600,14.2076025390625,2.437252998352051,0.2645423412322998,0.1469091773033142
1696958484003615700,14.21761572265625,-1.204829216003418,0.4443305730819702,0.2768145203590393
1696958484013628700,14.227628662109375,2.9696435928344727,-1.8198496103286743,-0.7629919052124023
1696958484023641900,14.237641845703125,-2.8190622329711914,1.6128445863723755,0.9600411653518677
1696958484033655000,14.247655029296874,5.483217239379883,0.5528979301452637,0.9481097459793091
1696958484043668200,14.257668212890625,-2.1188907623291016,-0.4686448574066162,-1.228607416152954
1696958484053681700,14.267681640625,-1.3734025955200195,0.538857102394104,0.9986808896064758
1696958484063694800,14.27769482421875,5.100603103637695,1.3949661254882812,0.537750244140625
1696958484073708300,14.287708251953125,-1.7702112197875977,-0.8685791492462158,-1.8157330751419067
1696958484083721700,14.2977216796875,-0.9012069702148438,-1.567389965057373,-0.7178952693939209
1696958484093735400,14.3077353515625,0.1430797576904297,1.6081968545913696,1.9625223875045776
1696958484103748900,14.317748779296876,3.2769269943237305,1.2076739072799683,-0.039129555225372314
1696958484113762600,14.327762451171875,-2.681427478790283,-1.5750796794891357,-0.9772140383720398
1696958484123776300,14.3377763671875,1.5825386047363281,-0.04369175434112549,1.1932435035705566
1696958484133790000,14.3477900390625,1.8314685821533203,0.7892822027206421,1.1191669702529907
1696958484143804000,14.357803955078126,-1.0461845397949219,0.5991463661193848,-0.00975501537322998
1696958484153817600,14.367817626953125,1.774744987487793,-0.6728745698928833,0.4294355809688568
1696958484163831600,14.37783154296875,-0.8395223617553711,-0.5100374221801758,0.5748269557952881
1696958484173845200,14.38784521484375,-1.0632009506225586,0.22830748558044434,0.1302032768726349
1696958484183859200,14.397859130859375,0.9550533294677734,-0.24257802963256836,-0.2736007273197174
1696958484193873000,14.407872802734374,-1.3036346435546875,-0.7614808082580566,0.2717064917087555
1696958484203886600,14.417886474609375,-0.33593082427978516,-0.006288409233093262,0.05864471197128296
1696958484213900000,14.427900146484374,-0.9046144485473633,0.3446590304374695,-0.28263622522354126
1696958484223913500,14.43791357421875,-0.23396778106689453,-0.08457231521606445,0.15821999311447144
1696958484233927000,14.447927001953126,0.028716087341308594,-0.5118975639343262,0.45450013875961304
1696958484243940400,14.4579404296875,-2.0315074920654297,-0.43094468116760254,0.082701176404953
1696958484253954000,14.4679541015625,0.6630458831787109,-0.003540337085723877,0.050396889448165894
1696958484263967500,14.477967529296874,0.6181755065917969,-0.07485640048980713,0.18293887376785278
1696958484273981000,14.48798095703125,-1.458181381225586,-0.7692976593971252,-0.28165942430496216
1696958484283994400,14.497994384765626,-0.48009777069091797,-0.07102441787719727,-0.27767348289489746
1696958484294007800,14.5080078125,-0.14000892639160156,-0.13271278142929077,0.14221742749214172
1696958484304021500,14.518021484375,0.538640022277832,-0.30196815729141235,-0.04746374487876892
1696958484314035000,14.528034912109375,-1.4271574020385742,-0.22144120931625366,-0.41582274436950684
1696958484324048400,14.53804833984375,1.1136236190795898,-0.2641633152961731,0.058344095945358276
1696958484334061800,14.548061767578124,0.9817628860473633,-0.32133251428604126,-0.10708001255989075
1696958484344075300,14.5580751953125,-1.352860450744629,-0.49155911803245544,-0.29472070932388306
1696958484354089000,14.5680888671875,0.8961992263793945,-0.5436784029006958,0.056440919637680054
1696958484364102400,14.578102294921875,0.7078609466552734,0.7974566221237183,0.5200399160385132
1696958484374115800,14.58811572265625,-0.211639404296875,-0.6036744117736816,-0.06765764951705933
1696958484384129300,14.59812939453125,-0.9088535308837891,-0.058477163314819336,-0.5093032121658325
1696958484394142700,14.608142822265625,1.549642562866211,-1.2000740766525269,-0.21354080736637115
1696958484404156400,14.618156494140624,-1.6745338439941406,0.6461768746376038,0.1706700623035431
1696958484414169900,14.628169921875,1.072422981262207,-0.20323717594146729,-0.052193909883499146
1696958484424183300,14.638183349609376,-1.2045602798461914,-0.23305922746658325,-0.059075117111206055
1696958484434196700,14.64819677734375,1.1305198669433594,-0.16410982608795166,0.42705342173576355
1696958484444210200,14.658210205078126,-1.0319404602050781,0.23590266704559326,-0.27290067076683044
1696958484454223600,14.6682236328125,-0.6089363098144531,-0.005984961986541748,0.012144595384597778
1696958484464237300,14.6782373046875,1.0464448928833008,-0.28812986612319946,0.15866434574127197
1696958484474250800,14.688250732421874,-1.737351417541504,0.09805762767791748,-0.20564453303813934
1696958484484264200,14.69826416015625,1.2824268341064453,0.0838506817817688,-0.33264195919036865
1696958484494277600,14.708277587890626,-0.9426202774047852,-0.14912670850753784,0.23540067672729492
1696958484504291000,14.718291015625,0.15405559539794922,-0.0718337893486023,0.40738552808761597
1696958484514304800,14.7283046875,-1.0361652374267578,-0.12176138162612915,-0.25579527020454407
1696958484524318200,14.738318115234375,0.15153884887695312,0.12826663255691528,-0.07932969927787781
1696958484534331600,14.74833154296875,0.7437772750854492,0.05506664514541626,-0.14875498414039612
1696958484544345000,14.758344970703124,-0.868556022644043,-0.22756528854370117,-0.4731409549713135
1696958484554358500,14.768358642578125,0.012847900390625,-0.2161903977394104,-0.43894657492637634
1696958484564372200,14.778372314453126,0.5003490447998047,0.031888723373413086,0.1885536015033722
1696958484574385700,14.7883857421875,0.13582420349121094,-0.04361903667449951,0.053631216287612915
1696958484584399000,14.798399169921876,-0.629180908203125,0.0948895812034607,-0.3134043216705322
1696958484594412500,14.80841259765625,0.8438739776611328,-0.5373196601867676,-0.6305285692214966
1696958484604426000,14.818426025390625,-0.582005500793457,0.6176175475120544,-0.03845536708831787
1696958484614439700,14.828439697265624,0.21717548370361328,-0.2638360261917114,-0.6222373247146606
1696958484624453000,14.838453125,-1.0832338333129883,-0.2211761474609375,-0.9581059217453003
1696958484634466600,14.848466552734376,0.9981842041015625,-0.07817518711090088,0.07618525624275208
1696958484644480000,14.85847998046875,-0.2465524673461914,0.24941587448120117,0.24158471822738647
1696958484654493400,14.868493408203125,0.08812999725341797,-0.08589696884155273,-0.3175448775291443
1696958484664507100,14.878507080078125,0.561060905456543,-0.5400755405426025,-0.20670992136001587
1696958484674520600,14.8885205078125,0.5834503173828125,0.05565905570983887,0.2415001392364502
1696958484684534000,14.898533935546874,0.44808197021484375,-0.016007840633392334,-0.42144179344177246
1696958484694547700,14.908547607421875,0.21740055084228516,-0.44945797324180603,-0.20441535115242004
1696958484704561200,14.91856103515625,1.201277732849121,-0.1422632932662964,0.4276057183742523
1696958484714574800,14.928574951171875,0.6582441329956055,-0.22954809665679932,-0.24835674464702606
1696958484724588300,14.93858837890625,-1.6755332946777344,0.07249206304550171,-0.17718887329101562
1696958484734601700,14.948601806640625,2.0226049423217773,-0.30926644802093506,0.481148362159729
1696958484744615400,14.958615478515625,-0.25224971771240234,-0.16437405347824097,-0.3238460123538971
1696958484754628900,14.96862890625,-0.9110956192016602,-0.13085049390792847,-0.37061023712158203
1696958484764642600,14.978642578125,0.9692840576171875,0.10327625274658203,-0.0764235258102417
1696958484774656000,14.988656005859376,-0.6767921447753906,-0.09259182214736938,0.2464701235294342
1696958484784669400,14.99866943359375,-0.3980903625488281,-0.34443801641464233,-0.43137112259864807
1696958484794683100,15.00868310546875,-0.7504606246948242,0.13977545499801636,-0.38464224338531494
1696958484804696600,15.018696533203125,-0.18471050262451172,0.07858514785766602,0.18313440680503845
1696958484814710300,15.028710205078125,0.6378602981567383,-0.36435186862945557,-0.33888572454452515
1696958484824723700,15.0387236328125,-1.958594799041748,-0.0015143752098083496,-0.8877295851707458
1696958484834737200,15.048737060546875,0.3831768035888672,0.4396775960922241,-0.11856710910797119
1696958484844750800,15.058750732421874,0.3776664733886719,0.06337684392929077,0.31198641657829285
1696958484854764300,15.068764404296875,-1.1383981704711914,-0.35154658555984497,-0.6853994131088257
1696958484864777700,15.07877783203125,-0.4186515808105469,0.246890127658844,-0.11199191212654114
1696958484874791400,15.08879150390625,0.6002073287963867,0.4194214940071106,0.10347127914428711
1696958484884804900,15.098804931640625,-0.6725921630859375,-0.5755817890167236,0.009719699621200562
1696958484894818600,15.108818603515624,-0.3510017395019531,0.08274334669113159,-0.7673250436782837
1696958484904832000,15.11883203125,-0.09685325622558594,0.5036830306053162,0.05553355813026428
1696958484914845400,15.128845458984374,0.8874492645263672,-0.3114883303642273,-0.0711246132850647
1696958484924859100,15.138859130859375,-1.3561296463012695,-0.536479115486145,-0.5121039152145386
1696958484934872600,15.14887255859375,-0.03894615173339844,0.5025065541267395,-0.30264168977737427
1696958484944886300,15.15888623046875,0.8690929412841797,0.06580543518066406,0.035678207874298096
1696958484954899700,15.168899658203125,0.11150360107421875,-0.6000920534133911,-0.6997058391571045
1696958484964913200,15.1789130859375,-1.217203140258789,-0.03040003776550293,-0.10266941785812378
1696958484974926800,15.1889267578125,1.8820695877075195,0.15686142444610596,-0.020432889461517334
1696958484984940300,15.198940185546874,-0.20595264434814453,0.0335613489151001,0.19947779178619385
1696958484994954000,15.2089541015625,-0.506932258605957,-0.13325119018554688,-0.33344870805740356
1696958485004967400,15.218967529296876,-0.23813152313232422,-0.11849111318588257,-0.18709798157215118
1696958485014980900,15.22898095703125,1.215043067932129,0.2486199140548706,0.19298329949378967
1696958485024994600,15.23899462890625,-0.13076305389404297,-0.5283724069595337,-0.6944022178649902
1696958485035008000,15.249008056640625,-1.8176078796386719,0.1984359622001648,-0.49620771408081055
1696958485045021700,15.259021728515625,2.7889299392700195,-0.16320711374282837,-0.13717544078826904
1696958485055035100,15.26903515625,-1.3657293319702148,-0.31519806385040283,-0.24873603880405426
1696958485065048600,15.279048583984375,-0.21567821502685547,0.059407949447631836,-0.19158820807933807
1696958485075062300,15.289062255859376,1.276144027709961,-0.17815321683883667,0.02059727907180786
1696958485085075700,15.29907568359375,0.27422618865966797,-0.20993143320083618,-0.04649108648300171
1696958485095089400,15.30908935546875,0.36934661865234375,-0.22644519805908203,-0.5189429521560669
1696958485105102800,15.319102783203125,-0.7162714004516602,0.147899329662323,-0.01680806279182434
1696958485115116300,15.3291162109375,3.032341957092285,0.2317296862602234,0.02308717370033264
1696958485125130000,15.3391298828125,-1.74884033203125,-0.5004616975784302,-0.4243986904621124
1696958485135143400,15.349143310546875,-0.6740131378173828,0.23890888690948486,0.02183583378791809
1696958485145157000,15.3591572265625,2.0710840225219727,-0.1430521011352539,0.23394298553466797
1696958485155170600,15.369170654296875,-0.7770576477050781,-0.07083582878112793,-0.16102784872055054
1696958485165184000,15.37918408203125,-0.512202262878418,-0.13343995809555054,-0.49057403206825256
1696958485175197700,15.38919775390625,0.28742218017578125,0.3564618229866028,0.08878731727600098
1696958485185211100,15.399211181640625,0.5308523178100586,0.24770045280456543,0.4668208360671997
1696958485195224600,15.409224609375,-1.8264126777648926,-0.09516298770904541,-0.6960554122924805
1696958485205238000,15.419238037109375,-0.21139907836914062,0.05068373680114746,0.21976569294929504
1696958485215251700,15.429251708984374,1.6963415145874023,0.6634818315505981,0.37057968974113464
1696958485225265200,15.43926513671875,-2.628066062927246,-0.09441280364990234,-0.4503859877586365
1696958485235278600,15.449278564453126,0.049675941467285156,-0.1281794309616089,0.05909895896911621
1696958485245292000,15.4592919921875,1.043971061706543,0.4898677468299866,0.45898059010505676
1696958485255305500,15.469305419921875,-2.4569568634033203,-0.15505969524383545,-0.11643585562705994
1696958485265319200,15.479319091796874,1.9501352310180664,0.016821086406707764,0.15368902683258057
1696958485275332600,15.48933251953125,0.454681396484375,0.1894485354423523,0.3761703670024872
1696958485285346000,15.499345947265626,-1.630345344543457,-0.08518022298812866,0.37453335523605347
1696958485295359500,15.509359375,2.3492374420166016,-0.24437600374221802,-0.28303882479667664
1696958485305373000,15.519373046875,-0.8244609832763672,0.597130537033081,0.31089043617248535
1696958485315386600,15.52938671875,0.05634021759033203,-0.2926168441772461,-0.008058398962020874
1696958485325400000,15.539400146484375,1.49456787109375,0.08425915241241455,-0.10263428092002869
1696958485335413500,15.54941357421875,-0.2722606658935547,0.3311230540275574,0.2985089123249054
1696958485345427000,15.559427001953125,-0.2050619125366211,-0.35102379322052,-0.07502856850624084
1696958485355440400,15.5694404296875,1.482375144958496,0.10371452569961548,-0.27386486530303955
1696958485365453800,15.579453857421875,-1.3499040603637695,0.20934706926345825,0.10887202620506287
1696958485375467500,15.589467529296876,-0.14751911163330078,-0.10234874486923218,-0.28523722290992737
1696958485385481000,15.59948095703125,1.4445648193359375,0.11449098587036133,0.006773173809051514
1696958485395494400,15.609494384765625,-2.157214641571045,0.14040464162826538,-0.24593406915664673
1696958485405507800,15.6195078125,1.38421630859375,-0.09550589323043823,-0.06636935472488403
1696958485415521300,15.629521240234375,0.1388397216796875,0.38614070415496826,-0.10084444284439087
1696958485425535000,15.639534912109376,-1.5913915634155273,-0.31712132692337036,0.10658910870552063
1696958485435548400,15.64954833984375,1.3562679290771484,0.3480781316757202,0.02417239546775818
1696958485445561900,15.659561767578126,-1.3418216705322266,0.23156076669692993,-0.07391712069511414
1696958485455575300,15.6695751953125,-0.40676021575927734,-0.1057775616645813,0.015882879495620728
1696958485465588700,15.679588623046875,1.5443239212036133,0.0003857612609863281,-0.10499605536460876
1696958485475602400,15.6896025390625,-2.65016508102417,0.9243503212928772,0.052038729190826416
1696958485485615900,15.699615966796875,1.7957191467285156,0.07389843463897705,0.05132010579109192
1696958485495629300,15.70962939453125,-2.1746387481689453,0.24902361631393433,0.16873109340667725
1696958485505642800,15.719642822265625,0.04788970947265625,-0.006314456462860107,-0.017314523458480835
1696958485515656200,15.72965625,-0.7261362075805664,0.6874991059303284,-0.10107985138893127
1696958485525670000,15.739669921875,-0.8055534362792969,0.2183179259300232,-0.1652747094631195
1696958485535683300,15.749683349609375,-0.626704216003418,-0.027296245098114014,-0.2575852572917938
1696958485545696800,15.75969677734375,-0.8306293487548828,0.3750706911087036,-0.10619983077049255
1696958485555710200,15.769710205078125,-0.7090005874633789,0.35453855991363525,0.10836943984031677
1696958485565723600,15.7797236328125,0.023761749267578125,0.5374518632888794,0.4421452283859253
1696958485575737300,15.7897373046875,-0.5306167602539062,0.009942293167114258,0.4793528616428375
1696958485585750800,15.799750732421876,-0.44833946228027344,0.6243320107460022,0.5696467161178589
1696958485595764200,15.80976416015625,0.9814186096191406,0.33791446685791016,0.5132089853286743
1696958485605777700,15.819777587890625,-1.8933138847351074,-0.13082581758499146,0.1456153392791748
1696958485615791000,15.829791015625,1.7905254364013672,0.4396362900733948,0.2673377990722656
1696958485625804800,15.8398046875,-0.6988697052001953,0.574561595916748,0.21171069145202637
1696958485635818200,15.849818359375,0.19100284576416016,0.0932549238204956,0.3649147152900696
1696958485645831700,15.859831787109375,0.7016611099243164,0.11681556701660156,0.11629405617713928
1696958485655845400,15.869845458984376,-1.2358636856079102,0.27829962968826294,0.3761829733848572
1696958485665858800,15.87985888671875,1.653071403503418,0.014124453067779541,-0.3254939913749695
1696958485675872500,15.88987255859375,-1.0366830825805664,0.4586822986602783,0.43545523285865784
1696958485685886000,15.899885986328124,1.421609878540039,-0.20093071460723877,-0.08301302790641785
1696958485695899400,15.9098994140625,-0.07299518585205078,0.34396612644195557,0.1477888822555542
1696958485705913000,15.9199130859375,0.6581296920776367,-0.13497138023376465,0.4866381287574768
1696958485715926500,15.929926513671875,0.5559730529785156,0.41461431980133057,0.12204107642173767
1696958485725940000,15.93993994140625,-0.28667736053466797,-0.01786518096923828,0.041160792112350464
1696958485735953700,15.94995361328125,1.3865585327148438,-0.04599654674530029,0.09552335739135742
1696958485745967000,15.959967041015625,-0.15567779541015625,0.26079583168029785,0.3976999819278717
1696958485755980800,15.969980712890624,0.5422754287719727,-0.08270788192749023,0.06820946931838989
1696958485765994200,15.979994140625,0.7081432342529297,0.11370158195495605,0.245256245136261
1696958485776007700,15.990007568359376,0.5774679183959961,0.5909932851791382,0.5433195233345032
1696958485786021400,16.000021484375,-0.2747316360473633,-0.20405107736587524,0.544959306716919
1696958485796034800,16.010034912109376,0.9729843139648438,0.21881425380706787,0.264475554227829
1696958485806048500,16.020048583984376,-0.7448329925537109,0.06664329767227173,0.23655757308006287
1696958485816062000,16.03006201171875,0.2507038116455078,0.26555687189102173,0.476335734128952
1696958485826075400,16.040075439453126,0.3170747756958008,0.2672170400619507,0.34955665469169617
1696958485836089000,16.050089111328123,-0.7734155654907227,0.03291451930999756,0.23978063464164734
1696958485846102500,16.0601025390625,0.45654964447021484,0.32966047525405884,0.2229631543159485
1696958485856116200,16.0701162109375,-0.7774829864501953,0.09811967611312866,0.1517060101032257
1696958485866129700,16.080129638671874,0.6770496368408203,0.051845014095306396,0.28652381896972656
1696958485876143000,16.09014306640625,-0.17999935150146484,0.16954392194747925,0.07736995816230774
1696958485886156800,16.10015673828125,-0.5285043716430664,0.002584099769592285,0.05859404802322388
1696958485896170200,16.110170166015624,1.3316984176635742,0.16111236810684204,0.2942015826702118
1696958485906184000,16.120183837890625,-1.0226716995239258,-0.12860816717147827,0.06475779414176941
1696958485916197400,16.130197265625,0.33209228515625,0.3756721019744873,0.4049026370048523
1696958485926210800,16.1402109375,0.5512008666992188,0.2537088394165039,0.5482844114303589
1696958485936224500,16.150224609375,-0.7262449264526367,-0.28757888078689575,-0.08512672781944275
1696958485946238000,16.160238037109377,0.2503395080566406,0.192480206489563,0.1350758969783783
1696958485956251600,16.170251708984374,-0.29006290435791016,0.24666470289230347,-0.01324772834777832
1696958485966265000,16.18026513671875,-0.3278217315673828,-0.17689812183380127,-0.4617706537246704
1696958485976278500,16.190278564453124,0.3757333755493164,0.17013663053512573,-0.5612090826034546
1696958485986292200,16.200292236328124,-1.5748367309570312,0.08882641792297363,-0.07817119359970093
1696958485996305700,16.2103056640625,1.3776063919067383,-0.039075255393981934,0.2564625144004822
1696958486006319400,16.2203193359375,-0.7951288223266602,0.2115423083305359,-0.18165934085845947
1696958486016332800,16.230332763671875,-0.2244281768798828,-0.23215478658676147,0.14515867829322815
1696958486026346200,16.24034619140625,1.5014152526855469,0.3654966354370117,0.1246233582496643
1696958486036360000,16.25035986328125,-1.6129817962646484,-0.24168485403060913,-0.1118367612361908
1696958486046373400,16.260373291015625,0.9905128479003906,0.27848953008651733,-0.1647554636001587
1696958486056387000,16.270386962890626,0.3818016052246094,-0.0006936788558959961,0.6070204973220825
1696958486066400500,16.280400390625,-1.3778095245361328,0.03786134719848633,0.20311766862869263
1696958486076414000,16.2904140625,1.8275737762451172,0.16576778888702393,0.4243021309375763
1696958486086427600,16.300427734375,-1.3400583267211914,-0.08861958980560303,0.23456132411956787
1696958486096441000,16.310441162109374,0.001110076904296875,0.21930891275405884,0.2607371211051941
1696958486106454800,16.320454833984375,1.014608383178711,0.03759366273880005,0.11822405457496643
1696958486116468200,16.33046826171875,-1.443984031677246,0.23969537019729614,0.12222883105278015
1696958486126481700,16.340481689453124,1.8760385513305664,0.024875402450561523,0.12962472438812256
1696958486136495400,16.350495361328125,-1.4206953048706055,-0.08235985040664673,0.17208489775657654
1696958486146508800,16.3605087890625,-0.0075130462646484375,0.12957501411437988,0.10539370775222778
1696958486156522500,16.3705224609375,0.49463939666748047,0.18195539712905884,-0.006732851266860962
1696958486166536000,16.380535888671876,-1.379511833190918,0.011365890502929688,0.40023064613342285
1696958486176549400,16.39054931640625,2.313138961791992,-0.012772798538208008,0.15065798163414001
1696958486186563000,16.40056298828125,-1.7634782791137695,0.3524857759475708,0.30046457052230835
1696958486196576500,16.410576416015626,0.6493453979492188,-0.14353996515274048,0.4910006821155548
1696958486206590200,16.420590087890623,0.2944526672363281,0.3099871873855591,0.1645013689994812
1696958486216603600,16.430603759765624,-0.4275360107421875,0.04430532455444336,0.21735289692878723
1696958486226617000,16.4406171875,0.7490901947021484,0.2621431350708008,-0.2308000773191452
1696958486236630500,16.450630615234374,0.3749361038208008,0.10535722970962524,0.18644055724143982
1696958486246644000,16.46064404296875,0.006215095520019531,-0.2041979432106018,-0.06364172697067261
1696958486256657700,16.47065771484375,-0.35207176208496094,0.4883257746696472,0.09757354855537415
1696958486266671000,16.480671142578124,0.8390274047851562,0.07716000080108643,-0.36790233850479126
1696958486276684500,16.4906845703125,-0.9786777496337891,0.14138144254684448,0.4321475327014923
1696958486286698000,16.500697998046874,1.4084043502807617,-0.14194953441619873,-0.41037189960479736
1696958486296711400,16.51071142578125,-2.202591896057129,0.08208680152893066,0.2722666561603546
1696958486306724900,16.520724853515624,1.8552436828613281,0.672818660736084,0.29840803146362305
1696958486316738600,16.530738525390625,-0.8823070526123047,-0.4459768533706665,-0.3951489329338074
1696958486326752000,16.540751953125,-0.7893886566162109,0.28467094898223877,-0.10367962718009949
1696958486336765400,16.550765380859374,1.4065437316894531,0.1933002471923828,0.0035040080547332764
1696958486346779000,16.56077880859375,-2.744863510131836,0.1005866527557373,0.024538874626159668
1696958486356792300,16.570792236328124,3.0777626037597656,0.1550060510635376,0.15441486239433289
1696958486366806000,16.580805908203125,-2.276784896850586,-0.29257500171661377,-0.052553385496139526
1696958486376819500,16.5908193359375,0.7056179046630859,0.407345175743103,0.1804305613040924
1696958486386833000,16.6008330078125,1.535837173461914,0.3769751787185669,-0.0988728404045105
1696958486396846300,16.610846435546875,-2.620680809020996,-0.06897199153900146,0.21196627616882324
1696958486406859800,16.62085986328125,2.9671030044555664,-0.021308183670043945,0.32499486207962036
1696958486416873500,16.63087353515625,-2.0049009323120117,0.19084227085113525,-0.24372893571853638
1696958486426887000,16.640886962890626,0.6374492645263672,0.044953227043151855,0.32730117440223694
1696958486436900400,16.650900390625,1.2384672164916992,0.03875923156738281,0.0774495005607605
1696958486446913800,16.660913818359376,-2.3250885009765625,-0.04513907432556152,-0.10711300373077393
1696958486456927200,16.67092724609375,2.058037757873535,0.25743210315704346,-0.05692291259765625
1696958486466941000,16.68094091796875,-0.990900993347168,0.019466161727905273,-0.21184496581554413
1696958486476954400,16.690954345703126,0.4067850112915039,-0.19312632083892822,-0.24976298213005066
1696958486486967800,16.7009677734375,0.6689643859863281,0.2394951581954956,-0.05000537633895874
1696958486496981200,16.710981201171876,-1.8319010734558105,-0.005599498748779297,0.02332371473312378
1696958486506994700,16.72099462890625,1.4938125610351562,-0.23267555236816406,0.31997066736221313
1696958486517008400,16.73100830078125,-1.2141952514648438,0.25542378425598145,0.2681106925010681
1696958486527021800,16.741021728515626,0.5376310348510742,0.13345158100128174,-0.023865431547164917
1696958486537035300,16.75103515625,-0.22319793701171875,0.2685130834579468,0.3289557695388794
1696958486547048700,16.761048583984376,-0.4281435012817383,0.23015904426574707,0.09754791855812073
1696958486557062100,16.771062255859373,-0.4270305633544922,-0.0916450023651123,0.11799535155296326
1696958486567075800,16.781075927734374,-0.4642200469970703,-0.095650315284729,-0.035994112491607666
1696958486577089300,16.79108935546875,-0.08060836791992188,0.07028758525848389,-0.049475908279418945
1696958486587102700,16.801102783203124,0.11554718017578125,0.3047006130218506,-0.12725582718849182
1696958486597116200,16.8111162109375,-1.0028905868530273,0.08797776699066162,-0.12781938910484314
1696958486607129900,16.8211298828125,0.10824012756347656,0.02676844596862793,-0.27135103940963745
1696958486617143300,16.831143310546874,-0.05442237854003906,0.12677264213562012,-0.22915610671043396
1696958486627156700,16.84115673828125,-0.7948141098022461,-0.2564579248428345,-0.06968197226524353
1696958486637170400,16.85117041015625,1.3574981689453125,0.42529428005218506,-0.06107720732688904
1696958486647184000,16.861183837890625,-0.1029806137084961,0.07220172882080078,0.08802962303161621
1696958486657197300,16.871197265625,-0.38007354736328125,-0.12140822410583496,0.3054427206516266
1696958486667211000,16.8812109375,1.5707035064697266,-0.14975178241729736,0.08947110176086426
1696958486677224400,16.891224365234375,-0.8940753936767578,0.1207726001739502,-0.0895184576511383
1696958486687238100,16.901238037109376,1.7889089584350586,0.21503591537475586,0.6339523792266846
1696958486697251600,16.91125146484375,-0.1410808563232422,-0.24901938438415527,0.14688712358474731
1696958486707265000,16.92126513671875,-0.3226938247680664,0.08042550086975098,0.030893325805664062
1696958486717278700,16.93127880859375,1.6949892044067383,0.2743349075317383,0.15611979365348816
1696958486727292200,16.941292236328124,-1.1335258483886719,-0.15692579746246338,-0.027027815580368042
1696958486737305900,16.951305908203125,1.397200584411621,0.1410374641418457,0.12238651514053345
1696958486747319300,16.9613193359375,-0.7326068878173828,0.047997355461120605,0.4201434254646301
1696958486757332700,16.971332763671874,-0.17186927795410156,0.24538803100585938,0.13867700099945068
1696958486767346400,16.981346435546875,0.9945650100708008,-0.3285410404205322,0.14423108100891113
1696958486777360000,16.99135986328125,-2.070857524871826,0.2195366621017456,0.1071474552154541
1696958486787373600,17.00137353515625,2.239527702331543,0.24820291996002197,0.17583751678466797
1696958486797387000,17.011386962890626,-1.9183521270751953,0.050586581230163574,-0.026158034801483154
1696958486807400400,17.021400390625,-0.3131885528564453,0.20975732803344727,0.2683863937854767
1696958486817414100,17.0314140625,0.6818113327026367,0.06787824630737305,0.37515121698379517
1696958486827427600,17.041427490234376,-1.5613088607788086,-0.1268244981765747,0.17659929394721985
1696958486837441300,17.051441162109374,1.3813495635986328,0.13792133331298828,0.021832793951034546
1696958486847454700,17.061454833984374,-2.057918071746826,0.10666728019714355,0.10695603489875793
1696958486857468200,17.07146826171875,0.6277046203613281,-0.1660904884338379,0.4420318305492401
1696958486867481900,17.08148193359375,0.6453781127929688,0.24232244491577148,0.03893736004829407
1696958486877495300,17.091495361328125,-1.7410688400268555,-0.349281907081604,0.07128497958183289
1696958486887509000,17.101509033203126,1.6512937545776367,0.4128984212875366,0.27486470341682434
1696958486897522400,17.1115224609375,-1.1817731857299805,0.13222920894622803,0.09831216931343079
1696958486907536000,17.121535888671875,0.2305135726928711,-0.1131829023361206,0.12437906861305237
1696958486917549600,17.131549560546876,0.5932102203369141,0.16263031959533691,0.1503368616104126
1696958486927563000,17.14156298828125,-1.3199567794799805,0.023967623710632324,-0.1784759908914566
1696958486937576700,17.15157666015625,1.1107063293457031,0.2458202838897705,-0.22258161008358002
1696958486947590100,17.161590087890627,-1.3434057235717773,-0.0152055025100708,-0.06991979479789734
1696958486957603600,17.171603515625,-0.031078338623046875,0.07926785945892334,-0.15366131067276
1696958486967617300,17.1816171875,-0.03567981719970703,0.20689570903778076,-0.028379201889038086
1696958486977630700,17.191630615234374,-0.570958137512207,-0.25101983547210693,0.10014304518699646
1696958486987644400,17.20164453125,0.4625568389892578,0.21380698680877686,0.2218439280986786
1696958486997657900,17.211657958984375,-0.15520286560058594,0.09904754161834717,-0.09735506772994995
1696958487007671300,17.22167138671875,-0.12155818939208984,0.1525406837463379,0.22479644417762756
1696958487017685000,17.23168505859375,-0.0162200927734375,0.051955223083496094,0.28843897581100464
1696958487027698400,17.241698486328126,-0.34623146057128906,-0.24297404289245605,-0.062475740909576416
1696958487037712100,17.251712158203127,0.38565731048583984,0.5273082256317139,-0.05431964993476868
1696958487047725600,17.2617255859375,-1.1542139053344727,-0.07068169116973877,0.05099102854728699
1696958487057739000,17.271739013671876,-0.3345317840576172,0.13720810413360596,-0.159887433052063
1696958487067752700,17.281752685546873,-0.12356376647949219,0.30047106742858887,-0.34999698400497437
1696958487077766100,17.29176611328125,-0.3813972473144531,0.09026217460632324,-0.27286142110824585
1696958487087779800,17.30177978515625,-0.1035003662109375,-0.06499874591827393,0.1760537028312683
1696958487097793300,17.311793212890624,0.1260843276977539,0.24131619930267334,-0.08161532878875732
1696958487107806700,17.321806640625,-0.056090354919433594,-0.3205270767211914,-0.043672770261764526
1696958487117820400,17.3318203125,-0.08945941925048828,0.3645768165588379,0.37130942940711975
1696958487127833900,17.341833740234375,0.9474515914916992,-0.06356406211853027,0.13272684812545776
1696958487137847600,17.35184765625,0.13741302490234375,0.4430276155471802,0.2909913659095764
1696958487147861000,17.361861083984376,-0.202667236328125,0.039517879486083984,0.31982773542404175
1696958487157874400,17.37187451171875,1.2647266387939453,0.422188401222229,0.2478019893169403
1696958487167888100,17.38188818359375,-0.879673957824707,-0.06437802314758301,-0.07638877630233765
1696958487177901600,17.391901611328127,0.9572353363037109,-0.07612252235412598,-0.005104482173919678
1696958487187915300,17.401915283203124,-0.3260354995727539,0.3304297924041748,-0.24163079261779785
1696958487197928700,17.4119287109375,-1.137934684753418,-0.020847558975219727,0.16897302865982056
1696958487207942100,17.421942138671874,1.0102415084838867,-0.20984262228012085,-0.36123958230018616
1696958487217955800,17.431955810546874,-1.6587677001953125,0.3348316550254822,0.03802525997161865
1696958487227969300,17.44196923828125,0.9971542358398438,-0.06261301040649414,-0.28058087825775146
1696958487237983000,17.45198291015625,-0.7542667388916016,0.3659457564353943,-0.04583865404129028
1696958487247996400,17.461996337890625,0.19826889038085938,0.14993733167648315,-0.029544085264205933
1696958487258009900,17.472009765625,-1.3504924774169922,0.1572982668876648,0.14413881301879883
1696958487268023600,17.4820234375,-0.009619712829589844,0.18282562494277954,-0.14004580676555634
1696958487278037000,17.492037109375,-0.26746273040771484,0.2130725383758545,-0.27144357562065125
1696958487288050700,17.50205078125,-0.36763763427734375,-0.16369754076004028,-0.4748123288154602
1696958487298064100,17.512064208984373,0.8232908248901367,-0.24924039840698242,-0.11171671748161316
1696958487308077600,17.52207763671875,-0.9040651321411133,0.18298685550689697,-0.3711390793323517
1696958487318091000,17.532091064453127,0.4217987060546875,-0.10600101947784424,-0.15834257006645203
1696958487328104700,17.542104736328124,1.2236900329589844,-0.0963333249092102,0.08899584412574768
1696958487338118100,17.5521181640625,0.5706329345703125,0.0962836742401123,-0.17568756639957428
1696958487348131600,17.562131591796874,0.29688549041748047,-0.20008492469787598,0.08038827776908875
1696958487358145000,17.57214501953125,1.8730106353759766,0.4192436933517456,0.1843833029270172
1696958487368158500,17.582158447265623,-0.3201169967651367,-0.24474239349365234,-0.3795973062515259
1696958487378172200,17.592172119140624,0.425933837890625,0.09929049015045166,0.12925350666046143
1696958487388185600,17.602185546875,1.3092823028564453,0.34451818466186523,0.23407262563705444
1696958487398199000,17.612198974609374,-1.5088672637939453,-0.17643767595291138,-0.22112497687339783
1696958487408212500,17.62221240234375,1.0133209228515625,0.09305602312088013,0.3042152523994446
1696958487418226000,17.632225830078124,-0.3652629852294922,0.09977447986602783,0.1257838010787964
1696958487428239600,17.642239501953124,-0.5126132965087891,-0.2335779070854187,0.1821352243423462
1696958487438253000,17.652253173828125,1.0800504684448242,0.560402512550354,-0.028372108936309814
1696958487448266500,17.6622666015625,-0.6093816757202148,-0.15036994218826294,-0.2682133615016937
1696958487458280000,17.672280029296875,-1.0666751861572266,0.061827778816223145,0.11664599180221558
1696958487468293400,17.68229345703125,0.823699951171875,0.028327584266662598,0.16358712315559387
1696958487478307000,17.69230712890625,-1.0753498077392578,0.16942304372787476,0.047457337379455566
1696958487488320500,17.702320556640625,0.5184383392333984,0.14386975765228271,-0.049536436796188354
1696958487498334000,17.712333984375,-0.15150165557861328,0.10673195123672485,0.6655248403549194
1696958487508347400,17.722347412109375,0.08272838592529297,0.29083895683288574,0.382894366979599
1696958487518360800,17.73236083984375,0.21158599853515625,0.0545843243598938,0.0068780481815338135
1696958487528374500,17.74237451171875,-1.0075531005859375,-0.34742093086242676,-0.2317609190940857
1696958487538388000,17.752387939453126,-0.07796287536621094,0.30461418628692627,0.2784269154071808
1696958487548401400,17.7624013671875,0.29510974884033203,-0.4339008927345276,0.08805316686630249
1696958487558414800,17.772414794921875,-1.4593725204467773,0.25396913290023804,-0.36621707677841187
1696958487568428300,17.78242822265625,0.7091503143310547,-0.42425090074539185,0.09586259722709656
1696958487578442000,17.79244189453125,-0.46303558349609375,0.7150894999504089,0.3908643424510956
1696958487588455400,17.802455322265626,1.5020313262939453,0.2663377523422241,0.21839994192123413
1696958487598468900,17.81246875,-1.7030658721923828,-0.2516300678253174,0.2376195788383484
1696958487608482300,17.822482421875,0.25052928924560547,0.2793844938278198,0.399787962436676
1696958487618495700,17.832495849609376,0.5465612411499023,0.1923995018005371,0.25417038798332214
1696958487628509400,17.842509521484374,-1.0176591873168945,0.09284508228302002,-0.17664971947669983
1696958487638523000,17.85252294921875,0.8726291656494141,0.22023630142211914,-0.1595778614282608
1696958487648536300,17.862536376953123,-1.623910903930664,-0.28446513414382935,-0.12641552090644836
1696958487658549800,17.8725498046875,1.1565637588500977,0.09590601921081543,-0.1319005787372589
1696958487668563200,17.882563232421877,0.14095783233642578,-0.5252373218536377,-0.46559417247772217
1696958487678576600,17.89257666015625,-0.3609781265258789,0.3411130905151367,-0.020282745361328125
1696958487688590300,17.90259033203125,1.236353874206543,0.2902560234069824,-0.1402830183506012
1696958487698603800,17.912603759765624,-1.2561941146850586,-0.20505023002624512,-0.028764724731445312
1696958487708617200,17.9226171875,2.1304941177368164,0.2595975399017334,0.08390989899635315
1696958487718631000,17.932630859375,-1.730727195739746,-0.3489410877227783,-0.14921143651008606
1696958487728644400,17.942644287109374,1.9628334045410156,0.26158642768859863,0.11074057221412659
1696958487738658000,17.952657958984375,-0.17256450653076172,0.19545471668243408,-0.06852710247039795
1696958487748671500,17.96267138671875,-1.0178289413452148,-0.21577858924865723,0.20406129956245422
1696958487758685000,17.972684814453125,1.6802654266357422,-0.13655591011047363,-0.3542186915874481
1696958487768698600,17.98269873046875,-2.198864459991455,-0.003064274787902832,-0.2826451063156128
1696958487778712000,17.992712158203126,1.9500408172607422,0.6490963697433472,0.5867326259613037
1696958487788725800,18.002725830078123,0.49794864654541016,0.1241459846496582,0.37366539239883423
1696958487798739200,18.0127392578125,-0.9608173370361328,-0.31476736068725586,0.2971488833427429
1696958487808752600,18.022752685546877,2.128848075866699,0.534914493560791,-0.0732421875
1696958487818766300,18.032766357421874,-1.4027891159057617,0.3291817903518677,-0.04360330104827881
1696958487828779800,18.04277978515625,1.2241754531860352,-0.11346423625946045,0.8294498920440674
1696958487838793500,18.05279345703125,-0.38895130157470703,-0.21850430965423584,0.7859690189361572
1696958487848807000,18.062806884765624,0.34772300720214844,0.3863368034362793,0.5027622580528259
1696958487858820400,18.0728203125,0.40918540954589844,-0.11028337478637695,0.06524422764778137
1696958487868834000,18.082833984375,0.040233612060546875,0.07710373401641846,-0.14322805404663086
1696958487878847500,18.092847412109375,-0.012060165405273438,-0.6058714389801025,-0.16529110074043274
1696958487888861200,18.102861083984376,-1.1492576599121094,0.17494642734527588,-0.446464478969574
1696958487898874600,18.11287451171875,0.6031713485717773,-0.13488805294036865,-0.2700674533843994
1696958487908888000,18.12288818359375,-0.5830097198486328,0.14120042324066162,-0.12889385223388672
1696958487918901800,18.13290185546875,-0.4281177520751953,-0.47872960567474365,-0.3568921685218811
1696958487928915200,18.142915283203124,-0.07767009735107422,0.2521955966949463,-0.18178167939186096
1696958487938929000,18.152928955078124,-0.2822275161743164,0.5493590831756592,0.19298908114433289
1696958487948942300,18.1629423828125,-0.44836997985839844,-0.1751868724822998,0.3547475039958954
1696958487958955800,18.172955810546874,0.2651185989379883,-0.09445607662200928,0.33559650182724
1696958487968969500,18.182969482421875,-0.3418436050415039,0.24134719371795654,0.5644471645355225
1696958487978983000,18.19298291015625,0.4236783981323242,0.27945196628570557,0.6857057809829712
1696958487988996600,18.20299658203125,-0.4563722610473633,-0.19303274154663086,0.35488802194595337
1696958487999010000,18.213010009765625,-0.3692331314086914,0.03720724582672119,0.3154442310333252
1696958488009023500,18.2230234375,0.33411693572998047,0.5090361833572388,-0.17820456624031067
1696958488019037200,18.233037109375,-0.8708982467651367,-0.10383713245391846,0.12547647953033447
1696958488029050600,18.243050537109376,0.6986198425292969,0.015967965126037598,-0.0007999837398529053
1696958488039064300,18.253064208984377,-0.9087715148925781,0.029848933219909668,0.14640486240386963
1696958488049077800,18.263077880859374,0.20210552215576172,0.0022263526916503906,0.3036646842956543
1696958488059091200,18.27309130859375,0.2588977813720703,-0.0028651952743530273,0.03214365243911743
1696958488069105000,18.28310498046875,-0.2959623336791992,-0.016841530799865723,0.2530423402786255
1696958488079118300,18.293118408203124,-0.13742923736572266,-0.15080928802490234,0.6860170364379883
1696958488089132000,18.303132080078125,0.36454010009765625,0.4099690914154053,0.15441381931304932
1696958488099145500,18.3131455078125,-0.06622505187988281,-0.7307131290435791,0.23987841606140137
1696958488109159000,18.323158935546875,-0.7638626098632812,0.6015322208404541,0.3801557421684265
1696958488119172600,18.333172607421876,1.656106948852539,0.21803522109985352,0.24669939279556274
1696958488129186000,18.34318603515625,-1.0670537948608398,0.32129621505737305,0.48840397596359253
1696958488139199700,18.35319970703125,1.4871101379394531,-0.16768312454223633,0.7746156454086304
1696958488149213200,18.363213134765626,-0.848567008972168,0.22593235969543457,0.5565283894538879
1696958488159226600,18.3732265625,1.131239891052246,0.37961041927337646,0.2808184027671814
1696958488169240300,18.383240234375,-1.0983343124389648,-0.26120054721832275,0.3557277321815491
1696958488179253800,18.393253662109377,0.017220497131347656,0.11379849910736084,0.8471161723136902
1696958488189267500,18.403267333984374,0.25119781494140625,0.3311203718185425,0.13571083545684814
1696958488199281000,18.413281005859375,-0.8490562438964844,0.11454606056213379,-0.07456088066101074
1696958488209294300,18.42329443359375,0.5436019897460938,-0.09617292881011963,0.1821286678314209
1696958488219308000,18.43330810546875,-1.603642463684082,-0.05100607872009277,0.3759564757347107
1696958488229321500,18.443321533203125,1.917154312133789,0.27700817584991455,0.09272557497024536
1696958488239335200,18.453335205078126,-1.4709501266479492,-0.05991244316101074,0.24018821120262146
1696958488249348600,18.4633486328125,1.0268735885620117,-0.017071247100830078,0.7796268463134766
1696958488259362000,18.473362060546876,-0.3520803451538086,-0.009633660316467285,0.28124621510505676
1696958488269375700,18.483375732421877,-1.010986328125,0.34226810932159424,0.49965137243270874
1696958488279389200,18.49338916015625,1.9063777923583984,0.1126331090927124,0.4178069531917572
1696958488289402600,18.503402587890626,-2.6382999420166016,0.03454744815826416,0.3790300488471985
1696958488299416300,18.513416259765624,2.2898120880126953,0.04968523979187012,0.3490942418575287
1696958488309429800,18.5234296875,-1.4575386047363281,0.2167264223098755,-0.006054878234863281
1696958488319443500,18.533443359375,-0.0781850814819336,-0.12657392024993896,0.1943192481994629
1696958488329457000,18.543456787109374,0.8299217224121094,0.16836977005004883,-0.26897764205932617
1696958488339470300,18.55347021484375,-2.326443672180176,-0.04948413372039795,-0.27018648386001587
1696958488349483800,18.56348388671875,2.2811012268066406,0.21232879161834717,-0.034477561712265015
1696958488359497200,18.573497314453125,-1.6956958770751953,-0.12508010864257812,-0.3400130569934845
1696958488369511000,18.583510986328125,1.3092460632324219,0.22585785388946533,0.2876315414905548
1696958488379524400,18.5935244140625,0.732696533203125,-0.07397246360778809,-0.14089670777320862
1696958488389537800,18.603537841796875,-1.8308095932006836,0.04487144947052002,0.4798646569252014
1696958488399551200,18.61355126953125,2.952425003051758,0.39550185203552246,0.5193754434585571
1696958488409564700,18.623564697265625,-2.0486788749694824,-0.3200221061706543,0.13954317569732666
1696958488419578400,18.633578369140626,1.339411735534668,0.12167799472808838,0.4672062397003174
1696958488429591800,18.643591796875,-0.4367237091064453,-0.13116014003753662,-0.15102702379226685
1696958488439605200,18.653605224609375,-0.6556177139282227,0.5759304761886597,0.6319749355316162
1696958488449618700,18.66361865234375,2.471175193786621,-0.39135634899139404,-0.05555000901222229
1696958488459632000,18.673632080078125,-3.049528121948242,0.2526127099990845,0.4904007911682129
1696958488469645800,18.683645751953126,3.877216339111328,0.2920691967010498,0.5063451528549194
1696958488479659300,18.6936591796875,-2.9943761825561523,-0.4390850067138672,0.09836232662200928
1696958488489672700,18.703672607421876,2.0396900177001953,0.09764420986175537,0.7261033058166504
1696958488499686100,18.71368603515625,-0.34955501556396484,0.16482841968536377,0.2684982717037201
1696958488509699600,18.723699462890625,-0.2584400177001953,0.5535801649093628,0.5226036906242371
1696958488519713300,18.73371337890625,1.5104961395263672,-0.5081146955490112,0.16557595133781433
1696958488529726700,18.743726806640623,-2.454909324645996,0.4296998977661133,0.40625762939453125
1696958488539740200,18.753740234375,2.353631019592285,0.23080205917358398,0.28913334012031555
1696958488549753600,18.763753662109377,-1.9384822845458984,-0.21007180213928223,0.14141273498535156
1696958488559767000,18.77376708984375,1.8174171447753906,-0.20459330081939697,0.3306390941143036
1696958488569780700,18.78378076171875,-1.245152473449707,0.03745007514953613,0.01878577470779419
1696958488579794200,18.793794189453124,0.8604145050048828,0.27626800537109375,0.5115855932235718
1696958488589807600,18.8038076171875,0.17055988311767578,-0.2333981990814209,-0.04288718104362488
1696958488599821000,18.813821044921873,-1.3686532974243164,0.23216640949249268,0.6031919121742249
1696958488609834500,18.82383447265625,2.5440711975097656,-0.05787801742553711,0.5195629596710205
1696958488619848000,18.833847900390627,-2.0162229537963867,0.06657123565673828,0.22820958495140076
1696958488629861600,18.843861572265624,2.074648857116699,-0.003969430923461914,0.5011818408966064
1696958488639875000,18.853875,-0.8833541870117188,-0.30819761753082275,-0.12560418248176575
1696958488649888500,18.863888427734373,0.8774566650390625,0.41092586517333984,0.4365830421447754
1696958488659902000,18.87390185546875,0.5220136642456055,-0.09388542175292969,-0.11674579977989197
1696958488669915400,18.883915283203127,-1.8063383102416992,0.1144028902053833,0.25952857732772827
1696958488679929000,18.89392919921875,2.4943628311157227,-0.19726169109344482,0.10529223084449768
1696958488689942500,18.903942626953125,-2.165675640106201,0.7022837400436401,-0.23319604992866516
1696958488699956000,18.9139560546875,1.5381946563720703,0.021511197090148926,-0.1658007800579071
1696958488709969400,18.923969482421874,-1.5040273666381836,-0.1376032829284668,0.01924249529838562
1696958488719982800,18.93398291015625,0.0048274993896484375,0.3975900411605835,0.15840625762939453
1696958488729996500,18.94399658203125,-0.3625020980834961,0.006310701370239258,0.00004443526268005371
1696958488740010000,18.954010009765625,-0.7533483505249023,-0.03990042209625244,0.6532633304595947
1696958488750023700,18.964023681640626,1.045705795288086,-0.144600510597229,-0.03199997544288635
1696958488760037000,18.974037109375,-2.2014622688293457,0.7279523611068726,0.43888232111930847
1696958488770050600,18.984050537109376,3.0414915084838867,-0.25695788860321045,0.29293355345726013
1696958488780064300,18.994064208984376,-1.4384231567382812,0.3183220624923706,0.5576283931732178
1696958488790077700,19.00407763671875,0.3663167953491211,0.12119483947753906,0.8055698871612549
1696958488800091400,19.01409130859375,1.2783727645874023,0.26269519329071045,0.432312548160553
1696958488810104800,19.024104736328123,-0.5933904647827148,-0.08213365077972412,0.6700869798660278
1696958488820118300,19.0341181640625,1.0279083251953125,-0.1798245906829834,0.21122121810913086
1696958488830132000,19.044132080078125,-0.47994518280029297,0.7694611549377441,-0.001078575849533081
1696958488840145400,19.0541455078125,0.12816715240478516,-0.3141663074493408,0.0034438669681549072
1696958488850159000,19.0641591796875,-1.047745704650879,0.5402858257293701,0.0691816508769989
1696958488860172500,19.074172607421875,-0.07016658782958984,-0.4996412992477417,-0.5828782320022583
1696958488870186000,19.08418603515625,-0.5809812545776367,0.4839123487472534,-0.0009463727474212646
1696958488880199700,19.09419970703125,0.739532470703125,-0.5125458240509033,-0.634869396686554
1696958488890213000,19.104213134765626,-1.6272525787353516,0.24891996383666992,-0.2830285131931305
1696958488900226800,19.114226806640627,1.6934757232666016,-0.2859729528427124,-0.20462951064109802
1696958488910240300,19.124240234375,-1.387526512145996,0.22350215911865234,0.18666860461235046
1696958488920253700,19.134253662109376,2.759158134460449,0.08728682994842529,0.29218950867652893
1696958488930267400,19.144267333984374,-1.4282045364379883,-0.11479175090789795,0.1501215100288391
1696958488940280800,19.15428076171875,1.5379772186279297,0.25854992866516113,0.6847046613693237
1696958488950294500,19.16429443359375,1.2434568405151367,-0.3789626359939575,-0.45014628767967224
1696958488960308000,19.174307861328124,-2.0329294204711914,0.7262464761734009,0.3889235854148865
1696958488970321400,19.1843212890625,3.281524658203125,-0.46815383434295654,-0.25842180848121643
1696958488980335000,19.194335205078126,-3.2871651649475098,0.6524263620376587,-0.3548155725002289
1696958488990348500,19.2043486328125,3.0287046432495117,-0.4431575536727905,-0.4019762873649597
1696958489000362200,19.2143623046875,-2.8315420150756836,0.22285115718841553,0.034801602363586426
1696958489010375700,19.224375732421876,2.092243194580078,0.2930680513381958,-0.6234950423240662
1696958489020389000,19.23438916015625,-2.446765899658203,0.206778883934021,-0.4939020276069641
1696958489030402800,19.24440283203125,0.32103633880615234,0.20113706588745117,0.4131810665130615
1696958489040416300,19.254416259765627,0.41205883026123047,0.08017265796661377,0.3216080963611603
1696958489050430000,19.264429931640624,-2.327511787414551,0.4043862819671631,0.4237852990627289
1696958489060443400,19.274443359375,1.51104736328125,-0.17670130729675293,0.1980741024017334
1696958489070456800,19.284456787109374,-2.167417049407959,0.7161233425140381,0.5422122478485107
1696958489080470500,19.294470458984375,0.7192230224609375,0.05343186855316162,0.31837525963783264
1696958489090484000,19.30448388671875,-0.9027099609375,0.3245128393173218,-0.036440908908843994
1696958489100497700,19.31449755859375,-0.15532875061035156,0.23182165622711182,0.43575891852378845
1696958489110511000,19.324510986328125,-0.30338001251220703,-0.007453203201293945,0.38300710916519165
1696958489120524500,19.334524658203126,-1.201639175415039,0.4454808235168457,-0.09299248456954956
1696958489130538200,19.344538330078127,-0.43919944763183594,-0.251012921333313,0.025076866149902344
1696958489140551700,19.3545517578125,-0.10881710052490234,0.4415924549102783,-0.165807843208313
1696958489150565400,19.3645654296875,-1.2176456451416016,-0.33187341690063477,-0.66363126039505
1696958489160578800,19.374578857421874,-0.47424793243408203,0.45777809619903564,-0.260454386472702
1696958489170592300,19.38459228515625,0.07152652740478516,-0.4690436124801636,-0.6793656349182129
1696958489180606000,19.39460595703125,-0.946746826171875,0.25258660316467285,-0.18627184629440308
1696958489190619400,19.404619384765624,1.7459182739257812,-0.5762525796890259,-0.21718613803386688
1696958489200632800,19.4146328125,-1.0443534851074219,0.34668195247650146,0.11484706401824951
1696958489210646500,19.424646484375,1.968541145324707,-0.3940974473953247,0.3209066689014435
1696958489220660000,19.434659912109375,0.3294639587402344,0.2682241201400757,0.06869468092918396
1696958489230673700,19.444673583984375,0.7440500259399414,0.1334223747253418,0.170272558927536
1696958489240687000,19.45468701171875,0.7470722198486328,-0.299230694770813,0.2113972306251526
1696958489250700500,19.464700439453125,0.3530540466308594,0.22520112991333008,0.17637181282043457
1696958489260714200,19.47471435546875,0.2996482849121094,-0.3224809169769287,-0.06769827008247375
1696958489270727700,19.484727783203127,0.09318161010742188,0.4262118339538574,-0.035236656665802
1696958489280741400,19.494741455078124,0.5087432861328125,-0.21223413944244385,-0.3322254717350006
1696958489290754800,19.5047548828125,-1.1604719161987305,0.3580206632614136,-0.27492010593414307
1696958489300768300,19.514768310546874,0.5866098403930664,-0.05312013626098633,-0.4449475109577179
1696958489310782000,19.524781982421874,-1.4792118072509766,0.35739636421203613,-0.16396361589431763
1696958489320795400,19.53479541015625,0.3401775360107422,-0.11823618412017822,-0.41307780146598816
1696958489330809000,19.54480908203125,-1.1419143676757812,0.2922539710998535,-0.052121520042419434
1696958489340822500,19.554822509765625,0.3611793518066406,-0.07693219184875488,-0.10278338193893433
1696958489350836000,19.5648359375,-1.144989013671875,0.3388705253601074,-0.06636285781860352
1696958489360849700,19.574849609375,1.227736473083496,0.5683927536010742,0.05474275350570679
1696958489370863000,19.584863037109375,-1.8481440544128418,-0.3605942726135254,-0.12747398018836975
1696958489380876500,19.59487646484375,0.7315340042114258,0.6046532392501831,0.2706772983074188
1696958489390890000,19.604889892578125,-0.40773487091064453,0.17757129669189453,-0.02956894040107727
1696958489400903400,19.6149033203125,-0.4887504577636719,0.12761366367340088,0.05913257598876953
1696958489410917000,19.624917236328123,0.6208658218383789,-0.0710824728012085,0.06031811237335205
1696958489420930600,19.6349306640625,-1.0729646682739258,0.1586247682571411,0.045029908418655396
1696958489430944000,19.644944091796877,0.7212362289428711,-0.17085015773773193,0.07327434420585632
1696958489440957400,19.65495751953125,0.04517936706542969,0.08143377304077148,-0.14585858583450317
1696958489450971000,19.664970947265626,0.11159896850585938,0.14734959602355957,-0.18527820706367493
1696958489460984600,19.674984619140623,-0.0897989273071289,-0.32692384719848633,-0.17618674039840698
1696958489470998000,19.684998046875,0.47887516021728516,0.20750761032104492,0.01327100396156311
1696958489481011500,19.695011474609377,-0.033934593200683594,-0.6650254726409912,-0.47462913393974304
1696958489491025000,19.70502490234375,0.17641544342041016,0.14171826839447021,0.26235124468803406
1696958489501038300,19.715038330078126,0.7590045928955078,-0.3880138397216797,0.15416088700294495
1696958489511052000,19.725052001953124,-0.6048383712768555,0.07631933689117432,0.11947128176689148
1696958489521065500,19.7350654296875,1.2460651397705078,-0.32318806648254395,0.18754792213439941
1696958489531079000,19.745078857421873,-0.8163347244262695,-0.2595181465148926,-0.07121396064758301
1696958489541092400,19.75509228515625,1.1402130126953125,0.4560079574584961,0.22566741704940796
1696958489551105800,19.765105712890627,-0.05679798126220703,-0.6735577583312988,-0.14753803610801697
1696958489561119500,19.775119384765624,-1.236959457397461,-0.012080073356628418,-0.03524172306060791
1696958489571133000,19.7851328125,1.6624841690063477,0.06723201274871826,0.11150932312011719
1696958489581146400,19.795146484375,-2.2263216972351074,-0.32054197788238525,-0.2008885145187378
1696958489591159800,19.805159912109374,0.6847114562988281,0.25143754482269287,-0.31754693388938904
1696958489601173200,19.81517333984375,-0.6830167770385742,-0.1999450922012329,-0.21303048729896545
1696958489611186700,19.825186767578124,-0.7718963623046875,0.4377182722091675,0.47754156589508057
1696958489621200400,19.835200439453125,1.3902091979980469,-0.25859618186950684,-0.17488282918930054
1696958489631213800,19.8452138671875,-2.3306150436401367,0.08292293548583984,0.33501937985420227
1696958489641227300,19.855227294921875,2.090543746948242,-0.018576383590698242,-0.205548495054245
1696958489651240700,19.86524072265625,-2.133838653564453,0.2247169017791748,0.0511777400970459
1696958489661254100,19.875254150390624,2.014394760131836,0.1496638059616089,0.4614064693450928
1696958489671267800,19.885267822265625,-1.4406003952026367,-0.2867952585220337,-0.1427372694015503
1696958489681281300,19.89528125,0.46913814544677734,-0.09129548072814941,0.09148740768432617
1696958489691294700,19.905294677734375,1.4241104125976562,0.11935579776763916,-0.01065516471862793
1696958489701308200,19.91530810546875,-1.8148455619812012,-0.22620832920074463,0.6464298963546753
1696958489711321600,19.925321533203125,3.025472640991211,-0.5484520196914673,0.3782540559768677
1696958489721335300,19.935335205078125,-1.5407915115356445,0.08992552757263184,0.10353726148605347
1696958489731348700,19.9453486328125,1.3060436248779297,-0.445220947265625,0.4845166802406311
1696958489741362200,19.955362060546875,1.1977262496948242,-0.3277472257614136,0.05338644981384277
1696958489751376000,19.9653759765625,-1.2231807708740234,-0.27523696422576904,0.07420778274536133
1696958489761389300,19.975389404296877,0.887049674987793,-0.11499083042144775,0.3015705943107605
1696958489771402800,19.98540283203125,0.8372859954833984,-0.29462897777557373,0.06857913732528687
1696958489781416400,19.99541650390625,-0.46914196014404297,-0.18090641498565674,0.1040109395980835
1696958489791430000,20.005429931640624,0.13400650024414062,-0.6921403408050537,0.02182161808013916
1696958489801443600,20.015443603515624,1.2427806854248047,0.4102284908294678,-0.0024927854537963867
1696958489811457000,20.02545703125,-1.7322959899902344,-0.6129083633422852,0.18694478273391724
1696958489821470500,20.035470458984374,0.5081396102905273,-0.46576523780822754,0.233523428440094
1696958489831484200,20.045484130859375,1.4538698196411133,-0.1228858232498169,-0.04356628656387329
1696958489841497600,20.05549755859375,-2.219660758972168,-0.11070048809051514,0.07915008068084717
1696958489851511300,20.06551123046875,2.8608341217041016,-0.7025415897369385,-0.25018930435180664
1696958489861524700,20.075524658203125,-1.140385627746582,0.2837193012237549,-0.3899160623550415
1696958489871538200,20.0855380859375,-0.7313852310180664,-0.5947266817092896,-0.08057594299316406
1696958489881552000,20.0955517578125,1.339925765991211,-0.39204204082489014,-0.2321833372116089
1696958489891565300,20.1055654296875,-0.18236160278320312,-0.12849009037017822,-0.24042898416519165
1696958489901579000,20.1155791015625,-1.170954704284668,-0.039098501205444336,-0.24469196796417236
1696958489911592400,20.125592529296874,2.057766914367676,-0.08764302730560303,-0.007683277130126953
1696958489921606000,20.13560595703125,-0.7708139419555664,-0.2140026092529297,-0.0580005943775177
1696958489931619600,20.14561962890625,-1.6244478225708008,-0.0782630443572998,-0.22106066346168518
1696958489941633000,20.155633056640625,1.7152719497680664,-0.10799336433410645,-0.33103740215301514
1696958489951646700,20.165646728515625,-0.3337135314941406,-0.21235167980194092,-0.12420287728309631
1696958489961660200,20.17566015625,-0.6627120971679688,-0.5646587610244751,-0.07628178596496582
1696958489971673600,20.185673583984375,0.9971685409545898,0.014407157897949219,0.051127076148986816
1696958489981687300,20.195687255859376,-0.10881233215332031,-0.04589509963989258,0.010370045900344849
1696958489991700700,20.20570068359375,-1.1266345977783203,-0.35132157802581787,-0.48877787590026855
1696958490001714400,20.21571435546875,0.3814859390258789,-0.20171165466308594,-0.07161647081375122
1696958490011728000,20.225727783203126,0.8061676025390625,-0.03634142875671387,0.028290599584579468
1696958490021741300,20.2357412109375,-0.9545116424560547,-0.40897250175476074,-0.42111873626708984
1696958490031755000,20.245755126953124,-0.6654300689697266,-0.5176780223846436,-0.24759040772914886
1696958490041768400,20.2557685546875,1.1714649200439453,-0.07216048240661621,-0.19117704033851624
1696958490051782100,20.2657822265625,-1.6458606719970703,0.05398440361022949,-0.44059115648269653
1696958490061795600,20.275795654296875,-0.5238275527954102,-0.6541768312454224,-0.15473145246505737
1696958490071809000,20.28580908203125,1.0978889465332031,0.08537733554840088,0.1608770191669464
1696958490081822700,20.29582275390625,-0.9357643127441406,-0.22565460205078125,-0.3583303987979889
1696958490091836200,20.305836181640625,-0.33618736267089844,-0.5297904014587402,-0.27614277601242065
1696958490101849900,20.315849853515626,0.5154685974121094,-0.04165756702423096,-0.047694236040115356
1696958490111863300,20.32586328125,-0.5226173400878906,-0.4534571170806885,0.05010885000228882
1696958490121876700,20.335876708984376,-1.3481931686401367,0.0028291940689086914,-0.24178451299667358
1696958490131890400,20.345890380859377,1.4078435897827148,-0.30732262134552,0.22179853916168213
1696958490141904000,20.35590380859375,-0.4496164321899414,0.026309609413146973,0.33851897716522217
1696958490151917300,20.365917236328126,-0.20983028411865234,-0.5406984090805054,-0.3392883539199829
1696958490161931000,20.375930908203124,-0.7875204086303711,0.21549439430236816,-0.05197250843048096
1696958490171944400,20.3859443359375,1.183192253112793,-0.06942033767700195,0.42463064193725586
1696958490181958100,20.395958251953125,-1.4146242141723633,-0.48730576038360596,-0.11865770816802979
1696958490191971600,20.4059716796875,-0.6375045776367188,-0.18453240394592285,-0.29014477133750916
1696958490201985000,20.415985107421875,1.1609373092651367,0.22698962688446045,0.17969894409179688
1696958490211998700,20.425998779296876,-0.624567985534668,-0.2980232238769531,0.27772074937820435
1696958490222012200,20.43601220703125,0.724034309387207,-0.489296555519104,-0.2593369781970978
1696958490232025900,20.44602587890625,-1.0507020950317383,-0.0966421365737915,0.20917212963104248
1696958490242039300,20.456039306640626,1.9954566955566406,-0.06619858741760254,0.11247491836547852
1696958490252052700,20.466052734375,-1.4214420318603516,-0.3563675880432129,-0.3298705518245697
1696958490262066400,20.47606640625,0.5359592437744141,-0.5476013422012329,0.33599019050598145
1696958490272080000,20.486079833984373,2.8046960830688477,-0.25734055042266846,0.19150635600090027
1696958490282093600,20.496093505859374,-1.388808250427246,0.1037449836730957,-0.671493411064148
1696958490292107000,20.50610693359375,1.0801105499267578,-0.4988563060760498,0.023072868585586548
1696958490302120400,20.516120361328124,1.5361261367797852,-0.21035945415496826,0.40553468465805054
1696958490312134100,20.526134033203125,0.3087787628173828,-0.352649450302124,-0.08240994811058044
1696958490322147600,20.536147705078125,-0.22756195068359375,-0.02873539924621582,-0.2205808460712433
1696958490332161300,20.546161376953126,1.3594465255737305,-0.5384743213653564,0.61651611328125
1696958490342174700,20.5561748046875,1.494551658630371,-0.6234599351882935,-0.2524369955062866
1696958490352188200,20.566188232421876,-2.074306011199951,0.01341390609741211,-0.7290506362915039
1696958490362201900,20.576201904296877,1.7727956771850586,-0.36489129066467285,-0.03542649745941162
1696958490372215300,20.58621533203125,0.03876781463623047,-0.44906914234161377,0.07984843850135803
1696958490382229000,20.59622900390625,-1.4048223495483398,-0.10187637805938721,-0.6606136560440063
1696958490392242400,20.606242431640624,0.6727590560913086,0.1385873556137085,-0.07369545102119446
1696958490402256000,20.616255859375,-0.5759763717651367,-0.5760254859924316,0.12201568484306335
1696958490412269600,20.62626953125,-0.4553384780883789,-0.6675631999969482,-0.6860702037811279
1696958490422283000,20.636282958984374,-1.433572769165039,0.11560428142547607,-0.8339523077011108
1696958490432296700,20.646296630859375,-0.7610311508178711,0.047478437423706055,0.13199961185455322
1696958490442310100,20.65631005859375,1.1621055603027344,-0.5466866493225098,-0.04850584268569946
1696958490452323600,20.666323486328125,-2.8883109092712402,-0.3310689926147461,-0.4775417745113373
1696958490462337000,20.6763369140625,1.0277528762817383,0.05217158794403076,0.22771435976028442
1696958490472350700,20.686350830078126,0.237030029296875,-0.05663764476776123,0.1221049427986145
1696958490482364200,20.6963642578125,-1.947667121887207,-0.7474664449691772,-0.3724499046802521
1696958490492377600,20.706377685546876,-0.44238948822021484,-0.06969857215881348,-0.2574416399002075
1696958490502391000,20.71639111328125,0.586186408996582,0.08368444442749023,-0.03734201192855835
1696958490512404500,20.726404541015626,-0.04605674743652344,-0.656745195388794,0.3956361413002014
1696958490522418200,20.736418212890626,0.11633968353271484,0.010407328605651855,0.2144007682800293
1696958490532431600,20.746431640625,0.02025318145751953,-0.30912983417510986,0.25009000301361084
1696958490542445000,20.756445068359376,0.053481101989746094,0.19548296928405762,0.5257488489151001
1696958490552458500,20.76645849609375,0.7986268997192383,-0.3402601480484009,-0.25942909717559814
1696958490562472000,20.776471923828126,-1.5977230072021484,-0.5531215667724609,-0.18824511766433716
1696958490572485600,20.786485595703127,2.5444507598876953,-0.31459760665893555,-0.052033424377441406
1696958490582499000,20.7964990234375,-0.6203222274780273,-0.2560098171234131,-0.5160901546478271
1696958490592512500,20.806512451171876,-0.8532123565673828,-0.7197431325912476,-0.1211158037185669
1696958490602526000,20.81652587890625,1.9638690948486328,-0.24151968955993652,0.38629406690597534
1696958490612539400,20.826539306640626,0.9557104110717773,-0.10935664176940918,-0.16611617803573608
1696958490622552800,20.836552734375,-1.3546724319458008,-0.3447457551956177,-0.2774422764778137
1696958490632566500,20.84656640625,0.9521932601928711,-0.3622918128967285,0.6152735948562622
1696958490642580000,20.856580078125,1.4521446228027344,-0.27535367012023926,0.4650166630744934
1696958490652593400,20.866593505859374,-0.29564476013183594,-0.06633615493774414,-0.5676579475402832
1696958490662606800,20.87660693359375,-0.7917070388793945,-0.3928077220916748,0.23120945692062378
1696958490672620300,20.886620361328124,1.757624626159668,0.2190161943435669,0.7168892621994019
1696958490682634000,20.896634033203124,-0.014729499816894531,-0.20768368244171143,-0.6643068790435791
1696958490692647400,20.9066474609375,-2.552180290222168,-0.09163498878479004,0.09260737895965576
1696958490702660900,20.916660888671874,2.9832468032836914,0.22415173053741455,0.40716779232025146
1696958490712674300,20.92667431640625,-2.619752883911133,-0.5763674974441528,-0.31883931159973145
1696958490722687700,20.936687744140624,-1.070077896118164,-0.21589195728302002,-0.257781445980072
1696958490732701400,20.946701416015625,1.7523651123046875,0.09221673011779785,0.0900457501411438
1696958490742715000,20.95671484375,-1.3198976516723633,-0.005051851272583008,-0.3176576495170593
1696958490752728300,20.966728271484374,-1.1543188095092773,-0.47139227390289307,-0.30746084451675415
1696958490762741800,20.97674169921875,-0.037860870361328125,-0.173744797706604,0.31285881996154785
1696958490772755200,20.986755126953124,0.23940563201904297,0.10871756076812744,-0.012844443321228027
1696958490782769000,20.996768798828125,-1.5102310180664062,-0.2792564630508423,-0.5911313891410828
1696958490792782300,21.0067822265625,-0.3643827438354492,-0.2606062889099121,0.24118012189865112
1696958490802796000,21.016796142578126,1.6914148330688477,-0.04019010066986084,0.1895783543586731
1696958490812809500,21.0268095703125,-1.0701675415039062,-0.19382941722869873,-0.6000089645385742
1696958490822823000,21.036822998046876,-0.0926370620727539,-0.2854130268096924,0.3368387818336487
1696958490832836600,21.046836669921873,1.8763542175292969,-0.41382265090942383,0.3395839333534241
1696958490842850000,21.05685009765625,-1.372981071472168,0.34599483013153076,-0.15189260244369507
1696958490852863700,21.06686376953125,0.3650217056274414,-0.11523079872131348,0.256794810295105
1696958490862877200,21.076877197265624,0.2637290954589844,-0.7744184732437134,0.37597280740737915
1696958490872890600,21.086890625,1.8306093215942383,-0.4044555425643921,-0.12749779224395752
1696958490882904300,21.096904296875,-1.236948013305664,-0.2000408172607422,-0.24415630102157593
1696958490892917800,21.106917724609374,1.1457853317260742,0.00452423095703125,0.2426968216896057
1696958490902931500,21.116931396484375,1.621140480041504,-0.15180420875549316,0.31450241804122925
1696958490912945000,21.12694482421875,-1.4793376922607422,0.05780231952667236,0.5195145606994629
1696958490922958300,21.136958251953125,1.6348762512207031,-0.7900737524032593,0.24160081148147583
1696958490932972000,21.146971923828126,-0.9396533966064453,0.09509646892547607,0.6798645853996277
1696958490942985500,21.1569853515625,0.7207775115966797,-0.45674991607666016,0.7724756002426147
1696958490952999200,21.166999267578124,-0.28464794158935547,0.027804851531982422,-0.2578096091747284
1696958490963012600,21.1770126953125,0.1317596435546875,0.16318905353546143,0.5390719175338745
1696958490973026000,21.187026123046873,0.19850826263427734,-0.2514925003051758,0.3307652473449707
1696958490983039700,21.197039794921874,-1.1405220031738281,-0.21584439277648926,-0.5398692488670349
1696958490993053200,21.20705322265625,-0.1196298599243164,-0.38837993144989014,0.17340773344039917
1696958491003067000,21.21706689453125,-0.372589111328125,0.15273809432983398,0.33945196866989136
1696958491013080300,21.227080322265625,-0.3241300582885742,-0.3157520294189453,-0.5935741662979126
1696958491023093800,21.23709375,-1.1977806091308594,-0.23711299896240234,0.0963011384010315
1696958491033107500,21.247107421875,0.6975421905517578,-0.1970454454421997,0.06768304109573364
1696958491043121000,21.257120849609375,-0.8859272003173828,-0.04450368881225586,-0.6688976287841797
1696958491053134600,21.267134521484376,-0.726104736328125,-0.28454840183258057,-0.14205628633499146
1696958491063148000,21.27714794921875,1.9328851699829102,-0.48475515842437744,0.2111782431602478
1696958491073161500,21.287161376953126,-0.5854787826538086,-0.4654266834259033,-0.5177291035652161
1696958491083175200,21.297175048828127,-0.10123443603515625,-0.6303226947784424,-0.18143099546432495
1696958491093188600,21.307188720703124,0.9744043350219727,0.3086320161819458,0.5562592148780823
1696958491103202300,21.317202392578125,1.7655982971191406,-0.3929489850997925,-0.018505513668060303
1696958491113215700,21.3272158203125,-2.1143312454223633,-0.7846243381500244,-0.3414798974990845
1696958491123229200,21.337229248046874,2.765317916870117,-0.2120422124862671,0.6484856009483337
1696958491133243000,21.347242919921875,0.6420497894287109,0.8188599348068237,0.21623069047927856
1696958491143256300,21.35725634765625,-1.5100879669189453,-0.4925776720046997,-0.36757540702819824
1696958491153269800,21.367269775390625,0.9259815216064453,-1.3366259336471558,-0.34014564752578735
1696958491163283500,21.377283447265626,0.0021038055419921875,0.6451689004898071,0.721476674079895
1696958491173297000,21.387296875,-0.0694112777709961,0.6950310468673706,0.025659501552581787
1696958491183310600,21.397310546875,-1.5271320343017578,-1.2320773601531982,-0.4908427596092224
1696958491193324000,21.407323974609376,0.4698362350463867,-0.3889598846435547,0.2856348156929016
1696958491203337500,21.41733740234375,-0.9931316375732422,0.7652437686920166,0.734859824180603
1696958491213351200,21.42735107421875,0.4854116439819336,0.12215447425842285,-0.1662556529045105
1696958491223364600,21.437364501953127,-0.8248834609985352,-0.5940485000610352,0.00707930326461792
1696958491233379000,21.447379150390624,-0.10599231719970703,-0.1928567886352539,0.627601683139801
1696958491243392500,21.457392578125,-0.8418073654174805,-0.3853720426559448,0.04383963346481323
1696958491253405700,21.46740576171875,-0.8782215118408203,0.737511396408081,0.4003503918647766
1696958491263419100,21.477419189453126,2.163219451904297,0.010004281997680664,0.49684256315231323
1696958491273432300,21.487432373046875,-2.4635796546936035,-0.7079668045043945,-0.498957097530365
1696958491283445800,21.49744580078125,-0.5462808609008789,-0.3799901008605957,0.34005165100097656
1696958491293459200,21.507459228515625,1.8874406814575195,0.43752872943878174,0.4003850817680359
1696958491303472400,21.517472412109374,-0.9753217697143555,-0.22614872455596924,-0.27859723567962646
1696958491313485800,21.52748583984375,-1.4940710067749023,-0.5097967386245728,-0.22989308834075928
1696958491323499300,21.537499267578124,1.3861303329467773,0.040277838706970215,0.14454936981201172
1696958491333512700,21.5475126953125,0.1498889923095703,-0.306155800819397,0.08746200799942017
1696958491343526400,21.5575263671875,-1.7576541900634766,-0.2577766180038452,-0.3069087266921997
1696958491353539800,21.567539794921874,1.9022903442382812,-0.21696889400482178,0.342077374458313
1696958491363553500,21.577553466796875,-0.8118143081665039,-0.3951084613800049,0.12840211391448975
1696958491373567200,21.587567138671876,0.059597015380859375,-0.02800607681274414,-0.0949103832244873
1696958491383581000,21.597580810546877,-0.22264480590820312,-0.3000446557998657,-0.2218344807624817
1696958491393594400,21.607594482421874,0.16981983184814453,-0.2361360788345337,0.2684422731399536
1696958491403608000,21.617608154296875,-0.2511272430419922,-0.34190845489501953,-0.4186065196990967
1696958491413621800,21.627621826171875,-1.0534887313842773,0.06255471706390381,-0.03713148832321167
1696958491423635500,21.637635498046876,1.6492023468017578,-0.23309767246246338,0.17772603034973145
1696958491433649200,21.647649169921873,-1.4944744110107422,-0.05815267562866211,-0.4580029547214508
1696958491443662600,21.65766259765625,-1.0895586013793945,0.16680800914764404,-0.15570718050003052
1696958491453676300,21.66767626953125,2.0002450942993164,-0.09170448780059814,-0.09057468175888062
1696958491463690000,21.67768994140625,-0.4703969955444336,-0.3731890916824341,0.28106069564819336
1696958491473703700,21.68770361328125,0.8877391815185547,-0.31292057037353516,-0.32061171531677246
1696958491483717000,21.697717041015625,-1.0354433059692383,-0.25426799058914185,0.45486146211624146
1696958491493730800,21.707730712890626,2.8377113342285156,-0.08721601963043213,0.16229844093322754
1696958491503744300,21.717744140625,-1.8953099250793457,-0.10076731443405151,-0.3313025236129761
1696958491513757700,21.7277578125,1.6452007293701172,0.08533942699432373,0.18125957250595093
1696958491523771100,21.737771240234373,2.6593456268310547,-0.07683873176574707,0.435813844203949
1696958491533784800,21.747784912109374,-1.5050411224365234,-0.3760042190551758,-0.2082943320274353
1696958491543798300,21.75779833984375,0.5915727615356445,-0.2948453426361084,0.6804265379905701
1696958491553811700,21.767811767578124,1.2064752578735352,0.07789045572280884,0.4860273599624634
1696958491563825200,21.7778251953125,0.2761402130126953,-0.4947108328342438,-0.2782588303089142
1696958491573838600,21.787838623046873,-1.7124967575073242,-0.06416076421737671,-0.12038177251815796
1696958491583852300,21.797852294921874,1.134699821472168,-0.41280966997146606,0.0057801008224487305
1696958491593865700,21.80786572265625,0.6447668075561523,0.3394674062728882,-0.11325651407241821
1696958491603879200,21.817879150390624,-1.870497226715088,-0.5678590536117554,-0.41838112473487854
1696958491613892600,21.827892578125,0.4277496337890625,-0.28657758235931396,0.20039570331573486
1696958491623906000,21.837906005859374,0.4317359924316406,-0.015011310577392578,0.2742215394973755
1696958491633919700,21.847919677734374,-1.2227401733398438,-0.5746779441833496,0.02851313352584839
1696958491643933200,21.85793310546875,-1.0861444473266602,-0.04476362466812134,0.05699574947357178
1696958491653946600,21.867946533203124,1.8940143585205078,0.13567990064620972,0.615780234336853
1696958491663960000,21.8779599609375,-1.6039113998413086,-0.3491712808609009,-0.0988723635673523
1696958491673973500,21.887973388671874,0.2729768753051758,-0.364313542842865,-0.34413430094718933
1696958491683987200,21.8979873046875,-0.8742399215698242,-0.21848106384277344,0.3957679867744446
1696958491694000600,21.908000732421876,0.6091585159301758,-0.17722028493881226,0.29480910301208496
1696958491704014000,21.91801416015625,-1.552353858947754,-0.29966843128204346,-0.3756753206253052
1696958491714027500,21.928027587890625,0.33904075622558594,0.03932696580886841,0.07115787267684937
1696958491724041000,21.938041015625,0.7876529693603516,-0.4328739643096924,0.23117369413375854
1696958491734054400,21.948054443359375,-1.398275375366211,-0.13963162899017334,-0.6409196257591248
1696958491744068000,21.958068115234376,0.17759227752685547,-0.1825060248374939,-0.06701940298080444
1696958491754081500,21.96808154296875,0.1676788330078125,-0.1436328887939453,-0.059169650077819824
1696958491764095000,21.978094970703125,0.8413610458374023,0.08458352088928223,-0.0323067307472229
1696958491774108400,21.9881083984375,-0.6754341125488281,-0.39848268032073975,0.2553483247756958
1696958491784121900,21.998121826171875,1.667703628540039,-0.4008592963218689,0.6198176741600037
1696958491794135600,22.008135498046876,-0.2379436492919922,0.1460140347480774,0.605492889881134
1696958491804149000,22.01814892578125,0.7324867248535156,-0.3784748315811157,0.36746668815612793
1696958491814162400,22.028162353515626,0.018610000610351562,-0.04003053903579712,0.39794933795928955
1696958491824176000,22.038176025390626,2.5609750747680664,-0.20337551832199097,0.5468639731407166
1696958491834189600,22.048189453125,-1.7558813095092773,-0.049285054206848145,-0.492374062538147
1696958491844203300,22.058203369140625,-0.5426359176635742,-0.400854229927063,0.49384135007858276
1696958491854216700,22.068216796875,2.670163154602051,-0.3263515830039978,0.27375859022140503
1696958491864230100,22.078230224609374,-2.9847025871276855,-0.16945654153823853,-0.4853430986404419
1696958491874243800,22.088243896484375,0.004363059997558594,0.051213741302490234,-0.3797553777694702
1696958491884257300,22.09825732421875,0.8460226058959961,-0.19046765565872192,0.18819594383239746
1696958491894271000,22.10827099609375,-1.8846030235290527,-0.01824057102203369,0.05414605140686035
1696958491904284400,22.118284423828126,0.9107589721679688,0.020038366317749023,-0.6675562262535095
1696958491914297900,22.1282978515625,-1.4661550521850586,0.4474024772644043,0.13266456127166748
1696958491924311600,22.1383115234375,1.218337059020996,-0.516667366027832,0.1264491081237793
1696958491934325000,22.148324951171876,-2.679291248321533,0.2358773946762085,-0.48378270864486694
1696958491944338700,22.158338623046873,0.18959522247314453,0.13659018278121948,0.05813556909561157
1696958491954352000,22.16835205078125,-0.3505678176879883,0.06583082675933838,0.4024152159690857
1696958491964365600,22.178365478515627,-2.519700527191162,-0.15479713678359985,-0.2544879913330078
1696958491974379300,22.188379150390624,-0.3632678985595703,0.1448972225189209,-0.304598331451416
1696958491984393500,22.1983935546875,-1.241602897644043,0.19399219751358032,0.38937509059906006
1696958491994407400,22.208407470703126,-0.6750850677490234,-0.290427029132843,-0.26365721225738525
1696958492004420900,22.2184208984375,-1.8254947662353516,-0.35307902097702026,-0.5017866492271423
1696958492014434300,22.228434326171875,0.9935092926025391,-0.032019197940826416,-0.20593178272247314
1696958492024447700,22.23844775390625,0.5034332275390625,-0.025396287441253662,-0.02448636293411255
1696958492034461400,22.24846142578125,-0.8744096755981445,-0.48521533608436584,0.12151777744293213
1696958492044475000,22.258474853515626,1.225193977355957,-0.569652795791626,0.4374677538871765
1696958492054488300,22.26848828125,2.6173715591430664,0.02142995595932007,0.16946738958358765
1696958492064501800,22.278501708984376,0.6800756454467773,-0.5083097219467163,0.09202265739440918
1696958492074515200,22.28851513671875,0.7591619491577148,-0.4501384198665619,0.4603959321975708
1696958492084529000,22.29852880859375,3.7676782608032227,-0.29011327028274536,0.1956070065498352
1696958492094542300,22.308542236328126,-1.7371082305908203,0.30431997776031494,-0.22727882862091064
1696958492104555800,22.3185556640625,0.7802438735961914,-0.577340841293335,0.4177958369255066
1696958492114569200,22.3285693359375,1.9875288009643555,-0.04456198215484619,0.5544652342796326
1696958492124582700,22.338582763671877,0.3671998977661133,-0.7225092649459839,-0.45030760765075684
1696958492134596400,22.348596435546874,0.007870674133300781,0.4694780111312866,0.05680668354034424
1696958492144609800,22.35860986328125,1.3650455474853516,-0.3630586862564087,0.6447879672050476
1696958492154623200,22.368623291015624,-0.3730144500732422,-0.3542567491531372,0.1086052656173706
1696958492164636700,22.37863671875,0.33025264739990234,0.03883028030395508,-0.6585545539855957
1696958492174650000,22.388650146484373,-0.7885255813598633,-0.11066234111785889,0.3095303177833557
1696958492184663800,22.398663818359374,2.009016990661621,-0.0799664855003357,0.6187528967857361
1696958492194677200,22.40867724609375,-0.9921512603759766,-0.41968196630477905,-0.33909136056900024
1696958492204690700,22.418690673828124,-0.47379016876220703,0.2262999415397644,0.07419538497924805
1696958492214704000,22.4287041015625,2.423550605773926,0.1845608353614807,0.7511716485023499
1696958492224717600,22.438717529296873,-1.883589267730713,-0.39051610231399536,-0.19502931833267212
1696958492234731000,22.44873095703125,-0.039379119873046875,0.024135708808898926,-0.16327959299087524
1696958492244744700,22.45874462890625,-0.3402519226074219,-0.2598884701728821,0.5555331110954285
1696958492254758100,22.468758056640624,0.03302478790283203,-0.21469438076019287,-0.16415542364120483
1696958492264771600,22.478771484375,-1.252676010131836,-0.23472154140472412,-0.6904256939888
1696958492274785000,22.488784912109374,-0.35598278045654297,-0.1407364010810852,-0.02696096897125244
1696958492284798500,22.498798583984374,0.8109865188598633,0.006617069244384766,0.12308317422866821
1696958492294812200,22.508812255859375,-2.1778388023376465,-0.4294968843460083,-0.6552714109420776
1696958492304825600,22.51882568359375,-0.7771034240722656,-0.1625550389289856,-0.1730991005897522
1696958492314839000,22.528839111328125,0.8307647705078125,-0.1779434084892273,0.06062823534011841
1696958492324852500,22.5388525390625,-1.5080986022949219,-0.4554731547832489,-0.5952926874160767
1696958492334866200,22.5488662109375,-0.2092723846435547,0.25017058849334717,-0.42911797761917114
1696958492344879600,22.558879638671876,1.373398780822754,-0.2774850130081177,0.3573051691055298
1696958492354893300,22.568893310546876,-2.051440715789795,-0.26003479957580566,0.053257644176483154
1696958492364906800,22.57890673828125,0.5961647033691406,-0.05024456977844238,-0.13415056467056274
1696958492374920200,22.588920166015626,0.3944072723388672,-0.015961170196533203,0.3955984115600586
1696958492384934000,22.598933837890623,1.1819581985473633,-0.6169165372848511,0.31131887435913086
1696958492394947300,22.608947265625,-1.6210689544677734,-0.2671394944190979,-0.06506752967834473
1696958492404961000,22.6189609375,2.057765007019043,-0.30150479078292847,0.020168304443359375
1696958492414974500,22.628974365234374,-0.4506950378417969,-0.11989361047744751,0.1847529411315918
1696958492424988000,22.63898779296875,0.4680290222167969,-0.6673669815063477,-0.11566221714019775
1696958492435001600,22.649001708984375,-0.846705436706543,-0.19727587699890137,0.07088375091552734
1696958492445015000,22.65901513671875,2.1377296447753906,0.05700653791427612,0.2664148807525635
1696958492455028700,22.66902880859375,0.05447196960449219,0.01699221134185791,0.07251614332199097
1696958492465042200,22.679042236328126,-0.4186248779296875,-0.7236634492874146,-0.1743946075439453
1696958492475055600,22.6890556640625,1.3894405364990234,0.14122074842453003,0.5350261330604553
1696958492485069300,22.6990693359375,0.7699575424194336,0.2803044319152832,0.08292931318283081
1696958492495082800,22.709082763671876,-0.8947134017944336,0.19933444261550903,-0.19374728202819824
1696958492505096400,22.719096435546874,0.5316753387451172,0.41395920515060425,0.427603542804718
1696958492515110000,22.72910986328125,1.0706052780151367,-0.08742237091064453,0.09373700618743896
1696958492525123300,22.739123291015623,-2.3823323249816895,0.12611860036849976,-0.6279205679893494
1696958492535137000,22.749136962890624,0.7440013885498047,-0.23801934719085693,-0.0645567774772644
1696958492545150500,22.759150390625,-0.5285987854003906,0.16474103927612305,0.441079318523407
1696958492555164200,22.7691640625,-1.3065357208251953,-0.12872684001922607,-0.21066617965698242
1696958492565177600,22.779177490234375,0.2544736862182617,0.03544360399246216,-0.17550748586654663
1696958492575191000,22.78919091796875,0.191802978515625,-0.09761863946914673,0.3618844151496887
1696958492585204700,22.799204833984376,0.12427520751953125,-0.6266741752624512,0.12246143817901611
1696958492595218200,22.80921826171875,-1.0756502151489258,0.17828673124313354,-0.25949376821517944
1696958492605231900,22.81923193359375,1.1203365325927734,-0.31647104024887085,0.13755452632904053
1696958492615245300,22.829245361328127,-0.7890777587890625,-0.1694883108139038,-0.02535402774810791
1696958492625258800,22.8392587890625,0.4072990417480469,-0.12685972452163696,-0.016653716564178467
1696958492635272400,22.8492724609375,0.6978445053100586,-0.2669116258621216,-0.009574711322784424
1696958492645286000,22.859285888671874,0.5573883056640625,-0.37928223609924316,0.07092583179473877
1696958492655299600,22.869299560546875,0.4797515869140625,0.13055771589279175,-0.07699078321456909
1696958492665313000,22.87931298828125,-1.079514503479004,-0.020616233348846436,0.12719333171844482
1696958492675326500,22.889326416015624,2.488163948059082,-0.20209765434265137,0.535388171672821
1696958492685340200,22.899340087890625,-0.9059276580810547,-0.48736467957496643,-0.04026669263839722
1696958492695353600,22.909353515625,0.03274059295654297,-0.2588423490524292,0.084267258644104
1696958492705367300,22.9193671875,1.0077056884765625,0.07889288663864136,0.4104955792427063
1696958492715380700,22.929380615234376,0.7234001159667969,-0.5733077526092529,-0.18735867738723755
1696958492725394200,22.939394287109376,-1.5339183807373047,-0.06174188852310181,-0.20683473348617554
1696958492735407900,22.949407958984374,2.1209850311279297,-0.06577819585800171,0.41517096757888794
1696958492745421300,22.95942138671875,-0.4979219436645508,-0.3669906258583069,0.2231023907661438
1696958492755435000,22.96943505859375,-0.48222827911376953,-0.23690682649612427,0.3063858151435852
1696958492765448400,22.979448486328124,0.38888072967529297,-0.2150564193725586,0.44651269912719727
1696958492775462000,22.9894619140625,0.5935697555541992,-0.02974104881286621,0.5886866450309753
1696958492785475600,22.9994755859375,0.014013290405273438,-0.3014572858810425,-0.5604986548423767
1696958492795489000,23.009489013671875,-1.395573616027832,0.1384366750717163,0.2881951332092285
1696958492805502700,23.019502685546875,2.23989200592041,0.05542391538619995,0.4293674826622009
1696958492815516200,23.02951611328125,-2.090202808380127,-0.4041343927383423,0.018410444259643555
1696958492825529600,23.039529541015625,0.8156185150146484,0.23036962747573853,-0.03938257694244385
1696958492835543300,23.049543212890626,-1.0641851425170898,0.0048103928565979,0.29778939485549927
1696958492845556700,23.059556640625,1.217794418334961,-0.11171936988830566,0.16724008321762085
1696958492855570200,23.069570068359376,-1.7335538864135742,-0.25047606229782104,-0.5321549773216248
1696958492865583900,23.079583984375,-0.17145347595214844,0.485740602016449,-0.02886134386062622
1696958492875597300,23.089597412109374,1.0000581741333008,-0.4502294063568115,0.02953284978866577
1696958492885611000,23.099611083984374,-1.9220666885375977,-0.38782674074172974,-0.424042671918869
1696958492895624400,23.10962451171875,0.5103540420532227,-0.3797417879104614,-0.05245983600616455
1696958492905638000,23.119637939453124,0.8966579437255859,0.015190958976745605,0.3311064839363098
1696958492915651600,23.129651611328125,-0.07064247131347656,-0.5829851627349854,0.2644265294075012
1696958492925665000,23.1396650390625,0.20696544647216797,-0.14253032207489014,0.08863109350204468
1696958492935678700,23.1496787109375,0.38832664489746094,-0.14863824844360352,0.583612859249115
1696958492945692200,23.159692138671875,1.9647550582885742,-0.1498059630393982,0.6269158124923706
1696958492955705600,23.16970556640625,-1.5187149047851562,-0.2457197904586792,-0.08165055513381958
1696958492965719300,23.17971923828125,-0.21026325225830078,-0.2765343189239502,0.6416430473327637
1696958492975732700,23.189732666015626,2.294856071472168,0.0872008204460144,0.6177051067352295
1696958492985746400,23.199746337890623,-2.2597732543945312,-0.3052130937576294,0.24528902769088745
1696958492995759900,23.209759765625,0.9905538558959961,-0.06308978796005249,0.6509466171264648
1696958493005773300,23.219773193359377,1.0890617370605469,-0.15153849124908447,0.6944679617881775
1696958493015787000,23.229787109375,-1.8093900680541992,-0.10964560508728027,0.4078448414802551
1696958493025800400,23.239800537109375,0.8378067016601562,0.1100764274597168,0.51906818151474
1696958493035814100,23.249814208984375,0.31995201110839844,-0.11919152736663818,0.7580827474594116
1696958493045827600,23.25982763671875,0.26664066314697266,-0.31511950492858887,0.5119916796684265
1696958493055841000,23.269841064453125,-0.4267396926879883,0.08827841281890869,0.29309356212615967
1696958493065854700,23.279854736328126,0.4297618865966797,-0.06373381614685059,1.1124769449234009
1696958493075868200,23.2898681640625,0.7968225479125977,-0.3440927267074585,1.012460470199585
1696958493085881900,23.2998818359375,-1.1502933502197266,-0.04777050018310547,0.14763200283050537
1696958493095895300,23.309895263671876,0.44393444061279297,0.09580767154693604,0.8456332087516785
1696958493105908700,23.31990869140625,1.0640125274658203,-0.13065052032470703,0.5846971273422241
1696958493115922400,23.32992236328125,-0.4583902359008789,-0.7299855947494507,-0.28217482566833496
1696958493125935900,23.339935791015623,-0.5669736862182617,0.15574336051940918,0.2128346562385559
1696958493135949600,23.349949462890624,0.8918657302856445,-0.6105810403823853,0.15514594316482544
1696958493145963000,23.359962890625,-0.7254018783569336,-0.2146921157836914,-0.22786641120910645
1696958493155976400,23.3699765625,-0.04478740692138672,-0.1430680751800537,0.09087115526199341
1696958493165990100,23.379990234375,-0.1546030044555664,-0.029416322708129883,-0.09315711259841919
1696958493176003600,23.390003662109375,0.6871137619018555,-0.1880936622619629,0.19662517309188843
1696958493186017300,23.400017333984376,-0.36074161529541016,-0.4348241090774536,-0.2642163634300232
1696958493196030700,23.41003076171875,-1.3825702667236328,-0.12218010425567627,-0.0926368236541748
1696958493206044200,23.420044189453126,1.6892223358154297,-0.2243255376815796,0.3614095449447632
1696958493216057900,23.430057861328127,-0.9906225204467773,-0.3375709056854248,0.28081178665161133
1696958493226071300,23.4400712890625,-0.08998680114746094,-0.23981082439422607,-0.023332059383392334
1696958493236085000,23.4500849609375,0.6751432418823242,-0.28526389598846436,0.6132053732872009
1696958493246098400,23.460098388671874,0.3343820571899414,-0.00009500980377197266,0.29635316133499146
1696958493256111900,23.47011181640625,-1.057145118713379,-0.23665165901184082,-0.2544950842857361
1696958493266125600,23.48012548828125,-0.11773204803466797,-0.016148090362548828,0.42313891649246216
1696958493276139000,23.490138916015624,1.5122261047363281,-0.03804969787597656,-0.11354166269302368
1696958493286152700,23.500152587890625,-2.6870837211608887,-0.500123143196106,-0.2527536153793335
1696958493296166100,23.510166259765626,1.3861970901489258,-0.14201807975769043,0.10165286064147949
1696958493306179600,23.5201796875,-0.3417978286743164,-0.17210650444030762,0.5030446648597717
1696958493316193300,23.530193359375,-0.46060943603515625,-0.2791764736175537,0.16618025302886963
1696958493326206700,23.540206787109376,0.6349620819091797,0.10676085948944092,0.11588084697723389
1696958493336220400,23.550220458984374,0.18912506103515625,0.01963520050048828,0.8450241684913635
1696958493346233900,23.56023388671875,0.8765411376953125,-0.2236032485961914,0.35439175367355347
1696958493356247300,23.570247314453123,-1.2283134460449219,-0.1057206392288208,0.05477172136306763
1696958493366261000,23.580260986328124,1.216360092163086,-0.0678560733795166,0.8768544793128967
1696958493376274400,23.5902744140625,1.2563419342041016,-0.09021949768066406,0.4885915517807007
1696958493386288000,23.6002880859375,-1.9394197463989258,-0.12632477283477783,0.11083167791366577
1696958493396301600,23.610301513671875,0.9083614349365234,-0.3338879346847534,0.4215078353881836
1696958493406315000,23.62031494140625,0.4281587600708008,-0.14346027374267578,0.3807961344718933
1696958493416328700,23.63032861328125,-0.8348150253295898,-0.3479290008544922,-0.1380072832107544
1696958493426342100,23.640342041015625,0.4572162628173828,-0.11554837226867676,-0.08244264125823975
1696958493436355800,23.65035595703125,0.7093067169189453,-0.6809426546096802,0.1655603051185608
1696958493446369300,23.660369384765627,-0.31525325775146484,-0.22975969314575195,-0.05849027633666992
1696958493456382700,23.6703828125,-0.2476797103881836,-0.023927688598632812,-0.33781230449676514
1696958493466396400,23.680396484375,0.13507747650146484,-0.5349838733673096,-0.12400943040847778
1696958493476409900,23.690409912109374,0.5697441101074219,-0.281649112701416,-0.19983452558517456
1696958493486423600,23.700423583984374,-0.7696819305419922,0.272274374961853,-0.41424110531806946
1696958493496437000,23.71043701171875,0.05405616760253906,-0.7212134599685669,0.03196287155151367
1696958493506450400,23.720450439453124,1.0624322891235352,-0.38679933547973633,0.137984037399292
1696958493516464000,23.730464111328125,-1.2578649520874023,-0.15435254573822021,-0.773043155670166
1696958493526477600,23.7404775390625,-0.9155073165893555,-0.012968301773071289,-0.06182861328125
1696958493536491000,23.750490966796875,2.608989715576172,-0.9664629101753235,0.280518114566803
1696958493546504700,23.760504638671875,-2.5728201866149902,0.021044135093688965,-0.7986275553703308
1696958493556518100,23.77051806640625,0.5873508453369141,0.5081803798675537,-0.4445676803588867
1696958493566531800,23.78053173828125,0.27571582794189453,-0.7070372104644775,0.231223464012146
1696958493576545300,23.790545166015626,-1.0201587677001953,-0.30726325511932373,-0.1384240984916687
1696958493586558700,23.800558837890627,0.19617462158203125,0.17497479915618896,-0.9468866586685181
1696958493596572400,23.810572509765624,-0.8315620422363281,-0.13085412979125977,-0.017641782760620117
1696958493606585900,23.8205859375,1.7607336044311523,-0.4266970157623291,0.47423315048217773
1696958493616599600,23.830599609375,-2.018789291381836,-0.2376314401626587,-0.28095242381095886
1696958493626613000,23.840613037109375,1.0347480773925781,-0.1075516939163208,0.03899562358856201
1696958493636626400,23.85062646484375,1.2763586044311523,-0.24146807193756104,0.6471473574638367
1696958493646640000,23.86064013671875,0.15460586547851562,-0.2577317953109741,0.10627156496047974
1696958493656653600,23.870653564453125,0.058592796325683594,-0.3161332607269287,0.04308021068572998
1696958493666667300,23.880667236328126,0.6269903182983398,-0.0562136173248291,0.5216096043586731
1696958493676680700,23.8906806640625,1.1702241897583008,-0.21142637729644775,-0.015114128589630127
1696958493686694100,23.900694091796876,-1.8004851341247559,-0.21556997299194336,-0.35390210151672363
1696958493696707800,23.910707763671876,0.6792125701904297,-0.38111329078674316,-0.09630954265594482
1696958493706721300,23.92072119140625,0.3050079345703125,-0.2153029441833496,-0.10563266277313232
1696958493716735000,23.93073486328125,-1.1771488189697266,0.02814018726348877,-0.41127288341522217
1696958493726748400,23.94074853515625,0.5125226974487305,-0.26595211029052734,-0.18065142631530762
1696958493736761900,23.950761962890624,0.6932306289672852,-0.42145323753356934,0.13915365934371948
1696958493746775600,23.960775634765625,-0.8664321899414062,-0.25321269035339355,-0.33449986577033997
1696958493756789000,23.9707890625,0.1392688751220703,-0.03668975830078125,-0.014135003089904785
1696958493766802700,23.980802734375,1.1330642700195312,-0.31026768684387207,0.4927893280982971
1696958493776816000,23.990816162109375,-0.27954959869384766,-0.3634101152420044,-0.14657527208328247
1696958493786829600,24.00082958984375,-0.5800447463989258,0.22541534900665283,-0.3115238547325134
1696958493796843300,24.01084326171875,0.6065425872802734,-0.12423443794250488,0.34532201290130615
1696958493806856700,24.020856689453126,-0.054477691650390625,-0.4646950960159302,0.022385001182556152
1696958493816870400,24.030870361328127,-1.7414417266845703,-0.20161521434783936,-0.7096253037452698
1696958493826883800,24.0408837890625,-0.3369874954223633,-0.23766183853149414,-0.0012469291687011719
1696958493836897300,24.050897216796876,1.2074527740478516,-0.25784730911254883,-0.04074639081954956
1696958493846911000,24.060910888671874,-1.3712759017944336,-0.5940786600112915,-0.36874106526374817
1696958493856924400,24.07092431640625,0.19463253021240234,-0.15070879459381104,-0.3293689489364624
1696958493866938000,24.080938232421875,0.6913681030273438,-0.06794893741607666,-0.048064470291137695
1696958493876951600,24.09095166015625,-0.7439365386962891,-0.39724159240722656,-0.17020052671432495
1696958493886965000,24.100965087890625,-0.08253192901611328,-0.16358721256256104,-0.33487772941589355
1696958493896978700,24.110978759765626,0.9259862899780273,-0.2728794813156128,-0.14707481861114502
1696958493906992000,24.1209921875,0.6899747848510742,-0.15660202503204346,0.0766943097114563
1696958493917005800,24.131005859375,-0.3153390884399414,-0.16071343421936035,-0.14858078956604004
1696958493927019300,24.141019287109376,0.7367668151855469,-0.4440213441848755,-0.009776830673217773
1696958493937032700,24.15103271484375,0.5106439590454102,0.02839207649230957,0.3316999077796936
1696958493947046400,24.16104638671875,0.6384963989257812,-0.11311471462249756,0.17228436470031738
1696958493957059800,24.171059814453123,-0.5245695114135742,-0.2750735282897949,0.017072618007659912
1696958493967073500,24.181073486328124,0.9535608291625977,-0.08113348484039307,0.3643869161605835
1696958493977087000,24.1910869140625,-0.37738990783691406,-0.19691073894500732,-0.07810980081558228
1696958493987100400,24.201100341796874,-0.6203041076660156,0.09432470798492432,-0.4178708791732788
1696958493997114000,24.211114013671875,0.30826282501220703,-0.1639389991760254,0.2303248643875122
1696958494007127600,24.22112744140625,-0.25162792205810547,-0.17011761665344238,-0.11572602391242981
1696958494017141200,24.231141357421876,-2.0336618423461914,0.03577911853790283,-0.447857141494751
1696958494027154700,24.24115478515625,1.1060514450073242,-0.08582174777984619,-0.06741824746131897
1696958494037168000,24.251168212890626,-0.6406745910644531,-0.4625483751296997,-0.2950643301010132
1696958494047181800,24.261181884765627,-2.0395407676696777,0.03860902786254883,-0.5064361691474915
1696958494057195300,24.2711953125,1.3391780853271484,-0.5048702955245972,-0.678200364112854
1696958494067209000,24.281208984375,-1.8321409225463867,0.4069685935974121,0.011273741722106934
1696958494077222400,24.291222412109374,1.478987693786621,-0.19174408912658691,-0.2461908459663391
1696958494087235800,24.30123583984375,-2.204341411590576,-0.24613559246063232,-0.43548184633255005
1696958494097249500,24.31124951171875,1.5425300598144531,0.06214737892150879,-0.20261383056640625
1696958494107263000,24.321262939453124,-0.2961130142211914,-0.09956538677215576,-0.4492797255516052
1696958494117276700,24.331276611328125,-1.7485408782958984,-0.42854607105255127,-0.5000186562538147
1696958494127290000,24.3412900390625,1.495692253112793,-0.3687272071838379,-0.5055320262908936
1696958494137303600,24.351303466796875,-0.7920436859130859,-0.14381074905395508,-0.204274982213974
1696958494147317200,24.361317138671875,-0.4558229446411133,-0.46082937717437744,-0.7248159646987915
1696958494157330700,24.37133056640625,-1.171433448791504,-0.4018394947052002,-0.3054305911064148
1696958494167344400,24.381344482421873,1.8947811126708984,0.10321950912475586,-0.33248400688171387
1696958494177357800,24.39135791015625,-1.626708984375,-0.287933349609375,-0.3113141655921936
1696958494187371300,24.401371337890627,0.5655364990234375,-0.16518592834472656,-0.44292768836021423
1696958494197385000,24.411385009765624,1.009119987487793,0.10782098770141602,-0.06095230579376221
1696958494207398400,24.4213984375,-0.8857650756835938,-0.14269113540649414,-0.10265094041824341
1696958494217412000,24.431412109375,-0.37235450744628906,-0.3135603666305542,-0.14882832765579224
1696958494227425500,24.441425537109374,1.0479230880737305,0.08176088333129883,0.17137712240219116
1696958494237439000,24.45143896484375,0.7923212051391602,-0.4082770347595215,-0.09776288270950317
1696958494247452700,24.46145263671875,-1.6996126174926758,-0.30886733531951904,-0.22055542469024658
1696958494257466000,24.471466064453125,2.5530223846435547,-0.2112060785293579,0.2959764003753662
1696958494267479600,24.4814794921875,-0.48752880096435547,-0.1275545358657837,0.22007107734680176
1696958494277493200,24.4914931640625,-0.6442117691040039,-0.19620895385742188,0.06021672487258911
1696958494287506700,24.501506591796876,0.6763782501220703,-0.22867107391357422,0.29362785816192627
1696958494297520400,24.511520263671876,1.1000728607177734,0.21631503105163574,-0.04263770580291748
1696958494307533800,24.521533935546874,-0.82843017578125,-0.5304274559020996,-0.2356756329536438
1696958494317547300,24.53154736328125,-0.5588655471801758,0.0428234338760376,0.07177656888961792
1696958494327561000,24.54156103515625,2.061394691467285,-0.1297624111175537,0.1348828673362732
1696958494337574400,24.551574462890624,-1.4798974990844727,-0.33094513416290283,-0.1706889271736145
1696958494347588000,24.561588134765625,0.03847789764404297,-0.1691737174987793,-0.052084147930145264
1696958494357601500,24.5716015625,0.22967243194580078,0.10363137722015381,0.4904734492301941
1696958494367615000,24.581614990234375,1.108316421508789,-0.3110499382019043,0.17818111181259155
1696958494377628700,24.591628662109375,-1.6040611267089844,-0.3110843300819397,-0.5341833233833313
1696958494387642000,24.60164208984375,0.6266679763793945,0.038023293018341064,-0.1102067232131958
1696958494397655800,24.61165576171875,1.3994312286376953,0.17556864023208618,0.19520020484924316
1696958494407669200,24.621669189453126,-1.433182716369629,-0.5369064807891846,-0.4894901514053345
1696958494417682700,24.6316826171875,-0.2638368606567383,-0.10629171133041382,-0.1410706639289856
1696958494427696400,24.6416962890625,1.3809032440185547,-0.15435552597045898,0.32181841135025024
1696958494437709800,24.651709716796876,-0.7683477401733398,-0.37824350595474243,-0.5104936957359314
1696958494447723500,24.6617236328125,-1.191847801208496,-0.09356117248535156,-0.4295722246170044
1696958494457737000,24.671737060546874,1.7214231491088867,-0.5454728603363037,0.12919139862060547
1696958494467750400,24.68175048828125,-0.9155712127685547,-0.16571712493896484,-0.14589053392410278
1696958494477764000,24.69176416015625,-0.4214468002319336,0.015803813934326172,-0.8772879242897034
1696958494487777500,24.701777587890625,-0.3578224182128906,-0.21123605966567993,-0.18580859899520874
1696958494497791200,24.711791259765626,1.4256715774536133,-0.4047713875770569,-0.37580573558807373
1696958494507804700,24.7218046875,-1.9750609397888184,-0.6475403308868408,-0.6030312776565552
1696958494517818000,24.731818115234375,0.615260124206543,-0.14423233270645142,-0.18369483947753906
1696958494527831800,24.741831787109376,2.1102657318115234,-0.0015472769737243652,0.1584436297416687
1696958494537845200,24.75184521484375,-1.1346263885498047,-0.6003260612487793,-0.2214697003364563
1696958494547859000,24.76185888671875,0.32598209381103516,-0.0018706917762756348,0.15421569347381592
1696958494557872400,24.771872314453127,1.5155439376831055,-0.0474168062210083,0.6577557325363159
1696958494567885800,24.7818857421875,0.6997928619384766,-0.31440871953964233,0.38317304849624634
1696958494577899500,24.7918994140625,0.12463855743408203,-0.12808877229690552,-0.15281784534454346
1696958494587913000,24.801912841796874,0.053063392639160156,0.0020328164100646973,0.7744529843330383
1696958494597926700,24.8119267578125,1.4913864135742188,-0.09880399703979492,0.5346870422363281
1696958494607940000,24.821940185546875,-1.7663822174072266,-0.00040018558502197266,-0.34140878915786743
1696958494617953500,24.83195361328125,-0.41447925567626953,-0.474915087223053,0.13460290431976318
1696958494627967200,24.84196728515625,1.0732049942016602,0.2941575050354004,0.23431485891342163
1696958494637980700,24.851980712890626,-2.2457828521728516,-0.14832675457000732,-0.456021249294281
1696958494647994400,24.861994384765627,-0.2283153533935547,-0.24761295318603516,-0.44488126039505005
1696958494658007800,24.8720078125,-0.2702608108520508,-0.15010440349578857,0.2038285732269287
1696958494668021200,24.882021240234376,-1.163020133972168,-0.3182488679885864,-0.2715732455253601
1696958494678035000,24.892034912109374,-1.723846435546875,0.09280979633331299,-0.27756065130233765
1696958494688048400,24.90204833984375,1.0667333602905273,0.09347391128540039,0.20211851596832275
1696958494698062000,24.91206201171875,-0.5508241653442383,-0.029359102249145508,-0.019576609134674072
1696958494708075500,24.922075439453124,-0.7597780227661133,-0.03179347515106201,-0.20891565084457397
1696958494718089000,24.9320888671875,0.21234893798828125,-0.06082355976104736,-0.018049538135528564
1696958494728102700,24.9421025390625,0.6371002197265625,-0.1311488151550293,-0.033643901348114014
1696958494738116000,24.9521162109375,-1.2233257293701172,-0.21818232536315918,-0.1777985692024231
1696958494748129800,24.9621298828125,-0.5084991455078125,0.37927937507629395,0.22163552045822144
1696958494758143200,24.972143310546876,1.103139877319336,-0.1672447919845581,0.24877285957336426
1696958494768156700,24.98215673828125,-2.5268993377685547,-0.10355901718139648,-0.10686063766479492
1696958494778170400,24.99217041015625,-2.0718507766723633,0.4402273893356323,-0.4198002219200134
1696958494788183800,25.002183837890627,-3.4816207885742188,1.182753562927246,-0.5274068713188171
1696958494798197500,25.012197509765624,1.0999164581298828,-0.7053390741348267,0.1555587649345398
1696958494808211000,25.0222109375,1.5080289840698242,-1.7454862594604492,-0.4446341097354889
1696958494818224400,25.032224365234374,3.8740234375,-0.03349757194519043,-1.8586041927337646
1696958494828238000,25.042238037109374,-2.5337376594543457,-1.046433925628662,0.22114378213882446
1696958494838251500,25.05225146484375,0.5493745803833008,0.5727229714393616,0.15988504886627197
1696958494848265200,25.06226513671875,-1.1435213088989258,-0.9990658164024353,0.3036792278289795
1696958494858278700,25.072278564453125,-0.1994915008544922,0.8169280886650085,0.5684779286384583
1696958494868292000,25.0822919921875,5.965524673461914,-0.5940721035003662,0.428320050239563
1696958494878305800,25.092305908203127,-0.3664865493774414,0.004899322986602783,0.02650439739227295
1696958494888319200,25.1023193359375,1.5786008834838867,-1.430806040763855,-0.22006916999816895
1696958494898333000,25.1123330078125,-3.2276840209960938,0.10536360740661621,-0.7868820428848267
1696958494908346400,25.122346435546874,0.9569110870361328,0.34229880571365356,0.3399704098701477
1696958494918359800,25.13235986328125,1.4231071472167969,0.899615466594696,0.2917819023132324
1696958494928373500,25.14237353515625,1.9926958084106445,-0.00013959407806396484,0.3636443018913269
1696958494938387000,25.152386962890624,0.07680320739746094,-0.5135115385055542,0.11888831853866577
1696958494948400400,25.162400390625,-0.564213752746582,-1.228895664215088,-0.17850196361541748
1696958494958414000,25.1724140625,0.06840896606445312,0.14713048934936523,-0.3031582236289978
1696958494968427500,25.182427490234375,-0.5529136657714844,0.11493849754333496,-0.4741601347923279
1696958494978441200,25.192441162109375,0.47602081298828125,0.44138777256011963,0.6270033717155457
1696958494988454700,25.20245458984375,2.79241943359375,0.20563256740570068,0.4098484516143799
1696958494998468000,25.212468017578125,-1.1235313415527344,0.3299039602279663,0.16048169136047363
1696958495008481800,25.222481689453126,0.971923828125,-0.5619972944259644,-0.21756291389465332
1696958495018495200,25.2324951171875,-2.4519758224487305,-0.3647004961967468,0.7295800447463989
1696958495028509000,25.242509033203124,1.1999626159667969,-0.37486469745635986,0.22490978240966797
1696958495038522400,25.2525224609375,-1.8808488845825195,0.47620952129364014,-0.33636346459388733
1696958495048536000,25.2625361328125,2.711118698120117,-0.35574090480804443,0.14254504442214966
1696958495058549500,25.272549560546874,-0.8606901168823242,0.23935973644256592,0.05497068166732788
1696958495068563200,25.282563232421875,-0.28084564208984375,-0.3718183636665344,-0.1843090057373047
1696958495078577000,25.292576904296876,-0.2947874069213867,-0.2653557062149048,-0.53788822889328
1696958495088590300,25.30259033203125,-0.4805011749267578,-0.563623309135437,0.12071233987808228
1696958495098604000,25.31260400390625,-0.9717140197753906,-0.42298221588134766,-0.5706110596656799
1696958495108617500,25.322617431640627,-0.7829074859619141,0.4348565340042114,-0.16983509063720703
1696958495118631200,25.332631103515624,2.0765981674194336,-0.13672035932540894,-0.09780508279800415
1696958495128644900,25.342644775390625,-1.311629295349121,-0.5080612897872925,-0.391139954328537
1696958495138658300,25.352658203125,-0.3241596221923828,-0.1044122576713562,-0.4710180163383484
1696958495148672000,25.362672119140626,0.5849790573120117,-0.4032626748085022,0.07890510559082031
1696958495158685400,25.372685546875,-0.21924877166748047,-0.4479661285877228,0.15504831075668335
1696958495168699100,25.38269921875,-0.12297534942626953,-0.19571268558502197,-0.27447283267974854
1696958495178712800,25.392712890625,-0.24213218688964844,0.23745697736740112,0.3481255769729614
1696958495188726300,25.402726318359374,2.6210975646972656,-0.10465455055236816,0.33128273487091064
1696958495198740000,25.412739990234375,-1.991981029510498,-0.2604164481163025,0.037113070487976074
1696958495208753400,25.42275341796875,0.8226642608642578,-0.2186492681503296,0.22498470544815063
1696958495218767000,25.43276708984375,0.3860769271850586,-0.13713234663009644,0.8238449692726135
1696958495228780800,25.44278076171875,-0.1692047119140625,-0.5221511125564575,-0.0535699725151062
1696958495238794200,25.452794189453126,-2.8492655754089355,-0.6902347803115845,0.19262468814849854
1696958495248808000,25.462807861328123,1.50592041015625,-6.2453460693359375,-1.2300944328308105
1696958495258821400,25.4728212890625,-0.6611976623535156,5.269735813140869,0.07794255018234253
1696958495268835000,25.4828349609375,2.156097412109375,5.542981147766113,0.4806262254714966
1696958495278848800,25.492848876953126,1.213409423828125,-3.2830848693847656,0.5064693689346313
1696958495288862200,25.5028623046875,-0.9168643951416016,-4.991739749908447,0.16693246364593506
1696958495298876000,25.5128759765625,-2.132052421569824,1.4574761390686035,-0.2731192708015442
1696958495308889300,25.522889404296876,-1.3813238143920898,4.082406997680664,-0.48389750719070435
1696958495318903000,25.532903076171873,4.557120323181152,-0.8997029066085815,0.05423778295516968
1696958495328916700,25.542916748046874,-3.9551548957824707,-3.0779287815093994,0.0009300112724304199
1696958495338930200,25.55293017578125,-0.8871078491210938,0.6978307366371155,0.6124008297920227
1696958495348944000,25.56294384765625,3.755237579345703,1.9259288311004639,-0.8611886501312256
1696958495358957300,25.572957275390625,-0.052779197692871094,-0.5506879091262817,-0.4780118465423584
1696958495368971000,25.582970947265625,-2.4614462852478027,-1.972745656967163,0.47789859771728516
1696958495378984700,25.592984619140626,-0.37665367126464844,0.9427697062492371,0.9865825772285461
1696958495388998100,25.602998046875,3.2463388442993164,0.6258087158203125,-1.0556938648223877
1696958495399011800,25.61301171875,-0.6273021697998047,0.04773843288421631,-0.7167313694953918
1696958495409025300,25.623025390625,-1.0514774322509766,-1.2670888900756836,0.356941819190979
1696958495419039000,25.6330390625,1.1827239990234375,0.29494327306747437,-0.011538863182067871
1696958495429052400,25.643052490234375,-0.7363443374633789,0.4994129538536072,-0.5554395318031311
1696958495439065900,25.65306591796875,-0.12776470184326172,-0.5332159996032715,-0.1795174479484558
1696958495449079600,25.66307958984375,-0.4571952819824219,-0.515842080116272,0.2864471673965454
1696958495459093000,25.673093017578125,1.2979049682617188,0.3869788646697998,-0.49642691016197205
1696958495469106700,25.683106689453126,-1.099482536315918,0.4374775290489197,-0.9494848251342773
1696958495479120100,25.6931201171875,-0.059783935546875,-0.8362666964530945,0.42514413595199585
1696958495489133600,25.703133544921876,1.1638422012329102,-0.3953741788864136,0.05655109882354736
1696958495499147300,25.713147216796877,-0.7312784194946289,0.2437390685081482,-0.2357991337776184
1696958495509160700,25.72316064453125,1.58807373046875,-0.24569463729858398,0.08406120538711548
1696958495519174400,25.73317431640625,0.5857229232788086,-0.2781429886817932,0.48540419340133667
1696958495529187800,25.743187744140624,-0.8256511688232422,-0.21832698583602905,-0.17637479305267334
1696958495539201300,25.753201171875,0.22290802001953125,0.1109081506729126,-0.11513912677764893
1696958495549215000,25.763215087890625,1.0683374404907227,-0.10977333784103394,0.3956297039985657
1696958495559228400,25.773228515625,-0.18144893646240234,-0.23177170753479004,-0.0054776668548583984
1696958495569242000,25.7832421875,-0.8597946166992188,-0.07193964719772339,-0.20565634965896606
1696958495579255600,25.793255615234376,0.7194833755493164,-0.10225272178649902,0.06919807195663452
1696958495589269000,25.80326904296875,-1.6810712814331055,-0.4240630269050598,-0.10480260848999023
1696958495599282700,25.81328271484375,-0.9984350204467773,0.3719572424888611,-0.5677850246429443
1696958495609296100,25.823296142578126,0.1654491424560547,-0.00662386417388916,-0.10426551103591919
1696958495619309800,25.833309814453123,0.08391761779785156,-0.026348769664764404,-0.09550231695175171
1696958495629323300,25.8433232421875,-1.1492347717285156,-0.3798066973686218,-0.005237460136413574
1696958495639336700,25.853336669921877,-0.17151546478271484,0.3350611925125122,0.2986706495285034
1696958495649350400,25.863350341796874,0.579096794128418,-0.23004674911499023,0.1284206509590149
1696958495659363800,25.87336376953125,-2.4043092727661133,-0.268017053604126,-0.11242437362670898
1696958495669377500,25.88337744140625,0.7887954711914062,0.10549020767211914,-0.06900352239608765
1696958495679391000,25.893390869140624,-1.1247568130493164,0.2224864363670349,-0.15616750717163086
1696958495689404400,25.903404296875,0.8561620712280273,-0.16800612211227417,0.7046831250190735
1696958495699418000,25.913418212890626,0.810699462890625,0.011403560638427734,-0.7451040148735046
1696958495709431600,25.923431640625,-2.011138916015625,-0.016883492469787598,0.9243975281715393
1696958495719445200,25.9334453125,3.508028984069824,-0.30549538135528564,1.4232062101364136
1696958495729458700,25.943458740234377,-3.8079376220703125,0.43267500400543213,0.7011398673057556
1696958495739472100,25.95347216796875,1.8057003021240234,-0.4121555685997009,1.424713373184204
1696958495749485800,25.96348583984375,1.6333541870117188,-1.0463206768035889,0.3633006811141968
1696958495759499300,25.973499267578124,0.8593292236328125,0.6550257205963135,-0.12418597936630249
1696958495769513000,25.983512939453124,-2.1015257835388184,-0.4420625567436218,-2.253523349761963
1696958495779526400,25.9935263671875,-2.7036962509155273,-1.232080340385437,-0.7983459830284119
1696958495789539800,26.003539794921874,4.562443733215332,-0.8130183219909668,-1.4773800373077393
1696958495799553500,26.013553466796875,-4.753004550933838,-0.3449539542198181,-2.266160488128662
1696958495809567000,26.02356689453125,2.92372989654541,-0.36710262298583984,-0.08690017461776733
1696958495819580700,26.03358056640625,2.043318748474121,-0.4514000117778778,1.1527680158615112
1696958495829594000,26.043593994140625,-2.9511327743530273,0.7789344787597656,0.5537506341934204
1696958495839607600,26.053607666015626,3.9374542236328125,-0.08121675252914429,0.40535271167755127
1696958495849621200,26.063621337890623,0.4159536361694336,0.21662640571594238,0.9246992468833923
1696958495859634700,26.073634765625,3.621187210083008,-0.33414793014526367,-0.8563946485519409
1696958495869648400,26.0836484375,-2.8439807891845703,-0.3696204423904419,-1.2177143096923828
1696958495879661800,26.093661865234374,3.0076589584350586,-0.9210138916969299,-0.07307398319244385
1696958495889675300,26.10367529296875,0.15267562866210938,-0.0344119668006897,-0.21950262784957886
1696958495899689000,26.11368896484375,0.25746726989746094,0.3109036684036255,-0.030413568019866943
1696958495909702400,26.123702392578124,2.0492496490478516,-0.483030766248703,0.20628255605697632
1696958495919716000,26.133716064453125,0.013692855834960938,-0.6919123530387878,0.11630129814147949
1696958495929729500,26.1437294921875,-2.0553574562072754,-0.7043043971061707,-0.6792173981666565
1696958495939743200,26.1537431640625,-1.1180992126464844,-0.0431857705116272,-0.1077457070350647
1696958495949756700,26.163756591796876,3.0141735076904297,0.6739130020141602,0.12209397554397583
1696958495959770400,26.173770263671877,-2.593456745147705,0.4020375609397888,-0.688570499420166
1696958495969783800,26.18378369140625,0.2992849349975586,-0.1441054344177246,0.13651424646377563
1696958495979797500,26.193797607421875,0.19886016845703125,0.18843376636505127,0.036088526248931885
1696958495989811200,26.203811279296875,-2.5014777183532715,-0.1230781078338623,-0.08300209045410156
1696958495999824600,26.21382470703125,-0.40203857421875,0.011980950832366943,-0.12250906229019165
1696958496009838300,26.22383837890625,-0.027975082397460938,-0.1437070369720459,0.03978759050369263
1696958496019851800,26.233851806640626,-0.2906312942504883,0.25474393367767334,-0.0078849196434021
1696958496029865500,26.243865478515627,-0.18462562561035156,-0.5324444770812988,-0.4929651618003845
1696958496039879200,26.253879150390624,-0.5520553588867188,-0.0896068811416626,-0.5681664943695068
1696958496049892600,26.263892578125,0.9455490112304688,-0.30276811122894287,-0.16701215505599976
1696958496059906300,26.27390625,-2.4304099082946777,-0.2738295793533325,-0.26287126541137695
1696958496069919700,26.283919677734374,0.7057895660400391,0.024488985538482666,-0.10969787836074829
1696958496079933400,26.293933349609375,0.5419340133666992,-0.09225720167160034,0.3124793767929077
1696958496089947100,26.303947021484376,-0.682530403137207,-0.14165955781936646,0.10883408784866333
1696958496099960600,26.313960693359373,-0.8146705627441406,0.18500858545303345,-0.1320558786392212
1696958496109974300,26.323974365234374,0.32021045684814453,-0.18095093965530396,0.04509085416793823
1696958496119987700,26.33398779296875,-0.8703670501708984,-0.16209375858306885,-0.2724563479423523
1696958496130001400,26.34400146484375,-1.517848014831543,-0.13526582717895508,-0.21066159009933472
1696958496140015000,26.35401513671875,0.6698617935180664,-0.2476453185081482,0.17496252059936523
1696958496150028500,26.364028564453125,1.2324190139770508,-0.9105544686317444,0.05655169486999512
1696958496160042200,26.374042236328126,-1.8429889678955078,0.542708694934845,0.9485247135162354
1696958496170055700,26.3840556640625,1.7027473449707031,1.097766399383545,1.962263584136963
1696958496180069400,26.3940693359375,2.840083122253418,-2.2158968448638916,0.5685639381408691
1696958496190083000,26.4040830078125,-4.458970546722412,-1.2560722827911377,1.2051284313201904
1696958496200096500,26.414096435546874,2.604731559753418,1.5046156644821167,0.6602125763893127
1696958496210110200,26.424110107421875,-0.7709646224975586,1.277038335800171,-1.0800378322601318
1696958496220123600,26.43412353515625,0.167388916015625,-0.8970253467559814,-2.302621841430664
1696958496230137300,26.444137451171876,-4.927255630493164,-1.2141358852386475,-2.5651466846466064
1696958496240151000,26.454151123046874,0.8153266906738281,0.5412523150444031,-0.4989519715309143
1696958496250164500,26.46416455078125,2.453946113586426,0.6662262082099915,0.4408795237541199
1696958496260178200,26.47417822265625,-1.366011619567871,-0.3443264365196228,0.0678626298904419
1696958496270191600,26.484191650390624,-0.3157997131347656,-0.39585310220718384,0.4845304489135742
1696958496280205300,26.494205322265625,0.6981716156005859,0.9365673661231995,0.783706784248352
1696958496290219000,26.504218994140626,2.2113685607910156,-0.22747063636779785,0.09893971681594849
1696958496300232400,26.514232421875,-1.1491718292236328,-0.7119946479797363,-0.45200785994529724
1696958496310246100,26.52424609375,1.3814830780029297,0.34020280838012695,0.049547553062438965
1696958496320259600,26.534259521484376,2.2669754028320312,0.30940479040145874,-0.19313597679138184
1696958496330273300,26.544273193359373,-2.2216148376464844,0.4742279648780823,-0.2989400625228882
1696958496340287000,26.554286865234374,1.7734956741333008,-1.1836942434310913,0.22711533308029175
1696958496350300400,26.564300537109375,-0.8018274307250977,0.22255784273147583,-0.18976116180419922
1696958496360314000,26.574314208984376,0.35616111755371094,0.05993306636810303,-0.5521931052207947
1696958496370327600,26.58432763671875,1.043233871459961,0.07253152132034302,-0.442628413438797
1696958496380341200,26.59434130859375,0.5866270065307617,-0.6482375264167786,-0.19001954793930054
1696958496390355000,26.60435498046875,-2.1150479316711426,-0.08909296989440918,-0.40354639291763306
1696958496400368400,26.614368408203124,0.9245853424072266,-0.20437723398208618,-0.05018627643585205
1696958496410382000,26.624382080078124,0.4541177749633789,-0.3469064235687256,0.2569918632507324
1696958496420395500,26.6343955078125,0.09947490692138672,-0.21559321880340576,0.17540234327316284
1696958496430409200,26.6444091796875,0.36201953887939453,-0.21335363388061523,0.034530043601989746
1696958496440423000,26.6544228515625,0.46152210235595703,-0.22176194190979004,0.290735125541687
1696958496450436400,26.664436279296876,1.1964216232299805,-0.48857244849205017,0.13043850660324097
1696958496460450000,26.674449951171876,-1.8505430221557617,-0.20678502321243286,-0.03404855728149414
1696958496470463500,26.68446337890625,1.1215639114379883,0.012288510799407959,0.67221599817276
1696958496480477200,26.694477294921874,1.5825824737548828,-0.03428471088409424,0.3659038543701172
1696958496490491000,26.704490966796875,-1.5133552551269531,-0.05857670307159424,-0.3657495975494385
1696958496500504300,26.71450439453125,0.8033447265625,-0.23713290691375732,0.5595866441726685
1696958496510518000,26.72451806640625,0.5577564239501953,0.027817189693450928,0.48914867639541626
1696958496520531500,26.734531494140626,-1.2787742614746094,-0.4024592638015747,-0.3194348216056824
1696958496530545200,26.744545166015627,0.3587617874145508,-0.20491790771484375,0.04957783222198486
1696958496540558800,26.754558837890624,0.826411247253418,-0.30691075325012207,0.42697352170944214
1696958496550572300,26.764572265625,-0.19817447662353516,-0.32756292819976807,-0.09915262460708618
1696958496560586000,26.7745859375,-0.7613191604614258,-0.14152252674102783,0.032206058502197266
1696958496570599400,26.784599365234374,0.899073600769043,-0.15715163946151733,0.42837536334991455
1696958496580613000,26.794613037109375,-0.063232421875,-0.06549841165542603,0.0768389105796814
1696958496590626800,26.804626708984376,-0.7557106018066406,-0.11969941854476929,-0.32705169916152954
1696958496600640300,26.81464013671875,-0.5048732757568359,-0.4425840377807617,0.2448524832725525
1696958496610654000,26.824654052734374,1.1311864852905273,-0.18060559034347534,0.33673179149627686
1696958496620667400,26.83466748046875,-1.2077808380126953,-0.03393816947937012,-0.22526580095291138
1696958496630680800,26.844680908203124,-0.7410135269165039,0.29797935485839844,0.27576690912246704
1696958496640694500,26.854694580078124,1.249563217163086,-0.033589184284210205,0.9665540456771851
1696958496650708000,26.8647080078125,-1.5059118270874023,-0.14521467685699463,0.17308086156845093
1696958496660721700,26.8747216796875,-0.11127853393554688,0.07794082164764404,0.05786055326461792
1696958496670735000,26.884735107421875,0.20481204986572266,0.022817373275756836,0.2033088207244873
1696958496680748500,26.89474853515625,-0.7556877136230469,-0.3253364562988281,0.45797842741012573
1696958496690762200,26.90476220703125,-0.954315185546875,-0.10986262559890747,0.07685482501983643
1696958496700775700,26.914775634765626,0.3960237503051758,-0.07438170909881592,0.03874540328979492
1696958496710789400,26.924789306640626,0.0946187973022461,0.07199257612228394,0.7580546736717224
1696958496720802800,26.934802734375,-0.3114147186279297,-0.14717727899551392,0.3734925389289856
1696958496730816300,26.944816162109376,-0.8121938705444336,-0.4052233099937439,0.5129522085189819
1696958496740830000,26.954829833984373,1.2738237380981445,0.1516510248184204,0.7932823300361633
1696958496750843400,26.964843505859374,-0.1625833511352539,-0.04282861948013306,0.45897990465164185
1696958496760857000,26.974857177734375,-0.1715555191040039,0.02236330509185791,0.39576560258865356
1696958496770870500,26.98487060546875,0.9808340072631836,-0.012497127056121826,0.9239226579666138
1696958496780884000,26.994884033203125,0.8209934234619141,-0.2846338748931885,0.23072773218154907
1696958496790897700,27.004897705078125,-2.0575308799743652,-0.09956568479537964,0.5225509405136108
1696958496800911000,27.0149111328125,1.856698989868164,-0.23765015602111816,0.7711045742034912
1696958496810924800,27.0249248046875,0.28986072540283203,-0.04187893867492676,0.449476420879364
1696958496820938200,27.034938232421876,-0.18842220306396484,-0.010175108909606934,0.19766724109649658
1696958496830951700,27.04495166015625,0.0033082962036132812,-0.33193475008010864,0.47048455476760864
1696958496840965400,27.05496533203125,0.9450778961181641,0.30690693855285645,0.7501750588417053
1696958496850978800,27.064978759765626,-1.0162849426269531,-0.3099198341369629,-0.029732704162597656
1696958496860992500,27.074992431640624,-1.5201568603515625,0.059638023376464844,0.3539779782295227
1696958496871006000,27.085005859375,2.268538475036621,-0.16688060760498047,0.49507033824920654
1696958496881019400,27.095019287109373,-1.9897270202636719,-0.11846017837524414,0.14176487922668457
1696958496891033000,27.105033203125,-0.1594839096069336,0.17206621170043945,0.14055979251861572
1696958496901046500,27.115046630859375,0.6822261810302734,-0.06568849086761475,0.313892662525177
1696958496911060000,27.12506005859375,-0.9011440277099609,-0.1469029188156128,0.21999233961105347
1696958496921073700,27.13507373046875,-0.1917562484741211,-0.26061201095581055,-0.042125046253204346
1696958496931087400,27.14508740234375,-0.8267097473144531,0.2847357988357544,0.2806965112686157
1696958496941100800,27.155100830078126,1.6171464920043945,-0.2685178518295288,0.4818444848060608
1696958496951114500,27.165114501953123,-1.3257980346679688,-0.4568127393722534,-0.16794300079345703
1696958496961128000,27.1751279296875,-0.09929752349853516,0.1838672161102295,0.07375329732894897
1696958496971141600,27.1851416015625,1.1624336242675781,-0.25182509422302246,0.2676023244857788
1696958496981155300,27.1951552734375,-0.21686458587646484,-0.3745182752609253,-0.0013884902000427246
1696958496991168800,27.205168701171875,-0.06357860565185547,0.000027179718017578125,-0.28199970722198486
1696958497001182500,27.215182373046876,0.02250385284423828,0.29890167713165283,0.5670230388641357
1696958497011196000,27.22519580078125,2.1868371963500977,-0.3119125962257385,-0.008138418197631836
1696958497021209600,27.235209716796874,-2.281869411468506,-0.1405925750732422,-0.23040103912353516
1696958497031223300,27.245223388671874,0.8533945083618164,-0.39622747898101807,-0.08685719966888428
1696958497041236700,27.25523681640625,0.6173086166381836,0.30498403310775757,0.34369808435440063
1696958497051250400,27.26525048828125,0.13285064697265625,-0.7200804948806763,-0.3226544260978699
1696958497061264000,27.275263916015625,-0.5939064025878906,-0.2165292501449585,-0.10645186901092529
1696958497071277600,27.285277587890626,1.5579233169555664,-0.36538779735565186,0.4745846390724182
1696958497081291300,27.295291259765627,1.2722196578979492,-0.1617376208305359,0.19325488805770874
1696958497091304700,27.3053046875,-0.9913702011108398,-0.42804092168807983,-0.253650963306427
1696958497101318400,27.315318359375,0.8413753509521484,-0.3643150329589844,0.12493616342544556
1696958497111332000,27.32533203125,1.341421127319336,-0.2937746047973633,0.3901442885398865
1696958497121345500,27.335345458984374,-0.46340465545654297,-0.309894323348999,-0.5467859506607056
1696958497131359200,27.345359130859375,-0.48122119903564453,-0.37525928020477295,0.13013756275177002
1696958497141372700,27.35537255859375,2.038797378540039,0.3592284321784973,0.6356965899467468
1696958497151386400,27.365386474609377,-1.1822519302368164,-0.6925750970840454,-0.28633350133895874
1696958497161400000,27.375400146484374,-0.6343269348144531,0.49124985933303833,0.11589604616165161
1696958497171413500,27.38541357421875,2.234786033630371,-0.2111411690711975,0.3144664168357849
1696958497181427200,27.39542724609375,-2.874135971069336,-0.5489391088485718,0.18146592378616333
1696958497191440600,27.405440673828124,1.4479799270629883,-0.28168100118637085,-0.39955854415893555
1696958497201454300,27.415454345703125,-1.4031200408935547,-0.02982652187347412,0.2836291193962097
1696958497211468000,27.425468017578126,1.2046480178833008,-0.04417848587036133,0.6673078536987305
1696958497221481500,27.4354814453125,-0.4371652603149414,-0.24742662906646729,-0.2372506856918335
1696958497231495200,27.4454951171875,-1.0860233306884766,0.01005488634109497,0.11205244064331055
1696958497241508600,27.455508544921877,1.3444137573242188,-0.4563249349594116,0.14916688203811646
1696958497251522300,27.465522216796874,-2.013455390930176,-0.03122997283935547,-0.2744573950767517
1696958497261536000,27.475535888671875,0.7059116363525391,-0.10079061985015869,0.04051089286804199
1696958497271549400,27.485549560546875,-0.09849071502685547,-0.447292685508728,0.29905933141708374
1696958497281563100,27.495563232421876,0.895665168762207,0.08122509717941284,0.0394594669342041
1696958497291576600,27.50557666015625,-0.6642169952392578,-0.37598228454589844,-0.041829705238342285
1696958497301590300,27.51559033203125,-0.24212265014648438,-0.037882208824157715,0.4197189211845398
1696958497311604000,27.52560400390625,1.512284278869629,-0.38889825344085693,-0.24129390716552734
1696958497321617400,27.535617431640624,-3.2793097496032715,-0.037676334381103516,-0.2124146819114685
1696958497331631000,27.545631103515625,2.3483028411865234,-0.562400221824646,-0.13900142908096313
1696958497341644500,27.55564453125,-0.3902931213378906,-0.024960041046142578,-0.3865150213241577
1696958497351658200,27.565658203125,-0.05947113037109375,-0.6044617891311646,-0.2579611539840698
1696958497361672000,27.575671875,-0.2117748260498047,-0.24016797542572021,-0.07013481855392456
1696958497371685400,27.585685302734376,0.4484672546386719,0.14829623699188232,0.3752690553665161
1696958497381699000,27.595698974609373,1.0499229431152344,-0.4352850914001465,-0.17408734560012817
1696958497391712500,27.60571240234375,-1.9486780166625977,-0.1879349946975708,-0.19566643238067627
1696958497401726200,27.615726318359375,2.1564884185791016,-0.3692209720611572,0.5754178166389465
1696958497411740000,27.625739990234376,0.7944068908691406,-0.2318885326385498,0.14632725715637207
1696958497421753300,27.63575341796875,-1.0186262130737305,-0.11407983303070068,-0.1735934615135193
1696958497431767000,27.64576708984375,0.5133228302001953,-0.4891568422317505,0.44049888849258423
1696958497441780500,27.655780517578126,1.6495428085327148,0.22076714038848877,0.6578065752983093
1696958497451794200,27.665794189453123,-0.2994089126586914,-0.4401881694793701,-0.23706191778182983
1696958497461807900,27.675807861328124,-0.4421119689941406,0.02386319637298584,0.037967026233673096
1696958497471821300,27.6858212890625,1.3034744262695312,-0.4304405450820923,0.5257679224014282
1696958497481835000,27.6958349609375,-0.4488391876220703,-0.3236957788467407,-0.593035101890564
1696958497491848400,27.705848388671875,-0.7486124038696289,-0.015607833862304688,-0.6607687473297119
1696958497501862100,27.715862060546876,1.0359563827514648,-0.6389718055725098,0.09244835376739502
1696958497511875800,27.725875732421876,0.020668983459472656,-0.2512437105178833,-0.0917975902557373
1696958497521889300,27.73588916015625,-0.6675386428833008,-0.12883281707763672,-0.9960384368896484
1696958497531903000,27.745903076171874,0.022634506225585938,-0.3271195888519287,-0.0957338809967041
1696958497541916400,27.75591650390625,2.3692216873168945,-0.018360376358032227,-0.14627277851104736
1696958497551930000,27.76593017578125,-1.1774072647094727,-0.33988499641418457,-0.894110918045044
1696958497561943800,27.77594384765625,-0.4146413803100586,-0.3274120092391968,-0.6890779733657837
1696958497571957200,27.785957275390626,2.7647886276245117,-0.1166762113571167,-0.16379785537719727
1696958497581971000,27.795970947265626,-1.2128667831420898,-0.46884071826934814,-0.6489708423614502
1696958497591984400,27.805984375,0.3909940719604492,-0.27147936820983887,-0.6888849139213562
1696958497601998000,27.815998046875,0.7202339172363281,-0.5719784498214722,-0.2226947546005249
1696958497612011800,27.82601171875,0.8381519317626953,0.04400634765625,-0.22741883993148804
1696958497622025200,27.836025146484374,-0.3584165573120117,-0.40088653564453125,-1.015945553779602
1696958497632039000,27.846038818359375,-0.0038061141967773438,-0.13251709938049316,-0.4405573010444641
1696958497642052400,27.85605224609375,1.1053533554077148,-0.25191545486450195,-0.28467273712158203
1696958497652066000,27.866066162109377,-1.936678409576416,-0.010560393333435059,-1.2611591815948486
1696958497662079700,27.876079833984374,-0.4168701171875,-0.20635437965393066,-0.8237480521202087
1696958497672093200,27.88609326171875,0.9179553985595703,-0.061322927474975586,-0.08644723892211914
1696958497682107000,27.89610693359375,-1.0340604782104492,-0.416949987411499,-0.9205356240272522
1696958497692120300,27.906120361328124,-1.0982866287231445,0.061434388160705566,-0.9856535792350769
1696958497702134000,27.916134033203125,0.6203365325927734,-0.16430294513702393,-0.1390710473060608
1696958497712147700,27.926147705078126,-0.4993896484375,-0.4433896541595459,-0.4853076934814453
1696958497722161200,27.9361611328125,-1.377577781677246,-0.1652977466583252,-0.993545413017273
1696958497732174800,27.9461748046875,0.8385896682739258,-0.1646672487258911,-0.2658746838569641
1696958497742188300,27.956188232421876,-0.3771934509277344,-0.052266716957092285,-0.12469714879989624
1696958497752202000,27.966201904296874,-0.5294818878173828,-0.6386748552322388,-0.7431648969650269
1696958497762215700,27.976215576171874,-0.8004684448242188,0.10224282741546631,-0.7211690545082092
1696958497772229000,27.98622900390625,0.7784147262573242,0.11280441284179688,-0.3555232584476471
1696958497782242800,27.996242919921876,-0.6858062744140625,-0.40052270889282227,-0.6876909732818604
1696958497792256300,28.00625634765625,-0.8180932998657227,-0.2402898073196411,-0.7716642618179321
1696958497802270000,28.01627001953125,0.1779041290283203,-0.18229126930236816,-0.24295586347579956
1696958497812283600,28.02628369140625,0.8177995681762695,-0.19144165515899658,-0.1651163101196289
1696958497822297000,28.036297119140624,-1.244034767150879,-0.444979190826416,-0.6835731863975525
1696958497832310800,28.046310791015625,-0.3284149169921875,-0.13097858428955078,-0.4998399019241333
1696958497842324200,28.05632421875,1.1347055435180664,0.1747368574142456,-0.12869656085968018
1696958497852338000,28.066337890625,-0.5886259078979492,-0.8153516054153442,-0.5806839466094971
1696958497862351600,28.0763515625,-0.4439582824707031,0.16761600971221924,-0.4830660820007324
1696958497872365000,28.086364990234376,1.8842706680297852,-0.23832440376281738,0.1086660623550415
1696958497882378800,28.096378662109377,-0.8060588836669922,-0.38358986377716064,-0.21964752674102783
1696958497892392200,28.10639208984375,0.6961593627929688,-0.2848622798919678,-0.25480329990386963
1696958497902406000,28.116406005859375,-0.18015384674072266,-0.27108681201934814,-0.007852613925933838
1696958497912419600,28.126419677734376,1.8700571060180664,-0.23594534397125244,-0.4233035445213318
1696958497922433000,28.13643310546875,-1.1163358688354492,-0.24331259727478027,-0.4607299566268921
1696958497932446700,28.14644677734375,0.6731967926025391,-0.15315508842468262,-0.5564607381820679
1696958497942460200,28.156460205078126,0.604771614074707,0.07378435134887695,0.03043842315673828
1696958497952473900,28.166473876953123,1.037942886352539,-0.5180371999740601,-0.6561580300331116
1696958497962487600,28.176487548828124,-1.9944214820861816,-0.12690865993499756,-0.8436408042907715
1696958497972501000,28.1865009765625,1.4033088684082031,-0.11799168586730957,-0.06404745578765869
