time,seconds_elapsed,z,y,x
1696958469934595600,0.148595703125,0.030758604407310486,0.00852186419069767,-0.006258244160562754
1696958469944611000,0.158611083984375,0.037150003015995026,0.0532616525888443,0.013981183059513569
1696958469954628900,0.16862890625,0.041410934180021286,-0.04047885537147522,0.010785484686493874
1696958469964648700,0.178648681640625,0.026497671380639076,0.02450035884976387,-0.016910573467612267
1696958469974669800,0.188669921875,0.025432437658309937,0.02450035884976387,0.03528584539890289
1696958469984692500,0.1986923828125,0.033954303711652756,0.009587096981704235,-0.011584409512579441
1696958469994716000,0.2087158203125,0.03288906812667847,-0.01917419396340847,0.031024912372231483
1696958470004739600,0.218739501953125,0.017975807189941406,0.012782796286046505,-0.005193010903894901
1696958470014763300,0.22876318359375,0.028628136962652206,0.02236989326775074,0.036351077258586884
1696958470024776700,0.238776611328125,0.031823836266994476,-0.02450035884976387,0.005459319334477186
1696958470034790100,0.2487900390625,0.019041040912270546,0.0010652330238372087,0.010785484686493874
1696958470044803600,0.258803466796875,0.020106272771954536,0.02663082629442215,0.018242115154862404
1696958470054817000,0.268817138671875,0.028628136962652206,0.01171756349503994,0.021437814459204674
1696958470064830500,0.27883056640625,0.023301972076296806,-0.012782796286046505,0.0011983871227130294
1696958470074844000,0.288843994140625,0.014780107885599136,0.03621792420744896,0.017176883295178413
1696958470084857300,0.298857421875,0.024367205798625946,0.03408745676279068,0.013981183059513569
1696958470094870800,0.308870849609375,0.026497671380639076,0.0053261648863554,0.005459319334477186
1696958470104884200,0.31888427734375,0.020106272771954536,0.00852186419069767,0.0033288532868027687
1696958470114897700,0.328897705078125,0.024367205798625946,0.01384802907705307,0.024633513763546944
1696958470124911000,0.3389111328125,0.03288906812667847,0.0010652330238372087,0.004394086077809334
1696958470134924500,0.348924560546875,0.028628136962652206,-0.02556559257209301,0.0033288532868027687
1696958470144938000,0.35893798828125,0.022236740216612816,0.009587096981704235,0.012915950268507004
1696958470154951400,0.368951416015625,0.03608476743102074,-0.01810896210372448,0.028894444927573204
1696958470164964900,0.37896484375,0.030758604407310486,-0.02450035884976387,-0.030758604407310486
1696958470174978300,0.388978271484375,0.027562905102968216,-0.0010652330238372087,0.043807707726955414
1696958470184991700,0.39899169921875,0.030758604407310486,-0.03089175745844841,-0.011584409512579441
1696958470195005200,0.409005126953125,0.035019535571336746,0.01491326279938221,0.026763979345560074
1696958470205018600,0.4190185546875,0.024367205798625946,-0.03089175745844841,-0.012649642303586006
1696958470215032000,0.429031982421875,0.026497671380639076,0.03302222490310669,0.031024912372231483
1696958470225045500,0.43904541015625,0.037150003015995026,-0.004260932095348835,0.034220609813928604
1696958470235059000,0.449058837890625,0.021171506494283676,0.03834838792681694,-0.019041040912270546
1696958470245072400,0.459072265625,0.020106272771954536,0.0639139786362648,0.07469946891069412
1696958470255085800,0.4690859375,0.029693370684981346,0.04580501839518547,0.021437814459204674
1696958470265099300,0.479099365234375,0.017975807189941406,0.11611039936542511,0.033155377954244614
1696958470275112700,0.48911279296875,0.012649642303586006,0.03621792420744896,0.048068638890981674
1696958470285126100,0.499126220703125,0.03288906812667847,0.02450035884976387,0.051264338195323944
1696958470295139600,0.5091396484375,0.022236740216612816,0.06710968166589737,0.020372580736875534
1696958470305153000,0.519153076171875,0.015845341607928276,0.01491326279938221,0.040612008422613144
1696958470315166500,0.52916650390625,0.030758604407310486,-0.04793548583984375,0.03954677656292915
1696958470325180000,0.539179931640625,0.035019535571336746,0.0031956990715116262,0.025698747485876083
1696958470335193300,0.549193359375,0.017975807189941406,-0.03089175745844841,0.010785484686493874
1696958470345206800,0.559206787109375,0.012649642303586006,0.012782796286046505,0.040612008422613144
1696958470355220000,0.569219970703125,0.022236740216612816,0.0159784946590662,0.044872939586639404
1696958470365233400,0.5792333984375,0.017975807189941406,-0.05539211630821228,-0.029693370684981346
1696958470375246800,0.589246826171875,0.007323476951569319,0.03834838792681694,0.07576470077037811
1696958470385260300,0.59926025390625,0.009453942999243736,0.0053261648863554,-0.0030625448562204838
1696958470395273700,0.609273681640625,0.008388710208237171,0.004260932095348835,-0.009453942999243736
1696958470405287200,0.619287109375,0.0030625448562204838,0.004260932095348835,0.058720968663692474
1696958470415300600,0.629300537109375,0.006258244160562754,-0.0053261648863554,-0.025432437658309937
1696958470425314000,0.63931396484375,0.004127778112888336,0.007456631399691105,0.028894444927573204
1696958470435327500,0.649327392578125,-0.00226362026296556,-0.0319569893181324,-0.014780107885599136
1696958470445341000,0.6593408203125,0.005193010903894901,-0.0031956990715116262,0.029959678649902344
1696958470455354400,0.669354248046875,0.007323476951569319,-0.03621792420744896,-0.005193010903894901
1696958470465367800,0.679367919921875,-0.005459319334477186,-0.01384802907705307,-0.012649642303586006
1696958470475381200,0.68938134765625,-0.0011983871227130294,-0.01491326279938221,0.024633513763546944
1696958470485394700,0.699394775390625,0.0030625448562204838,0.0031956990715116262,0.011850717477500439
1696958470495408000,0.709408203125,-0.005459319334477186,-0.03302222490310669,-0.028628136962652206
1696958470505421600,0.719421630859375,-0.005459319334477186,0.00852186419069767,0.021437814459204674
1696958470515435000,0.72943505859375,0.0009320789249613881,-0.0106523297727108,0.024633513763546944
1696958470525448400,0.739448486328125,-0.011850717477500439,0.0053261648863554,-0.047802332788705826
1696958470535462000,0.7494619140625,-0.009720250964164734,0.00852186419069767,0.050199106335639954
1696958470545475300,0.759475341796875,-0.008655018173158169,-0.009587096981704235,-0.029693370684981346
1696958470555488800,0.76948876953125,-0.009720250964164734,0.04367455467581749,-0.0009320789249613881
1696958470565502200,0.779502197265625,-0.011850717477500439,-0.0426093190908432,-0.0009320789249613881
1696958470575515600,0.789515625,-0.008655018173158169,0.0053261648863554,-0.015845341607928276
1696958470585529000,0.799529052734375,-0.012915950268507004,0.02023942768573761,0.013981183059513569
1696958470595542500,0.80954248046875,-0.018242115154862404,-0.01171756349503994,-0.047802332788705826
1696958470605556000,0.819555908203125,-0.016111649572849274,0.009587096981704235,0.044872939586639404
1696958470615569400,0.8295693359375,-0.016111649572849274,-0.01917419396340847,-0.048867564648389816
1696958470625582800,0.839582763671875,-0.022503048181533813,0.02982652559876442,0.008655018173158169
1696958470635596300,0.84959619140625,-0.024633513763546944,-0.03302222490310669,-0.009453942999243736
1696958470645609700,0.859609619140625,-0.019307348877191544,0.0063913981430232525,-0.001997311832383275
1696958470655623200,0.869623046875,-0.027829213067889214,-0.012782796286046505,-0.008388710208237171
1696958470665636900,0.879636962890625,-0.03528584539890289,0,-0.019041040912270546
1696958470675650300,0.889650390625,-0.022503048181533813,-0.0213046595454216,0.040612008422613144
1696958470685663700,0.899663818359375,-0.037416309118270874,-0.0159784946590662,-0.0723026916384697
1696958470695677200,0.90967724609375,-0.03848154470324516,0.0319569893181324,0.06511236727237701
1696958470705690600,0.919690673828125,-0.023568280041217804,-0.10119713842868805,-0.040345702320337296
1696958470715704300,0.929704345703125,-0.044872939586639404,0.07563154399394989,0.004394086077809334
1696958470725717800,0.9397177734375,-0.04274247586727142,-0.03515268862247467,0.028894444927573204
1696958470735731200,0.949731201171875,-0.047003407031297684,-0.00852186419069767,-0.043541401624679565
1696958470745744600,0.95974462890625,-0.044872939586639404,0.05965305119752884,0.0778951644897461
1696958470755758000,0.969758056640625,-0.05232957378029823,-0.03089175745844841,-0.07336792349815369
1696958470765771800,0.979771728515625,-0.054460037499666214,0.0639139786362648,0.051264338195323944
1696958470775785200,0.98978515625,-0.051264338195323944,-0.0031956990715116262,-0.005193010903894901
1696958470785798700,0.999798583984375,-0.0555252730846405,0.05219641700387001,-0.03928046673536301
1696958470795812000,1.00981201171875,-0.053394805639982224,-0.0031956990715116262,0.041677240282297134
1696958470805825500,1.019825439453125,-0.05232957378029823,0.007456631399691105,-0.041410934180021286
1696958470815839200,1.029839111328125,-0.047003407031297684,0.0159784946590662,0.012915950268507004
1696958470825852700,1.039852783203125,-0.053394805639982224,-0.02663082629442215,-0.03928046673536301
1696958470835866000,1.0498662109375,-0.04913387447595596,-0.0010652330238372087,0.013981183059513569
1696958470845879600,1.059879638671875,-0.041677240282297134,-0.0213046595454216,-0.037150003015995026
1696958470855893000,1.06989306640625,-0.044872939586639404,-0.02236989326775074,-0.008388710208237171
1696958470865906400,1.079906494140625,-0.054460037499666214,-0.02450035884976387,-0.038215234875679016
1696958470875920100,1.089920166015625,-0.040612008422613144,0.0106523297727108,0.010785484686493874
1696958470885933600,1.09993359375,-0.041677240282297134,-0.05858781561255455,-0.054193731397390366
1696958470895947000,1.109947021484375,-0.04913387447595596,-0.009587096981704235,-0.015845341607928276
1696958470905960400,1.11996044921875,-0.04593817517161369,-0.012782796286046505,-0.007323476951569319
1696958470915974000,1.129973876953125,-0.041677240282297134,-0.02663082629442215,-0.041410934180021286
1696958470925987600,1.139987548828125,-0.048068638890981674,-0.02343512699007988,-0.024367205798625946
1696958470936001000,1.1500009765625,-0.05232957378029823,-0.02236989326775074,-0.017975807189941406
1696958470946014500,1.160014404296875,-0.043807707726955414,-0.0021304660476744175,-0.025432437658309937
1696958470956028000,1.17002783203125,-0.044872939586639404,-0.06497921794652939,-0.028628136962652206
1696958470966041300,1.180041259765625,-0.0555252730846405,-0.01704372838139534,-0.035019535571336746
1696958470976055000,1.190054931640625,-0.044872939586639404,-0.03089175745844841,0.0033288532868027687
1696958470986068500,1.200068359375,-0.050199106335639954,-0.05113118514418602,-0.06484606117010117
1696958470996082000,1.21008203125,-0.05232957378029823,-0.0319569893181324,-0.0009320789249613881
1696958471006095400,1.220095458984375,-0.0555252730846405,-0.06071828305721283,-0.043541401624679565
1696958471016108800,1.23010888671875,-0.048068638890981674,-0.02236989326775074,-0.028628136962652206
1696958471026122500,1.24012255859375,-0.047003407031297684,-0.09800143539905548,-0.03288906812667847
1696958471036136000,1.250135986328125,-0.0555252730846405,-0.08202294260263443,-0.047802332788705826
1696958471046149400,1.2601494140625,-0.048068638890981674,-0.03621792420744896,-0.030758604407310486
1696958471056162800,1.270162841796875,-0.05232957378029823,-0.1171756312251091,-0.048867564648389816
1696958471066176300,1.28017626953125,-0.040612008422613144,-0.1928071826696396,-0.07975932210683823
1696958471076190000,1.29018994140625,-0.04593817517161369,-0.16191542148590088,-0.07017222791910172
1696958471086203400,1.300203369140625,-0.036351077258586884,-0.14061075448989868,-0.09573781490325928
1696958471096216800,1.310216796875,-0.034220609813928604,-0.2236989289522171,-0.07336792349815369
1696958471106230300,1.320230224609375,-0.03954677656292915,-0.13208889961242676,-0.06591129302978516
1696958471116243700,1.33024365234375,-0.03848154470324516,-0.12250179797410965,-0.033954303711652756
1696958471126257400,1.34025732421875,-0.024633513763546944,-0.15658925473690033,-0.11278154700994492
1696958471136270800,1.350270751953125,-0.060851436108350754,-0.0053261648863554,-0.07656362652778625
1696958471146284300,1.3602841796875,-0.06298190355300903,-0.04900071769952774,-0.047802332788705826
1696958471156297700,1.370297607421875,-0.04593817517161369,-0.03408745676279068,-0.033954303711652756
1696958471166311200,1.380311279296875,-0.050199106335639954,-0.02556559257209301,-0.017975807189941406
1696958471176324600,1.39032470703125,-0.066177599132061,0.02343512699007988,-0.04993279650807381
1696958471186338300,1.40033837890625,-0.05978620424866676,0.009587096981704235,-0.025432437658309937
1696958471196351700,1.410351806640625,-0.04913387447595596,0.01384802907705307,-0.038215234875679016
1696958471206365200,1.420365234375,-0.057655736804008484,-0.05965305119752884,-0.015845341607928276
1696958471216378600,1.430378662109375,-0.06298190355300903,0.05006595328450203,-0.019041040912270546
1696958471226392000,1.44039208984375,-0.04274247586727142,-0.02450035884976387,0.050199106335639954
1696958471236405800,1.45040576171875,-0.051264338195323944,-0.03621792420744896,-0.05312849581241608
1696958471246419200,1.460419189453125,-0.067242830991745,0.05432688444852829,0.05659050494432449
1696958471256432600,1.4704326171875,-0.05978620424866676,-0.01917419396340847,-0.006258244160562754
1696958471266446000,1.480446044921875,-0.04913387447595596,0.00852186419069767,0.067242830991745
1696958471276459500,1.49045947265625,-0.058720968663692474,0.0213046595454216,0.016111649572849274
1696958471286473000,1.500472900390625,-0.06937330216169357,0.07030537724494934,0.0555252730846405
1696958471296486400,1.510486328125,-0.05659050494432449,0.07563154399394989,0.04274247586727142
1696958471306499800,1.520499755859375,-0.054460037499666214,0.03941362351179123,0.09174319356679916
1696958471316513300,1.53051318359375,-0.07150376588106155,0.10332760214805603,0.016111649572849274
1696958471326526700,1.540526611328125,-0.0768299326300621,0.18854624032974243,0.13754820823669434
1696958471336540200,1.5505400390625,-0.066177599132061,0.08628387749195099,0.050199106335639954
1696958471346553600,1.5605537109375,-0.08002562820911407,0.1693720519542694,0.08854749798774719
1696958471356567000,1.570567138671875,-0.08322133123874664,0.17895914614200592,0.11304785311222076
1696958471366580500,1.58058056640625,-0.08215609937906265,0.15658925473690033,0.06830807030200958
1696958471376594000,1.590593994140625,-0.06511236727237701,0.1384802907705307,0.14393961429595947
1696958471386607400,1.600607421875,-0.06830807030200958,0.0532616525888443,0.0778951644897461
1696958471396620800,1.610620849609375,-0.09280842542648315,0.2450035959482193,0.09706936031579971
1696958471406634200,1.62063427734375,-0.09067796170711517,0.09374050796031952,0.1620485782623291
1696958471416647700,1.630647705078125,-0.06937330216169357,-0.01810896210372448,0.016111649572849274
1696958471426661000,1.6406611328125,-0.07043853402137756,0.1384802907705307,0.13222205638885498
1696958471436674600,1.650674560546875,-0.0778951644897461,0.07989247888326645,0.067242830991745
1696958471446688000,1.66068798828125,-0.047003407031297684,-0.004260932095348835,0.09493889659643173
1696958471456701400,1.670701416015625,-0.053394805639982224,-0.01384802907705307,0.07043853402137756
1696958471466715000,1.68071484375,-0.06937330216169357,0.09800143539905548,0.08854749798774719
1696958471476728300,1.690728271484375,-0.0555252730846405,0.0021304660476744175,0.0778951644897461
1696958471486741800,1.70074169921875,-0.057655736804008484,-0.0021304660476744175,0.026763979345560074
1696958471496755200,1.710755126953125,-0.06511236727237701,0.07882724702358246,0.08961272984743118
1696958471506768600,1.7207685546875,-0.058720968663692474,0.03089175745844841,0.03848154470324516
1696958471516782000,1.730781982421875,-0.05232957378029823,0.004260932095348835,0.07363422960042953
1696958471526795500,1.74079541015625,-0.05659050494432449,0.01384802907705307,0.04274247586727142
1696958471536809000,1.75080908203125,-0.058720968663692474,0.05752258375287056,0.0778951644897461
1696958471546822400,1.760822509765625,-0.05232957378029823,-0.04367455467581749,0.013981183059513569
1696958471556835800,1.7708359375,-0.0555252730846405,0.04793548583984375,0.06298190355300903
1696958471566849300,1.780849365234375,-0.051264338195323944,-0.02236989326775074,0.029959678649902344
1696958471576862700,1.79086279296875,-0.053394805639982224,-0.02982652559876442,0.044872939586639404
1696958471586876200,1.800876220703125,-0.051264338195323944,0.007456631399691105,0.04274247586727142
1696958471596889600,1.8108896484375,-0.044872939586639404,-0.05645735189318657,0.053394805639982224
1696958471606903000,1.820903076171875,-0.0555252730846405,-0.04687025398015976,0.00226362026296556
1696958471616916500,1.83091650390625,-0.051264338195323944,-0.03941362351179123,0.061916667968034744
1696958471626930000,1.840929931640625,-0.053394805639982224,-0.04687025398015976,-0.004127778112888336
1696958471636943400,1.850943359375,-0.053394805639982224,-0.05432688444852829,0.066177599132061
1696958471646956800,1.860956787109375,-0.061916667968034744,-0.02876129187643528,0.017176883295178413
1696958471656970500,1.870970458984375,-0.05659050494432449,-0.06604444980621338,0.0778951644897461
1696958471666984000,1.88098388671875,-0.061916667968034744,-0.06604444980621338,0.013981183059513569
1696958471676997400,1.890997314453125,-0.061916667968034744,-0.10332760214805603,0.11198262125253677
1696958471687010800,1.9010107421875,-0.0555252730846405,-0.23754696547985077,0.047003407031297684
1696958471697024300,1.911024169921875,-0.040612008422613144,-0.2684387266635895,0.13648298382759094
1696958471707038000,1.921037841796875,-0.054460037499666214,-0.20985090732574463,0.031024912372231483
1696958471717051400,1.931051513671875,-0.066177599132061,-0.08734910935163498,0.12156971544027328
1696958471727064800,1.94106494140625,-0.048068638890981674,-0.20985090732574463,0.06937330216169357
1696958471737078300,1.951078369140625,-0.03848154470324516,-0.2236989289522171,0.051264338195323944
1696958471747091700,1.961091796875,-0.06404713541269302,0.009587096981704235,0.051264338195323944
1696958471757105400,1.97110546875,-0.048068638890981674,-0.11824086308479309,0.1311568170785904
1696958471767118800,1.981118896484375,-0.054460037499666214,-0.17576344311237335,-0.058454662561416626
1696958471777132300,1.99113232421875,-0.05659050494432449,0.0021304660476744175,0.10559122264385223
1696958471787145700,2.001145751953125,-0.05232957378029823,-0.09800143539905548,-0.022236740216612816
1696958471797159200,2.0111591796875,-0.041677240282297134,-0.04047885537147522,0.047003407031297684
1696958471807172900,2.0211728515625,-0.037416309118270874,-0.08202294260263443,0.015046416781842709
1696958471817186300,2.031186279296875,-0.03848154470324516,-0.06497921794652939,-0.015845341607928276
1696958471827199700,2.04119970703125,-0.027829213067889214,-0.06497921794652939,0.013981183059513569
1696958471837213200,2.051213134765625,-0.020372580736875534,-0.10865376889705658,-0.005193010903894901
1696958471847226600,2.0612265625,-0.028894444927573204,-0.04154408723115921,-0.052063263952732086
1696958471857240300,2.071240234375,-0.027829213067889214,-0.04154408723115921,0.0001331541279796511
1696958471867253800,2.081253662109375,-0.022503048181533813,-0.00852186419069767,-0.035019535571336746
1696958471877267200,2.09126708984375,-0.026763979345560074,-0.02450035884976387,-0.06910699605941772
1696958471887280600,2.10128076171875,-0.033155377954244614,0.04367455467581749,-0.035019535571336746
1696958471897294000,2.111294189453125,-0.022503048181533813,-0.007456631399691105,-0.054193731397390366
1696958471907307500,2.1213076171875,-0.024633513763546944,0.0745663121342659,-0.08508548885583878
1696958471917321200,2.1313212890625,-0.03528584539890289,0.07243584841489792,-0.060585130006074905
1696958471927334700,2.141334716796875,-0.040612008422613144,0.10865376889705658,-0.10958584398031235
1696958471937348000,2.15134814453125,-0.036351077258586884,0.1374150663614273,-0.07656362652778625
1696958471947361500,2.161361572265625,-0.044872939586639404,0.1491326242685318,-0.13834713399410248
1696958471957375000,2.171375,-0.051264338195323944,0.1693720519542694,-0.07549838721752167
1696958471967388700,2.181388671875,-0.03528584539890289,0.14700216054916382,-0.12449911236763
1696958471977402000,2.191402099609375,-0.036351077258586884,0.11930610239505768,-0.12449911236763
1696958471987415600,2.20141552734375,-0.0555252730846405,0.13528458774089813,-0.12876003980636597
1696958471997429000,2.211428955078125,-0.043807707726955414,0.1384802907705307,-0.07869409024715424
1696958472007442400,2.2214423828125,-0.03954677656292915,0.10013190656900406,-0.14154283702373505
1696958472017456000,2.2314560546875,-0.05232957378029823,0.13208889961242676,-0.12449911236763
1696958472027469600,2.241469482421875,-0.053394805639982224,0.09693620353937149,-0.08721595257520676
1696958472037483000,2.25148291015625,-0.04274247586727142,0.07030537724494934,-0.10745538026094437
1696958472047496400,2.261496337890625,-0.04593817517161369,0.05113118514418602,-0.09680305421352386
1696958472057510000,2.271510009765625,-0.057655736804008484,0.09800143539905548,-0.08828118443489075
1696958472067523600,2.281523681640625,-0.047003407031297684,0.02769605815410614,-0.061650361865758896
1696958472077537000,2.291537109375,-0.053394805639982224,0.05752258375287056,-0.10639014840126038
1696958472087550500,2.301550537109375,-0.057655736804008484,0.09374050796031952,-0.06591129302978516
1696958472097564000,2.31156396484375,-0.0555252730846405,0.05858781561255455,-0.040345702320337296
1696958472107577300,2.321577392578125,-0.054460037499666214,0.04047885537147522,-0.05632419511675835
1696958472117591000,2.331591064453125,-0.05659050494432449,0.1288931965827942,-0.05632419511675835
1696958472127604500,2.3416044921875,-0.060851436108350754,0.07563154399394989,-0.008388710208237171
1696958472137618000,2.351617919921875,-0.048068638890981674,0.0213046595454216,-0.04993279650807381
1696958472147631400,2.36163134765625,-0.05232957378029823,0.10226237028837204,-0.021171506494283676
1696958472157644800,2.371644775390625,-0.047003407031297684,0.05965305119752884,-0.021171506494283676
1696958472167658500,2.381658447265625,-0.037416309118270874,0.02450035884976387,0.0001331541279796511
1696958472177672000,2.391671875,-0.028894444927573204,0.007456631399691105,-0.022236740216612816
1696958472187685400,2.401685302734375,-0.033155377954244614,0.03621792420744896,-0.029693370684981346
1696958472197698800,2.41169873046875,-0.020372580736875534,-0.009587096981704235,0.03954677656292915
1696958472207712300,2.421712158203125,-0.019307348877191544,-0.01917419396340847,-0.041410934180021286
1696958472217725700,2.4317255859375,-0.011850717477500439,0.02982652559876442,0.026763979345560074
1696958472227739400,2.441739501953125,-0.017176883295178413,-0.01704372838139534,0.0001331541279796511
1696958472237752800,2.4517529296875,-0.006524552125483751,-0.0063913981430232525,0.006524552125483751
1696958472247766300,2.461766357421875,-0.004394086077809334,0.012782796286046505,0.028894444927573204
1696958472257779700,2.47177978515625,-0.011850717477500439,0.004260932095348835,0.0033288532868027687
1696958472267793200,2.481793212890625,-0.009720250964164734,0.07137060910463333,0.03209014609456062
1696958472277806800,2.491806884765625,0.0030625448562204838,0.02769605815410614,0.04274247586727142
1696958472287820300,2.5018203125,-0.010785484686493874,0.07030537724494934,-0.026497671380639076
1696958472297833700,2.511833740234375,-0.006524552125483751,0.06710968166589737,0.07043853402137756
1696958472307847200,2.52184716796875,0.006258244160562754,0.03408745676279068,0.011850717477500439
1696958472317860600,2.531860595703125,0.0030625448562204838,0.01917419396340847,0.025698747485876083
1696958472327874300,2.541874267578125,-0.0011983871227130294,0.0063913981430232525,0.044872939586639404
1696958472337887700,2.5518876953125,0.011584409512579441,-0.01917419396340847,0.019307348877191544
1696958472347901200,2.561901123046875,0.013714875094592571,-0.0063913981430232525,0.029959678649902344
1696958472357914600,2.57191455078125,0.005193010903894901,-0.05006595328450203,0.025698747485876083
1696958472367928000,2.581927978515625,0.008388710208237171,-0.02450035884976387,0.018242115154862404
1696958472377941800,2.591941650390625,0.015845341607928276,-0.0010652330238372087,0.050199106335639954
1696958472387955200,2.601955078125,0.006258244160562754,-0.04580501839518547,-0.03608476743102074
1696958472397968600,2.61196875,0.004127778112888336,0.01704372838139534,0.06511236727237701
1696958472407982000,2.621982177734375,0.009453942999243736,-0.03621792420744896,-0.007323476951569319
1696958472417995500,2.63199560546875,0.009453942999243736,0.0021304660476744175,0.0001331541279796511
1696958472428009200,2.64200927734375,0.001997311832383275,-0.02556559257209301,0.015046416781842709
1696958472438022700,2.652022705078125,0.008388710208237171,-0.0010652330238372087,0.006524552125483751
1696958472448036000,2.6620361328125,0.009453942999243736,-0.03834838792681694,0.010785484686493874
1696958472458049500,2.672049560546875,0.001997311832383275,-0.01171756349503994,-0.037150003015995026
1696958472468063000,2.68206298828125,0.012649642303586006,-0.0010652330238372087,0.067242830991745
1696958472478076700,2.69207666015625,0.010519175790250301,-0.06178351491689682,-0.05632419511675835
1696958472488090000,2.702090087890625,0.008388710208237171,0.007456631399691105,0.015046416781842709
1696958472498103600,2.712103515625,0.023301972076296806,-0.0745663121342659,0.017176883295178413
1696958472508117000,2.722116943359375,0.023301972076296806,-0.02982652559876442,-0.031823836266994476
1696958472518130400,2.73213037109375,0.012649642303586006,-0.01917419396340847,0.006524552125483751
1696958472528144000,2.742143798828125,0.022236740216612816,-0.03834838792681694,0.0011983871227130294
1696958472538157600,2.752157470703125,0.029693370684981346,-0.00852186419069767,-0.0030625448562204838
1696958472548171000,2.7621708984375,0.019041040912270546,0.02982652559876442,-0.030758604407310486
1696958472558184400,2.772184326171875,0.027562905102968216,-0.06710968166589737,0.029959678649902344
1696958472568198000,2.782197998046875,0.03288906812667847,-0.007456631399691105,-0.022236740216612816
1696958472578211300,2.79221142578125,0.020106272771954536,-0.01810896210372448,-0.0009320789249613881
1696958472588225000,2.80222509765625,0.03928046673536301,-0.05006595328450203,0.004394086077809334
1696958472598238500,2.812238525390625,0.035019535571336746,-0.0319569893181324,0.026763979345560074
1696958472608252000,2.822251953125,0.026497671380639076,-0.04580501839518547,-0.05632419511675835
1696958472618265300,2.832265380859375,0.048867564648389816,-0.02663082629442215,0.0991998240351677
1696958472628278800,2.84227880859375,0.03288906812667847,-0.03089175745844841,-0.07975932210683823
1696958472638292500,2.85229248046875,0.035019535571336746,-0.01810896210372448,0.07150376588106155
1696958472648306000,2.862305908203125,0.040345702320337296,-0.06178351491689682,-0.026497671380639076
1696958472658319400,2.8723193359375,0.033954303711652756,0.05432688444852829,0.018242115154862404
1696958472668332800,2.882332763671875,0.040345702320337296,-0.06924014538526535,0.023568280041217804
1696958472678346200,2.89234619140625,0.03288906812667847,0.004260932095348835,0.00226362026296556
1696958472688360000,2.90235986328125,0.041410934180021286,-0.03302222490310669,0.026763979345560074
1696958472698373400,2.912373291015625,0.027562905102968216,0.03408745676279068,-0.004127778112888336
1696958472708386800,2.92238671875,0.044606633484363556,-0.05752258375287056,0.08109086751937866
1696958472718400300,2.932400146484375,0.026497671380639076,-0.0053261648863554,-0.08828118443489075
1696958472728413700,2.94241357421875,0.033954303711652756,0.0426093190908432,0.12476541846990585
1696958472738427400,2.952427490234375,0.028628136962652206,-0.04473978653550148,-0.07869409024715424
1696958472748440800,2.96244091796875,0.03928046673536301,0.01917419396340847,0.08109086751937866
1696958472758454300,2.972454345703125,0.033954303711652756,-0.05006595328450203,-0.040345702320337296
1696958472768467700,2.9824677734375,0.038215234875679016,0.02769605815410614,0.047003407031297684
1696958472778481200,2.992481201171875,0.035019535571336746,-0.01704372838139534,-0.014780107885599136
1696958472788494800,3.002494873046875,0.035019535571336746,0.0053261648863554,0.022503048181533813
1696958472798508300,3.01250830078125,0.041410934180021286,-0.01810896210372448,0.018242115154862404
1696958472808521700,3.022521728515625,0.03288906812667847,0.03515268862247467,-0.031823836266994476
1696958472818535200,3.03253515625,0.041410934180021286,0.02876129187643528,0.08002562820911407
1696958472828548600,3.042548583984375,0.033954303711652756,-0.01704372838139534,-0.041410934180021286
1696958472838562300,3.052562255859375,0.03288906812667847,0.07882724702358246,0.03848154470324516
1696958472848575700,3.06257568359375,0.033954303711652756,-0.0010652330238372087,0.008655018173158169
1696958472858589200,3.072589111328125,0.03288906812667847,0.0639139786362648,-0.007323476951569319
1696958472868602600,3.0826025390625,0.031823836266994476,0.05432688444852829,0.029959678649902344
1696958472878616000,3.092615966796875,0.037150003015995026,-0.0031956990715116262,-0.023301972076296806
1696958472888629500,3.10262939453125,0.037150003015995026,0.06817491352558136,0.033155377954244614
1696958472898643200,3.112643310546875,0.03608476743102074,-0.0010652330238372087,-0.019041040912270546
1696958472908656600,3.12265673828125,0.03608476743102074,0.04047885537147522,0.008655018173158169
1696958472918670000,3.132670166015625,0.038215234875679016,0.02023942768573761,0.0033288532868027687
1696958472928683500,3.14268359375,0.035019535571336746,0.06924014538526535,-0.010519175790250301
1696958472938697000,3.152697021484375,0.043541401624679565,-0.0106523297727108,0.0011983871227130294
1696958472948710700,3.162710693359375,0.03608476743102074,0.01384802907705307,-0.019041040912270546
1696958472958724000,3.17272412109375,0.044606633484363556,-0.0010652330238372087,0.027829213067889214
1696958472968737500,3.182737548828125,0.03928046673536301,-0.0021304660476744175,-0.038215234875679016
1696958472978751000,3.1927509765625,0.040345702320337296,0.0021304660476744175,0.019307348877191544
1696958472988764400,3.202764404296875,0.037150003015995026,-0.01171756349503994,-0.019041040912270546
1696958472998778000,3.212778076171875,0.043541401624679565,-0.02236989326775074,0.005459319334477186
1696958473008791600,3.22279150390625,0.035019535571336746,-0.0063913981430232525,-0.007323476951569319
1696958473018805000,3.232804931640625,0.03608476743102074,-0.00852186419069767,0.0011983871227130294
1696958473028818400,3.242818359375,0.03288906812667847,-0.0021304660476744175,-0.004127778112888336
1696958473038831900,3.252831787109375,0.038215234875679016,-0.0053261648863554,0.0001331541279796511
1696958473048845600,3.262845458984375,0.033954303711652756,0.0021304660476744175,0.016111649572849274
1696958473058859000,3.27285888671875,0.037150003015995026,-0.03941362351179123,-0.005193010903894901
1696958473068872400,3.28287255859375,0.03608476743102074,-0.0010652330238372087,0.009720250964164734
1696958473078886000,3.292885986328125,0.042476166039705276,-0.02343512699007988,0.027829213067889214
1696958473088899300,3.3028994140625,0.03608476743102074,-0.04154408723115921,-0.016910573467612267
1696958473098913000,3.3129130859375,0.044606633484363556,-0.01384802907705307,0.047003407031297684
1696958473108926500,3.322926513671875,0.042476166039705276,-0.06710968166589737,-0.0009320789249613881
1696958473118940000,3.33293994140625,0.043541401624679565,-0.004260932095348835,0.023568280041217804
1696958473128953300,3.342953369140625,0.040345702320337296,-0.02343512699007988,0.025698747485876083
1696958473138966800,3.352966796875,0.040345702320337296,-0.02982652559876442,0.009720250964164734
1696958473148980500,3.36298046875,0.040345702320337296,0.007456631399691105,0.028894444927573204
1696958473158994000,3.372993896484375,0.042476166039705276,-0.04793548583984375,0.020372580736875534
1696958473169007400,3.38300732421875,0.037150003015995026,0.01810896210372448,-0.006258244160562754
1696958473179020800,3.393020751953125,0.040345702320337296,0,0.054460037499666214
1696958473189034200,3.4030341796875,0.038215234875679016,-0.02769605815410614,-0.024367205798625946
1696958473199047700,3.413047607421875,0.04673709720373154,0.0106523297727108,0.0555252730846405
1696958473209061000,3.42306103515625,0.03608476743102074,-0.02023942768573761,-0.017975807189941406
1696958473219074600,3.433074462890625,0.045671865344047546,0.02236989326775074,0.033155377954244614
1696958473229088000,3.443087890625,0.041410934180021286,-0.0319569893181324,0.004394086077809334
1696958473239101400,3.453101318359375,0.042476166039705276,0.04793548583984375,0.0011983871227130294
1696958473249115000,3.463114990234375,0.038215234875679016,0.0053261648863554,0.03528584539890289
1696958473259128300,3.47312841796875,0.038215234875679016,0.01384802907705307,-0.025432437658309937
1696958473269141800,3.483141845703125,0.037150003015995026,0.04154408723115921,0.037416309118270874
1696958473279155200,3.4931552734375,0.042476166039705276,-0.0031956990715116262,-0.022236740216612816
1696958473289168600,3.503168701171875,0.03288906812667847,0.0319569893181324,0.013981183059513569
1696958473299182000,3.51318212890625,0.03928046673536301,0.007456631399691105,-0.005193010903894901
1696958473309195500,3.523195556640625,0.03608476743102074,0.02556559257209301,-0.010519175790250301
1696958473319209000,3.533208984375,0.044606633484363556,-0.02450035884976387,0.016111649572849274
1696958473329222400,3.543222412109375,0.030758604407310486,0.009587096981704235,-0.026497671380639076
1696958473339235800,3.55323583984375,0.043541401624679565,-0.0106523297727108,0.011850717477500439
1696958473349249300,3.563249267578125,0.038215234875679016,0,-0.008388710208237171
1696958473359262700,3.5732626953125,0.042476166039705276,-0.0010652330238372087,0.0001331541279796511
1696958473369276200,3.583276123046875,0.033954303711652756,-0.0021304660476744175,-0.0030625448562204838
1696958473379289600,3.59328955078125,0.044606633484363556,0.0010652330238372087,0.005459319334477186
1696958473389303000,3.603302978515625,0.037150003015995026,-0.01491326279938221,-0.015845341607928276
1696958473399316500,3.61331640625,0.040345702320337296,0.0053261648863554,0.020372580736875534
1696958473409330000,3.623329833984375,0.037150003015995026,0.0010652330238372087,-0.023301972076296806
1696958473419343400,3.63334326171875,0.044606633484363556,0.0010652330238372087,0.011850717477500439
1696958473429356800,3.643356689453125,0.038215234875679016,0,-0.0030625448562204838
1696958473439370200,3.653370361328125,0.043541401624679565,-0.00852186419069767,-0.010519175790250301
1696958473449383700,3.6633837890625,0.033954303711652756,0.04793548583984375,0.012915950268507004
1696958473459397000,3.673397216796875,0.042476166039705276,-0.0063913981430232525,-0.012649642303586006
1696958473469410600,3.68341064453125,0.03608476743102074,0.03515268862247467,0.0001331541279796511
1696958473479424000,3.693424072265625,0.043541401624679565,0.0010652330238372087,0.015046416781842709
1696958473489437400,3.7034375,0.03608476743102074,0.03941362351179123,-0.024367205798625946
1696958473499451000,3.713450927734375,0.047802332788705826,-0.007456631399691105,0.033155377954244614
1696958473509464600,3.723464599609375,0.035019535571336746,0.04047885537147522,-0.023301972076296806
1696958473519478000,3.73347802734375,0.045671865344047546,0.009587096981704235,0.037416309118270874
1696958473529491500,3.743491455078125,0.040345702320337296,0.0010652330238372087,-0.019041040912270546
1696958473539505000,3.7535048828125,0.040345702320337296,0.04473978653550148,0.033155377954244614
1696958473549518300,3.763518310546875,0.038215234875679016,0.00852186419069767,-0.012649642303586006
1696958473559532000,3.773531982421875,0.045671865344047546,-0.004260932095348835,0.03848154470324516
1696958473569545500,3.78354541015625,0.03608476743102074,0.03089175745844841,-0.033954303711652756
1696958473579559000,3.793558837890625,0.045671865344047546,0.004260932095348835,0.07043853402137756
1696958473589572400,3.803572265625,0.035019535571336746,-0.0010652330238372087,-0.048867564648389816
1696958473599585800,3.813585693359375,0.044606633484363556,0.03941362351179123,0.067242830991745
1696958473609599500,3.823599609375,0.037150003015995026,0.0031956990715116262,-0.025432437658309937
1696958473619613000,3.833613037109375,0.041410934180021286,0.0213046595454216,0.024633513763546944
1696958473629626400,3.84362646484375,0.037150003015995026,0.0053261648863554,0.010785484686493874
1696958473639639800,3.853639892578125,0.044606633484363556,0.0159784946590662,0.009720250964164734
1696958473649653200,3.8636533203125,0.035019535571336746,0.02450035884976387,0.019307348877191544
1696958473659666700,3.873666748046875,0.037150003015995026,-0.012782796286046505,0.006524552125483751
1696958473669680400,3.883680419921875,0.033954303711652756,0.05858781561255455,0.005459319334477186
1696958473679693800,3.89369384765625,0.03928046673536301,-0.004260932095348835,0.029959678649902344
1696958473689707300,3.903707275390625,0.035019535571336746,-0.02343512699007988,-0.016910573467612267
1696958473699720700,3.913720703125,0.035019535571336746,0.03941362351179123,0.040612008422613144
1696958473709734100,3.923734130859375,0.037150003015995026,-0.01384802907705307,-0.024367205798625946
1696958473719747800,3.933747802734375,0.037150003015995026,0.009587096981704235,0.051264338195323944
1696958473729761300,3.94376123046875,0.03608476743102074,-0.01384802907705307,-0.020106272771954536
1696958473739774700,3.953774658203125,0.037150003015995026,0.01704372838139534,0.018242115154862404
1696958473749788200,3.9637880859375,0.038215234875679016,-0.004260932095348835,0.015046416781842709
1696958473759801600,3.973801513671875,0.03608476743102074,-0.0106523297727108,0.0001331541279796511
1696958473769815300,3.983815185546875,0.038215234875679016,0.0053261648863554,0.015046416781842709
1696958473779828700,3.993828857421875,0.037150003015995026,-0.02023942768573761,0.009720250964164734
1696958473789842200,4.00384228515625,0.033954303711652756,0.03302222490310669,-0.001997311832383275
1696958473799855600,4.013855712890625,0.03928046673536301,-0.03941362351179123,0.031024912372231483
1696958473809869000,4.023869140625,0.03608476743102074,0.01171756349503994,-0.024367205798625946
1696958473819882800,4.0338828125,0.035019535571336746,0.0213046595454216,0.048068638890981674
1696958473829896200,4.043896240234375,0.033954303711652756,-0.01917419396340847,-0.026497671380639076
1696958473839909600,4.05390966796875,0.033954303711652756,0.02876129187643528,0.040612008422613144
1696958473849923000,4.063923095703125,0.038215234875679016,-0.00852186419069767,-0.013714875094592571
1696958473859936500,4.0739365234375,0.03608476743102074,0.0053261648863554,0.025698747485876083
1696958473869950200,4.0839501953125,0.03288906812667847,0.01491326279938221,-0.017975807189941406
1696958473879963600,4.093963623046875,0.038215234875679016,0.0010652330238372087,0.036351077258586884
1696958473889977000,4.10397705078125,0.03928046673536301,-0.03728315606713295,-0.040345702320337296
1696958473899990500,4.113990478515625,0.037150003015995026,0.02343512699007988,0.041677240282297134
1696958473910004000,4.12400390625,0.038215234875679016,-0.04047885537147522,-0.03928046673536301
1696958473920017700,4.134017578125,0.03608476743102074,0.01917419396340847,0.019307348877191544
1696958473930031000,4.144031005859375,0.03928046673536301,-0.05752258375287056,-0.008388710208237171
1696958473940044500,4.15404443359375,0.029693370684981346,-0.0021304660476744175,-0.037150003015995026
1696958473950058000,4.16405810546875,0.03608476743102074,-0.0021304660476744175,0.026763979345560074
1696958473960071400,4.174071533203125,0.028628136962652206,-0.02876129187643528,-0.05632419511675835
1696958473970084900,4.1840849609375,0.030758604407310486,0.02343512699007988,0.022503048181533813
1696958473980098600,4.1940986328125,0.024367205798625946,-0.02450035884976387,-0.027562905102968216
1696958473990112000,4.204112060546875,0.024367205798625946,0.05645735189318657,-0.028628136962652206
1696958474000125400,4.21412548828125,0.025432437658309937,0.007456631399691105,0.028894444927573204
1696958474010139000,4.224138916015625,0.024367205798625946,-0.01384802907705307,-0.0712374597787857
1696958474020152300,4.23415234375,0.016910573467612267,0.08947957307100296,0.023568280041217804
1696958474030166000,4.244166015625,0.025432437658309937,-0.03834838792681694,-0.040345702320337296
1696958474040179500,4.254179443359375,0.011584409512579441,0.07350108027458191,-0.015845341607928276
1696958474050193000,4.26419287109375,0.017975807189941406,0.0031956990715116262,-0.001997311832383275
1696958474060206300,4.274206298828125,0.009453942999243736,0.03408745676279068,-0.052063263952732086
1696958474070219800,4.2842197265625,0.019041040912270546,-0.02236989326775074,0.029959678649902344
1696958474080233500,4.2942333984375,0.004127778112888336,0.01810896210372448,-0.0723026916384697
1696958474090247000,4.304246826171875,0.017975807189941406,-0.009587096981704235,0.04274247586727142
1696958474100260400,4.31426025390625,0.006258244160562754,-0.04580501839518547,-0.06271559745073318
1696958474110273800,4.324273681640625,0.012649642303586006,0.0010652330238372087,0.034220609813928604
1696958474120287200,4.334287353515625,0.009453942999243736,-0.04793548583984375,-0.029693370684981346
1696958474130301000,4.344301025390625,0.010519175790250301,-0.03515268862247467,0.008655018173158169
1696958474140314400,4.354314453125,-0.0001331541279796511,-0.01491326279938221,0.0011983871227130294
1696958474150327800,4.364327880859375,0.008388710208237171,-0.03515268862247467,-0.004127778112888336
1696958474160341200,4.37434130859375,-0.004394086077809334,-0.00852186419069767,0.010785484686493874
1696958474170354700,4.384354736328125,-0.0001331541279796511,-0.02982652559876442,0.007589785382151604
1696958474180368400,4.394368408203125,-0.009720250964164734,0.00852186419069767,-0.001997311832383275
1696958474190381800,4.4043818359375,-0.004394086077809334,-0.0021304660476744175,0.012915950268507004
1696958474200395300,4.414395263671875,-0.013981183059513569,0.009587096981704235,-0.0030625448562204838
1696958474210408700,4.42440869140625,-0.008655018173158169,0.007456631399691105,0.022503048181533813
1696958474220422100,4.434422119140625,-0.020372580736875534,0.0213046595454216,-0.014780107885599136
1696958474230435800,4.444435791015625,-0.008655018173158169,0.0063913981430232525,0.021437814459204674
1696958474240449300,4.45444921875,-0.016111649572849274,-0.0053261648863554,0.0001331541279796511
1696958474250462700,4.464462646484375,-0.010785484686493874,-0.01704372838139534,-0.012649642303586006
1696958474260476200,4.47447607421875,-0.015046416781842709,0.01384802907705307,0.005459319334477186
1696958474270489600,4.484489501953125,-0.008655018173158169,-0.03089175745844841,-0.006258244160562754
1696958474280503000,4.4945029296875,-0.017176883295178413,-0.0063913981430232525,-0.010519175790250301
1696958474290516700,4.504516845703125,-0.008655018173158169,-0.03941362351179123,0.011850717477500439
1696958474300530200,4.5145302734375,-0.020372580736875534,0.004260932095348835,-0.037150003015995026
1696958474310543600,4.524543701171875,-0.010785484686493874,-0.03834838792681694,0.010785484686493874
1696958474320557000,4.53455712890625,-0.020372580736875534,-0.02663082629442215,-0.027562905102968216
1696958474330570500,4.544570556640625,-0.015046416781842709,0.004260932095348835,-0.014780107885599136
1696958474340584200,4.554584228515625,-0.020372580736875534,-0.02982652559876442,-0.011584409512579441
1696958474350597600,4.56459765625,-0.019307348877191544,-0.01917419396340847,-0.009453942999243736
1696958474360611000,4.574611083984375,-0.024633513763546944,0.02023942768573761,-0.022236740216612816
1696958474370624500,4.58462451171875,-0.018242115154862404,-0.0213046595454216,-0.001997311832383275
1696958474380638000,4.594637939453125,-0.029959678649902344,0.02343512699007988,-0.023301972076296806
1696958474390651600,4.604651611328125,-0.021437814459204674,-0.01171756349503994,0.008655018173158169
1696958474400665000,4.6146650390625,-0.031024912372231483,0.03302222490310669,-0.027562905102968216
1696958474410678500,4.624678466796875,-0.025698747485876083,0,0.026763979345560074
1696958474420692000,4.63469189453125,-0.03528584539890289,0.0159784946590662,-0.035019535571336746
1696958474430705400,4.644705322265625,-0.026763979345560074,0.0021304660476744175,0.037416309118270874
1696958474440719000,4.654718994140625,-0.03209014609456062,-0.0159784946590662,-0.037150003015995026
1696958474450732500,4.664732666015625,-0.026763979345560074,-0.01704372838139534,0.050199106335639954
1696958474460746000,4.67474609375,-0.033155377954244614,-0.009587096981704235,-0.04993279650807381
1696958474470759400,4.684759521484375,-0.022503048181533813,-0.04047885537147522,0.057655736804008484
1696958474480772900,4.69477294921875,-0.029959678649902344,-0.04473978653550148,-0.042476166039705276
1696958474490786600,4.70478662109375,-0.021437814459204674,-0.03515268862247467,0.043807707726955414
1696958474500800000,4.714800048828125,-0.031024912372231483,-0.03728315606713295,-0.035019535571336746
1696958474510813400,4.7248134765625,-0.022503048181533813,-0.03621792420744896,0.047003407031297684
1696958474520827000,4.734826904296875,-0.033155377954244614,-0.02769605815410614,-0.042476166039705276
1696958474530840300,4.74484033203125,-0.025698747485876083,0.007456631399691105,0.051264338195323944
1696958474540854000,4.75485400390625,-0.033155377954244614,-0.03302222490310669,-0.027562905102968216
1696958474550867500,4.764867431640625,-0.03209014609456062,0.012782796286046505,0.004394086077809334
1696958474560881000,4.774880859375,-0.033155377954244614,0.02023942768573761,0.026763979345560074
1696958474570894300,4.784894287109375,-0.031024912372231483,-0.00852186419069767,-0.025432437658309937
1696958474580907800,4.79490771484375,-0.03528584539890289,0.04793548583984375,0.04593817517161369
1696958474590921200,4.804921142578125,-0.03528584539890289,-0.0010652330238372087,-0.017975807189941406
1696958474600935000,4.814934814453125,-0.034220609813928604,0.07137060910463333,0.015046416781842709
1696958474610948400,4.8249482421875,-0.026763979345560074,-0.02982652559876442,0.026763979345560074
1696958474620961800,4.8349619140625,-0.036351077258586884,0.03302222490310669,-0.024367205798625946
1696958474630975200,4.844975341796875,-0.024633513763546944,0.01171756349503994,0.054460037499666214
1696958474640988700,4.85498876953125,-0.033155377954244614,-0.01384802907705307,-0.022236740216612816
1696958474651002400,4.86500244140625,-0.023568280041217804,-0.0213046595454216,0.04274247586727142
1696958474661015800,4.875015869140625,-0.029959678649902344,-0.01491326279938221,-0.008388710208237171
1696958474671029200,4.885029296875,-0.021437814459204674,-0.03834838792681694,0.021437814459204674
1696958474681042700,4.895042724609375,-0.026763979345560074,-0.01704372838139534,0.025698747485876083
1696958474691056000,4.90505615234375,-0.022503048181533813,-0.02556559257209301,0.008655018173158169
1696958474701069800,4.91506982421875,-0.028894444927573204,-0.0106523297727108,0.023568280041217804
1696958474711083300,4.925083251953125,-0.025698747485876083,-0.0063913981430232525,0.013981183059513569
1696958474721096700,4.9350966796875,-0.031024912372231483,0.02769605815410614,0.033155377954244614
1696958474731110100,4.945110107421875,-0.026763979345560074,-0.01384802907705307,0.019307348877191544
1696958474741123600,4.95512353515625,-0.03209014609456062,0.03089175745844841,0.015046416781842709
1696958474751137300,4.96513720703125,-0.031024912372231483,0.007456631399691105,0.03848154470324516
1696958474761150700,4.975150634765625,-0.037416309118270874,0.03408745676279068,-0.016910573467612267
1696958474771164200,4.9851640625,-0.025698747485876083,0.012782796286046505,0.07256899774074554
1696958474781177600,4.995177490234375,-0.036351077258586884,-0.0021304660476744175,-0.048867564648389816
1696958474791191000,5.00519091796875,-0.028894444927573204,0.03515268862247467,0.05978620424866676
1696958474801204700,5.015204833984375,-0.033155377954244614,-0.03302222490310669,-0.014780107885599136
1696958474811218200,5.02521826171875,-0.026763979345560074,-0.0031956990715116262,0.006524552125483751
1696958474821231600,5.035231689453125,-0.028894444927573204,-0.007456631399691105,0.017176883295178413
1696958474831245000,5.0452451171875,-0.025698747485876083,-0.05219641700387001,-0.016910573467612267
1696958474841258500,5.055258544921875,-0.028894444927573204,-0.0106523297727108,0.005459319334477186
1696958474851272200,5.065272216796875,-0.021437814459204674,-0.04687025398015976,0.007589785382151604
1696958474861285600,5.07528564453125,-0.033155377954244614,-0.0021304660476744175,-0.030758604407310486
1696958474871299000,5.085299072265625,-0.027829213067889214,-0.0031956990715116262,0.025698747485876083
1696958474881312500,5.0953125,-0.034220609813928604,-0.0213046595454216,-0.027562905102968216
1696958474891326000,5.105325927734375,-0.029959678649902344,0.01917419396340847,0.004394086077809334
1696958474901339600,5.115339599609375,-0.03209014609456062,-0.004260932095348835,0.013981183059513569
1696958474911353000,5.12535302734375,-0.033155377954244614,-0.007456631399691105,-0.03288906812667847
1696958474921366500,5.135366455078125,-0.036351077258586884,0.06071828305721283,0.026763979345560074
1696958474931380000,5.1453798828125,-0.026763979345560074,-0.05965305119752884,0.0033288532868027687
1696958474941393400,5.155393310546875,-0.034220609813928604,0.01810896210372448,-0.028628136962652206
1696958474951406800,5.16540673828125,-0.026763979345560074,0.004260932095348835,0.0555252730846405
1696958474961420500,5.175420654296875,-0.029959678649902344,-0.0426093190908432,-0.043541401624679565
1696958474971434000,5.18543408203125,-0.022503048181533813,-0.02236989326775074,0.061916667968034744
1696958474981447400,5.195447509765625,-0.029959678649902344,-0.0213046595454216,-0.027562905102968216
1696958474991460900,5.2054609375,-0.022503048181533813,-0.03089175745844841,0.047003407031297684
1696958475001474300,5.215474365234375,-0.03209014609456062,-0.007456631399691105,-0.015845341607928276
1696958475011488000,5.225488037109375,-0.017176883295178413,-0.0426093190908432,0.07150376588106155
1696958475021501400,5.23550146484375,-0.033155377954244614,-0.0031956990715116262,-0.043541401624679565
1696958475031515000,5.245514892578125,-0.021437814459204674,0.0010652330238372087,0.08535179495811462
1696958475041528300,5.2555283203125,-0.029959678649902344,-0.04154408723115921,-0.023301972076296806
1696958475051541800,5.265541748046875,-0.022503048181533813,0.0319569893181324,0.04274247586727142
1696958475061555500,5.275555419921875,-0.029959678649902344,-0.007456631399691105,0.019307348877191544
1696958475071569000,5.28556884765625,-0.029959678649902344,0.012782796286046505,-0.001997311832383275
1696958475081582300,5.295582275390625,-0.025698747485876083,0.04687025398015976,0.03209014609456062
1696958475091595800,5.305595703125,-0.025698747485876083,-0.00852186419069767,0.024633513763546944
1696958475101609200,5.315609130859375,-0.03209014609456062,0.03834838792681694,-0.021171506494283676
1696958475111623000,5.325622802734375,-0.025698747485876083,0.02876129187643528,0.050199106335639954
1696958475121636400,5.33563623046875,-0.03209014609456062,0.02343512699007988,-0.043541401624679565
1696958475131649800,5.34564990234375,-0.021437814459204674,0.0010652330238372087,0.041677240282297134
1696958475141663200,5.355663330078125,-0.031024912372231483,0.01171756349503994,-0.042476166039705276
1696958475151676700,5.3656767578125,-0.022503048181533813,0.009587096981704235,0.016111649572849274
1696958475161690000,5.375690185546875,-0.024633513763546944,-0.03728315606713295,-0.03288906812667847
1696958475171703600,5.38570361328125,-0.021437814459204674,0.0031956990715116262,-0.007323476951569319
1696958475181717000,5.395717041015625,-0.021437814459204674,-0.04900071769952774,-0.026497671380639076
1696958475191730400,5.40573046875,-0.026763979345560074,-0.0010652330238372087,-0.022236740216612816
1696958475201744000,5.415743896484375,-0.024633513763546944,-0.01491326279938221,-0.014780107885599136
1696958475211757300,5.42575732421875,-0.028894444927573204,-0.0063913981430232525,-0.047802332788705826
1696958475221770800,5.435770751953125,-0.024633513763546944,0.012782796286046505,0.010785484686493874
1696958475231784200,5.4457841796875,-0.033155377954244614,-0.0063913981430232525,-0.061650361865758896
1696958475241797600,5.455797607421875,-0.025698747485876083,0.007456631399691105,-0.004127778112888336
1696958475251811000,5.46581103515625,-0.031024912372231483,0.0031956990715116262,-0.023301972076296806
1696958475261824500,5.475824462890625,-0.033155377954244614,0.0010652330238372087,-0.03288906812667847
1696958475271838000,5.485837890625,-0.026763979345560074,0.01171756349503994,0.004394086077809334
1696958475281851400,5.495851318359375,-0.033155377954244614,-0.03089175745844841,-0.040345702320337296
1696958475291864800,5.50586474609375,-0.024633513763546944,0.01810896210372448,0.004394086077809334
1696958475301878300,5.515878173828125,-0.025698747485876083,-0.0426093190908432,0.0011983871227130294
1696958475311891700,5.5258916015625,-0.025698747485876083,-0.0010652330238372087,-0.033954303711652756
1696958475321905200,5.5359052734375,-0.021437814459204674,-0.00852186419069767,0.054460037499666214
1696958475331918600,5.545918701171875,-0.029959678649902344,-0.05219641700387001,-0.06591129302978516
1696958475341932000,5.55593212890625,-0.020372580736875534,0.04047885537147522,0.06404713541269302
1696958475351945500,5.565945556640625,-0.025698747485876083,-0.05219641700387001,-0.019041040912270546
1696958475361959000,5.575958984375,-0.027829213067889214,0.02769605815410614,-0.011584409512579441
1696958475371972400,5.585972412109375,-0.017176883295178413,-0.01171756349503994,0.06511236727237701
1696958475381985800,5.59598583984375,-0.034220609813928604,0,-0.061650361865758896
1696958475391999200,5.605999267578125,-0.021437814459204674,0.02982652559876442,0.06298190355300903
1696958475402012700,5.6160126953125,-0.025698747485876083,-0.03302222490310669,-0.009453942999243736
1696958475412026000,5.626026123046875,-0.033155377954244614,0.05113118514418602,-0.020106272771954536
1696958475422039600,5.63603955078125,-0.018242115154862404,-0.03515268862247467,0.04274247586727142
1696958475432053000,5.646052978515625,-0.028894444927573204,-0.00852186419069767,-0.007323476951569319
1696958475442066400,5.65606640625,-0.03528584539890289,0.03515268862247467,-0.03288906812667847
1696958475452080000,5.666080078125,-0.015046416781842709,-0.02343512699007988,0.061916667968034744
1696958475462093600,5.676093505859375,-0.031024912372231483,-0.0213046595454216,-0.07656362652778625
1696958475472107000,5.68610693359375,-0.027829213067889214,0.03302222490310669,0.020372580736875534
1696958475482120400,5.696120361328125,-0.018242115154862404,-0.06071828305721283,0.006524552125483751
1696958475492134000,5.7061337890625,-0.034220609813928604,0.02663082629442215,-0.07975932210683823
1696958475502147600,5.716147705078125,-0.022503048181533813,-0.02236989326775074,0.043807707726955414
1696958475512161000,5.7261611328125,-0.021437814459204674,-0.06178351491689682,-0.06378082931041718
1696958475522174500,5.736174560546875,-0.029959678649902344,0.03302222490310669,-0.016910573467612267
1696958475532188000,5.74618798828125,-0.021437814459204674,-0.07137060910463333,-0.007323476951569319
1696958475542201300,5.756201416015625,-0.019307348877191544,-0.02023942768573761,-0.03288906812667847
1696958475552215000,5.766215087890625,-0.031024912372231483,0.00852186419069767,-0.012649642303586006
1696958475562228500,5.776228515625,-0.026763979345560074,-0.03089175745844841,-0.026497671380639076
1696958475572242000,5.786241943359375,-0.019307348877191544,-0.02663082629442215,0.011850717477500439
1696958475582255400,5.79625537109375,-0.034220609813928604,0.04047885537147522,-0.059519894421100616
1696958475592268800,5.806268798828125,-0.025698747485876083,-0.02982652559876442,0.03954677656292915
1696958475602282500,5.816282470703125,-0.024633513763546944,0.0010652330238372087,-0.04673709720373154
1696958475612296000,5.8262958984375,-0.03209014609456062,0.05219641700387001,0.020372580736875534
1696958475622309400,5.836309326171875,-0.026763979345560074,-0.05858781561255455,-0.03288906812667847
1696958475632322800,5.84632275390625,-0.020372580736875534,0.03408745676279068,0.04913387447595596
1696958475642336300,5.856336181640625,-0.026763979345560074,-0.04154408723115921,-0.048867564648389816
1696958475652350000,5.866349853515625,-0.027829213067889214,0.01704372838139534,0.031024912372231483
1696958475662363400,5.87636328125,-0.011850717477500439,-0.05858781561255455,0.034220609813928604
1696958475672376800,5.886376953125,-0.025698747485876083,-0.0319569893181324,-0.058454662561416626
1696958475682390300,5.896390380859375,-0.025698747485876083,0.0213046595454216,0.07043853402137756
1696958475692403700,5.90640380859375,-0.016111649572849274,-0.07776200771331787,-0.011584409512579441
1696958475702417400,5.91641748046875,-0.022503048181533813,0.02876129187643528,0.0033288532868027687
1696958475712430800,5.926430908203125,-0.028894444927573204,-0.02343512699007988,0.040612008422613144
1696958475722444300,5.9364443359375,-0.028894444927573204,-0.0063913981430232525,-0.038215234875679016
1696958475732457700,5.946457763671875,-0.021437814459204674,0.03728315606713295,0.07576470077037811
1696958475742471200,5.95647119140625,-0.034220609813928604,-0.03408745676279068,-0.06591129302978516
1696958475752484600,5.966484619140625,-0.03209014609456062,0.05006595328450203,0.060851436108350754
1696958475762498300,5.976498291015625,-0.024633513763546944,-0.00852186419069767,-0.017975807189941406
1696958475772511700,5.98651171875,-0.034220609813928604,0.04154408723115921,-0.011584409512579441
1696958475782525200,5.996525146484375,-0.034220609813928604,0.01171756349503994,0.017176883295178413
1696958475792538600,6.00653857421875,-0.031024912372231483,0.05006595328450203,-0.022236740216612816
1696958475802552000,6.016552001953125,-0.023568280041217804,-0.0031956990715116262,0.007589785382151604
1696958475812565800,6.026565673828125,-0.034220609813928604,0.03302222490310669,-0.038215234875679016
1696958475822579200,6.0365791015625,-0.021437814459204674,0.01384802907705307,0.061916667968034744
1696958475832592600,6.046592529296875,-0.028894444927573204,-0.03834838792681694,-0.09893351793289185
1696958475842606000,6.056606201171875,-0.025698747485876083,0.06710968166589737,0.07150376588106155
1696958475852619500,6.06661962890625,-0.023568280041217804,-0.10545806586742401,-0.06484606117010117
1696958475862633200,6.07663330078125,-0.020372580736875534,0.02236989326775074,0.010785484686493874
1696958475872646700,6.086646728515625,-0.018242115154862404,-0.06284874677658081,-0.009453942999243736
1696958475882660000,6.09666015625,-0.024633513763546944,-0.02982652559876442,-0.038215234875679016
1696958475892673500,6.106673583984375,-0.010785484686493874,-0.05006595328450203,0.008655018173158169
1696958475902687000,6.11668701171875,-0.018242115154862404,-0.03515268862247467,-0.024367205798625946
1696958475912700700,6.12670068359375,-0.025698747485876083,-0.009587096981704235,-0.041410934180021286
1696958475922714000,6.136714111328125,-0.019307348877191544,0.0053261648863554,0.047003407031297684
1696958475932727600,6.1467275390625,-0.022503048181533813,-0.01917419396340847,-0.07975932210683823
1696958475942741000,6.156740966796875,-0.019307348877191544,0.02663082629442215,0.043807707726955414
1696958475952754400,6.16675439453125,-0.025698747485876083,-0.0106523297727108,-0.05312849581241608
1696958475962768100,6.17676806640625,-0.020372580736875534,0.04473978653550148,0.026763979345560074
1696958475972781600,6.186781494140625,-0.007589785382151604,-0.0319569893181324,-0.011584409512579441
1696958475982795500,6.19679541015625,-0.024633513763546944,0.00852186419069767,-0.010519175790250301
1696958475992809700,6.206809814453125,-0.013981183059513569,0.01810896210372448,0.0001331541279796511
1696958476002823200,6.2168232421875,-0.0011983871227130294,-0.0426093190908432,0.024633513763546944
1696958476012836600,6.226836669921875,-0.012915950268507004,-0.0159784946590662,-0.047802332788705826
1696958476022850300,6.236850341796875,-0.011850717477500439,-0.0053261648863554,0.03954677656292915
1696958476032863700,6.24686376953125,0.0009320789249613881,-0.0031956990715116262,-0.001997311832383275
1696958476042877200,6.256877197265625,-0.005459319334477186,-0.04900071769952774,-0.013714875094592571
1696958476052890600,6.266890625,-0.012915950268507004,0.03834838792681694,-0.007323476951569319
1696958476062904000,6.276904052734375,-0.006524552125483751,-0.0063913981430232525,0.028894444927573204
1696958476072917800,6.286917724609375,-0.00226362026296556,0.01384802907705307,-0.03928046673536301
1696958476082931200,6.29693115234375,-0.006524552125483751,0.004260932095348835,0.033155377954244614
1696958476092944600,6.306944580078125,-0.016111649572849274,0.04793548583984375,-0.044606633484363556
1696958476102958000,6.3169580078125,-0.005459319334477186,0.0639139786362648,0.037416309118270874
1696958476112971500,6.326971435546875,0.0030625448562204838,-0.04047885537147522,-0.022236740216612816
1696958476122985200,6.336985107421875,-0.012915950268507004,0.06817491352558136,-0.015845341607928276
1696958476132998700,6.34699853515625,0.0009320789249613881,0.0021304660476744175,0.037416309118270874
1696958476143012000,6.35701220703125,0.0030625448562204838,-0.01171756349503994,-0.047802332788705826
1696958476153025500,6.367025634765625,0.001997311832383275,-0.00852186419069767,0.047003407031297684
1696958476163039000,6.3770390625,-0.006524552125483751,-0.03834838792681694,-0.0723026916384697
1696958476173052400,6.387052490234375,0.012649642303586006,0.0010652330238372087,0.08535179495811462
1696958476183066000,6.397066162109375,0.0009320789249613881,-0.09054480493068695,-0.08508548885583878
1696958476193079600,6.40707958984375,-0.004394086077809334,0.03302222490310669,0.048068638890981674
1696958476203093000,6.417093017578125,0.006258244160562754,-0.07243584841489792,-0.012649642303586006
1696958476213106400,6.4271064453125,0.0030625448562204838,0.02769605815410614,-0.009453942999243736
1696958476223120000,6.437119873046875,-0.004394086077809334,-0.03408745676279068,-0.004127778112888336
1696958476233134000,6.447134033203125,-0.005459319334477186,0.02450035884976387,0.007589785382151604
1696958476243147000,6.45714697265625,-0.004394086077809334,0.04047885537147522,-0.016910573467612267
1696958476253160000,6.467159912109375,-0.0011983871227130294,0.0159784946590662,0.004394086077809334
1696958476263173000,6.477173095703125,-0.008655018173158169,0.0159784946590662,-0.011584409512579441
1696958476273186000,6.48718603515625,-0.0001331541279796511,0.04473978653550148,-0.006258244160562754
1696958476283199200,6.49719921875,-0.0033288532868027687,0.0319569893181324,0.006524552125483751
1696958476293212400,6.50721240234375,-0.00226362026296556,-0.0021304660476744175,-0.025432437658309937
1696958476303225600,6.5172255859375,-0.0033288532868027687,0.04154408723115921,0.0033288532868027687
1696958476313239000,6.527239013671875,0.007323476951569319,-0.0053261648863554,0.016111649572849274
1696958476323252500,6.53725244140625,0.005193010903894901,-0.10226237028837204,-0.040345702320337296
1696958476333266000,6.547265869140625,0.006258244160562754,0.01171756349503994,0.022503048181533813
1696958476343279600,6.557279541015625,0.017975807189941406,-0.02663082629442215,0.026763979345560074
1696958476353293300,6.567293212890625,0.007323476951569319,-0.06710968166589737,-0.05632419511675835
1696958476363307000,6.57730712890625,-0.00226362026296556,0.02023942768573761,0.0555252730846405
1696958476373320700,6.58732080078125,0.004127778112888336,-0.02450035884976387,-0.041410934180021286
1696958476383334400,6.59733447265625,0.005193010903894901,0.03089175745844841,0.024633513763546944
1696958476393348400,6.607348388671875,-0.0033288532868027687,-0.0319569893181324,-0.024367205798625946
1696958476403362000,6.617362060546875,-0.0011983871227130294,0.02023942768573761,0.017176883295178413
1696958476413376000,6.6273759765625,0.0030625448562204838,0.0053261648863554,-0.028628136962652206
1696958476423389700,6.6373896484375,-0.004394086077809334,0.04793548583984375,-0.005193010903894901
1696958476433403400,6.6474033203125,-0.00226362026296556,-0.02450035884976387,-0.004127778112888336
1696958476443416800,6.657416748046875,-0.0011983871227130294,0.02556559257209301,-0.026497671380639076
1696958476453430500,6.667430419921875,-0.0001331541279796511,0.06178351491689682,0.010785484686493874
1696958476463444000,6.67744384765625,0.001997311832383275,-0.03941362351179123,-0.041410934180021286
1696958476473457400,6.68745751953125,0.0030625448562204838,-0.0053261648863554,0.009720250964164734
1696958476483470800,6.697470947265625,0.009453942999243736,0.0053261648863554,-0.013714875094592571
1696958476493484300,6.707484375,0.0009320789249613881,-0.02876129187643528,-0.019041040912270546
1696958476503497700,6.717497802734375,0.006258244160562754,-0.02343512699007988,-0.004127778112888336
1696958476513511400,6.727511474609375,0.011584409512579441,-0.05006595328450203,0.020372580736875534
1696958476523524900,6.73752490234375,0.0009320789249613881,-0.0106523297727108,-0.06271559745073318
1696958476533538300,6.747538330078125,0.009453942999243736,-0.02663082629442215,0.06937330216169357
1696958476543551700,6.7575517578125,0.011584409512579441,-0.04047885537147522,-0.054193731397390366
1696958476553565200,6.767565185546875,0.005193010903894901,0.02663082629442215,0.033155377954244614
1696958476563579000,6.777578857421875,-0.0011983871227130294,-0.02236989326775074,-0.021171506494283676
1696958476573592300,6.78759228515625,0.009453942999243736,0.03302222490310669,0.018242115154862404
1696958476583605800,6.797605712890625,0.005193010903894901,0,-0.015845341607928276
1696958476593619200,6.807619140625,-0.0001331541279796511,0.02236989326775074,-0.010519175790250301
1696958476603632600,6.817632568359375,0.015845341607928276,-0.004260932095348835,0.029959678649902344
1696958476613646300,6.827646240234375,0.008388710208237171,0.012782796286046505,-0.052063263952732086
1696958476623659800,6.83765966796875,0.005193010903894901,0.02343512699007988,0.012915950268507004
1696958476633673200,6.847673095703125,0.013714875094592571,-0.04367455467581749,-0.017975807189941406
1696958476643686700,6.857686767578125,0.020106272771954536,0.02982652559876442,-0.005193010903894901
1696958476653700000,6.8677001953125,0.013714875094592571,-0.05858781561255455,-0.03288906812667847
1696958476663713800,6.8777138671875,0.016910573467612267,-0.01171756349503994,0.008655018173158169
1696958476673727200,6.887727294921875,0.023301972076296806,-0.03941362351179123,-0.013714875094592571
1696958476683740700,6.89774072265625,0.013714875094592571,0.0021304660476744175,-0.042476166039705276
1696958476693754000,6.907754150390625,0.016910573467612267,-0.02663082629442215,0.023568280041217804
1696958476703767600,6.917767578125,0.017975807189941406,0.0010652330238372087,-0.03288906812667847
1696958476713781200,6.92778125,0.013714875094592571,0.02663082629442215,-0.010519175790250301
1696958476723794700,6.937794677734375,0.008388710208237171,-0.01491326279938221,-0.014780107885599136
1696958476733809000,6.947808837890625,0.013714875094592571,0.02023942768573761,-0.001997311832383275
1696958476743821800,6.95782177734375,0.012649642303586006,0.01810896210372448,-0.014780107885599136
1696958476753835000,6.9678349609375,0.0009320789249613881,0.02769605815410614,-0.042476166039705276
1696958476763848200,6.97784814453125,0.008388710208237171,0.0010652330238372087,0.012915950268507004
1696958476773861400,6.987861328125,0.009453942999243736,0.05006595328450203,-0.042476166039705276
1696958476783874600,6.99787451171875,0.004127778112888336,-0.02023942768573761,-0.020106272771954536
1696958476793887700,7.0078876953125,0.007323476951569319,-0.01384802907705307,-0.027562905102968216
1696958476803901000,7.01790087890625,0.011584409512579441,0.004260932095348835,0.0001331541279796511
1696958476813914400,7.027914306640625,0.005193010903894901,-0.02982652559876442,-0.06271559745073318
1696958476823927800,7.037927734375,0.005193010903894901,-0.01917419396340847,0.011850717477500439
1696958476833941200,7.047941162109375,0.012649642303586006,-0.01704372838139534,-0.009453942999243736
1696958476843954700,7.05795458984375,0.004127778112888336,-0.01491326279938221,-0.027562905102968216
1696958476853968100,7.067968017578125,-0.0001331541279796511,-0.01704372838139534,0.009720250964164734
1696958476863981800,7.07798193359375,0.010519175790250301,-0.0213046595454216,0.018242115154862404
1696958476873995500,7.08799560546875,0.006258244160562754,-0.02876129187643528,-0.008388710208237171
1696958476884009200,7.09800927734375,-0.004394086077809334,-0.0053261648863554,0.006524552125483751
1696958476894023000,7.10802294921875,0.010519175790250301,-0.012782796286046505,0.03954677656292915
1696958476904036600,7.11803662109375,0.008388710208237171,-0.02343512699007988,-0.0030625448562204838
1696958476914050600,7.128050537109375,0.004127778112888336,-0.009587096981704235,0.009720250964164734
1696958476924064300,7.138064208984375,0.001997311832383275,-0.0063913981430232525,0.03528584539890289
1696958476934078000,7.148077880859375,0.008388710208237171,0.02023942768573761,-0.011584409512579441
1696958476944092000,7.158091796875,0.007323476951569319,-0.0159784946590662,0.031024912372231483
1696958476954105300,7.168105224609375,0.0009320789249613881,0.0063913981430232525,-0.026497671380639076
1696958476964119000,7.178119140625,0.011584409512579441,0.01171756349503994,0.04593817517161369
1696958476974132500,7.188132568359375,0.007323476951569319,-0.04473978653550148,-0.050998032093048096
1696958476984146700,7.198146728515625,0.006258244160562754,0.01810896210372448,0.028894444927573204
1696958476994159400,7.208159423828125,0.012649642303586006,-0.03834838792681694,-0.007323476951569319
1696958477004172300,7.21817236328125,0.012649642303586006,-0.03728315606713295,-0.017975807189941406
1696958477014185000,7.22818505859375,0.009453942999243736,-0.01384802907705307,-0.001997311832383275
1696958477024198000,7.238197998046875,0.008388710208237171,-0.0159784946590662,-0.007323476951569319
1696958477034210800,7.2482109375,0.013714875094592571,-0.03089175745844841,-0.004127778112888336
1696958477044224000,7.25822412109375,0.006258244160562754,-0.03515268862247467,-0.009453942999243736
1696958477054237200,7.2682373046875,-0.0001331541279796511,-0.0010652330238372087,-0.014780107885599136
1696958477064250400,7.27825048828125,0.009453942999243736,-0.012782796286046505,0.03528584539890289
1696958477074263800,7.288263916015625,0.0009320789249613881,-0.02556559257209301,-0.035019535571336746
1696958477084277200,7.29827734375,-0.010785484686493874,0.007456631399691105,0.018242115154862404
1696958477094291000,7.308291015625,-0.0011983871227130294,-0.02450035884976387,0.007589785382151604
1696958477104304600,7.3183046875,-0.0033288532868027687,0.012782796286046505,0.024633513763546944
1696958477114318300,7.328318359375,-0.016111649572849274,-0.01384802907705307,-0.012649642303586006
1696958477124332300,7.338332275390625,-0.017176883295178413,0.012782796286046505,0.037416309118270874
1696958477134346200,7.34834619140625,-0.010785484686493874,0.01810896210372448,0.017176883295178413
1696958477144360200,7.358360107421875,-0.015046416781842709,-0.02023942768573761,0.0033288532868027687
1696958477154374100,7.3683740234375,-0.027829213067889214,0.01917419396340847,0.040612008422613144
1696958477164388400,7.378388427734375,-0.019307348877191544,0.0063913981430232525,0.015046416781842709
1696958477174402300,7.38840234375,-0.015046416781842709,-0.0031956990715116262,0.03528584539890289
1696958477184416000,7.398416015625,-0.025698747485876083,-0.03302222490310669,0.007589785382151604
1696958477194429400,7.408429443359375,-0.022503048181533813,0.01917419396340847,0.044872939586639404
1696958477204443100,7.418443115234375,-0.015046416781842709,-0.03302222490310669,0.03209014609456062
1696958477214456600,7.42845654296875,-0.018242115154862404,-0.02236989326775074,0.006524552125483751
1696958477224470000,7.438469970703125,-0.022503048181533813,-0.02876129187643528,0.053394805639982224
1696958477234483500,7.4484833984375,-0.015046416781842709,-0.009587096981704235,0.022503048181533813
1696958477244497000,7.458496826171875,-0.016111649572849274,-0.03941362351179123,0.023568280041217804
1696958477254510300,7.46851025390625,-0.019307348877191544,-0.02023942768573761,0.040612008422613144
1696958477264524000,7.47852392578125,-0.018242115154862404,-0.02556559257209301,0.023568280041217804
1696958477274537500,7.488537353515625,-0.011850717477500439,0.0021304660476744175,0.03848154470324516
1696958477284551000,7.498551025390625,-0.015046416781842709,-0.04473978653550148,0.020372580736875534
1696958477294564400,7.508564453125,-0.018242115154862404,0.01171756349503994,0.028894444927573204
1696958477304577800,7.518577880859375,-0.013981183059513569,-0.01491326279938221,0.03848154470324516
1696958477314591500,7.528591552734375,-0.012915950268507004,0.00852186419069767,-0.0030625448562204838
1696958477324605000,7.53860498046875,-0.019307348877191544,0,0.057655736804008484
1696958477334618400,7.548618408203125,-0.017176883295178413,0.01810896210372448,-0.013714875094592571
1696958477344631800,7.5586318359375,-0.008655018173158169,0.05965305119752884,0.07896039634943008
1696958477354645200,7.568645263671875,-0.016111649572849274,-0.05645735189318657,-0.048867564648389816
1696958477364659000,7.578658935546875,-0.021437814459204674,0.11184946447610855,0.07150376588106155
1696958477374672400,7.58867236328125,-0.006524552125483751,-0.05432688444852829,-0.0009320789249613881
1696958477384685800,7.598685791015625,-0.008655018173158169,-0.0063913981430232525,-0.026497671380639076
1696958477394699300,7.60869921875,-0.015046416781842709,0.0532616525888443,0.051264338195323944
1696958477404712700,7.618712646484375,-0.0001331541279796511,-0.10439283400774002,-0.028628136962652206
1696958477414726400,7.628726318359375,-0.00226362026296556,0.02769605815410614,-0.005193010903894901
1696958477424739800,7.63873974609375,-0.0033288532868027687,-0.05965305119752884,0.004394086077809334
1696958477434753300,7.648753173828125,-0.0033288532868027687,-0.01917419396340847,-0.023301972076296806
1696958477444766700,7.6587666015625,0.001997311832383275,-0.02556559257209301,0.017176883295178413
1696958477454780200,7.6687802734375,-0.004394086077809334,-0.03089175745844841,-0.03288906812667847
1696958477464793900,7.6787939453125,-0.007589785382151604,-0.0021304660476744175,0.011850717477500439
1696958477474807300,7.688807373046875,-0.011850717477500439,0.0213046595454216,-0.020106272771954536
1696958477484820700,7.69882080078125,-0.0011983871227130294,-0.02556559257209301,0.021437814459204674
1696958477494834200,7.708834228515625,-0.017176883295178413,-0.01810896210372448,-0.057389430701732635
1696958477504848600,7.7188486328125,-0.016111649572849274,0.07882724702358246,0.06298190355300903
1696958477514861800,7.72886181640625,-0.006524552125483751,-0.10013190656900406,-0.029693370684981346
1696958477524875000,7.738875,-0.016111649572849274,0.04367455467581749,-0.016910573467612267
1696958477534888000,7.748887939453125,-0.019307348877191544,0.004260932095348835,0.061916667968034744
1696958477544901000,7.758901123046875,-0.015046416781842709,-0.02769605815410614,-0.0723026916384697
1696958477554914600,7.76891455078125,-0.015046416781842709,0.02236989326775074,0.07256899774074554
1696958477564927700,7.778927734375,-0.019307348877191544,-0.03089175745844841,-0.033954303711652756
1696958477574941200,7.788941162109375,-0.021437814459204674,0.0010652330238372087,0.0011983871227130294
1696958477584954400,7.798954345703125,-0.009720250964164734,-0.03621792420744896,0.03528584539890289
1696958477594967800,7.8089677734375,-0.016111649572849274,-0.03408745676279068,-0.017975807189941406
1696958477604981500,7.8189814453125,-0.018242115154862404,-0.01917419396340847,0.004394086077809334
1696958477614995000,7.828994873046875,-0.012915950268507004,-0.02556559257209301,0.036351077258586884
1696958477625008600,7.839008544921875,-0.011850717477500439,-0.04687025398015976,-0.021171506494283676
1696958477635022000,7.84902197265625,-0.021437814459204674,0.0213046595454216,0.021437814459204674
1696958477645035800,7.859035888671875,-0.013981183059513569,-0.05219641700387001,0.022503048181533813
1696958477655049500,7.869049560546875,-0.012915950268507004,0.01171756349503994,-0.009453942999243736
1696958477665063200,7.879063232421875,-0.009720250964164734,-0.04793548583984375,0.03848154470324516
1696958477675076900,7.889076904296875,-0.025698747485876083,0.009587096981704235,-0.033954303711652756
1696958477685090600,7.899090576171875,-0.004394086077809334,0.01491326279938221,0.05978620424866676
1696958477695104300,7.909104248046875,-0.012915950268507004,-0.06497921794652939,-0.05632419511675835
1696958477705118000,7.919117919921875,-0.013981183059513569,0.02769605815410614,0.031024912372231483
1696958477715131600,7.929131591796875,-0.010785484686493874,-0.04154408723115921,-0.015845341607928276
1696958477725145300,7.939145263671875,-0.004394086077809334,0.01917419396340847,0.0001331541279796511
1696958477735158800,7.94915869140625,-0.009720250964164734,-0.06284874677658081,-0.028628136962652206
1696958477745172200,7.959172119140625,-0.008655018173158169,0.0031956990715116262,0.004394086077809334
1696958477755186000,7.96918603515625,-0.005459319334477186,-0.02982652559876442,-0.027562905102968216
1696958477765199400,7.979199462890625,-0.006524552125483751,-0.012782796286046505,-0.030758604407310486
1696958477775212800,7.989212890625,-0.006524552125483751,-0.01491326279938221,0.00226362026296556
1696958477785226200,7.999226318359375,-0.005459319334477186,-0.01704372838139534,-0.041410934180021286
1696958477795239700,8.00923974609375,-0.0011983871227130294,0.0010652330238372087,-0.012649642303586006
1696958477805253400,8.01925341796875,-0.006524552125483751,-0.04687025398015976,-0.047802332788705826
1696958477815266800,8.029266845703125,-0.005459319334477186,0.02556559257209301,-0.020106272771954536
1696958477825280300,8.0392802734375,0.0009320789249613881,-0.04047885537147522,-0.015845341607928276
1696958477835293700,8.049293701171875,-0.006524552125483751,-0.0021304660476744175,-0.07869409024715424
1696958477845307100,8.05930712890625,-0.009720250964164734,-0.0031956990715116262,0.021437814459204674
1696958477855320800,8.06932080078125,-0.00226362026296556,-0.04473978653550148,-0.08615072071552277
1696958477865334300,8.079334228515625,-0.0033288532868027687,0.02769605815410614,-0.004127778112888336
1696958477875347700,8.08934765625,-0.0033288532868027687,-0.05752258375287056,-0.037150003015995026
1696958477885361200,8.099361083984375,-0.009720250964164734,0,-0.08188978582620621
1696958477895374600,8.10937451171875,-0.0001331541279796511,0.03302222490310669,0.025698747485876083
1696958477905388300,8.11938818359375,-0.00226362026296556,-0.07243584841489792,-0.08615072071552277
1696958477915401700,8.129401611328126,-0.016111649572849274,0.03302222490310669,-0.059519894421100616
1696958477925415200,8.139415283203125,0.0009320789249613881,0.01810896210372448,0.023568280041217804
1696958477935428600,8.1494287109375,-0.0033288532868027687,-0.09374050796031952,-0.09893351793289185
1696958477945442000,8.159442138671874,-0.010785484686493874,0.0106523297727108,-0.041410934180021286
1696958477955455500,8.16945556640625,-0.0033288532868027687,-0.0426093190908432,-0.009453942999243736
1696958477965469200,8.17946923828125,-0.0001331541279796511,-0.06710968166589737,-0.10745538026094437
1696958477975482600,8.189482666015625,-0.007589785382151604,0.01384802907705307,-0.008388710208237171
1696958477985496000,8.19949609375,0.011584409512579441,-0.10439283400774002,-0.07336792349815369
1696958477995509500,8.209509521484375,-0.018242115154862404,0.0852186381816864,-0.08615072071552277
1696958478005523000,8.21952294921875,-0.019307348877191544,0.07137060910463333,0.009720250964164734
1696958478015536600,8.22953662109375,-0.022503048181533813,-0.0031956990715116262,-0.12449911236763
1696958478025550000,8.239550048828125,-0.020372580736875534,0.13315412402153015,0.005459319334477186
1696958478035563500,8.2495634765625,-0.020372580736875534,0.03941362351179123,-0.052063263952732086
1696958478045577000,8.259576904296875,-0.024633513763546944,0.06178351491689682,-0.050998032093048096
1696958478055590400,8.26959033203125,-0.018242115154862404,0.00852186419069767,-0.013714875094592571
1696958478065604000,8.27960400390625,-0.012915950268507004,-0.0159784946590662,-0.004127778112888336
1696958478075617500,8.289617431640625,-0.026763979345560074,0.01704372838139534,-0.08934641629457474
1696958478085631000,8.299630859375,-0.021437814459204674,0.0063913981430232525,0.041677240282297134
1696958478095644400,8.30964453125,0.019041040912270546,-0.14167599380016327,0.008655018173158169
1696958478105657900,8.319657958984376,-0.00226362026296556,0.02023942768573761,-0.047802332788705826
1696958478115671600,8.329671630859375,-0.009720250964164734,0.03621792420744896,0.053394805639982224
1696958478125685000,8.33968505859375,0.009453942999243736,-0.11078423261642456,0.004394086077809334
1696958478135698400,8.349698486328125,0.015845341607928276,0.10119713842868805,0.025698747485876083
1696958478145711900,8.3597119140625,0.008388710208237171,-0.05113118514418602,0.050199106335639954
1696958478155725300,8.369725341796874,0.009453942999243736,0.01384802907705307,-0.019041040912270546
1696958478165739000,8.379739013671875,0.024367205798625946,0.0159784946590662,0.13435252010822296
1696958478175752400,8.38975244140625,0.016910573467612267,0.01704372838139534,-0.033954303711652756
1696958478185766000,8.399765869140625,0.011584409512579441,0.05113118514418602,0.11517832428216934
1696958478195779300,8.409779296875,0.019041040912270546,0.03089175745844841,0.034220609813928604
1696958478205792800,8.419792724609374,0.027562905102968216,0.04047885537147522,0.08002562820911407
1696958478215806500,8.429806396484375,0.010519175790250301,0.0010652330238372087,0.025698747485876083
1696958478225820000,8.43981982421875,0.005193010903894901,0.11930610239505768,0.08002562820911407
1696958478235833300,8.449833251953125,0.023301972076296806,-0.0063913981430232525,0.10026505589485168
1696958478245846800,8.4598466796875,0.013714875094592571,-0.009587096981704235,-0.024367205798625946
1696958478255860200,8.469860107421875,0.010519175790250301,0.09267527610063553,0.14287437498569489
1696958478265874000,8.4798740234375,0.015845341607928276,-0.06178351491689682,0.006524552125483751
1696958478275887400,8.489887451171874,0.023301972076296806,-0.02450035884976387,0.0778951644897461
1696958478285900800,8.49990087890625,0.012649642303586006,-0.01491326279938221,0.031024912372231483
1696958478295914200,8.509914306640624,0.015845341607928276,-0.0159784946590662,0.07043853402137756
1696958478305927700,8.519927734375,0.017975807189941406,-0.04473978653550148,0.048068638890981674
1696958478315941000,8.529941162109376,0.009453942999243736,-0.02236989326775074,0.031024912372231483
1696958478325954800,8.539954833984375,0.004127778112888336,0.0532616525888443,0.07043853402137756
1696958478335968300,8.54996826171875,0.010519175790250301,-0.05219641700387001,0.040612008422613144
1696958478345981700,8.559981689453124,0.007323476951569319,0.06178351491689682,0.022503048181533813
1696958478355995100,8.5699951171875,0.010519175790250301,-0.01171756349503994,0.08109086751937866
1696958478366008600,8.580008544921874,0.012649642303586006,-0.02023942768573761,0.006524552125483751
1696958478376022300,8.590022216796875,0.016910573467612267,0.04047885537147522,0.08109086751937866
1696958478386035700,8.60003564453125,0.017975807189941406,-0.01704372838139534,0.0001331541279796511
1696958478396049200,8.610049072265625,0.019041040912270546,0.01384802907705307,0.06830807030200958
1696958478406062600,8.6200625,0.024367205798625946,-0.01491326279938221,0.041677240282297134
1696958478416076000,8.630075927734374,0.029693370684981346,-0.02023942768573761,0.015046416781842709
1696958478426089700,8.64008984375,0.028628136962652206,-0.01491326279938221,0.06511236727237701
1696958478436103200,8.650103271484374,0.03928046673536301,-0.04367455467581749,0.03954677656292915
1696958478446116600,8.66011669921875,0.041410934180021286,-0.03408745676279068,0.03209014609456062
1696958478456130000,8.670130126953126,0.03608476743102074,-0.00852186419069767,0.043807707726955414
1696958478466143500,8.6801435546875,0.042476166039705276,-0.07137060910463333,0.048068638890981674
1696958478476157200,8.6901572265625,0.048867564648389816,0.0159784946590662,0.05232957378029823
1696958478486170600,8.700170654296874,0.047802332788705826,-0.04367455467581749,0.041677240282297134
1696958478496184000,8.71018408203125,0.042476166039705276,-0.08202294260263443,0.050199106335639954
1696958478506197500,8.720197509765624,0.05632419511675835,0.01917419396340847,0.0874822586774826
1696958478516211000,8.7302109375,0.060585130006074905,-0.08947957307100296,0.03954677656292915
1696958478526224600,8.740224609375,0.04673709720373154,-0.02982652559876442,0.05978620424866676
1696958478536238000,8.750238037109375,0.060585130006074905,-0.0106523297727108,0.11304785311222076
1696958478546251500,8.76025146484375,0.06910699605941772,0.02450035884976387,0.047003407031297684
1696958478556265000,8.770264892578124,0.06378082931041718,0.03941362351179123,0.061916667968034744
1696958478566278400,8.7802783203125,0.06378082931041718,0.0958709716796875,0.12689588963985443
1696958478576292000,8.7902919921875,0.06910699605941772,-0.02236989326775074,0.017176883295178413
1696958478586305500,8.800305419921875,0.057389430701732635,0.10332760214805603,0.08002562820911407
1696958478596319000,8.810319091796876,0.048867564648389816,0.08947957307100296,0.058720968663692474
1696958478606332400,8.82033251953125,0.055258963257074356,0.05006595328450203,0.013981183059513569
1696958478616346000,8.83034619140625,0.08188978582620621,-0.10119713842868805,0.058720968663692474
1696958478626359600,8.840359619140624,0.061650361865758896,-0.06178351491689682,-0.023301972076296806
1696958478636373000,8.850373046875,0.04993279650807381,0.0639139786362648,0.07363422960042953
1696958478646386700,8.86038671875,0.06484606117010117,-0.0159784946590662,0.023568280041217804
1696958478656400100,8.870400146484375,0.047802332788705826,-0.05006595328450203,-0.038215234875679016
1696958478666413800,8.880413818359376,0.035019535571336746,0.05752258375287056,-0.009453942999243736
1696958478676427300,8.89042724609375,0.04673709720373154,0.05113118514418602,0.036351077258586884
1696958478686440700,8.900440673828125,0.041410934180021286,-0.01704372838139534,-0.06378082931041718
1696958478696454400,8.910454345703124,0.030758604407310486,0.06178351491689682,-0.016910573467612267
1696958478706467800,8.9204677734375,0.033954303711652756,0.06604444980621338,-0.026497671380639076
1696958478716481500,8.9304814453125,0.04673709720373154,0.06604444980621338,-0.028628136962652206
1696958478726495000,8.940494873046875,0.038215234875679016,0.0031956990715116262,-0.10106398165225983
1696958478736508400,8.95050830078125,0.03288906812667847,0.0745663121342659,-0.027562905102968216
1696958478746522000,8.960522216796875,0.04673709720373154,0.02450035884976387,-0.06697652488946915
1696958478756535600,8.97053564453125,0.052063263952732086,0.03302222490310669,-0.05312849581241608
1696958478766549200,8.98054931640625,0.05312849581241608,-0.03621792420744896,-0.0925421193242073
1696958478776562700,8.990562744140625,0.052063263952732086,0.04793548583984375,-0.055258963257074356
1696958478786576100,9.000576171875,0.06591129302978516,-0.00852186419069767,-0.03608476743102074
1696958478796589800,9.01058984375,0.06271559745073318,-0.05858781561255455,-0.11597724258899689
1696958478806603300,9.020603271484376,0.061650361865758896,-0.0053261648863554,-0.023301972076296806
1696958478816617000,9.030616943359375,0.0723026916384697,-0.03941362351179123,-0.054193731397390366
1696958478826630400,9.04063037109375,0.07017222791910172,-0.02023942768573761,-0.07549838721752167
1696958478836643800,9.050643798828125,0.06271559745073318,-0.02876129187643528,-0.054193731397390366
1696958478846657500,9.060657470703125,0.06484606117010117,0.02663082629442215,-0.050998032093048096
1696958478856671000,9.0706708984375,0.07336792349815369,-0.04580501839518547,-0.020106272771954536
1696958478866684700,9.0806845703125,0.06271559745073318,0.0063913981430232525,-0.09147688746452332
1696958478876698000,9.090697998046876,0.058454662561416626,0.04900071769952774,0.019307348877191544
1696958478886711600,9.100711669921875,0.06271559745073318,-0.0021304660476744175,-0.07336792349815369
1696958478896725200,9.110725341796876,0.06804175674915314,0.0319569893181324,0.021437814459204674
1696958478906738700,9.12073876953125,0.04993279650807381,0.009587096981704235,-0.07443315535783768
1696958478916752400,9.13075244140625,0.060585130006074905,0.06817491352558136,0.051264338195323944
1696958478926765800,9.140765869140624,0.061650361865758896,-0.02663082629442215,-0.048867564648389816
1696958478936779300,9.150779296875,0.055258963257074356,0.05006595328450203,0.023568280041217804
1696958478946792700,9.160792724609376,0.05632419511675835,-0.0106523297727108,0.011850717477500439
1696958478956806100,9.17080615234375,0.05632419511675835,0.01704372838139534,-0.014780107885599136
1696958478966819800,9.18081982421875,0.06271559745073318,0.00852186419069767,0.041677240282297134
1696958478976833300,9.190833251953125,0.050998032093048096,-0.07669677585363388,-0.026497671380639076
1696958478986846700,9.2008466796875,0.058454662561416626,0.02023942768573761,0.050199106335639954
1696958478996860200,9.210860107421874,0.05632419511675835,-0.007456631399691105,0.011850717477500439
1696958479006873600,9.22087353515625,0.050998032093048096,-0.01491326279938221,0.0011983871227130294
1696958479016887300,9.23088720703125,0.042476166039705276,-0.004260932095348835,0.027829213067889214
1696958479026900700,9.240900634765625,0.054193731397390366,0.05752258375287056,0.018242115154862404
1696958479036914200,9.2509140625,0.048867564648389816,-0.04047885537147522,0.008655018173158169
1696958479046927600,9.260927734375,0.037150003015995026,0.02023942768573761,0.008655018173158169
1696958479056941000,9.270941162109375,0.03928046673536301,0.02982652559876442,0.03528584539890289
1696958479066954800,9.280954833984374,0.047802332788705826,0.02876129187643528,-0.009453942999243736
1696958479076968200,9.29096826171875,0.033954303711652756,-0.02556559257209301,0.026763979345560074
1696958479086981600,9.300981689453126,0.030758604407310486,0.0426093190908432,-0.014780107885599136
1696958479096995000,9.3109951171875,0.042476166039705276,0.05965305119752884,0.061916667968034744
1696958479107008500,9.321008544921876,0.03288906812667847,-0.04580501839518547,-0.042476166039705276
1696958479117022000,9.33102197265625,0.027562905102968216,0.08415340632200241,0.04274247586727142
1696958479127035600,9.34103564453125,0.035019535571336746,0.02556559257209301,0.006524552125483751
1696958479137049000,9.351049072265624,0.03608476743102074,0.0106523297727108,-0.0009320789249613881
1696958479147062500,9.3610625,0.024367205798625946,-0.0021304660476744175,0.008655018173158169
1696958479157076000,9.371075927734376,0.030758604407310486,0.07243584841489792,0.023568280041217804
1696958479167089400,9.38108935546875,0.044606633484363556,-0.03408745676279068,0.023568280041217804
1696958479177103000,9.39110302734375,0.024367205798625946,0.009587096981704235,-0.043541401624679565
1696958479187116500,9.401116455078125,0.03288906812667847,0.03302222490310669,0.07363422960042953
1696958479197130000,9.4111298828125,0.043541401624679565,-0.05432688444852829,-0.021171506494283676
1696958479207143400,9.421143310546874,0.035019535571336746,0.009587096981704235,0.008655018173158169
1696958479217156900,9.431156982421875,0.029693370684981346,-0.0213046595454216,0.009720250964164734
1696958479227170600,9.441170654296876,0.035019535571336746,0.01917419396340847,-0.010519175790250301
1696958479237184000,9.45118408203125,0.041410934180021286,-0.0159784946590662,0.051264338195323944
1696958479247197400,9.461197509765626,0.027562905102968216,-0.03408745676279068,-0.06271559745073318
1696958479257211000,9.4712109375,0.035019535571336746,0.03621792420744896,0.05978620424866676
1696958479267224300,9.481224365234375,0.033954303711652756,-0.0213046595454216,0.0011983871227130294
1696958479277238000,9.491238037109374,0.026497671380639076,-0.01810896210372448,-0.037150003015995026
1696958479287251500,9.50125146484375,0.026497671380639076,0.01704372838139534,0.050199106335639954
1696958479297265000,9.511264892578126,0.037150003015995026,-0.02343512699007988,-0.001997311832383275
1696958479307278300,9.5212783203125,0.023301972076296806,-0.0532616525888443,0.0011983871227130294
1696958479317291800,9.531291748046876,0.020106272771954536,0.007456631399691105,0.016111649572849274
1696958479327305500,9.541305419921875,0.03928046673536301,-0.03621792420744896,0.061916667968034744
1696958479337319000,9.55131884765625,0.016910573467612267,-0.0106523297727108,-0.057389430701732635
1696958479347332400,9.561332275390624,0.013714875094592571,0.0213046595454216,0.06937330216169357
1696958479357345800,9.571345703125,0.027562905102968216,-0.03089175745844841,0.011850717477500439
1696958479367359200,9.581359130859376,0.015845341607928276,0.04580501839518547,-0.0030625448562204838
1696958479377373000,9.591373046875,0.009453942999243736,-0.02343512699007988,0.033155377954244614
1696958479387386400,9.601386474609376,0.022236740216612816,0.0021304660476744175,0.034220609813928604
1696958479397399800,9.61139990234375,0.008388710208237171,0.03728315606713295,-0.017975807189941406
1696958479407413200,9.621413330078125,0.011584409512579441,-0.02023942768573761,0.051264338195323944
1696958479417426700,9.6314267578125,0.015845341607928276,-0.01384802907705307,0.0033288532868027687
1696958479427440000,9.641440185546875,0.005193010903894901,0.01171756349503994,0.011850717477500439
1696958479437453800,9.651453857421876,0.016910573467612267,-0.05113118514418602,0.008655018173158169
1696958479447467300,9.66146728515625,0.011584409512579441,-0.00852186419069767,0.031024912372231483
1696958479457480700,9.671480712890625,0.001997311832383275,-0.0159784946590662,-0.03928046673536301
1696958479467494100,9.681494140625,0.012649642303586006,0.007456631399691105,0.061916667968034744
1696958479477507600,9.691507568359375,0.005193010903894901,-0.02023942768573761,-0.03288906812667847
1696958479487521300,9.701521240234374,-0.0011983871227130294,0.012782796286046505,0.006524552125483751
1696958479497534700,9.71153466796875,0.006258244160562754,-0.0031956990715116262,0.019307348877191544
1696958479507548200,9.721548095703126,-0.0033288532868027687,0.0021304660476744175,-0.029693370684981346
1696958479517561600,9.7315615234375,-0.00226362026296556,0.03834838792681694,0.018242115154862404
1696958479527575000,9.741574951171875,-0.008655018173158169,-0.03089175745844841,0.010785484686493874
1696958479537588700,9.751588623046874,-0.0001331541279796511,0.04580501839518547,-0.007323476951569319
1696958479547602200,9.761602294921875,-0.010785484686493874,0.01491326279938221,0.017176883295178413
1696958479557615600,9.77161572265625,-0.004394086077809334,0,0.009720250964164734
1696958479567629000,9.781629150390625,-0.012915950268507004,0.0159784946590662,0.006524552125483751
1696958479577642500,9.791642578125,-0.005459319334477186,0.01171756349503994,0.013981183059513569
1696958479587656200,9.80165625,-0.0033288532868027687,-0.02663082629442215,0.03954677656292915
1696958479597669600,9.811669677734375,-0.011850717477500439,-0.0159784946590662,-0.026497671380639076
1696958479607683000,9.82168310546875,0.0009320789249613881,0.0021304660476744175,0.066177599132061
1696958479617696500,9.831696533203125,-0.007589785382151604,-0.03941362351179123,-0.004127778112888336
1696958479627710000,9.8417099609375,0.001997311832383275,-0.009587096981704235,0.028894444927573204
1696958479637723600,9.8517236328125,-0.010785484686493874,-0.0426093190908432,0.024633513763546944
1696958479647737000,9.861737060546876,-0.0011983871227130294,0.02450035884976387,0.018242115154862404
1696958479657750500,9.87175048828125,-0.006524552125483751,-0.04793548583984375,0.025698747485876083
1696958479667764000,9.881763916015625,-0.006524552125483751,-0.0010652330238372087,-0.004127778112888336
1696958479677777400,9.89177734375,-0.011850717477500439,0.0213046595454216,0.044872939586639404
1696958479687791000,9.901791015625,-0.004394086077809334,-0.05006595328450203,-0.023301972076296806
1696958479697804500,9.911804443359374,-0.011850717477500439,0.08628387749195099,0.040612008422613144
1696958479707818000,9.92181787109375,-0.008655018173158169,-0.02876129187643528,0.018242115154862404
1696958479717831400,9.93183154296875,-0.013981183059513569,0.02236989326775074,-0.010519175790250301
1696958479727844900,9.941844970703125,-0.016111649572849274,0.0532616525888443,0.03848154470324516
1696958479737858300,9.9518583984375,-0.011850717477500439,0.06604444980621338,-0.015845341607928276
1696958479747872000,9.9618720703125,-0.019307348877191544,0.03834838792681694,0.057655736804008484
1696958479757885400,9.971885498046875,-0.012915950268507004,-0.0053261648863554,-0.026497671380639076
1696958479767899000,9.98189892578125,-0.019307348877191544,0.07030537724494934,0.053394805639982224
1696958479777912300,9.991912353515625,-0.009720250964164734,0.012782796286046505,-0.012649642303586006
1696958479787925800,10.00192578125,-0.022503048181533813,0.0031956990715116262,0.04274247586727142
1696958479797939500,10.011939453125,-0.013981183059513569,-0.004260932095348835,-0.024367205798625946
1696958479807953000,10.021952880859375,-0.018242115154862404,0.04580501839518547,0.034220609813928604
1696958479817966300,10.03196630859375,-0.013981183059513569,-0.0159784946590662,-0.008388710208237171
1696958479827979800,10.041979736328125,-0.025698747485876083,0.009587096981704235,0.0033288532868027687
1696958479837993200,10.0519931640625,-0.019307348877191544,0.012782796286046505,-0.010519175790250301
1696958479848007000,10.0620068359375,-0.018242115154862404,0.02450035884976387,0.018242115154862404
1696958479858020400,10.072020263671876,-0.021437814459204674,-0.01810896210372448,-0.040345702320337296
1696958479868033800,10.08203369140625,-0.019307348877191544,-0.012782796286046505,0.03209014609456062
1696958479878047200,10.092047119140625,-0.021437814459204674,-0.0426093190908432,-0.048867564648389816
1696958479888060700,10.102060791015624,-0.012915950268507004,0.03728315606713295,0.033155377954244614
1696958479898074400,10.112074462890625,-0.023568280041217804,-0.07669677585363388,-0.052063263952732086
1696958479908087800,10.122087890625,-0.019307348877191544,0.01171756349503994,0.033155377954244614
1696958479918101200,10.132101318359375,-0.018242115154862404,-0.03728315606713295,-0.030758604407310486
1696958479928115000,10.142114990234376,-0.019307348877191544,0.04793548583984375,0.0033288532868027687
1696958479938128400,10.15212841796875,-0.023568280041217804,-0.00852186419069767,0.006524552125483751
1696958479948141800,10.162141845703125,-0.021437814459204674,0.004260932095348835,-0.026497671380639076
1696958479958155500,10.172155517578124,-0.020372580736875534,0.04473978653550148,0.028894444927573204
1696958479968169000,10.1821689453125,-0.015046416781842709,0.0031956990715116262,0.0011983871227130294
1696958479978182700,10.1921826171875,-0.023568280041217804,-0.0021304660476744175,0.00226362026296556
1696958479988196000,10.202196044921875,-0.012915950268507004,0.0010652330238372087,-0.004127778112888336
1696958479998209500,10.21220947265625,-0.013981183059513569,0.0426093190908432,0.034220609813928604
1696958480008223200,10.22222314453125,-0.007589785382151604,-0.0745663121342659,-0.015845341607928276
1696958480018236700,10.232236572265625,-0.013981183059513569,0.05113118514418602,0.024633513763546944
1696958480028250400,10.24225048828125,-0.004394086077809334,-0.04900071769952774,0.016111649572849274
1696958480038263800,10.252263916015625,-0.017176883295178413,0.007456631399691105,-0.019041040912270546
1696958480048277200,10.26227734375,-0.007589785382151604,-0.01917419396340847,0.04593817517161369
1696958480058291000,10.272291015625,-0.012915950268507004,0.00852186419069767,-0.026497671380639076
1696958480068304400,10.282304443359376,-0.007589785382151604,-0.01491326279938221,0.010785484686493874
1696958480078318000,10.292318115234375,-0.015046416781842709,0.0053261648863554,0.00226362026296556
1696958480088331500,10.30233154296875,-0.005459319334477186,-0.02236989326775074,0.005459319334477186
1696958480098345000,10.312344970703125,-0.016111649572849274,0.04900071769952774,-0.024367205798625946
1696958480108358700,10.322358642578125,-0.009720250964164734,-0.01810896210372448,0.029959678649902344
1696958480118372000,10.3323720703125,-0.011850717477500439,-0.02343512699007988,-0.054193731397390366
1696958480128385800,10.3423857421875,-0.009720250964164734,0.03834838792681694,0.024633513763546944
1696958480138399200,10.352399169921876,-0.009720250964164734,-0.05006595328450203,-0.04993279650807381
1696958480148412700,10.36241259765625,-0.010785484686493874,-0.01171756349503994,0.021437814459204674
1696958480158426400,10.37242626953125,-0.018242115154862404,0.00852186419069767,-0.060585130006074905
1696958480168439800,10.382439697265625,-0.007589785382151604,0.004260932095348835,0.031024912372231483
1696958480178453200,10.392453369140625,-0.015046416781842709,-0.03408745676279068,-0.06484606117010117
1696958480188467000,10.402467041015624,-0.020372580736875534,0.0159784946590662,0.005459319334477186
1696958480198480400,10.41248046875,-0.011850717477500439,-0.007456631399691105,-0.040345702320337296
1696958480208494000,10.422494140625,-0.013981183059513569,0.00852186419069767,0.010785484686493874
1696958480218507500,10.432507568359375,-0.018242115154862404,-0.012782796286046505,-0.047802332788705826
1696958480228521000,10.44252099609375,-0.015046416781842709,0.03728315606713295,0.012915950268507004
1696958480238534700,10.45253466796875,-0.015046416781842709,0.0063913981430232525,-0.059519894421100616
1696958480248548000,10.462548095703125,-0.013981183059513569,0.0021304660476744175,0.028894444927573204
1696958480258561800,10.472561767578124,-0.015046416781842709,0.0106523297727108,-0.07656362652778625
1696958480268575200,10.4825751953125,-0.016111649572849274,0.03302222490310669,0.008655018173158169
1696958480278588700,10.492588623046874,-0.010785484686493874,0.009587096981704235,-0.031823836266994476
1696958480288602400,10.502602294921875,-0.012915950268507004,-0.01917419396340847,-0.017975807189941406
1696958480298615800,10.51261572265625,-0.011850717477500439,0.02556559257209301,-0.030758604407310486
1696958480308629200,10.522629150390625,-0.007589785382151604,-0.01171756349503994,0.007589785382151604
1696958480318642700,10.532642578125,-0.010785484686493874,-0.01491326279938221,-0.06271559745073318
1696958480328656400,10.542656494140624,-0.009720250964164734,0.02663082629442215,0.037416309118270874
1696958480338669800,10.552669921875,-0.004394086077809334,-0.03621792420744896,-0.04993279650807381
1696958480348683300,10.562683349609374,-0.008655018173158169,0.007456631399691105,0.023568280041217804
1696958480358696700,10.57269677734375,-0.005459319334477186,-0.007456631399691105,-0.009453942999243736
1696958480368710100,10.582710205078126,-0.009720250964164734,-0.00852186419069767,0.012915950268507004
1696958480378723800,10.592723876953125,-0.0033288532868027687,0.009587096981704235,-0.0009320789249613881
1696958480388737300,10.6027373046875,-0.012915950268507004,0.0010652330238372087,0.022503048181533813
1696958480398750700,10.612750732421874,-0.007589785382151604,-0.02236989326775074,-0.013714875094592571
1696958480408764200,10.62276416015625,-0.007589785382151604,0.004260932095348835,0.04274247586727142
1696958480418777600,10.632777587890626,-0.004394086077809334,-0.02982652559876442,-0.005193010903894901
1696958480428791300,10.642791259765625,-0.016111649572849274,0.05219641700387001,0.034220609813928604
1696958480438804700,10.6528046875,-0.006524552125483751,-0.04687025398015976,0.019307348877191544
1696958480448818200,10.662818115234375,-0.013981183059513569,0.07669677585363388,-0.006258244160562754
1696958480458831600,10.67283154296875,-0.004394086077809334,0.0031956990715116262,0.0555252730846405
1696958480468845000,10.682844970703124,-0.016111649572849274,0.05645735189318657,-0.03608476743102074
1696958480478858800,10.692858642578125,-0.0033288532868027687,0.0319569893181324,0.06830807030200958
1696958480488872200,10.7028720703125,-0.010785484686493874,0.03408745676279068,-0.055258963257074356
1696958480498885600,10.7128857421875,0.0009320789249613881,0.05113118514418602,0.06937330216169357
1696958480508899000,10.722899169921876,-0.007589785382151604,-0.0159784946590662,-0.041410934180021286
1696958480518912500,10.73291259765625,-0.0001331541279796511,0.04154408723115921,0.00226362026296556
1696958480528926200,10.74292626953125,-0.00226362026296556,0.01704372838139534,0.012915950268507004
1696958480538939600,10.752939697265624,0.001997311832383275,-0.0053261648863554,-0.019041040912270546
1696958480548953000,10.762953125,-0.0001331541279796511,0.0159784946590662,0.010785484686493874
1696958480558966500,10.772966552734376,-0.00226362026296556,0.0319569893181324,-0.007323476951569319
1696958480568980000,10.78297998046875,0.0030625448562204838,0.0159784946590662,0.0001331541279796511
1696958480578993400,10.792993408203126,0.0009320789249613881,-0.02023942768573761,0.0011983871227130294
1696958480589007000,10.803007080078125,-0.0001331541279796511,0.02982652559876442,-0.026497671380639076
1696958480599020500,10.8130205078125,-0.0001331541279796511,0.00852186419069767,0.019307348877191544
1696958480609034000,10.823033935546874,0.005193010903894901,0.00852186419069767,-0.041410934180021286
1696958480619047400,10.83304736328125,0.0009320789249613881,0.0021304660476744175,0.025698747485876083
1696958480629060900,10.843060791015626,0.004127778112888336,0.012782796286046505,-0.058454662561416626
1696958480639074600,10.853074462890625,0.006258244160562754,-0.0031956990715116262,0.04274247586727142
1696958480649088000,10.863087890625,0.0009320789249613881,-0.004260932095348835,-0.07762885838747025
1696958480659101400,10.873101318359375,0.008388710208237171,0.05432688444852829,0.047003407031297684
1696958480669115000,10.883114990234375,0.007323476951569319,-0.05539211630821228,-0.054193731397390366
1696958480679128300,10.89312841796875,0.011584409512579441,0.04473978653550148,0.007589785382151604
1696958480689142000,10.90314208984375,0.009453942999243736,-0.03408745676279068,-0.017975807189941406
1696958480699155500,10.913155517578126,0.017975807189941406,0.012782796286046505,-0.011584409512579441
1696958480709169000,10.9231689453125,0.012649642303586006,-0.02343512699007988,0.005459319334477186
1696958480719182300,10.933182373046876,0.020106272771954536,-0.0213046595454216,-0.013714875094592571
1696958480729195800,10.94319580078125,0.021171506494283676,-0.0031956990715116262,0.013981183059513569
1696958480739209500,10.95320947265625,0.013714875094592571,-0.0319569893181324,-0.024367205798625946
1696958480749223000,10.963222900390624,0.025432437658309937,0.0031956990715116262,0.036351077258586884
1696958480759236400,10.973236328125,0.017975807189941406,-0.02982652559876442,-0.004127778112888336
1696958480769249800,10.983249755859376,0.019041040912270546,0.01917419396340847,-0.006258244160562754
1696958480779263200,10.99326318359375,0.028628136962652206,-0.02876129187643528,0.07256899774074554
1696958480789277000,11.00327685546875,0.010519175790250301,0,-0.06804175674915314
1696958480799290400,11.013290283203125,0.026497671380639076,0.05965305119752884,0.09174319356679916
1696958480809303800,11.0233037109375,0.025432437658309937,-0.06710968166589737,0.00226362026296556
1696958480819317200,11.033317138671874,0.009453942999243736,0.07350108027458191,-0.026497671380639076
1696958480829330700,11.04333056640625,0.030758604407310486,0.00852186419069767,0.10985215753316879
1696958480839344400,11.053344482421876,0.013714875094592571,-0.0106523297727108,-0.08402025699615479
1696958480849357800,11.06335791015625,0.016910573467612267,0.1065233051776886,0.06937330216169357
1696958480859371300,11.073371337890626,0.025432437658309937,-0.05539211630821228,0.013981183059513569
1696958480869384700,11.083384765625,0.010519175790250301,0.09054480493068695,-0.059519894421100616
1696958480879398100,11.093398193359375,0.029693370684981346,0.0063913981430232525,0.08961272984743118
1696958480889411600,11.10341162109375,0.016910573467612267,0.007456631399691105,-0.08082455396652222
1696958480899425300,11.11342529296875,0.014780107885599136,0.08202294260263443,0.024633513763546944
1696958480909438700,11.123438720703126,0.026497671380639076,-0.009587096981704235,0.006524552125483751
1696958480919452200,11.1334521484375,0.012649642303586006,0.07137060910463333,-0.04673709720373154
1696958480929465600,11.143465576171875,0.013714875094592571,0.06710968166589737,0.005459319334477186
1696958480939479000,11.15347900390625,0.030758604407310486,-0.009587096981704235,0.013981183059513569
1696958480949492700,11.16349267578125,0.010519175790250301,0.06284874677658081,-0.07017222791910172
1696958480959506200,11.173506103515624,0.015845341607928276,0.05858781561255455,0.03528584539890289
1696958480969519600,11.18351953125,0.029693370684981346,-0.04687025398015976,-0.009453942999243736
1696958480979533300,11.193533203125,0.014780107885599136,0.04580501839518547,-0.057389430701732635
1696958480989546800,11.203546630859375,0.016910573467612267,0.02343512699007988,0.036351077258586884
1696958480999560200,11.213560302734376,0.028628136962652206,-0.02663082629442215,-0.027562905102968216
1696958481009574000,11.223573974609375,0.021171506494283676,0.009587096981704235,-0.017975807189941406
1696958481019587300,11.23358740234375,0.014780107885599136,0.0213046595454216,-0.011584409512579441
1696958481029601000,11.24360107421875,0.028628136962652206,-0.01384802907705307,0.012915950268507004
1696958481039614500,11.253614501953125,0.016910573467612267,0.03621792420744896,-0.03928046673536301
1696958481049628000,11.2636279296875,0.015845341607928276,0.0159784946590662,0.011850717477500439
1696958481059641600,11.2736416015625,0.026497671380639076,0.01704372838139534,0.007589785382151604
1696958481069655000,11.283655029296876,0.019041040912270546,0.04900071769952774,-0.010519175790250301
1696958481079668700,11.293668701171875,0.012649642303586006,0.0159784946590662,0.0011983871227130294
1696958481089682200,11.30368212890625,0.028628136962652206,0.01384802907705307,0.034220609813928604
1696958481099695600,11.313695556640624,0.025432437658309937,0.012782796286046505,0.006524552125483751
1696958481109709300,11.323709228515625,0.010519175790250301,0.02450035884976387,0.0033288532868027687
1696958481119722800,11.33372265625,0.026497671380639076,0.0213046595454216,0.066177599132061
1696958481129736400,11.343736328125,0.027562905102968216,-0.02023942768573761,0.0011983871227130294
1696958481139750000,11.35375,0.016910573467612267,0.0213046595454216,0.021437814459204674
1696958481149763300,11.363763427734375,0.017975807189941406,0.0021304660476744175,0.06404713541269302
1696958481159777000,11.373777099609375,0.023301972076296806,0.01171756349503994,0.012915950268507004
1696958481169790500,11.38379052734375,0.020106272771954536,0.01917419396340847,0.057655736804008484
1696958481179804200,11.39380419921875,0.009453942999243736,-0.01171756349503994,0.00226362026296556
1696958481189817600,11.403817626953124,0.019041040912270546,0.05858781561255455,0.06404713541269302
1696958481199831000,11.4138310546875,0.020106272771954536,-0.03089175745844841,0.018242115154862404
1696958481209844700,11.4238447265625,0.006258244160562754,0.04687025398015976,-0.0009320789249613881
1696958481219858200,11.433858154296875,0.019041040912270546,0.0031956990715116262,0.07363422960042953
1696958481229871900,11.443871826171875,0.014780107885599136,0.01704372838139534,-0.03288906812667847
1696958481239885300,11.45388525390625,0.017975807189941406,-0.009587096981704235,0.036351077258586884
1696958481249898800,11.463898681640625,0.014780107885599136,0.0021304660476744175,-0.009453942999243736
1696958481259912400,11.473912353515624,0.022236740216612816,0.01917419396340847,0.034220609813928604
1696958481269926000,11.48392578125,0.019041040912270546,-0.03302222490310669,-0.031823836266994476
1696958481279939600,11.493939697265626,0.016910573467612267,0.012782796286046505,0.03528584539890289
1696958481289953000,11.503953125,0.020106272771954536,-0.0053261648863554,-0.008388710208237171
1696958481299966500,11.513966552734376,0.023301972076296806,-0.0021304660476744175,0.008655018173158169
1696958481309980200,11.523980224609375,0.015845341607928276,-0.01171756349503994,-0.0030625448562204838
1696958481319993600,11.53399365234375,0.017975807189941406,0.04687025398015976,0.0033288532868027687
1696958481330007300,11.54400732421875,0.024367205798625946,0.00852186419069767,0.024633513763546944
1696958481340020700,11.554020751953125,0.019041040912270546,0.004260932095348835,-0.025432437658309937
1696958481350034200,11.5640341796875,0.014780107885599136,0.03941362351179123,0.019307348877191544
1696958481360047900,11.5740478515625,0.021171506494283676,0.03515268862247467,0.013981183059513569
1696958481370061300,11.584061279296876,0.024367205798625946,0.0021304660476744175,-0.022236740216612816
1696958481380074800,11.59407470703125,0.016910573467612267,0.03302222490310669,0.017176883295178413
1696958481390088400,11.60408837890625,0.022236740216612816,0.04473978653550148,-0.0030625448562204838
1696958481400102000,11.614101806640624,0.027562905102968216,0.0106523297727108,0.010785484686493874
1696958481410115300,11.624115234375,0.026497671380639076,0.0053261648863554,-0.016910573467612267
1696958481420128800,11.634128662109376,0.021171506494283676,0.0319569893181324,0.011850717477500439
1696958481430142200,11.64414208984375,0.033954303711652756,-0.0010652330238372087,0.006524552125483751
1696958481440155600,11.65415576171875,0.03288906812667847,-0.02769605815410614,-0.008388710208237171
1696958481450169300,11.66416943359375,0.026497671380639076,-0.0031956990715116262,0.016111649572849274
1696958481460182800,11.674182861328125,0.028628136962652206,0.0031956990715116262,0.00226362026296556
1696958481470196200,11.6841962890625,0.035019535571336746,-0.009587096981704235,0.036351077258586884
1696958481480209700,11.694209716796875,0.024367205798625946,-0.02663082629442215,-0.023301972076296806
1696958481490223000,11.70422314453125,0.019041040912270546,0.04473978653550148,0.057655736804008484
1696958481500236800,11.71423681640625,0.024367205798625946,0.04367455467581749,0.0033288532868027687
1696958481510250200,11.724250244140626,0.024367205798625946,0.01171756349503994,0.037416309118270874
1696958481520263700,11.734263671875,0.010519175790250301,0.03515268862247467,-0.009453942999243736
1696958481530277000,11.744277099609375,0.017975807189941406,0.11078423261642456,0.053394805639982224
1696958481540290600,11.75429052734375,0.023301972076296806,0.01917419396340847,0.004394086077809334
1696958481550304300,11.76430419921875,0.012649642303586006,0.04367455467581749,0.006524552125483751
1696958481560317700,11.774317626953126,0.013714875094592571,0.09480573982000351,0.022503048181533813
1696958481570331100,11.7843310546875,0.021171506494283676,0.0426093190908432,0.010785484686493874
1696958481580344600,11.794344482421875,0.024367205798625946,0.01171756349503994,-0.0030625448562204838
1696958481590358000,11.80435791015625,0.017975807189941406,0.00852186419069767,0.005459319334477186
1696958481600371700,11.814371826171875,0.023301972076296806,0.03941362351179123,-0.001997311832383275
1696958481610385200,11.82438525390625,0.033954303711652756,-0.01917419396340847,0.024633513763546944
1696958481620398600,11.834398681640625,0.022236740216612816,-0.04047885537147522,-0.04673709720373154
1696958481630412000,11.844412109375,0.023301972076296806,0.03089175745844841,0.036351077258586884
1696958481640425500,11.854425537109375,0.031823836266994476,-0.02236989326775074,-0.012649642303586006
1696958481650439200,11.864439208984376,0.025432437658309937,-0.01810896210372448,-0.027562905102968216
1696958481660452600,11.87445263671875,0.022236740216612816,-0.0010652330238372087,0.023568280041217804
1696958481670466000,11.884466064453125,0.020106272771954536,0.01704372838139534,-0.03928046673536301
1696958481680479500,11.8944794921875,0.026497671380639076,0.03728315606713295,0.028894444927573204
1696958481690493000,11.904492919921875,0.022236740216612816,-0.02769605815410614,-0.041410934180021286
1696958481700506600,11.914506591796876,0.016910573467612267,0.05113118514418602,0.0011983871227130294
1696958481710520000,11.92452001953125,0.027562905102968216,0.02236989326775074,0.016111649572849274
1696958481720533500,11.934533447265625,0.023301972076296806,-0.0031956990715116262,-0.04993279650807381
1696958481730547000,11.944546875,0.020106272771954536,0.01704372838139534,0.031024912372231483
1696958481740560400,11.954560302734375,0.030758604407310486,-0.02876129187643528,-0.016910573467612267
1696958481750573800,11.96457373046875,0.029693370684981346,0.01171756349503994,0.011850717477500439
1696958481760587500,11.97458740234375,0.019041040912270546,-0.02343512699007988,-0.019041040912270546
1696958481770601000,11.98460107421875,0.026497671380639076,-0.0010652330238372087,0.019307348877191544
1696958481780614400,11.994614501953125,0.03288906812667847,-0.01384802907705307,0.017176883295178413
1696958481790627800,12.0046279296875,0.021171506494283676,-0.02450035884976387,-0.026497671380639076
1696958481800641300,12.014641357421874,0.017975807189941406,0.0213046595454216,0.04274247586727142
1696958481810655000,12.024655029296875,0.026497671380639076,0,0.0011983871227130294
1696958481820668400,12.03466845703125,0.022236740216612816,0.0031956990715116262,0.013981183059513569
1696958481830681900,12.044681884765625,0.011584409512579441,0.01171756349503994,0.008655018173158169
1696958481840695300,12.0546953125,0.017975807189941406,0.04367455467581749,0.027829213067889214
1696958481850708700,12.064708740234375,0.022236740216612816,0.01491326279938221,0.025698747485876083
1696958481860722400,12.074722412109375,0.012649642303586006,-0.0053261648863554,-0.014780107885599136
1696958481870736000,12.08473583984375,0.012649642303586006,0.03515268862247467,0.040612008422613144
1696958481880749300,12.094749267578125,0.022236740216612816,0.009587096981704235,0.018242115154862404
1696958481890762800,12.1047626953125,0.015845341607928276,-0.0106523297727108,-0.011584409512579441
1696958481900776200,12.114776123046875,0.011584409512579441,0.009587096981704235,0.03209014609456062
1696958481910790000,12.124789794921876,0.017975807189941406,0.01171756349503994,-0.004127778112888336
1696958481920803300,12.13480322265625,0.016910573467612267,0,0.017176883295178413
1696958481930816800,12.144816650390625,0.010519175790250301,-0.01491326279938221,-0.028628136962652206
1696958481940830500,12.15483056640625,0.015845341607928276,0.01704372838139534,0.025698747485876083
1696958481950844000,12.164843994140625,0.014780107885599136,-0.00852186419069767,-0.023301972076296806
1696958481960857300,12.174857421875,0.008388710208237171,0.02023942768573761,-0.027562905102968216
1696958481970871000,12.18487109375,0.010519175790250301,0.0031956990715116262,-0.004127778112888336
1696958481980884500,12.194884521484376,0.012649642303586006,0.01171756349503994,-0.027562905102968216
1696958481990898200,12.204898193359375,0.009453942999243736,0.0053261648863554,-0.030758604407310486
1696958482000911600,12.21491162109375,0.006258244160562754,0.004260932095348835,-0.029693370684981346
1696958482010925000,12.224925048828124,0.011584409512579441,0.02023942768573761,-0.014780107885599136
1696958482020938800,12.234938720703125,0.009453942999243736,-0.007456631399691105,-0.061650361865758896
1696958482030952200,12.2449521484375,0.005193010903894901,0.0319569893181324,-0.009453942999243736
1696958482040966000,12.2549658203125,0.010519175790250301,-0.01491326279938221,-0.03928046673536301
1696958482050979300,12.264979248046876,0.011584409512579441,0.02556559257209301,-0.022236740216612816
1696958482060992800,12.27499267578125,0.0009320789249613881,0.01491326279938221,-0.048867564648389816
1696958482071006500,12.28500634765625,0.007323476951569319,0.02023942768573761,-0.020106272771954536
1696958482081020000,12.29502001953125,0.015845341607928276,0.0010652330238372087,-0.001997311832383275
1696958482091033600,12.30503369140625,0.0009320789249613881,0.0021304660476744175,-0.08508548885583878
1696958482101047000,12.315047119140624,0.007323476951569319,0.02236989326775074,0.03848154470324516
1696958482111060500,12.325060546875,0.016910573467612267,-0.04687025398015976,-0.037150003015995026
1696958482121074200,12.33507421875,0.006258244160562754,0.02343512699007988,-0.033954303711652756
1696958482131087600,12.345087646484375,0.005193010903894901,-0.03089175745844841,0.006524552125483751
1696958482141101300,12.355101318359376,0.017975807189941406,-0.01384802907705307,-0.008388710208237171
1696958482151114800,12.36511474609375,0.011584409512579441,-0.03302222490310669,-0.012649642303586006
1696958482161128200,12.375128173828125,0.0030625448562204838,-0.009587096981704235,-0.020106272771954536
1696958482171142000,12.385141845703124,0.010519175790250301,-0.009587096981704235,0.03209014609456062
1696958482181155300,12.3951552734375,0.010519175790250301,-0.0021304660476744175,-0.025432437658309937
1696958482191169000,12.4051689453125,0.001997311832383275,-0.0159784946590662,0.0033288532868027687
1696958482201182500,12.415182373046875,0.0009320789249613881,0.03089175745844841,-0.005193010903894901
1696958482211196000,12.42519580078125,0.010519175790250301,-0.00852186419069767,0.021437814459204674
1696958482221209600,12.435209716796875,0.0030625448562204838,-0.0106523297727108,-0.054193731397390366
1696958482231223000,12.44522314453125,-0.0011983871227130294,0.02769605815410614,0.03209014609456062
1696958482241236500,12.455236572265624,0.012649642303586006,-0.03408745676279068,-0.028628136962652206
1696958482251250200,12.465250244140625,0.006258244160562754,0.012782796286046505,-0.011584409512579441
1696958482261263600,12.475263671875,-0.0001331541279796511,-0.01917419396340847,-0.038215234875679016
1696958482271277300,12.48527734375,0.009453942999243736,0.02556559257209301,0.007589785382151604
1696958482281290800,12.495290771484376,0.011584409512579441,-0.012782796286046505,-0.035019535571336746
1696958482291304200,12.50530419921875,0.0009320789249613881,0.02556559257209301,-0.050998032093048096
1696958482301318000,12.51531787109375,0.011584409512579441,-0.0053261648863554,0.03209014609456062
1696958482311331300,12.525331298828124,0.007323476951569319,0.0031956990715116262,-0.0829550251364708
1696958482321345000,12.535344970703125,0.007323476951569319,0.03728315606713295,0.012915950268507004
1696958482331358500,12.5453583984375,0.008388710208237171,-0.06178351491689682,-0.06591129302978516
1696958482341372000,12.555371826171875,0.011584409512579441,0.05752258375287056,0.010785484686493874
1696958482351385600,12.565385498046876,0.010519175790250301,-0.05432688444852829,-0.05632419511675835
1696958482361399000,12.57539892578125,0.004127778112888336,0.0010652330238372087,-0.038215234875679016
1696958482371412700,12.585412841796876,0.013714875094592571,-0.0010652330238372087,0.013981183059513569
1696958482381426200,12.59542626953125,0.011584409512579441,-0.04473978653550148,-0.07656362652778625
1696958482391439600,12.605439697265625,0.004127778112888336,0,-0.009453942999243736
1696958482401453300,12.615453369140624,0.012649642303586006,-0.02982652559876442,-0.025432437658309937
1696958482411466800,12.625466796875,0.009453942999243736,0.0106523297727108,-0.033954303711652756
1696958482421480200,12.635480224609376,0.0009320789249613881,-0.007456631399691105,-0.04673709720373154
1696958482431493600,12.64549365234375,0.004127778112888336,-0.0031956990715116262,-0.009453942999243736
1696958482441507000,12.655507080078126,0.006258244160562754,0.01384802907705307,-0.041410934180021286
1696958482451520800,12.665520751953125,0.004127778112888336,-0.0031956990715116262,-0.017975807189941406
1696958482461534200,12.6755341796875,-0.0011983871227130294,-0.02556559257209301,-0.043541401624679565
1696958482471547600,12.685547607421874,0.006258244160562754,0.02982652559876442,0.023568280041217804
1696958482481561000,12.69556103515625,0.004127778112888336,-0.06178351491689682,-0.047802332788705826
1696958482491574500,12.705574462890626,-0.007589785382151604,0.00852186419069767,-0.0030625448562204838
1696958482501588200,12.715588134765625,0.004127778112888336,-0.02876129187643528,0.026763979345560074
1696958482511601700,12.7256015625,0.001997311832383275,-0.02982652559876442,-0.019041040912270546
1696958482521615000,12.735614990234374,-0.009720250964164734,-0.01810896210372448,0.011850717477500439
1696958482531628500,12.745628662109375,-0.005459319334477186,-0.02876129187643528,0.017176883295178413
1696958482541642000,12.75564208984375,0.001997311832383275,-0.00852186419069767,0.03528584539890289
1696958482551655700,12.76565576171875,-0.013981183059513569,-0.03728315606713295,-0.014780107885599136
1696958482561669000,12.775669189453126,-0.020372580736875534,0.02556559257209301,0.03954677656292915
1696958482571682600,12.7856826171875,-0.007589785382151604,-0.004260932095348835,0.04593817517161369
1696958482581696000,12.795696044921876,-0.016111649572849274,-0.0063913981430232525,-0.007323476951569319
1696958482591709400,12.80570947265625,-0.026763979345560074,0.02343512699007988,0.047003407031297684
1696958482601723100,12.81572314453125,-0.018242115154862404,0.01917419396340847,0.017176883295178413
1696958482611736600,12.825736572265624,-0.015046416781842709,0.01491326279938221,0.040612008422613144
1696958482621750000,12.83575,-0.024633513763546944,-0.01704372838139534,-0.004127778112888336
1696958482631763500,12.845763427734376,-0.024633513763546944,0.03408745676279068,0.033155377954244614
1696958482641777000,12.85577685546875,-0.015046416781842709,0.02556559257209301,0.027829213067889214
1696958482651790300,12.865790283203125,-0.017176883295178413,-0.05006595328450203,-0.011584409512579441
1696958482661804000,12.875803955078124,-0.023568280041217804,0.02556559257209301,0.023568280041217804
1696958482671817500,12.8858173828125,-0.015046416781842709,-0.0106523297727108,0.017176883295178413
1696958482681831000,12.895830810546874,-0.017176883295178413,0.004260932095348835,-0.015845341607928276
1696958482691844400,12.90584423828125,-0.021437814459204674,-0.00852186419069767,0.026763979345560074
1696958482701857800,12.91585791015625,-0.021437814459204674,0.007456631399691105,-0.026497671380639076
1696958482711871500,12.92587158203125,-0.015046416781842709,0.02343512699007988,0.024633513763546944
1696958482721885000,12.935885009765625,-0.020372580736875534,-0.04793548583984375,-0.030758604407310486
1696958482731898400,12.9458984375,-0.023568280041217804,0.03408745676279068,0.008655018173158169
1696958482741911800,12.955911865234375,-0.013981183059513569,0,0.009720250964164734
1696958482751925200,12.96592529296875,-0.017176883295178413,0,-0.025432437658309937
1696958482761939000,12.97593896484375,-0.026763979345560074,0.02450035884976387,0.005459319334477186
1696958482771952400,12.985952392578126,-0.019307348877191544,0.02450035884976387,0.0011983871227130294
1696958482781965800,12.9959658203125,-0.017176883295178413,0.03941362351179123,-0.008388710208237171
1696958482791979300,13.005979248046875,-0.023568280041217804,0,-0.004127778112888336
1696958482801992700,13.01599267578125,-0.022503048181533813,0.05432688444852829,-0.001997311832383275
1696958482812006400,13.02600634765625,-0.009720250964164734,-0.0010652330238372087,0.024633513763546944
1696958482822019800,13.036019775390624,-0.015046416781842709,0.0063913981430232525,-0.026497671380639076
1696958482832033300,13.046033203125,-0.019307348877191544,-0.0213046595454216,0.025698747485876083
1696958482842046700,13.056046630859376,-0.012915950268507004,0.0159784946590662,-0.010519175790250301
1696958482852060200,13.06606005859375,-0.0001331541279796511,-0.0426093190908432,0.053394805639982224
1696958482862073900,13.076073974609375,-0.017176883295178413,-0.07776200771331787,-0.055258963257074356
1696958482872087300,13.08608740234375,-0.011850717477500439,0.02450035884976387,0.07469946891069412
1696958482882100700,13.096100830078125,-0.0011983871227130294,-0.10971900075674057,-0.015845341607928276
1696958482892114400,13.106114501953124,-0.009720250964164734,-0.04687025398015976,0.0011983871227130294
1696958482902127900,13.1161279296875,-0.013981183059513569,-0.02343512699007988,0.044872939586639404
1696958482912141600,13.1261416015625,-0.004394086077809334,-0.06604444980621338,-0.001997311832383275
1696958482922155000,13.136155029296875,-0.009720250964164734,-0.01384802907705307,0.023568280041217804
1696958482932168400,13.14616845703125,-0.015046416781842709,-0.05219641700387001,0.020372580736875534
1696958482942182100,13.15618212890625,-0.018242115154862404,0.01384802907705307,0.0001331541279796511
1696958482952195600,13.166195556640625,-0.011850717477500439,-0.02236989326775074,0.0555252730846405
1696958482962209300,13.176209228515624,-0.016111649572849274,-0.0319569893181324,-0.024367205798625946
1696958482972222700,13.18622265625,-0.021437814459204674,0.01491326279938221,0.043807707726955414
1696958482982236200,13.196236083984376,-0.015046416781842709,-0.01491326279938221,-0.001997311832383275
1696958482992249900,13.206249755859375,-0.011850717477500439,-0.02023942768573761,0.016111649572849274
1696958483002263300,13.21626318359375,-0.020372580736875534,-0.02982652559876442,-0.025432437658309937
1696958483012277000,13.226277099609375,-0.012915950268507004,0.0063913981430232525,0.024633513763546944
1696958483022290400,13.23629052734375,-0.007589785382151604,-0.05113118514418602,-0.014780107885599136
1696958483032303900,13.246303955078124,-0.016111649572849274,-0.007456631399691105,-0.04673709720373154
1696958483042317600,13.256317626953125,-0.011850717477500439,-0.02769605815410614,0.031024912372231483
1696958483052331000,13.2663310546875,-0.010785484686493874,-0.0053261648863554,-0.05312849581241608
1696958483062344400,13.276344482421875,-0.010785484686493874,-0.004260932095348835,-0.001997311832383275
1696958483072358100,13.286358154296876,-0.018242115154862404,0.0010652330238372087,-0.035019535571336746
1696958483082371600,13.29637158203125,-0.012915950268507004,0.02769605815410614,0.0011983871227130294
1696958483092385300,13.30638525390625,-0.012915950268507004,0.012782796286046505,-0.035019535571336746
1696958483102398700,13.316398681640624,-0.017176883295178413,0.02982652559876442,-0.009453942999243736
1696958483112412200,13.326412109375,-0.018242115154862404,0.0159784946590662,-0.021171506494283676
1696958483122425900,13.33642578125,-0.008655018173158169,0.03728315606713295,0.009720250964164734
1696958483132439300,13.346439208984375,-0.012915950268507004,-0.02236989326775074,-0.03288906812667847
1696958483142453000,13.356452880859376,-0.023568280041217804,0.02663082629442215,-0.009453942999243736
1696958483152466400,13.366466552734375,-0.008655018173158169,0.007456631399691105,0.024633513763546944
1696958483162479900,13.37647998046875,-0.008655018173158169,-0.03515268862247467,-0.023301972076296806
1696958483172493600,13.38649365234375,-0.024633513763546944,0.02982652559876442,-0.004127778112888336
1696958483182507000,13.396507080078125,-0.011850717477500439,-0.0106523297727108,0.03528584539890289
1696958483192520700,13.406520751953124,-0.010785484686493874,-0.007456631399691105,-0.026497671380639076
1696958483202534100,13.4165341796875,-0.015046416781842709,-0.004260932095348835,0.026763979345560074
1696958483212547600,13.426547607421876,-0.020372580736875534,-0.0426093190908432,-0.004127778112888336
1696958483222561300,13.436561279296875,-0.010785484686493874,0.0063913981430232525,0.0033288532868027687
1696958483232574700,13.44657470703125,-0.009720250964164734,-0.03515268862247467,0.022503048181533813
1696958483242588400,13.45658837890625,-0.018242115154862404,-0.04154408723115921,-0.041410934180021286
1696958483252601900,13.466601806640625,-0.013981183059513569,0.01384802907705307,0.040612008422613144
1696958483262615300,13.476615234375,-0.015046416781842709,-0.02556559257209301,-0.031823836266994476
1696958483272629000,13.48662890625,-0.019307348877191544,0.0213046595454216,-0.014780107885599136
1696958483282642400,13.496642333984376,-0.018242115154862404,0.00852186419069767,0.0033288532868027687
1696958483292656000,13.50665625,-0.020372580736875534,0.02343512699007988,-0.060585130006074905
1696958483302669600,13.516669677734376,-0.016111649572849274,-0.01384802907705307,-0.005193010903894901
1696958483312683000,13.52668310546875,-0.024633513763546944,0.0213046595454216,-0.07869409024715424
1696958483322696700,13.53669677734375,-0.017176883295178413,0.05006595328450203,-0.010519175790250301
1696958483332710100,13.546710205078124,-0.018242115154862404,-0.0213046595454216,-0.07656362652778625
1696958483342723800,13.556723876953125,-0.022503048181533813,0.02876129187643528,-0.057389430701732635
1696958483352737300,13.5667373046875,-0.018242115154862404,0.01810896210372448,-0.052063263952732086
1696958483362750700,13.576750732421875,-0.010785484686493874,-0.0021304660476744175,-0.06804175674915314
1696958483372764400,13.586764404296876,-0.015046416781842709,-0.02556559257209301,-0.06271559745073318
1696958483382777900,13.59677783203125,-0.022503048181533813,-0.02663082629442215,-0.08828118443489075
1696958483392791600,13.60679150390625,-0.0011983871227130294,-0.06071828305721283,-0.019041040912270546
1696958483402805000,13.616804931640624,-0.007589785382151604,-0.14593692123889923,-0.12023817747831345
1696958483412818400,13.626818359375,-0.017176883295178413,-0.0639139786362648,-0.06484606117010117
1696958483422831900,13.636831787109376,-0.012915950268507004,-0.05752258375287056,-0.041410934180021286
1696958483432845300,13.64684521484375,0.009453942999243736,-0.08095771074295044,-0.047802332788705826
1696958483442859000,13.65685888671875,-0.012915950268507004,-0.07882724702358246,-0.09893351793289185
1696958483452872400,13.66687255859375,-0.031024912372231483,0.05539211630821228,-0.031823836266994476
1696958483462886000,13.676885986328125,-0.012915950268507004,-0.06710968166589737,-0.009453942999243736
1696958483472899300,13.6868994140625,-0.019307348877191544,0.06178351491689682,-0.031823836266994476
1696958483482912800,13.696912841796875,-0.036351077258586884,0.0010652330238372087,-0.047802332788705826
1696958483492926500,13.706926513671876,-0.027829213067889214,0.02343512699007988,0.00226362026296556
1696958483502940000,13.71693994140625,-0.023568280041217804,-0.009587096981704235,-0.0712374597787857
1696958483512953300,13.726953369140626,-0.026763979345560074,-0.01171756349503994,0.06511236727237701
1696958483522966800,13.736966796875,-0.027829213067889214,-0.0532616525888443,-0.044606633484363556
1696958483532980200,13.746980224609375,-0.007589785382151604,0.02556559257209301,0.1300915777683258
1696958483542994000,13.756993896484374,-0.007589785382151604,-0.1267627328634262,-0.06378082931041718
1696958483553007400,13.76700732421875,-0.031024912372231483,0.01810896210372448,0.07363422960042953
1696958483563020800,13.777020751953126,-0.018242115154862404,0.02769605815410614,0.03528584539890289
1696958483573034200,13.7870341796875,0.0009320789249613881,-0.10226237028837204,0.067242830991745
1696958483583047700,13.797047607421876,-0.020372580736875534,0.00852186419069767,-0.011584409512579441
1696958483593061000,13.80706103515625,-0.017176883295178413,0.02663082629442215,0.17696183919906616
1696958483603074800,13.81707470703125,0.0009320789249613881,-0.01171756349503994,0.0033288532868027687
1696958483613088300,13.827088134765624,-0.00226362026296556,-0.02023942768573761,0.08961272984743118
1696958483623101700,13.837101806640625,-0.027829213067889214,0.11397993564605713,0.043807707726955414
1696958483633115100,13.847115234375,-0.006524552125483751,0.01384802907705307,0.16630950570106506
1696958483643128600,13.857128662109375,-0.008655018173158169,0.08947957307100296,0.004394086077809334
1696958483653142300,13.867142333984376,-0.016111649572849274,0.02982652559876442,0.1396786868572235
1696958483663155700,13.87715576171875,-0.022503048181533813,0.04473978653550148,0.021437814459204674
1696958483673169200,13.887169189453125,-0.004394086077809334,0.10971900075674057,0.17483137547969818
1696958483683182600,13.8971826171875,-0.0001331541279796511,-0.10865376889705658,0.011850717477500439
1696958483693196000,13.907196044921875,-0.019307348877191544,0.06924014538526535,0.10239552706480026
1696958483703209700,13.917209716796876,-0.006524552125483751,0.03728315606713295,0.08322133123874664
1696958483713223200,13.92722314453125,-0.007589785382151604,-0.03089175745844841,0.041677240282297134
1696958483723236600,13.937236572265626,-0.009720250964164734,-0.03941362351179123,0.08322133123874664
1696958483733250000,13.94725,-0.012915950268507004,0.009587096981704235,0.06298190355300903
1696958483743263500,13.957263427734375,-0.006524552125483751,0.0053261648863554,0.07256899774074554
1696958483753277200,13.967277099609374,-0.010785484686493874,-0.03621792420744896,0.04593817517161369
1696958483763290600,13.97729052734375,-0.012915950268507004,-0.0106523297727108,0.08109086751937866
1696958483773304000,13.987303955078126,-0.016111649572849274,0.02343512699007988,0.040612008422613144
1696958483783317500,13.9973173828125,-0.017176883295178413,0.00852186419069767,0.0768299326300621
1696958483793331000,14.0073310546875,-0.020372580736875534,-0.0106523297727108,0.050199106335639954
1696958483803344600,14.0173447265625,-0.017176883295178413,0.0213046595454216,0.0991998240351677
1696958483813358000,14.027358154296875,-0.019307348877191544,0.0031956990715116262,0.05232957378029823
1696958483823371500,14.03737158203125,-0.020372580736875534,0.0010652330238372087,0.07469946891069412
1696958483833385200,14.04738525390625,-0.012915950268507004,-0.02343512699007988,0.08322133123874664
1696958483843398700,14.057398681640626,-0.016111649572849274,0.02556559257209301,0.0768299326300621
1696958483853412000,14.067412109375,-0.015046416781842709,-0.02982652559876442,0.07576470077037811
1696958483863425800,14.07742578125,-0.024633513763546944,0.02556559257209301,0.06830807030200958
1696958483873439200,14.087439208984375,-0.013981183059513569,0.01491326279938221,0.08854749798774719
1696958483883453000,14.097452880859375,-0.013981183059513569,-0.05113118514418602,0.050199106335639954
1696958483893466400,14.10746630859375,-0.019307348877191544,-0.0213046595454216,0.07256899774074554
1696958483903479800,14.117479736328125,-0.006524552125483751,-0.02663082629442215,0.09174319356679916
1696958483913493500,14.127493408203126,-0.0011983871227130294,-0.09906667470932007,0.051264338195323944
1696958483923507000,14.1375068359375,-0.004394086077809334,-0.0852186381816864,0.053394805639982224
1696958483933520400,14.147520263671876,-0.0011983871227130294,-0.07137060910463333,0.07469946891069412
1696958483943534000,14.1575341796875,0.005193010903894901,-0.07137060910463333,0.060851436108350754
1696958483953547500,14.167547607421875,0.007323476951569319,-0.07243584841489792,0.044872939586639404
1696958483963561200,14.177561279296874,-0.017176883295178413,0.05219641700387001,0.031024912372231483
1696958483973574700,14.18757470703125,-0.005459319334477186,0.10758853703737259,0.07576470077037811
1696958483983589600,14.197589599609374,-0.011850717477500439,-0.01810896210372448,0.0001331541279796511
1696958483993602600,14.2076025390625,-0.011850717477500439,0.0159784946590662,0.022503048181533813
1696958484003615700,14.21761572265625,0.0009320789249613881,-0.03621792420744896,0.060851436108350754
1696958484013628700,14.227628662109375,-0.0001331541279796511,0.07669677585363388,-0.022236740216612816
1696958484023641900,14.237641845703125,-0.006524552125483751,-0.09161003679037094,0.08109086751937866
1696958484033655000,14.247655029296874,-0.011850717477500439,-0.0010652330238372087,-0.10106398165225983
1696958484043668200,14.257668212890625,-0.006524552125483751,0.14700216054916382,0.1205044835805893
1696958484053681700,14.267681640625,-0.011850717477500439,-0.17682868242263794,-0.12662957608699799
1696958484063694800,14.27769482421875,-0.03209014609456062,0.09800143539905548,0.026763979345560074
1696958484073708300,14.287708251953125,-0.023568280041217804,0.03728315606713295,-0.005193010903894901
1696958484083721700,14.2977216796875,-0.005459319334477186,-0.06071828305721283,-0.06484606117010117
1696958484093735400,14.3077353515625,-0.0011983871227130294,-0.12250179797410965,-0.03288906812667847
1696958484103748900,14.317748779296876,-0.03209014609456062,0.05432688444852829,-0.052063263952732086
1696958484113762600,14.327762451171875,-0.004394086077809334,0.03302222490310669,-0.016910573467612267
1696958484123776300,14.3377763671875,-0.012915950268507004,-0.11611039936542511,-0.12876003980636597
1696958484133790000,14.3477900390625,-0.025698747485876083,0.05219641700387001,-0.014780107885599136
1696958484143804000,14.357803955078126,-0.004394086077809334,0.01704372838139534,-0.07975932210683823
1696958484153817600,14.367817626953125,-0.010785484686493874,0.0426093190908432,-0.10532491654157639
1696958484163831600,14.37783154296875,-0.017176883295178413,0.02982652559876442,-0.03608476743102074
1696958484173845200,14.38784521484375,-0.010785484686493874,0.01171756349503994,-0.10958584398031235
1696958484183859200,14.397859130859375,-0.0011983871227130294,0.07669677585363388,-0.07762885838747025
1696958484193873000,14.407872802734374,-0.012915950268507004,-0.0031956990715116262,-0.06378082931041718
1696958484203886600,14.417886474609375,-0.006524552125483751,0.02663082629442215,-0.07975932210683823
1696958484213900000,14.427900146484374,-0.0033288532868027687,0.02982652559876442,-0.07017222791910172
1696958484223913500,14.43791357421875,-0.006524552125483751,0.004260932095348835,-0.06697652488946915
1696958484233927000,14.447927001953126,-0.006524552125483751,0.0031956990715116262,-0.07549838721752167
1696958484243940400,14.4579404296875,-0.0011983871227130294,0.0213046595454216,-0.03288906812667847
1696958484253954000,14.4679541015625,-0.010785484686493874,0.012782796286046505,-0.10852061212062836
1696958484263967500,14.477967529296874,-0.009720250964164734,0.03621792420744896,-0.004127778112888336
1696958484273981000,14.48798095703125,-0.004394086077809334,-0.0063913981430232525,-0.08082455396652222
1696958484283994400,14.497994384765626,-0.005459319334477186,0.03302222490310669,-0.035019535571336746
1696958484294007800,14.5080078125,-0.010785484686493874,-0.01491326279938221,-0.052063263952732086
1696958484304021500,14.518021484375,-0.006524552125483751,0.01810896210372448,-0.025432437658309937
1696958484314035000,14.528034912109375,-0.00226362026296556,-0.0053261648863554,-0.033954303711652756
1696958484324048400,14.53804833984375,-0.011850717477500439,-0.0010652330238372087,-0.04673709720373154
1696958484334061800,14.548061767578124,-0.011850717477500439,0.01917419396340847,0.004394086077809334
1696958484344075300,14.5580751953125,-0.0033288532868027687,-0.0159784946590662,-0.010519175790250301
1696958484354089000,14.5680888671875,-0.010785484686493874,0.01491326279938221,-0.041410934180021286
1696958484364102400,14.578102294921875,-0.019307348877191544,0,0.031024912372231483
1696958484374115800,14.58811572265625,-0.006524552125483751,0.01384802907705307,-0.011584409512579441
1696958484384129300,14.59812939453125,-0.013981183059513569,0.02556559257209301,0.010785484686493874
1696958484394142700,14.608142822265625,-0.017176883295178413,0.02876129187643528,-0.005193010903894901
1696958484404156400,14.618156494140624,-0.012915950268507004,-0.03621792420744896,0.06298190355300903
1696958484414169900,14.628169921875,-0.009720250964164734,0.0213046595454216,-0.029693370684981346
1696958484424183300,14.638183349609376,-0.016111649572849274,0.02450035884976387,0.06511236727237701
1696958484434196700,14.64819677734375,-0.020372580736875534,-0.01704372838139534,-0.015845341607928276
1696958484444210200,14.658210205078126,-0.008655018173158169,0.03621792420744896,0.067242830991745
1696958484454223600,14.6682236328125,-0.012915950268507004,-0.02556559257209301,-0.025432437658309937
1696958484464237300,14.6782373046875,-0.017176883295178413,0.03089175745844841,0.050199106335639954
1696958484474250800,14.688250732421874,-0.012915950268507004,-0.00852186419069767,0.016111649572849274
1696958484484264200,14.69826416015625,-0.006524552125483751,0.01491326279938221,-0.004127778112888336
1696958484494277600,14.708277587890626,-0.007589785382151604,-0.0159784946590662,0.034220609813928604
1696958484504291000,14.718291015625,-0.011850717477500439,0.004260932095348835,-0.005193010903894901
1696958484514304800,14.7283046875,-0.0033288532868027687,0.0213046595454216,0.023568280041217804
1696958484524318200,14.738318115234375,-0.004394086077809334,-0.0106523297727108,-0.012649642303586006
1696958484534331600,14.74833154296875,-0.008655018173158169,0.02023942768573761,0.011850717477500439
1696958484544345000,14.758344970703124,-0.0001331541279796511,0.0021304660476744175,0.005459319334477186
1696958484554358500,14.768358642578125,0.0030625448562204838,-0.004260932095348835,-0.012649642303586006
1696958484564372200,14.778372314453126,-0.004394086077809334,0.0031956990715116262,0.009720250964164734
1696958484574385700,14.7883857421875,0.001997311832383275,-0.0063913981430232525,-0.010519175790250301
1696958484584399000,14.798399169921876,0.007323476951569319,0.01171756349503994,0.00226362026296556
1696958484594412500,14.80841259765625,0.0009320789249613881,0.02343512699007988,-0.037150003015995026
1696958484604426000,14.818426025390625,0.001997311832383275,-0.0213046595454216,0.029959678649902344
1696958484614439700,14.828439697265624,0.012649642303586006,-0.007456631399691105,-0.042476166039705276
1696958484624453000,14.838453125,0.010519175790250301,0.02023942768573761,0.010785484686493874
1696958484634466600,14.848466552734376,0.005193010903894901,-0.05219641700387001,-0.03928046673536301
1696958484644480000,14.85847998046875,0.012649642303586006,-0.0159784946590662,0.024633513763546944
1696958484654493400,14.868493408203125,0.012649642303586006,0.007456631399691105,-0.04673709720373154
1696958484664507100,14.878507080078125,0.009453942999243736,0.0021304660476744175,0.004394086077809334
1696958484674520600,14.8885205078125,0.008388710208237171,-0.01491326279938221,-0.017975807189941406
1696958484684534000,14.898533935546874,0.015845341607928276,0.0213046595454216,-0.0009320789249613881
1696958484694547700,14.908547607421875,0.013714875094592571,0.0106523297727108,-0.013714875094592571
1696958484704561200,14.91856103515625,0.005193010903894901,0.007456631399691105,-0.001997311832383275
1696958484714574800,14.928574951171875,0.014780107885599136,0.03941362351179123,0.017176883295178413
1696958484724588300,14.93858837890625,0.022236740216612816,-0.009587096981704235,-0.0030625448562204838
1696958484734601700,14.948601806640625,0.006258244160562754,0.03302222490310669,-0.007323476951569319
1696958484744615400,14.958615478515625,0.011584409512579441,0.04047885537147522,0.041677240282297134
1696958484754628900,14.96862890625,0.022236740216612816,0.004260932095348835,0.004394086077809334
1696958484764642600,14.978642578125,0.014780107885599136,0.01917419396340847,0.004394086077809334
1696958484774656000,14.988656005859376,0.010519175790250301,0.02663082629442215,0.04593817517161369
1696958484784669400,14.99866943359375,0.019041040912270546,0.0159784946590662,-0.011584409512579441
1696958484794683100,15.00868310546875,0.019041040912270546,0.02876129187643528,0.04274247586727142
1696958484804696600,15.018696533203125,0.012649642303586006,-0.01810896210372448,-0.012649642303586006
1696958484814710300,15.028710205078125,0.015845341607928276,0.04367455467581749,0.03209014609456062
1696958484824723700,15.0387236328125,0.023301972076296806,0.0010652330238372087,0.013981183059513569
1696958484834737200,15.048737060546875,0.020106272771954536,-0.02343512699007988,-0.014780107885599136
1696958484844750800,15.058750732421874,0.017975807189941406,0.0031956990715116262,0.025698747485876083
1696958484854764300,15.068764404296875,0.021171506494283676,0.02450035884976387,-0.009453942999243736
1696958484864777700,15.07877783203125,0.024367205798625946,-0.0159784946590662,-0.0009320789249613881
1696958484874791400,15.08879150390625,0.020106272771954536,0.0031956990715116262,-0.010519175790250301
1696958484884804900,15.098804931640625,0.022236740216612816,0.02343512699007988,0.0001331541279796511
1696958484894818600,15.108818603515624,0.025432437658309937,0.02236989326775074,-0.021171506494283676
1696958484904832000,15.11883203125,0.023301972076296806,-0.00852186419069767,-0.005193010903894901
1696958484914845400,15.128845458984374,0.021171506494283676,0.02769605815410614,-0.03288906812667847
1696958484924859100,15.138859130859375,0.027562905102968216,0.03621792420744896,0.012915950268507004
1696958484934872600,15.14887255859375,0.024367205798625946,-0.01917419396340847,-0.054193731397390366
1696958484944886300,15.15888623046875,0.021171506494283676,0.03302222490310669,0.006524552125483751
1696958484954899700,15.168899658203125,0.029693370684981346,0.009587096981704235,-0.03288906812667847
1696958484964913200,15.1789130859375,0.035019535571336746,-0.01810896210372448,0.006524552125483751
1696958484974926800,15.1889267578125,0.022236740216612816,0.009587096981704235,-0.05632419511675835
1696958484984940300,15.198940185546874,0.031823836266994476,0.0031956990715116262,0.036351077258586884
1696958484994954000,15.2089541015625,0.03288906812667847,-0.01704372838139534,-0.05312849581241608
1696958485004967400,15.218967529296876,0.027562905102968216,0.02450035884976387,0.0001331541279796511
1696958485014980900,15.22898095703125,0.023301972076296806,-0.02556559257209301,-0.03608476743102074
1696958485024994600,15.23899462890625,0.033954303711652756,0.02343512699007988,0.023568280041217804
1696958485035008000,15.249008056640625,0.033954303711652756,-0.04047885537147522,-0.038215234875679016
1696958485045021700,15.259021728515625,0.024367205798625946,-0.004260932095348835,-0.020106272771954536
1696958485055035100,15.26903515625,0.03608476743102074,-0.01704372838139534,0.044872939586639404
1696958485065048600,15.279048583984375,0.03288906812667847,-0.05432688444852829,-0.058454662561416626
1696958485075062300,15.289062255859376,0.026497671380639076,0.01704372838139534,0.034220609813928604
1696958485085075700,15.29907568359375,0.025432437658309937,-0.04793548583984375,-0.011584409512579441
1696958485095089400,15.30908935546875,0.031823836266994476,0.00852186419069767,0.028894444927573204
1696958485105102800,15.319102783203125,0.024367205798625946,-0.05645735189318657,-0.009453942999243736
1696958485115116300,15.3291162109375,0.016910573467612267,0.01810896210372448,0.019307348877191544
1696958485125130000,15.3391298828125,0.030758604407310486,-0.02769605815410614,0.054460037499666214
1696958485135143400,15.349143310546875,0.022236740216612816,-0.03941362351179123,-0.021171506494283676
1696958485145157000,15.3591572265625,0.010519175790250301,0.02023942768573761,0.03954677656292915
1696958485155170600,15.369170654296875,0.024367205798625946,-0.02343512699007988,0.048068638890981674
1696958485165184000,15.37918408203125,0.022236740216612816,0,0.007589785382151604
1696958485175197700,15.38919775390625,0.013714875094592571,0,0.027829213067889214
1696958485185211100,15.399211181640625,0.023301972076296806,-0.03941362351179123,0.028894444927573204
1696958485195224600,15.409224609375,0.024367205798625946,0.04687025398015976,0.031024912372231483
1696958485205238000,15.419238037109375,0.016910573467612267,-0.03408745676279068,-0.022236740216612816
1696958485215251700,15.429251708984374,0.023301972076296806,-0.01384802907705307,0.037416309118270874
1696958485225265200,15.43926513671875,0.026497671380639076,0.02236989326775074,0.012915950268507004
1696958485235278600,15.449278564453126,0.020106272771954536,-0.02876129187643528,-0.042476166039705276
1696958485245292000,15.4592919921875,0.028628136962652206,-0.01171756349503994,0.037416309118270874
1696958485255305500,15.469305419921875,0.029693370684981346,-0.0053261648863554,-0.013714875094592571
1696958485265319200,15.479319091796874,0.020106272771954536,0.02450035884976387,-0.042476166039705276
1696958485275332600,15.48933251953125,0.031823836266994476,-0.01491326279938221,0.043807707726955414
1696958485285346000,15.499345947265626,0.030758604407310486,-0.004260932095348835,-0.029693370684981346
1696958485295359500,15.509359375,0.017975807189941406,0.07989247888326645,-0.030758604407310486
1696958485305373000,15.519373046875,0.03288906812667847,-0.03941362351179123,0.05232957378029823
1696958485315386600,15.52938671875,0.029693370684981346,0.02343512699007988,-0.054193731397390366
1696958485325400000,15.539400146484375,0.019041040912270546,0.06071828305721283,0.015046416781842709
1696958485335413500,15.54941357421875,0.03608476743102074,-0.05113118514418602,0.016111649572849274
1696958485345427000,15.559427001953125,0.027562905102968216,0.05113118514418602,-0.020106272771954536
1696958485355440400,15.5694404296875,0.020106272771954536,0.01917419396340847,0.00226362026296556
1696958485365453800,15.579453857421875,0.03928046673536301,-0.04793548583984375,0.04274247586727142
1696958485375467500,15.589467529296876,0.022236740216612816,0.03089175745844841,-0.042476166039705276
1696958485385481000,15.59948095703125,0.024367205798625946,0,0.034220609813928604
1696958485395494400,15.609494384765625,0.03608476743102074,-0.03941362351179123,0.026763979345560074
1696958485405507800,15.6195078125,0.017975807189941406,0.02343512699007988,-0.033954303711652756
1696958485415521300,15.629521240234375,0.027562905102968216,-0.009587096981704235,0.06298190355300903
1696958485425535000,15.639534912109376,0.030758604407310486,-0.02876129187643528,-0.0009320789249613881
1696958485435548400,15.64954833984375,0.009453942999243736,0.04047885537147522,-0.0009320789249613881
1696958485445561900,15.659561767578126,0.028628136962652206,-0.02236989326775074,0.05978620424866676
1696958485455575300,15.6695751953125,0.015845341607928276,-0.0106523297727108,-0.025432437658309937
1696958485465588700,15.679588623046875,0.013714875094592571,0.03621792420744896,0.041677240282297134
1696958485475602400,15.6896025390625,0.021171506494283676,-0.05645735189318657,0.033155377954244614
1696958485485615900,15.699615966796875,0.008388710208237171,0.04367455467581749,-0.025432437658309937
1696958485495629300,15.70962939453125,0.017975807189941406,-0.01810896210372448,0.06511236727237701
1696958485505642800,15.719642822265625,0.008388710208237171,0.00852186419069767,-0.033954303711652756
1696958485515656200,15.72965625,0.008388710208237171,0.02343512699007988,0.040612008422613144
1696958485525670000,15.739669921875,0.014780107885599136,-0.02236989326775074,-0.008388710208237171
1696958485535683300,15.749683349609375,0.006258244160562754,0.02982652559876442,0.013981183059513569
1696958485545696800,15.75969677734375,0.011584409512579441,-0.0213046595454216,-0.008388710208237171
1696958485555710200,15.769710205078125,0.013714875094592571,-0.0063913981430232525,0.005459319334477186
1696958485565723600,15.7797236328125,0.007323476951569319,-0.004260932095348835,-0.022236740216612816
1696958485575737300,15.7897373046875,0.013714875094592571,0.0021304660476744175,0.005459319334477186
1696958485585750800,15.799750732421876,0.004127778112888336,0.007456631399691105,-0.027562905102968216
1696958485595764200,15.80976416015625,0.006258244160562754,0.02450035884976387,-0.019041040912270546
1696958485605777700,15.819777587890625,0.010519175790250301,0.01810896210372448,-0.004127778112888336
1696958485615791000,15.829791015625,-0.0011983871227130294,0.02663082629442215,-0.06378082931041718
1696958485625804800,15.8398046875,0.011584409512579441,0.02556559257209301,0.026763979345560074
1696958485635818200,15.849818359375,0.0030625448562204838,0.00852186419069767,-0.07762885838747025
1696958485645831700,15.859831787109375,0.004127778112888336,0.05752258375287056,0.0011983871227130294
1696958485655845400,15.869845458984376,0.007323476951569319,-0.02663082629442215,-0.041410934180021286
1696958485665858800,15.87985888671875,-0.0001331541279796511,0.06710968166589737,-0.042476166039705276
1696958485675872500,15.88987255859375,0.014780107885599136,-0.04473978653550148,-0.0009320789249613881
1696958485685886000,15.899885986328124,0.0009320789249613881,0.03621792420744896,-0.059519894421100616
1696958485695899400,15.9098994140625,0.005193010903894901,0.012782796286046505,0.004394086077809334
1696958485705913000,15.9199130859375,0.009453942999243736,-0.04900071769952774,-0.04673709720373154
1696958485715926500,15.929926513671875,-0.00226362026296556,0.04687025398015976,0.0033288532868027687
1696958485725940000,15.93993994140625,0.006258244160562754,-0.04154408723115921,-0.035019535571336746
1696958485735953700,15.94995361328125,-0.00226362026296556,0.01917419396340847,-0.005193010903894901
1696958485745967000,15.959967041015625,0.0009320789249613881,-0.03515268862247467,-0.008388710208237171
1696958485755980800,15.969980712890624,-0.0001331541279796511,0.012782796286046505,-0.012649642303586006
1696958485765994200,15.979994140625,-0.008655018173158169,0.0031956990715116262,-0.0030625448562204838
1696958485776007700,15.990007568359376,0.0009320789249613881,-0.02450035884976387,0.0033288532868027687
1696958485786021400,16.000021484375,-0.008655018173158169,0.02982652559876442,0.00226362026296556
1696958485796034800,16.010034912109376,-0.013981183059513569,0.02769605815410614,-0.019041040912270546
1696958485806048500,16.020048583984376,-0.006524552125483751,0.01384802907705307,0.03528584539890289
1696958485816062000,16.03006201171875,-0.018242115154862404,0.012782796286046505,-0.03288906812667847
1696958485826075400,16.040075439453126,-0.011850717477500439,0.03408745676279068,0.024633513763546944
1696958485836089000,16.050089111328123,-0.019307348877191544,0.00852186419069767,-0.006258244160562754
1696958485846102500,16.0601025390625,-0.020372580736875534,0.02769605815410614,-0.006258244160562754
1696958485856116200,16.0701162109375,-0.016111649572849274,0.00852186419069767,0.012915950268507004
1696958485866129700,16.080129638671874,-0.025698747485876083,0.01171756349503994,-0.019041040912270546
1696958485876143000,16.09014306640625,-0.018242115154862404,0.01704372838139534,0.016111649572849274
1696958485886156800,16.10015673828125,-0.023568280041217804,0.0031956990715116262,-0.008388710208237171
1696958485896170200,16.110170166015624,-0.024633513763546944,0.01384802907705307,-0.009453942999243736
1696958485906184000,16.120183837890625,-0.017176883295178413,0.0053261648863554,0.025698747485876083
1696958485916197400,16.130197265625,-0.028894444927573204,0.007456631399691105,-0.023301972076296806
1696958485926210800,16.1402109375,-0.020372580736875534,0.00852186419069767,0.015046416781842709
1696958485936224500,16.150224609375,-0.024633513763546944,0.03408745676279068,0.005459319334477186
1696958485946238000,16.160238037109377,-0.027829213067889214,-0.0010652330238372087,-0.015845341607928276
1696958485956251600,16.170251708984374,-0.017176883295178413,0,0.026763979345560074
1696958485966265000,16.18026513671875,-0.026763979345560074,0.004260932095348835,-0.025432437658309937
1696958485976278500,16.190278564453124,-0.019307348877191544,-0.004260932095348835,0.022503048181533813
1696958485986292200,16.200292236328124,-0.011850717477500439,-0.06071828305721283,-0.004127778112888336
1696958485996305700,16.2103056640625,-0.023568280041217804,-0.0031956990715116262,-0.014780107885599136
1696958486006319400,16.2203193359375,-0.011850717477500439,-0.02769605815410614,0.027829213067889214
1696958486016332800,16.230332763671875,-0.016111649572849274,-0.03621792420744896,-0.013714875094592571
1696958486026346200,16.24034619140625,-0.020372580736875534,-0.012782796286046505,0.00226362026296556
1696958486036360000,16.25035986328125,-0.010785484686493874,-0.0213046595454216,0.041677240282297134
1696958486046373400,16.260373291015625,-0.021437814459204674,-0.00852186419069767,-0.03608476743102074
1696958486056387000,16.270386962890626,-0.008655018173158169,-0.02982652559876442,0.061916667968034744
1696958486066400500,16.280400390625,-0.020372580736875534,-0.01171756349503994,-0.004127778112888336
1696958486076414000,16.2904140625,-0.020372580736875534,0.01704372838139534,0.009720250964164734
1696958486086427600,16.300427734375,-0.009720250964164734,-0.02450035884976387,0.0555252730846405
1696958486096441000,16.310441162109374,-0.027829213067889214,0.02663082629442215,-0.020106272771954536
1696958486106454800,16.320454833984375,-0.016111649572849274,0.01384802907705307,0.043807707726955414
1696958486116468200,16.33046826171875,-0.015046416781842709,-0.0063913981430232525,0.033155377954244614
1696958486126481700,16.340481689453124,-0.022503048181533813,0.02769605815410614,-0.009453942999243736
1696958486136495400,16.350495361328125,-0.008655018173158169,-0.0031956990715116262,0.06937330216169357
1696958486146508800,16.3605087890625,-0.023568280041217804,0.004260932095348835,-0.015845341607928276
1696958486156522500,16.3705224609375,-0.012915950268507004,0.02769605815410614,0.047003407031297684
1696958486166536000,16.380535888671876,-0.011850717477500439,-0.0426093190908432,0.028894444927573204
1696958486176549400,16.39054931640625,-0.024633513763546944,0.04580501839518547,0.0011983871227130294
1696958486186563000,16.40056298828125,-0.006524552125483751,-0.02876129187643528,0.0768299326300621
1696958486196576500,16.410576416015626,-0.023568280041217804,-0.0010652330238372087,-0.020106272771954536
1696958486206590200,16.420590087890623,-0.021437814459204674,0.04367455467581749,0.05659050494432449
1696958486216603600,16.430603759765624,-0.018242115154862404,-0.04367455467581749,0.020372580736875534
1696958486226617000,16.4406171875,-0.025698747485876083,0.06284874677658081,0.018242115154862404
1696958486236630500,16.450630615234374,-0.017176883295178413,-0.04154408723115921,0.03209014609456062
1696958486246644000,16.46064404296875,-0.023568280041217804,0.03515268862247467,0.034220609813928604
1696958486256657700,16.47065771484375,-0.023568280041217804,-0.01704372838139534,0.008655018173158169
1696958486266671000,16.480671142578124,-0.019307348877191544,0.02982652559876442,0.037416309118270874
1696958486276684500,16.4906845703125,-0.021437814459204674,-0.04047885537147522,0.024633513763546944
1696958486286698000,16.500697998046874,-0.017176883295178413,0.04367455467581749,0.009720250964164734
1696958486296711400,16.51071142578125,-0.019307348877191544,-0.02023942768573761,0.057655736804008484
1696958486306724900,16.520724853515624,-0.022503048181533813,-0.0213046595454216,-0.03288906812667847
1696958486316738600,16.530738525390625,-0.012915950268507004,0.04900071769952774,0.08535179495811462
1696958486326752000,16.540751953125,-0.021437814459204674,-0.06178351491689682,-0.03288906812667847
1696958486336765400,16.550765380859374,-0.011850717477500439,0.01704372838139534,0.047003407031297684
1696958486346779000,16.56077880859375,-0.016111649572849274,-0.03089175745844841,0.013981183059513569
1696958486356792300,16.570792236328124,-0.017176883295178413,0.007456631399691105,-0.022236740216612816
1696958486366806000,16.580805908203125,-0.005459319334477186,-0.01171756349503994,0.0768299326300621
1696958486376819500,16.5908193359375,-0.023568280041217804,-0.0159784946590662,-0.06484606117010117
1696958486386833000,16.6008330078125,-0.008655018173158169,0.03089175745844841,0.0555252730846405
1696958486396846300,16.610846435546875,-0.006524552125483751,-0.05006595328450203,0.005459319334477186
1696958486406859800,16.62085986328125,-0.020372580736875534,0.03515268862247467,-0.04673709720373154
1696958486416873500,16.63087353515625,-0.005459319334477186,0.007456631399691105,0.07896039634943008
1696958486426887000,16.640886962890626,-0.016111649572849274,-0.03302222490310669,-0.07762885838747025
1696958486436900400,16.650900390625,-0.008655018173158169,0.0426093190908432,0.061916667968034744
1696958486446913800,16.660913818359376,-0.013981183059513569,-0.02982652559876442,-0.023301972076296806
1696958486456927200,16.67092724609375,-0.015046416781842709,0.02023942768573761,-0.014780107885599136
1696958486466941000,16.68094091796875,-0.004394086077809334,-0.02236989326775074,0.03209014609456062
1696958486476954400,16.690954345703126,-0.019307348877191544,-0.004260932095348835,-0.026497671380639076
1696958486486967800,16.7009677734375,-0.007589785382151604,-0.01704372838139534,0.027829213067889214
1696958486496981200,16.710981201171876,-0.006524552125483751,-0.03408745676279068,0.007589785382151604
1696958486506994700,16.72099462890625,-0.019307348877191544,0.0021304660476744175,-0.024367205798625946
1696958486517008400,16.73100830078125,-0.005459319334477186,-0.03408745676279068,0.048068638890981674
1696958486527021800,16.741021728515626,-0.020372580736875534,0,-0.030758604407310486
1696958486537035300,16.75103515625,-0.015046416781842709,-0.0106523297727108,0.03209014609456062
1696958486547048700,16.761048583984376,-0.015046416781842709,-0.01384802907705307,-0.006258244160562754
1696958486557062100,16.771062255859373,-0.021437814459204674,0.01384802907705307,0.009720250964164734
1696958486567075800,16.781075927734374,-0.016111649572849274,-0.009587096981704235,-0.006258244160562754
1696958486577089300,16.79108935546875,-0.023568280041217804,0.0053261648863554,0.015046416781842709
1696958486587102700,16.801102783203124,-0.021437814459204674,-0.01704372838139534,-0.005193010903894901
1696958486597116200,16.8111162109375,-0.015046416781842709,-0.0106523297727108,0.008655018173158169
1696958486607129900,16.8211298828125,-0.023568280041217804,-0.007456631399691105,-0.012649642303586006
1696958486617143300,16.831143310546874,-0.016111649572849274,-0.01704372838139534,0.00226362026296556
1696958486627156700,16.84115673828125,-0.015046416781842709,-0.03834838792681694,0.005459319334477186
1696958486637170400,16.85117041015625,-0.021437814459204674,-0.01384802907705307,-0.026497671380639076
1696958486647184000,16.861183837890625,-0.007589785382151604,-0.04154408723115921,0.03209014609456062
1696958486657197300,16.871197265625,-0.018242115154862404,-0.02450035884976387,-0.026497671380639076
1696958486667211000,16.8812109375,-0.015046416781842709,-0.0031956990715116262,-0.0009320789249613881
1696958486677224400,16.891224365234375,-0.012915950268507004,-0.0213046595454216,0.022503048181533813
1696958486687238100,16.901238037109376,-0.016111649572849274,-0.03408745676279068,-0.03928046673536301
1696958486697251600,16.91125146484375,-0.009720250964164734,0.01917419396340847,0.048068638890981674
1696958486707265000,16.92126513671875,-0.020372580736875534,-0.01171756349503994,-0.040345702320337296
1696958486717278700,16.93127880859375,-0.010785484686493874,0.009587096981704235,0.018242115154862404
1696958486727292200,16.941292236328124,-0.008655018173158169,-0.012782796286046505,0.004394086077809334
1696958486737305900,16.951305908203125,-0.015046416781842709,0.0106523297727108,-0.013714875094592571
1696958486747319300,16.9613193359375,-0.0001331541279796511,-0.03089175745844841,0.019307348877191544
1696958486757332700,16.971332763671874,-0.018242115154862404,0.01384802907705307,-0.016910573467612267
1696958486767346400,16.981346435546875,-0.007589785382151604,0.0106523297727108,-0.001997311832383275
1696958486777360000,16.99135986328125,-0.005459319334477186,-0.03408745676279068,0.023568280041217804
1696958486787373600,17.00137353515625,-0.017176883295178413,0.01917419396340847,-0.055258963257074356
1696958486797387000,17.011386962890626,0.0009320789249613881,-0.00852186419069767,0.05978620424866676
1696958486807400400,17.021400390625,-0.015046416781842709,-0.02023942768573761,-0.06591129302978516
1696958486817414100,17.0314140625,-0.010785484686493874,0.02236989326775074,0.027829213067889214
1696958486827427600,17.041427490234376,-0.008655018173158169,-0.01810896210372448,-0.014780107885599136
1696958486837441300,17.051441162109374,-0.015046416781842709,0.03302222490310669,-0.016910573467612267
1696958486847454700,17.061454833984374,-0.008655018173158169,-0.009587096981704235,0.022503048181533813
1696958486857468200,17.07146826171875,-0.018242115154862404,0.0063913981430232525,-0.048867564648389816
1696958486867481900,17.08148193359375,-0.016111649572849274,0.04154408723115921,0.029959678649902344
1696958486877495300,17.091495361328125,-0.012915950268507004,-0.01171756349503994,-0.016910573467612267
1696958486887509000,17.101509033203126,-0.022503048181533813,0.02876129187643528,-0.015845341607928276
1696958486897522400,17.1115224609375,-0.011850717477500439,0.00852186419069767,0.024633513763546944
1696958486907536000,17.121535888671875,-0.022503048181533813,0.02236989326775074,-0.03608476743102074
1696958486917549600,17.131549560546876,-0.018242115154862404,0.02236989326775074,0.016111649572849274
1696958486927563000,17.14156298828125,-0.016111649572849274,0.01171756349503994,-0.004127778112888336
1696958486937576700,17.15157666015625,-0.021437814459204674,0.03089175745844841,-0.022236740216612816
1696958486947590100,17.161590087890627,-0.010785484686493874,-0.009587096981704235,0.023568280041217804
1696958486957603600,17.171603515625,-0.022503048181533813,0.01917419396340847,-0.038215234875679016
1696958486967617300,17.1816171875,-0.011850717477500439,0.0053261648863554,0.011850717477500439
1696958486977630700,17.191630615234374,-0.013981183059513569,-0.007456631399691105,-0.014780107885599136
1696958486987644400,17.20164453125,-0.018242115154862404,0.02343512699007988,-0.007323476951569319
1696958486997657900,17.211657958984375,-0.008655018173158169,0.01491326279938221,-0.005193010903894901
1696958487007671300,17.22167138671875,-0.015046416781842709,0.0159784946590662,-0.012649642303586006
1696958487017685000,17.23168505859375,-0.009720250964164734,0.02023942768573761,-0.001997311832383275
1696958487027698400,17.241698486328126,-0.011850717477500439,0.03408745676279068,-0.015845341607928276
1696958487037712100,17.251712158203127,-0.009720250964164734,0.0319569893181324,-0.0030625448562204838
1696958487047725600,17.2617255859375,-0.0033288532868027687,0,-0.007323476951569319
1696958487057739000,17.271739013671876,-0.013981183059513569,0.0426093190908432,-0.023301972076296806
1696958487067752700,17.281752685546873,-0.00226362026296556,0.0063913981430232525,-0.011584409512579441
1696958487077766100,17.29176611328125,-0.0001331541279796511,-0.0021304660476744175,-0.008388710208237171
1696958487087779800,17.30177978515625,-0.004394086077809334,-0.0106523297727108,-0.027562905102968216
1696958487097793300,17.311793212890624,-0.0001331541279796511,0.00852186419069767,-0.0030625448562204838
1696958487107806700,17.321806640625,-0.00226362026296556,-0.0053261648863554,-0.027562905102968216
1696958487117820400,17.3318203125,-0.0033288532868027687,-0.009587096981704235,-0.009453942999243736
1696958487127833900,17.341833740234375,-0.004394086077809334,0.012782796286046505,-0.029693370684981346
1696958487137847600,17.35184765625,-0.005459319334477186,0.00852186419069767,0.0011983871227130294
1696958487147861000,17.361861083984376,-0.005459319334477186,0.00852186419069767,-0.03928046673536301
1696958487157874400,17.37187451171875,-0.013981183059513569,0.05219641700387001,-0.005193010903894901
1696958487167888100,17.38188818359375,-0.004394086077809334,0.01384802907705307,-0.020106272771954536
1696958487177901600,17.391901611328127,-0.012915950268507004,0.04154408723115921,-0.025432437658309937
1696958487187915300,17.401915283203124,-0.011850717477500439,0.02343512699007988,-0.001997311832383275
1696958487197928700,17.4119287109375,-0.004394086077809334,-0.0106523297727108,-0.03288906812667847
1696958487207942100,17.421942138671874,-0.015046416781842709,0.05432688444852829,-0.022236740216612816
1696958487217955800,17.431955810546874,-0.004394086077809334,-0.0319569893181324,0.006524552125483751
1696958487227969300,17.44196923828125,-0.011850717477500439,0.0159784946590662,-0.04993279650807381
1696958487237983000,17.45198291015625,-0.007589785382151604,-0.0021304660476744175,0.017176883295178413
1696958487247996400,17.461996337890625,-0.007589785382151604,-0.03089175745844841,-0.048867564648389816
1696958487258009900,17.472009765625,-0.010785484686493874,0.01491326279938221,0.018242115154862404
1696958487268023600,17.4820234375,-0.010785484686493874,-0.02023942768573761,-0.07017222791910172
1696958487278037000,17.492037109375,-0.008655018173158169,0.02023942768573761,0.027829213067889214
1696958487288050700,17.50205078125,-0.009720250964164734,-0.03515268862247467,-0.06271559745073318
1696958487298064100,17.512064208984373,-0.005459319334477186,-0.01384802907705307,-0.0009320789249613881
1696958487308077600,17.52207763671875,-0.012915950268507004,-0.01810896210372448,-0.015845341607928276
1696958487318091000,17.532091064453127,-0.0033288532868027687,-0.03302222490310669,-0.030758604407310486
1696958487328104700,17.542104736328124,-0.009720250964164734,-0.01704372838139534,0.0011983871227130294
1696958487338118100,17.5521181640625,-0.004394086077809334,-0.01704372838139534,-0.012649642303586006
1696958487348131600,17.562131591796874,-0.006524552125483751,-0.02556559257209301,-0.001997311832383275
1696958487358145000,17.57214501953125,-0.009720250964164734,-0.0106523297727108,-0.024367205798625946
1696958487368158500,17.582158447265623,0.001997311832383275,0.004260932095348835,0.03528584539890289
1696958487378172200,17.592172119140624,-0.008655018173158169,-0.03621792420744896,-0.042476166039705276
1696958487388185600,17.602185546875,-0.0001331541279796511,0,0.031024912372231483
1696958487398199000,17.612198974609374,-0.0011983871227130294,-0.0063913981430232525,-0.008388710208237171
1696958487408212500,17.62221240234375,-0.0033288532868027687,-0.009587096981704235,-0.014780107885599136
1696958487418226000,17.632225830078124,0.001997311832383275,-0.00852186419069767,0.026763979345560074
1696958487428239600,17.642239501953124,-0.004394086077809334,-0.007456631399691105,-0.014780107885599136
1696958487438253000,17.652253173828125,-0.0011983871227130294,0.0021304660476744175,-0.0009320789249613881
1696958487448266500,17.6622666015625,0.0030625448562204838,-0.009587096981704235,0.021437814459204674
1696958487458280000,17.672280029296875,-0.0001331541279796511,-0.02982652559876442,-0.015845341607928276
1696958487468293400,17.68229345703125,0.004127778112888336,-0.0053261648863554,-0.0009320789249613881
1696958487478307000,17.69230712890625,-0.0011983871227130294,-0.0106523297727108,0.022503048181533813
1696958487488320500,17.702320556640625,0.005193010903894901,-0.012782796286046505,-0.03608476743102074
1696958487498334000,17.712333984375,0.004127778112888336,-0.01917419396340847,0.034220609813928604
1696958487508347400,17.722347412109375,-0.005459319334477186,0.009587096981704235,-0.028628136962652206
1696958487518360800,17.73236083984375,0.001997311832383275,0.02556559257209301,0.013981183059513569
1696958487528374500,17.74237451171875,-0.0011983871227130294,0.0031956990715116262,0.004394086077809334
1696958487538388000,17.752387939453126,-0.00226362026296556,-0.01810896210372448,-0.012649642303586006
1696958487548401400,17.7624013671875,-0.00226362026296556,0.01491326279938221,0.018242115154862404
1696958487558414800,17.772414794921875,-0.005459319334477186,-0.0010652330238372087,0.013981183059513569
1696958487568428300,17.78242822265625,0.0009320789249613881,-0.02450035884976387,-0.010519175790250301
1696958487578442000,17.79244189453125,-0.008655018173158169,-0.01171756349503994,0.03954677656292915
1696958487588455400,17.802455322265626,-0.0033288532868027687,0.0053261648863554,-0.023301972076296806
1696958487598468900,17.81246875,-0.00226362026296556,0.0063913981430232525,0.060851436108350754
1696958487608482300,17.822482421875,-0.017176883295178413,0.0010652330238372087,-0.048867564648389816
1696958487618495700,17.832495849609376,-0.009720250964164734,0.03515268862247467,0.051264338195323944
1696958487628509400,17.842509521484374,-0.012915950268507004,-0.0021304660476744175,-0.013714875094592571
1696958487638523000,17.85252294921875,-0.010785484686493874,0.02236989326775074,0.013981183059513569
1696958487648536300,17.862536376953123,-0.013981183059513569,-0.00852186419069767,0.023568280041217804
1696958487658549800,17.8725498046875,-0.011850717477500439,-0.01171756349503994,-0.022236740216612816
1696958487668563200,17.882563232421877,-0.008655018173158169,0.004260932095348835,0.044872939586639404
1696958487678576600,17.89257666015625,-0.011850717477500439,-0.0532616525888443,-0.0009320789249613881
1696958487688590300,17.90259033203125,-0.004394086077809334,-0.0063913981430232525,0.022503048181533813
1696958487698603800,17.912603759765624,-0.010785484686493874,-0.03728315606713295,0.023568280041217804
1696958487708617200,17.9226171875,-0.008655018173158169,-0.02236989326775074,-0.006258244160562754
1696958487718631000,17.932630859375,-0.0011983871227130294,-0.03621792420744896,0.058720968663692474
1696958487728644400,17.942644287109374,-0.016111649572849274,-0.03515268862247467,-0.028628136962652206
1696958487738658000,17.952657958984375,-0.0011983871227130294,-0.02236989326775074,0.08322133123874664
1696958487748671500,17.96267138671875,-0.011850717477500439,-0.05006595328450203,-0.0030625448562204838
1696958487758685000,17.972684814453125,-0.011850717477500439,0.012782796286046505,0.025698747485876083
1696958487768698600,17.98269873046875,-0.004394086077809334,-0.05965305119752884,0.0555252730846405
1696958487778712000,17.992712158203126,-0.013981183059513569,-0.06178351491689682,-0.023301972076296806
1696958487788725800,18.002725830078123,-0.00226362026296556,-0.01384802907705307,0.07363422960042953
1696958487798739200,18.0127392578125,-0.015046416781842709,-0.04154408723115921,-0.011584409512579441
1696958487808752600,18.022752685546877,-0.019307348877191544,0.02982652559876442,0.017176883295178413
1696958487818766300,18.032766357421874,-0.005459319334477186,-0.04154408723115921,0.037416309118270874
1696958487828779800,18.04277978515625,-0.015046416781842709,-0.01810896210372448,-0.027562905102968216
1696958487838793500,18.05279345703125,-0.013981183059513569,0.01491326279938221,0.050199106335639954
1696958487848807000,18.062806884765624,-0.028894444927573204,0.004260932095348835,-0.023301972076296806
1696958487858820400,18.0728203125,-0.017176883295178413,0.03302222490310669,0.034220609813928604
1696958487868834000,18.082833984375,-0.019307348877191544,-0.03089175745844841,-0.008388710208237171
1696958487878847500,18.092847412109375,-0.021437814459204674,0.012782796286046505,0.041677240282297134
1696958487888861200,18.102861083984376,-0.016111649572849274,-0.04687025398015976,-0.004127778112888336
1696958487898874600,18.11287451171875,-0.021437814459204674,-0.01810896210372448,0.03528584539890289
1696958487908888000,18.12288818359375,-0.013981183059513569,-0.07989247888326645,0.013981183059513569
1696958487918901800,18.13290185546875,-0.012915950268507004,-0.03941362351179123,0.031024912372231483
1696958487928915200,18.142915283203124,-0.019307348877191544,-0.07776200771331787,0.013981183059513569
1696958487938929000,18.152928955078124,-0.009720250964164734,-0.08308817446231842,0.033155377954244614
1696958487948942300,18.1629423828125,-0.016111649572849274,-0.0532616525888443,0.015046416781842709
1696958487958955800,18.172955810546874,-0.021437814459204674,-0.0426093190908432,0.008655018173158169
1696958487968969500,18.182969482421875,-0.018242115154862404,-0.04793548583984375,0.037416309118270874
1696958487978983000,18.19298291015625,-0.026763979345560074,-0.01917419396340847,-0.006258244160562754
1696958487988996600,18.20299658203125,-0.021437814459204674,0.004260932095348835,0.034220609813928604
1696958487999010000,18.213010009765625,-0.027829213067889214,-0.0063913981430232525,-0.005193010903894901
1696958488009023500,18.2230234375,-0.028894444927573204,0.03941362351179123,0.010785484686493874
1696958488019037200,18.233037109375,-0.017176883295178413,-0.02876129187643528,-0.001997311832383275
1696958488029050600,18.243050537109376,-0.024633513763546944,0.02876129187643528,-0.001997311832383275
1696958488039064300,18.253064208984377,-0.018242115154862404,-0.01171756349503994,0.0033288532868027687
1696958488049077800,18.263077880859374,-0.021437814459204674,-0.0031956990715116262,-0.012649642303586006
1696958488059091200,18.27309130859375,-0.017176883295178413,0.01491326279938221,0.00226362026296556
1696958488069105000,18.28310498046875,-0.009720250964164734,-0.03834838792681694,-0.004127778112888336
1696958488079118300,18.293118408203124,-0.016111649572849274,-0.01491326279938221,0.0011983871227130294
1696958488089132000,18.303132080078125,-0.015046416781842709,0.004260932095348835,-0.013714875094592571
1696958488099145500,18.3131455078125,-0.012915950268507004,-0.0031956990715116262,0.022503048181533813
1696958488109159000,18.323158935546875,-0.019307348877191544,-0.02769605815410614,-0.020106272771954536
1696958488119172600,18.333172607421876,-0.015046416781842709,0.01171756349503994,-0.004127778112888336
1696958488129186000,18.34318603515625,-0.013981183059513569,-0.0159784946590662,0.012915950268507004
1696958488139199700,18.35319970703125,-0.016111649572849274,0.0053261648863554,-0.042476166039705276
1696958488149213200,18.363213134765626,-0.023568280041217804,0.03515268862247467,0.034220609813928604
1696958488159226600,18.3732265625,-0.024633513763546944,0.02663082629442215,-0.06378082931041718
1696958488169240300,18.383240234375,-0.017176883295178413,0.03834838792681694,0.04274247586727142
1696958488179253800,18.393253662109377,-0.033155377954244614,-0.0031956990715116262,-0.06697652488946915
1696958488189267500,18.403267333984374,-0.026763979345560074,0.0745663121342659,0.021437814459204674
1696958488199281000,18.413281005859375,-0.03209014609456062,0,-0.043541401624679565
1696958488209294300,18.42329443359375,-0.028894444927573204,0.02982652559876442,0.0001331541279796511
1696958488219308000,18.43330810546875,-0.029959678649902344,-0.02023942768573761,-0.021171506494283676
1696958488229321500,18.443321533203125,-0.037416309118270874,0.04154408723115921,-0.031823836266994476
1696958488239335200,18.453335205078126,-0.025698747485876083,-0.007456631399691105,0.016111649572849274
1696958488249348600,18.4633486328125,-0.040612008422613144,-0.004260932095348835,-0.047802332788705826
1696958488259362000,18.473362060546876,-0.03528584539890289,0.05113118514418602,0.020372580736875534
1696958488269375700,18.483375732421877,-0.03954677656292915,-0.01171756349503994,-0.03288906812667847
1696958488279389200,18.49338916015625,-0.041677240282297134,0.05113118514418602,-0.008388710208237171
1696958488289402600,18.503402587890626,-0.037416309118270874,0.0010652330238372087,0.011850717477500439
1696958488299416300,18.513416259765624,-0.04913387447595596,0.04047885537147522,-0.060585130006074905
1696958488309429800,18.5234296875,-0.03848154470324516,0.03834838792681694,0.048068638890981674
1696958488319443500,18.533443359375,-0.044872939586639404,-0.00852186419069767,-0.06484606117010117
1696958488329457000,18.543456787109374,-0.041677240282297134,0.05219641700387001,0.015046416781842709
1696958488339470300,18.55347021484375,-0.03848154470324516,-0.02343512699007988,-0.026497671380639076
1696958488349483800,18.56348388671875,-0.04274247586727142,0.004260932095348835,-0.03928046673536301
1696958488359497200,18.573497314453125,-0.03209014609456062,-0.0010652330238372087,0.022503048181533813
1696958488369511000,18.583510986328125,-0.041677240282297134,-0.04580501839518547,-0.06910699605941772
1696958488379524400,18.5935244140625,-0.031024912372231483,0.02023942768573761,0.028894444927573204
1696958488389537800,18.603537841796875,-0.037416309118270874,-0.06178351491689682,-0.042476166039705276
1696958488399551200,18.61355126953125,-0.03848154470324516,0.0213046595454216,-0.021171506494283676
1696958488409564700,18.623564697265625,-0.034220609813928604,-0.01384802907705307,0.023568280041217804
1696958488419578400,18.633578369140626,-0.04274247586727142,-0.02236989326775074,-0.06378082931041718
1696958488429591800,18.643591796875,-0.034220609813928604,0.03941362351179123,0.03954677656292915
1696958488439605200,18.653605224609375,-0.041677240282297134,-0.06497921794652939,-0.045671865344047546
1696958488449618700,18.66361865234375,-0.034220609813928604,0.06817491352558136,0.0033288532868027687
1696958488459632000,18.673632080078125,-0.037416309118270874,-0.0426093190908432,0.020372580736875534
1696958488469645800,18.683645751953126,-0.04274247586727142,0.02450035884976387,-0.07017222791910172
1696958488479659300,18.6936591796875,-0.031024912372231483,0.04047885537147522,0.08854749798774719
1696958488489672700,18.703672607421876,-0.047003407031297684,-0.03408745676279068,-0.1042596846818924
1696958488499686100,18.71368603515625,-0.037416309118270874,0.07563154399394989,0.09067796170711517
1696958488509699600,18.723699462890625,-0.043807707726955414,-0.03834838792681694,-0.0723026916384697
1696958488519713300,18.73371337890625,-0.03954677656292915,0.07243584841489792,0.040612008422613144
1696958488529726700,18.743726806640623,-0.047003407031297684,-0.0319569893181324,-0.0009320789249613881
1696958488539740200,18.753740234375,-0.043807707726955414,0.02982652559876442,-0.031823836266994476
1696958488549753600,18.763753662109377,-0.040612008422613144,0.007456631399691105,0.053394805639982224
1696958488559767000,18.77376708984375,-0.048068638890981674,-0.0213046595454216,-0.05312849581241608
1696958488569780700,18.78378076171875,-0.041677240282297134,0.04047885537147522,0.06937330216169357
1696958488579794200,18.793794189453124,-0.04913387447595596,-0.04793548583984375,-0.050998032093048096
1696958488589807600,18.8038076171875,-0.041677240282297134,0.05645735189318657,0.07150376588106155
1696958488599821000,18.813821044921873,-0.048068638890981674,-0.04580501839518547,-0.016910573467612267
1696958488609834500,18.82383447265625,-0.044872939586639404,0.03515268862247467,0.025698747485876083
1696958488619848000,18.833847900390627,-0.050199106335639954,0.009587096981704235,0.04593817517161369
1696958488629861600,18.843861572265624,-0.04913387447595596,0.0063913981430232525,-0.015845341607928276
1696958488639875000,18.853875,-0.048068638890981674,0.04900071769952774,0.07896039634943008
1696958488649888500,18.863888427734373,-0.05232957378029823,-0.02663082629442215,-0.017975807189941406
1696958488659902000,18.87390185546875,-0.04274247586727142,0.06604444980621338,0.067242830991745
1696958488669915400,18.883915283203127,-0.04913387447595596,-0.0213046595454216,0.020372580736875534
1696958488679929000,18.89392919921875,-0.044872939586639404,0.03728315606713295,0.005459319334477186
1696958488689942500,18.903942626953125,-0.04274247586727142,0.0063913981430232525,0.08961272984743118
1696958488699956000,18.9139560546875,-0.03954677656292915,-0.0053261648863554,-0.04673709720373154
1696958488709969400,18.923969482421874,-0.03954677656292915,0.02663082629442215,0.10985215753316879
1696958488719982800,18.93398291015625,-0.03848154470324516,-0.04687025398015976,-0.04673709720373154
1696958488729996500,18.94399658203125,-0.033155377954244614,0.0426093190908432,0.08002562820911407
1696958488740010000,18.954010009765625,-0.034220609813928604,-0.06817491352558136,-0.017975807189941406
1696958488750023700,18.964023681640626,-0.03528584539890289,0.0426093190908432,0.043807707726955414
1696958488760037000,18.974037109375,-0.03528584539890289,-0.02769605815410614,0.022503048181533813
1696958488770050600,18.984050537109376,-0.03528584539890289,0.02982652559876442,-0.015845341607928276
1696958488780064300,18.994064208984376,-0.036351077258586884,0.02236989326775074,0.08428656309843063
1696958488790077700,19.00407763671875,-0.037416309118270874,0.004260932095348835,-0.04673709720373154
1696958488800091400,19.01409130859375,-0.04274247586727142,0.10865376889705658,0.06298190355300903
1696958488810104800,19.024104736328123,-0.03848154470324516,-0.0053261648863554,-0.0009320789249613881
1696958488820118300,19.0341181640625,-0.04913387447595596,0.10865376889705658,0.021437814459204674
1696958488830132000,19.044132080078125,-0.04274247586727142,0.02876129187643528,0.020372580736875534
1696958488840145400,19.0541455078125,-0.041677240282297134,0.04154408723115921,0.015046416781842709
1696958488850159000,19.0641591796875,-0.044872939586639404,0.0319569893181324,0.016111649572849274
1696958488860172500,19.074172607421875,-0.03954677656292915,0.02450035884976387,0.013981183059513569
1696958488870186000,19.08418603515625,-0.040612008422613144,-0.03089175745844841,0.020372580736875534
1696958488880199700,19.09419970703125,-0.03848154470324516,0.012782796286046505,0.010785484686493874
1696958488890213000,19.104213134765626,-0.040612008422613144,-0.03941362351179123,0.043807707726955414
1696958488900226800,19.114226806640627,-0.03528584539890289,-0.04047885537147522,-0.011584409512579441
1696958488910240300,19.124240234375,-0.041677240282297134,-0.0159784946590662,0.07363422960042953
1696958488920253700,19.134253662109376,-0.03848154470324516,-0.04473978653550148,-0.031823836266994476
1696958488930267400,19.144267333984374,-0.041677240282297134,0.0159784946590662,0.10772168636322021
1696958488940280800,19.15428076171875,-0.048068638890981674,-0.05752258375287056,-0.054193731397390366
1696958488950294500,19.16429443359375,-0.044872939586639404,0.08734910935163498,0.1087869256734848
1696958488960308000,19.174307861328124,-0.04274247586727142,-0.08628387749195099,-0.005193010903894901
1696958488970321400,19.1843212890625,-0.048068638890981674,0.07989247888326645,0.024633513763546944
1696958488980335000,19.194335205078126,-0.044872939586639404,-0.02023942768573761,0.08428656309843063
1696958488990348500,19.2043486328125,-0.040612008422613144,-0.007456631399691105,-0.055258963257074356
1696958489000362200,19.2143623046875,-0.040612008422613144,0.004260932095348835,0.13861344754695892
1696958489010375700,19.224375732421876,-0.03954677656292915,-0.04047885537147522,-0.09041165560483932
1696958489020389000,19.23438916015625,-0.029959678649902344,0.03515268862247467,0.1407439112663269
1696958489030402800,19.24440283203125,-0.028894444927573204,-0.12356702983379364,-0.09573781490325928
1696958489040416300,19.254416259765627,-0.031024912372231483,0.04793548583984375,0.10665645450353622
1696958489050430000,19.264429931640624,-0.028894444927573204,-0.0745663121342659,-0.044606633484363556
1696958489060443400,19.274443359375,-0.03209014609456062,0.04473978653550148,0.017176883295178413
1696958489070456800,19.284456787109374,-0.028894444927573204,-0.04687025398015976,0.011850717477500439
1696958489080470500,19.294470458984375,-0.031024912372231483,0.01810896210372448,-0.03608476743102074
1696958489090484000,19.30448388671875,-0.029959678649902344,0.04154408723115921,0.010785484686493874
1696958489100497700,19.31449755859375,-0.028894444927573204,-0.01384802907705307,-0.03928046673536301
1696958489110511000,19.324510986328125,-0.033155377954244614,0.05432688444852829,-0.004127778112888336
1696958489120524500,19.334524658203126,-0.031024912372231483,0.02556559257209301,-0.03928046673536301
1696958489130538200,19.344538330078127,-0.028894444927573204,0.02876129187643528,-0.025432437658309937
1696958489140551700,19.3545517578125,-0.028894444927573204,0,-0.040345702320337296
1696958489150565400,19.3645654296875,-0.028894444927573204,0.03302222490310669,-0.020106272771954536
1696958489160578800,19.374578857421874,-0.024633513763546944,-0.05113118514418602,-0.05312849581241608
1696958489170592300,19.38459228515625,-0.022503048181533813,0.007456631399691105,-0.015845341607928276
1696958489180606000,19.39460595703125,-0.025698747485876083,-0.06071828305721283,-0.038215234875679016
1696958489190619400,19.404619384765624,-0.017176883295178413,-0.02982652559876442,-0.035019535571336746
1696958489200632800,19.4146328125,-0.024633513763546944,-0.03408745676279068,0.007589785382151604
1696958489210646500,19.424646484375,-0.019307348877191544,-0.0426093190908432,-0.058454662561416626
1696958489220660000,19.434659912109375,-0.027829213067889214,0.0159784946590662,0.028894444927573204
1696958489230673700,19.444673583984375,-0.021437814459204674,-0.03728315606713295,-0.04673709720373154
1696958489240687000,19.45468701171875,-0.026763979345560074,0.03089175745844841,0.021437814459204674
1696958489250700500,19.464700439453125,-0.026763979345560074,-0.01384802907705307,-0.029693370684981346
1696958489260714200,19.47471435546875,-0.026763979345560074,0.04687025398015976,0.022503048181533813
1696958489270727700,19.484727783203127,-0.025698747485876083,-0.01491326279938221,-0.025432437658309937
1696958489280741400,19.494741455078124,-0.022503048181533813,0.03834838792681694,0.017176883295178413
1696958489290754800,19.5047548828125,-0.023568280041217804,-0.01171756349503994,-0.011584409512579441
1696958489300768300,19.514768310546874,-0.016111649572849274,0.01171756349503994,-0.008388710208237171
1696958489310782000,19.524781982421874,-0.017176883295178413,-0.02343512699007988,0.005459319334477186
1696958489320795400,19.53479541015625,-0.010785484686493874,-0.01171756349503994,-0.03288906812667847
1696958489330809000,19.54480908203125,-0.012915950268507004,-0.03515268862247467,0.007589785382151604
1696958489340822500,19.554822509765625,-0.009720250964164734,-0.0319569893181324,-0.044606633484363556
1696958489350836000,19.5648359375,-0.009720250964164734,-0.02236989326775074,0.0011983871227130294
1696958489360849700,19.574849609375,-0.009720250964164734,-0.03515268862247467,-0.059519894421100616
1696958489370863000,19.584863037109375,-0.0033288532868027687,-0.0053261648863554,0.004394086077809334
1696958489380876500,19.59487646484375,-0.011850717477500439,-0.03834838792681694,-0.08828118443489075
1696958489390890000,19.604889892578125,-0.004394086077809334,0.01491326279938221,0.00226362026296556
1696958489400903400,19.6149033203125,-0.009720250964164734,-0.02343512699007988,-0.08082455396652222
1696958489410917000,19.624917236328123,-0.007589785382151604,0.012782796286046505,-0.024367205798625946
1696958489420930600,19.6349306640625,-0.011850717477500439,-0.009587096981704235,-0.050998032093048096
1696958489430944000,19.644944091796877,-0.008655018173158169,-0.004260932095348835,-0.05632419511675835
1696958489440957400,19.65495751953125,-0.013981183059513569,0.007456631399691105,-0.035019535571336746
1696958489450971000,19.664970947265626,-0.009720250964164734,-0.01704372838139534,-0.041410934180021286
1696958489460984600,19.674984619140623,-0.009720250964164734,-0.0106523297727108,-0.041410934180021286
1696958489470998000,19.684998046875,-0.012915950268507004,-0.02343512699007988,-0.03288906812667847
1696958489481011500,19.695011474609377,-0.009720250964164734,-0.0053261648863554,-0.026497671380639076
1696958489491025000,19.70502490234375,-0.012915950268507004,-0.05219641700387001,-0.023301972076296806
1696958489501038300,19.715038330078126,-0.008655018173158169,-0.02556559257209301,-0.011584409512579441
1696958489511052000,19.725052001953124,-0.017176883295178413,-0.0106523297727108,0.0011983871227130294
1696958489521065500,19.7350654296875,-0.010785484686493874,-0.03515268862247467,-0.022236740216612816
1696958489531079000,19.745078857421873,-0.017176883295178413,-0.004260932095348835,0.040612008422613144
1696958489541092400,19.75509228515625,-0.018242115154862404,-0.04687025398015976,-0.029693370684981346
1696958489551105800,19.765105712890627,-0.010785484686493874,0,0.054460037499666214
1696958489561119500,19.775119384765624,-0.022503048181533813,-0.03089175745844841,-0.004127778112888336
1696958489571133000,19.7851328125,-0.016111649572849274,-0.01704372838139534,0.019307348877191544
1696958489581146400,19.795146484375,-0.016111649572849274,-0.01704372838139534,0.053394805639982224
1696958489591159800,19.805159912109374,-0.021437814459204674,-0.02769605815410614,-0.026497671380639076
1696958489601173200,19.81517333984375,-0.012915950268507004,-0.0159784946590662,0.06404713541269302
1696958489611186700,19.825186767578124,-0.018242115154862404,-0.08095771074295044,-0.016910573467612267
1696958489621200400,19.835200439453125,-0.015046416781842709,0.03408745676279068,0.022503048181533813
1696958489631213800,19.8452138671875,-0.017176883295178413,-0.07030537724494934,0.03209014609456062
1696958489641227300,19.855227294921875,-0.017176883295178413,0.0010652330238372087,-0.040345702320337296
1696958489651240700,19.86524072265625,-0.010785484686493874,-0.02023942768573761,0.053394805639982224
1696958489661254100,19.875254150390624,-0.017176883295178413,-0.05752258375287056,-0.07017222791910172
1696958489671267800,19.885267822265625,-0.008655018173158169,0.03941362351179123,0.060851436108350754
1696958489681281300,19.89528125,-0.019307348877191544,-0.05432688444852829,-0.08721595257520676
1696958489691294700,19.905294677734375,-0.009720250964164734,0.0319569893181324,0.047003407031297684
1696958489701308200,19.91530810546875,-0.004394086077809334,-0.0745663121342659,-0.037150003015995026
1696958489711321600,19.925321533203125,-0.021437814459204674,0.05752258375287056,-0.023301972076296806
1696958489721335300,19.935335205078125,-0.007589785382151604,-0.01491326279938221,0.034220609813928604
1696958489731348700,19.9453486328125,-0.015046416781842709,-0.012782796286046505,-0.05312849581241608
1696958489741362200,19.955362060546875,-0.017176883295178413,0.04900071769952774,0.031024912372231483
1696958489751376000,19.9653759765625,-0.006524552125483751,-0.03089175745844841,0.008655018173158169
1696958489761389300,19.975389404296877,-0.021437814459204674,0.02769605815410614,-0.020106272771954536
1696958489771402800,19.98540283203125,-0.015046416781842709,0.01810896210372448,0.031024912372231483
1696958489781416400,19.99541650390625,-0.006524552125483751,-0.02769605815410614,0.017176883295178413
1696958489791430000,20.005429931640624,-0.022503048181533813,0.03941362351179123,0.00226362026296556
1696958489801443600,20.015443603515624,-0.013981183059513569,-0.0053261648863554,0.033155377954244614
1696958489811457000,20.02545703125,-0.0033288532868027687,-0.01810896210372448,0.04274247586727142
1696958489821470500,20.035470458984374,-0.026763979345560074,0.03834838792681694,-0.024367205798625946
1696958489831484200,20.045484130859375,-0.013981183059513569,0.0053261648863554,0.07256899774074554
1696958489841497600,20.05549755859375,-0.010785484686493874,-0.01810896210372448,0.024633513763546944
1696958489851511300,20.06551123046875,-0.026763979345560074,0.05219641700387001,-0.006258244160562754
1696958489861524700,20.075524658203125,-0.009720250964164734,-0.01917419396340847,0.09706936031579971
1696958489871538200,20.0855380859375,-0.010785484686493874,-0.02450035884976387,-0.016910573467612267
1696958489881552000,20.0955517578125,-0.025698747485876083,0.05752258375287056,0.04274247586727142
1696958489891565300,20.1055654296875,-0.009720250964164734,-0.0426093190908432,0.051264338195323944
1696958489901579000,20.1155791015625,-0.010785484686493874,-0.0021304660476744175,0.017176883295178413
1696958489911592400,20.125592529296874,-0.022503048181533813,0.02023942768573761,0.007589785382151604
1696958489921606000,20.13560595703125,-0.004394086077809334,-0.02663082629442215,0.07256899774074554
1696958489931619600,20.14561962890625,-0.009720250964164734,-0.00852186419069767,-0.014780107885599136
1696958489941633000,20.155633056640625,-0.019307348877191544,0.04047885537147522,0.011850717477500439
1696958489951646700,20.165646728515625,0.0009320789249613881,-0.04367455467581749,0.043807707726955414
1696958489961660200,20.17566015625,-0.00226362026296556,-0.0021304660476744175,-0.008388710208237171
1696958489971673600,20.185673583984375,-0.013981183059513569,0.02876129187643528,0.005459319334477186
1696958489981687300,20.195687255859376,0.0009320789249613881,-0.02450035884976387,0.029959678649902344
1696958489991700700,20.20570068359375,0.0030625448562204838,0.02769605815410614,-0.0030625448562204838
1696958490001714400,20.21571435546875,-0.005459319334477186,0.0010652330238372087,-0.006258244160562754
1696958490011728000,20.225727783203126,0.0009320789249613881,-0.0063913981430232525,0.024633513763546944
1696958490021741300,20.2357412109375,0.010519175790250301,0,0.0001331541279796511
1696958490031755000,20.245755126953124,-0.0011983871227130294,0.004260932095348835,-0.001997311832383275
1696958490041768400,20.2557685546875,-0.0001331541279796511,-0.0159784946590662,0.00226362026296556
1696958490051782100,20.2657822265625,0.012649642303586006,-0.012782796286046505,0.03209014609456062
1696958490061795600,20.275795654296875,0.0009320789249613881,-0.02023942768573761,-0.041410934180021286
1696958490071809000,20.28580908203125,-0.0011983871227130294,-0.0021304660476744175,0.028894444927573204
1696958490081822700,20.29582275390625,0.007323476951569319,-0.02663082629442215,0.00226362026296556
1696958490091836200,20.305836181640625,0.005193010903894901,0.0010652330238372087,-0.011584409512579441
1696958490101849900,20.315849853515626,-0.00226362026296556,-0.01704372838139534,0.006524552125483751
1696958490111863300,20.32586328125,0.007323476951569319,-0.02663082629442215,0.009720250964164734
1696958490121876700,20.335876708984376,0.004127778112888336,-0.0021304660476744175,-0.011584409512579441
1696958490131890400,20.345890380859377,-0.0033288532868027687,-0.0063913981430232525,-0.005193010903894901
1696958490141904000,20.35590380859375,0.001997311832383275,-0.02236989326775074,0.017176883295178413
1696958490151917300,20.365917236328126,0.0009320789249613881,0.01704372838139534,-0.017975807189941406
1696958490161931000,20.375930908203124,-0.0033288532868027687,-0.0031956990715116262,0.00226362026296556
1696958490171944400,20.3859443359375,-0.00226362026296556,-0.01491326279938221,-0.024367205798625946
1696958490181958100,20.395958251953125,0.001997311832383275,0.02663082629442215,0.023568280041217804
1696958490191971600,20.4059716796875,-0.004394086077809334,0.0021304660476744175,-0.054193731397390366
1696958490201985000,20.415985107421875,-0.004394086077809334,0.007456631399691105,-0.0009320789249613881
1696958490211998700,20.425998779296876,0.001997311832383275,-0.01917419396340847,-0.012649642303586006
1696958490222012200,20.43601220703125,-0.00226362026296556,0.03728315606713295,-0.040345702320337296
1696958490232025900,20.44602587890625,-0.0033288532868027687,-0.0053261648863554,0.004394086077809334
1696958490242039300,20.456039306640626,-0.00226362026296556,-0.0063913981430232525,-0.06484606117010117
1696958490252052700,20.466052734375,0.010519175790250301,0.02556559257209301,0.037416309118270874
1696958490262066400,20.47606640625,-0.00226362026296556,-0.04154408723115921,-0.08828118443489075
1696958490272080000,20.486079833984373,-0.0033288532868027687,0.04580501839518547,0.026763979345560074
1696958490282093600,20.496093505859374,0.011584409512579441,-0.02236989326775074,-0.020106272771954536
1696958490292107000,20.50610693359375,0.006258244160562754,0,-0.04673709720373154
1696958490302120400,20.516120361328124,0.0009320789249613881,0.0021304660476744175,-0.005193010903894901
1696958490312134100,20.526134033203125,0.009453942999243736,0.0063913981430232525,-0.005193010903894901
1696958490322147600,20.536147705078125,0.009453942999243736,0.0031956990715116262,-0.028628136962652206
1696958490332161300,20.546161376953126,-0.0011983871227130294,0.0021304660476744175,-0.015845341607928276
1696958490342174700,20.5561748046875,0.0030625448562204838,0.02450035884976387,0.0033288532868027687
1696958490352188200,20.566188232421876,0.007323476951569319,0.007456631399691105,0.0033288532868027687
1696958490362201900,20.576201904296877,0.0009320789249613881,-0.01171756349503994,-0.041410934180021286
1696958490372215300,20.58621533203125,0.0030625448562204838,0.0053261648863554,0.03954677656292915
1696958490382229000,20.59622900390625,0.004127778112888336,0.0053261648863554,-0.020106272771954536
1696958490392242400,20.606242431640624,0.005193010903894901,-0.02556559257209301,-0.012649642303586006
1696958490402256000,20.616255859375,-0.0001331541279796511,-0.004260932095348835,0.022503048181533813
1696958490412269600,20.62626953125,0.0030625448562204838,-0.0010652330238372087,-0.026497671380639076
1696958490422283000,20.636282958984374,0.009453942999243736,-0.01384802907705307,0.023568280041217804
1696958490432296700,20.646296630859375,0.0030625448562204838,-0.0639139786362648,-0.03928046673536301
1696958490442310100,20.65631005859375,0.0030625448562204838,0.01491326279938221,0.015046416781842709
1696958490452323600,20.666323486328125,0.008388710208237171,-0.03834838792681694,0.008655018173158169
1696958490462337000,20.6763369140625,0.0009320789249613881,-0.03302222490310669,-0.04993279650807381
1696958490472350700,20.686350830078126,0.0009320789249613881,0.0010652330238372087,0.036351077258586884
1696958490482364200,20.6963642578125,0.004127778112888336,-0.02023942768573761,-0.020106272771954536
1696958490492377600,20.706377685546876,-0.0001331541279796511,-0.0063913981430232525,-0.021171506494283676
1696958490502391000,20.71639111328125,-0.0033288532868027687,-0.004260932095348835,-0.0030625448562204838
1696958490512404500,20.726404541015626,0.0030625448562204838,-0.02023942768573761,-0.005193010903894901
1696958490522418200,20.736418212890626,-0.0001331541279796511,0.01384802907705307,-0.012649642303586006
1696958490532431600,20.746431640625,-0.006524552125483751,0.02769605815410614,-0.007323476951569319
1696958490542445000,20.756445068359376,-0.0033288532868027687,-0.009587096981704235,-0.021171506494283676
1696958490552458500,20.76645849609375,0.0009320789249613881,0.04793548583984375,0.0001331541279796511
1696958490562472000,20.776471923828126,0.0009320789249613881,-0.01171756349503994,-0.013714875094592571
1696958490572485600,20.786485595703127,-0.005459319334477186,0.01917419396340847,-0.030758604407310486
1696958490582499000,20.7964990234375,0.010519175790250301,-0.0053261648863554,0.044872939586639404
1696958490592512500,20.806512451171876,0.006258244160562754,-0.02982652559876442,-0.040345702320337296
1696958490602526000,20.81652587890625,-0.0011983871227130294,0.0053261648863554,0.015046416781842709
1696958490612539400,20.826539306640626,0.009453942999243736,-0.01810896210372448,0.023568280041217804
1696958490622552800,20.836552734375,0.015845341607928276,-0.01704372838139534,0.016111649572849274
1696958490632566500,20.84656640625,-0.0011983871227130294,-0.01704372838139534,-0.007323476951569319
1696958490642580000,20.856580078125,0.005193010903894901,-0.0053261648863554,0.04913387447595596
1696958490652593400,20.866593505859374,0.008388710208237171,0.00852186419069767,0.020372580736875534
1696958490662606800,20.87660693359375,0.001997311832383275,-0.0063913981430232525,0.017176883295178413
1696958490672620300,20.886620361328124,-0.004394086077809334,-0.012782796286046505,0.008655018173158169
1696958490682634000,20.896634033203124,0.005193010903894901,0.06710968166589737,0.057655736804008484
1696958490692647400,20.9066474609375,0.0030625448562204838,-0.04687025398015976,-0.008388710208237171
1696958490702660900,20.916660888671874,-0.009720250964164734,0.04154408723115921,-0.001997311832383275
1696958490712674300,20.92667431640625,0.004127778112888336,0.01491326279938221,0.06830807030200958
1696958490722687700,20.936687744140624,-0.0001331541279796511,-0.01917419396340847,-0.055258963257074356
1696958490732701400,20.946701416015625,-0.007589785382151604,0.03089175745844841,0.031024912372231483
1696958490742715000,20.95671484375,0.001997311832383275,-0.012782796286046505,0.015046416781842709
1696958490752728300,20.966728271484374,0.005193010903894901,-0.0010652330238372087,-0.020106272771954536
1696958490762741800,20.97674169921875,-0.004394086077809334,-0.01810896210372448,-0.001997311832383275
1696958490772755200,20.986755126953124,-0.004394086077809334,0,-0.0009320789249613881
1696958490782769000,20.996768798828125,0.006258244160562754,0,0.006524552125483751
1696958490792782300,21.0067822265625,-0.0011983871227130294,-0.05645735189318657,-0.037150003015995026
1696958490802796000,21.016796142578126,-0.010785484686493874,0.01491326279938221,0.0001331541279796511
1696958490812809500,21.0268095703125,0.006258244160562754,-0.0053261648863554,0.008655018173158169
1696958490822823000,21.036822998046876,-0.0011983871227130294,-0.06284874677658081,-0.03608476743102074
1696958490832836600,21.046836669921873,-0.015046416781842709,0.03515268862247467,0.0001331541279796511
1696958490842850000,21.05685009765625,-0.004394086077809334,-0.03302222490310669,0.010785484686493874
1696958490852863700,21.06686376953125,-0.0011983871227130294,-0.02769605815410614,-0.03288906812667847
1696958490862877200,21.076877197265624,-0.012915950268507004,0.0021304660476744175,-0.0009320789249613881
1696958490872890600,21.086890625,-0.008655018173158169,-0.00852186419069767,-0.0009320789249613881
1696958490882904300,21.096904296875,-0.0001331541279796511,-0.02343512699007988,0.021437814459204674
1696958490892917800,21.106917724609374,-0.012915950268507004,-0.01384802907705307,-0.035019535571336746
1696958490902931500,21.116931396484375,-0.009720250964164734,0.0063913981430232525,0.034220609813928604
1696958490912945000,21.12694482421875,0.0009320789249613881,-0.04580501839518547,0.010785484686493874
1696958490922958300,21.136958251953125,-0.013981183059513569,0.0532616525888443,-0.030758604407310486
1696958490932972000,21.146971923828126,-0.012915950268507004,-0.009587096981704235,0.057655736804008484
1696958490942985500,21.1569853515625,-0.007589785382151604,-0.01384802907705307,-0.028628136962652206
1696958490952999200,21.166999267578124,-0.015046416781842709,0.08734910935163498,0.040612008422613144
1696958490963012600,21.1770126953125,-0.021437814459204674,-0.0213046595454216,-0.017975807189941406
1696958490973026000,21.187026123046873,-0.008655018173158169,0.03302222490310669,0.033155377954244614
1696958490983039700,21.197039794921874,-0.016111649572849274,0.04687025398015976,-0.016910573467612267
1696958490993053200,21.20705322265625,-0.016111649572849274,-0.0031956990715116262,0.009720250964164734
1696958491003067000,21.21706689453125,-0.013981183059513569,-0.009587096981704235,-0.001997311832383275
1696958491013080300,21.227080322265625,-0.012915950268507004,0.04473978653550148,-0.0030625448562204838
1696958491023093800,21.23709375,-0.010785484686493874,-0.04793548583984375,-0.014780107885599136
1696958491033107500,21.247107421875,-0.018242115154862404,0.0010652330238372087,-0.013714875094592571
1696958491043121000,21.257120849609375,-0.006524552125483751,-0.0053261648863554,0.008655018173158169
1696958491053134600,21.267134521484376,-0.009720250964164734,-0.05539211630821228,-0.037150003015995026
1696958491063148000,21.27714794921875,-0.016111649572849274,-0.009587096981704235,0.0011983871227130294
1696958491073161500,21.287161376953126,-0.009720250964164734,-0.0213046595454216,0.009720250964164734
1696958491083175200,21.297175048828127,-0.005459319334477186,-0.04473978653550148,-0.012649642303586006
1696958491093188600,21.307188720703124,-0.022503048181533813,-0.03834838792681694,-0.008388710208237171
1696958491103202300,21.317202392578125,-0.009720250964164734,0,0.031024912372231483
1696958491113215700,21.3272158203125,-0.007589785382151604,-0.02982652559876442,0.007589785382151604
1696958491123229200,21.337229248046874,-0.026763979345560074,-0.004260932095348835,-0.021171506494283676
1696958491133243000,21.347242919921875,-0.019307348877191544,-0.007456631399691105,0.067242830991745
1696958491143256300,21.35725634765625,-0.007589785382151604,-0.0031956990715116262,-0.0009320789249613881
1696958491153269800,21.367269775390625,-0.021437814459204674,0.02450035884976387,-0.007323476951569319
1696958491163283500,21.377283447265626,-0.024633513763546944,-0.0532616525888443,0.048068638890981674
1696958491173297000,21.387296875,-0.007589785382151604,-0.01171756349503994,0.010785484686493874
1696958491183310600,21.397310546875,-0.009720250964164734,0.04473978653550148,-0.006258244160562754
1696958491193324000,21.407323974609376,-0.021437814459204674,-0.04047885537147522,0.009720250964164734
1696958491203337500,21.41733740234375,-0.008655018173158169,-0.0426093190908432,0.033155377954244614
1696958491213351200,21.42735107421875,-0.009720250964164734,0.03941362351179123,-0.041410934180021286
1696958491223364600,21.437364501953127,-0.013981183059513569,0.007456631399691105,0.03848154470324516
1696958491233379000,21.447379150390624,-0.009720250964164734,-0.05752258375287056,-0.031823836266994476
1696958491243392500,21.457392578125,-0.010785484686493874,0.05645735189318657,0.018242115154862404
1696958491253405700,21.46740576171875,-0.016111649572849274,-0.02023942768573761,-0.038215234875679016
1696958491263419100,21.477419189453126,-0.013981183059513569,0.01810896210372448,-0.008388710208237171
1696958491273432300,21.487432373046875,-0.008655018173158169,0.0426093190908432,0.010785484686493874
1696958491283445800,21.49744580078125,-0.018242115154862404,-0.03621792420744896,-0.06271559745073318
1696958491293459200,21.507459228515625,-0.019307348877191544,0.03728315606713295,0.005459319334477186
1696958491303472400,21.517472412109374,-0.010785484686493874,0.0053261648863554,-0.017975807189941406
1696958491313485800,21.52748583984375,-0.010785484686493874,0.0010652330238372087,-0.026497671380639076
1696958491323499300,21.537499267578124,-0.026763979345560074,0.00852186419069767,-0.042476166039705276
1696958491333512700,21.5475126953125,-0.009720250964164734,0.0053261648863554,0.022503048181533813
1696958491343526400,21.5575263671875,-0.010785484686493874,-0.02450035884976387,-0.047802332788705826
1696958491353539800,21.567539794921874,-0.024633513763546944,0.02876129187643528,-0.021171506494283676
1696958491363553500,21.577553466796875,-0.015046416781842709,-0.02769605815410614,0.018242115154862404
1696958491373567200,21.587567138671876,-0.016111649572849274,0.01491326279938221,-0.030758604407310486
1696958491383581000,21.597580810546877,-0.020372580736875534,0.01704372838139534,-0.004127778112888336
1696958491393594400,21.607594482421874,-0.018242115154862404,-0.02769605815410614,-0.011584409512579441
1696958491403608000,21.617608154296875,-0.012915950268507004,0.01704372838139534,0.011850717477500439
1696958491413621800,21.627621826171875,-0.018242115154862404,-0.0213046595454216,-0.023301972076296806
1696958491423635500,21.637635498046876,-0.022503048181533813,-0.0053261648863554,-0.009453942999243736
1696958491433649200,21.647649169921873,-0.010785484686493874,0.0021304660476744175,0.024633513763546944
1696958491443662600,21.65766259765625,-0.017176883295178413,-0.05006595328450203,-0.052063263952732086
1696958491453676300,21.66767626953125,-0.022503048181533813,0.02450035884976387,-0.0009320789249613881
1696958491463690000,21.67768994140625,-0.009720250964164734,-0.0639139786362648,-0.0030625448562204838
1696958491473703700,21.68770361328125,-0.013981183059513569,0.0106523297727108,-0.021171506494283676
1696958491483717000,21.697717041015625,-0.016111649572849274,-0.04580501839518547,-0.006258244160562754
1696958491493730800,21.707730712890626,-0.019307348877191544,-0.0010652330238372087,-0.041410934180021286
1696958491503744300,21.717744140625,-0.007589785382151604,-0.0106523297727108,0.04274247586727142
1696958491513757700,21.7277578125,-0.017176883295178413,-0.04687025398015976,-0.0936073511838913
1696958491523771100,21.737771240234373,-0.016111649572849274,0.0159784946590662,0.04274247586727142
1696958491533784800,21.747784912109374,-0.006524552125483751,-0.02769605815410614,-0.017975807189941406
1696958491543798300,21.75779833984375,-0.013981183059513569,-0.00852186419069767,-0.03928046673536301
1696958491553811700,21.767811767578124,-0.022503048181533813,0.03089175745844841,0.006524552125483751
1696958491563825200,21.7778251953125,-0.010785484686493874,0.01491326279938221,-0.011584409512579441
1696958491573838600,21.787838623046873,-0.009720250964164734,-0.0063913981430232525,0.007589785382151604
1696958491583852300,21.797852294921874,-0.025698747485876083,0.01384802907705307,-0.050998032093048096
1696958491593865700,21.80786572265625,-0.013981183059513569,0.0031956990715116262,0.03848154470324516
1696958491603879200,21.817879150390624,-0.0033288532868027687,-0.04473978653550148,-0.015845341607928276
1696958491613892600,21.827892578125,-0.020372580736875534,0.0106523297727108,-0.028628136962652206
1696958491623906000,21.837906005859374,-0.015046416781842709,-0.02343512699007988,0.015046416781842709
1696958491633919700,21.847919677734374,-0.005459319334477186,-0.01384802907705307,0.005459319334477186
1696958491643933200,21.85793310546875,-0.019307348877191544,-0.0031956990715116262,-0.029693370684981346
1696958491653946600,21.867946533203124,-0.020372580736875534,-0.004260932095348835,0.011850717477500439
1696958491663960000,21.8779599609375,-0.009720250964164734,-0.01171756349503994,0.018242115154862404
1696958491673973500,21.887973388671874,-0.019307348877191544,0.02876129187643528,-0.03288906812667847
1696958491683987200,21.8979873046875,-0.017176883295178413,-0.01917419396340847,0.03209014609456062
1696958491694000600,21.908000732421876,-0.018242115154862404,0.0021304660476744175,-0.026497671380639076
1696958491704014000,21.91801416015625,-0.013981183059513569,0.04047885537147522,0.034220609813928604
1696958491714027500,21.928027587890625,-0.020372580736875534,-0.03621792420744896,-0.03928046673536301
1696958491724041000,21.938041015625,-0.020372580736875534,0.02343512699007988,0.037416309118270874
1696958491734054400,21.948054443359375,-0.012915950268507004,-0.01917419396340847,-0.007323476951569319
1696958491744068000,21.958068115234376,-0.017176883295178413,-0.01384802907705307,0.0011983871227130294
1696958491754081500,21.96808154296875,-0.020372580736875534,-0.0213046595454216,-0.0030625448562204838
1696958491764095000,21.978094970703125,-0.011850717477500439,-0.0213046595454216,0.015046416781842709
1696958491774108400,21.9881083984375,-0.010785484686493874,-0.04154408723115921,0.0011983871227130294
1696958491784121900,21.998121826171875,-0.024633513763546944,0.01704372838139534,-0.015845341607928276
1696958491794135600,22.008135498046876,-0.010785484686493874,-0.03408745676279068,0.037416309118270874
1696958491804149000,22.01814892578125,-0.015046416781842709,0.02343512699007988,-0.016910573467612267
1696958491814162400,22.028162353515626,-0.023568280041217804,0.02556559257209301,0.017176883295178413
1696958491824176000,22.038176025390626,-0.020372580736875534,0.0159784946590662,0.008655018173158169
1696958491834189600,22.048189453125,-0.009720250964164734,0.03941362351179123,0.041677240282297134
1696958491844203300,22.058203369140625,-0.020372580736875534,0.0031956990715116262,-0.021171506494283676
1696958491854216700,22.068216796875,-0.025698747485876083,0.05645735189318657,0.028894444927573204
1696958491864230100,22.078230224609374,-0.008655018173158169,0.01384802907705307,0.06511236727237701
1696958491874243800,22.088243896484375,-0.017176883295178413,-0.009587096981704235,-0.054193731397390366
1696958491884257300,22.09825732421875,-0.017176883295178413,0.02982652559876442,0.07469946891069412
1696958491894271000,22.10827099609375,-0.012915950268507004,-0.04793548583984375,0.00226362026296556
1696958491904284400,22.118284423828126,-0.016111649572849274,0.04793548583984375,-0.0009320789249613881
1696958491914297900,22.1282978515625,-0.015046416781842709,-0.04580501839518547,0.026763979345560074
1696958491924311600,22.1383115234375,-0.013981183059513569,-0.012782796286046505,-0.025432437658309937
1696958491934325000,22.148324951171876,-0.012915950268507004,0.01704372838139534,0.03848154470324516
1696958491944338700,22.158338623046873,-0.016111649572849274,-0.04367455467581749,-0.06697652488946915
1696958491954352000,22.16835205078125,-0.012915950268507004,0.0021304660476744175,0.03528584539890289
1696958491964365600,22.178365478515627,-0.017176883295178413,-0.01384802907705307,-0.043541401624679565
1696958491974379300,22.188379150390624,-0.016111649572849274,0.01704372838139534,-0.031823836266994476
1696958491984393500,22.1983935546875,-0.015046416781842709,-0.04793548583984375,-0.017975807189941406
1696958491994407400,22.208407470703126,-0.017176883295178413,0.02556559257209301,-0.037150003015995026
1696958492004420900,22.2184208984375,-0.016111649572849274,0,-0.037150003015995026
1696958492014434300,22.228434326171875,-0.017176883295178413,-0.01917419396340847,-0.04993279650807381
1696958492024447700,22.23844775390625,-0.016111649572849274,-0.00852186419069767,-0.019041040912270546
1696958492034461400,22.24846142578125,-0.007589785382151604,-0.02343512699007988,-0.038215234875679016
1696958492044475000,22.258474853515626,-0.022503048181533813,0.0063913981430232525,-0.054193731397390366
1696958492054488300,22.26848828125,-0.020372580736875534,0.0053261648863554,-0.020106272771954536
1696958492064501800,22.278501708984376,-0.006524552125483751,-0.0063913981430232525,-0.008388710208237171
1696958492074515200,22.28851513671875,-0.021437814459204674,0.004260932095348835,-0.045671865344047546
1696958492084529000,22.29852880859375,-0.025698747485876083,0.03834838792681694,-0.013714875094592571
1696958492094542300,22.308542236328126,-0.00226362026296556,-0.01917419396340847,0.037416309118270874
1696958492104555800,22.3185556640625,-0.018242115154862404,-0.00852186419069767,-0.0829550251364708
1696958492114569200,22.3285693359375,-0.027829213067889214,0.03728315606713295,0.03848154470324516
1696958492124582700,22.338582763671877,-0.009720250964164734,0.0010652330238372087,-0.006258244160562754
1696958492134596400,22.348596435546874,-0.015046416781842709,-0.007456631399691105,-0.0030625448562204838
1696958492144609800,22.35860986328125,-0.021437814459204674,0.0010652330238372087,-0.0030625448562204838
1696958492154623200,22.368623291015624,-0.016111649572849274,0.0053261648863554,0.016111649572849274
1696958492164636700,22.37863671875,-0.013981183059513569,0.02450035884976387,-0.004127778112888336
1696958492174650000,22.388650146484373,-0.016111649572849274,-0.03941362351179123,0.011850717477500439
1696958492184663800,22.398663818359374,-0.020372580736875534,-0.00852186419069767,-0.019041040912270546
1696958492194677200,22.40867724609375,-0.011850717477500439,0.0426093190908432,0.054460037499666214
1696958492204690700,22.418690673828124,-0.021437814459204674,-0.03621792420744896,-0.047802332788705826
1696958492214704000,22.4287041015625,-0.021437814459204674,0.0319569893181324,0.028894444927573204
1696958492224717600,22.438717529296873,-0.015046416781842709,0.01810896210372448,0.010785484686493874
1696958492234731000,22.44873095703125,-0.020372580736875534,0.02450035884976387,-0.028628136962652206
1696958492244744700,22.45874462890625,-0.021437814459204674,0.01384802907705307,0.019307348877191544
1696958492254758100,22.468758056640624,-0.021437814459204674,0.0319569893181324,-0.016910573467612267
1696958492264771600,22.478771484375,-0.015046416781842709,0.03728315606713295,0.013981183059513569
1696958492274785000,22.488784912109374,-0.017176883295178413,-0.02769605815410614,-0.027562905102968216
1696958492284798500,22.498798583984374,-0.017176883295178413,0.01704372838139534,0.010785484686493874
1696958492294812200,22.508812255859375,-0.009720250964164734,0.00852186419069767,0.011850717477500439
1696958492304825600,22.51882568359375,-0.015046416781842709,-0.02343512699007988,-0.031823836266994476
1696958492314839000,22.528839111328125,-0.017176883295178413,-0.0106523297727108,0.013981183059513569
1696958492324852500,22.5388525390625,-0.009720250964164734,-0.01171756349503994,0.007589785382151604
1696958492334866200,22.5488662109375,-0.012915950268507004,-0.02769605815410614,-0.021171506494283676
1696958492344879600,22.558879638671876,-0.015046416781842709,-0.03408745676279068,0.012915950268507004
1696958492354893300,22.568893310546876,-0.010785484686493874,-0.02236989326775074,0.023568280041217804
1696958492364906800,22.57890673828125,-0.015046416781842709,-0.0106523297727108,-0.038215234875679016
1696958492374920200,22.588920166015626,-0.020372580736875534,-0.012782796286046505,0.040612008422613144
1696958492384934000,22.598933837890623,-0.013981183059513569,-0.02236989326775074,-0.012649642303586006
1696958492394947300,22.608947265625,-0.017176883295178413,0.01810896210372448,0.054460037499666214
1696958492404961000,22.6189609375,-0.020372580736875534,-0.01171756349503994,-0.033954303711652756
1696958492414974500,22.628974365234374,-0.018242115154862404,0.02023942768573761,0.10452599078416824
1696958492424988000,22.63898779296875,-0.008655018173158169,-0.03834838792681694,-0.019041040912270546
1696958492435001600,22.649001708984375,-0.019307348877191544,0.04580501839518547,0.09600412845611572
1696958492445015000,22.65901513671875,-0.019307348877191544,-0.0532616525888443,-0.006258244160562754
1696958492455028700,22.66902880859375,-0.010785484686493874,0.02663082629442215,0.11411308497190475
1696958492465042200,22.679042236328126,-0.011850717477500439,-0.0319569893181324,-0.001997311832383275
1696958492475055600,22.6890556640625,-0.024633513763546944,0.01491326279938221,0.067242830991745
1696958492485069300,22.6990693359375,-0.012915950268507004,-0.01704372838139534,0.03954677656292915
1696958492495082800,22.709082763671876,-0.008655018173158169,0.0063913981430232525,0.03848154470324516
1696958492505096400,22.719096435546874,-0.022503048181533813,-0.0063913981430232525,-0.001997311832383275
1696958492515110000,22.72910986328125,-0.017176883295178413,0.0159784946590662,0.033155377954244614
1696958492525123300,22.739123291015623,-0.009720250964164734,0.0010652330238372087,0.017176883295178413
1696958492535137000,22.749136962890624,-0.016111649572849274,-0.02343512699007988,-0.043541401624679565
1696958492545150500,22.759150390625,-0.015046416781842709,-0.012782796286046505,0.040612008422613144
1696958492555164200,22.7691640625,-0.012915950268507004,-0.00852186419069767,-0.033954303711652756
1696958492565177600,22.779177490234375,-0.013981183059513569,0.0106523297727108,-0.014780107885599136
1696958492575191000,22.78919091796875,-0.015046416781842709,-0.03302222490310669,-0.009453942999243736
1696958492585204700,22.799204833984376,-0.011850717477500439,0.0031956990715116262,-0.012649642303586006
1696958492595218200,22.80921826171875,-0.015046416781842709,0.0053261648863554,-0.006258244160562754
1696958492605231900,22.81923193359375,-0.016111649572849274,-0.004260932095348835,-0.028628136962652206
1696958492615245300,22.829245361328127,-0.012915950268507004,-0.0021304660476744175,0.019307348877191544
1696958492625258800,22.8392587890625,-0.011850717477500439,-0.0106523297727108,-0.041410934180021286
1696958492635272400,22.8492724609375,-0.018242115154862404,0.0213046595454216,0.017176883295178413
1696958492645286000,22.859285888671874,-0.017176883295178413,-0.009587096981704235,-0.017975807189941406
1696958492655299600,22.869299560546875,-0.009720250964164734,0.0031956990715116262,0.024633513763546944
1696958492665313000,22.87931298828125,-0.016111649572849274,-0.01704372838139534,-0.022236740216612816
1696958492675326500,22.889326416015624,-0.022503048181533813,0.0213046595454216,-0.001997311832383275
1696958492685340200,22.899340087890625,-0.009720250964164734,-0.009587096981704235,0.03848154470324516
1696958492695353600,22.909353515625,-0.018242115154862404,0,-0.028628136962652206
1696958492705367300,22.9193671875,-0.022503048181533813,0.012782796286046505,0.021437814459204674
1696958492715380700,22.929380615234376,-0.012915950268507004,0.004260932095348835,0.020372580736875534
1696958492725394200,22.939394287109376,-0.010785484686493874,-0.009587096981704235,0.011850717477500439
1696958492735407900,22.949407958984374,-0.022503048181533813,0,-0.007323476951569319
1696958492745421300,22.95942138671875,-0.012915950268507004,0,0.051264338195323944
1696958492755435000,22.96943505859375,-0.010785484686493874,-0.02343512699007988,-0.001997311832383275
1696958492765448400,22.979448486328124,-0.022503048181533813,0.0213046595454216,0.025698747485876083
1696958492775462000,22.9894619140625,-0.023568280041217804,-0.0031956990715116262,0.015046416781842709
1696958492785475600,22.9994755859375,-0.017176883295178413,0.03941362351179123,0.041677240282297134
1696958492795489000,23.009489013671875,-0.017176883295178413,-0.03621792420744896,0.004394086077809334
1696958492805502700,23.019502685546875,-0.028894444927573204,0.03089175745844841,0.012915950268507004
1696958492815516200,23.02951611328125,-0.017176883295178413,0.009587096981704235,0.054460037499666214
1696958492825529600,23.039529541015625,-0.022503048181533813,-0.0063913981430232525,-0.028628136962652206
1696958492835543300,23.049543212890626,-0.025698747485876083,0.02343512699007988,0.051264338195323944
1696958492845556700,23.059556640625,-0.026763979345560074,-0.0106523297727108,-0.031823836266994476
1696958492855570200,23.069570068359376,-0.020372580736875534,0.03408745676279068,0.05232957378029823
1696958492865583900,23.079583984375,-0.027829213067889214,-0.05006595328450203,-0.04673709720373154
1696958492875597300,23.089597412109374,-0.024633513763546944,0.007456631399691105,0.027829213067889214
1696958492885611000,23.099611083984374,-0.019307348877191544,-0.04580501839518547,0.007589785382151604
1696958492895624400,23.10962451171875,-0.025698747485876083,-0.02556559257209301,-0.025432437658309937
1696958492905638000,23.119637939453124,-0.028894444927573204,-0.04047885537147522,0.025698747485876083
1696958492915651600,23.129651611328125,-0.022503048181533813,-0.04047885537147522,0.006524552125483751
1696958492925665000,23.1396650390625,-0.023568280041217804,-0.03408745676279068,0.005459319334477186
1696958492935678700,23.1496787109375,-0.037416309118270874,-0.02236989326775074,0.015046416781842709
1696958492945692200,23.159692138671875,-0.029959678649902344,-0.03408745676279068,0.013981183059513569
1696958492955705600,23.16970556640625,-0.028894444927573204,0,0.054460037499666214
1696958492965719300,23.17971923828125,-0.04274247586727142,-0.03834838792681694,-0.023301972076296806
1696958492975732700,23.189732666015626,-0.041677240282297134,0.01171756349503994,0.048068638890981674
1696958492985746400,23.199746337890623,-0.033155377954244614,-0.03302222490310669,0.050199106335639954
1696958492995759900,23.209759765625,-0.047003407031297684,-0.004260932095348835,-0.027562905102968216
1696958493005773300,23.219773193359377,-0.047003407031297684,0.01704372838139534,0.07256899774074554
1696958493015787000,23.229787109375,-0.03954677656292915,-0.03408745676279068,0.012915950268507004
1696958493025800400,23.239800537109375,-0.044872939586639404,0.01917419396340847,0.0011983871227130294
1696958493035814100,23.249814208984375,-0.05232957378029823,0.00852186419069767,0.041677240282297134
1696958493045827600,23.25982763671875,-0.04593817517161369,-0.009587096981704235,0.0001331541279796511
1696958493055841000,23.269841064453125,-0.043807707726955414,0.01810896210372448,0.034220609813928604
1696958493065854700,23.279854736328126,-0.051264338195323944,-0.02450035884976387,-0.014780107885599136
1696958493075868200,23.2898681640625,-0.051264338195323944,0.02663082629442215,0.031024912372231483
1696958493085881900,23.2998818359375,-0.050199106335639954,0.02236989326775074,0.005459319334477186
1696958493095895300,23.309895263671876,-0.05232957378029823,0.0010652330238372087,-0.004127778112888336
1696958493105908700,23.31990869140625,-0.057655736804008484,0.03515268862247467,0.012915950268507004
1696958493115922400,23.32992236328125,-0.050199106335639954,0.03941362351179123,0.020372580736875534
1696958493125935900,23.339935791015623,-0.050199106335639954,-0.03302222490310669,-0.0009320789249613881
1696958493135949600,23.349949462890624,-0.058720968663692474,0.04473978653550148,0.009720250964164734
1696958493145963000,23.359962890625,-0.051264338195323944,-0.00852186419069767,0.020372580736875534
1696958493155976400,23.3699765625,-0.04593817517161369,-0.02556559257209301,0.0033288532868027687
1696958493165990100,23.379990234375,-0.058720968663692474,0.02023942768573761,0.010785484686493874
1696958493176003600,23.390003662109375,-0.051264338195323944,-0.02556559257209301,0.007589785382151604
1696958493186017300,23.400017333984376,-0.03954677656292915,-0.02023942768573761,0.033155377954244614
1696958493196030700,23.41003076171875,-0.05232957378029823,-0.01704372838139534,-0.012649642303586006
1696958493206044200,23.420044189453126,-0.05232957378029823,-0.007456631399691105,0.018242115154862404
1696958493216057900,23.430057861328127,-0.03954677656292915,-0.03728315606713295,0.037416309118270874
1696958493226071300,23.4400712890625,-0.05232957378029823,0.01917419396340847,-0.016910573467612267
1696958493236085000,23.4500849609375,-0.054460037499666214,0.0031956990715116262,0.027829213067889214
1696958493246098400,23.460098388671874,-0.04913387447595596,-0.004260932095348835,0.020372580736875534
1696958493256111900,23.47011181640625,-0.04913387447595596,0.03834838792681694,0.021437814459204674
1696958493266125600,23.48012548828125,-0.054460037499666214,-0.02236989326775074,-0.004127778112888336
1696958493276139000,23.490138916015624,-0.053394805639982224,0.03941362351179123,0.025698747485876083
1696958493286152700,23.500152587890625,-0.04274247586727142,-0.01384802907705307,0.03209014609456062
1696958493296166100,23.510166259765626,-0.05232957378029823,-0.004260932095348835,-0.03608476743102074
1696958493306179600,23.5201796875,-0.050199106335639954,-0.0031956990715116262,0.06404713541269302
1696958493316193300,23.530193359375,-0.04593817517161369,-0.0159784946590662,-0.027562905102968216
1696958493326206700,23.540206787109376,-0.048068638890981674,0.02236989326775074,0.016111649572849274
1696958493336220400,23.550220458984374,-0.051264338195323944,-0.02343512699007988,0.005459319334477186
1696958493346233900,23.56023388671875,-0.047003407031297684,0.03302222490310669,-0.008388710208237171
1696958493356247300,23.570247314453123,-0.044872939586639404,0.01917419396340847,0.019307348877191544
1696958493366261000,23.580260986328124,-0.05232957378029823,-0.0031956990715116262,-0.045671865344047546
1696958493376274400,23.5902744140625,-0.048068638890981674,0.05432688444852829,0.03209014609456062
1696958493386288000,23.6002880859375,-0.04593817517161369,0.0053261648863554,-0.022236740216612816
1696958493396301600,23.610301513671875,-0.050199106335639954,0.04687025398015976,-0.027562905102968216
1696958493406315000,23.62031494140625,-0.05232957378029823,0.02876129187643528,0.012915950268507004
1696958493416328700,23.63032861328125,-0.043807707726955414,0.02663082629442215,-0.009453942999243736
1696958493426342100,23.640342041015625,-0.044872939586639404,0.02236989326775074,-0.024367205798625946
1696958493436355800,23.65035595703125,-0.051264338195323944,0.03621792420744896,0.015046416781842709
1696958493446369300,23.660369384765627,-0.043807707726955414,0.0053261648863554,-0.005193010903894901
1696958493456382700,23.6703828125,-0.03954677656292915,0.0213046595454216,0.0001331541279796511
1696958493466396400,23.680396484375,-0.048068638890981674,0.02236989326775074,-0.005193010903894901
1696958493476409900,23.690409912109374,-0.041677240282297134,-0.0010652330238372087,0.010785484686493874
1696958493486423600,23.700423583984374,-0.034220609813928604,-0.0021304660476744175,0.009720250964164734
1696958493496437000,23.71043701171875,-0.03954677656292915,0.0031956990715116262,-0.014780107885599136
1696958493506450400,23.720450439453124,-0.04274247586727142,0.0053261648863554,0.017176883295178413
1696958493516464000,23.730464111328125,-0.03209014609456062,0.01810896210372448,0.025698747485876083
1696958493526477600,23.7404775390625,-0.03209014609456062,-0.0319569893181324,-0.026497671380639076
1696958493536491000,23.750490966796875,-0.037416309118270874,0.02556559257209301,0.023568280041217804
1696958493546504700,23.760504638671875,-0.034220609813928604,0.012782796286046505,0.040612008422613144
1696958493556518100,23.77051806640625,-0.027829213067889214,-0.01917419396340847,-0.047802332788705826
1696958493566531800,23.78053173828125,-0.031024912372231483,0.0053261648863554,0.048068638890981674
1696958493576545300,23.790545166015626,-0.03528584539890289,-0.01491326279938221,-0.015845341607928276
1696958493586558700,23.800558837890627,-0.027829213067889214,0.03408745676279068,0.010785484686493874
1696958493596572400,23.810572509765624,-0.026763979345560074,-0.05432688444852829,-0.006258244160562754
1696958493606585900,23.8205859375,-0.031024912372231483,-0.007456631399691105,-0.0030625448562204838
1696958493616599600,23.830599609375,-0.023568280041217804,0.00852186419069767,0.031024912372231483
1696958493626613000,23.840613037109375,-0.028894444927573204,-0.012782796286046505,-0.055258963257074356
1696958493636626400,23.85062646484375,-0.026763979345560074,0.0106523297727108,0.051264338195323944
1696958493646640000,23.86064013671875,-0.023568280041217804,0.0053261648863554,-0.024367205798625946
1696958493656653600,23.870653564453125,-0.022503048181533813,0.03834838792681694,0.016111649572849274
1696958493666667300,23.880667236328126,-0.031024912372231483,0.004260932095348835,-0.012649642303586006
1696958493676680700,23.8906806640625,-0.022503048181533813,0.04473978653550148,0.023568280041217804
1696958493686694100,23.900694091796876,-0.016111649572849274,0.0031956990715116262,-0.001997311832383275
1696958493696707800,23.910707763671876,-0.028894444927573204,0.0319569893181324,-0.013714875094592571
1696958493706721300,23.92072119140625,-0.019307348877191544,-0.0021304660476744175,0.023568280041217804
1696958493716735000,23.93073486328125,-0.015046416781842709,-0.0021304660476744175,0.007589785382151604
1696958493726748400,23.94074853515625,-0.019307348877191544,0,-0.024367205798625946
1696958493736761900,23.950761962890624,-0.019307348877191544,-0.0106523297727108,0.03209014609456062
1696958493746775600,23.960775634765625,-0.011850717477500439,-0.0031956990715116262,0.0001331541279796511
1696958493756789000,23.9707890625,-0.016111649572849274,-0.00852186419069767,-0.009453942999243736
1696958493766802700,23.980802734375,-0.020372580736875534,0.0010652330238372087,0.011850717477500439
1696958493776816000,23.990816162109375,-0.016111649572849274,0.0213046595454216,0.012915950268507004
1696958493786829600,24.00082958984375,-0.017176883295178413,0.01810896210372448,-0.001997311832383275
1696958493796843300,24.01084326171875,-0.019307348877191544,0.01171756349503994,0.0011983871227130294
1696958493806856700,24.020856689453126,-0.018242115154862404,0.02769605815410614,0.013981183059513569
1696958493816870400,24.030870361328127,-0.015046416781842709,0.03941362351179123,0.008655018173158169
1696958493826883800,24.0408837890625,-0.013981183059513569,-0.00852186419069767,-0.017975807189941406
1696958493836897300,24.050897216796876,-0.017176883295178413,0.03408745676279068,0.016111649572849274
1696958493846911000,24.060910888671874,-0.008655018173158169,0.0159784946590662,0.023568280041217804
1696958493856924400,24.07092431640625,-0.010785484686493874,0.0010652330238372087,-0.023301972076296806
1696958493866938000,24.080938232421875,-0.017176883295178413,0.0319569893181324,0.036351077258586884
1696958493876951600,24.09095166015625,-0.00226362026296556,-0.02876129187643528,-0.0030625448562204838
1696958493886965000,24.100965087890625,-0.007589785382151604,0.0213046595454216,0.015046416781842709
1696958493896978700,24.110978759765626,-0.016111649572849274,0.004260932095348835,-0.0030625448562204838
1696958493906992000,24.1209921875,-0.0033288532868027687,-0.012782796286046505,0.03954677656292915
1696958493917005800,24.131005859375,-0.004394086077809334,-0.0053261648863554,-0.0030625448562204838
1696958493927019300,24.141019287109376,-0.013981183059513569,0.04580501839518547,0.017176883295178413
1696958493937032700,24.15103271484375,-0.006524552125483751,-0.02769605815410614,0.018242115154862404
1696958493947046400,24.16104638671875,-0.004394086077809334,0.03941362351179123,0.028894444927573204
1696958493957059800,24.171059814453123,-0.010785484686493874,0.02876129187643528,-0.0030625448562204838
1696958493967073500,24.181073486328124,-0.013981183059513569,0.0319569893181324,0.026763979345560074
1696958493977087000,24.1910869140625,-0.004394086077809334,0.02876129187643528,0.012915950268507004
1696958493987100400,24.201100341796874,-0.006524552125483751,0.04154408723115921,0.007589785382151604
1696958493997114000,24.211114013671875,-0.010785484686493874,0.01917419396340847,-0.0009320789249613881
1696958494007127600,24.22112744140625,-0.005459319334477186,0.03408745676279068,0.018242115154862404
1696958494017141200,24.231141357421876,-0.00226362026296556,0.0213046595454216,0.0001331541279796511
1696958494027154700,24.24115478515625,-0.010785484686493874,0.01704372838139534,-0.028628136962652206
1696958494037168000,24.251168212890626,-0.0011983871227130294,0.0159784946590662,0.04274247586727142
1696958494047181800,24.261181884765627,-0.0033288532868027687,-0.01917419396340847,-0.030758604407310486
1696958494057195300,24.2711953125,-0.004394086077809334,0.03834838792681694,-0.014780107885599136
1696958494067209000,24.281208984375,-0.00226362026296556,-0.0532616525888443,0.022503048181533813
1696958494077222400,24.291222412109374,-0.0001331541279796511,0.0063913981430232525,-0.045671865344047546
1696958494087235800,24.30123583984375,-0.0001331541279796511,0.012782796286046505,0.023568280041217804
1696958494097249500,24.31124951171875,-0.009720250964164734,-0.02556559257209301,-0.06804175674915314
1696958494107263000,24.321262939453124,0.001997311832383275,0.01384802907705307,0.03954677656292915
1696958494117276700,24.331276611328125,0.001997311832383275,-0.04154408723115921,-0.054193731397390366
1696958494127290000,24.3412900390625,-0.008655018173158169,0.02769605815410614,-0.014780107885599136
1696958494137303600,24.351303466796875,0.004127778112888336,-0.05965305119752884,0.006524552125483751
1696958494147317200,24.361317138671875,0.004127778112888336,-0.0010652330238372087,-0.028628136962652206
1696958494157330700,24.37133056640625,-0.0033288532868027687,-0.03089175745844841,-0.005193010903894901
1696958494167344400,24.381344482421873,-0.00226362026296556,-0.04047885537147522,-0.023301972076296806
1696958494177357800,24.39135791015625,0.012649642303586006,-0.03515268862247467,0.03954677656292915
1696958494187371300,24.401371337890627,-0.006524552125483751,-0.03515268862247467,-0.07549838721752167
1696958494197385000,24.411385009765624,-0.0001331541279796511,-0.01491326279938221,0.047003407031297684
1696958494207398400,24.4213984375,0.008388710208237171,-0.0852186381816864,-0.030758604407310486
1696958494217412000,24.431412109375,-0.0001331541279796511,0.01384802907705307,-0.008388710208237171
1696958494227425500,24.441425537109374,-0.005459319334477186,-0.0532616525888443,-0.027562905102968216
1696958494237439000,24.45143896484375,0.005193010903894901,-0.0106523297727108,0.024633513763546944
1696958494247452700,24.46145263671875,0.0030625448562204838,-0.03621792420744896,-0.028628136962652206
1696958494257466000,24.471466064453125,-0.005459319334477186,-0.0021304660476744175,-0.013714875094592571
1696958494267479600,24.4814794921875,0.005193010903894901,-0.03515268862247467,0.029959678649902344
1696958494277493200,24.4914931640625,0.004127778112888336,-0.0159784946590662,-0.027562905102968216
1696958494287506700,24.501506591796876,-0.0011983871227130294,-0.0063913981430232525,-0.005193010903894901
1696958494297520400,24.511520263671876,-0.0033288532868027687,-0.0106523297727108,0.0001331541279796511
1696958494307533800,24.521533935546874,0.011584409512579441,-0.01917419396340847,0.007589785382151604
1696958494317547300,24.53154736328125,0.0030625448562204838,-0.03834838792681694,-0.03288906812667847
1696958494327561000,24.54156103515625,-0.0011983871227130294,0.01171756349503994,0.004394086077809334
1696958494337574400,24.551574462890624,0.010519175790250301,-0.04154408723115921,0.008655018173158169
1696958494347588000,24.561588134765625,0.005193010903894901,-0.012782796286046505,-0.03288906812667847
1696958494357601500,24.5716015625,-0.0011983871227130294,-0.02450035884976387,0.0001331541279796511
1696958494367615000,24.581614990234375,0.001997311832383275,-0.004260932095348835,-0.013714875094592571
1696958494377628700,24.591628662109375,0.006258244160562754,0.0021304660476744175,0.008655018173158169
1696958494387642000,24.60164208984375,-0.0011983871227130294,-0.02769605815410614,-0.043541401624679565
1696958494397655800,24.61165576171875,-0.0001331541279796511,-0.007456631399691105,0.009720250964164734
1696958494407669200,24.621669189453126,0.008388710208237171,-0.007456631399691105,0.0001331541279796511
1696958494417682700,24.6316826171875,0.0009320789249613881,-0.01704372838139534,-0.040345702320337296
1696958494427696400,24.6416962890625,-0.0011983871227130294,-0.0106523297727108,0.005459319334477186
1696958494437709800,24.651709716796876,0.007323476951569319,0.0010652330238372087,-0.0030625448562204838
1696958494447723500,24.6617236328125,0.004127778112888336,-0.0159784946590662,-0.017975807189941406
1696958494457737000,24.671737060546874,-0.0001331541279796511,-0.01491326279938221,-0.019041040912270546
1696958494467750400,24.68175048828125,0.007323476951569319,-0.02343512699007988,0.040612008422613144
1696958494477764000,24.69176416015625,0.006258244160562754,-0.0053261648863554,-0.043541401624679565
1696958494487777500,24.701777587890625,0.0030625448562204838,-0.03728315606713295,0.024633513763546944
1696958494497791200,24.711791259765626,0.0030625448562204838,-0.04154408723115921,-0.019041040912270546
1696958494507804700,24.7218046875,0.012649642303586006,-0.03515268862247467,0.050199106335639954
1696958494517818000,24.731818115234375,0.001997311832383275,-0.07669677585363388,-0.047802332788705826
1696958494527831800,24.741831787109376,0.001997311832383275,-0.02450035884976387,0.05978620424866676
1696958494537845200,24.75184521484375,0.010519175790250301,-0.06817491352558136,0.015046416781842709
1696958494547859000,24.76185888671875,0.001997311832383275,-0.02450035884976387,0.004394086077809334
1696958494557872400,24.771872314453127,-0.005459319334477186,-0.02769605815410614,0.025698747485876083
1696958494567885800,24.7818857421875,0.001997311832383275,-0.0053261648863554,0.043807707726955414
1696958494577899500,24.7918994140625,-0.0001331541279796511,0.0021304660476744175,0.008655018173158169
1696958494587913000,24.801912841796874,-0.007589785382151604,-0.0031956990715116262,0.040612008422613144
1696958494597926700,24.8119267578125,-0.007589785382151604,0.0106523297727108,0.004394086077809334
1696958494607940000,24.821940185546875,0.0009320789249613881,0.04687025398015976,0.07150376588106155
1696958494617953500,24.83195361328125,-0.006524552125483751,-0.02876129187643528,-0.035019535571336746
1696958494627967200,24.84196728515625,-0.009720250964164734,0.04473978653550148,0.06404713541269302
1696958494637980700,24.851980712890626,0.001997311832383275,-0.0159784946590662,0.021437814459204674
1696958494647994400,24.861994384765627,-0.00226362026296556,0.004260932095348835,-0.007323476951569319
1696958494658007800,24.8720078125,-0.004394086077809334,-0.02450035884976387,0.03528584539890289
1696958494668021200,24.882021240234376,0.0009320789249613881,-0.01810896210372448,0.012915950268507004
1696958494678035000,24.892034912109374,0.001997311832383275,-0.01917419396340847,0.007589785382151604
1696958494688048400,24.90204833984375,-0.004394086077809334,-0.03834838792681694,-0.009453942999243736
1696958494698062000,24.91206201171875,0.0009320789249613881,-0.01384802907705307,0.03209014609456062
1696958494708075500,24.922075439453124,-0.0001331541279796511,-0.03089175745844841,-0.023301972076296806
1696958494718089000,24.9320888671875,-0.0011983871227130294,-0.00852186419069767,0.004394086077809334
1696958494728102700,24.9421025390625,-0.004394086077809334,-0.01384802907705307,-0.012649642303586006
1696958494738116000,24.9521162109375,0.004127778112888336,-0.00852186419069767,0.013981183059513569
1696958494748129800,24.9621298828125,-0.004394086077809334,-0.02556559257209301,-0.044606633484363556
1696958494758143200,24.972143310546876,-0.005459319334477186,0.03834838792681694,0.007589785382151604
1696958494768156700,24.98215673828125,0.001997311832383275,-0.01384802907705307,-0.011584409512579441
1696958494778170400,24.99217041015625,-0.00226362026296556,0.02236989326775074,-0.03608476743102074
1696958494788183800,25.002183837890627,-0.0011983871227130294,0.012782796286046505,-0.029693370684981346
1696958494798197500,25.012197509765624,-0.0011983871227130294,-0.01810896210372448,-0.07549838721752167
1696958494808211000,25.0222109375,0.004127778112888336,0.02450035884976387,0.0011983871227130294
1696958494818224400,25.032224365234374,-0.0011983871227130294,-0.0053261648863554,-0.06484606117010117
1696958494828238000,25.042238037109374,0.023301972076296806,-0.0852186381816864,0.04913387447595596
1696958494838251500,25.05225146484375,0.004127778112888336,-0.03408745676279068,-0.11065108329057693
1696958494848265200,25.06226513671875,0.011584409512579441,0.009587096981704235,0.029959678649902344
1696958494858278700,25.072278564453125,-0.0001331541279796511,-0.07030537724494934,-0.0723026916384697
1696958494868292000,25.0822919921875,0.004127778112888336,0.04793548583984375,-0.008388710208237171
1696958494878305800,25.092305908203127,0.004127778112888336,-0.04154408723115921,0.048068638890981674
1696958494888319200,25.1023193359375,-0.00226362026296556,0.02023942768573761,-0.07762885838747025
1696958494898333000,25.1123330078125,0.001997311832383275,0.01384802907705307,0.06404713541269302
1696958494908346400,25.122346435546874,0.005193010903894901,-0.07882724702358246,-0.07975932210683823
1696958494918359800,25.13235986328125,-0.0033288532868027687,0.0532616525888443,0.058720968663692474
1696958494928373500,25.14237353515625,0.0030625448562204838,-0.03941362351179123,-0.058454662561416626
1696958494938387000,25.152386962890624,0.012649642303586006,0,0.07043853402137756
1696958494948400400,25.162400390625,-0.0033288532868027687,-0.00852186419069767,-0.050998032093048096
1696958494958414000,25.1724140625,-0.008655018173158169,-0.009587096981704235,0.034220609813928604
1696958494968427500,25.182427490234375,0.013714875094592571,-0.04473978653550148,-0.015845341607928276
1696958494978441200,25.192441162109375,0.001997311832383275,-0.04047885537147522,-0.017975807189941406
1696958494988454700,25.20245458984375,-0.008655018173158169,0.0426093190908432,0.004394086077809334
1696958494998468000,25.212468017578125,0.004127778112888336,-0.04687025398015976,-0.005193010903894901
1696958495008481800,25.222481689453126,0.0009320789249613881,0.04793548583984375,-0.026497671380639076
1696958495018495200,25.2324951171875,-0.005459319334477186,-0.04580501839518547,0.0001331541279796511
1696958495028509000,25.242509033203124,-0.008655018173158169,0.03728315606713295,-0.033954303711652756
1696958495038522400,25.2525224609375,0.001997311832383275,0.03302222490310669,0.005459319334477186
1696958495048536000,25.2625361328125,-0.006524552125483751,0.0010652330238372087,-0.057389430701732635
1696958495058549500,25.272549560546874,-0.004394086077809334,0.03621792420744896,0.03209014609456062
1696958495068563200,25.282563232421875,-0.0011983871227130294,-0.0021304660476744175,-0.060585130006074905
1696958495078577000,25.292576904296876,-0.0011983871227130294,0.04473978653550148,-0.004127778112888336
1696958495088590300,25.30259033203125,-0.004394086077809334,-0.02343512699007988,-0.022236740216612816
1696958495098604000,25.31260400390625,0.005193010903894901,0.02023942768573761,-0.006258244160562754
1696958495108617500,25.322617431640627,0.0009320789249613881,-0.0213046595454216,-0.013714875094592571
1696958495118631200,25.332631103515624,-0.00226362026296556,-0.0010652330238372087,-0.030758604407310486
1696958495128644900,25.342644775390625,0.009453942999243736,-0.02023942768573761,0.03848154470324516
1696958495138658300,25.352658203125,0.0030625448562204838,-0.04473978653550148,-0.058454662561416626
1696958495148672000,25.362672119140626,0.0009320789249613881,-0.00852186419069767,0.028894444927573204
1696958495158685400,25.372685546875,0.001997311832383275,-0.05006595328450203,-0.021171506494283676
1696958495168699100,25.38269921875,0.007323476951569319,0.0106523297727108,0.022503048181533813
1696958495178712800,25.392712890625,-0.00226362026296556,-0.0426093190908432,-0.026497671380639076
1696958495188726300,25.402726318359374,-0.00226362026296556,0.0319569893181324,0.022503048181533813
1696958495198740000,25.412739990234375,0.006258244160562754,-0.01810896210372448,0.03209014609456062
1696958495208753400,25.42275341796875,-0.00226362026296556,0.0159784946590662,-0.029693370684981346
1696958495218767000,25.43276708984375,-0.007589785382151604,0.02023942768573761,0.051264338195323944
1696958495228780800,25.44278076171875,-0.00226362026296556,0.04047885537147522,0.031024912372231483
1696958495238794200,25.452794189453126,-0.004394086077809334,0.02343512699007988,0.07043853402137756
1696958495248808000,25.462807861328123,-0.00226362026296556,0.1171756312251091,-0.011584409512579441
1696958495258821400,25.4728212890625,-0.03209014609456062,-0.04900071769952774,0.13222205638885498
1696958495268835000,25.4828349609375,0.0009320789249613881,-0.13208889961242676,0.0033288532868027687
1696958495278848800,25.492848876953126,0.041410934180021286,0.18322007358074188,0.04913387447595596
1696958495288862200,25.5028623046875,-0.010785484686493874,-0.03941362351179123,-0.08615072071552277
1696958495298876000,25.5128759765625,-0.03528584539890289,0.04580501839518547,0.15033100545406342
1696958495308889300,25.522889404296876,-0.027829213067889214,-0.0639139786362648,-0.052063263952732086
1696958495318903000,25.532903076171873,0.020106272771954536,0.1171756312251091,0.019307348877191544
1696958495328916700,25.542916748046874,0.019041040912270546,-0.0532616525888443,0.06298190355300903
1696958495338930200,25.55293017578125,-0.007589785382151604,-0.05219641700387001,-0.0723026916384697
1696958495348944000,25.56294384765625,-0.018242115154862404,0.09480573982000351,0.031024912372231483
1696958495358957300,25.572957275390625,0.015845341607928276,-0.01171756349503994,0.060851436108350754
1696958495368971000,25.582970947265625,0.014780107885599136,-0.05858781561255455,-0.055258963257074356
1696958495378984700,25.592984619140626,-0.019307348877191544,0.0319569893181324,-0.0030625448562204838
1696958495388998100,25.602998046875,-0.019307348877191544,0.05539211630821228,-0.009453942999243736
1696958495399011800,25.61301171875,0.019041040912270546,0.02023942768573761,0.08109086751937866
1696958495409025300,25.623025390625,0.006258244160562754,-0.08308817446231842,-0.0925421193242073
1696958495419039000,25.6330390625,-0.018242115154862404,0.10013190656900406,0.03848154470324516
1696958495429052400,25.643052490234375,0.006258244160562754,-0.03941362351179123,0.0033288532868027687
1696958495439065900,25.65306591796875,0.010519175790250301,0.01917419396340847,-0.008388710208237171
1696958495449079600,25.66307958984375,-0.008655018173158169,-0.02982652559876442,-0.017975807189941406
1696958495459093000,25.673093017578125,-0.0033288532868027687,0.0159784946590662,0.017176883295178413
1696958495469106700,25.683106689453126,0.009453942999243736,-0.0021304660476744175,0.011850717477500439
1696958495479120100,25.6931201171875,0.004127778112888336,-0.04154408723115921,-0.033954303711652756
1696958495489133600,25.703133544921876,-0.0033288532868027687,0.004260932095348835,0.008655018173158169
1696958495499147300,25.713147216796877,0.007323476951569319,-0.0063913981430232525,0.023568280041217804
1696958495509160700,25.72316064453125,-0.0011983871227130294,-0.009587096981704235,-0.035019535571336746
1696958495519174400,25.73317431640625,-0.0011983871227130294,0.0010652330238372087,0.044872939586639404
1696958495529187800,25.743187744140624,0.0030625448562204838,-0.0106523297727108,-0.017975807189941406
1696958495539201300,25.753201171875,-0.0011983871227130294,0.03515268862247467,0.010785484686493874
1696958495549215000,25.763215087890625,-0.006524552125483751,-0.009587096981704235,0.005459319334477186
1696958495559228400,25.773228515625,0.004127778112888336,0.01384802907705307,0.028894444927573204
1696958495569242000,25.7832421875,-0.0001331541279796511,0.0053261648863554,-0.015845341607928276
1696958495579255600,25.793255615234376,-0.006524552125483751,0.01917419396340847,0.018242115154862404
1696958495589269000,25.80326904296875,0.001997311832383275,-0.01810896210372448,0.019307348877191544
1696958495599282700,25.81328271484375,-0.0001331541279796511,0.0031956990715116262,-0.016910573467612267
1696958495609296100,25.823296142578126,0.0009320789249613881,-0.01491326279938221,0.0011983871227130294
1696958495619309800,25.833309814453123,0.001997311832383275,-0.0106523297727108,0.006524552125483751
1696958495629323300,25.8433232421875,0.005193010903894901,-0.007456631399691105,-0.0009320789249613881
1696958495639336700,25.853336669921877,-0.0011983871227130294,-0.02023942768573761,-0.019041040912270546
1696958495649350400,25.863350341796874,-0.004394086077809334,0.02556559257209301,0.0033288532868027687
1696958495659363800,25.87336376953125,0.001997311832383275,-0.0159784946590662,0.0033288532868027687
1696958495669377500,25.88337744140625,-0.00226362026296556,0.0010652330238372087,-0.04993279650807381
1696958495679391000,25.893390869140624,-0.0033288532868027687,0.03515268862247467,0.022503048181533813
1696958495689404400,25.903404296875,-0.0033288532868027687,-0.04687025398015976,-0.06910699605941772
1696958495699418000,25.913418212890626,-0.0001331541279796511,0.09800143539905548,0.026763979345560074
1696958495709431600,25.923431640625,0.001997311832383275,-0.05113118514418602,-0.05312849581241608
1696958495719445200,25.9334453125,-0.005459319334477186,0.09054480493068695,-0.029693370684981346
1696958495729458700,25.943458740234377,0.0009320789249613881,0.08095771074295044,0.034220609813928604
1696958495739472100,25.95347216796875,-0.006524552125483751,0.08628387749195099,-0.12023817747831345
1696958495749485800,25.96348583984375,-0.017176883295178413,0.17682868242263794,0.043807707726955414
1696958495759499300,25.973499267578124,-0.015046416781842709,0.05645735189318657,-0.023301972076296806
1696958495769513000,25.983512939453124,-0.021437814459204674,0.11397993564605713,0.009720250964164734
1696958495779526400,25.9935263671875,-0.017176883295178413,-0.03515268862247467,-0.0723026916384697
1696958495789539800,26.003539794921874,0.0030625448562204838,-0.02450035884976387,-0.001997311832383275
1696958495799553500,26.013553466796875,-0.0001331541279796511,0.00852186419069767,0.07256899774074554
1696958495809567000,26.02356689453125,0.012649642303586006,-0.15445879101753235,-0.1553908735513687
1696958495819580700,26.03358056640625,0.019041040912270546,-0.02982652559876442,0.1396786868572235
1696958495829594000,26.043593994140625,0.033954303711652756,-0.08202294260263443,-0.057389430701732635
1696958495839607600,26.053607666015626,-0.009720250964164734,0.05965305119752884,-0.021171506494283676
1696958495849621200,26.063621337890623,0.001997311832383275,-0.10332760214805603,0.03528584539890289
1696958495859634700,26.073634765625,-0.00226362026296556,0.08734910935163498,0.006524552125483751
1696958495869648400,26.0836484375,-0.005459319334477186,-0.0031956990715116262,0.028894444927573204
1696958495879661800,26.093661865234374,-0.004394086077809334,-0.0063913981430232525,-0.021171506494283676
1696958495889675300,26.10367529296875,0.0030625448562204838,0.0159784946590662,0.09600412845611572
1696958495899689000,26.11368896484375,0.001997311832383275,-0.02663082629442215,-0.011584409512579441
1696958495909702400,26.123702392578124,-0.005459319334477186,0.02450035884976387,0.047003407031297684
1696958495919716000,26.133716064453125,0.0009320789249613881,-0.03515268862247467,0.047003407031297684
1696958495929729500,26.1437294921875,0.006258244160562754,0.02982652559876442,0.047003407031297684
1696958495939743200,26.1537431640625,-0.004394086077809334,-0.03834838792681694,0.0011983871227130294
1696958495949756700,26.163756591796876,-0.007589785382151604,0.0010652330238372087,0.047003407031297684
1696958495959770400,26.173770263671877,0.011584409512579441,-0.02663082629442215,0.07576470077037811
1696958495969783800,26.18378369140625,-0.0033288532868027687,-0.03515268862247467,-0.045671865344047546
1696958495979797500,26.193797607421875,-0.006524552125483751,0.0021304660476744175,0.07256899774074554
1696958495989811200,26.203811279296875,0.004127778112888336,-0.04367455467581749,0.004394086077809334
1696958495999824600,26.21382470703125,0.0030625448562204838,-0.01491326279938221,-0.009453942999243736
1696958496009838300,26.22383837890625,-0.00226362026296556,-0.0053261648863554,0.027829213067889214
1696958496019851800,26.233851806640626,-0.0011983871227130294,-0.04687025398015976,-0.014780107885599136
1696958496029865500,26.243865478515627,0.004127778112888336,0.02450035884976387,0.028894444927573204
1696958496039879200,26.253879150390624,-0.0033288532868027687,-0.04900071769952774,-0.019041040912270546
1696958496049892600,26.263892578125,0.004127778112888336,-0.01704372838139534,0.03209014609456062
1696958496059906300,26.27390625,0.007323476951569319,-0.05539211630821228,0.005459319334477186
1696958496069919700,26.283919677734374,-0.0001331541279796511,-0.004260932095348835,-0.013714875094592571
1696958496079933400,26.293933349609375,-0.0001331541279796511,-0.03515268862247467,0.020372580736875534
1696958496089947100,26.303947021484376,0.007323476951569319,-0.0213046595454216,0.019307348877191544
1696958496099960600,26.313960693359373,0.0009320789249613881,-0.01704372838139534,-0.013714875094592571
1696958496109974300,26.323974365234374,0.0009320789249613881,0,0.023568280041217804
1696958496119987700,26.33398779296875,0.005193010903894901,-0.02023942768573761,0.007589785382151604
1696958496130001400,26.34400146484375,0.008388710208237171,-0.009587096981704235,0.023568280041217804
1696958496140015000,26.35401513671875,0.0030625448562204838,-0.02023942768573761,-0.020106272771954536
1696958496150028500,26.364028564453125,0.006258244160562754,0.0159784946590662,0.041677240282297134
1696958496160042200,26.374042236328126,0.010519175790250301,-0.0639139786362648,0.019307348877191544
1696958496170055700,26.3840556640625,0.015845341607928276,-0.01704372838139534,-0.020106272771954536
1696958496180069400,26.3940693359375,-0.0011983871227130294,0.16617634892463684,0.03954677656292915
1696958496190083000,26.4040830078125,0.011584409512579441,-0.02343512699007988,0.06511236727237701
1696958496200096500,26.414096435546874,-0.020372580736875534,0.12569749355316162,-0.050998032093048096
1696958496210110200,26.424110107421875,-0.021437814459204674,0.15445879101753235,0.08854749798774719
1696958496220123600,26.43412353515625,-0.010785484686493874,-0.02023942768573761,-0.037150003015995026
1696958496230137300,26.444137451171876,0.004127778112888336,0.0426093190908432,0.040612008422613144
1696958496240151000,26.454151123046874,0.008388710208237171,-0.19493764638900757,-0.08188978582620621
1696958496250164500,26.46416455078125,0.019041040912270546,-0.12569749355316162,0.0778951644897461
1696958496260178200,26.47417822265625,0.020106272771954536,-0.03834838792681694,-0.042476166039705276
1696958496270191600,26.484191650390624,-0.00226362026296556,-0.03834838792681694,-0.001997311832383275
1696958496280205300,26.494205322265625,-0.0033288532868027687,-0.05645735189318657,-0.029693370684981346
1696958496290219000,26.504218994140626,0.004127778112888336,0.0063913981430232525,0.004394086077809334
1696958496300232400,26.514232421875,-0.00226362026296556,-0.01171756349503994,-0.024367205798625946
1696958496310246100,26.52424609375,-0.019307348877191544,-0.0159784946590662,-0.040345702320337296
1696958496320259600,26.534259521484376,-0.00226362026296556,0.01171756349503994,0.012915950268507004
1696958496330273300,26.544273193359373,0.0009320789249613881,-0.01171756349503994,-0.031823836266994476
1696958496340287000,26.554286865234374,-0.013981183059513569,0.04367455467581749,-0.06591129302978516
1696958496350300400,26.564300537109375,-0.008655018173158169,-0.0063913981430232525,0.017176883295178413
1696958496360314000,26.574314208984376,0.001997311832383275,0.0031956990715116262,-0.05312849581241608
1696958496370327600,26.58432763671875,-0.0033288532868027687,-0.01810896210372448,-0.03288906812667847
1696958496380341200,26.59434130859375,0.001997311832383275,-0.01810896210372448,-0.010519175790250301
1696958496390355000,26.60435498046875,0.009453942999243736,-0.03728315606713295,-0.031823836266994476
1696958496400368400,26.614368408203124,0.005193010903894901,-0.012782796286046505,-0.040345702320337296
1696958496410382000,26.624382080078124,0.005193010903894901,-0.03621792420744896,-0.0030625448562204838
1696958496420395500,26.6343955078125,0.012649642303586006,-0.04473978653550148,-0.013714875094592571
1696958496430409200,26.6444091796875,0.008388710208237171,-0.01810896210372448,-0.016910573467612267
1696958496440423000,26.6544228515625,0.0009320789249613881,-0.01810896210372448,-0.006258244160562754
1696958496450436400,26.664436279296876,0.010519175790250301,-0.01810896210372448,-0.001997311832383275
1696958496460450000,26.674449951171876,0.012649642303586006,-0.0159784946590662,0.015046416781842709
1696958496470463500,26.68446337890625,-0.0033288532868027687,-0.01171756349503994,-0.03608476743102074
1696958496480477200,26.694477294921874,0.0030625448562204838,0.012782796286046505,0.036351077258586884
1696958496490491000,26.704490966796875,0.008388710208237171,0.0053261648863554,0.005459319334477186
1696958496500504300,26.71450439453125,-0.0001331541279796511,-0.02769605815410614,-0.029693370684981346
1696958496510518000,26.72451806640625,-0.004394086077809334,0.02663082629442215,0.033155377954244614
1696958496520531500,26.734531494140626,0.0030625448562204838,0.0031956990715116262,0.0011983871227130294
1696958496530545200,26.744545166015627,-0.00226362026296556,0.0021304660476744175,-0.006258244160562754
1696958496540558800,26.754558837890624,-0.008655018173158169,-0.0010652330238372087,0.021437814459204674
1696958496550572300,26.764572265625,-0.0001331541279796511,0.0063913981430232525,0.023568280041217804
1696958496560586000,26.7745859375,-0.0001331541279796511,-0.02769605815410614,0.011850717477500439
1696958496570599400,26.784599365234374,-0.011850717477500439,-0.0053261648863554,0.016111649572849274
1696958496580613000,26.794613037109375,-0.006524552125483751,-0.01704372838139534,0.043807707726955414
1696958496590626800,26.804626708984376,-0.00226362026296556,-0.02343512699007988,0.018242115154862404
1696958496600640300,26.81464013671875,-0.010785484686493874,-0.02556559257209301,0.029959678649902344
1696958496610654000,26.824654052734374,-0.013981183059513569,-0.03302222490310669,0.019307348877191544
1696958496620667400,26.83466748046875,-0.006524552125483751,-0.0213046595454216,0.06830807030200958
1696958496630680800,26.844680908203124,-0.013981183059513569,-0.0639139786362648,-0.022236740216612816
1696958496640694500,26.854694580078124,-0.019307348877191544,-0.01704372838139534,0.058720968663692474
1696958496650708000,26.8647080078125,-0.018242115154862404,-0.02769605815410614,0.017176883295178413
1696958496660721700,26.8747216796875,-0.022503048181533813,-0.0031956990715116262,0.017176883295178413
1696958496670735000,26.884735107421875,-0.025698747485876083,-0.02876129187643528,0.022503048181533813
1696958496680748500,26.89474853515625,-0.023568280041217804,-0.0319569893181324,0.03954677656292915
1696958496690762200,26.90476220703125,-0.026763979345560074,-0.02769605815410614,0.00226362026296556
1696958496700775700,26.914775634765626,-0.03209014609456062,0,0.028894444927573204
1696958496710789400,26.924789306640626,-0.027829213067889214,-0.0745663121342659,0.018242115154862404
1696958496720802800,26.934802734375,-0.027829213067889214,-0.0063913981430232525,0.03848154470324516
1696958496730816300,26.944816162109376,-0.03528584539890289,-0.03408745676279068,0.0011983871227130294
1696958496740830000,26.954829833984373,-0.03848154470324516,-0.007456631399691105,0.031024912372231483
1696958496750843400,26.964843505859374,-0.034220609813928604,-0.02982652559876442,0.027829213067889214
1696958496760857000,26.974857177734375,-0.037416309118270874,-0.0031956990715116262,0.016111649572849274
1696958496770870500,26.98487060546875,-0.044872939586639404,-0.01810896210372448,0.010785484686493874
1696958496780884000,26.994884033203125,-0.040612008422613144,0.01704372838139534,0.043807707726955414
1696958496790897700,27.004897705078125,-0.036351077258586884,-0.04367455467581749,0.018242115154862404
1696958496800911000,27.0149111328125,-0.05232957378029823,0.00852186419069767,-0.006258244160562754
1696958496810924800,27.0249248046875,-0.04913387447595596,0,0.053394805639982224
1696958496820938200,27.034938232421876,-0.041677240282297134,-0.02663082629442215,0.016111649572849274
1696958496830951700,27.04495166015625,-0.04913387447595596,0.004260932095348835,0.012915950268507004
1696958496840965400,27.05496533203125,-0.05659050494432449,-0.01704372838139534,0.020372580736875534
1696958496850978800,27.064978759765626,-0.041677240282297134,0.0053261648863554,0.041677240282297134
1696958496860992500,27.074992431640624,-0.048068638890981674,-0.04047885537147522,-0.011584409512579441
1696958496871006000,27.085005859375,-0.057655736804008484,0.02876129187643528,0.013981183059513569
1696958496881019400,27.095019287109373,-0.04274247586727142,-0.03728315606713295,0.043807707726955414
1696958496891033000,27.105033203125,-0.04913387447595596,-0.01384802907705307,-0.03928046673536301
1696958496901046500,27.115046630859375,-0.04913387447595596,0.01171756349503994,0.028894444927573204
1696958496911060000,27.12506005859375,-0.048068638890981674,-0.02876129187643528,-0.001997311832383275
1696958496921073700,27.13507373046875,-0.043807707726955414,0.00852186419069767,-0.009453942999243736
1696958496931087400,27.14508740234375,-0.043807707726955414,-0.02769605815410614,-0.001997311832383275
1696958496941100800,27.155100830078126,-0.050199106335639954,0.0063913981430232525,-0.022236740216612816
1696958496951114500,27.165114501953123,-0.041677240282297134,0.009587096981704235,0.023568280041217804
1696958496961128000,27.1751279296875,-0.044872939586639404,-0.02982652559876442,-0.043541401624679565
1696958496971141600,27.1851416015625,-0.048068638890981674,0.02450035884976387,0.0001331541279796511
1696958496981155300,27.1951552734375,-0.043807707726955414,-0.01171756349503994,-0.012649642303586006
1696958496991168800,27.205168701171875,-0.040612008422613144,0.009587096981704235,-0.011584409512579441
1696958497001182500,27.215182373046876,-0.04593817517161369,-0.02876129187643528,-0.029693370684981346
1696958497011196000,27.22519580078125,-0.04593817517161369,0.04154408723115921,-0.020106272771954536
1696958497021209600,27.235209716796874,-0.03528584539890289,-0.02876129187643528,0.012915950268507004
1696958497031223300,27.245223388671874,-0.04274247586727142,-0.00852186419069767,-0.07336792349815369
1696958497041236700,27.25523681640625,-0.043807707726955414,-0.0021304660476744175,0.020372580736875534
1696958497051250400,27.26525048828125,-0.034220609813928604,-0.0159784946590662,-0.035019535571336746
1696958497061264000,27.275263916015625,-0.034220609813928604,0,-0.001997311832383275
1696958497071277600,27.285277587890626,-0.043807707726955414,-0.02769605815410614,-0.03928046673536301
1696958497081291300,27.295291259765627,-0.036351077258586884,0.01491326279938221,0.025698747485876083
1696958497091304700,27.3053046875,-0.031024912372231483,-0.02343512699007988,-0.011584409512579441
1696958497101318400,27.315318359375,-0.041677240282297134,0,-0.008388710208237171
1696958497111332000,27.32533203125,-0.03954677656292915,-0.02556559257209301,0.018242115154862404
1696958497121345500,27.335345458984374,-0.031024912372231483,0.004260932095348835,0.023568280041217804
1696958497131359200,27.345359130859375,-0.037416309118270874,-0.03515268862247467,-0.010519175790250301
1696958497141372700,27.35537255859375,-0.04593817517161369,-0.01171756349503994,0.021437814459204674
1696958497151386400,27.365386474609377,-0.034220609813928604,0.0159784946590662,0.041677240282297134
1696958497161400000,27.375400146484374,-0.03954677656292915,-0.05219641700387001,-0.020106272771954536
1696958497171413500,27.38541357421875,-0.04274247586727142,0.02556559257209301,0.03209014609456062
1696958497181427200,27.39542724609375,-0.03528584539890289,-0.03621792420744896,0.036351077258586884
1696958497191440600,27.405440673828124,-0.03848154470324516,0.0213046595454216,-0.033954303711652756
1696958497201454300,27.415454345703125,-0.03528584539890289,-0.0159784946590662,0.06830807030200958
1696958497211468000,27.425468017578126,-0.040612008422613144,-0.0319569893181324,-0.050998032093048096
1696958497221481500,27.4354814453125,-0.033155377954244614,0.04900071769952774,0.07363422960042953
1696958497231495200,27.4454951171875,-0.036351077258586884,-0.05432688444852829,-0.03928046673536301
1696958497241508600,27.455508544921877,-0.040612008422613144,0.03621792420744896,0.025698747485876083
1696958497251522300,27.465522216796874,-0.031024912372231483,-0.03089175745844841,0.011850717477500439
1696958497261536000,27.475535888671875,-0.03209014609456062,-0.01491326279938221,-0.023301972076296806
1696958497271549400,27.485549560546875,-0.037416309118270874,0.0021304660476744175,0.024633513763546944
1696958497281563100,27.495563232421876,-0.03528584539890289,-0.01171756349503994,-0.020106272771954536
1696958497291576600,27.50557666015625,-0.025698747485876083,-0.0021304660476744175,0.028894444927573204
1696958497301590300,27.51559033203125,-0.037416309118270874,-0.02556559257209301,-0.029693370684981346
1696958497311604000,27.52560400390625,-0.036351077258586884,0.04047885537147522,0.020372580736875534
1696958497321617400,27.535617431640624,-0.022503048181533813,-0.05539211630821228,0.033155377954244614
1696958497331631000,27.545631103515625,-0.036351077258586884,0.00852186419069767,-0.060585130006074905
1696958497341644500,27.55564453125,-0.033155377954244614,0.0031956990715116262,0.0874822586774826
1696958497351658200,27.565658203125,-0.021437814459204674,-0.06604444980621338,-0.037150003015995026
1696958497361672000,27.575671875,-0.027829213067889214,0.0053261648863554,0.051264338195323944
1696958497371685400,27.585685302734376,-0.036351077258586884,-0.04473978653550148,-0.010519175790250301
1696958497381699000,27.595698974609373,-0.022503048181533813,0.009587096981704235,0.04913387447595596
1696958497391712500,27.60571240234375,-0.021437814459204674,-0.0319569893181324,0.021437814459204674
1696958497401726200,27.615726318359375,-0.034220609813928604,0.00852186419069767,-0.0009320789249613881
1696958497411740000,27.625739990234376,-0.026763979345560074,0.02236989326775074,0.06937330216169357
1696958497421753300,27.63575341796875,-0.021437814459204674,0.004260932095348835,0.021437814459204674
1696958497431767000,27.64576708984375,-0.027829213067889214,0.01704372838139534,0.024633513763546944
1696958497441780500,27.655780517578126,-0.033155377954244614,0.03089175745844841,0.03209014609456062
1696958497451794200,27.665794189453123,-0.022503048181533813,0.05113118514418602,0.05659050494432449
1696958497461807900,27.675807861328124,-0.025698747485876083,0.01810896210372448,0.004394086077809334
1696958497471821300,27.6858212890625,-0.03209014609456062,0.05006595328450203,0.04913387447595596
1696958497481835000,27.6958349609375,-0.025698747485876083,0.05432688444852829,0.041677240282297134
1696958497491848400,27.705848388671875,-0.017176883295178413,0.02343512699007988,0.033155377954244614
1696958497501862100,27.715862060546876,-0.021437814459204674,0.0106523297727108,0.020372580736875534
1696958497511875800,27.725875732421876,-0.017176883295178413,0.02236989326775074,0.057655736804008484
1696958497521889300,27.73588916015625,-0.009720250964164734,0.03515268862247467,0.024633513763546944
1696958497531903000,27.745903076171874,-0.008655018173158169,-0.007456631399691105,0.026763979345560074
1696958497541916400,27.75591650390625,-0.011850717477500439,0.01704372838139534,0.026763979345560074
1696958497551930000,27.76593017578125,-0.0011983871227130294,0.0213046595454216,0.06298190355300903
1696958497561943800,27.77594384765625,-0.0001331541279796511,-0.02769605815410614,-0.021171506494283676
1696958497571957200,27.785957275390626,-0.004394086077809334,0.02663082629442215,0.05232957378029823
1696958497581971000,27.795970947265626,0.009453942999243736,-0.02876129187643528,0.037416309118270874
1696958497591984400,27.805984375,0.008388710208237171,0.0159784946590662,-0.001997311832383275
1696958497601998000,27.815998046875,0.0030625448562204838,0.009587096981704235,0.050199106335639954
1696958497612011800,27.82601171875,0.008388710208237171,-0.004260932095348835,0.020372580736875534
1696958497622025200,27.836025146484374,0.014780107885599136,0.04473978653550148,0.053394805639982224
1696958497632039000,27.846038818359375,0.010519175790250301,-0.0053261648863554,0.0033288532868027687
1696958497642052400,27.85605224609375,0.011584409512579441,0.02023942768573761,0.05232957378029823
1696958497652066000,27.866066162109377,0.020106272771954536,0.02769605815410614,0.03209014609456062
1696958497662079700,27.876079833984374,0.020106272771954536,-0.004260932095348835,0.0001331541279796511
1696958497672093200,27.88609326171875,0.019041040912270546,-0.0053261648863554,0.03848154470324516
1696958497682107000,27.89610693359375,0.025432437658309937,0.02343512699007988,0.023568280041217804
1696958497692120300,27.906120361328124,0.028628136962652206,-0.0021304660476744175,0.007589785382151604
1696958497702134000,27.916134033203125,0.028628136962652206,-0.01491326279938221,0.011850717477500439
1696958497712147700,27.926147705078126,0.029693370684981346,0.02663082629442215,0.025698747485876083
1696958497722161200,27.9361611328125,0.03608476743102074,0.02343512699007988,0.004394086077809334
1696958497732174800,27.9461748046875,0.03608476743102074,-0.00852186419069767,0.0001331541279796511
1696958497742188300,27.956188232421876,0.033954303711652756,0.02343512699007988,0.029959678649902344
1696958497752202000,27.966201904296874,0.03928046673536301,0.02982652559876442,-0.010519175790250301
1696958497762215700,27.976215576171874,0.040345702320337296,0.01491326279938221,0.017176883295178413
1696958497772229000,27.98622900390625,0.037150003015995026,0.0106523297727108,-0.010519175790250301
1696958497782242800,27.996242919921876,0.04673709720373154,0.02023942768573761,0.020372580736875534
1696958497792256300,28.00625634765625,0.04673709720373154,0.00852186419069767,-0.012649642303586006
1696958497802270000,28.01627001953125,0.043541401624679565,0.0159784946590662,0.00226362026296556
1696958497812283600,28.02628369140625,0.044606633484363556,0.012782796286046505,0.0033288532868027687
1696958497822297000,28.036297119140624,0.052063263952732086,0.02663082629442215,0.010785484686493874
1696958497832310800,28.046310791015625,0.047802332788705826,0.009587096981704235,-0.020106272771954536
1696958497842324200,28.05632421875,0.044606633484363556,0.02450035884976387,0.007589785382151604
1696958497852338000,28.066337890625,0.055258963257074356,0.02343512699007988,0.007589785382151604
1696958497862351600,28.0763515625,0.052063263952732086,0.01171756349503994,-0.009453942999243736
1696958497872365000,28.086364990234376,0.047802332788705826,0.03302222490310669,-0.004127778112888336
1696958497882378800,28.096378662109377,0.054193731397390366,0.02343512699007988,0.028894444927573204
1696958497892392200,28.10639208984375,0.055258963257074356,0.0319569893181324,-0.019041040912270546
1696958497902406000,28.116406005859375,0.04993279650807381,0.0319569893181324,0.016111649572849274
1696958497912419600,28.126419677734376,0.04993279650807381,0.05752258375287056,-0.007323476951569319
1696958497922433000,28.13643310546875,0.06271559745073318,0.004260932095348835,0.036351077258586884
1696958497932446700,28.14644677734375,0.054193731397390366,0.04154408723115921,-0.03288906812667847
1696958497942460200,28.156460205078126,0.050998032093048096,0.03089175745844841,0.03209014609456062
1696958497952473900,28.166473876953123,0.059519894421100616,0.02343512699007988,-0.006258244160562754
1696958497962487600,28.176487548828124,0.06271559745073318,0.02769605815410614,0.024633513763546944
1696958497972501000,28.1865009765625,0.052063263952732086,-0.009587096981704235,-0.03608476743102074
