time,seconds_elapsed,z,y,x
1696958504923588400,0.14458837890625,-2.0354747772216797,0.43578410148620605,0.5936909914016724
1696958504933603600,0.154603515625,1.9924449920654297,0.3915266990661621,0.6189270615577698
1696958504943620900,0.164620849609375,-0.561915397644043,-0.3462389409542084,0.23876014351844788
1696958504953640000,0.174639892578125,-0.7919607162475586,0.11969882249832153,-0.20378664135932922
1696958504963660800,0.184660888671875,0.21553611755371094,-0.1878066062927246,0.5031126141548157
1696958504973683000,0.194682861328125,0.28461647033691406,0.4667896032333374,0.4442214071750641
1696958504983706000,0.2047060546875,0.14064502716064453,-0.23746603727340698,-0.10243259370326996
1696958504993729800,0.214729736328125,-1.3144006729125977,0.07359224557876587,0.1271558552980423
1696958505003753200,0.224753173828125,1.1572542190551758,0.11904340982437134,0.5982178449630737
1696958505013768700,0.234768798828125,0.22442054748535156,-0.20239466428756714,0.05085385963320732
1696958505023782400,0.244782470703125,-1.9523138999938965,-0.011203408241271973,-0.09314935654401779
1696958505033795800,0.2547958984375,1.4131278991699219,0.3362525701522827,0.41351333260536194
1696958505043809300,0.264809326171875,0.26015377044677734,0.0021768808364868164,0.3140256404876709
1696958505053823000,0.274822998046875,-0.7074508666992188,-0.22230660915374756,-0.45274490118026733
1696958505063836400,0.28483642578125,0.006215095520019531,-0.06252986192703247,-0.014658305794000626
1696958505073850000,0.29485009765625,-0.2923698425292969,0.22341549396514893,0.2617451548576355
1696958505083863600,0.304863525390625,0.055126190185546875,-0.25076234340667725,-0.2053609937429428
1696958505093877000,0.314876953125,-0.6009912490844727,0.07491296529769897,-0.5328482389450073
1696958505103890700,0.324890625,0.150177001953125,0.06781405210494995,-0.05141090229153633
1696958505113904000,0.334904052734375,0.77783203125,0.16127502918243408,-0.2049117386341095
1696958505123917800,0.344917724609375,-1.4274873733520508,-0.20314443111419678,-0.6269134879112244
1696958505133931300,0.35493115234375,-0.5557022094726562,-0.10658448934555054,0.03080137073993683
1696958505143944700,0.36494482421875,0.8996791839599609,0.19172507524490356,0.16648170351982117
1696958505153958400,0.37495849609375,-0.7760086059570312,-0.17238909006118774,-0.5896973013877869
1696958505163971800,0.384971923828125,-0.13924407958984375,0.11153286695480347,-0.7014554738998413
1696958505173985300,0.3949853515625,0.106597900390625,0.08090311288833618,0.04333866387605667
1696958505183999000,0.4049990234375,0.32697200775146484,-0.11704361438751221,-0.119423508644104
1696958505194012400,0.415012451171875,-1.1959495544433594,0.156802237033844,-0.7484865188598633
1696958505204026000,0.425026123046875,0.7893075942993164,0.019634664058685303,-0.08777052164077759
1696958505214039600,0.43503955078125,-0.0011157989501953125,0.1072535514831543,-0.028487280011177063
1696958505224053000,0.445052978515625,0.6941556930541992,-0.4754306972026825,-0.5128459334373474
1696958505234066700,0.455066650390625,-0.9439992904663086,0.16104483604431152,-0.3471584916114807
1696958505244080000,0.465080078125,1.0183544158935547,-0.034399569034576416,0.36132004857063293
1696958505254093800,0.47509375,1.3636960983276367,-0.09989279508590698,-0.13460206985473633
1696958505264107300,0.485107177734375,-1.5084762573242188,-0.2430793046951294,-0.10943751037120819
1696958505274120700,0.49512060546875,1.4470224380493164,-0.20913416147232056,0.2928304970264435
1696958505284134400,0.505134521484375,0.8999500274658203,-0.05841934680938721,0.16943222284317017
1696958505294147800,0.51514794921875,-0.10403251647949219,-0.2891453504562378,-0.2087128460407257
1696958505304161500,0.52516162109375,0.12350273132324219,-0.2008047103881836,-0.22247837483882904
1696958505314175000,0.535175048828125,0.7776241302490234,0.37221240997314453,0.4648143947124481
1696958505324188400,0.5451884765625,1.555154800415039,-0.3086298108100891,0.16572928428649902
1696958505334202000,0.5552021484375,-1.433645248413086,-0.16853970289230347,-0.3543528616428375
1696958505344215600,0.565215576171875,0.5201873779296875,-0.15914016962051392,0.3800826668739319
1696958505354229200,0.575229248046875,1.3327598571777344,0.2598802447319031,0.25778451561927795
1696958505364242700,0.58524267578125,-0.2479724884033203,-0.4008731544017792,-0.4217844009399414
1696958505374256000,0.595256103515625,-0.47843360900878906,-0.18172556161880493,-0.11802949011325836
1696958505384269800,0.605269775390625,0.9370498657226562,-0.3221212923526764,0.2115599662065506
1696958505394283300,0.615283203125,-0.5474796295166016,-0.5113746523857117,-0.6319606304168701
1696958505404297000,0.625296875,-0.6364345550537109,-0.2882225513458252,-0.9921807646751404
1696958505414310400,0.635310302734375,-0.35684967041015625,-0.4079163372516632,-0.591010332107544
1696958505424323800,0.64532373046875,0.4642677307128906,0.12894487380981445,-0.7459523677825928
1696958505434337500,0.655337646484375,-1.0317354202270508,-0.4763479232788086,-1.2634414434432983
1696958505444351000,0.66535107421875,-1.7122306823730469,-0.13474702835083008,-0.8764593601226807
1696958505454364700,0.67536474609375,0.2576570510864258,-0.3425354063510895,-0.45591604709625244
1696958505464378000,0.685378173828125,-0.8683481216430664,-0.3303717076778412,-0.9242366552352905
1696958505474391600,0.6953916015625,-0.8310031890869141,-0.24736815690994263,-1.107494831085205
1696958505484405200,0.7054052734375,0.13938331604003906,0.0385819673538208,-0.22466465830802917
1696958505494418700,0.715418701171875,-0.32004547119140625,-0.41311874985694885,-0.3680093586444855
1696958505504432400,0.725432373046875,-1.1268749237060547,-0.6152358055114746,-0.7703750729560852
1696958505514445800,0.73544580078125,0.15490150451660156,-0.19657063484191895,-0.4750509262084961
1696958505524459300,0.745459228515625,0.14818191528320312,-0.5166940093040466,-0.29073312878608704
1696958505534473000,0.755472900390625,-0.2079324722290039,-0.8635576367378235,-0.6356362104415894
1696958505544486400,0.765486328125,-0.11492729187011719,-0.4094715416431427,-1.1700469255447388
1696958505554500000,0.7755,-0.3069639205932617,-0.2482374608516693,-0.5763821601867676
1696958505564513500,0.785513427734375,0.689753532409668,-0.3869684040546417,-0.6211378574371338
1696958505574527000,0.79552685546875,-0.7654914855957031,-0.7720283269882202,-0.7712506651878357
1696958505584540700,0.805540771484375,-0.816889762878418,-0.6044613718986511,-0.41249701380729675
1696958505594554000,0.81555419921875,0.8346433639526367,-0.5411612391471863,-0.1921529471874237
1696958505604567800,0.82556787109375,0.1760091781616211,-0.5393711924552917,-0.7380616068840027
1696958505614581200,0.835581298828125,-0.9753961563110352,-0.6478965878486633,-0.8612862825393677
1696958505624595000,0.845594970703125,0.9713897705078125,-0.33493009209632874,-0.28994277119636536
1696958505634608400,0.8556083984375,0.8270950317382812,-0.41949114203453064,-0.07205548882484436
1696958505644622000,0.8656220703125,-0.8629636764526367,-0.8264018297195435,-0.11556932330131531
1696958505654635500,0.875635498046875,0.29288768768310547,-0.4997519254684448,0.009297817945480347
1696958505664649200,0.885649169921875,0.37474822998046875,-0.543298602104187,0.4833005666732788
1696958505674663000,0.895662841796875,1.184657096862793,-0.44284552335739136,-0.11228439211845398
1696958505684676400,0.90567626953125,-0.7036628723144531,-0.3003915846347809,-0.8170969486236572
1696958505694690000,0.91568994140625,-0.13689136505126953,-0.6932990550994873,0.038404107093811035
1696958505704703500,0.925703369140625,1.579545021057129,-0.37658053636550903,-0.33644381165504456
1696958505714717200,0.93571728515625,-1.8247489929199219,-0.5701991319656372,-0.6733350157737732
1696958505724731000,0.94573095703125,-0.5775575637817383,-0.5252054333686829,-0.2904920279979706
1696958505734744300,0.955744384765625,0.997349739074707,-0.3950733244419098,-0.08226332068443298
1696958505744758000,0.965758056640625,-0.5347251892089844,-0.7476023435592651,-0.5548621416091919
1696958505754771500,0.975771484375,-0.3345375061035156,-0.48603519797325134,-0.9106010794639587
1696958505764785200,0.98578515625,0.1710948944091797,-0.6231289505958557,-0.08320418000221252
1696958505774798800,0.995798828125,1.3591089248657227,-0.5442196130752563,0.17095991969108582
1696958505784812300,1.005812255859375,-1.3099842071533203,-0.9386184811592102,-0.09121954441070557
1696958505794826000,1.015825927734375,1.055044174194336,-0.549346387386322,0.2571948170661926
1696958505804839400,1.02583935546875,0.7645530700683594,-0.6279904842376709,0.6698333024978638
1696958505814853000,1.03585302734375,0.6761655807495117,-0.9021582007408142,0.02713039517402649
1696958505824866800,1.04586669921875,-0.16042709350585938,-0.5881949663162231,-0.16812798380851746
1696958505834880300,1.05588037109375,0.6427125930786133,-0.6447466015815735,0.5384230017662048
1696958505844894000,1.06589404296875,0.8500585556030273,-0.920555830001831,0.5923620462417603
1696958505854907400,1.075907470703125,-0.46730709075927734,-0.9723851680755615,0.09950420260429382
1696958505864921000,1.085921142578125,0.2631349563598633,-0.5312308073043823,0.4923897385597229
1696958505874934800,1.095934814453125,0.8920307159423828,-0.49181631207466125,0.5476276874542236
1696958505884948200,1.1059482421875,-0.3690013885498047,-1.1487585306167603,-0.2903100252151489
1696958505894962000,1.1159619140625,-1.1105384826660156,-0.8930935859680176,-0.1794281303882599
1696958505904975400,1.125975341796875,1.1638002395629883,-0.8140954375267029,0.37756243348121643
1696958505914989000,1.135989013671875,0.19913482666015625,-0.5815808773040771,0.03261891007423401
1696958505925002800,1.146002685546875,-0.22045612335205078,-0.8387863636016846,0.006205767393112183
1696958505935016200,1.15601611328125,0.28943920135498047,-0.7977540493011475,0.3084206283092499
1696958505945030000,1.16602978515625,0.47203922271728516,-0.6405329704284668,0.7411158084869385
1696958505955043300,1.176043212890625,0.14966487884521484,-0.8341712355613708,-0.15879252552986145
1696958505965057000,1.18605712890625,-0.8819732666015625,-1.0807074308395386,0.037411123514175415
1696958505975070700,1.19607080078125,0.9158544540405273,-0.4331924617290497,0.6886378526687622
1696958505985084200,1.206084228515625,0.779994010925293,-1.027176856994629,0.34822750091552734
1696958505995097900,1.216097900390625,-1.8248958587646484,-0.6428030729293823,-0.017799317836761475
1696958506005111300,1.226111328125,1.0123376846313477,-0.6670470237731934,0.46366679668426514
1696958506015125000,1.236125,-0.1741943359375,-0.43585848808288574,0.4029543995857239
1696958506025138700,1.246138671875,0.1267404556274414,-0.7858405113220215,0.12092477083206177
1696958506035152100,1.256152099609375,-0.10693836212158203,-0.633668065071106,-0.15344062447547913
1696958506045165800,1.266165771484375,0.3217000961303711,-0.2797100245952606,1.049662709236145
1696958506055179300,1.27617919921875,1.1081266403198242,-0.6872713565826416,0.17677445709705353
1696958506065193000,1.28619287109375,-2.4881582260131836,-0.5166805386543274,-0.2906968593597412
1696958506075206700,1.29620654296875,1.267049789428711,-0.5379416942596436,0.46659496426582336
1696958506085220000,1.30622021484375,-0.40112876892089844,-0.13291782140731812,0.4112548530101776
1696958506095233800,1.31623388671875,-1.0395631790161133,-0.7959911227226257,-0.4121409058570862
1696958506105247200,1.326247314453125,-0.2325420379638672,-0.31845441460609436,-0.012227237224578857
1696958506115261000,1.336260986328125,-0.2591695785522461,-0.1033606231212616,0.3446826934814453
1696958506125274600,1.346274658203125,-0.22369861602783203,-0.5988023281097412,0.06844621896743774
1696958506135288000,1.3562880859375,-1.4388694763183594,-0.0638171136379242,-0.4014378786087036
1696958506145301800,1.3663017578125,0.3500957489013672,-0.4999583959579468,0.5925524830818176
1696958506155315200,1.376315185546875,-0.5699653625488281,-0.23319301009178162,0.3997526168823242
1696958506165329000,1.386328857421875,-0.5181245803833008,-0.5442694425582886,-0.3200111985206604
1696958506175342300,1.39634228515625,-0.06720352172851562,-0.23305946588516235,-0.09001517295837402
1696958506185356000,1.40635595703125,0.16625022888183594,-0.42147842049598694,0.30401289463043213
1696958506195369500,1.416369384765625,0.012979507446289062,-0.5623457431793213,-0.12931591272354126
1696958506205383200,1.426383056640625,-0.8431606292724609,-0.2889881134033203,-0.17243963479995728
1696958506215396600,1.436396728515625,0.6421108245849609,-0.21579840779304504,-0.08650150895118713
1696958506225410000,1.44641015625,-1.1698694229125977,-0.13169807195663452,-0.1200980544090271
1696958506235423700,1.456423828125,-1.304281234741211,-0.2542985677719116,-0.7818092107772827
1696958506245437200,1.466437255859375,-2.9600319862365723,0.43965184688568115,-0.4519118070602417
1696958506255451000,1.476450927734375,-1.6835365295410156,0.9767829179763794,-0.3612496554851532
1696958506265464300,1.48646435546875,-3.493948459625244,0.3464028537273407,-0.24194484949111938
1696958506275477800,1.496477783203125,-2.8850560188293457,0.1885593831539154,0.8671491146087646
1696958506285491500,1.506491455078125,3.1724796295166016,-1.8270459175109863,0.7900900840759277
1696958506295505000,1.5165048828125,2.6660919189453125,-1.8889638185501099,-0.6353606581687927
1696958506305518600,1.5265185546875,2.266421318054199,0.021458089351654053,1.0184781551361084
1696958506315532000,1.536531982421875,-1.127471923828125,-3.9788057804107666,1.5183454751968384
1696958506325545500,1.54654541015625,-2.5142855644226074,1.9076429605484009,-0.5805312991142273
1696958506335559200,1.55655908203125,6.7828874588012695,-0.8213269710540771,-3.8135592937469482
1696958506345572600,1.566572509765625,-5.949572563171387,0.9264901876449585,-1.3137500286102295
1696958506355586300,1.57658642578125,7.008581161499023,0.3379214107990265,0.6218185424804688
1696958506365599700,1.586599853515625,2.7328319549560547,-0.43996357917785645,1.6355483531951904
1696958506375613200,1.59661328125,-4.644388198852539,-1.3734551668167114,0.8993310928344727
1696958506385627000,1.606626953125,4.977063179016113,0.16781198978424072,1.4356237649917603
1696958506395640300,1.616640380859375,-1.818964958190918,1.9962888956069946,0.36049261689186096
1696958506405654000,1.626654052734375,3.2720565795898438,0.5592527389526367,-2.149073600769043
1696958506415667500,1.63666748046875,0.7238016128540039,0.6535460948944092,-1.1446833610534668
1696958506425681000,1.646680908203125,1.9281291961669922,-0.3837204575538635,-0.5707036256790161
1696958506435694600,1.656694580078125,-2.0590133666992188,-1.7015712261199951,1.0105376243591309
1696958506445708000,1.6667080078125,2.338489532470703,-0.9534774422645569,2.1803343296051025
1696958506455721700,1.6767216796875,1.5915765762329102,0.8568464517593384,0.9418538212776184
1696958506465735200,1.686735107421875,-1.098952293395996,0.7851325869560242,-0.7731807827949524
1696958506475748600,1.69674853515625,2.1269989013671875,0.6505008935928345,-1.139163613319397
1696958506485762300,1.70676220703125,-0.4334125518798828,-0.1063239574432373,-0.5550788640975952
1696958506495775700,1.716775634765625,-0.28295040130615234,-0.06691783666610718,-0.2890646457672119
1696958506505789400,1.72678955078125,2.3906631469726562,0.36624690890312195,0.20857782661914825
1696958506515803000,1.736802978515625,-1.5426092147827148,0.16892912983894348,0.178179070353508
1696958506525816300,1.74681640625,0.3097562789916992,0.3049837350845337,0.05948531627655029
1696958506535830000,1.756830078125,1.3896265029907227,1.0716161727905273,-0.10393697023391724
1696958506545843500,1.766843505859375,-1.290308952331543,-0.4537564516067505,-0.2518703043460846
1696958506555857200,1.776857177734375,-0.3727560043334961,-0.3352668881416321,-0.4804759621620178
1696958506565870600,1.78687060546875,0.6822566986083984,-0.24638816714286804,0.11267587542533875
1696958506575884300,1.79688427734375,-0.3215065002441406,-0.16072949767112732,-0.09389546513557434
1696958506585898000,1.80689794921875,0.07132911682128906,-0.15355601906776428,-0.7597514390945435
1696958506595911400,1.816911376953125,-0.7242631912231445,0.8039544820785522,-0.5635533332824707
1696958506605925000,1.826925048828125,0.8665246963500977,0.8594978451728821,-0.23109576106071472
1696958506615938600,1.8369384765625,-0.328857421875,0.001610398292541504,-0.1674729585647583
1696958506625952300,1.8469521484375,-0.39801883697509766,-0.6831101179122925,-0.5365558862686157
1696958506635966000,1.856966064453125,-1.4054479598999023,-0.20260784029960632,0.1559133231639862
1696958506645979400,1.8669794921875,1.1803808212280273,0.2587129473686218,0.14903604984283447
1696958506655993000,1.8769931640625,-1.036067008972168,-0.6448099613189697,-0.894364595413208
1696958506666006500,1.887006591796875,-1.496938705444336,0.0908249020576477,-0.9302140474319458
1696958506676020200,1.897020263671875,0.522552490234375,0.37200069427490234,-0.21327608823776245
1696958506686034000,1.907033935546875,-0.4754371643066406,0.3227428197860718,-0.33087077736854553
1696958506696047400,1.91704736328125,-0.5008440017700195,-0.13010534644126892,-0.9539796113967896
1696958506706061000,1.92706103515625,-0.9645967483520508,-0.12449529767036438,-0.7857260704040527
1696958506716074800,1.93707470703125,0.017884254455566406,-0.21192964911460876,-0.5233902335166931
1696958506726088200,1.947088134765625,0.5761117935180664,-0.8304632902145386,-1.5080410242080688
1696958506736102000,1.957101806640625,-2.033230781555176,-0.28335779905319214,-1.567276954650879
1696958506746115300,1.967115234375,0.8607816696166992,-0.1360119879245758,-0.4217963218688965
1696958506756129000,1.97712890625,1.0954294204711914,0.24746018648147583,-0.5944845080375671
1696958506766142700,1.987142822265625,-1.7408876419067383,-0.3449760377407074,-0.8605418801307678
1696958506776156200,1.99715625,0.29874324798583984,0.3063371777534485,-0.4029664993286133
1696958506786169900,2.007169921875,0.2406301498413086,-0.10270988941192627,0.026385784149169922
1696958506796183300,2.017183349609375,0.43532466888427734,-0.6155579090118408,-1.0079193115234375
1696958506806197000,2.027197021484375,-1.1342449188232422,-0.24022158980369568,-1.2600117921829224
1696958506816210700,2.037210693359375,0.6589546203613281,0.19842135906219482,-0.45506322383880615
1696958506826224000,2.04722412109375,0.933131217956543,0.23018109798431396,-0.06062912940979004
1696958506836237800,2.05723779296875,-1.492915153503418,-0.42576906085014343,-0.36302828788757324
1696958506846251300,2.067251220703125,-0.05939769744873047,0.021621346473693848,0.42432665824890137
1696958506856265000,2.077264892578125,0.08913803100585938,0.10259193181991577,1.43528413772583
1696958506866278700,2.087278564453125,0.7050342559814453,-0.917090892791748,1.1406363248825073
1696958506876292000,2.0972919921875,-1.1229228973388672,-0.983844518661499,-0.01972031593322754
1696958506886305800,2.107305908203125,-1.3634939193725586,-0.7858778238296509,-0.8085537552833557
1696958506896319200,2.1173193359375,-2.151642322540283,-1.141851782798767,-1.9389851093292236
1696958506906333000,2.1273330078125,0.6631574630737305,-0.08542776107788086,-3.3108763694763184
1696958506916346600,2.1373466796875,-4.754811763763428,0.024194538593292236,-3.4633779525756836
1696958506926360000,2.147360107421875,-2.9980239868164062,1.9112294912338257,-0.4509621858596802
1696958506936373800,2.157373779296875,9.583775520324707,-2.1637485027313232,1.31203293800354
1696958506946387200,2.16738720703125,-2.9244918823242188,-1.001511573791504,1.3898844718933105
1696958506956401000,2.17740087890625,0.9841804504394531,0.5473676323890686,2.1043944358825684
1696958506966414600,2.18741455078125,0.38535308837890625,3.9987826347351074,0.9734461307525635
1696958506976428000,2.197427978515625,2.0382909774780273,-1.7047057151794434,-0.9279059767723083
1696958506986441700,2.207441650390625,0.5090703964233398,-1.6258211135864258,-1.6616041660308838
1696958506996455200,2.217455078125,-5.393030166625977,0.301241397857666,-0.07442402839660645
1696958507006468900,2.22746875,3.0339956283569336,1.3216010332107544,1.0201385021209717
1696958507016482600,2.237482666015625,2.8638811111450195,-0.6650501489639282,-0.9482669234275818
1696958507026496000,2.24749609375,-5.123064041137695,-1.089388370513916,-0.350471556186676
1696958507036509700,2.257509765625,1.032231330871582,0.0014629364013671875,0.9114441871643066
1696958507046523100,2.267523193359375,1.1762380599975586,0.7203629612922668,0.2501286268234253
1696958507056536800,2.277536865234375,0.40770816802978516,-0.5970037579536438,-0.7377802729606628
1696958507066550500,2.287550537109375,-2.012807846069336,-0.01324915885925293,0.9494605660438538
1696958507076564000,2.29756396484375,1.5874271392822266,-0.19477784633636475,0.7652997970581055
1696958507086577700,2.30757763671875,-0.9850778579711914,-0.16464000940322876,-0.3158993124961853
1696958507096591000,2.317591064453125,-0.2705097198486328,-0.13016796112060547,-0.5355437994003296
1696958507106604800,2.327604736328125,-0.8132648468017578,-0.3447239100933075,0.636943519115448
1696958507116618500,2.337618408203125,2.033021926879883,-0.013275325298309326,-0.0014715790748596191
1696958507126632000,2.3476318359375,-0.451171875,-0.47009849548339844,-0.010059356689453125
1696958507136645600,2.357645751953125,-1.2941560745239258,-0.2808476984500885,-0.13235348463058472
1696958507146659000,2.3676591796875,-0.735234260559082,-0.6127980947494507,0.6127947568893433
1696958507156672800,2.3776728515625,-0.3649578094482422,-0.4580610394477844,-0.27096378803253174
1696958507166686500,2.3876865234375,-0.3585834503173828,-0.5899099707603455,-0.1788722276687622
1696958507176700000,2.397699951171875,0.1289377212524414,0.032597243785858154,0.06579560041427612
1696958507186713600,2.407713623046875,1.5358390808105469,-0.22893914580345154,0.3499784469604492
1696958507196727000,2.41772705078125,-0.5699224472045898,-0.9556968212127686,-0.23848211765289307
1696958507206740700,2.42774072265625,-1.240274429321289,-0.8503445982933044,0.06778675317764282
1696958507216754400,2.43775439453125,-1.2641000747680664,-0.705044150352478,0.6420485377311707
1696958507226768000,2.447767822265625,1.360560417175293,-0.3513374924659729,0.08104473352432251
1696958507236781600,2.457781494140625,-1.0592679977416992,-0.6703088879585266,-0.28320062160491943
1696958507246795000,2.467794921875,0.4905509948730469,-0.2868470251560211,0.10690605640411377
1696958507256808700,2.47780859375,1.1041650772094727,-0.0047408342361450195,0.2514304518699646
1696958507266822400,2.487822509765625,0.23601818084716797,-0.7528725862503052,-0.445370078086853
1696958507276835800,2.4978359375,-1.3109188079833984,-1.0129187107086182,-0.24000632762908936
1696958507286849500,2.507849609375,-0.13218212127685547,-0.9400136470794678,0.649478018283844
1696958507296863000,2.517863037109375,1.7104177474975586,-0.3843131959438324,0.654103696346283
1696958507306876700,2.527876708984375,-0.04756450653076172,-0.5369588732719421,-0.1357661485671997
1696958507316890400,2.537890380859375,0.07182979583740234,-0.30196353793144226,0.12013989686965942
1696958507326903800,2.54790380859375,0.8398227691650391,-0.3063022196292877,0.5775094628334045
1696958507336917500,2.55791748046875,1.2327775955200195,-0.3446888327598572,-0.4769124388694763
1696958507346931000,2.567930908203125,-0.895442008972168,-0.6184263229370117,-0.7617926001548767
1696958507356944600,2.577944580078125,0.3721761703491211,-0.5570657253265381,0.45688533782958984
1696958507366958300,2.587958251953125,1.9219341278076172,-0.5581527948379517,0.5760337114334106
1696958507376971800,2.5979716796875,-0.9106369018554688,-0.7343074083328247,-0.10448563098907471
1696958507386985500,2.6079853515625,0.06148815155029297,-0.29758569598197937,0.24562174081802368
1696958507396999000,2.6179990234375,0.4193296432495117,-0.39421892166137695,0.3689124584197998
1696958507407012600,2.6280126953125,1.033339500427246,-0.1734893023967743,0.23373699188232422
1696958507417026300,2.6380263671875,0.6096973419189453,-0.7065374255180359,-0.3482511639595032
1696958507427039700,2.648039794921875,-1.2493057250976562,-0.26586100459098816,0.4226006865501404
1696958507437053400,2.658053466796875,2.020193099975586,-0.6613730788230896,0.33905088901519775
1696958507447067000,2.66806689453125,-0.9843721389770508,-0.48733851313591003,0.05674564838409424
1696958507457080600,2.67808056640625,0.05977916717529297,-0.48005345463752747,-0.2967320680618286
1696958507467094300,2.68809423828125,-1.2907657623291016,-0.39181017875671387,0.36920714378356934
1696958507477107700,2.698107666015625,1.4344816207885742,-0.244744211435318,0.5111945867538452
1696958507487121400,2.708121337890625,-0.030485153198242188,-0.9859672784805298,-0.28990161418914795
1696958507497134800,2.718134765625,-1.858816146850586,-0.11731207370758057,0.07825171947479248
1696958507507148500,2.7281484375,2.148402214050293,-0.5677889585494995,0.64615797996521
1696958507517162200,2.738162353515625,-2.880523681640625,-0.607818603515625,0.14905625581741333
1696958507527175700,2.74817578125,1.6506175994873047,-0.67486572265625,-0.790287435054779
1696958507537189400,2.758189453125,-2.2502388954162598,-0.08261346817016602,0.4832734167575836
1696958507547202800,2.768202880859375,2.073152542114258,-0.6373277902603149,0.5810650587081909
1696958507557216500,2.778216552734375,-1.532700538635254,-0.5943256616592407,-0.006797850131988525
1696958507567230200,2.788230224609375,0.5589132308959961,-0.7281599044799805,-0.6055399179458618
1696958507577243600,2.79824365234375,-1.151566505432129,0.14630305767059326,0.7720058560371399
1696958507587257300,2.80825732421875,1.8553667068481445,-0.7720139026641846,0.011722385883331299
1696958507597270800,2.818270751953125,-1.8928642272949219,-0.7490030527114868,-0.01997530460357666
1696958507607284500,2.828284423828125,0.7488069534301758,-0.4124903082847595,-0.49152541160583496
1696958507617298200,2.838298095703125,-0.050189971923828125,-0.2138674557209015,0.7187119722366333
1696958507627311600,2.8483115234375,1.1577415466308594,-0.0899420976638794,0.013022661209106445
1696958507637325300,2.8583251953125,-0.2534637451171875,-0.6564829349517822,-0.09198057651519775
1696958507647338800,2.8683388671875,-0.9259967803955078,0.045734286308288574,0.20255225896835327
1696958507657352400,2.8783525390625,2.458385467529297,-0.3412603735923767,0.4042511582374573
1696958507667366100,2.8883662109375,-2.2905282974243164,-0.4149068593978882,-0.15336400270462036
1696958507677379600,2.898379638671875,1.1219024658203125,-0.5670696496963501,0.06263220310211182
1696958507687393300,2.908393310546875,-0.867548942565918,-0.017131805419921875,0.7423180937767029
1696958507697406700,2.91840673828125,1.5184478759765625,-0.3374190032482147,0.02243107557296753
1696958507707420400,2.92842041015625,-1.1452703475952148,-0.3056752383708954,-0.4171409606933594
1696958507717434000,2.93843408203125,0.4485807418823242,0.0383419394493103,0.21890443563461304
1696958507727447600,2.948447509765625,0.8968143463134766,-0.2312958538532257,0.44496357440948486
1696958507737461200,2.958461181640625,1.0947399139404297,-0.142655611038208,-0.1827768087387085
1696958507747474700,2.968474609375,-0.7845678329467773,-0.5275495052337646,-0.13555651903152466
1696958507757488400,2.97848828125,0.010829925537109375,-0.1696031093597412,0.4569658637046814
1696958507767502000,2.988502197265625,1.1147356033325195,-0.1434372067451477,0.6621993184089661
1696958507777515500,2.998515625,0.5337800979614258,-0.21924850344657898,-0.1294105052947998
1696958507787529200,3.008529296875,-0.7325506210327148,-0.07357794046401978,-0.07346802949905396
1696958507797542700,3.018542724609375,0.5499296188354492,0.07122910022735596,0.5347827672958374
1696958507807556400,3.028556396484375,1.7333860397338867,0.015496671199798584,-0.003459036350250244
1696958507817570000,3.038570068359375,-1.127030372619629,-0.2598346769809723,-0.616680920124054
1696958507827583500,3.04858349609375,-0.13925457000732422,-0.09144330024719238,0.21689271926879883
1696958507837597200,3.05859716796875,0.19630813598632812,-0.32437822222709656,0.7010445594787598
1696958507847610600,3.068610595703125,-0.08525753021240234,-0.23793956637382507,-0.2986353635787964
1696958507857624300,3.078624267578125,-0.6096086502075195,-0.2885097563266754,-0.42181944847106934
1696958507867638000,3.088637939453125,-0.31588172912597656,-0.03584432601928711,-0.1534406542778015
1696958507877651500,3.0986513671875,0.5357952117919922,-0.009420335292816162,0.05858254432678223
1696958507887665200,3.1086650390625,1.0886478424072266,-0.7279872894287109,-0.40306609869003296
1696958507897678600,3.1186787109375,-1.5981807708740234,-0.061411142349243164,0.12496989965438843
1696958507907692300,3.1286923828125,2.237232208251953,-0.3325228989124298,0.5170567631721497
1696958507917706000,3.1387060546875,-1.0162105560302734,-0.12902969121932983,0.841528058052063
1696958507927719400,3.148719482421875,2.210726737976074,-0.5121530294418335,-0.057713866233825684
1696958507937733000,3.158733154296875,-1.4674415588378906,-0.1142498254776001,0.5702112317085266
1696958507947746600,3.16874658203125,1.6031322479248047,-0.1566307544708252,0.7255896925926208
1696958507957760300,3.17876025390625,1.857905387878418,-0.4943881630897522,0.1239287257194519
1696958507967774000,3.18877392578125,-1.8822383880615234,-0.1690649390220642,-0.17892205715179443
1696958507977787400,3.198787353515625,1.5871200561523438,-0.2612795829772949,0.6579602956771851
1696958507987801000,3.208801025390625,-2.910935878753662,-0.09356057643890381,1.082699179649353
1696958507997814500,3.218814453125,2.4718732833862305,-0.7295516729354858,-0.10058480501174927
1696958508007828200,3.228828125,-3.179582118988037,0.27068454027175903,-0.131736159324646
1696958508017842000,3.238842041015625,0.5170707702636719,-0.23424267768859863,0.2727566361427307
1696958508027855400,3.24885546875,-0.9157514572143555,0.16982340812683105,0.3454579710960388
1696958508037869000,3.258869140625,-0.11514949798583984,-0.4369339644908905,-0.6945618987083435
1696958508047882500,3.268882568359375,-1.7664012908935547,0.04686921834945679,0.04876983165740967
1696958508057896200,3.278896240234375,-0.29012012481689453,-0.1201511025428772,0.6286613941192627
1696958508067910000,3.288909912109375,-0.6416997909545898,-0.7806700468063354,0.7985977530479431
1696958508077923300,3.29892333984375,-1.050246238708496,0.0041779279708862305,-0.09038352966308594
1696958508087937000,3.30893701171875,-0.38738536834716797,0.02382725477218628,0.2602792978286743
1696958508097950500,3.318950439453125,-0.48638153076171875,0.08936017751693726,0.5604610443115234
1696958508107964200,3.328964111328125,1.7510013580322266,-0.8723809123039246,0.01512289047241211
1696958508117977900,3.338977783203125,-1.3105192184448242,-0.19666528701782227,-0.7989383935928345
1696958508127991300,3.3489912109375,-0.17003917694091797,-0.5106300115585327,0.10822939872741699
1696958508138005000,3.3590048828125,1.507613182067871,-0.26944875717163086,0.220889151096344
1696958508148018400,3.369018310546875,-1.0187797546386719,-1.466156244277954,0.42842960357666016
1696958508158032100,3.3790322265625,0.5559482574462891,-0.38402804732322693,0.05963391065597534
1696958508168045800,3.3890458984375,0.010224342346191406,-0.06823235750198364,0.34119224548339844
1696958508178059300,3.399059326171875,2.0832948684692383,0.0930665135383606,0.29635804891586304
1696958508188073000,3.409072998046875,0.09570884704589844,-0.8090403079986572,-0.11320847272872925
1696958508198086400,3.41908642578125,-0.8981781005859375,-0.4069967567920685,0.1283443570137024
1696958508208100000,3.42910009765625,2.668889045715332,0.14696252346038818,0.2045069932937622
1696958508218113800,3.43911376953125,0.020025253295898438,-0.2524532079696655,0.09315180778503418
1696958508228127200,3.449127197265625,0.19260311126708984,-0.19037294387817383,-0.2633988857269287
1696958508238141000,3.459140869140625,-1.651352882385254,-0.7941825985908508,0.9292383193969727
1696958508248154400,3.469154296875,1.16778564453125,-0.2081783413887024,0.2810073494911194
1696958508258168000,3.47916796875,0.5159416198730469,-0.5281982421875,-0.6812326312065125
1696958508268181800,3.489181640625,-1.701991081237793,0.40731722116470337,0.0923580527305603
1696958508278195200,3.4991953125,1.7049741744995117,-0.5217885971069336,0.45767319202423096
1696958508288209000,3.509208984375,-0.061562538146972656,-0.20515179634094238,-0.5442098379135132
1696958508298222300,3.519222412109375,-0.11338043212890625,-0.2645454406738281,-0.697536826133728
1696958508308236000,3.529236083984375,-1.0347251892089844,-0.03287148475646973,0.282970666885376
1696958508318249700,3.539249755859375,0.9323110580444336,-0.5414000749588013,0.5586175918579102
1696958508328263200,3.54926318359375,-0.3069190979003906,-0.6582425832748413,0.1497436761856079
1696958508338276900,3.55927685546875,-0.8167142868041992,0.03297889232635498,-0.04567807912826538
1696958508348290300,3.569290283203125,0.24645137786865234,0.5045155882835388,0.42321836948394775
1696958508358304000,3.579303955078125,0.5378580093383789,0.02761101722717285,0.42619580030441284
1696958508368317700,3.589317626953125,-0.17959308624267578,-0.6334965229034424,-0.5350408554077148
1696958508378331100,3.5993310546875,-1.4160776138305664,0.23082315921783447,-0.2656230926513672
1696958508388344800,3.6093447265625,0.6805191040039062,-0.07002055644989014,0.5908936262130737
1696958508398358300,3.619358154296875,-0.9975223541259766,-0.44500279426574707,0.28845691680908203
1696958508408372000,3.6293720703125,-0.1871490478515625,-0.10772347450256348,-0.354492723941803
1696958508418385700,3.6393857421875,-1.237412452697754,0.05804133415222168,0.30067533254623413
1696958508428399000,3.649399169921875,0.48111915588378906,-0.005458712577819824,0.5026199221611023
1696958508438412800,3.659412841796875,0.7335948944091797,-0.25910842418670654,0.004969596862792969
1696958508448426200,3.66942626953125,-1.2367687225341797,-0.1763080358505249,-0.05673873424530029
1696958508458440000,3.67943994140625,0.6060142517089844,0.19537854194641113,0.5904388427734375
1696958508468453600,3.68945361328125,0.6907567977905273,-0.09564602375030518,0.9376919865608215
1696958508478467000,3.699467041015625,-0.6104841232299805,-0.6376742124557495,0.5332865715026855
1696958508488480800,3.709480712890625,-0.025714874267578125,0.10276389122009277,0.3598492741584778
1696958508498494200,3.719494140625,-0.07329273223876953,0.17147326469421387,0.9349524974822998
1696958508508508000,3.7295078125,1.2697439193725586,-0.3452455997467041,0.5626341104507446
1696958508518521600,3.739521484375,-0.5726585388183594,-0.24834537506103516,0.022344112396240234
1696958508528535000,3.74953515625,-0.30391979217529297,0.0160752534866333,0.611102819442749
1696958508538548700,3.759548828125,1.2262706756591797,-0.15359342098236084,1.0223520994186401
1696958508548562200,3.769562255859375,-0.12426471710205078,-0.5318164825439453,0.30835914611816406
1696958508558575900,3.779575927734375,-0.6016311645507812,-0.0829927921295166,0.19179952144622803
1696958508568589600,3.789589599609375,0.6468076705932617,-0.1825944185256958,1.029489517211914
1696958508578603000,3.79960302734375,0.7649927139282227,0.20247876644134521,0.728371262550354
1696958508588616700,3.80961669921875,0.3904237747192383,-0.5585731267929077,0.06817662715911865
1696958508598630100,3.819630126953125,-0.9915399551391602,0.04764974117279053,0.8722186088562012
1696958508608643800,3.829643798828125,2.1840744018554688,-0.14225375652313232,0.8557813763618469
1696958508618657500,3.839657470703125,-0.7166671752929688,-0.30838072299957275,0.4028128385543823
1696958508628671000,3.8496708984375,0.05932044982910156,-0.521343469619751,0.2029891014099121
1696958508638684700,3.8596845703125,-0.5522022247314453,0.017412424087524414,1.4255201816558838
1696958508648698000,3.869697998046875,1.619156837463379,-0.024675846099853516,0.727738618850708
1696958508658711800,3.8797119140625,-1.581028938293457,-0.7976949214935303,0.2390640377998352
1696958508668725500,3.8897255859375,0.7454214096069336,0.023602724075317383,0.09324103593826294
1696958508678739000,3.899739013671875,-0.17309284210205078,-0.009488344192504883,0.8057907223701477
1696958508688752600,3.909752685546875,0.5443973541259766,-0.24095678329467773,0.16577982902526855
1696958508698766000,3.91976611328125,-0.5023870468139648,-0.5892796516418457,-0.23784726858139038
1696958508708779800,3.92977978515625,-1.265974998474121,-0.16056859493255615,0.5641573667526245
1696958508718793500,3.93979345703125,1.108323097229004,-0.38642823696136475,0.6428959965705872
1696958508728807000,3.949806884765625,-1.0062646865844727,-0.3768923282623291,-0.2579612731933594
1696958508738820600,3.959820556640625,-0.9889955520629883,-0.3392223119735718,-0.2979254722595215
1696958508748834000,3.969833984375,-0.5899858474731445,-0.21857857704162598,0.5519534945487976
1696958508758847700,3.97984765625,1.4575319290161133,-0.28227317333221436,0.16001689434051514
1696958508768861400,3.989861328125,-1.312520980834961,-0.729499340057373,-0.6313835978507996
1696958508778875000,3.999875,-0.19579315185546875,-0.22156298160552979,-0.16288965940475464
1696958508788888600,4.009888671875,0.44071006774902344,-0.24385356903076172,0.4542121887207031
1696958508798902000,4.019902099609375,0.4111795425415039,-0.5311059951782227,-0.09961986541748047
1696958508808915700,4.029915771484375,-1.0659904479980469,-0.492336630821228,-0.1814296841621399
1696958508818929400,4.039929443359375,-0.22258377075195312,-0.36222243309020996,0.5980110764503479
1696958508828942800,4.04994287109375,1.3701171875,0.17373764514923096,0.39365798234939575
1696958508838956500,4.05995654296875,0.2200336456298828,-0.39369022846221924,-0.410706102848053
1696958508848970000,4.069969970703125,-0.277252197265625,-0.1102745532989502,-0.001164078712463379
1696958508858983700,4.079983642578125,1.3962640762329102,-0.24643945693969727,0.9484565258026123
1696958508868997400,4.089997314453125,0.060196876525878906,-0.44760918617248535,0.5365133285522461
1696958508879010800,4.1000107421875,-0.6946563720703125,-0.1875513792037964,0.22380220890045166
1696958508889024500,4.1100244140625,-0.5015573501586914,0.02394723892211914,1.0277574062347412
1696958508899038000,4.120037841796875,1.1107244491577148,0.010927081108093262,0.9217274785041809
1696958508909051600,4.1300517578125,-0.09561347961425781,-0.32930195331573486,-0.0684848427772522
1696958508919065300,4.1400654296875,-1.3090543746948242,-0.06463420391082764,0.048028647899627686
1696958508929078800,4.150078857421875,0.40997982025146484,0.10940027236938477,1.0438084602355957
1696958508939092500,4.160092529296875,0.4428825378417969,-0.10576200485229492,0.6295717358589172
1696958508949106000,4.17010595703125,-1.5888919830322266,-0.12460994720458984,0.06696820259094238
1696958508959119600,4.18011962890625,-0.37164878845214844,-0.17729151248931885,1.1958304643630981
1696958508969133300,4.19013330078125,0.9820871353149414,-0.013873577117919922,1.119354486465454
1696958508979146800,4.200146728515625,-1.1804008483886719,-0.5042643547058105,0.3195900321006775
1696958508989160400,4.210160400390625,-0.09299659729003906,0.2554715871810913,0.5314351916313171
1696958508999174000,4.220173828125,1.0015010833740234,0.1041492223739624,1.34169602394104
1696958509009187600,4.2301875,0.0860748291015625,-0.34722399711608887,1.0275931358337402
1696958509019201300,4.240201171875,0.004546165466308594,-0.3342247009277344,0.7958963513374329
1696958509029214700,4.250214599609375,-0.28261470794677734,0.10041344165802002,1.5748891830444336
1696958509039228400,4.260228515625,1.471907615661621,-0.17800641059875488,1.764253854751587
1696958509049241900,4.270241943359375,-0.09422111511230469,-0.19541716575622559,0.8738538026809692
1696958509059255600,4.280255615234375,-0.45271873474121094,0.05790424346923828,1.1387953758239746
1696958509069269200,4.290269287109375,1.2019376754760742,0.15713369846343994,1.817639708518982
1696958509079282700,4.30028271484375,0.3820152282714844,-0.4577207565307617,1.3347296714782715
1696958509089296400,4.31029638671875,-1.2913455963134766,-0.2204958200454712,0.8616056442260742
1696958509099309800,4.320309814453125,0.26468849182128906,-0.02792346477508545,1.6058170795440674
1696958509109323500,4.330323486328125,1.287221908569336,-0.055211782455444336,1.3880994319915771
1696958509119337200,4.340337158203125,-1.597503662109375,-0.5073926448822021,0.6034605503082275
1696958509129350700,4.3503505859375,-0.12667274475097656,-0.11405813694000244,1.0993281602859497
1696958509139364400,4.3603642578125,0.5382184982299805,0.026425600051879883,1.238781213760376
1696958509149377800,4.370377685546875,-0.3472471237182617,-0.334423303604126,1.0830678939819336
1696958509159391500,4.3803916015625,-0.31740760803222656,0.006804823875427246,0.5620644092559814
1696958509169405200,4.3904052734375,-0.1973400115966797,-0.28108108043670654,1.3534436225891113
1696958509179418600,4.400418701171875,1.4522342681884766,-0.11627626419067383,1.115243673324585
1696958509189432300,4.410432373046875,-1.8437080383300781,-0.70930016040802,0.7643837928771973
1696958509199445800,4.42044580078125,-0.004245758056640625,-0.1151430606842041,1.235464334487915
1696958509209459500,4.43045947265625,1.3010444641113281,0.23385918140411377,1.2711379528045654
1696958509219473200,4.44047314453125,-0.9815549850463867,-0.5828750133514404,0.9202293753623962
1696958509229486600,4.450486572265625,0.04856109619140625,0.20043134689331055,0.7451281547546387
1696958509239500300,4.460500244140625,0.5170993804931641,-0.19100236892700195,1.4290952682495117
1696958509249513700,4.470513671875,-0.3106069564819336,0.06479239463806152,1.2108008861541748
1696958509259527400,4.48052734375,0.4409599304199219,-0.602527379989624,0.5411701798439026
1696958509269541000,4.490541015625,-1.5001764297485352,-0.012218594551086426,1.1094374656677246
1696958509279554600,4.500554443359375,1.4188079833984375,-0.1695460081100464,1.4094361066818237
1696958509289568300,4.510568359375,-0.6483612060546875,-0.6386231184005737,0.5487748980522156
1696958509299581700,4.520581787109375,-1.3063850402832031,-0.16443216800689697,0.8353123664855957
1696958509309595400,4.530595458984375,1.1296892166137695,-0.2903010845184326,1.2453052997589111
1696958509319609000,4.540609130859375,-0.5979213714599609,-0.1017765998840332,0.8458278179168701
1696958509329622500,4.55062255859375,0.12539100646972656,-0.5286065340042114,0.2603040933609009
1696958509339636200,4.56063623046875,-1.3657875061035156,-0.11968684196472168,0.895857572555542
1696958509349649700,4.570649658203125,1.6434659957885742,-0.12373745441436768,1.1549203395843506
1696958509359663400,4.580663330078125,-0.9261856079101562,-0.3931002616882324,0.5678083896636963
1696958509369677000,4.590677001953125,-0.8144111633300781,-0.02280294895172119,0.5754293203353882
1696958509379690500,4.6006904296875,1.7400007247924805,0.021229267120361328,1.1175706386566162
1696958509389704200,4.6107041015625,-0.591644287109375,-0.043964266777038574,0.9610378742218018
1696958509399717600,4.620717529296875,-0.37976741790771484,-0.4661632776260376,0.4933220148086548
1696958509409731300,4.6307314453125,-0.27373409271240234,-0.29497480392456055,1.2988029718399048
1696958509419745000,4.6407451171875,1.0460891723632812,-0.05758190155029297,1.178126573562622
1696958509429758500,4.650758544921875,-0.8438339233398438,-0.19513118267059326,0.4900135397911072
1696958509439772200,4.660772216796875,-0.22558116912841797,-0.1369771957397461,1.0132734775543213
1696958509449785600,4.67078564453125,1.2185678482055664,0.06571173667907715,1.5735191106796265
1696958509459799300,4.68079931640625,-0.06981468200683594,-0.44814014434814453,0.9323546290397644
1696958509469813000,4.69081298828125,-1.0348129272460938,0.11945700645446777,0.75605309009552
1696958509479826400,4.700826416015625,1.323714256286621,0.04272174835205078,1.4595611095428467
1696958509489840000,4.710840087890625,0.15483570098876953,-0.0665673017501831,1.0974318981170654
1696958509499853600,4.720853515625,-1.1166877746582031,-0.13442564010620117,0.8877904415130615
1696958509509867300,4.7308671875,0.6303920745849609,-0.2151573896408081,1.3487718105316162
1696958509519881000,4.740880859375,0.37603092193603516,-0.06546139717102051,1.312549352645874
1696958509529894400,4.750894287109375,-1.0920372009277344,-0.18999850749969482,0.8305764198303223
1696958509539908000,4.760908203125,0.21543121337890625,-0.09913313388824463,1.2782716751098633
1696958509549921500,4.770921630859375,0.6499691009521484,0.14797961711883545,1.5041158199310303
1696958509559935200,4.780935302734375,-0.5461206436157227,-0.274702787399292,1.0619500875473022
1696958509569949000,4.790948974609375,-1.481614112854004,-0.09135770797729492,1.12996244430542
1696958509579962400,4.80096240234375,1.8675003051757812,0.008983492851257324,1.6978651285171509
1696958509589976000,4.81097607421875,-0.8130884170532227,-0.1750044822692871,1.0821692943572998
1696958509599989500,4.820989501953125,-0.4958152770996094,-0.1440800428390503,0.8847464323043823
1696958509610003200,4.831003173828125,0.2367086410522461,-0.23507750034332275,1.4041061401367188
1696958509620017000,4.841016845703125,0.3365030288696289,-0.057398319244384766,1.1438966989517212
1696958509630030300,4.8510302734375,-1.2603883743286133,-0.17752289772033691,0.8836478590965271
1696958509640044000,4.8610439453125,0.2191934585571289,-0.22229266166687012,0.9828903079032898
1696958509650057500,4.871057373046875,0.830540657043457,-0.09865331649780273,1.2346057891845703
1696958509660071200,4.8810712890625,-0.3997478485107422,-0.23663532733917236,0.48668959736824036
1696958509670084900,4.8910849609375,-0.699894905090332,-0.6174517869949341,0.7254005670547485
1696958509680098300,4.901098388671875,1.0317506790161133,0.06343293190002441,0.7999516725540161
1696958509690112000,4.911112060546875,-0.08878803253173828,-0.14945101737976074,0.44467610120773315
1696958509700125400,4.92112548828125,-1.465275764465332,-0.2950655221939087,0.6660201549530029
1696958509710139100,4.93113916015625,2.1179046630859375,-0.26999104022979736,0.9346510171890259
1696958509720152800,4.94115283203125,-0.830841064453125,-0.3017662763595581,0.44321131706237793
1696958509730166300,4.951166259765625,-0.9104080200195312,-0.15494203567504883,0.46450668573379517
1696958509740180000,4.961179931640625,0.9845476150512695,-0.1080782413482666,0.9804055690765381
1696958509750193400,4.971193359375,0.4469165802001953,-0.08515620231628418,0.6558815240859985
1696958509760207000,4.98120703125,-1.5086259841918945,-0.2628931999206543,0.47827041149139404
1696958509770220800,4.991220703125,1.0181541442871094,-0.2264310121536255,0.9120061993598938
1696958509780234200,5.001234130859375,0.7150297164916992,-0.13419508934020996,0.9481593370437622
1696958509790248000,5.011248046875,-1.5950546264648438,-0.28623533248901367,0.35365527868270874
1696958509800261400,5.021261474609375,0.4685382843017578,-0.23651015758514404,0.9935373067855835
1696958509810275000,5.031275146484375,0.8833990097045898,-0.01819932460784912,1.1917245388031006
1696958509820288800,5.041288818359375,-1.3696002960205078,-0.357928991317749,0.5161503553390503
1696958509830302200,5.05130224609375,0.1484375,0.01364123821258545,0.7015584111213684
1696958509840316000,5.06131591796875,0.6023740768432617,-0.10796022415161133,0.8346636295318604
1696958509850329300,5.071329345703125,-1.2009525299072266,-0.2125546932220459,0.7534257173538208
1696958509860343000,5.081343017578125,0.1828899383544922,-0.26200127601623535,0.35103872418403625
1696958509870356700,5.091356689453125,-0.7924327850341797,-0.24337685108184814,0.8591398000717163
1696958509880370200,5.1013701171875,0.49455738067626953,-0.048813581466674805,1.1581343412399292
1696958509890384000,5.1113837890625,-0.9783782958984375,-0.1506209373474121,0.7115980386734009
1696958509900397300,5.121397216796875,0.4474668502807617,0.03596019744873047,1.193084478378296
1696958509910411000,5.131410888671875,0.44659996032714844,-0.3870680332183838,1.3705580234527588
1696958509920424700,5.1414248046875,-1.7293071746826172,-0.22130417823791504,0.9686414003372192
1696958509930438100,5.151438232421875,0.8984289169311523,-0.20428240299224854,1.3011910915374756
1696958509940451800,5.161451904296875,0.4517841339111328,-0.13754510879516602,1.3447022438049316
1696958509950465300,5.17146533203125,-1.2793302536010742,-0.11803710460662842,0.7968509793281555
1696958509960479000,5.18147900390625,0.2718019485473633,-0.2620764970779419,0.9720604419708252
1696958509970492700,5.19149267578125,0.6345767974853516,-0.22030627727508545,1.1469759941101074
1696958509980506000,5.201506103515625,-0.5380725860595703,-0.4141765832901001,0.7802078723907471
1696958509990519800,5.211519775390625,-1.2010974884033203,-0.2742729187011719,1.0251567363739014
1696958510000533200,5.221533203125,1.5685482025146484,-0.017064213752746582,1.3383221626281738
1696958510010547000,5.231546875,-0.1554861068725586,-0.10098898410797119,0.8996666073799133
1696958510020560600,5.241560546875,-1.0587425231933594,-0.15975487232208252,0.5618543028831482
1696958510030574000,5.251573974609375,1.2901630401611328,-0.18634438514709473,1.1908771991729736
1696958510040587800,5.261587890625,0.43629932403564453,-0.33942198753356934,1.0859487056732178
1696958510050601500,5.2716015625,-1.0511484146118164,-0.23281168937683105,0.6430819034576416
1696958510060615000,5.281614990234375,0.6858406066894531,-0.09058880805969238,1.017914891242981
1696958510070628600,5.291628662109375,0.9853267669677734,-0.06767833232879639,1.1915233135223389
1696958510080642000,5.30164208984375,-0.6182947158813477,-0.3435323238372803,0.56546550989151
1696958510090655700,5.31165576171875,-0.5548725128173828,-0.44600021839141846,0.6922081708908081
1696958510100669400,5.32166943359375,1.5442390441894531,-0.1949620246887207,1.1899101734161377
1696958510110683000,5.331682861328125,0.36978816986083984,-0.40233683586120605,0.5457183122634888
1696958510120696600,5.341696533203125,-1.1751794815063477,-0.23173534870147705,0.6542968153953552
1696958510130710000,5.3517099609375,1.718949317932129,-0.3163738250732422,1.0638175010681152
1696958510140723700,5.3617236328125,0.19024944305419922,-0.1978311538696289,0.880533754825592
1696958510150737400,5.3717373046875,-0.6561613082885742,-0.059014081954956055,0.7607465386390686
1696958510160750800,5.381750732421875,0.3775014877319336,-0.4299814701080322,1.058639645576477
1696958510170764500,5.3917646484375,1.0982322692871094,0.09093296527862549,1.3017239570617676
1696958510180778000,5.401778076171875,-0.5578508377075195,-0.3792438507080078,0.667487621307373
1696958510190791700,5.411791748046875,-0.9199800491333008,-0.19930195808410645,1.2037296295166016
1696958510200805400,5.421805419921875,2.5423364639282227,0.12148630619049072,1.4795749187469482
1696958510210818800,5.43181884765625,-2.017951011657715,-0.39873504638671875,1.049790620803833
1696958510220832500,5.44183251953125,0.4572286605834961,0.03820967674255371,0.8454768657684326
1696958510230846000,5.451845947265625,1.0348529815673828,-0.257366418838501,1.5041203498840332
1696958510240859600,5.461859619140625,-0.8363676071166992,-0.08873569965362549,0.8612221479415894
1696958510250873300,5.471873291015625,-0.819981575012207,-0.30252981185913086,0.7330653667449951
1696958510260886800,5.48188671875,0.35775089263916016,-0.202034592628479,1.2035644054412842
1696958510270900500,5.491900390625,-0.6036453247070312,-0.19270551204681396,0.999313235282898
1696958510280914200,5.5019140625,-1.1756830215454102,-0.37299036979675293,0.5296412706375122
1696958510290927600,5.511927734375,0.3659992218017578,0.053498268127441406,1.1902971267700195
1696958510300941300,5.52194140625,0.4034128189086914,-0.06257915496826172,1.132678747177124
1696958510310955000,5.531955078125,-2.1972899436950684,-0.12058746814727783,0.9328343272209167
1696958510320968700,5.54196875,1.9559507369995117,-0.18849313259124756,1.327561616897583
1696958510330982400,5.551982421875,-0.6528215408325195,-0.03156006336212158,1.5176366567611694
1696958510340995800,5.561995849609375,-1.3684864044189453,-0.04691362380981445,1.327216625213623
1696958510351009500,5.572009521484375,2.200160026550293,-0.10864949226379395,1.4156278371810913
1696958510361023200,5.582023193359375,-0.734466552734375,-0.006730318069458008,1.3248306512832642
1696958510371037000,5.592036865234375,-0.9383525848388672,-0.17598915100097656,0.8815085887908936
1696958510381050600,5.602050537109375,1.1429243087768555,0.011119723320007324,1.012871503829956
1696958510391064000,5.61206396484375,-0.4797811508178711,-0.2107679843902588,1.2963874340057373
1696958510401077800,5.622077880859375,-0.9375019073486328,0.1309119462966919,1.1197932958602905
1696958510411091500,5.632091552734375,1.7602014541625977,-0.4177626371383667,0.7701186537742615
1696958510421105200,5.642105224609375,-1.7993965148925781,0.30588972568511963,1.1228028535842896
1696958510431118800,5.652118896484375,0.68963623046875,-0.37776410579681396,0.8851643800735474
1696958510441132300,5.66213232421875,-0.01409149169921875,-0.15097594261169434,0.704710841178894
1696958510451146000,5.67214599609375,-0.7215147018432617,0.05537235736846924,0.8320233225822449
1696958510461159700,5.68215966796875,-0.35178470611572266,-0.4170806407928467,0.846083402633667
1696958510471173400,5.69217333984375,0.6526966094970703,-0.210540771484375,0.6582919359207153
1696958510481187000,5.70218701171875,0.0969552993774414,0.22201812267303467,0.786553680896759
1696958510491200500,5.712200439453125,-0.6060209274291992,-0.2550007104873657,1.0785492658615112
1696958510501214200,5.722214111328125,2.506671905517578,-0.3353997468948364,0.8456003069877625
1696958510511228000,5.732227783203125,-1.890944480895996,0.3766244649887085,1.2191121578216553
1696958510521241600,5.74224169921875,1.2816095352172852,-0.6171894073486328,1.1240116357803345
1696958510531255300,5.75225537109375,1.3603944778442383,0.39654815196990967,1.023617148399353
1696958510541268700,5.762268798828125,-1.008559226989746,0.012276649475097656,0.9315419793128967
1696958510551282400,5.772282470703125,0.7429313659667969,-0.28174519538879395,0.8928250074386597
1696958510561296100,5.782296142578125,1.1621389389038086,0.26447832584381104,0.7340993881225586
1696958510571309600,5.7923095703125,-2.219299793243408,-0.48370516300201416,0.8165738582611084
1696958510581323300,5.8023232421875,0.6103496551513672,0.08945572376251221,1.121147871017456
1696958510591337000,5.8123369140625,1.2211589813232422,0.26094353199005127,0.7842627763748169
1696958510601350400,5.822350341796875,-3.0206823348999023,0.1391369104385376,1.091170310974121
1696958510611364000,5.832364013671875,3.5096254348754883,-0.3194502592086792,1.4560797214508057
1696958510621377500,5.84237744140625,-2.791630268096924,-0.08660423755645752,0.8608797788619995
1696958510631391200,5.85239111328125,-0.7738056182861328,-0.26392221450805664,1.1821136474609375
1696958510641405000,5.862405029296875,2.6937570571899414,0.44766080379486084,0.95240318775177
1696958510651418400,5.87241845703125,-3.143007278442383,-0.10659670829772949,0.9542620778083801
1696958510661432000,5.88243212890625,1.8774919509887695,-0.21123123168945312,1.210272192955017
1696958510671445500,5.892445556640625,0.0672922134399414,0.42207229137420654,0.7448605298995972
1696958510681459200,5.902459228515625,-2.2221689224243164,-0.3379030227661133,0.998659074306488
1696958510691473000,5.912472900390625,2.113100051879883,0.3232858180999756,1.3433314561843872
1696958510701486300,5.922486328125,-0.5629215240478516,-0.09424841403961182,0.6714666485786438
1696958510711500000,5.9325,-1.2928504943847656,0.35647428035736084,1.0474066734313965
1696958510721513500,5.942513427734375,2.8107519149780273,0.16962134838104248,0.9139962196350098
1696958510731527200,5.952527099609375,-3.0829224586486816,-0.16897976398468018,0.5925763845443726
1696958510741540900,5.962540771484375,1.6596879959106445,0.3560175895690918,1.0627721548080444
1696958510751554300,5.97255419921875,0.45744991302490234,-0.10969555377960205,0.554282546043396
1696958510761568000,5.982568115234375,-1.704390525817871,0.2530803680419922,0.6433924436569214
1696958510771581400,5.99258154296875,2.195136070251465,-0.046546101570129395,0.7503962516784668
1696958510781595100,6.00259521484375,-2.1922593116760254,0.422857403755188,0.678507924079895
1696958510791608800,6.01260888671875,1.5404644012451172,0.0709843635559082,0.8912705779075623
1696958510801622300,6.022622314453125,-0.3886423110961914,0.10842442512512207,0.5786328315734863
1696958510811636000,6.032635986328125,0.7160558700561523,0.22910535335540771,0.5800310373306274
1696958510821649400,6.0426494140625,-0.6664648056030273,0.1391977071762085,0.8642958998680115
1696958510831663000,6.0526630859375,0.5394153594970703,0.17773783206939697,0.8904227018356323
1696958510841676800,6.0626767578125,-0.2597522735595703,0.3040508031845093,0.8586947321891785
1696958510851690200,6.072690185546875,0.21405792236328125,0.05439794063568115,0.8131517171859741
1696958510861704000,6.082703857421875,0.28524112701416016,0.316919207572937,0.5059583187103271
1696958510871717400,6.09271728515625,-0.9911613464355469,-0.0592120885848999,0.7133869528770447
1696958510881731000,6.10273095703125,0.850987434387207,0.3154885768890381,0.8160053491592407
1696958510891744800,6.112744873046875,-1.0766010284423828,-0.20047950744628906,0.9470281004905701
1696958510901758200,6.12275830078125,0.9328994750976562,0.3906717300415039,0.9346146583557129
1696958510911772000,6.13277197265625,-0.5742254257202148,0.11729991436004639,1.1607645750045776
1696958510921785300,6.142785400390625,-0.03788280487060547,0.12919354438781738,1.1238449811935425
1696958510931799000,6.152799072265625,0.5408868789672852,0.06363868713378906,0.8649015426635742
1696958510941812700,6.162812744140625,-0.9514789581298828,0.05820596218109131,0.9988795518875122
1696958510951826200,6.172826171875,1.0580940246582031,0.11054408550262451,0.8778384923934937
1696958510961839900,6.18283984375,-1.285904884338379,0.13604533672332764,0.8217042684555054
1696958510971853300,6.192853271484375,0.695530891418457,0.2619560956954956,1.2334797382354736
1696958510981867000,6.202866943359375,-0.022584915161132812,-0.11996805667877197,1.2302742004394531
1696958510991880700,6.212880615234375,-0.041741371154785156,0.2490633726119995,0.9307555556297302
1696958511001894100,6.22289404296875,0.5226106643676758,-0.05044293403625488,1.2199292182922363
1696958511011907800,6.232907958984375,-0.3961477279663086,0.3454270362854004,1.4411908388137817
1696958511021921300,6.24292138671875,1.7986259460449219,-0.12043547630310059,1.288871169090271
1696958511031935000,6.25293505859375,-1.1061897277832031,-0.18629777431488037,1.315037488937378
1696958511041948700,6.26294873046875,2.1796655654907227,0.22612249851226807,1.206554651260376
1696958511051962000,6.272962158203125,-1.16058349609375,-0.3023033142089844,1.1448336839675903
1696958511061975800,6.282975830078125,0.9735689163208008,0.2830801010131836,1.245026707649231
1696958511071989200,6.2929892578125,0.6183633804321289,-0.09193634986877441,1.0847121477127075
1696958511082003000,6.3030029296875,-1.0077486038208008,0.0112762451171875,1.2119500637054443
1696958511092016600,6.3130166015625,1.676091194152832,0.22912991046905518,1.0039832592010498
1696958511102030000,6.323030029296875,-1.5863466262817383,-0.23311853408813477,0.8888291120529175
1696958511112043800,6.333043701171875,0.7734527587890625,0.5528061389923096,1.2739741802215576
1696958511122057200,6.34305712890625,-0.06364631652832031,-0.040009498596191406,0.9322036504745483
1696958511132071000,6.35307080078125,-0.594080924987793,0.41495323181152344,0.8569911122322083
1696958511142084600,6.363084716796875,-0.40538978576660156,-0.30405282974243164,0.7829376459121704
1696958511152098000,6.37309814453125,-1.1927919387817383,0.8283179998397827,0.9181323647499084
1696958511162111700,6.38311181640625,0.35427188873291016,-0.18531465530395508,0.44236108660697937
1696958511172125200,6.393125244140625,-1.8923921585083008,0.6822483539581299,0.5549942851066589
1696958511182139000,6.403138916015625,0.8267488479614258,-0.18400847911834717,0.7406953573226929
1696958511192152600,6.413152587890625,-2.2045536041259766,0.7054731845855713,0.7359444499015808
1696958511202166000,6.423166015625,1.1982707977294922,-0.12375295162200928,0.5525898933410645
1696958511212179700,6.4331796875,-1.8146238327026367,0.3004593849182129,0.520779013633728
1696958511222193200,6.443193115234375,0.8556509017944336,0.35905885696411133,0.7890852689743042
1696958511232206800,6.453206787109375,-0.4311399459838867,-0.03992199897766113,0.3394298851490021
1696958511242221000,6.463220947265625,-1.052083969116211,0.22346746921539307,1.0690491199493408
1696958511252234800,6.47323486328125,1.2448816299438477,0.06242525577545166,0.8088260889053345
1696958511262248200,6.483248291015625,-1.5111379623413086,0.25013792514801025,0.9008015394210815
1696958511272261600,6.49326171875,2.5307445526123047,-0.22700858116149902,0.344183087348938
1696958511282275000,6.503275146484375,-2.4163990020751953,0.24161672592163086,1.3015457391738892
1696958511292288500,6.51328857421875,2.922060012817383,0.013940095901489258,1.1044492721557617
1696958511302302000,6.523302001953125,-1.069575309753418,-0.26802778244018555,0.46322953701019287
1696958511312315600,6.533315673828125,0.4565916061401367,0.41347479820251465,1.2152849435806274
1696958511322329000,6.5433291015625,0.8435850143432617,-0.20152318477630615,0.5386110544204712
1696958511332342500,6.553342529296875,-1.376413345336914,0.4422035217285156,0.9611291885375977
1696958511342356000,6.56335595703125,1.9248476028442383,-0.23966896533966064,1.1298129558563232
1696958511352369400,6.573369384765625,-1.2003192901611328,0.44196975231170654,0.864622950553894
1696958511362383000,6.583383056640625,0.8574724197387695,0.021485328674316406,1.162048578262329
1696958511372396500,6.593396484375,-1.0078744888305664,0.021878719329833984,0.9460241198539734
1696958511382410200,6.60341015625,0.23686504364013672,0.4063575267791748,1.1471563577651978
1696958511392423700,6.613423583984375,-0.8288173675537109,-0.33994293212890625,0.8636274337768555
1696958511402437400,6.623437255859375,-0.5833282470703125,0.4324326515197754,1.0923329591751099
1696958511412451000,6.633451171875,0.18795490264892578,-0.0017406940460205078,0.9709497094154358
1696958511422464800,6.64346484375,-1.6619701385498047,0.3611830472946167,1.0747339725494385
1696958511432478500,6.653478515625,1.0756187438964844,-0.13566839694976807,1.0817720890045166
1696958511442492000,6.663491943359375,-0.8860311508178711,0.3202601671218872,1.001137137413025
1696958511452505600,6.673505615234375,0.124267578125,0.1780862808227539,0.9730528593063354
1696958511462519300,6.683519287109375,0.1814746856689453,0.11907219886779785,1.2582340240478516
1696958511472533000,6.693532958984375,-0.010187149047851562,0.14300215244293213,0.9580679535865784
1696958511482546700,6.703546630859375,-1.4293756484985352,-0.03997302055358887,1.1144770383834839
1696958511492560400,6.713560302734375,1.680037498474121,0.5420387983322144,1.192426085472107
1696958511502574000,6.723573974609375,-0.7751283645629883,-0.4102088212966919,0.6151800155639648
1696958511512588000,6.733588134765625,-0.67822265625,0.37417352199554443,1.0496249198913574
1696958511522601700,6.743601806640625,1.5746421813964844,-0.10651159286499023,1.0701345205307007
1696958511532615400,6.753615478515625,-1.922663688659668,0.5096381902694702,1.441092610359192
1696958511542629000,6.763629150390625,1.9526119232177734,-0.23330223560333252,0.8873964548110962
1696958511552642600,6.773642578125,-2.281001567840576,0.19241929054260254,1.2276421785354614
1696958511562656300,6.78365625,1.6425056457519531,-0.001709580421447754,1.1524101495742798
1696958511572670000,6.793669921875,-1.4001359939575195,0.11123883724212646,1.0096670389175415
1696958511582683400,6.803683349609375,0.19379615783691406,0.4764518737792969,1.2943556308746338
1696958511592697000,6.813697021484375,-0.3461456298828125,-0.030678510665893555,1.2507848739624023
1696958511602710500,6.82371044921875,-0.2887077331542969,0.5103574991226196,0.9832489490509033
1696958511612724200,6.83372412109375,-0.7464714050292969,-0.46800851821899414,0.7383463978767395
1696958511622738000,6.843738037109375,-0.44423484802246094,0.7330961227416992,1.182940125465393
1696958511632751400,6.85375146484375,0.7994136810302734,-0.1337350606918335,0.9477025866508484
1696958511642765000,6.86376513671875,-1.4967899322509766,0.44225287437438965,1.3071736097335815
1696958511652778500,6.873778564453125,1.6460886001586914,-0.07489120960235596,1.3538601398468018
1696958511662792200,6.883792236328125,-1.7842741012573242,0.004455924034118652,1.3954837322235107
1696958511672806000,6.893805908203125,1.4878435134887695,0.3381226062774658,1.4214332103729248
1696958511682819300,6.9038193359375,-1.0530376434326172,-0.09636867046356201,0.9376068115234375
1696958511692833000,6.9138330078125,0.4632587432861328,0.25749921798706055,1.4112643003463745
1696958511702846500,6.923846435546875,1.0023260116577148,-0.15559852123260498,0.85268235206604
1696958511712860200,6.933860107421875,-1.954237937927246,0.37057316303253174,1.393036127090454
1696958511722873900,6.943873779296875,2.55169677734375,0.17940807342529297,0.9375697374343872
1696958511732887300,6.95388720703125,-2.2381649017333984,0.0717393159866333,1.1133716106414795
1696958511742901000,6.96390087890625,1.2402992248535156,0.21636557579040527,0.8376393914222717
1696958511752914400,6.97391455078125,-0.2915916442871094,-0.21314680576324463,0.5508474707603455
1696958511762928000,6.98392822265625,-1.0853614807128906,0.47024762630462646,1.2302374839782715
1696958511772941800,6.99394189453125,1.5266237258911133,-0.5532269477844238,0.7374937534332275
1696958511782955300,7.003955322265625,-2.5970654487609863,0.7319235801696777,0.9180973172187805
1696958511792969000,7.013968994140625,2.4265060424804688,-0.391221284866333,0.7939744591712952
1696958511802982400,7.023982421875,-2.711764335632324,0.4476226568222046,0.7342972755432129
1696958511812996000,7.03399609375,1.1599235534667969,-0.04056549072265625,1.2011793851852417
1696958511823009800,7.044009765625,-1.0980653762817383,-0.24099290370941162,0.7587714791297913
1696958511833023200,7.054023193359375,-0.5945472717285156,0.3697293996810913,0.9454230666160583
1696958511843037000,7.064036865234375,1.7344980239868164,-0.6315881013870239,0.8385559320449829
1696958511853050400,7.07405029296875,-2.724015235900879,0.6904128789901733,0.9910021424293518
1696958511863064000,7.08406396484375,2.997814178466797,-0.26216769218444824,1.4162178039550781
1696958511873077800,7.094077880859375,-2.208709716796875,0.30808305740356445,1.153806209564209
1696958511883091200,7.10409130859375,1.8627471923828125,-0.02913951873779297,1.1597553491592407
1696958511893105000,7.11410498046875,-0.7793493270874023,0.22936809062957764,1.1351126432418823
1696958511903118300,7.124118408203125,0.4260263442993164,-0.01280832290649414,1.4118725061416626
1696958511913132000,7.134132080078125,0.7645854949951172,0.018024086952209473,1.0080187320709229
1696958511923145700,7.144145751953125,-0.5424823760986328,0.3469456434249878,1.4893282651901245
1696958511933159200,7.1541591796875,1.1171236038208008,-0.03599202632904053,1.1522514820098877
1696958511943172900,7.1641728515625,-1.2228002548217773,0.34334444999694824,1.286213994026184
1696958511953186300,7.174186279296875,0.29964351654052734,-0.2284635305404663,1.6046898365020752
1696958511963200000,7.184199951171875,-0.33209228515625,0.21773052215576172,1.3736655712127686
1696958511973213700,7.194213623046875,0.1177053451538086,-0.3208341598510742,1.5091750621795654
1696958511983227100,7.20422705078125,-0.21731281280517578,0.4221916198730469,1.545113205909729
1696958511993240800,7.21424072265625,-0.36516475677490234,-0.05486857891082764,1.5711175203323364
1696958512003254300,7.224254150390625,0.3045005798339844,0.32989025115966797,1.5217854976654053
1696958512013268000,7.23426806640625,-0.6760997772216797,-0.35804927349090576,1.2050038576126099
1696958512023281700,7.24428173828125,-0.7033662796020508,0.5053585767745972,1.4302854537963867
1696958512033295000,7.254295166015625,0.5787630081176758,-0.0902554988861084,1.190126895904541
1696958512043308800,7.264308837890625,-1.2052669525146484,-0.1089334487915039,1.4255311489105225
1696958512053322200,7.274322265625,1.1292762756347656,0.11127126216888428,1.517390489578247
1696958512063336000,7.2843359375,-0.9140415191650391,0.19586670398712158,1.2144509553909302
1696958512073349600,7.294349609375,0.7839803695678711,0.32127976417541504,1.2874317169189453
1696958512083363000,7.304363037109375,-0.3074026107788086,-0.5270766019821167,1.2730599641799927
1696958512093376800,7.314376708984375,-0.27856922149658203,0.7360764741897583,1.5458775758743286
1696958512103390200,7.32439013671875,0.8832206726074219,-0.2824612855911255,1.1461971998214722
1696958512113404000,7.33440380859375,-1.1407480239868164,0.3893554210662842,1.2003363370895386
1696958512123417600,7.34441748046875,0.8066835403442383,-0.3345186710357666,1.0767738819122314
1696958512133431000,7.35443115234375,-1.967176914215088,0.0727086067199707,1.1043269634246826
1696958512143444700,7.36444482421875,1.6307554244995117,0.3559070825576782,1.0552020072937012
1696958512153458200,7.374458251953125,-0.8008260726928711,-0.378171443939209,0.8506966829299927
1696958512163472000,7.384471923828125,-0.1639404296875,0.08276653289794922,1.1668967008590698
1696958512173485600,7.394485595703125,0.6154890060424805,-0.02323770523071289,0.8906270265579224
1696958512183499000,7.4044990234375,-1.063772201538086,-0.0016107559204101562,0.8119734525680542
1696958512193512700,7.4145126953125,0.5682277679443359,-0.26677465438842773,1.1816095113754272
1696958512203526100,7.424526123046875,-0.5131702423095703,-0.042171478271484375,1.1655418872833252
1696958512213539800,7.434539794921875,0.9929542541503906,0.019697070121765137,0.8804634213447571
1696958512223553500,7.444553466796875,-0.3185443878173828,-0.2754560708999634,1.070797324180603
1696958512233567000,7.45456689453125,0.40815162658691406,0.2457658052444458,1.3612616062164307
1696958512243580700,7.46458056640625,-0.01783466339111328,-0.1405576467514038,0.7892084121704102
1696958512253594000,7.474593994140625,-1.1459569931030273,0.09223270416259766,1.2562631368637085
1696958512263607800,7.48460791015625,1.4950218200683594,-0.2149667739868164,1.2978436946868896
1696958512273621500,7.49462158203125,-2.068875789642334,-0.043921828269958496,0.9320040345191956
1696958512283635000,7.504635009765625,1.6539134979248047,0.06020462512969971,1.0046048164367676
1696958512293648600,7.514648681640625,-0.8059978485107422,-0.3513355255126953,1.1322132349014282
1696958512303662000,7.524662109375,0.8394651412963867,0.17014682292938232,0.9600263237953186
1696958512313675800,7.53467578125,-0.5718564987182617,-0.595105767250061,0.9744288921356201
1696958512323689500,7.544689453125,-0.5660314559936523,0.2941257953643799,1.6125952005386353
1696958512333703000,7.554702880859375,1.9254474639892578,-0.25847768783569336,1.3695318698883057
1696958512343716600,7.564716552734375,-2.466148853302002,-0.10719919204711914,1.3774175643920898
1696958512353730000,7.57472998046875,2.868006706237793,0.22227418422698975,1.2824794054031372
1696958512363743700,7.58474365234375,-2.1179165840148926,-0.1826387643814087,1.2503513097763062
1696958512373757400,7.59475732421875,1.5566825866699219,-0.016721725463867188,1.4148917198181152
1696958512383771000,7.60477099609375,-0.787938117980957,-0.46021103858947754,1.2260886430740356
1696958512393784600,7.61478466796875,-0.5858545303344727,0.2776973247528076,1.987208366394043
1696958512403798000,7.624798095703125,2.0443601608276367,-0.1616675853729248,1.3329020738601685
1696958512413811700,7.634811767578125,-3.8912062644958496,-0.3063300848007202,1.5221209526062012
1696958512423825400,7.644825439453125,3.2480039596557617,-0.0275191068649292,1.7711918354034424
1696958512433838800,7.6548388671875,-2.173851490020752,-0.11144161224365234,0.963774561882019
1696958512443852500,7.6648525390625,0.043445587158203125,-0.16650044918060303,1.3276846408843994
1696958512453866000,7.674865966796875,0.7605686187744141,-0.04084765911102295,1.2386723756790161
1696958512463879700,7.684879638671875,-2.037229061126709,-0.24931800365447998,1.2011460065841675
1696958512473893400,7.694893310546875,0.6246089935302734,-0.1408296823501587,1.2912311553955078
1696958512483906800,7.70490673828125,-1.3648576736450195,0.020801305770874023,1.3642628192901611
1696958512493920500,7.71492041015625,-0.21979713439941406,0.015663862228393555,1.498468041419983
1696958512503934000,7.724933837890625,0.9609851837158203,-0.1125633716583252,1.0403965711593628
1696958512513947600,7.73494775390625,-2.2242517471313477,-0.14498686790466309,1.020066499710083
1696958512523961300,7.74496142578125,1.2978944778442383,-0.5832687616348267,1.3162875175476074
1696958512533974800,7.754974853515625,0.5779180526733398,-0.20540893077850342,1.2043044567108154
1696958512543988500,7.764988525390625,-1.0248050689697266,-0.6561005115509033,1.2194781303405762
1696958512554002000,7.775001953125,1.9114799499511719,0.08573043346405029,1.5976152420043945
1696958512564015600,7.785015625,1.5579833984375,-0.04497814178466797,1.4517862796783447
1696958512574029300,7.795029296875,-1.6911563873291016,-0.8981493711471558,1.1838425397872925
1696958512584042800,7.805042724609375,2.909830093383789,-0.31799793243408203,1.190902829170227
1696958512594056400,7.815056396484375,-0.934290885925293,-0.29445695877075195,0.9220208525657654
1696958512604070000,7.82506982421875,-0.40225696563720703,-0.6362859010696411,1.522953748703003
1696958512614083600,7.83508349609375,3.445906639099121,-0.43120312690734863,0.830245852470398
1696958512624097300,7.84509716796875,-3.7017688751220703,0.032807230949401855,1.0857514142990112
1696958512634110700,7.85511083984375,2.084092140197754,-0.6940447092056274,1.2982985973358154
1696958512644124400,7.86512451171875,0.3069734573364258,-0.4439356327056885,1.097296953201294
1696958512654137900,7.875137939453125,-1.6821794509887695,-0.3435314893722534,1.2128020524978638
1696958512664151600,7.885151611328125,1.82501220703125,-0.578048586845398,1.4089224338531494
1696958512674165200,7.895165283203125,-0.3105144500732422,0.0412980318069458,1.526291012763977
1696958512684178700,7.9051787109375,-1.1221389770507812,-0.5327519178390503,1.3280763626098633
1696958512694192400,7.9151923828125,-0.2544584274291992,-0.2251284122467041,1.6437480449676514
1696958512704205800,7.925205810546875,1.2231712341308594,-0.10785853862762451,1.2545557022094727
1696958512714219500,7.935219482421875,-3.133167266845703,-0.7129199504852295,1.1992623805999756
1696958512724233200,7.945233154296875,1.6386919021606445,-0.46772313117980957,1.5303958654403687
1696958512734246700,7.95524658203125,-0.35259151458740234,-0.19256353378295898,1.1816133260726929
1696958512744260400,7.96526025390625,-3.181149959564209,0.011361241340637207,1.2148877382278442
1696958512754273800,7.975273681640625,2.40830135345459,-0.41711926460266113,1.6878924369812012
1696958512764287500,7.98528759765625,-1.3343000411987305,-0.048595309257507324,1.0599372386932373
1696958512774301200,7.99530126953125,-1.8619098663330078,-0.09687590599060059,1.2715294361114502
1696958512784314600,8.005314697265625,2.065919876098633,-0.33850252628326416,1.3664450645446777
1696958512794328300,8.015328369140626,-1.5660734176635742,-0.6518124341964722,1.578141450881958
1696958512804341800,8.025341796875,-1.132741928100586,-0.04264092445373535,1.1276599168777466
1696958512814355500,8.03535546875,0.6429462432861328,-0.09470260143280029,1.5836594104766846
1696958512824369200,8.045369140625,0.4833974838256836,-0.04024958610534668,1.4717838764190674
1696958512834382600,8.055382568359375,-0.6172046661376953,-0.8705514669418335,0.994828462600708
1696958512844396300,8.065396240234374,-0.3866920471191406,-0.396633505821228,1.4092274904251099
1696958512854409700,8.07540966796875,1.5113239288330078,-0.5525387525558472,1.1387439966201782
1696958512864423400,8.08542333984375,-2.2581896781921387,-0.04998469352722168,1.1154438257217407
1696958512874437000,8.09543701171875,1.1778888702392578,-0.7501226663589478,1.440269112586975
1696958512884450600,8.105450439453126,0.1333761215209961,-0.16347503662109375,1.3509109020233154
1696958512894464300,8.11546435546875,1.2459278106689453,-0.15736889839172363,1.29770028591156
1696958512904477700,8.125477783203126,-0.7642440795898438,-0.670531153678894,0.8949600458145142
1696958512914491400,8.135491455078125,1.2057580947875977,-0.06883013248443604,1.3558590412139893
1696958512924505000,8.145505126953125,0.6344842910766602,-0.5320212841033936,1.0413014888763428
1696958512934518500,8.1555185546875,-2.2686171531677246,-0.33332371711730957,1.2089179754257202
1696958512944532200,8.1655322265625,3.7438182830810547,-0.38803136348724365,1.0771957635879517
1696958512954545700,8.175545654296876,-2.1719837188720703,-0.27984774112701416,0.8991744518280029
1696958512964559400,8.185559326171875,1.1300764083862305,-0.41070592403411865,1.0290113687515259
1696958512974573000,8.195572998046876,0.38661956787109375,-0.4691464900970459,0.8080800175666809
1696958512984586500,8.20558642578125,-0.06375694274902344,-0.5518255233764648,1.190321922302246
1696958512994600200,8.21560009765625,-1.072134017944336,-0.1578594446182251,0.9288176894187927
1696958513004613600,8.225613525390624,1.051889419555664,-0.7989270687103271,0.9411395788192749
1696958513014627300,8.23562744140625,0.28009033203125,0.14233314990997314,1.1252341270446777
1696958513024641000,8.24564111328125,-0.6718873977661133,-0.4582102298736572,0.8136806488037109
1696958513034654500,8.255654541015625,0.1084909439086914,-0.5174599885940552,0.7964271903038025
1696958513044668200,8.265668212890626,0.7487411499023438,-0.4455357789993286,1.0084989070892334
1696958513054681600,8.275681640625,-1.4801130294799805,-0.6883732080459595,0.44217386841773987
1696958513064695300,8.2856953125,-0.14805221557617188,-0.43641698360443115,0.8330572843551636
1696958513074709000,8.295708984375,1.9696435928344727,-0.2697606086730957,1.1059447526931763
1696958513084722400,8.305722412109375,-1.322784423828125,-0.7885616421699524,0.8998026847839355
1696958513094736100,8.315736083984374,0.4244861602783203,-0.5105154514312744,1.5836665630340576
1696958513104749600,8.32574951171875,2.7942590713500977,0.05957901477813721,1.677851915359497
1696958513114763300,8.33576318359375,-1.709320068359375,-0.33562374114990234,1.4794927835464478
1696958513124777000,8.34577685546875,0.6840009689331055,-0.5608465671539307,1.7749539613723755
1696958513134790400,8.355790283203126,0.8547067642211914,-0.26816344261169434,1.5060102939605713
1696958513144804000,8.36580419921875,0.0497589111328125,0.03837287425994873,1.5427963733673096
1696958513154817500,8.375817626953125,-0.12715435028076172,-0.39879512786865234,0.950371503829956
1696958513164831200,8.385831298828125,-0.2942314147949219,-0.31564199924468994,1.560852289199829
1696958513174845000,8.395844970703125,1.116495132446289,-0.29833805561065674,1.4750769138336182
1696958513184858400,8.4058583984375,-2.8574867248535156,-0.2704737186431885,1.4919192790985107
1696958513194872000,8.4158720703125,1.1013317108154297,-0.5863924026489258,1.7424626350402832
1696958513204885500,8.425885498046876,-0.0049190521240234375,-0.35066545009613037,1.7126765251159668
1696958513214899200,8.435899169921875,-1.2190179824829102,-0.3577028512954712,1.238027572631836
1696958513224913000,8.445912841796876,1.0012435913085938,-0.40858304500579834,1.4463841915130615
1696958513234926300,8.45592626953125,-0.43947410583496094,-0.2908066511154175,1.3204398155212402
1696958513244940000,8.46593994140625,-0.6871404647827148,-0.5176137685775757,1.2666690349578857
1696958513254953500,8.475953369140624,-0.10236263275146484,-0.5412927865982056,1.2865946292877197
1696958513264967200,8.48596728515625,1.197641372680664,-0.4676622152328491,0.9707624316215515
1696958513274980900,8.49598095703125,-1.2708730697631836,-0.48467791080474854,0.652774453163147
1696958513284994300,8.505994384765625,0.4666118621826172,-0.460135817527771,1.009279727935791
1696958513295008000,8.516008056640626,2.095534324645996,-0.21498870849609375,0.9225902557373047
1696958513305021400,8.526021484375,-2.1436004638671875,-0.6461309194564819,0.6532145738601685
1696958513315035100,8.53603515625,1.3930673599243164,-0.6032354831695557,1.187484860420227
1696958513325048800,8.546048828125,1.3471717834472656,-0.38757455348968506,1.0186103582382202
1696958513335062300,8.556062255859375,-1.461080551147461,-0.3694084882736206,1.2105343341827393
1696958513345076000,8.566075927734374,1.5864887237548828,-0.5441588163375854,0.7502443790435791
1696958513355089400,8.57608935546875,0.8807106018066406,-0.0849463939666748,1.228714942932129
1696958513365103000,8.58610302734375,0.11891555786132812,-0.25893354415893555,0.7038452625274658
1696958513375116800,8.59611669921875,-0.6650447845458984,-0.9719080924987793,0.7864746451377869
1696958513385130200,8.606130126953126,1.8459110260009766,-0.5949753522872925,1.473136305809021
1696958513395144000,8.61614404296875,0.15499496459960938,-0.4134417772293091,1.2508540153503418
1696958513405157400,8.626157470703125,-0.9157247543334961,-0.4285203218460083,1.153656005859375
1696958513415171000,8.636171142578124,2.441652297973633,-0.1680772304534912,1.4572434425354004
1696958513425184800,8.646184814453125,-0.5217533111572266,-0.4956505298614502,1.1572297811508179
1696958513435198200,8.6561982421875,-0.8740139007568359,-0.8831895589828491,0.7521765232086182
1696958513445212000,8.6662119140625,1.417740821838379,-0.8045649528503418,1.0267775058746338
1696958513455225300,8.676225341796876,-0.08071041107177734,-0.15543746948242188,1.2614893913269043
1696958513465239000,8.686239013671875,-0.9116878509521484,-0.09179949760437012,0.8446410894393921
1696958513475252700,8.696252685546876,1.4996004104614258,-0.46323084831237793,1.803828477859497
1696958513485266200,8.70626611328125,0.622166633605957,-0.7084516286849976,1.4979119300842285
1696958513495279900,8.71627978515625,-2.1458353996276855,-0.07165229320526123,0.8885698318481445
1696958513505293300,8.726293212890624,0.5597925186157227,-0.8803379535675049,1.1970568895339966
1696958513515307000,8.73630712890625,0.5929183959960938,0.22125113010406494,1.457507610321045
1696958513525320700,8.74632080078125,-1.5538387298583984,-0.86762535572052,1.250536322593689
1696958513535334100,8.756334228515625,-0.19722843170166016,-0.08494603633880615,1.3513989448547363
1696958513545347800,8.766347900390626,1.036890983581543,-0.2716587781906128,1.9255517721176147
1696958513555361300,8.776361328125,-1.2159881591796875,0.07236289978027344,1.018893837928772
1696958513565375000,8.786375,-0.27620887756347656,-0.5258655548095703,1.5809637308120728
1696958513575388700,8.796388671875,0.9340963363647461,-0.4535505771636963,1.4183558225631714
1696958513585402000,8.806402099609375,-1.6961307525634766,-0.51917564868927,1.462791085243225
1696958513595415800,8.816415771484374,0.40590667724609375,-0.3219120502471924,0.8147367238998413
1696958513605429200,8.82642919921875,0.721003532409668,-0.0790104866027832,1.4075291156768799
1696958513615443000,8.83644287109375,-0.4179811477661133,-0.43864548206329346,1.445544719696045
1696958513625456600,8.84645654296875,-0.40720272064208984,-0.7706079483032227,1.267474889755249
1696958513635470000,8.856469970703126,0.5448741912841797,-0.08642327785491943,1.1096537113189697
1696958513645483800,8.86648388671875,-0.11547088623046875,-0.5592761039733887,1.3380119800567627
1696958513655497200,8.876497314453125,-1.223994255065918,0.06373703479766846,1.4651707410812378
1696958513665511000,8.886510986328124,0.9582939147949219,-0.2584801912307739,1.5734363794326782
1696958513675524600,8.896524658203125,-0.6306304931640625,-0.1399778127670288,1.123611569404602
1696958513685538000,8.9065380859375,-0.7868013381958008,-0.8096647262573242,0.8822290897369385
1696958513695551700,8.9165517578125,-0.12069892883300781,-0.2431633472442627,1.4368317127227783
1696958513705565200,8.926565185546876,0.668126106262207,-0.6119269132614136,1.0901457071304321
1696958513715579000,8.936578857421875,-2.2294321060180664,-0.24939429759979248,0.8705971240997314
1696958513725592600,8.946592529296876,1.297708511352539,-0.6562786102294922,1.5366500616073608
1696958513735606000,8.95660595703125,0.2100067138671875,-0.018739938735961914,1.3807255029678345
1696958513745619700,8.96661962890625,-0.7084255218505859,-0.8100382089614868,1.1083868741989136
1696958513755633200,8.976633056640624,0.569148063659668,-0.5648268461227417,1.032743215560913
1696958513765646800,8.986646728515625,0.3671092987060547,-0.21123111248016357,1.5631580352783203
1696958513775660500,8.99666064453125,-0.4559602737426758,-0.2066349983215332,0.726720929145813
1696958513785674000,9.006674072265625,-0.3260784149169922,-0.5637005567550659,1.0660128593444824
1696958513795687700,9.016687744140626,1.1657609939575195,0.10055327415466309,1.2803030014038086
1696958513805701000,9.026701171875,-1.6089935302734375,-0.7898803949356079,0.9205644130706787
1696958513815714800,9.03671484375,0.37772178649902344,-0.034763216972351074,0.4825853705406189
1696958513825728500,9.046728515625,0.31488609313964844,-0.47323036193847656,0.751888632774353
1696958513835742000,9.056741943359375,-0.7756462097167969,-0.19902145862579346,0.6185619831085205
1696958513845755600,9.066755615234374,-0.16236209869384766,-0.943220853805542,0.16845636069774628
1696958513855769000,9.07676904296875,-0.17156028747558594,-0.028388023376464844,0.13789191842079163
1696958513865782800,9.08678271484375,0.4357328414916992,-0.06701028347015381,-0.1873636692762375
1696958513875796500,9.09679638671875,-1.3288536071777344,-0.5345962047576904,0.6487492918968201
1696958513885810000,9.106809814453126,1.9953546524047852,-0.8077034950256348,0.6065893173217773
1696958513895823600,9.11682373046875,-0.6663579940795898,0.05087411403656006,0.37768030166625977
1696958513905837000,9.126837158203125,-0.46446704864501953,-0.14178466796875,0.09833556413650513
1696958513915850800,9.136850830078124,0.8364315032958984,-0.45686256885528564,0.49626779556274414
1696958513925864400,9.146864501953125,0.4089794158935547,-0.4319193363189697,0.4251699447631836
1696958513935878000,9.1568779296875,-1.2983675003051758,-0.5498799085617065,-0.03650027513504028
1696958513945891600,9.1668916015625,1.7294607162475586,0.11932528018951416,0.2543776035308838
1696958513955905000,9.176905029296876,0.9369697570800781,-0.5252358913421631,0.13394948840141296
1696958513965918700,9.186918701171875,-3.0610122680664062,-0.33912789821624756,-0.0368880033493042
1696958513975932400,9.196932373046875,2.016561508178711,-0.5499422550201416,0.2582056522369385
1696958513985945900,9.20694580078125,-0.5735759735107422,-0.11668002605438232,0.1630731225013733
1696958513995959600,9.21695947265625,-0.5057859420776367,-0.16477715969085693,0.1750211864709854
1696958514005973000,9.226972900390624,0.4556446075439453,-0.19572114944458008,-0.00362454354763031
1696958514015986700,9.236986572265625,-0.558772087097168,-0.5000970363616943,0.5372644066810608
1696958514026000400,9.24700048828125,-0.5913724899291992,0.1452343463897705,0.05426377058029175
1696958514036013800,9.257013916015625,-0.15552330017089844,-0.5781363248825073,0.17045964300632477
1696958514046027500,9.267027587890626,-0.3084077835083008,0.17172765731811523,0.8109230399131775
1696958514056041000,9.277041015625,-0.20788288116455078,-0.4222373962402344,-0.04730190336704254
1696958514066054700,9.2870546875,-0.6047420501708984,-0.37743592262268066,-0.08037824928760529
1696958514076068400,9.297068359375,1.322300910949707,-0.20130527019500732,0.3425130546092987
1696958514086081800,9.307081787109375,-1.4484796524047852,-0.5178345441818237,0.11734168231487274
1696958514096095500,9.317095458984374,0.26515960693359375,-0.695605993270874,0.3813461661338806
1696958514106109000,9.32710888671875,0.5366840362548828,-0.45372653007507324,0.5096091032028198
1696958514116122600,9.33712255859375,-0.5978755950927734,-0.02667868137359619,0.6084674596786499
1696958514126136300,9.34713623046875,0.7699184417724609,-0.6729608774185181,0.5167772769927979
1696958514136149800,9.357149658203125,0.050693511962890625,-0.17057371139526367,0.6709882616996765
1696958514146163500,9.36716357421875,0.6859073638916016,-0.06784343719482422,0.22314156591892242
1696958514156177000,9.377177001953125,-1.323415756225586,-0.42695069313049316,0.6002411842346191
1696958514166190600,9.387190673828124,1.680607795715332,-0.6084669828414917,1.0759869813919067
1696958514176204300,9.397204345703125,0.1804971694946289,-0.5732055902481079,0.31720495223999023
1696958514186217700,9.4072177734375,-2.4152488708496094,-0.09566366672515869,0.7977688312530518
1696958514196231400,9.4172314453125,4.309210777282715,-0.303983211517334,0.827252209186554
1696958514206244900,9.427244873046876,-1.555063247680664,-0.14741075038909912,0.7759242057800293
1696958514216258600,9.437258544921875,0.8944807052612305,-0.5811284780502319,0.5242525339126587
1696958514226272300,9.447272216796875,0.3382539749145508,-0.7562307715415955,0.41155052185058594
1696958514236285700,9.45728564453125,0.7049894332885742,-0.10971522331237793,0.9321271181106567
1696958514246299400,9.46729931640625,-0.2046499252319336,-0.5463353395462036,0.70643150806427
1696958514256312800,9.477312744140624,-0.4195995330810547,-0.5228772163391113,0.2710539698600769
1696958514266326500,9.487326416015625,1.8659553527832031,0.47128844261169434,1.4057241678237915
1696958514276340200,9.49734033203125,-0.4086942672729492,-0.5159389972686768,0.32255998253822327
1696958514286353700,9.507353759765625,-1.344609260559082,-0.9234810471534729,1.1980719566345215
1696958514296367400,9.517367431640626,3.1795969009399414,0.3305819034576416,1.1361932754516602
1696958514306380800,9.527380859375,-3.2842154502868652,-0.43105340003967285,0.6233746409416199
1696958514316394500,9.53739453125,2.070744514465332,-0.23570072650909424,0.5709353685379028
1696958514326408200,9.547408203125,0.28870677947998047,-0.6078857183456421,0.4163799285888672
1696958514336421600,9.557421630859375,-1.805605411529541,-0.311084508895874,0.2472762167453766
1696958514346435300,9.567435302734374,1.510848045349121,-0.536880612373352,-0.05920245498418808
1696958514356448800,9.57744873046875,-1.570143699645996,-0.4916750192642212,0.43072617053985596
1696958514366462500,9.58746240234375,0.8136014938354492,-0.6185145378112793,0.24399778246879578
1696958514376476200,9.59747607421875,-1.6204328536987305,-0.34932613372802734,0.053498826920986176
1696958514386489600,9.607489501953125,1.3130102157592773,-0.09857833385467529,0.6627050638198853
1696958514396503300,9.61750341796875,0.6652889251708984,-0.38702476024627686,0.46557825803756714
1696958514406517000,9.62751708984375,-1.7161827087402344,-0.6401578187942505,0.5951375365257263
1696958514416530400,9.637530517578124,2.426730155944824,-0.1470487117767334,0.43101274967193604
1696958514426544000,9.647544189453125,-1.1914491653442383,0.276472806930542,0.8182977437973022
1696958514436557600,9.6575576171875,0.8041706085205078,-0.43003833293914795,0.37463608384132385
1696958514446571300,9.6675712890625,-0.9941568374633789,-0.11927080154418945,0.669130265712738
1696958514456585000,9.6775849609375,1.9711151123046875,0.016407251358032227,0.954947829246521
1696958514466598400,9.687598388671875,-1.4883432388305664,-0.6498775482177734,0.24645045399665833
1696958514476612000,9.697612060546875,0.28322792053222656,0.3922231197357178,1.0721971988677979
1696958514486625500,9.70762548828125,1.1242094039916992,-0.5851153135299683,0.38042640686035156
1696958514496639200,9.71763916015625,-2.959773540496826,-0.39786386489868164,0.6030707359313965
1696958514506653000,9.72765283203125,2.3712310791015625,-0.6872276067733765,0.8739434480667114
1696958514516666400,9.737666259765625,-2.728364944458008,-0.06671857833862305,0.1716807782649994
1696958514526680000,9.74768017578125,1.0294256210327148,0.20132231712341309,0.5702415108680725
1696958514536693500,9.757693603515625,0.6404628753662109,-0.36036646366119385,0.6832302212715149
1696958514546707200,9.767707275390626,-1.6838665008544922,-0.5300208330154419,0.6555668115615845
1696958514556721000,9.777720947265625,0.891606330871582,-0.23443973064422607,0.10479307919740677
1696958514566734300,9.787734375,-2.2118539810180664,-0.7764315009117126,0.7310676574707031
1696958514576748000,9.797748046875,2.2666330337524414,0.07266056537628174,0.6075113415718079
1696958514586761500,9.807761474609375,-0.9975700378417969,-0.5266190767288208,0.5098111033439636
1696958514596775200,9.817775146484376,0.7250204086303711,-0.4264712333679199,0.769037663936615
1696958514606788900,9.827788818359375,1.249558448791504,-0.19288158416748047,0.3846032917499542
1696958514616802600,9.837802490234376,-0.8464899063110352,0.09250342845916748,0.7935500741004944
1696958514626816300,9.847816162109375,0.4461174011230469,-0.9704042077064514,0.9326500296592712
1696958514636829700,9.85782958984375,0.6269321441650391,-0.6512129306793213,0.6817218661308289
1696958514646843400,9.867843505859375,1.648451805114746,0.1403125524520874,0.469327837228775
1696958514656857000,9.877857177734375,-1.423110008239746,0.038375258445739746,0.8083018660545349
1696958514666870800,9.887870849609374,1.6196908950805664,-0.5483845472335815,0.7971594333648682
1696958514676884500,9.897884521484375,0.44576454162597656,-0.7614368200302124,0.7933394312858582
1696958514686898000,9.90789794921875,-1.3999042510986328,0.5535634756088257,0.45164379477500916
1696958514696911600,9.91791162109375,0.8834438323974609,-0.6983445882797241,0.4348655343055725
1696958514706925300,9.92792529296875,0.4516162872314453,-0.28486084938049316,0.8656352758407593
1696958514716939000,9.93793896484375,-0.007678985595703125,-0.2755124568939209,0.4938926100730896
1696958514726952700,9.94795263671875,-1.1640071868896484,-0.01363670825958252,-0.08348097652196884
1696958514736966100,9.957966064453124,2.3950462341308594,-0.3676435947418213,0.14238348603248596
1696958514746979800,9.967979736328125,-2.828557014465332,-1.043859839439392,1.026558518409729
1696958514756993500,9.97799365234375,0.3658628463745117,-0.5810319185256958,-0.02159281075000763
1696958514767007200,9.98800732421875,1.3886346817016602,0.21029484272003174,0.24293066561222076
1696958514777021000,9.99802099609375,-0.6640052795410156,0.3836914300918579,0.6145341396331787
1696958514787034400,10.008034423828125,-0.09849166870117188,-1.0695825815200806,1.0151028633117676
1696958514797048000,10.018048095703126,1.4511384963989258,-0.17692434787750244,0.5534563660621643
1696958514807061800,10.028061767578125,-1.098968505859375,-0.08176517486572266,-0.41733789443969727
1696958514817075500,10.038075439453126,-1.0767669677734375,-0.3946213722229004,-0.03777951002120972
1696958514827089200,10.048089111328125,1.688685417175293,-0.07225048542022705,0.4627718925476074
1696958514837102600,10.0581025390625,-1.3349647521972656,-0.41309309005737305,0.09059558808803558
1696958514847116300,10.0681162109375,-0.39493274688720703,0.37701916694641113,0.09004901349544525
1696958514857130000,10.0781298828125,2.3639793395996094,-0.34833765029907227,0.9091014862060547
1696958514867143700,10.088143798828124,-1.10101318359375,0.15266990661621094,1.0713130235671997
1696958514877157000,10.0981572265625,-0.7926998138427734,-0.6095538139343262,0.9420772194862366
1696958514887170800,10.1081708984375,1.0449304580688477,0.008941054344177246,1.4842134714126587
1696958514897184300,10.118184326171875,-0.08983993530273438,-0.6732627153396606,1.507550597190857
1696958514907198000,10.128197998046875,-0.9736080169677734,-0.30063509941101074,0.22344186902046204
1696958514917211600,10.138211669921875,0.7875738143920898,-0.506456732749939,-0.008806899189949036
1696958514927225000,10.14822509765625,-0.4945964813232422,-0.007364034652709961,0.06306073069572449
1696958514937238800,10.15823876953125,-0.7896146774291992,-0.002478480339050293,-0.016365841031074524
1696958514947252200,10.168252197265625,-0.902134895324707,-0.5767985582351685,0.6429425477981567
1696958514957266000,10.178265869140626,1.7333993911743164,-0.8327293395996094,1.4801517724990845
1696958514967279600,10.188279541015625,-0.6932458877563477,-0.13804864883422852,0.42929497361183167
1696958514977293000,10.19829296875,-0.7396736145019531,-0.1572861671447754,0.841891348361969
1696958514987306800,10.208306640625,2.7129364013671875,-0.14500463008880615,1.1962988376617432
1696958514997320200,10.2183203125,-1.7043657302856445,-0.8401305675506592,1.1954026222229004
1696958515007334000,10.228333984375,-0.08044815063476562,0.15443694591522217,0.7109513282775879
1696958515017347600,10.23834765625,2.03216552734375,-0.2721043825149536,0.9097145795822144
1696958515027361000,10.248361083984374,-0.548248291015625,0.0738300085067749,0.7216814756393433
1696958515037374700,10.258374755859375,-0.3274393081665039,-0.6062240600585938,0.919370174407959
1696958515047388200,10.26838818359375,1.0928163528442383,-0.5152846574783325,0.8296875953674316
1696958515057401900,10.27840185546875,0.1345081329345703,-0.7303094863891602,0.7436855435371399
1696958515067415600,10.28841552734375,0.0816192626953125,-0.41850340366363525,0.25683873891830444
1696958515077429000,10.298428955078125,0.826970100402832,-0.13076794147491455,0.8763932585716248
1696958515087442700,10.308442626953125,1.6472625732421875,-0.47299134731292725,0.7934948801994324
1696958515097456000,10.3184560546875,-1.9741215705871582,-0.44597578048706055,1.2615665197372437
1696958515107469800,10.3284697265625,2.522787094116211,-0.8837840557098389,0.9976329803466797
1696958515117483500,10.3384833984375,-1.1622133255004883,0.04113030433654785,0.45459797978401184
1696958515127497000,10.3484970703125,-0.7577590942382812,-0.7289491891860962,0.4994623064994812
1696958515137510700,10.3585107421875,0.6257171630859375,-0.7078802585601807,0.5261877179145813
1696958515147524000,10.368524169921875,0.3094806671142578,-0.5824404954910278,0.2538917064666748
1696958515157537800,10.378537841796875,-1.7932486534118652,-0.14748620986938477,-0.42698904871940613
1696958515167551500,10.388551513671874,-0.4073762893676758,0.39211857318878174,0.7052791118621826
1696958515177565000,10.39856494140625,2.490525245666504,-0.7667980194091797,0.8017369508743286
1696958515187578600,10.40857861328125,-4.176632881164551,-0.045088768005371094,0.2017090618610382
1696958515197592000,10.418592041015625,2.0555849075317383,-0.07397651672363281,0.4416663944721222
1696958515207605800,10.428605712890626,-0.6435470581054688,0.11165213584899902,0.1184927225112915
1696958515217619500,10.438619384765625,-1.1582717895507812,-0.1431635618209839,0.11026901006698608
1696958515227633000,10.4486328125,0.5989103317260742,-0.40370285511016846,0.6292667388916016
1696958515237646600,10.458646484375,-0.4012031555175781,0.3427772521972656,1.190345287322998
1696958515247660000,10.468659912109375,0.3932514190673828,-0.36147093772888184,1.1959189176559448
1696958515257673700,10.478673828125,-1.0892000198364258,-0.38962459564208984,1.05536687374115
1696958515267687400,10.4886875,1.3505706787109375,-0.5542385578155518,1.3402330875396729
1696958515277700900,10.498700927734374,-0.9367818832397461,-0.05497312545776367,0.733337938785553
1696958515287714600,10.508714599609375,-0.8728799819946289,-0.6095824241638184,0.7704246044158936
1696958515297728000,10.51872802734375,1.5953035354614258,-0.3805108070373535,0.573482871055603
1696958515307741700,10.52874169921875,-0.769434928894043,-0.13089501857757568,0.40207940340042114
1696958515317755400,10.53875537109375,-0.8010444641113281,0.09451770782470703,0.4495455026626587
1696958515327768800,10.548768798828124,0.3713645935058594,-0.6092408895492554,0.45252880454063416
1696958515337782500,10.558782470703125,0.23700332641601562,-0.3187394142150879,0.004914134740829468
1696958515347796000,10.5687958984375,-3.1232528686523438,-0.3676415681838989,0.3060501515865326
1696958515357809700,10.5788095703125,2.786031723022461,-0.18970930576324463,0.3660389184951782
1696958515367823400,10.5888232421875,-0.2644081115722656,-0.015602827072143555,0.26426663994789124
1696958515377836800,10.5988369140625,-0.5936555862426758,-0.07372736930847168,0.3116922974586487
1696958515387850500,10.6088505859375,0.4207029342651367,-0.83885657787323,0.8541027903556824
1696958515397864000,10.618864013671875,1.3854293823242188,-0.18740737438201904,1.0336240530014038
1696958515407877600,10.628877685546875,-1.0409488677978516,-0.03669393062591553,0.603137195110321
1696958515417891300,10.638891357421874,0.8348016738891602,-0.14844143390655518,0.6555346250534058
1696958515427904800,10.64890478515625,1.0240287780761719,0.08261537551879883,1.3103394508361816
1696958515437918500,10.65891845703125,0.8733491897583008,-0.22757112979888916,1.1084791421890259
1696958515447932000,10.668931884765625,-0.7301511764526367,-0.7543896436691284,0.756547212600708
1696958515457945600,10.678945556640626,2.215425491333008,0.17612922191619873,1.1397995948791504
1696958515467959300,10.688959228515625,-1.3597297668457031,-0.5384784936904907,0.9307501912117004
1696958515477972700,10.69897265625,0.39208412170410156,-0.3596881628036499,1.1158788204193115
1696958515487986400,10.708986328125,0.902705192565918,-0.6675206422805786,1.1057456731796265
1696958515498000000,10.718999755859375,-2.12460994720459,-0.2254185676574707,0.8036670684814453
1696958515508013600,10.729013671875,1.168015480041504,-0.6417934894561768,0.37128517031669617
1696958515518027300,10.73902734375,-0.0862569808959961,0.13456010818481445,0.7089230418205261
1696958515528040700,10.749040771484376,-1.6487293243408203,-0.7911829948425293,0.7349905967712402
1696958515538054400,10.759054443359375,1.1125602722167969,-0.48588407039642334,0.7674397230148315
1696958515548067800,10.76906787109375,-0.3755941390991211,0.03666281700134277,1.0630228519439697
1696958515558081500,10.77908154296875,-1.7031917572021484,-0.24360549449920654,0.8784336447715759
1696958515568095200,10.78909521484375,0.7526226043701172,-0.7002931833267212,1.4232933521270752
1696958515578108700,10.799108642578124,1.0905885696411133,-0.06600522994995117,0.9141955375671387
1696958515588122400,10.809122314453125,-2.046772003173828,-0.2866441011428833,0.6674700975418091
1696958515598135800,10.8191357421875,2.7225189208984375,-0.7604073286056519,0.5571974515914917
1696958515608149500,10.8291494140625,-1.0966548919677734,-0.6089619398117065,0.626275897026062
1696958515618163200,10.8391630859375,-0.9077568054199219,-0.14469051361083984,0.5862201452255249
1696958515628176600,10.8491767578125,1.4842729568481445,-0.4332817792892456,1.0003705024719238
1696958515638190300,10.8591904296875,0.46318626403808594,0.21472549438476562,0.7408148050308228
1696958515648203800,10.869203857421875,-0.6894826889038086,-0.41683149337768555,0.8401580452919006
1696958515658217500,10.879217529296875,1.806645393371582,-0.21452748775482178,0.5783202052116394
1696958515668231200,10.889231201171874,-0.44327545166015625,-0.04131877422332764,0.4148074984550476
1696958515678244600,10.89924462890625,-1.4219188690185547,-0.17359459400177002,0.49765509366989136
1696958515688258300,10.90925830078125,1.6351518630981445,-0.497051477432251,0.4892638921737671
1696958515698271700,10.919271728515625,-1.670222282409668,-0.11887192726135254,0.7728400230407715
1696958515708285400,10.929285400390626,-0.3811779022216797,-0.2515312433242798,0.4699499011039734
1696958515718299100,10.939299072265625,1.8852310180664062,-0.16316521167755127,0.199133038520813
1696958515728312600,10.9493125,-3.1460866928100586,0.06895935535430908,0.1110067367553711
1696958515738326300,10.959326171875,0.9805335998535156,-0.8856338262557983,0.3065137267112732
1696958515748339700,10.969339599609375,0.027792930603027344,0.0295255184173584,-0.2089306116104126
1696958515758353400,10.979353515625,-1.3432626724243164,-0.18943440914154053,0.4765928387641907
1696958515768367000,10.9893671875,1.2260875701904297,-0.32443928718566895,0.3645843267440796
1696958515778380500,10.999380615234376,1.0375556945800781,-0.24148857593536377,0.6948716044425964
1696958515788394200,11.009394287109375,-1.5355911254882812,0.017518997192382812,0.8263460397720337
1696958515798407700,11.01940771484375,1.851456642150879,-0.46288180351257324,0.9013316035270691
1696958515808421400,11.02942138671875,0.5670251846313477,0.28920555114746094,0.8527593016624451
1696958515818435000,11.03943505859375,-0.6910305023193359,-0.8392195701599121,1.2812821865081787
1696958515828448500,11.049448486328124,1.9769268035888672,0.2256312370300293,0.7036203742027283
1696958515838462200,11.059462158203125,-0.35436344146728516,0.0757296085357666,1.0694918632507324
1696958515848475600,11.0694755859375,-0.13902664184570312,-0.4888361692428589,1.235556721687317
1696958515858489300,11.0794892578125,2.0738821029663086,-0.07905864715576172,0.7133591175079346
1696958515868503000,11.0895029296875,-2.633296012878418,-0.1921091079711914,0.4131704568862915
1696958515878516500,11.0995166015625,1.3725471496582031,-0.36363351345062256,0.7447587847709656
1696958515888530200,11.1095302734375,-0.5801067352294922,-0.2684774398803711,-0.05787515640258789
1696958515898543600,11.119543701171875,-1.6969194412231445,-0.17515897750854492,0.16771143674850464
1696958515908557300,11.129557373046875,1.7385854721069336,-0.2602289915084839,0.04755324125289917
1696958515918571000,11.139571044921874,-1.6005525588989258,-0.17421388626098633,-0.15805447101593018
1696958515928584400,11.14958447265625,0.37233829498291016,-0.5854133367538452,0.40859419107437134
1696958515938598100,11.15959814453125,1.3231878280639648,-0.006689667701721191,0.2104054093360901
1696958515948611600,11.169611572265625,-2.860896587371826,-0.6578140258789062,0.6528657674789429
1696958515958625300,11.179625244140626,2.732511520385742,-0.14230167865753174,0.7240349054336548
1696958515968639000,11.189638916015625,-0.6040887832641602,-0.05391836166381836,0.34986889362335205
1696958515978652400,11.19965234375,-0.6121444702148438,0.024289488792419434,0.21707099676132202
1696958515988666000,11.209666015625,2.5149412155151367,-0.02949666976928711,0.5468391180038452
1696958515998679600,11.219679443359375,-1.7054386138916016,-0.39955949783325195,-0.025329291820526123
1696958516008693200,11.229693359375,-0.06725311279296875,-0.4091050624847412,0.31456005573272705
1696958516018707000,11.23970703125,1.8593196868896484,0.17947351932525635,0.019477427005767822
1696958516028720400,11.249720458984376,-2.331149101257324,-0.4550546407699585,0.06929874420166016
1696958516038734000,11.259734130859375,2.715778350830078,0.19033193588256836,-0.20881634950637817
1696958516048747500,11.26974755859375,-1.2946672439575195,-0.33086705207824707,-0.4998033046722412
1696958516058761200,11.27976123046875,-0.441253662109375,-0.4011169672012329,-0.21921777725219727
1696958516068775000,11.28977490234375,1.892247200012207,-0.2851494550704956,-0.4961194396018982
1696958516078788400,11.299788330078124,-2.957637310028076,-0.24438691139221191,-0.5341650247573853
1696958516088802000,11.309802001953125,1.5700445175170898,-0.44918322563171387,0.12726998329162598
1696958516098815500,11.3198154296875,0.501190185546875,-0.034267306327819824,-0.11148452758789062
1696958516108829200,11.3298291015625,-2.6351027488708496,-0.176316499710083,-0.38547593355178833
1696958516118843000,11.3398427734375,2.7807464599609375,-0.09662795066833496,-0.10410642623901367
1696958516128856300,11.349856201171875,-1.4451370239257812,-0.1893603801727295,-0.659254789352417
1696958516138870000,11.3598701171875,-1.2701835632324219,-0.5654442310333252,-0.4567946195602417
1696958516148883500,11.369883544921874,1.8251543045043945,0.06442093849182129,-0.2004198431968689
1696958516158897200,11.379897216796875,-2.1503520011901855,-0.4633138179779053,-0.1642327904701233
1696958516168910800,11.389910888671874,0.7119512557983398,-0.28025007247924805,-0.22616171836853027
1696958516178924300,11.39992431640625,1.6136093139648438,-0.1010594367980957,-0.3567960262298584
1696958516188938000,11.40993798828125,-2.490616798400879,-0.511834979057312,-0.22479236125946045
1696958516198951400,11.419951416015625,2.116649627685547,-0.5912176370620728,-0.3218081593513489
1696958516208965000,11.429965087890626,-0.4925975799560547,0.35595691204071045,-0.5734676122665405
1696958516218978800,11.439978759765625,-1.2851200103759766,-0.19024240970611572,-0.17650842666625977
1696958516228992300,11.4499921875,2.301485061645508,-0.564852237701416,-0.3391728401184082
1696958516239006000,11.460005859375,-0.9726219177246094,-0.15591096878051758,-0.49215203523635864
1696958516249019600,11.47001953125,-0.7367591857910156,-0.35161101818084717,-0.2441365122795105
1696958516259033000,11.480033203125,1.902522087097168,-0.26332664489746094,-0.2943350672721863
1696958516269046800,11.490046875,-1.1701269149780273,-0.3517569303512573,-0.9935279488563538
1696958516279060200,11.500060302734376,-1.8320903778076172,-0.2545374631881714,-0.2559018135070801
1696958516289074000,11.510073974609375,2.926812171936035,-0.500645637512207,-0.6616033315658569
1696958516299087600,11.520087646484376,-2.3655028343200684,-0.25003767013549805,-0.9911915063858032
1696958516309101000,11.53010107421875,0.3826026916503906,-0.7393653392791748,-0.9103962779045105
1696958516319114800,11.54011474609375,0.4964580535888672,-0.3339139223098755,-0.6897146701812744
1696958516329128200,11.550128173828124,-0.14033222198486328,0.007549285888671875,-0.7012300491333008
1696958516339142000,11.560141845703125,-0.8045902252197266,-0.8418070673942566,-0.9114667773246765
1696958516349155600,11.570155517578126,1.084885597229004,-0.2593337297439575,-0.5749374032020569
1696958516359169000,11.5801689453125,0.28919410705566406,-0.1984860897064209,-0.7282869815826416
1696958516369182700,11.5901826171875,-1.0068836212158203,0.13915562629699707,-0.550624668598175
1696958516379196200,11.600196044921875,2.321378707885742,-0.7813683748245239,-0.7564878463745117
1696958516389209900,11.6102099609375,-2.123347282409668,0.0857623815536499,-0.748831033706665
1696958516399223600,11.6202236328125,0.3852987289428711,-0.4138096570968628,-0.9427979588508606
1696958516409237000,11.630237060546875,0.5185222625732422,-0.48316240310668945,-0.4429028034210205
1696958516419250700,11.640250732421874,0.6270942687988281,-0.5137497186660767,-0.7693609595298767
1696958516429264100,11.65026416015625,-1.1903314590454102,-0.4512592554092407,-0.8782212734222412
1696958516439277800,11.66027783203125,1.6224899291992188,-0.2519413232803345,-0.23682844638824463
1696958516449291500,11.67029150390625,0.32859134674072266,-0.3786431550979614,-0.17637592554092407
1696958516459305000,11.680304931640626,-0.9195528030395508,-0.5882519483566284,-0.7247598171234131
1696958516469318700,11.690318603515625,0.9751768112182617,-0.30847883224487305,-0.442510724067688
1696958516479332000,11.70033203125,1.470423698425293,-0.479907751083374,-0.18988972902297974
1696958516489345800,11.710345703125,-1.735081672668457,-0.41163814067840576,-0.9559510350227356
1696958516499359500,11.720359375,1.5382070541381836,-0.6401997804641724,-0.21949243545532227
1696958516509373000,11.730373046875,1.1192636489868164,0.19424426555633545,0.02954632043838501
1696958516519386600,11.74038671875,-0.8425502777099609,-0.34834790229797363,-0.19255214929580688
1696958516529400000,11.750400146484376,0.3160228729248047,-0.24534142017364502,0.25431257486343384
1696958516539413800,11.760413818359375,1.6776609420776367,-0.11951112747192383,0.3640401363372803
1696958516549427500,11.770427490234376,-1.012007713317871,-0.27330565452575684,0.03028970956802368
1696958516559441000,11.78044091796875,-0.03467273712158203,-0.47810304164886475,0.22797471284866333
1696958516569454600,11.79045458984375,1.3657464981079102,0.21541285514831543,0.5472851991653442
1696958516579468000,11.800468017578124,-0.8642635345458984,-0.2051990032196045,0.09353649616241455
1696958516589481700,11.810481689453125,-1.0727901458740234,-0.201149582862854,0.188859760761261
1696958516599495400,11.820495361328126,0.9468135833740234,0.1739581823348999,0.4395289421081543
1696958516609508900,11.8305087890625,-1.5979413986206055,-0.6051050424575806,-0.07414668798446655
1696958516619522600,11.8405224609375,-0.9155445098876953,-0.37857866287231445,-0.434242308139801
1696958516629536000,11.850535888671875,0.18604469299316406,0.17732739448547363,0.05070215463638306
1696958516639549700,11.8605498046875,-0.4593238830566406,-0.19211459159851074,-0.13347357511520386
1696958516649563400,11.8705634765625,-2.030611991882324,-0.3566058874130249,-0.4887925088405609
1696958516659576800,11.880576904296875,0.8945350646972656,0.03766632080078125,0.3724243640899658
1696958516669590500,11.890590576171874,-0.5075836181640625,-0.20708394050598145,0.2381688356399536
1696958516679604000,11.90060400390625,-1.342844009399414,-0.17033743858337402,-0.046334683895111084
1696958516689617700,11.91061767578125,1.1837224960327148,-0.3444174528121948,0.5529266595840454
1696958516699631400,11.92063134765625,-0.4103069305419922,0.25709521770477295,0.6397045254707336
1696958516709644800,11.930644775390626,-0.6056928634643555,-0.3469127416610718,0.17557215690612793
1696958516719658500,11.940658447265625,0.2750835418701172,-0.33109211921691895,0.5048512816429138
1696958516729672000,11.950671875,0.6518115997314453,-0.1860651969909668,0.49928492307662964
1696958516739685600,11.960685546875,-1.4764680862426758,-0.26236963272094727,0.13550406694412231
1696958516749699300,11.97069921875,0.8683719635009766,-0.5593119859695435,0.21894776821136475
1696958516759712800,11.980712646484376,0.1305990219116211,0.06997561454772949,0.18932420015335083
1696958516769726500,11.9907265625,-1.0215263366699219,-0.18690955638885498,0.08698177337646484
1696958516779740000,12.000739990234376,0.11815071105957031,-0.4189116954803467,0.09286022186279297
1696958516789753600,12.010753662109375,1.3462839126586914,-0.30467164516448975,0.14898568391799927
1696958516799767300,12.020767333984375,-1.8632779121398926,0.014521479606628418,0.13889753818511963
1696958516809780700,12.03078076171875,1.2281274795532227,-0.3926510810852051,0.26332587003707886
1696958516819794400,12.04079443359375,-0.05980110168457031,-0.19507277011871338,0.5649725794792175
1696958516829807900,12.050807861328124,-0.06430721282958984,-0.11744046211242676,0.33087319135665894
1696958516839821600,12.060821533203125,-0.728306770324707,-0.19933032989501953,0.19128680229187012
1696958516849835300,12.070835205078126,1.4814872741699219,-0.32759320735931396,0.4278849959373474
1696958516859848700,12.0808486328125,-1.135580062866211,0.017956018447875977,0.4129944443702698
1696958516869862400,12.0908623046875,0.5252237319946289,-0.2899801731109619,0.0061836838722229
1696958516879875800,12.100875732421875,-0.24970340728759766,0.08914017677307129,0.4054904580116272
1696958516889889500,12.1108896484375,0.3293647766113281,-0.22539019584655762,0.4424816966056824
1696958516899903200,12.1209033203125,-1.6975526809692383,-0.016626954078674316,0.09322434663772583
1696958516909916700,12.130916748046875,1.379399299621582,-0.176214337348938,0.5828095078468323
1696958516919930400,12.140930419921874,0.009797096252441406,0.05415225028991699,0.4356651306152344
1696958516929943800,12.15094384765625,-1.4957542419433594,-0.2017993927001953,0.08876347541809082
1696958516939957500,12.16095751953125,1.595052719116211,0.010246872901916504,0.33238810300827026
1696958516949971200,12.17097119140625,-0.8264846801757812,-0.2939760684967041,0.20334982872009277
1696958516959984600,12.180984619140625,-1.0445184707641602,-0.3709009885787964,-0.014446616172790527
1696958516969998300,12.190998291015624,0.40630531311035156,-0.270332932472229,0.19911283254623413
1696958516980011800,12.20101171875,1.327763557434082,0.23362624645233154,0.03631091117858887
1696958516990025500,12.211025390625,-1.6618528366088867,-0.4235459566116333,0.04521685838699341
1696958517000039200,12.2210390625,1.4911870956420898,-0.17289531230926514,0.39562755823135376
1696958517010052600,12.231052490234376,0.9673662185668945,-0.15766310691833496,0.4232569932937622
1696958517020066300,12.24106640625,-1.5248117446899414,0.051483988761901855,0.15253835916519165
1696958517030079700,12.251079833984376,2.029489517211914,-0.48573851585388184,0.5243033766746521
1696958517040093400,12.261093505859375,1.2030658721923828,-0.013481616973876953,0.5506154298782349
1696958517050107100,12.271107177734375,-1.031585693359375,-0.0698692798614502,0.3354160785675049
1696958517060120600,12.28112060546875,2.067244529724121,-0.36650919914245605,0.5598275661468506
1696958517070134300,12.29113427734375,0.3375883102416992,0.18956267833709717,0.7552235126495361
1696958517080147700,12.301147705078124,-0.9013566970825195,-0.4334660768508911,0.47066205739974976
1696958517090161400,12.311161376953125,0.9929933547973633,-0.24926042556762695,0.5345874428749084
1696958517100175000,12.321175048828126,0.7565145492553711,0.17092633247375488,0.4750000834465027
1696958517110188500,12.3311884765625,-1.1523056030273438,-0.18651068210601807,0.5831144452095032
1696958517120202200,12.3412021484375,0.7996721267700195,-0.3166825771331787,0.41010212898254395
1696958517130215700,12.351215576171874,-0.2773571014404297,0.5093597173690796,0.23125475645065308
1696958517140229400,12.3612294921875,-1.9017930030822754,-0.22013306617736816,0.3397790193557739
1696958517150243000,12.3712431640625,0.7115345001220703,-0.43560564517974854,-0.005320847034454346
1696958517160256500,12.381256591796875,-0.9336404800415039,0.24708938598632812,0.2092069387435913
1696958517170270200,12.391270263671874,-1.0655860900878906,-0.5662323236465454,-0.059423863887786865
1696958517180283600,12.40128369140625,0.43267059326171875,-0.06113874912261963,-0.10679405927658081
1696958517190297300,12.41129736328125,-1.3885087966918945,0.17213821411132812,0.2532968521118164
1696958517200311000,12.42131103515625,-0.329498291015625,-0.32937324047088623,0.2862016558647156
1696958517210324500,12.431324462890625,1.3967037200927734,-0.09954380989074707,-0.17503583431243896
1696958517220338200,12.441338134765624,-2.47715425491333,-0.2678443193435669,-0.20018011331558228
1696958517230351600,12.4513515625,1.3564329147338867,-0.13186323642730713,-0.07238823175430298
1696958517240365300,12.461365234375,0.43634700775146484,0.2695664167404175,-0.2627969980239868
1696958517250379000,12.47137890625,-2.0686841011047363,-0.4074256420135498,-0.0300137996673584
1696958517260392400,12.481392333984376,2.71530818939209,0.11684286594390869,0.19332152605056763
1696958517270406100,12.49140625,-1.8065977096557617,-0.16692709922790527,-0.41368407011032104
1696958517280419600,12.501419677734376,0.2718791961669922,0.2212531566619873,0.36934894323349
1696958517290433300,12.511433349609375,1.6767454147338867,-0.05169391632080078,0.20596128702163696
1696958517300447000,12.521447021484375,-2.589615821838379,0.013415694236755371,0.17055058479309082
1696958517310460400,12.53146044921875,2.5298852920532227,0.48069167137145996,0.17098963260650635
1696958517320474000,12.54147412109375,-0.9974422454833984,-0.04444301128387451,0.16739583015441895
1696958517330487600,12.551487548828124,0.13268375396728516,0.11732697486877441,0.21169835329055786
1696958517340501200,12.561501220703125,0.0037908554077148438,-0.016703248023986816,-0.1656845211982727
1696958517350515000,12.571514892578126,-0.7796916961669922,0.4517040252685547,-0.25022441148757935
1696958517360528400,12.5815283203125,-0.041385650634765625,0.024620652198791504,0.08546894788742065
1696958517370542000,12.5915419921875,0.01648426055908203,0.16570532321929932,-0.03642988204956055
1696958517380555500,12.601555419921874,-0.9866495132446289,0.017045140266418457,-0.056904375553131104
1696958517390569200,12.6115693359375,0.5644912719726562,0.16460955142974854,0.15541625022888184
1696958517400583000,12.6215830078125,-0.15787410736083984,0.49259746074676514,0.34910446405410767
1696958517410596400,12.631596435546875,-0.07590675354003906,-0.030070185661315918,0.19187915325164795
1696958517420610000,12.641610107421876,-0.051422119140625,0.5767855644226074,0.5210992097854614
1696958517430623500,12.65162353515625,0.23586750030517578,-0.05590689182281494,0.2044849991798401
1696958517440637200,12.66163720703125,-1.1454753875732422,0.28741681575775146,0.21495819091796875
1696958517450651000,12.67165087890625,1.127640724182129,0.575575590133667,0.3901270627975464
1696958517460664300,12.681664306640625,-0.4469118118286133,-0.022245049476623535,0.1630193591117859
1696958517470678000,12.691677978515624,-1.2579660415649414,0.9035094976425171,0.6662284731864929
1696958517480691500,12.70169140625,2.047210693359375,-0.28934335708618164,0.11880230903625488
1696958517490705200,12.711705078125,-3.4672088623046875,0.5265922546386719,0.3641011714935303
1696958517500718800,12.72171875,2.877553939819336,0.043767452239990234,0.38422054052352905
1696958517510732300,12.731732177734376,-2.9733285903930664,0.8061894178390503,0.23241788148880005
1696958517520746000,12.74174609375,1.2245922088623047,0.3118598461151123,0.6189808249473572
1696958517530759400,12.751759521484376,-0.8331222534179688,0.19992530345916748,-0.10454094409942627
1696958517540773000,12.761773193359375,-0.9458141326904297,0.2876608371734619,0.2504618763923645
1696958517550786800,12.771786865234375,1.0828771591186523,0.10853135585784912,-0.09737324714660645
1696958517560800300,12.78180029296875,-2.197695732116699,0.16300952434539795,0.3144603967666626
1696958517570814000,12.79181396484375,2.0894346237182617,0.41959989070892334,0.3126288056373596
1696958517580827400,12.801827392578126,-0.7729024887084961,0.24451971054077148,0.23443233966827393
1696958517590841000,12.811841064453125,0.6483278274536133,0.5640583038330078,0.25702381134033203
1696958517600854800,12.821854736328126,0.35076427459716797,-0.20254838466644287,-0.1101599931716919
1696958517610868200,12.8318681640625,-0.5913000106811523,0.3594461679458618,0.10860574245452881
1696958517620882000,12.8418818359375,1.3698081970214844,0.06910455226898193,0.5712184309959412
1696958517630895400,12.851895263671874,-0.4922809600830078,0.5120880603790283,0.30454862117767334
1696958517640909000,12.861908935546875,0.9139947891235352,0.3332200050354004,0.46094268560409546
1696958517650922800,12.8719228515625,-0.10586357116699219,0.11051130294799805,0.405881404876709
1696958517660936200,12.881936279296875,-0.17727375030517578,0.5153170824050903,0.3715403079986572
1696958517670950000,12.891949951171876,0.24858665466308594,-0.06534671783447266,0.055618464946746826
1696958517680963300,12.90196337890625,-1.5485687255859375,0.5335716009140015,0.30305373668670654
1696958517690977000,12.91197705078125,1.3702936172485352,-0.04353296756744385,0.5832381844520569
1696958517700990700,12.92199072265625,-1.4667243957519531,0.3460620641708374,0.2034401297569275
1696958517711004200,12.932004150390625,0.8735990524291992,0.12027204036712646,0.07130616903305054
1696958517721017900,12.942017822265624,-1.2690095901489258,0.7280623912811279,0.12204450368881226
1696958517731031300,12.95203125,-0.20509719848632812,0.06779670715332031,0.2553236484527588
1696958517741045000,12.962044921875,-0.648712158203125,0.3035717010498047,0.21188509464263916
1696958517751058700,12.97205859375,-1.1871452331542969,0.2075735330581665,0.1768243908882141
1696958517761072000,12.982072021484376,0.39786243438720703,0.6077617406845093,0.6864829659461975
1696958517771085800,12.9920859375,-0.7453622817993164,0.11341595649719238,0.29324769973754883
1696958517781099300,13.002099365234375,0.6040735244750977,0.3385500907897949,0.16836446523666382
1696958517791113000,13.012113037109375,-0.7306966781616211,0.3982182741165161,0.15383374691009521
1696958517801126700,13.022126708984375,0.21739768981933594,0.1273963451385498,0.5372114777565002
1696958517811140000,13.03214013671875,0.020578384399414062,0.5170869827270508,-0.1521611213684082
1696958517821153800,13.04215380859375,-0.9398326873779297,-0.041056275367736816,0.25906533002853394
1696958517831167200,13.052167236328126,2.015409469604492,0.2085738182067871,0.1710866093635559
1696958517841181000,13.062180908203125,-0.12075519561767578,0.23092138767242432,-0.18491995334625244
1696958517851194600,13.072194580078126,0.6488924026489258,0.4843881130218506,0.08233213424682617
1696958517861208000,13.0822080078125,0.2554769515991211,-0.2763296365737915,0.09520357847213745
1696958517871221800,13.0922216796875,0.011297225952148438,0.32018959522247314,0.3569929003715515
1696958517881235200,13.102235107421874,0.5464057922363281,-0.13803529739379883,0.059390485286712646
1696958517891249000,13.112248779296875,0.11065006256103516,0.7670255899429321,0.5160421133041382
1696958517901262600,13.1222626953125,1.2141122817993164,0.12669408321380615,-0.020598173141479492
1696958517911276000,13.132276123046875,-1.6557111740112305,0.1924877166748047,0.19885432720184326
1696958517921289700,13.142289794921876,1.0962324142456055,0.019918203353881836,0.418851375579834
1696958517931303200,13.15230322265625,-0.6360931396484375,0.5612390041351318,-0.16075599193572998
1696958517941316900,13.16231689453125,-0.012952804565429688,0.00578463077545166,0.5241814255714417
1696958517951330600,13.17233056640625,0.45552921295166016,0.32320237159729004,0.08511877059936523
1696958517961344000,13.182343994140625,-1.322941780090332,0.2485191822052002,0.3452605605125427
1696958517971357700,13.192357666015624,1.538156509399414,0.305416464805603,0.10566270351409912
1696958517981371100,13.20237109375,-2.0062108039855957,0.10290539264678955,0.1855890154838562
1696958517991384800,13.212384765625,1.085862159729004,0.45889556407928467,0.11703252792358398
1696958518001398500,13.2223984375,-1.291372299194336,0.07782649993896484,0.06051445007324219
1696958518011412000,13.232411865234376,0.16487789154052734,0.39045798778533936,0.5051854848861694
1696958518021425700,13.24242578125,-1.0010929107666016,0.450425386428833,0.36160874366760254
1696958518031439000,13.252439208984375,0.2392568588256836,0.3075833320617676,0.30550575256347656
1696958518041452800,13.262452880859374,-1.3761653900146484,0.17709648609161377,-0.14829492568969727
1696958518051466500,13.272466552734375,0.22374343872070312,0.19231390953063965,0.11553144454956055
1696958518061480000,13.28247998046875,-0.6795034408569336,0.13399744033813477,-0.12834370136260986
1696958518071493600,13.29249365234375,0.2162628173828125,-0.15311753749847412,0.02594280242919922
1696958518081507000,13.302507080078126,-0.04165840148925781,0.2055826187133789,0.17243599891662598
1696958518091520800,13.312520751953125,1.0533857345581055,0.08376288414001465,0.030111312866210938
1696958518101534500,13.322534423828126,-0.32465648651123047,0.603827714920044,-0.0402141809463501
1696958518111548000,13.3325478515625,0.623051643371582,0.03189969062805176,-0.030131101608276367
1696958518121561600,13.3425615234375,-0.18525028228759766,-0.015939831733703613,0.14316260814666748
1696958518131575000,13.352574951171874,1.5220661163330078,-0.18137073516845703,0.13409864902496338
1696958518141588700,13.362588623046875,-0.03842735290527344,0.44799351692199707,0.2532445192337036
1696958518151602400,13.3726025390625,2.633747100830078,0.14434504508972168,0.5160022974014282
1696958518161616000,13.382615966796875,-0.3725767135620117,0.40208232402801514,0.7022607326507568
1696958518171629600,13.392629638671876,2.0131235122680664,-0.344523549079895,-0.12192660570144653
1696958518181643000,13.40264306640625,-1.311513900756836,0.6199660301208496,0.2034752368927002
1696958518191656700,13.41265673828125,2.003727912902832,-0.402896523475647,0.052277326583862305
1696958518201670400,13.42267041015625,-0.5707359313964844,0.07780826091766357,0.29869651794433594
1696958518211683800,13.432683837890625,1.992579460144043,0.025217294692993164,-0.09244072437286377
1696958518221697500,13.442697509765624,-0.8970317840576172,0.6377662420272827,0.688512921333313
1696958518231711000,13.4527109375,1.4327335357666016,-0.11748433113098145,0.24433660507202148
1696958518241724700,13.462724609375,-1.709141731262207,0.2597920894622803,0.43194663524627686
1696958518251738400,13.47273828125,0.8569116592407227,-0.024402260780334473,0.3347834348678589
1696958518261751800,13.482751708984376,-0.2097015380859375,0.629104495048523,0.48215222358703613
1696958518271765500,13.492765625,-0.89678955078125,-0.30235159397125244,0.47893476486206055
1696958518281779000,13.502779052734375,0.2386951446533203,0.04955852031707764,0.3314603567123413
1696958518291792600,13.512792724609374,-0.9368600845336914,0.2208930253982544,0.20126032829284668
1696958518301806300,13.522806396484375,-0.16436195373535156,0.11008071899414062,0.35248422622680664
1696958518311819800,13.53281982421875,-1.286545753479004,-0.6506993770599365,0.36742103099823
1696958518321833500,13.54283349609375,-0.6900157928466797,0.5218056440353394,0.5706337690353394
1696958518331847000,13.552846923828126,-0.0476837158203125,-0.14359283447265625,0.49545860290527344
1696958518341860600,13.562860595703125,-0.2859382629394531,0.32944178581237793,0.3034086227416992
1696958518351874300,13.572874267578126,-0.46651458740234375,0.19917166233062744,-0.09619057178497314
1696958518361887700,13.5828876953125,-0.32625293731689453,0.8119107484817505,0.24235832691192627
1696958518371901400,13.5929013671875,0.2814826965332031,-0.20781493186950684,-0.04990530014038086
1696958518381915000,13.602914794921874,-0.9180908203125,-0.27406978607177734,0.19311082363128662
1696958518391928600,13.612928466796875,-1.19268798828125,0.37320196628570557,0.489890456199646
1696958518401942300,13.6229423828125,0.6499910354614258,0.38894152641296387,-0.10930764675140381
1696958518411955700,13.632955810546875,-1.3677186965942383,0.44005119800567627,-0.099587082862854
1696958518421969400,13.642969482421876,0.241241455078125,-0.2016744613647461,-0.4463268518447876
1696958518431982800,13.65298291015625,-0.7050266265869141,0.21393120288848877,-0.2151275873184204
1696958518441996500,13.66299658203125,-0.31597900390625,-0.17894625663757324,-0.3829494118690491
1696958518452010200,13.67301025390625,0.4209632873535156,-0.2020481824874878,-0.08760273456573486
1696958518462023700,13.683023681640625,0.3581838607788086,-0.2892320156097412,-0.16071653366088867
1696958518472037400,13.693037353515624,-0.24936580657958984,0.5523159503936768,-0.07152450084686279
1696958518482050800,13.70305078125,1.1895971298217773,-0.08819425106048584,-0.1479473114013672
1696958518492065000,13.71306494140625,-1.0493650436401367,-0.17670917510986328,0.3378310203552246
1696958518502078200,13.723078125,2.847484588623047,-0.12945270538330078,-0.10114359855651855
1696958518512091600,13.733091552734376,-1.7227144241333008,-0.15001273155212402,-0.07748150825500488
1696958518522105000,13.74310498046875,3.074282646179199,0.15851759910583496,0.38443291187286377
1696958518532118500,13.753118408203125,-0.6368427276611328,-0.8118290901184082,-0.7802905440330505
1696958518542132000,13.763132080078124,-0.8165721893310547,0.027411937713623047,0.17428290843963623
1696958518552145200,13.773145263671875,4.035744667053223,-0.12936139106750488,-0.5886116027832031
1696958518562158600,13.78315869140625,-3.6099324226379395,-0.5931988954544067,-0.43418335914611816
1696958518572172000,13.793172119140625,4.092656135559082,-0.3037835359573364,0.005532979965209961
1696958518582185500,13.803185546875,-1.1062650680541992,-0.29162538051605225,-0.5183199048042297
1696958518592199200,13.81319921875,0.02923297882080078,-0.05048036575317383,0.2595442533493042
1696958518602212600,13.823212646484375,3.885634422302246,-0.27642250061035156,-0.45038700103759766
1696958518612226300,13.833226318359374,-4.012486457824707,-0.09035086631774902,-0.1515817642211914
1696958518622240000,13.843239990234375,4.282970428466797,-0.5084761381149292,-0.08990228176116943
1696958518632253700,13.853253662109376,-0.9973831176757812,-0.061797380447387695,-0.28994250297546387
1696958518642267400,13.863267333984375,-1.1140546798706055,-0.2754685878753662,0.6245303153991699
1696958518652281000,13.873281005859376,3.0169315338134766,-0.3121218681335449,0.05073189735412598
1696958518662294800,13.883294677734375,-2.3944945335388184,-0.09580433368682861,-0.19345563650131226
1696958518672308500,13.89330859375,0.6787939071655273,-0.09679949283599854,-0.1373429298400879
1696958518682322200,13.903322265625,0.6198396682739258,0.24452829360961914,-0.15862047672271729
1696958518692335900,13.9133359375,-2.07667875289917,-0.2440640926361084,-0.3185073137283325
1696958518702349600,13.923349609375,0.5797824859619141,-0.5493929386138916,-0.600370466709137
1696958518712363300,13.93336328125,-0.12345123291015625,-0.17376697063446045,-0.3196166157722473
1696958518722377000,13.943376953125,-1.6952686309814453,-0.21769845485687256,-0.11809289455413818
1696958518732390700,13.953390625,1.3236331939697266,-0.5393311977386475,-0.36187976598739624
1696958518742405000,13.963405029296876,-0.2941102981567383,-0.014136910438537598,-0.10342180728912354
1696958518752418000,13.97341796875,-1.6457624435424805,-0.31286656856536865,-0.04865157604217529
1696958518762431000,13.983430908203125,0.6899728775024414,-0.37519240379333496,0.05235302448272705
1696958518772444000,13.99344384765625,0.6791276931762695,-0.41958439350128174,-0.4747716784477234
1696958518782457000,14.00345703125,-1.8547639846801758,-0.5944280624389648,-0.04511141777038574
1696958518792470000,14.013469970703126,1.709517478942871,-0.2214357852935791,-0.3056083917617798
1696958518802483200,14.023483154296875,0.5015897750854492,0.009987831115722656,-0.3594977855682373
1696958518812496600,14.03349658203125,-0.6413450241088867,-0.4518319368362427,0.2186279296875
1696958518822509800,14.043509765625,0.4637775421142578,-0.737104058265686,0.1352095603942871
1696958518832523500,14.0535234375,1.5809898376464844,-0.252915620803833,0.23003697395324707
1696958518842537000,14.063536865234376,-0.3388214111328125,-0.27425265312194824,0.10380733013153076
1696958518852550700,14.073550537109375,0.16811370849609375,-0.4388540983200073,0.014774322509765625
1696958518862564600,14.083564697265626,1.1617937088012695,-0.39777469635009766,0.28952503204345703
1696958518872578300,14.093578369140625,-0.4320974349975586,-0.15999889373779297,0.019917607307434082
1696958518882592500,14.103592529296876,-0.7466554641723633,-0.5905696153640747,-0.23549485206604004
1696958518892606500,14.1136064453125,0.3783855438232422,-0.5617935657501221,0.26253294944763184
1696958518902620400,14.123620361328125,0.8365812301635742,-0.22930335998535156,-0.005316257476806641
1696958518912634600,14.133634521484375,-1.4399805068969727,-0.28903281688690186,-0.38736748695373535
1696958518922648600,14.143648681640625,0.19347858428955078,-0.231550931930542,0.3721729516983032
1696958518932662500,14.15366259765625,0.933985710144043,-0.3923527002334595,0.0860973596572876
1696958518942676200,14.16367626953125,-1.2279472351074219,-0.47598183155059814,-0.6126251816749573
1696958518952690000,14.17368994140625,0.40029048919677734,-0.3751657009124756,0.003533601760864258
1696958518962703400,14.183703369140625,1.0211334228515625,-0.28774571418762207,0.5526639223098755
1696958518972717000,14.193717041015624,1.0902280807495117,-0.6333827972412109,-0.4162822365760803
1696958518982730800,14.203730712890625,-2.371523857116699,-0.18310153484344482,0.11267077922821045
1696958518992744400,14.213744384765626,2.4990806579589844,-0.275354266166687,0.8624935150146484
1696958519002758000,14.2237578125,0.4142570495605469,-0.49456918239593506,-0.23148107528686523
1696958519012771000,14.23377099609375,-1.8705415725708008,0.009947538375854492,0.04948902130126953
1696958519022784300,14.2437841796875,2.320021629333496,-0.47038495540618896,0.18493080139160156
1696958519032797400,14.25379736328125,-1.116617202758789,-0.43994569778442383,0.30430805683135986
1696958519042811000,14.263810791015626,1.4281044006347656,-0.6297932863235474,-0.2517794966697693
1696958519052824000,14.273823974609375,-1.3086223602294922,0.0981665849685669,0.008303046226501465
1696958519062837500,14.28383740234375,1.8100404739379883,-0.40155065059661865,0.6122468709945679
1696958519072851000,14.293850830078124,0.6725387573242188,-0.7113641500473022,-0.36090874671936035
1696958519082864400,14.303864501953125,-2.3109641075134277,-0.16593551635742188,-0.6190834045410156
1696958519092878000,14.313878173828124,1.8280935287475586,-0.417049765586853,0.12111973762512207
1696958519102891500,14.3238916015625,0.01716136932373047,-0.4449632167816162,-0.25227218866348267
1696958519112905200,14.3339052734375,0.28926849365234375,-0.5812138319015503,-0.5709844827651978
1696958519122919000,14.3439189453125,-0.5379438400268555,-0.13464558124542236,-0.3429979681968689
1696958519132932600,14.3539326171875,0.6672658920288086,-0.4049344062805176,-0.0487675666809082
1696958519142946600,14.363946533203125,0.7707061767578125,-0.8476160764694214,-0.5459848642349243
1696958519152960300,14.373960205078125,-1.3049964904785156,-0.25966012477874756,-0.6932612657546997
1696958519162974200,14.38397412109375,-0.016226768493652344,-0.1157153844833374,0.08784329891204834
1696958519172988000,14.39398779296875,1.5124330520629883,-0.5951895713806152,-0.549971342086792
1696958519183001900,14.404001953125,-1.195876121520996,-0.9321082830429077,-0.9682551622390747
1696958519193015800,14.414015869140625,-0.17969703674316406,0.040497660636901855,-0.2638673782348633
1696958519203029500,14.424029541015624,1.1154851913452148,-0.43461477756500244,-0.24843168258666992
1696958519213043200,14.434043212890625,-0.0247955322265625,-0.8379982709884644,-0.6594979166984558
1696958519223057000,14.444056884765626,-1.1475563049316406,0.10403990745544434,-0.6439501047134399
1696958519233070300,14.4540703125,1.158268928527832,-0.06814837455749512,-0.28435343503952026
1696958519243084000,14.464083984375,-0.980830192565918,-0.8590694665908813,-0.37644195556640625
1696958519253097500,14.474097412109375,0.1634359359741211,-0.6278717517852783,-0.9024122953414917
1696958519263111200,14.484111083984375,-1.6049022674560547,0.2842613458633423,-0.871634304523468
1696958519273124600,14.49412451171875,0.7356939315795898,-0.2640516757965088,-0.36206668615341187
1696958519283138300,14.50413818359375,0.0073871612548828125,-0.6282985210418701,-0.8653016686439514
1696958519293151700,14.51415185546875,-1.92799711227417,-0.5564125776290894,-1.2115730047225952
1696958519303165200,14.524165283203125,-0.24570083618164062,-0.06411445140838623,-0.18056684732437134
1696958519313179000,14.534178955078126,1.5087108612060547,-0.03775131702423096,0.01454615592956543
1696958519323192300,14.5441923828125,-1.1620025634765625,-0.681168794631958,-0.5918086171150208
1696958519333206000,14.5542060546875,-0.38991641998291016,-0.04347431659698486,-0.27324604988098145
1696958519343219500,14.564219482421874,1.0154390335083008,-0.0015906095504760742,0.14981138706207275
1696958519353233000,14.57423291015625,0.39098072052001953,-0.3993241786956787,-0.5173301100730896
1696958519363246600,14.58424658203125,-1.2688350677490234,-0.8018437623977661,-0.8200517892837524
1696958519373260000,14.594260009765625,-0.009138107299804688,0.219527006149292,-0.2716560959815979
1696958519383273700,14.604273681640626,1.5288686752319336,-0.6290649175643921,-0.5146633982658386
1696958519393287200,14.614287109375,-0.826481819152832,-0.895866334438324,-0.9545065760612488
1696958519403300600,14.624300537109375,-0.1601400375366211,-0.2549384832382202,-0.2578045129776001
1696958519413314300,14.634314208984375,1.0727338790893555,-0.18273413181304932,-0.12814784049987793
1696958519423327700,14.64432763671875,0.5583591461181641,-0.8737181425094604,-0.5421308279037476
1696958519433341400,14.654341552734374,-0.6280632019042969,-0.5014231204986572,-1.0315262079238892
1696958519443355000,14.66435498046875,0.262115478515625,-0.10919475555419922,-0.34249842166900635
1696958519453368300,14.674368408203126,1.6378355026245117,-0.3460376262664795,-0.38162142038345337
1696958519463382000,14.684382080078125,-0.15339183807373047,-0.9713660478591919,-0.8316377401351929
1696958519473395500,14.6943955078125,-0.893463134765625,-0.06715404987335205,-0.5868937373161316
1696958519483409200,14.7044091796875,2.367685317993164,0.030887126922607422,-0.245427668094635
1696958519493422600,14.714422607421875,-0.36151599884033203,-0.725420355796814,-0.6225606203079224
1696958519503436000,14.72443603515625,-0.6570539474487305,-0.524975061416626,-0.6465832591056824
1696958519513449700,14.73444970703125,1.2181921005249023,-0.05834019184112549,-0.15637683868408203
1696958519523463200,14.744463134765626,-0.7056236267089844,-0.20253539085388184,0.11873292922973633
1696958519533476900,14.754476806640625,1.4892311096191406,-0.46965932846069336,-0.6370936632156372
1696958519543490300,14.764490234375,-1.0180768966674805,-0.2239997386932373,-0.5601134896278381
1696958519553504000,14.77450390625,1.2063379287719727,-0.23982524871826172,0.06280684471130371
1696958519563517700,14.784517578125,1.0312652587890625,-0.7356081008911133,-0.4964224100112915
1696958519573531100,14.79453125,-1.3747339248657227,-0.012581467628479004,-0.4889488220214844
1696958519583544800,14.804544921875,1.6868219375610352,-0.4083261489868164,0.08400607109069824
1696958519593558300,14.814558349609374,0.8035068511962891,-0.3331385850906372,0.15589094161987305
1696958519603572000,14.824572021484375,0.28063488006591797,-0.4627417325973511,-0.507613480091095
1696958519613585700,14.834585693359376,-0.5612449645996094,-0.4707975387573242,-0.3005005717277527
1696958519623599000,14.84459912109375,2.0303707122802734,-0.2978585958480835,0.355236291885376
1696958519633612800,14.85461279296875,0.19506168365478516,-0.4156078100204468,-0.4548298716545105
1696958519643626200,14.864626220703125,0.11324691772460938,-0.21245992183685303,-0.3493594527244568
1696958519653640000,14.874639892578125,2.248976707458496,-0.31441235542297363,0.18626165390014648
1696958519663653600,14.884653564453124,0.5421962738037109,-0.7459925413131714,0.057849764823913574
1696958519673667000,14.8946669921875,-0.44374561309814453,-0.4359273910522461,-0.4210202097892761
1696958519683680800,14.9046806640625,-0.11297130584716797,-0.6599892377853394,0.20752573013305664
1696958519693694200,14.914694091796875,2.032820701599121,-0.307361364364624,0.054852962493896484
1696958519703708000,14.9247080078125,-0.9111347198486328,-0.40709829330444336,-0.8542202711105347
1696958519713721600,14.9347216796875,-0.4930877685546875,-0.30060136318206787,-0.22641682624816895
1696958519723735000,14.944735107421875,0.8747768402099609,-0.21296095848083496,-0.43950873613357544
1696958519733748700,14.954748779296875,-1.3491926193237305,-0.34920716285705566,-0.7689659595489502
1696958519743762200,14.96476220703125,-0.8102264404296875,-0.2880946397781372,-0.7682114243507385
1696958519753775900,14.97477587890625,-0.2345714569091797,-0.5327838659286499,-0.5746187567710876
1696958519763789600,14.98478955078125,0.2253589630126953,-0.4293938875198364,-0.4268639087677002
1696958519773803000,14.994802978515626,-1.198756217956543,-0.5609593391418457,-0.7713096141815186
1696958519783816700,15.004816650390625,-1.6015205383300781,-0.32668328285217285,-0.25136375427246094
1696958519793830100,15.014830078125,0.9452390670776367,0.12135660648345947,0.15455293655395508
1696958519803843800,15.02484375,-1.469975471496582,-0.4865976572036743,-0.8336750268936157
1696958519813857500,15.034857421875,-1.1028432846069336,-0.3510228395462036,-0.4524480104446411
1696958519823871000,15.04487109375,1.112945556640625,-0.5793443918228149,-0.21995329856872559
1696958519833884700,15.054884765625,-1.9048166275024414,-0.12272858619689941,-0.6314758658409119
1696958519843898000,15.064898193359374,-0.06968021392822266,-0.20030474662780762,-0.8386915922164917
1696958519853911800,15.074911865234375,-0.5277538299560547,-0.2654402256011963,-0.24975693225860596
1696958519863925500,15.084925537109376,-0.11984825134277344,-0.44875943660736084,-0.10652023553848267
1696958519873939000,15.09493896484375,-1.194711685180664,-0.6036388874053955,-0.8203803896903992
1696958519883952600,15.10495263671875,-0.7754058837890625,-0.010448932647705078,-0.17746520042419434
1696958519893966000,15.114966064453125,1.8216218948364258,0.15960168838500977,-0.14686965942382812
1696958519903979800,15.124979736328125,-1.1311588287353516,-0.4994598627090454,-0.9914980530738831
1696958519913993500,15.134993408203124,-0.8365564346313477,-0.2919321060180664,-0.47163355350494385
1696958519924007000,15.1450068359375,1.383066177368164,0.05639910697937012,0.027274787425994873
1696958519934020600,15.1550205078125,-0.540924072265625,-0.18590831756591797,-0.21863645315170288
1696958519944034000,15.165033935546875,-0.9456081390380859,-0.34720706939697266,-0.16816580295562744
1696958519954047700,15.1750478515625,0.6099433898925781,-0.6906558275222778,-0.00516510009765625
1696958519964061400,15.1850615234375,1.196608543395996,0.1550154685974121,-0.45091044902801514
1696958519974075000,15.195074951171875,-1.2718477249145508,-0.358005166053772,-0.6824139952659607
1696958519984088600,15.205088623046874,0.22722721099853516,-0.4360395669937134,0.5056580901145935
1696958519994102000,15.21510205078125,2.620915412902832,-0.13505470752716064,0.5059618949890137
1696958520004115700,15.22511572265625,-0.6920232772827148,0.43001997470855713,0.0920286774635315
1696958520014129400,15.23512939453125,0.5277643203735352,-0.5559207201004028,0.120799720287323
1696958520024142800,15.245142822265626,1.319838523864746,-0.3477442264556885,0.33902114629745483
1696958520034156500,15.255156494140625,-0.7286825180053711,-0.47630226612091064,-0.22226840257644653
1696958520044170000,15.265169921875,0.19513225555419922,-0.15460121631622314,-0.5006166100502014
1696958520054183700,15.27518359375,1.8146171569824219,-0.6178411245346069,-0.015610158443450928
1696958520064197400,15.285197265625,0.5394649505615234,-0.007787227630615234,0.489091157913208
1696958520074210800,15.2952109375,0.007256507873535156,-0.23110878467559814,-0.23144996166229248
1696958520084224500,15.305224609375,0.5517549514770508,-0.4079468250274658,-0.1269371509552002
1696958520094238000,15.315238037109374,1.281743049621582,-0.359264612197876,0.03898024559020996
1696958520104251600,15.325251708984375,-0.8862695693969727,0.16029250621795654,-0.47514504194259644
1696958520114265300,15.335265380859376,0.5634822845458984,-0.3185751438140869,-0.2161979079246521
1696958520124278800,15.34527880859375,1.751974105834961,-0.3782780170440674,-0.3926845192909241
1696958520134292500,15.35529248046875,-2.5532383918762207,-0.5114275217056274,-0.4511948823928833
1696958520144306000,15.365305908203124,0.31041622161865234,0.17281031608581543,-0.33519768714904785
1696958520154319600,15.375319580078125,0.14710330963134766,-0.3461679220199585,-0.2734861969947815
1696958520164333300,15.385333251953124,-1.129420280456543,-0.20347583293914795,-0.4854273200035095
1696958520174346800,15.3953466796875,-0.22363567352294922,-0.09728562831878662,-0.44398295879364014
1696958520184360400,15.4053603515625,-0.9976491928100586,-0.2987133264541626,-0.4056053161621094
1696958520194374000,15.415373779296875,1.159658432006836,-0.5445224046707153,-0.33023518323898315
1696958520204387600,15.4253876953125,-2.131194591522217,-0.09825587272644043,-0.7360290288925171
1696958520214401300,15.4354013671875,1.1420707702636719,-0.45480287075042725,-0.4894578456878662
1696958520224414700,15.445414794921875,-0.4902925491333008,-0.2589447498321533,-0.421086847782135
1696958520234428400,15.455428466796874,-0.3079109191894531,-0.4880753755569458,-0.722031831741333
1696958520244441900,15.46544189453125,-1.4064435958862305,-0.762738823890686,-0.7395520210266113
1696958520254455600,15.47545556640625,1.7414608001708984,-0.3024168014526367,-0.09137493371963501
1696958520264469200,15.48546923828125,1.264054298400879,-0.35121726989746094,-1.1171257495880127
1696958520274482700,15.495482666015626,-2.3993191719055176,-0.02308821678161621,-0.3000732660293579
1696958520284496400,15.505496337890625,3.718067169189453,-0.6147583723068237,-0.1821233630180359
1696958520294509800,15.515509765625,-1.6090545654296875,-0.3047240972518921,-0.3237631320953369
1696958520304523500,15.5255234375,-0.45849609375,-0.48717713356018066,-0.29968780279159546
1696958520314537200,15.535537109375,1.282231330871582,-0.45064079761505127,-0.09980720281600952
1696958520324550700,15.545550537109374,0.7969293594360352,-0.17614424228668213,0.02723872661590576
1696958520334564400,15.555564453125,0.15937328338623047,-0.6272009611129761,-0.6682396531105042
1696958520344577800,15.565577880859376,-0.2948751449584961,-0.4704216718673706,-0.0017983317375183105
1696958520354591500,15.575591552734375,2.6403064727783203,-0.4332031011581421,0.19048893451690674
1696958520364605200,15.585605224609376,-1.561605453491211,-0.21634340286254883,-0.27981382608413696
1696958520374618600,15.59561865234375,0.9366645812988281,-0.2702544927597046,-0.021906137466430664
1696958520384632300,15.60563232421875,0.04602813720703125,-0.3141758441925049,-0.05362510681152344
1696958520394645800,15.615645751953124,-1.0386371612548828,-0.39388132095336914,-0.3964901566505432
1696958520404659500,15.625659423828125,0.5651264190673828,-0.1802908182144165,-0.9107747673988342
1696958520414673200,15.635673095703124,-0.6351213455200195,-0.3689281940460205,-0.4485781192779541
1696958520424686600,15.6456865234375,0.9391651153564453,-0.2445434331893921,-0.4363049268722534
1696958520434700300,15.6557001953125,-2.373995304107666,0.11378788948059082,-0.6299575567245483
1696958520444713700,15.665713623046875,0.016597747802734375,-0.5518417358398438,-0.18310844898223877
1696958520454727400,15.6757275390625,0.557551383972168,-0.14023077487945557,0.058087825775146484
1696958520464741000,15.6857412109375,-1.9616427421569824,-0.13533055782318115,-0.08272629976272583
1696958520474754600,15.695754638671875,1.4359941482543945,-0.15733766555786133,-0.26259845495224
1696958520484768300,15.705768310546874,-0.47351551055908203,-0.16105437278747559,0.09736448526382446
1696958520494781700,15.71578173828125,-1.2560920715332031,-0.19238758087158203,-0.1533530354499817
1696958520504795400,15.72579541015625,0.060947418212890625,0.12921416759490967,-0.09836149215698242
1696958520514809000,15.73580908203125,0.1517467498779297,-0.4122418165206909,0.09765207767486572
1696958520524822500,15.745822509765626,-2.486431121826172,-0.14858472347259521,-0.07154983282089233
1696958520534836200,15.755836181640625,-1.70654296875,0.333518385887146,-0.2810676097869873
1696958520544849700,15.765849609375,-0.35981178283691406,-0.1727313995361328,-0.6646229028701782
1696958520554863400,15.77586328125,0.3677387237548828,-0.7057574987411499,-0.4811115860939026
1696958520564877000,15.785876953125,1.7429075241088867,-0.6335421800613403,-0.5484508275985718
1696958520574890500,15.795890380859374,-0.1731395721435547,-0.943305253982544,-0.8463550806045532
1696958520584904200,15.805904296875,1.0317554473876953,-0.18071866035461426,0.34769541025161743
1696958520594917600,15.815917724609376,-0.8438196182250977,0.2959088087081909,1.176817774772644
1696958520604931300,15.825931396484375,-2.6781864166259766,0.4399935007095337,0.38171857595443726
1696958520614945000,15.835945068359376,2.694517135620117,1.0842559337615967,0.9657120704650879
1696958520624958500,15.84595849609375,-0.07462596893310547,-1.3402159214019775,-0.3738749623298645
1696958520634972200,15.85597216796875,-0.8927068710327148,-0.11785852909088135,-0.81844562292099
1696958520644985600,15.865985595703124,2.855381965637207,-1.2317510843276978,-1.7771971225738525
1696958520654999300,15.875999267578125,-4.448209762573242,-0.2401810884475708,-0.6066682934761047
1696958520665013000,15.886012939453124,2.7014474868774414,0.29073119163513184,-0.3932647705078125
1696958520675026400,15.8960263671875,-1.7967453002929688,-0.04538428783416748,0.3613513708114624
1696958520685040000,15.9060400390625,1.5621557235717773,-0.7196518182754517,1.061675786972046
1696958520695053600,15.916053466796875,1.1855459213256836,-0.45534002780914307,0.17063474655151367
1696958520705067300,15.9260673828125,-0.5713882446289062,-0.7274433374404907,-0.234882652759552
1696958520715081000,15.9360810546875,0.5338811874389648,0.16739165782928467,-0.7008802890777588
1696958520725094400,15.946094482421875,-0.18416118621826172,0.029209017753601074,-0.2139872908592224
1696958520735108000,15.956108154296874,1.1967344284057617,0.4895287752151489,-0.46174806356430054
1696958520745121500,15.96612158203125,1.8340234756469727,-0.13757896423339844,0.0515938401222229
1696958520755135200,15.97613525390625,-1.5872478485107422,0.12009215354919434,0.0638076663017273
1696958520765149000,15.98614892578125,0.4707050323486328,-0.9265468716621399,0.26353204250335693
1696958520775162400,15.996162353515626,-1.355722427368164,-0.07612216472625732,-0.23440223932266235
1696958520785176000,16.006176025390626,-0.2108306884765625,-0.4681100845336914,-0.8869388103485107
1696958520795189500,16.016189453125,-0.4494304656982422,0.40458977222442627,-0.8562763333320618
1696958520805203200,16.026203125,2.6147022247314453,-0.2195955514907837,-0.318991482257843
1696958520815217000,16.036216796875,-1.219548225402832,-0.18613648414611816,-0.3917543888092041
1696958520825230300,16.046230224609374,-0.27547168731689453,-0.1660386323928833,0.013737380504608154
1696958520835244000,16.056244140625,1.1203699111938477,-0.18792855739593506,-0.008900225162506104
1696958520845257500,16.066257568359376,-1.4820575714111328,-0.3443925380706787,-0.2930908799171448
1696958520855271200,16.076271240234377,0.0073337554931640625,0.06445026397705078,-0.41821902990341187
1696958520865284900,16.086284912109374,1.2210159301757812,-0.43222153186798096,0.10476231575012207
1696958520875298300,16.09629833984375,0.7158708572387695,0.11739647388458252,-0.40324097871780396
1696958520885312000,16.10631201171875,-0.5285634994506836,-0.6801724433898926,-0.7078999280929565
1696958520895325400,16.116325439453124,-1.4640865325927734,-0.19583594799041748,-0.40867382287979126
1696958520905339100,16.126339111328125,2.095015525817871,-0.3743842840194702,-0.06043773889541626
1696958520915352800,16.136352783203126,-1.1978435516357422,-0.5228114128112793,-0.9414424300193787
1696958520925366300,16.1463662109375,-0.9128541946411133,-0.5401952266693115,-0.0514758825302124
1696958520935380000,16.1563798828125,2.941265106201172,0.18394732475280762,0.062272489070892334
1696958520945393400,16.166393310546876,-1.1036033630371094,-0.1686941385269165,-0.5196885466575623
1696958520955407000,16.176406982421874,-0.05924224853515625,-0.5732300281524658,-0.31729304790496826
1696958520965420800,16.1864208984375,1.613926887512207,-0.44990766048431396,0.3705049157142639
1696958520975434500,16.1964345703125,0.2532033920288086,-0.5062148571014404,0.0346110463142395
1696958520985448200,16.2064482421875,-0.4785623550415039,-0.3910945653915405,-0.26614177227020264
1696958520995461600,16.216461669921873,1.2386035919189453,-0.20326507091522217,0.46690016984939575
1696958521005475300,16.226475341796874,0.8106956481933594,-0.0778188705444336,0.03493976593017578
1696958521015489000,16.236489013671875,-1.967475414276123,-0.4413564205169678,-0.08835732936859131
1696958521025502700,16.246502685546876,1.2583656311035156,-0.27733898162841797,0.2135411500930786
1696958521035516400,16.256516357421877,0.4962654113769531,0.08107364177703857,0.5780701637268066
1696958521045530000,16.266530029296874,-1.3348884582519531,0.1404362916946411,-0.23251384496688843
1696958521055543600,16.27654345703125,-0.9778871536254883,-1.6770806312561035,-0.2882399559020996
1696958521065557200,16.28655712890625,1.5148115158081055,-1.8764896392822266,-0.16411304473876953
1696958521075571000,16.296571044921876,-0.4757041931152344,1.152424931526184,0.26439976692199707
1696958521085584600,16.306584716796873,0.14241981506347656,2.503615379333496,0.9793870449066162
1696958521095598300,16.316598388671874,2.655445098876953,-0.7932770252227783,1.322555422782898
1696958521105611800,16.32661181640625,-0.30404090881347656,-1.6209018230438232,1.5845283269882202
1696958521115625500,16.33662548828125,-2.6645331382751465,-0.19153642654418945,0.5801619291305542
1696958521125639200,16.34663916015625,0.9111394882202148,-0.7678386569023132,0.20809173583984375
1696958521135652900,16.35665283203125,1.0710315704345703,-0.636257529258728,-2.2696127891540527
1696958521145666600,16.36666650390625,-5.080687522888184,1.2215712070465088,-1.0043375492095947
1696958521155680000,16.376679931640624,3.988779067993164,-0.019525647163391113,1.8214908838272095
1696958521165693700,16.386693603515624,0.3661966323852539,-1.0953062772750854,0.2574809789657593
1696958521175707400,16.396707275390625,-0.27524280548095703,-0.903731644153595,-1.0395829677581787
1696958521185721000,16.40672119140625,-2.4860382080078125,0.8128974437713623,0.38233673572540283
1696958521195734800,16.41673486328125,3.493708610534668,0.5673874616622925,1.3383759260177612
1696958521205748200,16.426748291015624,-0.4330158233642578,-1.3094788789749146,0.07381820678710938
1696958521215762000,16.436761962890625,-2.6735262870788574,-0.17447710037231445,-0.573336124420166
1696958521225775600,16.446775634765626,3.7512969970703125,0.5602807998657227,0.19002366065979004
1696958521235789300,16.456789306640626,-1.685654640197754,0.08212542533874512,-0.06744945049285889
1696958521245803000,16.466802978515624,-0.6595191955566406,-0.9983945488929749,-0.0838690996170044
1696958521255816400,16.47681640625,-1.1304311752319336,-0.8208421468734741,-0.16310882568359375
1696958521265830100,16.486830078125,-0.6967906951904297,0.4091982841491699,0.27523601055145264
1696958521275843800,16.49684375,0.6333475112915039,0.28503870964050293,-0.680500864982605
1696958521285857300,16.506857177734375,-0.7154140472412109,-0.4248380661010742,-0.3421581983566284
1696958521295871000,16.51687109375,-0.3404092788696289,-0.19663071632385254,-0.18070310354232788
1696958521305884400,16.526884521484376,-0.3058738708496094,-0.26444125175476074,-0.2573828101158142
1696958521315898000,16.536898193359374,-0.05608558654785156,-0.25596165657043457,0.21336913108825684
1696958521325911800,16.546911865234375,0.8188390731811523,-0.20434021949768066,0.2075883150100708
1696958521335925200,16.55692529296875,-0.5065650939941406,-0.12545347213745117,-0.5440807342529297
1696958521345939000,16.56693896484375,-0.012788772583007812,0.17569255828857422,-0.2726479172706604
1696958521355952400,16.576952392578125,1.7988557815551758,-0.16128766536712646,0.18542945384979248
1696958521365966000,16.586966064453126,-0.44629859924316406,-0.6330125331878662,-0.2044413685798645
1696958521375979800,16.596979736328127,-0.1344451904296875,-0.39094531536102295,-0.14446669816970825
1696958521385993200,16.6069931640625,2.963132858276367,-0.14517366886138916,0.30959367752075195
1696958521396007000,16.6170068359375,-0.2739448547363281,-0.2874096632003784,0.027373671531677246
1696958521406020400,16.627020263671874,-0.2444753646850586,-0.2582303285598755,-0.14555096626281738
1696958521416034000,16.637033935546874,1.4434423446655273,-0.2643318176269531,0.5468535423278809
1696958521426047700,16.6470478515625,1.1010017395019531,-0.39249634742736816,0.0012276172637939453
1696958521436061200,16.657061279296876,-0.7888021469116211,0.1888662576675415,0.38040411472320557
1696958521446075000,16.667074951171877,1.1914939880371094,-0.2613396644592285,0.6158066987991333
1696958521456088300,16.67708837890625,-0.4167652130126953,-0.2844202518463135,0.576837420463562
1696958521466102000,16.68710205078125,-0.7167692184448242,-0.39449429512023926,0.021708369255065918
1696958521476115700,16.69711572265625,-0.6290674209594727,-0.036307334899902344,-0.00941932201385498
1696958521486129200,16.707129150390625,1.2030420303344727,0.4749356508255005,0.548203706741333
1696958521496142800,16.717142822265625,-0.7257242202758789,-0.5476788282394409,-0.038710713386535645
1696958521506156300,16.72715625,-1.7850399017333984,0.04889070987701416,0.09894096851348877
1696958521516170000,16.737169921875,1.9995193481445312,-0.042378783226013184,0.6063603162765503
1696958521526183700,16.74718359375,-1.5081520080566406,-0.3597848415374756,0.10236895084381104
1696958521536197000,16.757197021484377,-0.5011129379272461,-0.45082521438598633,0.28745782375335693
1696958521546210800,16.7672109375,1.1774206161499023,-0.21234917640686035,0.42840123176574707
1696958521556224300,16.777224365234375,-0.8372745513916016,-0.20601916313171387,0.6298602819442749
1696958521566238000,16.787238037109375,0.7220306396484375,0.0536501407623291,-0.25494641065597534
1696958521576251600,16.797251708984376,-0.785090446472168,-0.22842073440551758,0.12261307239532471
1696958521586265000,16.80726513671875,1.2764396667480469,-0.1115795373916626,0.2512388229370117
1696958521596278800,16.81727880859375,-1.2307367324829102,-0.3336430788040161,-0.2789819836616516
1696958521606292200,16.827292236328127,-1.0320625305175781,-0.8928995728492737,-0.2410602569580078
1696958521616306000,16.837305908203124,2.0482988357543945,-0.22272169589996338,0.3952568769454956
1696958521626319600,16.847319580078125,-0.9335956573486328,-0.34983718395233154,-0.5675272345542908
1696958521636333000,16.8573330078125,-0.7688426971435547,-0.2835582494735718,0.06655776500701904
1696958521646346800,16.8673466796875,2.1865501403808594,-0.11305689811706543,0.3358827829360962
1696958521656360200,16.877360107421875,-0.9913644790649414,-0.31655287742614746,0.015571832656860352
1696958521666374000,16.887373779296876,-0.506622314453125,-0.22760224342346191,-0.22190457582473755
1696958521676387600,16.8973876953125,1.1770286560058594,-0.44905924797058105,0.5200682878494263
1696958521686401000,16.907401123046874,0.6678075790405273,-0.15351521968841553,0.14532172679901123
1696958521696414700,16.917414794921875,-1.0160255432128906,-0.24581897258758545,0.25658226013183594
1696958521706428200,16.92742822265625,1.1699638366699219,0.17236530780792236,0.3355104923248291
1696958521716441900,16.93744189453125,0.09690570831298828,-0.5786699056625366,0.36077988147735596
1696958521726455600,16.94745556640625,-1.7242679595947266,0.026322126388549805,0.010790467262268066
1696958521736469000,16.957468994140626,1.2899904251098633,-0.7338368892669678,-0.24425017833709717
1696958521746482700,16.967482666015623,-1.1975946426391602,0.30710482597351074,0.08243513107299805
1696958521756496100,16.97749609375,-0.3107442855834961,-0.5339006185531616,0.04065859317779541
1696958521766509800,16.987509765625,-1.1895084381103516,-0.02171456813812256,-0.23411953449249268
1696958521776523500,16.9975234375,1.198343276977539,-0.3470417261123657,0.2098008394241333
1696958521786537000,17.007536865234375,-2.6608810424804688,-0.04260849952697754,-0.054878294467926025
1696958521796550700,17.017550537109376,0.26512622833251953,-0.6642367839813232,0.10863566398620605
1696958521806564000,17.027564208984376,0.4704561233520508,0.4895038604736328,0.46700894832611084
1696958521816577800,17.037577880859374,-0.6634016036987305,-0.36460745334625244,0.24857103824615479
1696958521826591500,17.047591552734374,0.07851505279541016,-0.2924455404281616,-0.17236506938934326
1696958521836605000,17.05760498046875,0.6950044631958008,-0.19996964931488037,0.3986626863479614
1696958521846618600,17.06761865234375,-0.66864013671875,-0.22984516620635986,0.18828773498535156
1696958521856632000,17.077632080078125,-0.1083669662475586,-0.1106882095336914,0.36543774604797363
1696958521866645800,17.087645751953126,2.395890235900879,0.33277273178100586,0.24352574348449707
1696958521876659500,17.097659423828127,-1.5477209091186523,-0.43821191787719727,0.3464317321777344
1696958521886673000,17.1076728515625,1.9194831848144531,-0.2833050489425659,0.046913862228393555
1696958521896686600,17.1176865234375,0.5911121368408203,0.2389237880706787,0.1020122766494751
1696958521906700000,17.127699951171873,-1.0259513854980469,0.0792464017868042,0.07208001613616943
1696958521916713700,17.137713623046874,0.6575069427490234,-0.9362753033638,0.1340172290802002
1696958521926727400,17.1477275390625,1.2864742279052734,0.4952951669692993,0.2548506259918213
1696958521936740900,17.157740966796876,-0.8054265975952148,-0.16669178009033203,-0.20538270473480225
1696958521946754600,17.167754638671877,-0.7519216537475586,-0.4860290288925171,0.18678534030914307
1696958521956768000,17.17776806640625,2.48024845123291,-0.24248290061950684,0.20987391471862793
1696958521966781700,17.18778173828125,-3.3513646125793457,-0.28242313861846924,-0.32489997148513794
1696958521976795400,17.19779541015625,1.3820219039916992,-0.5040676593780518,-0.3852531909942627
1696958521986809000,17.20780908203125,0.7341680526733398,0.07326793670654297,-0.0924111008644104
1696958521996822500,17.217822509765625,-1.690617561340332,-0.7468616962432861,-0.0035938024520874023
1696958522006836200,17.227836181640626,1.9783000946044922,0.010709881782531738,-0.08740341663360596
1696958522016850000,17.237849853515623,-0.30518054962158203,0.13446521759033203,-0.02453404664993286
1696958522026863600,17.247863525390624,-1.5711593627929688,-0.600127100944519,0.20604205131530762
1696958522036877300,17.257877197265625,2.542117118835449,-0.23956561088562012,0.33468109369277954
1696958522046890800,17.267890869140626,-0.7704296112060547,0.3943730592727661,-0.11586958169937134
1696958522056904400,17.277904541015626,-0.6688041687011719,0.0006242990493774414,0.3787161111831665
1696958522066918100,17.287918212890624,2.472087860107422,-0.2113196849822998,0.055532634258270264
1696958522076931800,17.297931884765624,-3.8080601692199707,-0.10174083709716797,0.03450196981430054
1696958522086945500,17.307945556640625,2.1880083084106445,-0.24646222591400146,0.3365960121154785
1696958522096959000,17.317958984375,-0.6652030944824219,0.07942605018615723,-0.289711058139801
1696958522106972700,17.32797265625,-1.3615989685058594,-0.26501333713531494,0.1438201665878296
1696958522116986400,17.337986328125,2.1441421508789062,0.011945366859436035,0.4282134771347046
1696958522127000000,17.348,-1.674560546875,0.10912191867828369,-0.14074069261550903
1696958522137013800,17.358013671875,0.19252395629882812,-0.46553587913513184,0.20828098058700562
1696958522147027500,17.36802734375,1.2814903259277344,-0.10779237747192383,0.29754364490509033
1696958522157041000,17.378041015625,-1.5556859970092773,-0.028631210327148438,-0.07760953903198242
1696958522167054600,17.3880546875,1.314702033996582,-0.11484158039093018,0.34208613634109497
1696958522177068300,17.398068359375,-0.41349124908447266,0.18578052520751953,0.31117045879364014
1696958522187082000,17.40808203125,-0.9054059982299805,-0.2601104974746704,0.23194974660873413
1696958522197095700,17.418095703125,1.4381418228149414,-0.21248292922973633,0.303499698638916
1696958522207109000,17.428109130859376,-1.141326904296875,-0.25677967071533203,-0.15863460302352905
1696958522217122800,17.438122802734377,0.16568660736083984,0.2527651786804199,0.5419010519981384
1696958522227136500,17.448136474609374,1.0586938858032227,0.04088163375854492,-0.014867424964904785
1696958522237150200,17.458150146484375,-1.1090326309204102,-0.2562319040298462,-0.20303040742874146
1696958522247164000,17.468163818359375,0.82879638671875,-0.25800538063049316,0.12409472465515137
1696958522257177300,17.47817724609375,-0.08124160766601562,0.007423281669616699,-0.24597400426864624
1696958522267191000,17.48819091796875,0.24355602264404297,-0.30211424827575684,-0.09939759969711304
1696958522277204700,17.498204833984374,0.1329936981201172,0.33761847019195557,0.08932459354400635
1696958522287218400,17.508218505859375,0.060764312744140625,-0.11879622936248779,0.0024362802505493164
1696958522297232100,17.518232177734376,-0.07827281951904297,-0.3285684585571289,0.22036445140838623
1696958522307245600,17.52824560546875,-0.049498558044433594,-0.5412255525588989,-0.23402708768844604
1696958522317259300,17.53825927734375,0.00302886962890625,0.17608904838562012,-0.4790996313095093
1696958522327273000,17.54827294921875,0.12267494201660156,-0.17626452445983887,-0.6098365187644958
1696958522337286700,17.55828662109375,-0.9097280502319336,-0.25901174545288086,-0.7366622686386108
1696958522347300400,17.56830029296875,1.224287986755371,-0.0396273136138916,-0.1108100414276123
1696958522357313800,17.578313720703125,-1.425765037536621,-0.11608672142028809,-0.5262356996536255
1696958522367327500,17.588327392578126,0.8096332550048828,-0.1333245038986206,-0.16425716876983643
1696958522377341200,17.598341064453123,0.19195842742919922,0.4247177839279175,0.16471701860427856
1696958522387355000,17.60835498046875,-0.8979291915893555,-0.19775712490081787,0.19580578804016113
1696958522397368600,17.61836865234375,1.3550119400024414,0.2126222848892212,-0.20732158422470093
1696958522407382000,17.628382080078126,-1.3956804275512695,-0.4332695007324219,0.15138167142868042
1696958522417395700,17.638395751953126,1.0973072052001953,0.40621137619018555,0.32417386770248413
1696958522427409200,17.6484091796875,-0.9839229583740234,0.3464822769165039,0.4514574408531189
1696958522437422800,17.6584228515625,-0.47063446044921875,-0.12916791439056396,0.5571142435073853
1696958522447436500,17.6684365234375,0.5959768295288086,-0.40049123764038086,0.23413312435150146
1696958522457450000,17.678449951171874,-2.459296226501465,0.18853139877319336,0.2812369465827942
1696958522467463700,17.688463623046875,2.501765251159668,0.45246684551239014,-0.012888729572296143
1696958522477477000,17.69847705078125,-1.9629688262939453,-0.2554192543029785,-0.03460383415222168
1696958522487490800,17.70849072265625,0.9945964813232422,0.040657758712768555,0.25535690784454346
1696958522497504500,17.71850439453125,-0.6900730133056641,0.3049631118774414,0.1058153510093689
1696958522507518000,17.72851806640625,-0.5121641159057617,-0.26590847969055176,-0.37449049949645996
1696958522517531600,17.73853173828125,0.6837587356567383,-0.15593194961547852,-0.10400456190109253
1696958522527545000,17.748545166015624,-1.2054519653320312,0.37505435943603516,0.16632485389709473
1696958522537558800,17.758558837890625,2.5149030685424805,-0.04771244525909424,0.35550761222839355
1696958522547572500,17.768572509765626,-1.5293245315551758,-0.5770236253738403,-0.16944700479507446
1696958522557586000,17.7785859375,1.217214584350586,0.3328903913497925,0.5312392115592957
1696958522567599600,17.788599609375,0.29186058044433594,-0.015996813774108887,0.09032410383224487
1696958522577613000,17.798613037109376,-0.8225297927856445,-0.12797725200653076,0.3416297435760498
1696958522587626800,17.808626708984374,2.787266731262207,-0.1518545150756836,0.2594900131225586
1696958522597640400,17.818640380859375,-2.0415263175964355,-0.06887435913085938,-0.15903061628341675
1696958522607654000,17.82865380859375,2.068026542663574,0.5048133134841919,0.268099308013916
1696958522617667600,17.83866748046875,-0.24532127380371094,-0.5684382915496826,-0.4227074384689331
1696958522627681000,17.848680908203125,-1.4444799423217773,0.3198249340057373,0.2226596474647522
1696958522637694700,17.85869482421875,2.6921825408935547,-0.06890511512756348,-0.36064785718917847
1696958522647708400,17.86870849609375,-3.4837570190429688,0.3617967367172241,-0.24432891607284546
1696958522657721900,17.878721923828124,2.6744680404663086,0.14715540409088135,-0.04423511028289795
1696958522667735600,17.888735595703125,-3.1812477111816406,-0.34478068351745605,-0.7060661911964417
1696958522677749000,17.8987490234375,0.44376277923583984,0.48135507106781006,-0.3735851049423218
1696958522687762700,17.9087626953125,0.027098655700683594,-0.4634753465652466,-0.7860852479934692
1696958522697776400,17.9187763671875,-2.7922754287719727,0.4677473306655884,-0.02221858501434326
1696958522707789800,17.928789794921876,2.4520883560180664,-0.10163223743438721,-0.18569660186767578
1696958522717803500,17.938803466796877,-3.608461380004883,0.09015238285064697,-0.6538439393043518
1696958522727817000,17.94881689453125,1.5279054641723633,0.25445568561553955,0.017981112003326416
1696958522737830700,17.95883056640625,-0.34406089782714844,0.2334461212158203,-0.22725415229797363
1696958522747844400,17.96884423828125,-1.5239133834838867,0.3331183195114136,-0.27743440866470337
1696958522757857800,17.97885791015625,0.8882637023925781,0.08863258361816406,0.15128260850906372
1696958522767871500,17.98887158203125,-1.173762321472168,0.5861480236053467,0.16977852582931519
1696958522777885000,17.998885009765626,0.26213550567626953,-0.13409006595611572,-0.0028858184814453125
1696958522787898600,18.008898681640623,-0.5129032135009766,0.21584367752075195,0.2516022324562073
1696958522797912300,18.018912353515624,0.15195846557617188,0.0888071060180664,0.17442798614501953
1696958522807925800,18.02892578125,-0.752197265625,0.137687087059021,-0.07940030097961426
1696958522817939500,18.038939453125,0.6920833587646484,0.17970049381256104,-0.21345579624176025
1696958522827953000,18.048952880859375,-0.37072181701660156,0.2458406686782837,0.11419850587844849
1696958522837966600,18.058966552734375,0.3986024856567383,0.050820231437683105,-0.2698957324028015
1696958522847980300,18.068980224609376,0.6315832138061523,0.6284278631210327,0.19742107391357422
1696958522857993700,18.07899365234375,0.31378936767578125,-0.3325533866882324,-0.3083845376968384
1696958522868007400,18.08900732421875,-0.07418251037597656,0.18317866325378418,0.3117241859436035
1696958522878020900,18.099020751953127,0.7043247222900391,-0.07323694229125977,0.2947465777397156
1696958522888034600,18.10903466796875,0.8265848159790039,0.2250053882598877,0.07175290584564209
1696958522898048300,18.11904833984375,-0.6286869049072266,0.13452649116516113,0.25471919775009155
1696958522908061700,18.129061767578126,1.5374040603637695,0.18041503429412842,0.2798144221305847
1696958522918075400,18.139075439453126,-1.7642722129821777,0.21595513820648193,0.09325557947158813
1696958522928088800,18.1490888671875,1.1500015258789062,-0.11267662048339844,0.2071591019630432
1696958522938102500,18.1591025390625,-0.6163902282714844,0.5368459224700928,0.16553467512130737
1696958522948116200,18.1691162109375,1.4489355087280273,-0.3987910747528076,-0.5842856764793396
1696958522958130000,18.1791298828125,-1.5459651947021484,0.4505394697189331,-0.10607808828353882
1696958522968143600,18.1891435546875,2.270623207092285,-0.09126639366149902,-0.22477269172668457
1696958522978157000,18.199156982421876,-1.4669017791748047,0.18614041805267334,0.0102120041847229
1696958522988170800,18.209170654296877,2.602747917175293,-0.19647395610809326,-0.16215825080871582
1696958522998184400,18.219184326171874,-2.110384941101074,0.16969645023345947,-0.002109348773956299
1696958523008198100,18.2291982421875,1.9227123260498047,0.528369665145874,-0.047050416469573975
1696958523018211800,18.2392119140625,-0.590815544128418,-0.2247302532196045,-0.4565000534057617
1696958523028225300,18.249225341796876,0.42829036712646484,0.4904930591583252,-0.11617118120193481
1696958523038239000,18.259239013671873,0.15015029907226562,0.16009044647216797,-0.1157679557800293
1696958523048252700,18.269252685546874,-1.389251708984375,0.04969525337219238,-0.45213985443115234
1696958523058266400,18.279266357421875,-0.31539154052734375,0.3354102373123169,-0.5725258588790894
1696958523068280000,18.289280029296876,-0.8593988418579102,0.1471090316772461,-0.531302809715271
1696958523078293800,18.299293701171877,-2.04221773147583,0.3516097068786621,-0.5892454385757446
1696958523088307200,18.30930712890625,0.5909156799316406,0.2330613136291504,-0.6855108737945557
1696958523098321000,18.31932080078125,-1.6465511322021484,0.4641796350479126,-0.4198951721191406
1696958523108334600,18.32933447265625,0.7849044799804688,-0.05946183204650879,-0.16551196575164795
1696958523118348300,18.339348388671876,-1.5439138412475586,0.2869720458984375,0.20021170377731323
1696958523128362000,18.349362060546873,0.6337699890136719,0.2133876085281372,-0.0845608115196228
1696958523138375400,18.35937548828125,-0.6389474868774414,0.24517011642456055,-0.05969405174255371
1696958523148389000,18.36938916015625,0.5235786437988281,0.2748521566390991,-0.0716099739074707
1696958523158402800,18.37940283203125,-0.4527549743652344,0.2263941764831543,-0.3232554793357849
1696958523168416500,18.38941650390625,0.28397178649902344,0.20315659046173096,-0.19044214487075806
1696958523178430200,18.39943017578125,-0.1469287872314453,0.08337748050689697,-0.01237112283706665
1696958523188443600,18.409443603515626,1.1959762573242188,0.03598940372467041,-0.27617335319519043
1696958523198457300,18.419457275390624,-0.9429759979248047,0.2876814603805542,-0.05173802375793457
1696958523208471000,18.429470947265624,1.2668085098266602,0.007390260696411133,0.036831557750701904
1696958523218484700,18.439484619140625,-0.9869785308837891,0.281255841255188,-0.11472588777542114
1696958523228498400,18.44949853515625,1.5000734329223633,-0.03173840045928955,-0.34225237369537354
1696958523238511900,18.459511962890623,-1.4993829727172852,0.2781335115432739,-0.14138829708099365
1696958523248525600,18.469525634765624,1.2087554931640625,0.16700422763824463,-0.011875271797180176
1696958523258539300,18.479539306640625,-1.1161413192749023,0.22661364078521729,0.03733325004577637
1696958523268553000,18.489552978515626,1.3902473449707031,-0.13753819465637207,-0.3298340439796448
1696958523278566700,18.499566650390626,-1.6372966766357422,0.3181706666946411,0.3440934419631958
1696958523288580000,18.509580078125,1.7590751647949219,0.6673656702041626,0.2823988199234009
1696958523298593800,18.51959375,-0.8827552795410156,-0.10236465930938721,-0.018558979034423828
1696958523308607500,18.529607421875,-0.35062122344970703,0.42815279960632324,0.2346944808959961
1696958523318621200,18.53962109375,0.5535240173339844,0.5089142322540283,0.18781137466430664
1696958523328635000,18.549634765625,-0.8772602081298828,0.4326663017272949,-0.18118083477020264
1696958523338648300,18.5596484375,0.3145761489868164,-0.31918859481811523,-0.21369874477386475
1696958523348662000,18.569662109375,-0.33635711669921875,0.5172281265258789,-0.5579750537872314
1696958523358675700,18.57967578125,-0.36449623107910156,0.383456826210022,-0.6787559986114502
1696958523368689400,18.589689453125,0.08537483215332031,0.08161556720733643,-0.8408987522125244
1696958523378703000,18.599703125,-0.6650829315185547,-0.008537888526916504,-0.37269002199172974
1696958523388716500,18.609716552734376,-0.09963321685791016,0.1729741096496582,-0.5704106688499451
1696958523398730200,18.619730224609373,-0.41479015350341797,0.4418736696243286,-0.6102244853973389
1696958523408744000,18.629743896484374,0.3844766616821289,-0.019019603729248047,-0.33657389879226685
1696958523418757600,18.639757568359375,-0.19934368133544922,-0.16124677658081055,-0.2731941342353821
1696958523428771000,18.64977099609375,0.5610313415527344,0.06253278255462646,-0.5096275806427002
1696958523438784800,18.65978466796875,-0.18082904815673828,0.5409548282623291,-0.21247446537017822
1696958523448798200,18.669798095703126,2.075371742248535,0.09466898441314697,-0.12609493732452393
1696958523458812000,18.67981201171875,-1.7813372611999512,0.0879133939743042,-0.027240872383117676
1696958523468825600,18.68982568359375,3.1496658325195312,0.16370892524719238,0.11704283952713013
1696958523478839000,18.699839111328124,-0.29353809356689453,0.4814702272415161,0.02678835391998291
1696958523488852700,18.709852783203125,0.7769317626953125,0.10849809646606445,-0.02497565746307373
1696958523498866200,18.7198662109375,1.1050243377685547,0.13702726364135742,0.18447929620742798
1696958523508880000,18.7298798828125,-0.21227073669433594,0.03806114196777344,-0.22071290016174316
1696958523518893600,18.7398935546875,0.9542675018310547,-0.0017180442810058594,-0.15940988063812256
1696958523528907000,18.749906982421876,-1.069498062133789,0.22592055797576904,-0.3298420310020447
1696958523538920700,18.759920654296874,0.6679248809814453,0.09237444400787354,0.05213963985443115
1696958523548934100,18.76993408203125,-0.6380672454833984,-0.26594078540802,-0.40870431065559387
1696958523558947800,18.77994775390625,-0.6267023086547852,0.6197978258132935,-0.13524025678634644
1696958523568961500,18.78996142578125,0.22116565704345703,-0.30280601978302,-0.11098659038543701
1696958523578975000,18.79997509765625,-1.4946794509887695,0.19893598556518555,0.0671001672744751
1696958523588988700,18.80998876953125,1.8018627166748047,0.3453577756881714,-0.03253859281539917
1696958523599002000,18.820002197265627,-1.2174091339111328,0.23535561561584473,0.4127291440963745
1696958523609015800,18.830015869140624,0.1902456283569336,-0.021860122680664062,0.13783937692642212
1696958523619029500,18.840029541015625,-0.583928108215332,0.7009632587432861,0.5047425627708435
1696958523629043000,18.85004296875,0.7169322967529297,0.08403432369232178,-0.0653921365737915
1696958523639056600,18.860056640625,-1.5019989013671875,0.5107110738754272,0.17495673894882202
1696958523649070000,18.870070068359375,1.1343927383422852,0.19230222702026367,0.16315323114395142
1696958523659083800,18.880083740234376,-1.3294506072998047,0.06871068477630615,-0.06260967254638672
1696958523669097500,18.890097412109377,0.07346820831298828,0.20623242855072021,-0.12211453914642334
1696958523679111000,18.90011083984375,0.46028614044189453,0.19427168369293213,-0.375088095664978
1696958523689124600,18.91012451171875,-1.5529546737670898,0.09882843494415283,-0.48315441608428955
1696958523699138000,18.920137939453124,0.04195117950439453,0.08111655712127686,-0.3120992183685303
1696958523709151700,18.93015185546875,0.21379947662353516,-0.00032913684844970703,-0.23352861404418945
1696958523719165400,18.94016552734375,-0.9193563461303711,0.20905566215515137,-0.699619710445404
1696958523729179000,18.950178955078126,-0.009200096130371094,-0.12326681613922119,-0.10327655076980591
1696958523739192600,18.960192626953123,0.9516029357910156,0.10842740535736084,-0.18223458528518677
1696958523749206000,18.9702060546875,-1.2251920700073242,-0.24036383628845215,-0.45031532645225525
1696958523759219700,18.9802197265625,1.3731060028076172,0.44772636890411377,0.09313416481018066
1696958523769233400,18.9902333984375,-0.7423887252807617,-0.34425973892211914,-0.2218957543373108
1696958523779246800,19.000246826171875,0.9179344177246094,0.4169764518737793,0.21020948886871338
1696958523789260500,19.010260498046875,0.38549232482910156,-0.4631451368331909,-0.29812389612197876
1696958523799274000,19.02027392578125,-0.4467887878417969,0.4407144784927368,-0.21852785348892212
1696958523809287700,19.03028759765625,1.8196897506713867,0.26540660858154297,-0.17761975526809692
1696958523819301400,19.04030126953125,-0.5929498672485352,0.3185722827911377,0.10838884115219116
1696958523829314800,19.050314697265627,1.3629388809204102,-0.3563575744628906,-0.32807034254074097
1696958523839328500,19.06032861328125,-1.2013025283813477,0.29841148853302,0.08853882551193237
1696958523849342000,19.070342041015625,1.496659278869629,0.43947625160217285,0.39870989322662354
1696958523859355600,19.080355712890626,-0.7908391952514648,0.12949585914611816,0.1406039595603943
1696958523869369300,19.090369384765626,-0.08685684204101562,-0.22417819499969482,0.5158137083053589
1696958523879382800,19.1003828125,1.466780662536621,0.48196661472320557,0.30795133113861084
1696958523889396500,19.110396484375,-1.6385765075683594,0.028424501419067383,0.20564764738082886
1696958523899410000,19.120409912109373,1.0223054885864258,0.050520896911621094,0.25166529417037964
1696958523909423600,19.130423583984374,-0.7485666275024414,0.14086997509002686,0.18620944023132324
1696958523919437300,19.140437255859375,0.03668975830078125,-0.031987905502319336,-0.10395008325576782
1696958523929450800,19.15045068359375,0.22730445861816406,0.08433568477630615,-0.2764764428138733
1696958523939464400,19.16046435546875,-1.6560983657836914,0.019708991050720215,0.12407684326171875
1696958523949478000,19.170477783203125,0.3974027633666992,0.3637990951538086,0.313521146774292
1696958523959491600,19.18049169921875,-0.7125091552734375,-0.2752041816711426,-0.4820651412010193
1696958523969505300,19.19050537109375,-1.9967145919799805,0.2121896743774414,-0.233384907245636
1696958523979518700,19.200518798828124,1.9072084426879883,-0.014514327049255371,-0.5049389600753784
1696958523989532400,19.210532470703125,-2.513197898864746,-0.39843738079071045,-0.5551649332046509
1696958523999546000,19.220546142578126,1.812255859375,-0.026255488395690918,-0.41470253467559814
1696958524009559800,19.230559814453127,-0.4190855026245117,-0.30228090286254883,-0.6769423484802246
1696958524019573500,19.240573486328124,-0.3853645324707031,-0.11296796798706055,-0.3229998052120209
1696958524029587200,19.250587158203125,1.2116432189941406,-0.29006218910217285,0.11127793788909912
1696958524039600600,19.2606005859375,-0.9375791549682617,-0.08644413948059082,-0.1778430938720703
1696958524049614300,19.2706142578125,2.509654998779297,-0.2644885778427124,-0.20033890008926392
1696958524059628000,19.2806279296875,-0.8848171234130859,-0.4381908178329468,-0.4977554976940155
1696958524069641700,19.290641845703124,0.9181976318359375,0.19860303401947021,-0.32937920093536377
1696958524079655400,19.300655517578125,0.6578702926635742,-0.6402013301849365,-0.3536028563976288
1696958524089668900,19.3106689453125,-1.8291282653808594,-0.3656703233718872,-0.5878746509552002
1696958524099682600,19.3206826171875,2.6288414001464844,-0.14583086967468262,-0.6556971073150635
1696958524109696300,19.3306962890625,-1.9743552207946777,-0.5107399225234985,-0.7003327012062073
1696958524119710000,19.3407099609375,1.5135364532470703,-0.05680131912231445,-0.3369033932685852
1696958524129723600,19.3507236328125,-0.11430644989013672,-0.433341383934021,-0.708802342414856
1696958524139737000,19.360737060546874,-1.6197404861450195,0.1661165952682495,0.022416293621063232
1696958524149750800,19.370750732421875,3.124934196472168,-0.37177038192749023,-0.06620901823043823
1696958524159764500,19.380764404296876,-3.3003621101379395,-0.0207216739654541,-0.1661415696144104
1696958524169778200,19.390778076171873,2.102452278137207,-0.5508981943130493,-0.24656730890274048
1696958524179792000,19.4007919921875,-1.0276288986206055,0.009085893630981445,-0.14995938539505005
1696958524189805300,19.410805419921875,-1.0348520278930664,-0.25597357749938965,0.0018610954284667969
1696958524199819000,19.420819091796876,0.4678983688354492,-0.06787824630737305,-0.0738939642906189
1696958524209832700,19.430832763671877,-0.3788614273071289,-0.23216235637664795,-0.13194096088409424
1696958524219846400,19.440846435546874,-1.0139923095703125,-0.42932260036468506,-0.20130270719528198
1696958524229860000,19.450860107421875,1.5448827743530273,0.46731841564178467,-0.19269412755966187
1696958524239873500,19.46087353515625,-0.9532814025878906,-0.5395734310150146,-0.15038079023361206
1696958524249887200,19.47088720703125,-0.9660310745239258,-0.37027406692504883,-0.15237504243850708
1696958524259901000,19.48090087890625,2.2140331268310547,-0.45907509326934814,-0.04240143299102783
1696958524269914600,19.49091455078125,-1.771949291229248,0.26622259616851807,0.11706626415252686
1696958524279928300,19.50092822265625,1.2754383087158203,-0.7737250328063965,-0.13448739051818848
1696958524289941800,19.510941650390624,0.1637706756591797,-0.14922559261322021,-0.063953697681427
1696958524299955500,19.52095556640625,-0.2574148178100586,-0.012142539024353027,0.3687726855278015
1696958524309969200,19.53096923828125,0.33514881134033203,-0.8849584460258484,-0.3593202531337738
1696958524319982800,19.54098291015625,0.654292106628418,-0.4283038377761841,-0.40318048000335693
1696958524329996500,19.55099658203125,0.5524635314941406,0.19778215885162354,-0.2643822431564331
1696958524340010000,19.561010009765624,-0.4816856384277344,-0.7470201253890991,-0.31573593616485596
1696958524350023700,19.571023681640625,1.535996437072754,-0.40508437156677246,-0.4790995419025421
1696958524360037400,19.581037353515626,-0.7947101593017578,-0.4506971836090088,-0.1541835069656372
1696958524370051000,19.591051025390627,-1.0034828186035156,-0.25990593433380127,-0.2714809775352478
1696958524380064800,19.601064697265624,2.028773307800293,-0.23614764213562012,-0.2569119930267334
1696958524390078200,19.611078125,-1.8131146430969238,-0.33558428287506104,-0.2453659027814865
1696958524400092000,19.621091796875,0.38430213928222656,-0.5643709897994995,-0.34740936756134033
1696958524410105600,19.631105712890626,0.3981466293334961,0.14428234100341797,-0.20104333758354187
1696958524420119000,19.641119140625,-0.2957649230957031,-0.7872507572174072,-0.32247602939605713
1696958524430132700,19.6511328125,-1.202824592590332,-0.15695726871490479,-0.3819754719734192
1696958524440146200,19.661146240234373,0.5682363510131836,-0.13105976581573486,-0.03740161657333374
1696958524450159900,19.671159912109374,0.7056446075439453,0.024245738983154297,0.03614300489425659
1696958524460173600,19.681173583984375,-0.14679813385009766,-0.38213086128234863,-0.025420308113098145
1696958524470187000,19.69118701171875,0.34084129333496094,-0.3137131929397583,0.5791670680046082
1696958524480200700,19.70120068359375,1.8069381713867188,-0.3617197275161743,0.24961259961128235
1696958524490214100,19.711214111328125,-1.6192092895507812,0.19642913341522217,0.10779005289077759
1696958524500227800,19.721227783203126,1.447474479675293,-0.6562389135360718,0.32399794459342957
1696958524510241500,19.731241455078123,-0.07583045959472656,0.0013800859451293945,0.12584102153778076
1696958524520255000,19.7412548828125,0.8175735473632812,-0.5652837753295898,-0.5199337601661682
1696958524530268700,19.7512685546875,-2.018303871154785,-0.34654712677001953,-0.4283994734287262
1696958524540282000,19.7612822265625,1.1259765625,-0.07408225536346436,0.042774319648742676
1696958524550295800,19.7712958984375,0.31571483612060547,-0.43078434467315674,-0.3451918959617615
1696958524560309500,19.7813095703125,-1.787977695465088,-0.24176311492919922,-0.5696728229522705
1696958524570323000,19.791322998046876,1.6091861724853516,-0.27695930004119873,-0.030965209007263184
1696958524580336600,19.801336669921874,0.20522689819335938,-0.6616075038909912,-0.3260084092617035
1696958524590350000,19.81135009765625,-1.8359613418579102,-0.2478187084197998,-0.28882279992103577
1696958524600363800,19.82136376953125,1.5852775573730469,-0.41274547576904297,-0.32370826601982117
1696958524610377500,19.83137744140625,-0.9127988815307617,0.048168301582336426,0.04333251714706421
1696958524620391000,19.841390869140625,0.3603477478027344,-0.7428840398788452,-0.600554347038269
1696958524630404600,19.851404541015626,-0.8875751495361328,0.08777642250061035,-0.22556143999099731
1696958524640418000,19.86141796875,1.7524480819702148,-0.6083669662475586,0.1568666696548462
1696958524650431700,19.871431640625,-1.357853889465332,-0.45904386043548584,-0.6039110422134399
1696958524660445400,19.881445556640625,-0.40854549407958984,-0.06274080276489258,-0.6707450747489929
1696958524670459000,19.891458984375,0.5054836273193359,-0.11355185508728027,-0.39317426085472107
1696958524680472600,19.90147265625,-0.27944469451904297,-0.5818564891815186,-0.3122953176498413
1696958524690486000,19.911486083984375,-0.039791107177734375,-0.40973567962646484,-1.0152020454406738
1696958524700499700,19.921499755859376,-1.1386032104492188,-0.1803957223892212,-0.011994719505310059
1696958524710513400,19.931513427734377,2.089911460876465,-0.26487886905670166,0.08874571323394775
1696958524720526800,19.94152685546875,-1.9529318809509277,0.011808395385742188,-0.4926084280014038
1696958524730540500,19.95154052734375,0.8326711654663086,-0.43583810329437256,-0.07339435815811157
1696958524740554000,19.961553955078124,1.0462894439697266,-0.39386701583862305,-0.08834034204483032
1696958524750567700,19.971567626953124,-0.9970788955688477,-0.3284989595413208,-0.45457538962364197
1696958524760581400,19.981581298828125,0.6016349792480469,-0.3861960172653198,-0.33649230003356934
1696958524770594800,19.9915947265625,0.3708477020263672,-0.1375194787979126,0.1801406741142273
1696958524780608500,20.0016083984375,1.029531478881836,-0.04734301567077637,0.2562367618083954
1696958524790622000,20.0116220703125,-0.4066905975341797,-0.13930058479309082,-0.13382044434547424
1696958524800635600,20.0216357421875,-0.09521007537841797,-0.38627302646636963,0.4024357497692108
1696958524810649300,20.0316494140625,1.1571731567382812,-0.34339118003845215,0.4366888999938965
1696958524820662800,20.041662841796875,-1.5983152389526367,-0.010125041007995605,-0.42097893357276917
1696958524830676500,20.051676513671875,0.26418018341064453,-0.4219851493835449,-0.22248156368732452
1696958524840690000,20.06168994140625,0.6987819671630859,-0.09019351005554199,0.11439752578735352
1696958524850703600,20.07170361328125,-1.4058332443237305,-0.5380717515945435,-0.034406423568725586
1696958524860717300,20.08171728515625,0.19840145111083984,-0.1534266471862793,-0.184299036860466
1696958524870730800,20.091730712890627,0.2888917922973633,-0.307369589805603,-0.021855920553207397
1696958524880744400,20.101744384765624,-0.9303607940673828,0.02739393711090088,-0.35267144441604614
1696958524890758000,20.1117578125,-0.32135963439941406,-0.5347608327865601,-0.46557122468948364
1696958524900771600,20.121771484375,0.7356691360473633,-0.2615988254547119,-0.17773117125034332
1696958524910785300,20.131785400390626,-0.1021881103515625,-0.19061601161956787,0.029559165239334106
1696958524920798700,20.141798828125,-0.7664833068847656,-0.08338475227355957,-0.360413521528244
1696958524930812400,20.1518125,1.2473821640014648,-0.13061702251434326,0.35158300399780273
1696958524940825900,20.161825927734377,0.3078117370605469,-0.09363484382629395,-0.013501882553100586
1696958524950839600,20.171839599609374,-1.5331697463989258,-0.5651187896728516,-0.40199142694473267
1696958524960853200,20.181853271484375,2.2026968002319336,0.03171563148498535,-0.1472862958908081
1696958524970866700,20.19186669921875,-0.5404996871948242,-0.1410456895828247,-0.05682101845741272
1696958524980880400,20.20188037109375,-1.6151580810546875,-0.5509300231933594,-0.4511663317680359
1696958524990893800,20.211893798828125,3.034029960632324,0.01843893527984619,0.030363142490386963
1696958525000907500,20.221907470703126,-2.358834743499756,0.14783179759979248,-0.24980345368385315
1696958525010921200,20.231921142578123,0.1789388656616211,-0.825246274471283,-0.2976984977722168
1696958525020935000,20.241934814453124,1.373784065246582,0.04663705825805664,-0.119985431432724
1696958525030948400,20.2519482421875,-2.185039520263672,-0.27868759632110596,-0.32397809624671936
1696958525040962000,20.261962158203126,1.1316862106323242,0.17509078979492188,-0.38714277744293213
1696958525050975700,20.271975830078127,1.129598617553711,-0.0974658727645874,0.16762590408325195
1696958525060989400,20.281989501953124,-2.3331127166748047,-0.5989567041397095,0.08347633481025696
1696958525071003100,20.292003173828125,2.6136789321899414,-0.08279550075531006,-0.06675976514816284
1696958525081016800,20.302016845703125,-0.6318521499633789,0.11509084701538086,0.34340909123420715
1696958525091030300,20.3120302734375,0.0524749755859375,-0.2580627202987671,0.04861128330230713
1696958525101044000,20.3220439453125,2.833965301513672,0.1455785036087036,0.11358529329299927
1696958525111057700,20.3320576171875,-2.242687702178955,-0.08515596389770508,0.44168952107429504
1696958525121071400,20.3420712890625,1.5565404891967773,-0.6053804159164429,0.33243370056152344
1696958525131085000,20.3520849609375,0.6073513031005859,0.09033548831939697,-0.16931110620498657
1696958525141098500,20.362098388671875,-0.5744571685791016,-0.04837799072265625,0.12425857782363892
1696958525151112200,20.3721123046875,1.8309364318847656,0.18849968910217285,0.3038806617259979
1696958525161126000,20.3821259765625,-1.6951322555541992,-0.34212279319763184,0.2962057888507843
1696958525171139600,20.3921396484375,0.6649866104125977,0.041535258293151855,0.15444868803024292
1696958525181153300,20.4021533203125,0.07595634460449219,0.10470235347747803,0.06290552020072937
1696958525191166700,20.412166748046875,-0.7172327041625977,0.10203182697296143,0.000015109777450561523
1696958525201180400,20.422180419921876,0.12083053588867188,0.197961688041687,0.14766108989715576
1696958525211194000,20.432194091796877,-0.1754608154296875,-0.2551921606063843,-0.2086574286222458
1696958525221207800,20.442207763671874,-1.1832561492919922,0.2999929189682007,0.4285363256931305
1696958525231221500,20.452221435546875,0.5113153457641602,-0.17908453941345215,-0.07910242676734924
1696958525241235000,20.46223486328125,-1.0237798690795898,0.1831883192062378,0.19177305698394775
1696958525251248600,20.47224853515625,0.3072528839111328,-0.2426128387451172,-0.021678268909454346
1696958525261262300,20.482262451171874,-1.3469963073730469,0.22567510604858398,0.2324560284614563
1696958525271276000,20.492276123046874,1.3992891311645508,-0.0893939733505249,-0.052225708961486816
1696958525281289700,20.502289794921875,-1.8967256546020508,-0.20617365837097168,-0.016742706298828125
1696958525291303200,20.51230322265625,1.1614904403686523,0.39374756813049316,-0.17317311465740204
1696958525301316900,20.52231689453125,-0.7863407135009766,-0.44584476947784424,-0.7088507413864136
1696958525311330600,20.53233056640625,-0.5598030090332031,0.28788113594055176,-0.003070265054702759
1696958525321344300,20.54234423828125,0.81304931640625,-0.2100616693496704,-0.577821671962738
1696958525331358000,20.55235791015625,-2.7488656044006348,0.011950492858886719,-0.4494292140007019
1696958525341371400,20.562371337890625,2.332760810852051,-0.030570149421691895,-0.3555853068828583
1696958525351385000,20.572385009765625,-2.541865348815918,-0.004929304122924805,-0.18363258242607117
1696958525361398800,20.582398681640626,1.4255142211914062,-0.12576186656951904,0.06907305121421814
1696958525371412500,20.59241259765625,0.18510913848876953,-0.377987265586853,-0.6300466060638428
1696958525381426200,20.60242626953125,-1.3303804397583008,0.3437391519546509,0.07414308190345764
1696958525391439600,20.612439697265625,3.73397159576416,-0.12700939178466797,-0.07653683423995972
1696958525401453300,20.622453369140626,-3.328329086303711,-0.05138742923736572,-0.3653517961502075
1696958525411467000,20.632467041015627,2.853804588317871,0.3041386604309082,0.2481902837753296
1696958525421480700,20.642480712890624,-0.3780679702758789,-0.3228811025619507,0.2597161531448364
1696958525431494400,20.652494384765625,-0.17690372467041016,0.5728030204772949,0.6120550036430359
1696958525441507800,20.6625078125,1.7738113403320312,-0.6533221006393433,0.3831586241722107
1696958525451521500,20.672521484375,-1.0645694732666016,0.5965244770050049,0.18394127488136292
1696958525461535200,20.68253515625,1.408818244934082,-0.31478238105773926,0.17941629886627197
1696958525471548700,20.692548583984376,-1.7103652954101562,0.6832180023193359,0.11109107732772827
1696958525481562400,20.702562255859377,0.754734992980957,-0.5167948007583618,-0.4911941587924957
1696958525491575800,20.712575927734374,-1.750936508178711,-0.07368040084838867,0.0719190239906311
1696958525501589500,20.722589599609375,1.6080389022827148,0.30194079875946045,0.19405049085617065
1696958525511603200,20.732603271484376,-1.9703502655029297,-0.0031229257583618164,-0.3443775475025177
1696958525521616600,20.74261669921875,0.7964181900024414,0.5419857501983643,0.16274043917655945
1696958525531630300,20.75263037109375,0.05398368835449219,-0.5519841909408569,0.07314836978912354
1696958525541643800,20.762643798828126,-1.7718887329101562,0.18793177604675293,0.3609835207462311
1696958525551657500,20.772657470703123,2.303727149963379,-0.23477232456207275,-0.004769742488861084
1696958525561671200,20.782671142578124,-2.0886335372924805,0.5795881748199463,0.03137698769569397
1696958525571684600,20.7926845703125,1.6241235733032227,-0.2596632242202759,0.2935371696949005
1696958525581698300,20.8026982421875,-0.8311681747436523,0.1476985216140747,0.36285385489463806
1696958525591711700,20.812711669921875,0.15922164916992188,0.1647500991821289,0.0032541751861572266
1696958525601725400,20.822725341796875,0.2686595916748047,-0.04253876209259033,0.01399761438369751
1696958525611739100,20.8327392578125,-0.41596508026123047,0.18246173858642578,0.08922260999679565
1696958525621752600,20.842752685546873,-0.25266265869140625,-0.367504358291626,-0.0873558521270752
1696958525631766300,20.852766357421874,0.15354537963867188,0.24072623252868652,-0.0006461143493652344
1696958525641779700,20.86277978515625,0.0049762725830078125,-0.6307021379470825,-0.35501378774642944
1696958525651793400,20.87279345703125,-1.1424188613891602,-0.023270606994628906,-0.33535900712013245
1696958525661807000,20.88280712890625,0.9391794204711914,0.12099409103393555,-0.15734001994132996
1696958525671820500,20.892820556640626,-1.7441253662109375,-0.3386276960372925,-0.35255616903305054
1696958525681834200,20.902834228515626,0.773503303527832,0.1543353796005249,-0.1720529943704605
1696958525691847700,20.91284765625,0.3991107940673828,-0.2787512540817261,-0.4151875972747803
1696958525701861400,20.922861328125,-0.9161643981933594,0.08731842041015625,-0.08939069509506226
1696958525711875000,20.932875,2.97109317779541,-0.31196093559265137,-0.38390225172042847
1696958525721888500,20.942888427734374,-1.819253921508789,-0.015923500061035156,0.019499391317367554
1696958525731902200,20.952902099609375,2.1176462173461914,-0.2665870189666748,0.18847569823265076
1696958525741915600,20.96291552734375,-0.5724735260009766,-0.016815543174743652,0.24300411343574524
1696958525751929300,20.972929443359376,0.8764686584472656,0.12812578678131104,0.3945363163948059
1696958525761943000,20.982943115234374,1.3193397521972656,-0.39563119411468506,0.1750294268131256
1696958525771956500,20.99295654296875,-0.5669155120849609,0.35260605812072754,0.1657351553440094
1696958525781970200,21.00297021484375,1.4895858764648438,-0.7794744968414307,-0.052471309900283813
1696958525791983600,21.012983642578124,-1.3189754486083984,0.7637590169906616,0.46968498826026917
1696958525801997300,21.022997314453125,2.674527168273926,-0.7626838684082031,0.049286872148513794
1696958525812011000,21.033010986328126,-2.5691213607788086,0.22178280353546143,0.08257937431335449
1696958525822024400,21.0430244140625,3.195315361022949,0.025662899017333984,0.17897945642471313
1696958525832038100,21.0530380859375,-2.5271615982055664,-0.229498028755188,-0.18948225677013397
1696958525842051600,21.063051513671876,0.7472314834594727,0.5292341709136963,0.09760120511054993
1696958525852065300,21.073065185546874,0.8847160339355469,-0.45118629932403564,-0.26746219396591187
1696958525862079000,21.083078857421874,-2.615528106689453,0.16807925701141357,0.8228133320808411
1696958525872092400,21.093092529296875,3.3166074752807617,-0.4681088924407959,0.022080987691879272
1696958525882106000,21.103106201171876,-3.7398757934570312,0.6398754119873047,-0.030475497245788574
1696958525892119600,21.11311962890625,2.0464162826538086,-0.09522998332977295,0.18389147520065308
1696958525902133200,21.12313330078125,-1.6902437210083008,-0.08921074867248535,0.3891007900238037
1696958525912147000,21.13314697265625,-0.3965167999267578,-0.053612351417541504,-0.022538572549819946
1696958525922160400,21.143160400390624,-0.12767601013183594,-0.2346055507659912,-0.20605766773223877
1696958525932174000,21.153174072265625,-0.9925193786621094,0.5090700387954712,-0.2611345648765564
1696958525942187500,21.1631875,-0.45500946044921875,-0.5771528482437134,-0.7180025577545166
1696958525952201200,21.173201171875,-1.6150903701782227,0.2806283235549927,-0.11408969759941101
1696958525962215000,21.18321484375,0.8068037033081055,-0.5925687551498413,-0.3177264332771301
1696958525972228600,21.193228515625,-1.6752548217773438,-0.14354991912841797,-0.3515883684158325
1696958525982242300,21.2032421875,1.9270410537719727,0.018955349922180176,-0.35732635855674744
1696958525992256800,21.2132568359375,-1.6231489181518555,-0.19125044345855713,-0.10498222708702087
1696958526002270700,21.223270751953127,0.4113903045654297,-0.1183004379272461,0.28495314717292786
1696958526012284200,21.2332841796875,0.9410791397094727,-0.106475830078125,-0.0719195008277893
1696958526022297900,21.2432978515625,-1.1974124908447266,-0.4741171598434448,0.16051262617111206
1696958526032311600,21.2533115234375,2.857828140258789,0.040772080421447754,0.3715951144695282
1696958526042325000,21.263324951171874,-1.1869049072265625,-0.6154004335403442,0.2104330062866211
1696958526052338700,21.273338623046875,0.0054931640625,-0.05488991737365723,0.5917567014694214
1696958526062352400,21.283352294921876,2.4142589569091797,-0.14485347270965576,-0.06096524000167847
1696958526072365800,21.29336572265625,-2.972456455230713,-0.3387964963912964,0.07585862278938293
1696958526082379500,21.303379638671874,3.677013397216797,0.07277035713195801,0.18137240409851074
1696958526092393000,21.31339306640625,-2.3141732215881348,-0.12947487831115723,0.10034584999084473
1696958526102406700,21.32340673828125,-0.6032466888427734,-0.5996448993682861,-0.09897565841674805
1696958526112420400,21.33342041015625,1.4154891967773438,0.3374660015106201,-0.4659186601638794
1696958526122433800,21.343433837890625,-2.640232563018799,-0.27175307273864746,-0.3607237637042999
1696958526132447500,21.353447509765626,0.7494668960571289,-0.354233980178833,0.03880661725997925
1696958526142461000,21.3634609375,0.43275928497314453,0.039260029792785645,0.17964616417884827
1696958526152474600,21.373474609375,-2.7844719886779785,0.05327725410461426,-0.052265435457229614
1696958526162488300,21.38348828125,2.3065595626831055,0.33587467670440674,0.17977246642112732
1696958526172501800,21.393501708984374,-1.5597829818725586,-0.30210936069488525,0.12469902634620667
1696958526182515500,21.403515380859375,-0.5198049545288086,-0.1642768383026123,0.30569103360176086
1696958526192529000,21.41352880859375,2.2769861221313477,0.10817205905914307,-0.070517897605896
1696958526202542600,21.42354248046875,-2.8181958198547363,-0.26486122608184814,0.06967306137084961
1696958526212556300,21.433556396484374,1.2211380004882812,-0.16495859622955322,0.3940192759037018
1696958526222569700,21.44356982421875,0.6827802658081055,-0.24251091480255127,-0.37460947036743164
1696958526232583400,21.45358349609375,-1.737504005432129,-0.07974851131439209,-0.21440082788467407
1696958526242597600,21.46359765625,2.3613977432250977,-0.49840664863586426,-0.33088448643684387
1696958526252611000,21.473611083984373,-0.7171258926391602,-0.02561664581298828,-0.15539856255054474
1696958526262624800,21.483624755859374,0.21100425720214844,-0.32424283027648926,-0.08503058552742004
1696958526272638500,21.493638427734375,1.0558767318725586,-0.9182630777359009,-0.11792723834514618
1696958526282652000,21.50365185546875,0.9575614929199219,0.09434568881988525,-0.04964563250541687
1696958526292665600,21.51366552734375,-0.23023128509521484,-0.4250171184539795,-0.31702861189842224
1696958526302679000,21.523678955078125,0.10434627532958984,-0.8401738405227661,0.057212769985198975
1696958526312692700,21.533692626953126,2.6082639694213867,-0.3075350522994995,0.05703073740005493
1696958526322706400,21.54370654296875,-1.646500587463379,-0.28036022186279297,-0.3734273910522461
1696958526332719900,21.553719970703124,0.9567117691040039,-0.5604068040847778,0.05696365237236023
1696958526342733600,21.563733642578125,2.4745492935180664,-0.5066686868667603,0.19242849946022034
1696958526352747000,21.5737470703125,-2.4584860801696777,-0.45418083667755127,-0.18430043756961823
1696958526362760700,21.5837607421875,1.594949722290039,-0.22483491897583008,-0.06656089425086975
1696958526372774400,21.5937744140625,0.8795747756958008,-0.3020172119140625,-0.08504173159599304
1696958526382787800,21.603787841796876,-1.631373405456543,-0.6128311157226562,-0.08788847923278809
1696958526392801500,21.613801513671874,0.4322938919067383,-0.3238612413406372,-0.17644137144088745
1696958526402815000,21.62381494140625,-0.0031461715698242188,-0.05505228042602539,0.22966602444648743
1696958526412828700,21.63382861328125,0.059024810791015625,-0.3797879219055176,-0.16893431544303894
1696958526422842400,21.64384228515625,-1.2263202667236328,-0.12857019901275635,-0.21145012974739075
1696958526432855800,21.653855712890625,0.5018720626831055,-0.24650847911834717,0.17457795143127441
1696958526442869500,21.663869384765626,-0.4977693557739258,-0.21650326251983643,0.2042633593082428
1696958526452883000,21.673883056640626,-0.7403955459594727,-0.27653634548187256,0.025871843099594116
1696958526462896600,21.683896728515624,-0.0837087631225586,-0.1531752347946167,0.4721636176109314
1696958526472910300,21.693910400390624,0.4229135513305664,-0.2617095708847046,0.5821318626403809
1696958526482923800,21.703923828125,-0.8731584548950195,-0.2967081069946289,-0.0980244129896164
1696958526492937500,21.7139375,-0.07333946228027344,0.03239727020263672,-0.0004604160785675049
1696958526502951000,21.723950927734375,0.8730707168579102,-0.48518896102905273,0.07137051224708557
1696958526512964600,21.733964599609376,-1.8628153800964355,-0.2636514902114868,-0.3473307490348816
1696958526522978300,21.743978271484377,0.3874330520629883,0.008356094360351562,-0.4630235731601715
1696958526532991700,21.75399169921875,0.037715911865234375,-0.5616309642791748,0.012112796306610107
1696958526543005400,21.76400537109375,-0.0678567886352539,-0.6244487762451172,-0.345389187335968
1696958526553019000,21.774018798828124,0.013662338256835938,-0.23205018043518066,-0.4445115923881531
1696958526563032600,21.784032470703124,0.07555103302001953,-0.6546244621276855,-0.3635272979736328
1696958526573046300,21.79404638671875,1.1938247680664062,-0.34350740909576416,0.14727070927619934
1696958526583059700,21.804059814453126,0.06796455383300781,-0.4585702419281006,-0.29890376329421997
1696958526593073400,21.814073486328127,-0.4673786163330078,-0.2331235408782959,-0.026836663484573364
1696958526603086800,21.8240869140625,2.3438968658447266,-0.5248101949691772,0.33699288964271545
1696958526613100500,21.8341005859375,0.30278682708740234,-0.6438009738922119,-0.14035867154598236
1696958526623114200,21.8441142578125,-1.0503826141357422,-0.28896987438201904,-0.4025588035583496
1696958526633127700,21.854127685546874,1.9441356658935547,-0.26739442348480225,0.055413663387298584
1696958526643141400,21.864141357421875,0.18597793579101562,-0.28636670112609863,-0.4506118893623352
1696958526653154800,21.87415478515625,-1.2908592224121094,-0.48873937129974365,-0.29355818033218384
1696958526663168500,21.88416845703125,0.48563671112060547,-0.3370019197463989,0.0898347795009613
1696958526673182200,21.89418212890625,0.4897327423095703,-0.22678673267364502,-0.3091961443424225
1696958526683195600,21.904195556640627,-0.19449901580810547,-0.013640761375427246,-0.4022510051727295
1696958526693209300,21.914209228515624,-0.6238164901733398,-0.33181285858154297,-0.3098090887069702
1696958526703222800,21.924222900390625,-0.6028318405151367,0.24995946884155273,0.4584110975265503
1696958526713236500,21.934236572265625,1.1143560409545898,-0.420751690864563,-0.30454203486442566
1696958526723250200,21.944250244140626,-2.4101109504699707,0.030695199966430664,-0.6623574495315552
1696958526733264000,21.954263916015623,1.3088064193725586,-0.04656267166137695,0.1247369647026062
1696958526743277300,21.96427734375,0.06350898742675781,-0.5105081796646118,0.10862180590629578
1696958526753291000,21.974291015625,-1.1604251861572266,-0.39596986770629883,-0.14120891690254211
1696958526763304700,21.9843046875,1.6428709030151367,0.13509440422058105,-0.03158736228942871
1696958526773318400,21.994318359375,-0.6311330795288086,-0.17669224739074707,0.4982302486896515
1696958526783332000,22.00433203125,0.7558326721191406,-0.6035363674163818,-0.10890555381774902
1696958526793345800,22.014345703125,-1.4968490600585938,-0.08752548694610596,-0.3927423357963562
1696958526803359200,22.024359130859374,0.9149551391601562,-0.05914914608001709,-0.05572904646396637
1696958526813373000,22.034373046875,0.047692298889160156,-0.9019350409507751,-0.8952134847640991
1696958526823386600,22.04438671875,-2.0887389183044434,0.11996138095855713,-0.8624855279922485
1696958526833400300,22.054400390625,1.3044090270996094,-0.38874387741088867,-0.2954547107219696
1696958526843414000,22.0644140625,-0.849238395690918,-0.18368160724639893,-0.4330223500728607
1696958526853427500,22.074427490234374,0.15137100219726562,-0.46199750900268555,-0.6007581353187561
1696958526863441200,22.084441162109375,-1.7700223922729492,-0.19346654415130615,-0.10575781762599945
1696958526873454800,22.094454833984376,1.2160310745239258,-0.47604990005493164,-0.405509352684021
1696958526883468500,22.104468505859376,-0.354217529296875,-0.49597597122192383,-0.7364562749862671
1696958526893482200,22.114482177734374,-0.6784934997558594,-0.34380555152893066,-0.853506863117218
1696958526903495700,22.12449560546875,0.35546016693115234,-0.098746657371521,-0.260490357875824
1696958526913509400,22.13450927734375,1.788259506225586,-0.5804746150970459,-0.44385743141174316
1696958526923523000,22.144523193359376,-1.651937484741211,-0.5004853010177612,-0.7598298788070679
1696958526933536800,22.154536865234373,0.6887292861938477,-0.2078615427017212,0.14543330669403076
1696958526943550500,22.164550537109374,1.9729728698730469,-0.21662521362304688,-0.12429860234260559
1696958526953564000,22.17456396484375,-1.7402992248535156,-0.42200374603271484,-0.5668590664863586
1696958526963577600,22.18457763671875,1.1073970794677734,-0.5913599729537964,-0.13658389449119568
1696958526973591300,22.19459130859375,0.4216756820678711,-0.04429471492767334,0.07450458407402039
1696958526983605000,22.20460498046875,0.9509716033935547,-0.3440331220626831,-0.4186832904815674
1696958526993618700,22.21461865234375,-0.5563993453979492,0.02136671543121338,-0.22624003887176514
1696958527003632000,22.224632080078123,0.8880386352539062,-0.12459182739257812,0.5230059623718262
1696958527013645800,22.234645751953124,0.718754768371582,-0.16535627841949463,0.2580464780330658
1696958527023659500,22.244659423828125,-0.597381591796875,-0.16412591934204102,-0.1957291066646576
1696958527033673200,22.254673095703126,-0.17540740966796875,-0.30701565742492676,0.3324317932128906
1696958527043687000,22.26468701171875,0.9478998184204102,-0.014148116111755371,0.010717064142227173
1696958527053700400,22.274700439453124,-1.76885986328125,-0.6225073337554932,-0.5069888830184937
1696958527063714000,22.284714111328125,-0.2977266311645508,0.18127810955047607,-0.009912818670272827
1696958527073727700,22.294727783203125,1.4663991928100586,-0.03032231330871582,-0.09048320353031158
1696958527083741400,22.304741455078126,-2.5038180351257324,-0.6800825595855713,-0.5017052292823792
1696958527093755100,22.314755126953123,0.880610466003418,-0.24807310104370117,-0.500246524810791
1696958527103768600,22.3247685546875,-0.4976644515991211,-0.44631659984588623,-0.2962825894355774
1696958527113782300,22.3347822265625,-0.9938802719116211,-0.09177184104919434,-0.4795355200767517
1696958527123796000,22.3447958984375,1.3263206481933594,-0.4641845226287842,-0.886721670627594
1696958527133809700,22.3548095703125,-2.1273679733276367,-0.314253568649292,-0.5350533127784729
1696958527143823400,22.3648232421875,3.100935935974121,-0.23317348957061768,-0.24187393486499786
1696958527153836800,22.3748369140625,-1.274348258972168,-0.3749961853027344,-0.7966240644454956
1696958527163850500,22.3848505859375,-0.7793521881103516,-0.7326833009719849,-0.39626920223236084
1696958527173864200,22.3948642578125,2.2524900436401367,0.1578119993209839,0.24046772718429565
1696958527183878000,22.4048779296875,0.2446584701538086,-0.3509019613265991,-0.4434327185153961
1696958527193891600,22.4148916015625,-0.4730691909790039,-0.381075382232666,-0.39928728342056274
1696958527203905000,22.424905029296873,2.079928398132324,-0.0354381799697876,-0.0413593053817749
1696958527213918700,22.434918701171874,-0.03260326385498047,-0.3003671169281006,-0.613157331943512
1696958527223932400,22.444932373046875,-0.9359636306762695,-0.43195009231567383,-0.8630684614181519
1696958527233946000,22.454946044921876,0.6146440505981445,-0.7265523672103882,-0.5674349069595337
1696958527243959600,22.46495947265625,0.4795713424682617,0.1811908483505249,-0.08974221348762512
1696958527253973200,22.47497314453125,0.22977924346923828,-0.7080190181732178,-0.8228517770767212
1696958527263987000,22.484987060546874,-1.457545280456543,-0.5118604898452759,-0.2160547971725464
1696958527274000400,22.49500048828125,2.2067623138427734,-0.38612473011016846,-0.03343409299850464
1696958527284014000,22.50501416015625,-1.344161033630371,-0.06088840961456299,-0.8262509107589722
1696958527294027500,22.515027587890625,-0.19399356842041016,-0.6082140207290649,-0.6935597658157349
1696958527304041200,22.525041259765626,0.4330415725708008,-0.11403977870941162,-0.2146511971950531
1696958527314055000,22.535054931640627,-0.2559165954589844,-0.09159660339355469,-0.5859301686286926
1696958527324068400,22.545068359375,-0.971771240234375,-0.4762396812438965,-0.7876192331314087
1696958527334082000,22.55508203125,-0.4291086196899414,-0.20835185050964355,-0.23035494983196259
1696958527344095500,22.565095458984374,0.7957382202148438,0.0765458345413208,-0.16616469621658325
1696958527354109200,22.575109130859374,-1.5380020141601562,-0.11755824089050293,-0.5797122120857239
1696958527364123000,22.585122802734375,0.08576202392578125,-0.07195019721984863,0.1683870553970337
1696958527374136300,22.59513623046875,0.9126787185668945,0.010842442512512207,0.1732412576675415
1696958527384150000,22.60514990234375,-1.913942813873291,-0.16119492053985596,-0.08667959272861481
1696958527394163500,22.61516357421875,0.833653450012207,-0.06748521327972412,-0.11367104947566986
1696958527404177200,22.62517724609375,0.038475990295410156,-0.1557142734527588,-0.0017036199569702148
1696958527414190800,22.63519091796875,-0.3681468963623047,-0.35830724239349365,-0.24430769681930542
1696958527424204300,22.645204345703124,-0.5632944107055664,-0.13703763484954834,-0.20778365433216095
1696958527434218000,22.655218017578125,0.5417814254760742,-0.12983226776123047,-0.15789079666137695
1696958527444231700,22.665231689453126,0.3253030776977539,-0.2394028902053833,-0.4704582095146179
1696958527454245000,22.6752451171875,-1.171492576599121,-0.1653209924697876,-0.2747846245765686
1696958527464258800,22.6852587890625,1.1440105438232422,-0.21881461143493652,-0.09946362674236298
1696958527474272300,22.695272216796877,0.08509254455566406,-0.20484161376953125,0.06819382309913635
1696958527484286000,22.705285888671874,-0.19734764099121094,-0.3119235038757324,-0.1848519742488861
1696958527494299600,22.715299560546875,-0.28786373138427734,-0.23788154125213623,0.12755674123764038
1696958527504313000,22.72531298828125,2.0877084732055664,-0.30688905715942383,-0.19989320635795593
1696958527514326800,22.735326904296876,-1.4679718017578125,-0.32343363761901855,-0.5001928806304932
1696958527524340200,22.74534033203125,0.4705467224121094,-0.41724491119384766,-0.6563960313796997
1696958527534354000,22.75535400390625,0.9046783447265625,-0.6546229124069214,-0.04608002305030823
1696958527544367600,22.76536767578125,0.3861074447631836,-0.15864145755767822,-0.5736276507377625
1696958527554381000,22.775381103515624,-0.3744497299194336,-0.2520265579223633,-0.7275291681289673
1696958527564394800,22.785394775390625,0.34326744079589844,-0.2976109981536865,-0.11820676922798157
1696958527574408200,22.795408203125,1.5565824508666992,-0.37164461612701416,-0.3940393328666687
1696958527584422000,22.805421875,-1.9499917030334473,-0.4254263639450073,-0.8355862498283386
1696958527594435600,22.815435546875,1.6054353713989258,-0.149763822555542,-0.5806623697280884
1696958527604449000,22.825448974609376,0.7802543640136719,-0.21346938610076904,-0.21902482211589813
1696958527614462700,22.835462646484373,-0.9134683609008789,-0.28363680839538574,-0.599624752998352
1696958527624476200,22.84547607421875,0.9575624465942383,0.0690758228302002,-0.760057806968689
1696958527634489900,22.85548974609375,0.3295564651489258,-0.4307901859283447,-0.14217597246170044
1696958527644503600,22.865503662109376,-0.13936901092529297,-0.47445106506347656,-0.5402824878692627
1696958527654517000,22.87551708984375,-0.3778114318847656,0.032401442527770996,-0.7418255805969238
1696958527664530700,22.88553076171875,0.7369346618652344,0.04023730754852295,0.13492989540100098
1696958527674544000,22.895544189453126,0.13314437866210938,-0.4538334608078003,-0.4058419466018677
1696958527684557800,22.905557861328123,-1.3054437637329102,-0.048001885414123535,-0.8080704212188721
1696958527694571500,22.915571533203124,0.7623453140258789,-0.11340677738189697,0.14384594559669495
1696958527704585000,22.9255849609375,-0.07078361511230469,-0.16857397556304932,-0.018969997763633728
1696958527714598700,22.9355986328125,-1.002511978149414,-0.22005176544189453,-0.38943010568618774
1696958527724612400,22.9456123046875,0.10387611389160156,-0.26163434982299805,-0.38017529249191284
1696958527734626000,22.9556259765625,-0.3550252914428711,-0.1758739948272705,0.025607913732528687
1696958527744639500,22.965639404296876,0.2526874542236328,-0.2982914447784424,-0.4684754014015198
1696958527754653200,22.975653076171874,-1.7214555740356445,-0.35141289234161377,-0.5507811307907104
1696958527764667000,22.9856669921875,1.6086616516113281,0.05040264129638672,-0.176038458943367
1696958527774680600,22.9956806640625,-0.33989715576171875,-0.46039247512817383,-0.3973749279975891
1696958527784694300,23.0056943359375,-2.0978808403015137,0.11284005641937256,-0.4226056933403015
1696958527794707700,23.015707763671877,2.146153450012207,-0.6982791423797607,-0.07303223013877869
1696958527804721400,23.025721435546874,-1.4045991897583008,-0.01671922206878662,0.0056501030921936035
1696958527814735000,23.035735107421875,0.35724449157714844,-0.3140583038330078,-0.46521157026290894
1696958527824748800,23.045748779296876,-0.7138376235961914,-0.07593584060668945,-0.2340250164270401
1696958527834762500,23.055762451171876,1.452829360961914,-0.427994966506958,0.19151708483695984
1696958527844776000,23.06577587890625,-0.9255390167236328,-0.19102883338928223,-0.17956475913524628
1696958527854789600,23.07578955078125,-0.04416084289550781,-0.23974883556365967,-0.19672170281410217
1696958527864803300,23.08580322265625,1.4951171875,-0.284615159034729,0.32735633850097656
1696958527874817000,23.095817138671876,-0.5537700653076172,-0.5578138828277588,-0.106331467628479
1696958527884830700,23.105830810546873,-0.35641002655029297,0.17522621154785156,-0.0227816104888916
1696958527894844200,23.11584423828125,0.6721181869506836,-0.20874762535095215,0.17250806093215942
1696958527904857900,23.12585791015625,-0.031810760498046875,-0.2003875970840454,0.16985812783241272
1696958527914871600,23.13587158203125,-0.9634189605712891,-0.22538936138153076,0.13488203287124634
1696958527924885200,23.14588525390625,0.06162452697753906,0.13455522060394287,0.7020515203475952
1696958527934899000,23.15589892578125,1.1846685409545898,-0.10211122035980225,0.3688373565673828
1696958527944912400,23.165912353515626,-2.1776742935180664,-0.20446252822875977,-0.10021977126598358
1696958527954926000,23.175926025390623,1.5548419952392578,-0.03719747066497803,0.19341537356376648
1696958527964939800,23.185939697265624,-0.37447547912597656,-0.17619335651397705,0.37229275703430176
1696958527974953500,23.195953369140625,-1.033463478088379,0.17199254035949707,0.05662727355957031
1696958527984967200,23.20596728515625,0.589076042175293,-0.354306697845459,0.14202135801315308
1696958527994980600,23.215980712890627,-0.545135498046875,-0.07073509693145752,-0.11035209894180298
1696958528004994300,23.225994384765624,0.34497547149658203,-0.42334699630737305,-0.29018938541412354
1696958528015008000,23.236008056640625,-1.1756410598754883,0.27152884006500244,-0.4298213720321655
1696958528025021700,23.246021728515625,1.5653047561645508,-0.36215269565582275,-0.24995157122612
1696958528035035400,23.256035400390626,-1.5398693084716797,-0.21015441417694092,-0.1902245581150055
1696958528045048800,23.266048828125,0.5089149475097656,-0.11433267593383789,-0.24302087724208832
1696958528055061500,23.2760615234375,-1.026336669921875,-0.01928126811981201,-0.2849486768245697
1696958528065075200,23.2860751953125,1.3748598098754883,0.12456679344177246,0.36099720001220703
1696958528075089000,23.2960888671875,-0.12902355194091797,-0.5280405282974243,-0.6307061910629272
1696958528085102600,23.3061025390625,-1.7207059860229492,0.20634424686431885,-0.32214128971099854
1696958528095116000,23.316115966796875,2.498414993286133,0.030777454376220703,-0.0664864331483841
1696958528105129700,23.326129638671876,-2.019169330596924,-0.24114680290222168,-0.15960705280303955
1696958528115143400,23.336143310546873,-0.17983341217041016,-0.19004929065704346,-0.2297314703464508
1696958528125157000,23.3461572265625,0.021213531494140625,0.12635254859924316,-0.341835618019104
1696958528135170800,23.3561708984375,-0.41892528533935547,-0.16047906875610352,-0.21072600781917572
1696958528145184300,23.366184326171876,-1.197235107421875,-0.3295091390609741,-0.9524162411689758
1696958528155198000,23.376197998046877,-0.3392829895019531,0.054674625396728516,-0.3092224895954132
1696958528165211600,23.386211669921874,1.0616216659545898,-0.5600599050521851,-0.17031407356262207
1696958528175225300,23.396225341796875,-2.3964738845825195,-0.07315325736999512,-0.5301269888877869
1696958528185239000,23.406239013671875,1.6709566116333008,-0.4051985740661621,-0.2913316786289215
1696958528195252500,23.41625244140625,-0.5457191467285156,0.04453098773956299,0.1979941725730896
1696958528205266200,23.42626611328125,0.5303049087524414,-0.17881906032562256,-0.3577262759208679
1696958528215279900,23.43627978515625,-0.656280517578125,-0.17720246315002441,-0.31531694531440735
1696958528225293600,23.44629345703125,1.1609506607055664,-0.27649807929992676,0.326534628868103
1696958528235307000,23.45630712890625,-0.09408092498779297,-0.4430422782897949,-0.4618120789527893
1696958528245320700,23.46632080078125,-1.4226970672607422,0.288856565952301,-0.19772641360759735
1696958528255334400,23.47633447265625,2.3367748260498047,-0.31973910331726074,0.46141353249549866
1696958528265347800,23.486347900390626,-0.3929014205932617,-0.40639960765838623,0.062469810247421265
1696958528275361500,23.496361572265624,-0.6695518493652344,-0.21431225538253784,-0.4258502125740051
1696958528285375000,23.506375,-0.4194192886352539,0.02620840072631836,0.24257877469062805
1696958528295388700,23.516388671875,0.9338054656982422,-0.09935897588729858,0.253889799118042
1696958528305402400,23.52640234375,-1.558293342590332,-0.23871737718582153,-0.37226957082748413
1696958528315415800,23.536415771484375,0.37575435638427734,-0.1691487431526184,-0.21269449591636658
1696958528325429500,23.546429443359376,0.8529129028320312,0.140455961227417,0.3262665569782257
1696958528335443000,23.55644287109375,-0.7886495590209961,-0.2529948949813843,-0.060178160667419434
1696958528345456600,23.56645654296875,-0.4332427978515625,-0.34087222814559937,0.05411282181739807
1696958528355470300,23.57647021484375,0.5186796188354492,-0.0459212064743042,0.6156388521194458
1696958528365483800,23.58648388671875,0.9234905242919922,-0.2598150968551636,0.2557467222213745
1696958528375497500,23.59649755859375,-1.1911811828613281,-0.09074383974075317,0.16736921668052673
1696958528385511000,23.606510986328125,1.2438335418701172,-0.28700703382492065,0.43112242221832275
1696958528395524600,23.616524658203126,1.0160856246948242,0.16697049140930176,-0.14059561491012573
1696958528405538300,23.626538330078127,-1.380706787109375,0.25851839780807495,0.22402629256248474
1696958528415551700,23.6365517578125,1.2839879989624023,-0.7693239450454712,0.23257878422737122
1696958528425565400,23.6465654296875,0.23908042907714844,0.17246437072753906,0.41939663887023926
1696958528435579000,23.656578857421874,-0.1059112548828125,0.0031083226203918457,-0.2458343356847763
1696958528445592600,23.666592529296874,-0.8418445587158203,-0.009276747703552246,-0.1005692183971405
1696958528455606300,23.676606201171875,2.19930362701416,-0.5167957544326782,-0.06635454297065735
1696958528465619700,23.68661962890625,-1.132084846496582,-0.23114895820617676,-0.2539568245410919
1696958528475633400,23.69663330078125,0.8725175857543945,-0.19525009393692017,-0.3495103716850281
1696958528485646800,23.706646728515626,-0.05641746520996094,-0.4088022708892822,0.46840736269950867
1696958528495660500,23.71666064453125,1.2050323486328125,-0.09258162975311279,0.3545374870300293
1696958528505674200,23.72667431640625,-0.9720973968505859,-0.3355589509010315,0.050374895334243774
1696958528515687700,23.736687744140625,-0.17668437957763672,-0.3351746201515198,0.3822934627532959
1696958528525701400,23.746701416015625,2.5048484802246094,0.06436282396316528,0.08533290028572083
1696958528535714800,23.75671484375,-1.9359550476074219,-0.244662344455719,-0.11740051209926605
1696958528545728500,23.766728515625,0.11386585235595703,-0.39816075563430786,0.48246297240257263
1696958528555742200,23.7767421875,1.4614830017089844,0.5160691142082214,0.5487529635429382
1696958528565755600,23.786755615234377,-2.570674419403076,-0.4814523160457611,0.15658128261566162
1696958528575769300,23.796769287109374,0.2787971496582031,0.11498475074768066,-0.12486991286277771
1696958528585782800,23.80678271484375,-0.08961296081542969,0.00024211406707763672,-0.25331372022628784
1696958528595796500,23.81679638671875,-1.2985401153564453,-0.33846986293792725,-0.4960412383079529
1696958528605810200,23.82681005859375,-0.7169914245605469,-0.47282591462135315,-0.27706199884414673
1696958528615823600,23.83682373046875,0.48908519744873047,0.3598318099975586,0.17842334508895874
1696958528625837300,23.84683740234375,0.9610681533813477,-0.05843847990036011,0.18481695652008057
1696958528635850800,23.856850830078123,-1.316056251525879,-0.4803220331668854,-0.09060744941234589
1696958528645864400,23.866864501953124,0.6607179641723633,0.158699631690979,0.4836881160736084
1696958528655878100,23.876878173828125,1.90643310546875,-0.13109344244003296,-0.09418191015720367
1696958528665891600,23.8868916015625,-2.4374704360961914,-0.13276827335357666,-0.4088047742843628
1696958528675905300,23.8969052734375,2.6768360137939453,-0.31440138816833496,-0.1660054624080658
1696958528685918700,23.906918701171875,-0.30184078216552734,-0.08626174926757812,0.13456737995147705
1696958528695932400,23.916932373046876,1.4427852630615234,-0.29635220766067505,0.14364513754844666
1696958528705946000,23.926946044921873,-0.5436954498291016,-0.26386767625808716,-0.4179682731628418
1696958528715959800,23.936959716796874,0.045195579528808594,0.21816027164459229,0.29332247376441956
1696958528725973500,23.946973388671875,2.860055923461914,-0.493454247713089,-0.4983799457550049
1696958528735987000,23.956987060546876,-3.4166793823242188,-0.22411173582077026,-0.6936942338943481
1696958528746000600,23.967000732421877,3.4587135314941406,-0.5052611827850342,-0.2170216590166092
1696958528756014300,23.977014404296874,-0.9359045028686523,-0.0856814980506897,-0.053366243839263916
1696958528766028000,23.987028076171875,-0.4369468688964844,-0.15727347135543823,-0.5523178577423096
1696958528776041700,23.997041748046875,0.5634746551513672,-0.3879860043525696,-0.2794104814529419
1696958528786055200,24.00705517578125,0.06527042388916016,0.1853683590888977,0.09496346116065979
1696958528796068900,24.01706884765625,1.623342514038086,-0.35452091693878174,-0.6703490018844604
1696958528806082600,24.02708251953125,-2.600008964538574,-0.15263378620147705,-0.42851877212524414
1696958528816096300,24.03709619140625,2.199728012084961,-0.30918121337890625,0.30383676290512085
1696958528826110000,24.04710986328125,-0.7057914733886719,-0.03542608022689819,-0.5642118453979492
1696958528836123400,24.057123291015625,-1.4638633728027344,0.03695434331893921,-0.6373332738876343
1696958528846137000,24.06713720703125,1.3310260772705078,-0.20067906379699707,0.12520495057106018
1696958528856150800,24.07715087890625,-1.2237787246704102,-0.056846559047698975,-0.3344067931175232
1696958528866164500,24.08716455078125,-1.2254180908203125,-0.0625419020652771,-0.700654923915863
1696958528876178200,24.09717822265625,-0.06554031372070312,-0.14116477966308594,-0.13738450407981873
1696958528886191600,24.107191650390625,-0.012492179870605469,0.04261749982833862,-0.19975894689559937
1696958528896205300,24.117205322265626,-1.369521141052246,-0.16476839780807495,-0.9539744257926941
1696958528906219000,24.127218994140627,-0.553593635559082,0.3377329707145691,-0.2767699360847473
1696958528916232700,24.137232666015624,0.9199056625366211,-0.14716589450836182,0.3768642246723175
1696958528926246400,24.147246337890625,-1.6485815048217773,-0.08104974031448364,0.18928071856498718
1696958528936259800,24.157259765625,0.3624382019042969,0.1941279172897339,0.017169207334518433
1696958528946273500,24.1672734375,0.3042793273925781,-0.1420491337776184,0.17085367441177368
1696958528956287200,24.177287353515624,-0.055077552795410156,-0.2450808882713318,0.17028045654296875
1696958528966301000,24.187301025390624,-0.2366476058959961,-0.14889967441558838,-0.43329164385795593
1696958528976314600,24.197314697265625,-0.8192739486694336,-0.05077695846557617,0.15429654717445374
1696958528986328300,24.207328369140626,2.470484733581543,0.07960569858551025,0.29622355103492737
1696958528996341800,24.217341796875,-1.0241727828979492,-0.6919750571250916,0.11477652192115784
1696958529006355500,24.22735546875,-0.4246482849121094,0.1020134687423706,0.03922340273857117
1696958529016369200,24.237369140625,1.2347307205200195,-0.10490989685058594,0.11942818760871887
1696958529026382800,24.2473828125,-1.5208959579467773,-0.37340348958969116,-0.39362382888793945
1696958529036396500,24.257396484375,-0.2079610824584961,0.051083266735076904,-0.49275678396224976
1696958529046410000,24.267409912109375,1.2789154052734375,0.03555798530578613,-0.14695701003074646
1696958529056423700,24.277423583984376,0.07633399963378906,-0.29012060165405273,-0.25456371903419495
1696958529066437400,24.287437255859373,-0.90350341796875,-0.303830623626709,-0.322109580039978
1696958529076451000,24.297451171875,-0.3327217102050781,0.06738579273223877,0.015366017818450928
1696958529086464800,24.30746484375,1.4316396713256836,0.3103082776069641,-0.2578604519367218
1696958529096478200,24.317478271484376,-1.6255731582641602,-0.2405540943145752,-0.7667587995529175
1696958529106492000,24.327491943359377,0.39968013763427734,-0.26925402879714966,-0.37637123465538025
1696958529116505600,24.337505615234374,1.3546686172485352,-0.04522502422332764,0.023649245500564575
1696958529126519300,24.347519287109375,-0.6701803207397461,-0.4796740710735321,-0.514396071434021
1696958529136533000,24.357532958984375,-0.8645505905151367,0.05875140428543091,-0.35852763056755066
1696958529146546400,24.36754638671875,1.555699348449707,0.39478111267089844,0.24624904990196228
1696958529156560100,24.37756005859375,-0.4744119644165039,-0.4240283966064453,-0.38052061200141907
1696958529166573800,24.38757373046875,-0.7601766586303711,0.16766369342803955,-0.5252397656440735
1696958529176587500,24.39758740234375,1.2200508117675781,-0.36592382192611694,0.01010027527809143
1696958529186601200,24.407601318359376,-0.2501239776611328,-0.10227686166763306,-0.1002071350812912
1696958529196614700,24.41761474609375,-0.03474998474121094,0.02047961950302124,-0.8261643052101135
1696958529206628400,24.42762841796875,-1.1959247589111328,-0.06495606899261475,-0.3111090660095215
1696958529216642000,24.43764208984375,1.6357641220092773,-0.16474652290344238,0.18488413095474243
1696958529226655700,24.44765576171875,-0.10285377502441406,-0.4488708972930908,-0.317003071308136
1696958529236669200,24.457669189453124,-1.0922107696533203,-0.11309587955474854,-0.28184425830841064
1696958529246683000,24.467682861328125,2.4372310638427734,0.032106757164001465,0.17843616008758545
1696958529256696300,24.4776962890625,-0.6463899612426758,-0.05926918983459473,-0.26930952072143555
1696958529266710000,24.4877099609375,-0.5494804382324219,-0.3710775375366211,-0.2082085907459259
1696958529276723700,24.4977236328125,1.0240039825439453,-0.10533136129379272,-0.04099994897842407
1696958529286737200,24.507737060546877,0.6535739898681641,0.028758108615875244,0.1417352855205536
1696958529296750800,24.517750732421874,-1.0637874603271484,-0.1899699568748474,-0.3903864622116089
1696958529306764300,24.527764404296875,-0.06252384185791016,-0.47331711649894714,-0.07655923068523407
1696958529316778000,24.537778076171875,1.4000663757324219,-0.06561332941055298,0.39370089769363403
1696958529326791700,24.547791748046876,-0.7633028030395508,-0.18645578622817993,0.026883035898208618
1696958529336805000,24.55780517578125,0.28020763397216797,0.05650132894515991,0.3765573799610138
1696958529346818800,24.56781884765625,0.9344215393066406,0.0016922950744628906,0.5574427843093872
1696958529356832300,24.577832275390627,-0.35816097259521484,-0.3849899172782898,0.3612041473388672
1696958529366846000,24.587845947265624,-0.12788105010986328,-0.25562208890914917,-0.35926586389541626
1696958529376859600,24.597859619140625,-0.47635364532470703,-0.048795223236083984,0.44498634338378906
1696958529386873000,24.607873046875,1.9382286071777344,-0.24504977464675903,0.12476038932800293
1696958529396886800,24.61788671875,-2.1140098571777344,0.23012101650238037,-0.10266466438770294
1696958529406900200,24.627900146484375,1.5611028671264648,-0.26771122217178345,0.20323142409324646
1696958529416914000,24.637913818359376,-1.0084972381591797,0.06630074977874756,0.5550822019577026
1696958529426927600,24.647927734375,-0.4662351608276367,-0.4082556962966919,0.016850292682647705
1696958529436941000,24.657941162109374,-1.1291370391845703,0.1061551570892334,-0.17281705141067505
1696958529446954800,24.667954833984375,-0.18959522247314453,0.19809502363204956,0.5583996772766113
1696958529456968200,24.67796826171875,-0.21768665313720703,-0.27700477838516235,-0.3022099435329437
1696958529466982000,24.68798193359375,-1.818037986755371,-0.1756746768951416,-0.7341902256011963
1696958529476995600,24.69799560546875,0.05993080139160156,0.022114992141723633,0.08858996629714966
1696958529487009000,24.708009033203126,-0.14062023162841797,-0.008412480354309082,0.07950803637504578
1696958529497022700,24.718022705078123,-1.363612174987793,-0.3233106732368469,-0.47374123334884644
1696958529507036200,24.7280361328125,0.3029918670654297,-0.1970607042312622,0.21410924196243286
1696958529517049900,24.7380498046875,0.9572725296020508,0.2749345898628235,0.11825373768806458
1696958529527063600,24.7480634765625,-1.281386375427246,-0.304662823677063,-0.14646466076374054
1696958529537077000,24.758076904296875,0.007358551025390625,-0.4551333487033844,-0.08824318647384644
1696958529547090700,24.768090576171875,1.5704231262207031,0.4191126823425293,0.6565073728561401
1696958529557104000,24.778104248046876,0.3720817565917969,0.024151742458343506,0.14483273029327393
1696958529567117800,24.788117919921874,-1.358790397644043,0.006141245365142822,0.35538530349731445
1696958529577131500,24.798131591796874,2.534646987915039,-0.22255980968475342,0.7363201379776001
1696958529587145000,24.80814501953125,-0.5536680221557617,-0.24047642946243286,0.06855612993240356
1696958529597158700,24.81815869140625,-0.7005138397216797,0.039295852184295654,-0.03952127695083618
1696958529607172000,24.828172119140625,1.2750568389892578,-0.45356282591819763,0.5662452578544617
1696958529617185800,24.838185791015626,-0.15193748474121094,-0.24017512798309326,0.39606431126594543
1696958529627199500,24.848199462890626,0.42182159423828125,0.06276410818099976,-0.07385113835334778
1696958529637213000,24.858212890625,-0.6541376113891602,-0.0456426739692688,0.5268797874450684
1696958529647226600,24.8682265625,1.1060142517089844,-0.10507023334503174,0.7859159708023071
1696958529657240000,24.878239990234373,-0.7267065048217773,-0.15330976247787476,-0.14459380507469177
1696958529667253800,24.888253662109374,-1.169550895690918,-0.038332462310791016,0.25623708963394165
1696958529677267500,24.898267333984375,2.4129419326782227,0.3896749019622803,0.5064986944198608
1696958529687281200,24.90828125,-2.080359935760498,-0.4722231924533844,-0.15247556567192078
1696958529697294600,24.918294677734377,-0.5844593048095703,0.034391701221466064,-0.3387179374694824
1696958529707308300,24.928308349609374,0.893742561340332,0.054044365882873535,0.22373658418655396
1696958529717322000,24.938322021484375,0.08868789672851562,-0.370567262172699,0.1722973883152008
1696958529727335700,24.948335693359375,-1.7563257217407227,-0.33926039934158325,-0.3360777199268341
1696958529737349400,24.958349365234376,0.5274448394775391,-0.2194393277168274,0.34788280725479126
1696958529747362800,24.96836279296875,0.8941612243652344,-0.4195728302001953,0.23096615076065063
1696958529757376500,24.97837646484375,-1.7843170166015625,-0.024709343910217285,-0.26576167345046997
1696958529767390200,24.98839013671875,1.2639551162719727,-0.707160234451294,0.15708553791046143
1696958529777404000,24.99840380859375,0.520237922668457,-0.24334979057312012,0.19875919818878174
1696958529787417600,25.00841748046875,0.040770530700683594,-0.4394306242465973,-0.19131308794021606
1696958529797431000,25.01843115234375,0.06926822662353516,-0.360656201839447,-0.03402680158615112
1696958529807444700,25.02844482421875,0.2648181915283203,-0.7247837781906128,0.23232173919677734
1696958529817458400,25.03845849609375,0.7036371231079102,-0.697348952293396,-0.10699841380119324
1696958529827472100,25.04847216796875,-1.4963874816894531,-0.2078680396080017,0.048925191164016724
1696958529837485800,25.05848583984375,1.7756128311157227,-0.3737642168998718,0.2935173511505127
1696958529847499500,25.06849951171875,1.2455673217773438,-0.5135537385940552,-0.23988725244998932
1696958529857513000,25.078512939453127,-1.605886459350586,-0.2527698874473572,-0.46056514978408813
1696958529867526700,25.088526611328124,1.5806035995483398,-0.39130622148513794,0.4233399033546448
1696958529877540400,25.098540283203125,0.9555644989013672,-0.8280729055404663,0.23296129703521729
1696958529887554000,25.108553955078126,-0.9298028945922852,-1.030375361442566,-0.7147822976112366
1696958529897567700,25.118567626953126,0.8406829833984375,-0.558463454246521,-0.6180825233459473
1696958529907581200,25.128581298828124,1.6465930938720703,-0.6543607115745544,0.10037297010421753
1696958529917595000,25.138594970703124,0.8971405029296875,-1.136955738067627,-0.6511567831039429
1696958529927608600,25.148608642578125,-2.0436763763427734,-0.8305555582046509,0.2567872703075409
1696958529937622300,25.158622314453126,3.3998098373413086,-0.40103068947792053,0.8180926442146301
1696958529947636000,25.168635986328123,0.773127555847168,-1.106090784072876,-0.23410093784332275
1696958529957649400,25.1786494140625,-1.4413118362426758,-0.47519007325172424,-0.006982564926147461
1696958529967663000,25.1886630859375,3.5515737533569336,-0.8289757966995239,0.3964810371398926
1696958529977676800,25.1986767578125,-0.3944530487060547,-0.8380519151687622,-0.06662175059318542
1696958529987690500,25.2086904296875,0.39986419677734375,-0.7828736901283264,-0.431120902299881
1696958529997704200,25.2187041015625,0.5377626419067383,-1.1618266105651855,0.06691917777061462
1696958530007717600,25.228717529296876,0.3887500762939453,-0.7555681467056274,0.7693179249763489
1696958530017731300,25.2387314453125,-0.03729820251464844,-1.006057858467102,0.07176271080970764
1696958530027745000,25.2487451171875,-0.7586469650268555,-0.7894811630249023,-0.011653780937194824
1696958530037758700,25.2587587890625,1.3893213272094727,-0.7667036056518555,0.36530378460884094
1696958530047772400,25.2687724609375,-2.05458927154541,-1.0652676820755005,-0.6306656002998352
1696958530057785900,25.278785888671877,-1.2848520278930664,-1.0799884796142578,-0.4452517330646515
1696958530067799600,25.288799560546874,0.05692577362060547,-0.6746549606323242,0.09801924228668213
1696958530077813200,25.298813232421875,-0.9321584701538086,-1.0463718175888062,0.4366775453090668
1696958530087827000,25.308826904296875,-1.8042712211608887,-0.9922555685043335,-0.10948702692985535
1696958530097840600,25.318840576171876,-0.46636009216308594,-0.854762077331543,0.2026381492614746
1696958530107854000,25.32885400390625,-0.46498775482177734,-0.7061834335327148,-0.028331995010375977
1696958530117867800,25.33886767578125,-2.103026866912842,-1.3341199159622192,-0.5127761363983154
1696958530127881500,25.348881591796875,-0.2627124786376953,-0.7173590660095215,-0.5466232895851135
1696958530137895200,25.358895263671876,-0.500758171081543,-0.9789552688598633,0.03376910090446472
1696958530147908900,25.368908935546877,-1.6703424453735352,-0.8222593665122986,-0.05498477816581726
1696958530157922300,25.37892236328125,0.08751392364501953,-0.9080412983894348,-0.1181284487247467
1696958530167936000,25.38893603515625,0.12567996978759766,-0.6479697227478027,-0.09175881743431091
1696958530177949700,25.39894970703125,-0.33821678161621094,-1.212676763534546,-0.07611608505249023
1696958530187963400,25.40896337890625,-0.017241477966308594,-0.6058753728866577,-0.07750332355499268
1696958530197977000,25.41897705078125,1.1917896270751953,-1.3435933589935303,-0.06848829984664917
1696958530207990500,25.428990478515626,-0.6365575790405273,-0.642723560333252,-0.14838671684265137
1696958530218004200,25.439004150390623,0.3445930480957031,-1.503312349319458,0.15090113878250122
1696958530228018000,25.449017822265624,0.11908435821533203,-1.002079725265503,0.0739666223526001
1696958530238031600,25.459031494140625,2.2024621963500977,-0.7499513626098633,0.20017296075820923
1696958530248045300,25.46904541015625,-0.6271305084228516,-1.0512104034423828,-0.0271417498588562
1696958530258058800,25.479058837890626,0.5115470886230469,-1.3462693691253662,0.08760625123977661
1696958530268072400,25.489072509765624,2.2356414794921875,-0.5982465147972107,0.46323060989379883
1696958530278086100,25.499086181640624,-0.5701274871826172,-1.2213141918182373,-0.021054387092590332
1696958530288099600,25.509099609375,-0.37305545806884766,-0.9939853549003601,0.29759758710861206
1696958530298113300,25.51911328125,3.3699684143066406,-1.267174482345581,0.652885913848877
1696958530308126700,25.529126708984375,-1.4745187759399414,-1.0465611219406128,0.004854083061218262
1696958530318140400,25.539140380859376,1.2384443283081055,-0.7725019454956055,-0.06998693943023682
1696958530328154000,25.549154052734377,1.5844659805297852,-0.9466177225112915,0.16591572761535645
1696958530338167600,25.55916748046875,-0.2784690856933594,-1.230676293373108,-0.15612661838531494
1696958530348181200,25.56918115234375,0.09010124206542969,-0.787000298500061,-0.21253162622451782
1696958530358194700,25.579194580078124,1.3133792877197266,-1.1146271228790283,0.47430360317230225
1696958530368208400,25.58920849609375,1.4772796630859375,-1.0735301971435547,-0.07982218265533447
1696958530378222000,25.59922216796875,-1.0638084411621094,-1.0959739685058594,-0.22092342376708984
1696958530388235500,25.609235595703126,0.9170465469360352,-0.9832465648651123,0.2079639434814453
1696958530398249200,25.619249267578127,1.110753059387207,-1.1022846698760986,-0.06776612997055054
1696958530408262700,25.6292626953125,-1.7019643783569336,-1.1979976892471313,-0.13450807332992554
1696958530418276400,25.6392763671875,0.3760538101196289,-0.6845122575759888,0.004410207271575928
1696958530428290000,25.6492900390625,0.647526741027832,-0.7820653319358826,0.2605971693992615
1696958530438303500,25.659303466796874,-0.8022956848144531,-1.6137290000915527,-0.22351765632629395
1696958530448317200,25.669317138671875,-1.4553956985473633,-1.3427284955978394,-0.7666140794754028
1696958530458330600,25.67933056640625,0.4597158432006836,-0.43691256642341614,0.18746352195739746
1696958530468344300,25.68934423828125,-0.38269901275634766,-1.1976675987243652,0.042659223079681396
1696958530478358000,25.69935791015625,-2.5517935752868652,-0.903072714805603,-0.46839284896850586
1696958530488371500,25.709371337890627,1.1626167297363281,-1.318589448928833,-0.1396530270576477
1696958530498385200,25.71938525390625,-1.2680168151855469,-0.9233360886573792,-0.2588028609752655
1696958530508398600,25.729398681640625,-0.13744068145751953,-0.9169964790344238,-0.06638282537460327
1696958530518412300,25.739412353515625,0.8997926712036133,-0.9130497574806213,-0.381146103143692
1696958530528426000,25.749426025390626,-1.1432256698608398,-1.5515838861465454,-0.19227606058120728
1696958530538439400,25.759439453125,1.411417007446289,-0.988559365272522,-0.0656161904335022
1696958530548453000,25.769453125,-0.45112037658691406,-0.832836389541626,-0.27641546726226807
1696958530558466600,25.779466552734377,0.9213790893554688,-1.4558677673339844,0.38467514514923096
1696958530568480300,25.789480224609374,1.8080253601074219,-1.496690273284912,0.1933344602584839
1696958530578494000,25.799493896484375,-1.3599824905395508,-0.8565959334373474,0.31733494997024536
1696958530588507400,25.80950732421875,2.270289421081543,-1.0710029602050781,0.2713776230812073
1696958530598521000,25.81952099609375,1.1896514892578125,-1.2256348133087158,0.007818877696990967
1696958530608534500,25.829534423828125,-0.8728523254394531,-0.8841649889945984,-0.24818068742752075
1696958530618548200,25.83954833984375,0.6681118011474609,-1.613147497177124,-0.17496615648269653
1696958530628562000,25.84956201171875,0.9201488494873047,-0.9250344038009644,0.15749084949493408
1696958530638575400,25.859575439453124,0.6363582611083984,-1.304284691810608,-0.18086248636245728
1696958530648589000,25.869589111328125,-0.4257698059082031,-0.9075807332992554,-0.07358342409133911
1696958530658602500,25.8796025390625,2.557744026184082,-0.7264758944511414,0.7359277009963989
1696958530668616200,25.8896162109375,1.051365852355957,-1.0624268054962158,0.24085509777069092
1696958530678630000,25.8996298828125,-1.469390869140625,-0.8191503882408142,0.06989514827728271
1696958530688643600,25.9096435546875,2.8450021743774414,-1.187861442565918,0.7646974921226501
1696958530698657300,25.9196572265625,0.3679046630859375,-0.5826255679130554,1.0241886377334595
1696958530708670700,25.929670654296874,0.8687171936035156,-0.9853528738021851,-0.025252938270568848
1696958530718684400,25.939684326171875,-1.0589599609375,-0.9756084680557251,0.1339086890220642
1696958530728698000,25.949697998046876,1.232954978942871,-0.904207170009613,0.3353320360183716
1696958530738711800,25.9597119140625,-0.8391151428222656,-0.7910770177841187,-1.007737159729004
1696958530748725500,25.9697255859375,-1.864119052886963,-0.46571964025497437,-0.584598183631897
1696958530758739000,25.979739013671875,0.7933454513549805,-1.1618393659591675,0.7330702543258667
1696958530768752600,25.989752685546875,-1.1438789367675781,-0.7142457962036133,-0.017583191394805908
1696958530778766300,25.999766357421876,-1.0930042266845703,-0.7814705967903137,-0.36767685413360596
1696958530788780000,26.009780029296873,-0.17232227325439453,-0.6143680810928345,0.37946969270706177
1696958530798793700,26.019793701171874,-0.08572196960449219,-0.6340926885604858,0.3977740406990051
1696958530808807200,26.02980712890625,-1.495290756225586,-0.9686412811279297,-0.538117527961731
1696958530818820900,26.03982080078125,-0.5357265472412109,-0.7021541595458984,-0.27123910188674927
1696958530828834600,26.04983447265625,-0.013278961181640625,-0.6255514621734619,0.28236711025238037
1696958530838848300,26.05984814453125,-0.6728792190551758,-0.7707294225692749,-0.09055227041244507
1696958530848862000,26.069862060546875,-1.2303619384765625,-0.5969908237457275,-0.49582111835479736
1696958530858875400,26.07987548828125,0.6890735626220703,-0.8932931423187256,0.29001760482788086
1696958530868889000,26.08988916015625,-0.23972702026367188,-0.4961242377758026,0.0039351582527160645
1696958530878902800,26.09990283203125,-0.13892459869384766,-0.6772232055664062,-0.47149595618247986
1696958530888916500,26.10991650390625,-0.07628822326660156,-0.7184471487998962,0.07154512405395508
1696958530898930200,26.11993017578125,1.2283697128295898,-1.0194501876831055,0.04710441827774048
1696958530908943600,26.129943603515624,-0.5474538803100586,-0.6024826765060425,-0.14203643798828125
1696958530918957300,26.139957275390625,0.09434986114501953,-0.8750159740447998,0.14042091369628906
1696958530928971000,26.149970947265626,0.4191169738769531,-0.8686338663101196,0.44607222080230713
1696958530938984700,26.159984619140626,1.4504919052124023,-1.0811198949813843,0.3700348138809204
1696958530948998400,26.169998291015624,-0.6650686264038086,-0.28843119740486145,0.1038253903388977
1696958530959011800,26.18001171875,1.463129997253418,-1.0880169868469238,0.2983796000480652
1696958530969025500,26.190025634765625,0.9868850708007812,-0.36042532324790955,0.4919402599334717
1696958530979039200,26.200039306640626,0.6596231460571289,-0.9485044479370117,-0.2181498408317566
1696958530989053000,26.210052978515623,-1.3869495391845703,-0.6405370235443115,-0.12420773506164551
1696958530999066600,26.220066650390624,2.339771270751953,-0.42587050795555115,0.9943642020225525
1696958531009080000,26.230080078125,0.7049655914306641,-0.1562340259552002,0.4936482906341553
1696958531019093800,26.24009375,-0.5485153198242188,0.037203848361968994,0.04998832941055298
1696958531029107500,26.250107421875,1.4605255126953125,-0.38379228115081787,0.8935640454292297
1696958531039121200,26.26012109375,0.4299497604370117,0.4036359190940857,0.7898803949356079
1696958531049134800,26.270134765625,0.6681127548217773,-0.060963213443756104,0.02898406982421875
1696958531059148300,26.280148193359373,-0.4177379608154297,0.2485148310661316,0.957500159740448
1696958531069162000,26.290161865234374,1.987269401550293,0.1193343997001648,1.3355010747909546
1696958531079175700,26.30017578125,-0.9372472763061523,-0.018838942050933838,0.4854406714439392
1696958531089189400,26.310189453125,-0.9298582077026367,0.495288610458374,0.8026067614555359
1696958531099203000,26.320203125,1.820328712463379,0.1637113094329834,0.7887488603591919
1696958531109216500,26.330216552734374,-1.858769416809082,0.012631058692932129,0.29080986976623535
1696958531119230200,26.340230224609375,-0.05249595642089844,-0.10323137044906616,-0.004027128219604492
1696958531129244000,26.350243896484375,-1.4521474838256836,0.5789393186569214,0.3164995312690735
1696958531139257600,26.360257568359376,0.5777597427368164,0.2853027582168579,0.44096946716308594
1696958531149271300,26.370271240234374,-1.349191665649414,-0.16535860300064087,-0.018829822540283203
1696958531159284700,26.38028466796875,-0.8629245758056641,0.3179394602775574,0.312005877494812
1696958531169298400,26.39029833984375,1.5814123153686523,0.2864563465118408,0.5077396035194397
1696958531179312000,26.40031201171875,-0.6730518341064453,0.043954432010650635,0.5037976503372192
1696958531189325800,26.410325927734377,0.040660858154296875,-0.1804565191268921,0.08221125602722168
1696958531199339500,26.420339599609374,0.2606353759765625,0.5354577302932739,0.9974274635314941
1696958531209353200,26.430353271484375,1.9180231094360352,0.157012939453125,1.017716407775879
1696958531219366700,26.44036669921875,0.08283138275146484,-0.3098967969417572,0.5751646757125854
1696958531229380400,26.45038037109375,0.7562265396118164,0.4182458519935608,0.8534207940101624
1696958531239394000,26.46039404296875,1.6236438751220703,-0.1865503191947937,0.6982771754264832
1696958531249407700,26.47040771484375,-0.2587146759033203,-0.1547117829322815,-0.12497740983963013
1696958531259421400,26.48042138671875,0.41556644439697266,-0.19355344772338867,-0.40204596519470215
1696958531269435000,26.490434814453124,0.2615623474121094,-0.05604112148284912,0.041278839111328125
1696958531279448600,26.500448486328125,2.43056583404541,-0.22981905937194824,0.04362112283706665
1696958531289462300,26.510462158203126,-1.063725471496582,-0.517790675163269,-0.6241623163223267
1696958531299475700,26.520475830078126,-0.8314018249511719,-0.3200906217098236,0.32806384563446045
1696958531309489400,26.530489501953124,2.879474639892578,0.23856472969055176,0.3922525644302368
1696958531319503000,26.540503173828125,-0.9357700347900391,-0.6096152663230896,-0.03862839937210083
1696958531329516500,26.5505166015625,0.2282390594482422,-0.19124078750610352,-0.19273924827575684
1696958531339530200,26.5605302734375,1.1315069198608398,-0.20190435647964478,0.36057984828948975
1696958531349543700,26.570543701171875,1.1103458404541016,-0.013367772102355957,-0.015266001224517822
1696958531359557400,26.580557373046876,-0.6886510848999023,-0.5032411813735962,-0.5277853608131409
1696958531369571000,26.590571044921877,-0.09820938110351562,0.26098179817199707,0.2800281047821045
1696958531379584500,26.60058447265625,1.7378768920898438,-0.20225340127944946,0.8673245310783386
1696958531389598200,26.61059814453125,-0.3158235549926758,-0.38719263672828674,0.19940632581710815
1696958531399611600,26.620611572265624,-0.7348089218139648,0.16954970359802246,0.5609123706817627
1696958531409625300,26.630625244140624,1.0787420272827148,0.47343701124191284,1.0958359241485596
1696958531419639000,26.64063916015625,-0.04162120819091797,-0.2409358024597168,0.17108720541000366
1696958531429652500,26.650652587890626,-2.181859016418457,0.15409308671951294,-0.06862485408782959
1696958531439666200,26.660666259765627,1.4606037139892578,0.3643231987953186,0.41729700565338135
1696958531449679600,26.6706796875,-1.8444404602050781,0.026606440544128418,0.4048617482185364
1696958531459693300,26.680693359375,-0.7404375076293945,-0.056908369064331055,0.307847797870636
1696958531469707000,26.69070703125,-0.8957271575927734,0.4359270930290222,-0.02316504716873169
1696958531479720400,26.700720458984375,-1.7627897262573242,0.0686941146850586,0.4754605293273926
1696958531489734100,26.710734130859375,0.5979223251342773,0.0683862566947937,-0.05316948890686035
1696958531499747600,26.72074755859375,-2.9010391235351562,-0.11961162090301514,-0.07960408926010132
1696958531509761300,26.73076123046875,0.7623405456542969,0.30195897817611694,0.6617332696914673
1696958531519775000,26.74077490234375,0.7131223678588867,0.01692640781402588,0.1517462134361267
1696958531529788400,26.750788330078127,-2.7910327911376953,0.015031158924102783,0.3880583643913269
1696958531539802000,26.760802001953124,1.6077890396118164,0.3260124921798706,0.7694337964057922
1696958531549815600,26.770815673828125,0.8300285339355469,0.07590150833129883,0.36249101161956787
1696958531559829200,26.780829345703125,-0.5480728149414062,-0.6517475843429565,0.23389166593551636
1696958531569843000,26.790843017578126,0.3424100875854492,0.002393782138824463,0.31912970542907715
1696958531579856400,26.8008564453125,1.1159448623657227,-0.2056058645248413,0.5149208903312683
1696958531589870000,26.8108701171875,1.6486434936523438,-0.14146453142166138,0.19453537464141846
1696958531599883500,26.820883544921877,-0.6869373321533203,0.21623164415359497,0.28298497200012207
1696958531609897200,26.830897216796874,1.4507598876953125,-0.1899070143699646,0.42342042922973633
1696958531619911000,26.840910888671875,0.7166614532470703,0.20366883277893066,0.29003167152404785
1696958531629924400,26.85092431640625,-1.5308685302734375,-0.3968409299850464,-0.19055640697479248
1696958531639938000,26.86093798828125,-0.518427848815918,-0.19367927312850952,-0.06943345069885254
1696958531649951500,26.870951416015625,0.8453378677368164,0.3370571732521057,-0.19784849882125854
1696958531659965200,26.880965087890626,-2.114044189453125,0.2252243161201477,-0.12141811847686768
1696958531669979000,26.890978759765623,-0.8804349899291992,0.15740066766738892,-0.2802262306213379
1696958531679992300,26.900992431640624,-1.589463233947754,0.2560462951660156,0.295160174369812
1696958531690006000,26.911006103515625,-1.470458984375,0.2455882430076599,0.06030845642089844
1696958531700019700,26.921019775390626,-2.6945748329162598,0.12205332517623901,-0.48079872131347656
1696958531710033400,26.931033447265627,-1.5882835388183594,0.7734376192092896,0.2048434019088745
1696958531720046800,26.941046875,-0.38452625274658203,0.5600632429122925,0.5653673410415649
1696958531730060500,26.951060546875,-3.0788345336914062,0.40686285495758057,0.33654242753982544
1696958531740074200,26.96107421875,-0.8397378921508789,0.4156896471977234,0.5202286243438721
1696958531750088000,26.971087890625,-1.5403070449829102,0.7414648532867432,0.6857932209968567
1696958531760101600,26.9811015625,-2.449756622314453,0.24901431798934937,0.5866358280181885
1696958531770115000,26.991114990234376,-1.9044294357299805,0.15392029285430908,0.21106767654418945
1696958531780128800,27.001128662109377,-2.1250925064086914,0.6444828510284424,0.3251436948776245
1696958531790142500,27.011142578125,-1.1649885177612305,0.7378853559494019,0.15883851051330566
1696958531800156200,27.02115625,-2.9360718727111816,0.2727981209754944,-0.13263177871704102
1696958531810169900,27.031169921875,-0.8225622177124023,0.12360858917236328,0.12116658687591553
1696958531820183300,27.041183349609376,-1.1894569396972656,0.5685524940490723,0.4933672547340393
1696958531830197000,27.051197021484374,-0.8389558792114258,0.5301100015640259,0.566774845123291
1696958531840210700,27.061210693359374,-0.3221731185913086,0.29407787322998047,0.17110246419906616
1696958531850224400,27.071224365234375,-0.9868907928466797,-0.020770609378814697,0.6889438033103943
1696958531860238000,27.081238037109376,0.6435880661010742,0.20079684257507324,0.6660001873970032
1696958531870251500,27.09125146484375,-1.5242071151733398,-0.11059027910232544,0.12050753831863403
1696958531880265200,27.10126513671875,0.8579483032226562,-0.41137829422950745,0.5780277252197266
1696958531890279000,27.11127880859375,2.316854476928711,0.09508621692657471,0.3070814609527588
1696958531900292600,27.121292724609376,-0.050891876220703125,-0.01956087350845337,-0.038891613483428955
1696958531910306300,27.131306396484376,-0.39124202728271484,-0.03629624843597412,0.6418513059616089
1696958531920319700,27.14131982421875,2.8913965225219727,-0.21628683805465698,0.9255649447441101
1696958531930333400,27.15133349609375,0.0398406982421875,-0.11400485038757324,0.30164992809295654
1696958531940347100,27.16134716796875,0.6978893280029297,-0.36447885632514954,0.3399224281311035
1696958531950360800,27.17136083984375,2.2912216186523438,-0.2892322242259979,0.7670567035675049
1696958531960374500,27.18137451171875,2.212742805480957,-0.29640278220176697,0.22377103567123413
1696958531970388000,27.191387939453126,-0.6896123886108398,-0.03722548484802246,0.0660785436630249
1696958531980401700,27.201401611328127,1.7768545150756836,-0.3861331343650818,0.5944491028785706
1696958531990415400,27.211415283203124,2.474170684814453,-0.0493474006652832,0.43522244691848755
1696958532000429000,27.221428955078125,0.947535514831543,-0.3749536871910095,-0.38603872060775757
1696958532010442800,27.23144287109375,0.10347557067871094,-0.5383403301239014,0.10807561874389648
1696958532020456400,27.24145654296875,3.356936454772949,-0.2759682834148407,0.4507104158401489
1696958532030470000,27.251469970703123,1.4558162689208984,-0.46982312202453613,-0.2553587555885315
1696958532040483600,27.261483642578124,-0.06315326690673828,-0.29028984904289246,-0.20731604099273682
1696958532050497300,27.271497314453125,2.9521493911743164,-0.3619920313358307,0.7652255296707153
1696958532060511000,27.281510986328126,2.547919273376465,-0.2170725166797638,0.3115691542625427
1696958532070524700,27.291524658203127,0.24276447296142578,-0.19193288683891296,-0.003877997398376465
1696958532080538000,27.3015380859375,2.253628730773926,-0.5072596669197083,0.2762190103530884
1696958532090551800,27.3115517578125,2.0139083862304688,-0.4667341113090515,0.645887553691864
1696958532100565500,27.3215654296875,1.7982769012451172,-0.12409853935241699,-0.16063815355300903
1696958532110579200,27.3315791015625,0.23586559295654297,-0.10773783922195435,0.22938907146453857
1696958532120593000,27.341593017578123,2.0989294052124023,-0.034009337425231934,1.2281336784362793
1696958532130606300,27.3516064453125,1.472116470336914,-0.35316377878189087,0.08164191246032715
1696958532140620000,27.3616201171875,-1.7811870574951172,0.37825846672058105,-0.14857566356658936
1696958532150633700,27.3716337890625,1.8023748397827148,0.03525501489639282,0.6292876601219177
1696958532160647400,27.3816474609375,-0.44349193572998047,-0.2565619647502899,0.19334322214126587
1696958532170661000,27.3916611328125,-1.4987611770629883,-0.14829185605049133,-0.4513469338417053
1696958532180674600,27.401674560546876,-0.8306741714477539,0.8019242286682129,0.19516587257385254
1696958532190688300,27.411688232421874,-0.26953887939453125,0.34699249267578125,0.5867272019386292
1696958532200702000,27.421701904296874,-0.5558443069458008,-0.543440580368042,-0.3517637252807617
1696958532210715600,27.431715576171875,-3.0871310234069824,0.09308427572250366,-0.5539935231208801
1696958532220729300,27.441729248046876,0.14640235900878906,0.5163718461990356,0.3762115240097046
1696958532230742800,27.45174267578125,-0.7570934295654297,-0.17119690775871277,0.12817752361297607
1696958532240756500,27.461756591796874,-2.150588035583496,-0.17954590916633606,-0.29940909147262573
1696958532250770200,27.471770263671875,-1.1700820922851562,0.16451585292816162,0.21459323167800903
1696958532260783900,27.481783935546876,-0.6651382446289062,0.3968057632446289,0.6326223015785217
1696958532270797600,27.491797607421876,-0.6299591064453125,-0.4376092255115509,-0.008409321308135986
1696958532280811000,27.50181103515625,-2.506117343902588,-0.1730479896068573,-0.2684623599052429
1696958532290824700,27.51182470703125,-0.2534294128417969,-0.01131439208984375,0.29749631881713867
1696958532300838400,27.52183837890625,-0.5056295394897461,0.12068897485733032,0.17232972383499146
1696958532310852000,27.53185205078125,-1.693821907043457,-0.3670908212661743,-0.1702231764793396
1696958532320865800,27.54186572265625,-0.7667512893676758,-0.0038737058639526367,-0.013706445693969727
1696958532330879200,27.551879150390626,-0.37708473205566406,-0.21217289566993713,0.1659368872642517
1696958532340893000,27.561892822265627,-1.0731201171875,-0.3879151940345764,-0.3047443628311157
1696958532350906600,27.57190673828125,-2.0826048851013184,-0.3477318584918976,-0.18530941009521484
1696958532360920000,27.581920166015625,0.5614738464355469,0.1744261384010315,0.32320624589920044
1696958532370933800,27.591933837890625,0.04983711242675781,-0.09145963191986084,-0.05867868661880493
1696958532380947200,27.601947265625,-1.2298059463500977,-0.2560652196407318,-0.006640732288360596
1696958532390961000,27.6119609375,-0.045215606689453125,0.29372239112854004,0.6619373559951782
1696958532400974600,27.621974609375,0.9213380813598633,0.2652992010116577,0.8121345043182373
1696958532410988000,27.631988037109377,-0.556523323059082,-0.43079325556755066,0.1761559247970581
1696958532421001700,27.642001708984374,-0.16210269927978516,0.4319566488265991,0.4078257083892822
1696958532431015200,27.65201513671875,0.8811769485473633,0.3156365156173706,1.2968969345092773
1696958532441028900,27.66202880859375,1.0804882049560547,-0.056675732135772705,0.5804893970489502
1696958532451042600,27.67204248046875,-1.4970664978027344,-0.020137369632720947,0.03786778450012207
1696958532461056000,27.682055908203125,0.28530120849609375,0.6834731101989746,0.8434838056564331
1696958532471069700,27.692069580078126,1.1933317184448242,0.0501093864440918,0.857636034488678
1696958532481083100,27.702083251953123,-0.3619422912597656,-0.22765028476715088,0.09530127048492432
1696958532491096800,27.712096923828124,-0.5274600982666016,0.4674975872039795,0.4895182251930237
1696958532501110500,27.722110595703125,1.1136894226074219,0.793824315071106,0.9419142603874207
1696958532511124000,27.7321240234375,0.6145057678222656,-0.11484640836715698,0.34372884035110474
1696958532521137700,27.7421376953125,-1.7947545051574707,0.29924488067626953,0.44887882471084595
1696958532531151000,27.752151123046875,2.44879150390625,0.13834285736083984,0.7408587336540222
1696958532541164800,27.762164794921876,-0.24701881408691406,0.5060320496559143,0.6431245803833008
1696958532551178500,27.772178466796873,1.0440711975097656,0.031107068061828613,0.3151795268058777
1696958532561192000,27.78219189453125,-0.12887096405029297,0.84195876121521,0.40592479705810547
1696958532571205600,27.79220556640625,2.3946104049682617,0.23885977268218994,0.7160336375236511
1696958532581219000,27.802218994140624,0.577763557434082,0.29963213205337524,0.19997543096542358
1696958532591232800,27.812232666015625,-0.011485099792480469,0.2570989727973938,0.48931896686553955
1696958532601246500,27.82224658203125,1.5366020202636719,0.22799605131149292,0.8173145055770874
1696958532611260000,27.832260009765626,2.072580337524414,0.12187916040420532,0.7421209216117859
1696958532621273600,27.842273681640624,-0.6616287231445312,0.1405431032180786,0.20837223529815674
1696958532631287000,27.852287109375,1.3513097763061523,0.7519223690032959,0.8991299867630005
1696958532641300700,27.86230078125,1.978118896484375,0.3636481761932373,0.6419847011566162
1696958532651314400,27.872314453125,-1.329543113708496,-0.2661582827568054,0.0897032618522644
1696958532661328000,27.882327880859375,0.47930335998535156,0.3053210973739624,0.08895045518875122
1696958532671341600,27.892341552734376,0.17166423797607422,0.410935640335083,0.2865715026855469
1696958532681355000,27.90235498046875,0.5289134979248047,-0.14170533418655396,0.21986132860183716
1696958532691368700,27.91236865234375,-0.8827762603759766,0.02702230215072632,-0.4239375591278076
1696958532701382400,27.92238232421875,-0.6375389099121094,0.1075407862663269,0.044056594371795654
1696958532711395800,27.932395751953123,1.193903923034668,0.061703503131866455,0.40670377016067505
1696958532721409500,27.942409423828124,-1.748647689819336,-0.47848454117774963,-0.45826250314712524
1696958532731423200,27.95242333984375,-1.161707878112793,0.010351419448852539,-0.25596439838409424
1696958532741437000,27.96243701171875,1.2254657745361328,0.07248055934906006,0.3901258707046509
1696958532751450400,27.972450439453127,0.12298393249511719,-0.19878041744232178,-0.1297721266746521
1696958532761464000,27.982464111328124,-1.4356746673583984,-0.38559553027153015,-0.44384098052978516
1696958532771477800,27.992477783203125,0.7085981369018555,0.1403859257698059,0.5027102828025818
1696958532781491500,28.002491455078125,0.43414306640625,-0.15685749053955078,0.3103652000427246
1696958532791505200,28.012505126953126,-1.555342674255371,-0.40705594420433044,-0.20966917276382446
1696958532801518600,28.0225185546875,0.7134103775024414,0.149732768535614,0.2150784134864807
1696958532811532300,28.0325322265625,-0.3973407745361328,-0.01839911937713623,0.25222426652908325
1696958532821546000,28.0425458984375,0.16707515716552734,-0.37597420811653137,-0.4732242226600647
1696958532831559700,28.0525595703125,-1.5633869171142578,-0.32432156801223755,-0.908531129360199
1696958532841573400,28.062573486328127,-0.13079261779785156,-0.06825745105743408,-0.24105465412139893
1696958532851587000,28.072587158203124,0.5577077865600586,-0.09404969215393066,-0.15654683113098145
1696958532861600500,28.0826005859375,-1.3121929168701172,-0.363324910402298,-0.6422966122627258
1696958532871614200,28.0926142578125,-0.34835147857666016,-0.0270998477935791,-0.0011363625526428223
1696958532881628000,28.1026279296875,0.9811172485351562,0.06629437208175659,0.22102290391921997
1696958532891641600,28.1126416015625,-1.324660301208496,-0.28491508960723877,-0.47181838750839233
1696958532901655300,28.1226552734375,-0.3272972106933594,-0.1452760100364685,-0.3185243606567383
1696958532911668700,28.132668701171873,0.3762197494506836,0.16775476932525635,0.2325807809829712
1696958532921682400,28.142682373046874,0.7718992233276367,-0.2201545238494873,-0.03933978080749512
1696958532931696000,28.152696044921875,-1.4423789978027344,0.10593926906585693,-0.3061676621437073
1696958532941709800,28.162709716796876,0.6972198486328125,-0.17897039651870728,0.37366968393325806
1696958532951723500,28.1727236328125,0.8819293975830078,0.15610229969024658,0.20106643438339233
1696958532961737000,28.182737060546874,-1.0844411849975586,-0.18975311517715454,-0.40921562910079956
1696958532971750700,28.192750732421874,-0.3553638458251953,0.19257909059524536,0.13305985927581787
1696958532981764400,28.202764404296875,1.5569515228271484,0.2665967345237732,0.46772605180740356
1696958532991778000,28.212778076171876,-0.9607248306274414,-0.47339603304862976,-0.39316433668136597
1696958533001791700,28.222791748046873,-0.8007831573486328,-0.008126020431518555,-0.022305846214294434
1696958533011805200,28.23280517578125,1.2177743911743164,0.2718281149864197,0.5042707920074463
1696958533021819000,28.24281884765625,0.1297311782836914,0.016077756881713867,0.39357078075408936
1696958533031832600,28.25283251953125,-0.640223503112793,0.047627806663513184,-0.18429100513458252
1696958533041846300,28.26284619140625,-0.11324214935302734,0.047698795795440674,0.2605804204940796
1696958533051860000,28.27285986328125,0.40294742584228516,0.13607102632522583,0.08536422252655029
1696958533061873400,28.282873291015626,-0.6830453872680664,-0.2522643208503723,-0.19287574291229248
1696958533071887000,28.29288720703125,0.16417694091796875,-0.07073354721069336,-0.6248791813850403
1696958533081900800,28.30290087890625,1.057419776916504,0.2863084673881531,0.06271135807037354
1696958533091914500,28.31291455078125,1.0164203643798828,-0.19898027181625366,-0.41510674357414246
1696958533101928200,28.32292822265625,-2.1640992164611816,-0.23924845457077026,-0.5160470604896545
1696958533111941600,28.332941650390627,2.424046516418457,0.2456997036933899,0.08057558536529541
1696958533121955300,28.342955322265624,0.014571189880371094,0.23280489444732666,-0.6605836153030396
1696958533131969000,28.352968994140625,-2.2269768714904785,-0.35382193326950073,-0.5774952173233032
1696958533141982700,28.362982666015625,3.4940624237060547,0.36300331354141235,-0.13637810945510864
1696958533151996400,28.372996337890626,-1.3072481155395508,0.46847617626190186,-0.23146945238113403
1696958533162009900,28.383009765625,-0.03819847106933594,0.06107610464096069,-0.5519717931747437
1696958533172023600,28.3930234375,1.6204490661621094,0.15499067306518555,-0.3344371020793915
1696958533182037200,28.403037353515625,-1.9913334846496582,0.18549782037734985,-0.14546149969100952
1696958533192051000,28.413051025390626,1.1861848831176758,0.32482725381851196,-0.8175907731056213
1696958533202064600,28.423064697265627,-0.4411811828613281,0.26604992151260376,-0.6379526257514954
1696958533212078000,28.433078125,-0.9036159515380859,0.07385009527206421,-0.30638664960861206
1696958533222091800,28.443091796875,0.7948875427246094,0.5984067320823669,-0.6711946725845337
1696958533232105500,28.45310546875,-0.8221044540405273,0.3931395411491394,-0.727013885974884
1696958533242119200,28.463119140625,-0.06981182098388672,0.2958986163139343,-0.24490836262702942
1696958533252132900,28.4731328125,0.6565990447998047,0.2997962236404419,-0.317252516746521
1696958533262146300,28.483146240234376,-0.6303529739379883,0.6247037649154663,-0.29925981163978577
1696958533272160000,28.493159912109373,-0.22760009765625,0.5297337770462036,-0.11106109619140625
1696958533282173700,28.503173583984374,0.021483421325683594,0.6256237626075745,-0.43965646624565125
1696958533292187400,28.5131875,-1.2305736541748047,0.3235127925872803,0.08917820453643799
1696958533302201000,28.523201171875,1.3193111419677734,0.5290203094482422,-0.6026115417480469
1696958533312214500,28.533214599609376,-1.6752920150756836,0.5531782507896423,-0.19081905484199524
1696958533322228200,28.543228271484374,0.4026002883911133,0.7945999503135681,-0.008545339107513428
1696958533332242000,28.553241943359374,0.3682260513305664,0.5413252711296082,0.1479780077934265
1696958533342255600,28.563255615234375,-0.8850173950195312,0.646682858467102,-0.22829756140708923
1696958533352269300,28.573269287109376,0.5459060668945312,0.3251180052757263,-0.4008815288543701
1696958533362283000,28.583282958984373,-1.0946950912475586,0.8637284636497498,-0.2782801389694214
1696958533372296400,28.59329638671875,0.35100555419921875,0.29956257343292236,-0.18936479091644287
1696958533382310100,28.60331005859375,0.4026203155517578,0.9233292937278748,-0.33721446990966797
1696958533392323800,28.61332373046875,-1.4526939392089844,0.26219719648361206,-0.21213817596435547
1696958533402337500,28.623337646484377,0.5960903167724609,0.9366481900215149,0.1400049328804016
1696958533412351200,28.633351318359374,-0.6623630523681641,0.25489717721939087,-0.4828506112098694
1696958533422364700,28.64336474609375,0.10864448547363281,0.9814319610595703,0.0008239150047302246
1696958533432378400,28.65337841796875,0.4570608139038086,0.5726937651634216,-0.563910722732544
1696958533442392000,28.66339208984375,-1.5606765747070312,0.6322985291481018,-0.06615453958511353
1696958533452405800,28.67340576171875,1.6303930282592773,0.6915042996406555,-0.20284651219844818
1696958533462419500,28.68341943359375,-0.5191688537597656,0.11146581172943115,-0.7860504388809204
1696958533472433000,28.693432861328127,-1.1057825088500977,1.2226428985595703,-0.5583239793777466
1696958533482446600,28.703446533203124,1.9747133255004883,0.12411779165267944,0.0316542387008667
1696958533492460300,28.713460205078125,-1.6047868728637695,1.2734918594360352,-0.6308331489562988
1696958533502474000,28.723473876953125,0.6164922714233398,0.077181875705719,-0.528434157371521
1696958533512487700,28.73348779296875,-1.0955467224121094,1.2064344882965088,0.10697570443153381
1696958533522501000,28.743501220703124,0.5222158432006836,0.526289165019989,-0.3253658711910248
1696958533532514800,28.753514892578124,-0.23871994018554688,0.4126175045967102,0.17270395159721375
1696958533542528500,28.763528564453125,-0.7446908950805664,0.9269097447395325,-0.08890527486801147
1696958533552542200,28.773542236328126,0.9869575500488281,0.24184906482696533,0.239410400390625
1696958533562555600,28.7835556640625,-1.046341896057129,1.1215276718139648,-0.06381556391716003
1696958533572569300,28.7935693359375,1.2641925811767578,0.38934797048568726,-0.05547499656677246
1696958533582582800,28.803582763671876,-1.2285985946655273,0.7185655236244202,-0.37066709995269775
1696958533592596500,28.813596435546874,0.0071735382080078125,0.2835777997970581,-0.12353894114494324
1696958533602610200,28.823610107421874,0.7813177108764648,1.2846094369888306,-0.5195879936218262
1696958533612623600,28.83362353515625,-0.8931760787963867,0.30436116456985474,-0.8215466141700745
1696958533622637300,28.84363720703125,0.9773845672607422,0.6981356143951416,-0.20331299304962158
1696958533632650800,28.853650634765625,0.5403614044189453,0.701104998588562,-0.2176375538110733
1696958533642664400,28.86366455078125,-1.0142393112182617,0.6346228718757629,-0.09616178274154663
1696958533652678100,28.87367822265625,0.5844144821166992,1.1573295593261719,-0.31565964221954346
1696958533662691600,28.883691650390624,-0.898472785949707,0.07022064924240112,-0.08838653564453125
1696958533672705300,28.893705322265625,1.1443042755126953,1.1407032012939453,-0.2679142355918884
1696958533682718700,28.90371875,-1.9169392585754395,0.21393364667892456,-0.788250207901001
1696958533692732400,28.913732421875,1.0649709701538086,1.0821161270141602,0.16487088799476624
1696958533702746000,28.92374609375,0.4317340850830078,0.3445543050765991,-0.3056963086128235
1696958533712759600,28.933759521484376,-0.36281299591064453,0.6812248826026917,-0.34679287672042847
1696958533722773200,28.943773193359377,0.5604696273803711,1.1086682081222534,-0.45424365997314453
1696958533732786700,28.95378662109375,0.07636451721191406,-0.049479007720947266,-0.015635907649993896
1696958533742800400,28.96380029296875,-0.11979389190673828,1.240502119064331,-0.07585343718528748
1696958533752814000,28.97381396484375,0.9986352920532227,0.35910117626190186,-0.20833812654018402
1696958533762827500,28.98382763671875,-1.0491647720336914,0.992526650428772,0.012789726257324219
1696958533772841200,28.99384130859375,0.1814289093017578,0.389407753944397,0.3203648328781128
1696958533782854700,29.003854736328126,0.6778011322021484,0.6468749046325684,0.01741921901702881
1696958533792868400,29.013868408203123,-1.9856491088867188,1.0638823509216309,-0.12922894954681396
1696958533802882000,29.023882080078124,1.6028881072998047,0.30236947536468506,0.20725813508033752
1696958533812895500,29.0338955078125,-1.3971004486083984,1.113242268562317,-0.0622328519821167
1696958533822909200,29.0439091796875,-0.33817100524902344,0.12791717052459717,-0.21437937021255493
1696958533832922600,29.053922607421875,-0.2511558532714844,0.9609494209289551,-0.4726462960243225
1696958533842936300,29.063936279296875,-0.4036569595336914,0.540852427482605,-0.16323591768741608
1696958533852950000,29.073949951171876,0.4192228317260742,0.29105043411254883,-0.3368818163871765
1696958533862963500,29.08396337890625,-1.4072599411010742,0.7815725803375244,-0.44205307960510254
1696958533872977200,29.09397705078125,0.45508861541748047,0.24713504314422607,0.29735639691352844
1696958533882990800,29.103990966796875,-0.8648004531860352,1.0748693943023682,-0.0596143901348114
1696958533893004500,29.114004638671876,0.5134439468383789,0.13867652416229248,0.029635459184646606
1696958533903018000,29.12401806640625,-0.26171112060546875,0.9281383752822876,-0.050631582736968994
1696958533913031700,29.13403173828125,0.4556283950805664,0.34447169303894043,0.36488986015319824
1696958533923045400,29.14404541015625,0.7078952789306641,0.4895932674407959,0.20424914360046387
1696958533933059000,29.15405908203125,-0.5075883865356445,0.7107023000717163,0.019719690084457397
1696958533943072800,29.16407275390625,1.2855987548828125,0.5234923362731934,0.11781835556030273
1696958533953086200,29.174086181640625,-0.4663543701171875,0.6364494562149048,-0.3364703953266144
1696958533963100000,29.184099853515626,-0.16910839080810547,0.40204524993896484,-0.4866037964820862
1696958533973113600,29.194113525390627,0.696537971496582,0.9567515850067139,-0.5008962154388428
1696958533983127300,29.204127197265624,-1.0254459381103516,0.2930032014846802,-0.16009590029716492
1696958533993141800,29.214141845703125,1.8157148361206055,0.880718469619751,0.0805564820766449
1696958534003155700,29.22415576171875,-1.6386499404907227,0.45132875442504883,-0.5091175436973572
1696958534013169200,29.234169189453127,0.1619729995727539,0.6840823888778687,0.32538270950317383
1696958534023182800,29.244182861328124,0.47750282287597656,0.881009578704834,-0.3337360620498657
1696958534033196500,29.254196533203125,-1.7650718688964844,0.09166502952575684,-0.13046641647815704
1696958534043210000,29.2642099609375,1.1450109481811523,1.1797047853469849,-0.079723060131073
1696958534053223700,29.2742236328125,-1.017563819885254,0.08395779132843018,0.1583404242992401
1696958534063237000,29.284237060546875,0.39926910400390625,1.0750876665115356,-0.24656891822814941
1696958534073250800,29.294250732421876,-0.007575035095214844,0.7480846643447876,-0.32485878467559814
1696958534083264500,29.304264404296877,-0.8822917938232422,0.5095968246459961,-0.3404311537742615
1696958534093278000,29.31427783203125,-0.1631155014038086,0.721319317817688,0.09342795610427856
1696958534103291600,29.324291748046875,-0.010023117065429688,0.3060781955718994,-0.002780407667160034
1696958534113305000,29.33430517578125,-1.0994014739990234,1.3586881160736084,-0.21495173871517181
1696958534123318800,29.34431884765625,0.4512195587158203,0.28982865810394287,0.11423322558403015
1696958534133332500,29.35433251953125,-0.5246248245239258,1.1415458917617798,0.060433655977249146
1696958534143346000,29.364345947265626,-0.7053613662719727,0.2299947738647461,-0.1310318410396576
1696958534153359600,29.374359619140623,-0.23063182830810547,0.9276978969573975,0.13002586364746094
1696958534163373000,29.384373046875,-1.295989990234375,0.578081488609314,-0.017077505588531494
1696958534173386800,29.39438671875,0.7711782455444336,0.5426852703094482,-0.36248552799224854
1696958534183400400,29.404400390625,-1.2235040664672852,0.8077168464660645,-0.7135640382766724
1696958534193414000,29.414413818359375,0.22217082977294922,-0.0532454252243042,-0.6267329454421997
1696958534203427600,29.424427490234375,0.1405467987060547,1.335707664489746,-0.49041056632995605
1696958534213441000,29.43444091796875,-0.3857898712158203,-0.1454399824142456,-0.5831890106201172
1696958534223454700,29.444454833984373,-0.4469413757324219,0.8973878622055054,0.04666575789451599
1696958534233468400,29.454468505859374,0.4572792053222656,0.4857102632522583,-0.22726595401763916
1696958534243481900,29.46448193359375,-0.3133869171142578,0.361614465713501,-0.2662036418914795
1696958534253495600,29.47449560546875,-0.4558849334716797,0.8290537595748901,-0.18208461999893188
1696958534263509000,29.484509033203125,2.2068634033203125,-0.12600111961364746,0.37191957235336304
1696958534273522700,29.494522705078126,-0.48398590087890625,1.1842588186264038,0.22811299562454224
1696958534283536400,29.504536376953126,1.5478706359863281,-0.2109469175338745,0.133794367313385
1696958534293549800,29.5145498046875,-1.045755386352539,0.7643673419952393,-0.1553700864315033
1696958534303563500,29.5245634765625,1.1548614501953125,0.6311008930206299,-0.29194962978363037
1696958534313577000,29.534576904296873,0.10096359252929688,0.34850502014160156,-0.380155086517334
1696958534323590700,29.544590576171874,-0.7402544021606445,0.6904480457305908,-0.24518194794654846
1696958534333604400,29.554604248046875,2.0046091079711914,-0.09929299354553223,-0.3047867715358734
1696958534343618000,29.5646181640625,-1.297041893005371,1.485174536705017,0.05286228656768799
1696958534353631500,29.574631591796877,0.8993644714355469,-0.34971344470977783,0.1274472177028656
1696958534363645200,29.584645263671874,-0.884796142578125,1.1973545551300049,-0.4947217106819153
1696958534373659000,29.594658935546875,-0.20884323120117188,0.6618231534957886,0.2122458815574646
1696958534383672600,29.604672607421875,0.49449920654296875,0.3029055595397949,0.15255361795425415
1696958534393686300,29.614686279296876,-0.44812965393066406,0.8326153755187988,0.19322487711906433
1696958534403699700,29.62469970703125,1.3116579055786133,-0.04929649829864502,0.24214226007461548
1696958534413713400,29.63471337890625,-0.9996328353881836,1.539730191230774,0.11397835612297058
1696958534423727000,29.64472705078125,1.458932876586914,0.06605637073516846,-0.03658550977706909
1696958534433740800,29.65474072265625,-0.967315673828125,0.44978606700897217,0.27968332171440125
1696958534443754500,29.66475439453125,-0.41089630126953125,0.6943579912185669,-0.017995834350585938
1696958534453768000,29.674767822265625,0.19221973419189453,0.4533785581588745,-0.26827728748321533
1696958534463781600,29.68478173828125,-0.10448837280273438,0.757492184638977,-0.28667643666267395
1696958534473795300,29.69479541015625,-0.3003225326538086,0.16883695125579834,-0.09848199784755707
1696958534483809000,29.70480908203125,0.5606861114501953,0.913532018661499,-0.31790754199028015
1696958534493822700,29.71482275390625,-1.361724853515625,0.4565427303314209,0.025109201669692993
1696958534503836200,29.724836181640626,0.9638786315917969,0.6639196872711182,-0.1267610341310501
1696958534513849900,29.734849853515627,-1.6235284805297852,0.505599856376648,-0.1837363988161087
1696958534523863600,29.744863525390624,-0.06213665008544922,0.30446696281433105,-0.48554593324661255
1696958534533877200,29.754877197265625,-0.6016435623168945,0.9736930131912231,-0.6728922128677368
1696958534543891000,29.764890869140626,-0.6434116363525391,0.3776470422744751,-0.06976024806499481
1696958534553904400,29.774904296875,0.6390171051025391,0.31343507766723633,-0.3872963786125183
1696958534563918000,29.78491796875,-1.5559988021850586,0.32169783115386963,-0.7709722518920898
1696958534573931800,29.794931884765624,0.5743560791015625,0.5911232233047485,-0.13244152069091797
1696958534583945500,29.804945556640625,-1.3095073699951172,0.7097443342208862,-0.7058109045028687
1696958534593959200,29.814959228515626,0.060187339782714844,-0.15732014179229736,-0.29789841175079346
1696958534603972600,29.82497265625,-0.9811191558837891,1.108986735343933,-0.42755258083343506
1696958534613986300,29.834986328125,0.1631450653076172,0.15457451343536377,-0.12437398731708527
1696958534624000000,29.845,0.05819511413574219,0.895046591758728,-0.24025458097457886
1696958534634013700,29.855013671875,-0.8977928161621094,0.45895981788635254,-0.471325159072876
1696958534644027400,29.86502734375,0.22281455993652344,0.4626048803329468,0.053004562854766846
1696958534654040800,29.875040771484375,-0.37956809997558594,0.4778571128845215,-0.09067648649215698
1696958534664054500,29.885054443359376,-0.4792308807373047,0.4168274402618408,-0.28692835569381714
1696958534674068200,29.895068115234373,0.009746551513671875,1.450442910194397,0.10439792275428772
1696958534684082000,29.90508203125,-0.21511554718017578,-0.3045618534088135,0.4938890039920807
1696958534694095600,29.915095703125,-0.6877126693725586,0.9999104738235474,-0.1104746013879776
1696958534704109300,29.925109375,1.3352384567260742,0.28295862674713135,-0.19167187809944153
1696958534714122800,29.935122802734377,-0.30225181579589844,0.4670051336288452,0.14134523272514343
1696958534724136400,29.945136474609374,0.6492366790771484,0.22397255897521973,0.013854175806045532
1696958534734150100,29.955150146484375,1.1302461624145508,0.386452317237854,-0.020274192094802856
1696958534744163800,29.965163818359375,-0.5401878356933594,1.1861944198608398,0.070607990026474
1696958534754177500,29.975177490234376,1.4677600860595703,-0.6658897399902344,0.22230055928230286
1696958534764191000,29.98519091796875,-0.6953754425048828,1.1795504093170166,-0.006380259990692139
1696958534774204700,29.99520458984375,0.5196685791015625,-0.23721647262573242,0.019184768199920654
1696958534784218400,30.00521826171875,1.3406620025634766,1.3088899850845337,0.020169585943222046
1696958534794232000,30.015232177734376,0.567901611328125,-0.10394001007080078,-0.14819321036338806
1696958534804245800,30.025245849609377,-0.3605623245239258,0.2788975238800049,0.19307485222816467
1696958534814259200,30.03525927734375,0.4862356185913086,0.5117638111114502,-0.14032383263111115
1696958534824273000,30.04527294921875,-0.6570777893066406,-0.010174751281738281,-0.14790497720241547
1696958534834286600,30.05528662109375,0.9359731674194336,0.6779303550720215,-0.08055192232131958
1696958534844300300,30.06530029296875,-0.14623355865478516,-0.24700403213500977,-0.4553169012069702
1696958534854314000,30.07531396484375,0.2412557601928711,1.0822811126708984,-0.2880725562572479
1696958534864327400,30.085327392578126,0.10703659057617188,0.14698326587677002,0.2637748718261719
1696958534874341000,30.095341064453127,-0.23256397247314453,-0.15902197360992432,-0.06187117099761963
1696958534884354800,30.105354736328124,-0.8053693771362305,0.40457606315612793,-0.5158393979072571
1696958534894368500,30.115368408203125,-0.3302268981933594,0.5192080736160278,-0.2361527681350708
1696958534904382200,30.12538232421875,-0.6686582565307617,0.13560891151428223,-0.47122901678085327
1696958534914395600,30.135395751953126,0.3556346893310547,0.0073757171630859375,-0.2709631323814392
1696958534924409300,30.145409423828124,-1.5279693603515625,-0.007574319839477539,-0.5225088000297546
1696958534934423000,30.155423095703124,-0.047636985778808594,0.3771451711654663,-0.012506693601608276
1696958534944436700,30.165436767578125,0.23923683166503906,0.2861449718475342,-0.19701379537582397
1696958534954450400,30.175450439453126,-0.9129695892333984,0.012722015380859375,0.05905905365943909
1696958534964463900,30.1854638671875,0.25975990295410156,-0.01649761199951172,0.022455722093582153
1696958534974477600,30.1954775390625,0.5556020736694336,-0.056784868240356445,0.000055789947509765625
1696958534984491300,30.2054912109375,-0.9991168975830078,-0.21641981601715088,-0.09042325615882874
1696958534994505000,30.2155048828125,0.8431987762451172,-0.4212895631790161,-0.3030765950679779
1696958535004518700,30.2255185546875,-0.14801406860351562,0.7892576456069946,-0.15942028164863586
1696958535014532000,30.235531982421875,0.3828001022338867,-0.18687927722930908,-0.11302457749843597
1696958535024545800,30.2455458984375,-0.6981754302978516,0.19661247730255127,0.2425711750984192
1696958535034559500,30.2555595703125,1.7453699111938477,-0.8433966636657715,-0.44184598326683044
1696958535044573200,30.2655732421875,-2.8174495697021484,0.39200639724731445,-0.10089093446731567
1696958535054587000,30.2755869140625,3.9031925201416016,-0.039812326431274414,0.01878294348716736
1696958535064600300,30.285600341796876,-3.1063003540039062,-0.32882118225097656,0.0700327455997467
1696958535074614000,30.295614013671877,1.8321714401245117,-0.023819684982299805,0.3391270339488983
1696958535084627700,30.305627685546874,0.19438743591308594,-0.876365065574646,-0.10203379392623901
1696958535094641400,30.315641357421875,-1.5505790710449219,0.10613751411437988,0.6074521541595459
1696958535104655000,30.325655029296875,4.40324592590332,-0.040198326110839844,0.08052656054496765
1696958535114668500,30.33566845703125,-4.032024383544922,-0.5343011617660522,0.08305686712265015
1696958535124682200,30.34568212890625,3.8960752487182617,0.047321438789367676,0.40626341104507446
1696958535134696000,30.355696044921874,-2.7071399688720703,0.010338783264160156,0.04765433073043823
1696958535144709600,30.365709716796875,0.12795257568359375,-0.05747818946838379,0.29575589299201965
1696958535154723300,30.375723388671876,2.522650718688965,-0.2997230291366577,0.052229225635528564
1696958535164736800,30.38573681640625,-4.3074564933776855,0.4065326452255249,0.16264978051185608
1696958535174750500,30.39575048828125,3.176690101623535,-0.13302326202392578,0.10476049780845642
1696958535184764200,30.40576416015625,-2.192141056060791,0.021587133407592773,0.03423437476158142
1696958535194777900,30.41577783203125,-1.174098014831543,-0.42658936977386475,-0.2651727795600891
1696958535204791600,30.42579150390625,0.1766376495361328,0.18000519275665283,0.04708385467529297
1696958535214805200,30.43580517578125,-0.4735879898071289,-0.28837811946868896,-0.06304746866226196
1696958535224818700,30.445818603515626,-1.9061717987060547,-0.5252859592437744,0.2552923560142517
1696958535234832400,30.455832275390627,1.7779550552368164,0.22074294090270996,0.22544574737548828
1696958535244846000,30.46584619140625,-1.5664491653442383,-0.1801002025604248,0.2031639814376831
1696958535254859800,30.47585986328125,-0.28737354278564453,-0.21993207931518555,0.35877764225006104
1696958535264873500,30.48587353515625,1.9402055740356445,-0.03837740421295166,-0.0768064558506012
1696958535274887000,30.495886962890626,-3.3691349029541016,0.26308155059814453,-0.18190017342567444
1696958535284900600,30.505900634765624,1.9858274459838867,-0.5216177701950073,0.469402551651001
1696958535294914300,30.515914306640624,-0.0211029052734375,-0.21836817264556885,0.3017689287662506
1696958535304928000,30.525927978515625,-1.0205440521240234,-0.3213578462600708,-0.3026532530784607
1696958535314941700,30.535941650390626,0.9982814788818359,-0.26016151905059814,-0.2757439613342285
1696958535324955100,30.545955078125,0.7663164138793945,-0.30124104022979736,-0.19071915745735168
1696958535334968800,30.55596875,-0.43521881103515625,-0.09749150276184082,0.0017630159854888916
1696958535344982500,30.565982421875,0.06713199615478516,-0.8770012855529785,-0.35040146112442017
1696958535354996200,30.575996337890626,1.0658283233642578,-0.48683619499206543,0.16292226314544678
1696958535365010000,30.586010009765626,1.1302556991577148,-0.04574882984161377,0.14819514751434326
1696958535375023400,30.5960234375,-0.6122951507568359,-0.5119271278381348,-0.10204872488975525
1696958535385037000,30.606037109375,1.9219799041748047,-0.15041208267211914,0.2975161075592041
1696958535395050800,30.61605078125,0.1589374542236328,-0.8600239753723145,0.22727355360984802
1696958535405064400,30.626064453125,-0.8977546691894531,-0.009845614433288574,0.19563844799995422
1696958535415078100,30.636078125,2.468691825866699,-0.5249874591827393,0.4695264995098114
1696958535425091600,30.646091552734376,-0.23231983184814453,0.008007168769836426,0.18907830119132996
1696958535435105300,30.656105224609377,-0.34191226959228516,0.058135151863098145,0.23608091473579407
1696958535445119000,30.666118896484374,1.1594181060791016,-0.3863276243209839,0.4864017963409424
1696958535455132400,30.67613232421875,-0.6785049438476562,-0.5399104356765747,0.0903676450252533
1696958535465146000,30.68614599609375,-0.5049943923950195,-0.040138840675354004,-0.4675096273422241
1696958535475159800,30.696159912109376,-0.6422090530395508,-0.34199845790863037,0.1498814821243286
1696958535485173200,30.70617333984375,-0.19161128997802734,0.081504225730896,0.5125267505645752
1696958535495187000,30.71618701171875,-0.42052745819091797,-0.5604724884033203,-0.4170076549053192
1696958535505200400,30.726200439453127,-2.593994140625,-0.13181567192077637,-0.18487849831581116
1696958535515214000,30.736214111328124,1.2258424758911133,-0.06684815883636475,0.3075326383113861
1696958535525227800,30.746227783203125,-0.9372005462646484,-0.41714799404144287,-0.5473001003265381
1696958535535241200,30.7562412109375,-1.7809863090515137,-0.5462158918380737,-0.5354266166687012
1696958535545255000,30.7662548828125,1.0141963958740234,0.035827040672302246,-0.19655470550060272
1696958535555268400,30.776268310546875,-0.35038185119628906,0.19006681442260742,-0.552463948726654
1696958535565282000,30.786281982421876,-0.3878164291381836,-0.6868324279785156,-0.24115097522735596
1696958535575295700,30.796295654296873,0.6214637756347656,-0.6823626756668091,0.7479214668273926
1696958535585309200,30.80630908203125,1.6280784606933594,-0.5604498386383057,0.022097289562225342
1696958535595323000,30.816322998046875,-0.4833793640136719,-0.21467673778533936,-0.5456262826919556
1696958535605336300,30.82633642578125,0.5117893218994141,-0.21666884422302246,-0.15153929591178894
1696958535615350000,30.83635009765625,1.337392807006836,-0.47427594661712646,0.7449256181716919
1696958535625363700,30.84636376953125,2.027006149291992,-0.5876269340515137,-0.012484699487686157
1696958535635377200,30.856377197265626,-1.1604528427124023,-0.4607987403869629,-0.5381256341934204
1696958535645390800,30.866390869140623,0.9928035736083984,-0.10203182697296143,0.7768404483795166
1696958535655404300,30.876404296875,2.1185302734375,-0.5273759365081787,0.3488149344921112
1696958535665418000,30.88641796875,-2.698822498321533,-0.23197388648986816,0.09673517942428589
1696958535675431700,30.896431640625,3.0566768646240234,-0.31437015533447266,0.8376551270484924
1696958535685445000,30.906445068359375,-0.6442928314208984,0.04121267795562744,0.6898329257965088
1696958535695458800,30.916458740234376,0.07376289367675781,-0.595894455909729,0.06731835007667542
1696958535705472300,30.92647216796875,-0.5375967025756836,-0.28984713554382324,0.07976260781288147
1696958535715486000,30.93648583984375,-0.3833465576171875,-0.23580503463745117,0.5274624824523926
1696958535725499600,30.946499755859374,-0.37728118896484375,-0.37792444229125977,0.3998992443084717
1696958535735513000,30.95651318359375,-1.5375699996948242,0.3390861749649048,-0.36515676975250244
1696958535745526800,30.96652685546875,0.11028575897216797,-0.24038338661193848,0.3525595963001251
1696958535755540500,30.97654052734375,-0.31023502349853516,-0.19881951808929443,0.9522738456726074
1696958535765554000,30.986553955078126,-0.7110214233398438,-0.3563096523284912,0.06433168053627014
1696958535775567600,30.996567626953127,-0.6519956588745117,0.003658771514892578,-0.08823367953300476
1696958535785581300,31.006581298828124,0.47267723083496094,-0.10604333877563477,0.39927351474761963
1696958535795595000,31.016594970703125,-0.7377204895019531,-0.21974050998687744,0.11741644144058228
1696958535805608700,31.026608642578125,-0.37299346923828125,0.03577256202697754,-0.5252998471260071
1696958535815622100,31.0366220703125,0.564509391784668,-0.1912980079650879,0.3328288793563843
1696958535825635800,31.0466357421875,0.6443042755126953,-0.6497095823287964,0.5337343215942383
1696958535835649500,31.0566494140625,-0.5761928558349609,-0.3503230810165405,-0.33088216185569763
1696958535845663200,31.066663330078125,-0.039673805236816406,-0.3906909227371216,-0.22079183161258698
1696958535855677000,31.076677001953126,1.2745418548583984,-0.2785698175430298,0.08490389585494995
1696958535865690400,31.0866904296875,-0.028331756591796875,-0.44615113735198975,-0.007859587669372559
1696958535875704000,31.0967041015625,-0.018949508666992188,-0.5192121267318726,-0.22780674695968628
1696958535885717800,31.1067177734375,1.3145856857299805,-0.30403709411621094,0.5799415111541748
1696958535895731500,31.1167314453125,0.2598762512207031,-0.7962387204170227,-0.3077252507209778
1696958535905745200,31.1267451171875,-0.4430112838745117,-0.031046032905578613,0.288053423166275
1696958535915758600,31.136758544921875,1.0059890747070312,-0.7663266062736511,0.3843845725059509
1696958535925772300,31.146772216796876,0.07661914825439453,-0.12749290466308594,-0.13982170820236206
1696958535935786000,31.156785888671877,0.39190196990966797,-0.7730337381362915,-0.9802556037902832
1696958535945799700,31.166799560546874,-1.3815937042236328,-0.7888345122337341,-0.4209586977958679
1696958535955813400,31.1768134765625,1.6230812072753906,-0.41828620433807373,-0.16367322206497192
1696958535965827000,31.1868271484375,-0.3586997985839844,-1.3174997568130493,-0.5464903116226196
1696958535975840500,31.196840576171876,-2.1353235244750977,-0.3292597532272339,-0.4512764513492584
1696958535985854200,31.206854248046874,2.520148277282715,-0.20523130893707275,0.5471968650817871
1696958535995868000,31.216867919921874,-0.20465850830078125,-0.405902624130249,-0.12151786684989929
1696958536005881600,31.226881591796875,-1.2219228744506836,-0.46716034412384033,-0.17166811227798462
1696958536015895300,31.236895263671876,0.644989013671875,-0.5223678350448608,0.34155797958374023
1696958536025908700,31.24690869140625,0.39046192169189453,-0.41962921619415283,0.1312536597251892
1696958536035922400,31.25692236328125,-0.7669925689697266,-0.39316654205322266,-0.08824780583381653
1696958536045936000,31.26693603515625,0.6638936996459961,-0.17760109901428223,-0.1501837968826294
1696958536055949800,31.27694970703125,0.6764841079711914,-0.20913231372833252,-0.19435057044029236
1696958536065963500,31.286963623046876,0.21615219116210938,-1.002781867980957,-0.6201128959655762
1696958536075977000,31.29697705078125,-2.226390838623047,-0.46328604221343994,-0.5279682874679565
1696958536085990700,31.30699072265625,1.4253273010253906,-0.6402560472488403,0.301447331905365
1696958536096004400,31.31700439453125,-0.3747520446777344,-0.6547878980636597,0.35442134737968445
1696958536106018000,31.32701806640625,-0.5700139999389648,-0.49630653858184814,0.12084817886352539
1696958536116031700,31.33703173828125,1.075185775756836,-0.5750272274017334,0.12159186601638794
1696958536126045200,31.347045166015626,-0.6047744750976562,-0.6879230737686157,0.45692938566207886
1696958536136059000,31.357058837890627,-0.0013523101806640625,-0.746189534664154,0.092742919921875
1696958536146072600,31.367072509765624,-0.044554710388183594,-0.6808117628097534,0.03600221872329712
1696958536156086300,31.377086181640625,-0.28341197967529297,-0.8308590650558472,0.4878438711166382
1696958536166100000,31.387099853515625,-0.0009889602661132812,-0.980411171913147,0.020337402820587158
1696958536176113400,31.397113525390626,-1.6736364364624023,-1.0727612972259521,0.34855568408966064
1696958536186127000,31.407127197265623,2.210545539855957,-0.932640016078949,0.3313673138618469
1696958536196140800,31.417140869140624,-0.5041999816894531,-0.930058479309082,0.13978230953216553
1696958536206154500,31.427154541015625,-0.4317445755004883,-1.061918020248413,-0.3571673333644867
1696958536216168200,31.437168212890626,0.8263092041015625,-0.9702329039573669,0.09459537267684937
1696958536226181600,31.447181640625,1.0058717727661133,-1.1484384536743164,-0.07539081573486328
1696958536236195300,31.4571953125,-1.8302364349365234,-1.0244759321212769,-0.4337749183177948
1696958536246209000,31.467208984375,2.1643924713134766,-1.1072099208831787,0.2614895701408386
1696958536256222700,31.47722265625,1.5002422332763672,-1.0681447982788086,0.5513022541999817
1696958536266236400,31.487236328125,-1.4666118621826172,-1.1209036111831665,0.2093566656112671
1696958536276249900,31.497249755859375,2.111433982849121,-1.0158740282058716,0.7364798188209534
1696958536286263600,31.507263671875,0.9834165573120117,-1.0270628929138184,0.9518716931343079
1696958536296277200,31.51727734375,-0.3431558609008789,-1.223742127418518,0.2552500367164612
1696958536306291000,31.527291015625,0.7422332763671875,-1.2973631620407104,0.03135490417480469
1696958536316304600,31.5373046875,0.17168617248535156,-0.9030956625938416,0.4964144229888916
1696958536326318000,31.547318115234376,0.6202945709228516,-1.2594515085220337,0.4179307222366333
1696958536336331800,31.557331787109376,-0.7960281372070312,-1.0038480758666992,-0.17499586939811707
1696958536346345500,31.567345458984374,1.0646963119506836,-1.1584395170211792,-0.017139524221420288
1696958536356359200,31.577359130859374,-0.4956178665161133,-0.8767731785774231,0.11734151840209961
1696958536366372900,31.587372802734375,-0.9104013442993164,-1.2506353855133057,-0.2250368595123291
1696958536376386300,31.59738623046875,0.10018062591552734,-0.9806391000747681,-0.460690975189209
1696958536386400000,31.60739990234375,0.6353588104248047,-1.1839426755905151,-0.6012815237045288
1696958536396413700,31.61741357421875,-1.2202138900756836,-0.7425958514213562,-0.7935071587562561
1696958536406427400,31.627427490234375,0.7037010192871094,-1.2675516605377197,-0.2914438247680664
1696958536416441000,31.637441162109376,0.7503042221069336,-0.7374065518379211,0.47431132197380066
1696958536426454500,31.64745458984375,-0.3412151336669922,-1.0927765369415283,0.33282050490379333
1696958536436468200,31.65746826171875,-0.2640647888183594,-0.9695430994033813,0.44793781638145447
1696958536446482000,31.66748193359375,2.5321273803710938,-1.223943829536438,0.6197922229766846
1696958536456495600,31.67749560546875,-2.1858906745910645,-1.3553099632263184,-0.08121064305305481
1696958536466509300,31.68750927734375,0.8820333480834961,-1.2301976680755615,-0.06814509630203247
1696958536476523000,31.69752294921875,1.0952816009521484,-0.6697819828987122,-0.02462548017501831
1696958536486536400,31.707536376953126,-1.0200328826904297,-1.2626456022262573,-0.19688329100608826
1696958536496550100,31.717550048828127,0.005021095275878906,-1.7576675415039062,-0.2617085576057434
1696958536506563800,31.727563720703124,0.5544805526733398,-1.0356276035308838,-0.16002514958381653
1696958536516577500,31.73757763671875,0.20926952362060547,-1.121528148651123,0.04069209098815918
1696958536526591200,31.74759130859375,-0.5800132751464844,-1.4276752471923828,-0.2735249102115631
1696958536536604700,31.757604736328126,0.7738847732543945,-1.5589981079101562,-0.07466045022010803
1696958536546618400,31.767618408203123,0.40903186798095703,-1.0926538705825806,-0.10677573084831238
1696958536556632000,31.777632080078124,-0.6241931915283203,-1.3059815168380737,-0.15823659300804138
1696958536566645800,31.787645751953125,0.6581754684448242,-1.177554965019226,0.7857239246368408
1696958536576659500,31.797659423828126,1.4548425674438477,-1.583620309829712,0.650934100151062
1696958536586673000,31.8076728515625,-2.586862087249756,-0.979889988899231,0.325531005859375
1696958536596686600,31.8176865234375,2.8670902252197266,-1.4511232376098633,0.7148151397705078
1696958536606700300,31.8277001953125,-0.4034614562988281,-1.470282793045044,0.45330536365509033
1696958536616714000,31.8377138671875,0.09871482849121094,-1.5768460035324097,-0.36572393774986267
1696958536626727700,31.847727783203126,0.9112176895141602,-1.482762098312378,0.27487337589263916
1696958536636741000,31.8577412109375,0.6508808135986328,-1.5607486963272095,0.3514239192008972
1696958536646754800,31.8677548828125,-0.1439228057861328,-1.2690762281417847,-0.14181247353553772
1696958536656768500,31.8777685546875,-0.3298768997192383,-1.529808759689331,0.07911935448646545
1696958536666782200,31.8877822265625,2.017566680908203,-1.059767484664917,0.19492194056510925
1696958536676796000,31.8977958984375,0.6605091094970703,-1.0770659446716309,-0.7258875370025635
1696958536686809300,31.907809326171876,-1.0756807327270508,-1.1895701885223389,-0.4651525616645813
1696958536696823000,31.917822998046876,3.2187461853027344,-1.2369122505187988,0.2008342742919922
1696958536706836700,31.927836669921874,-1.3665771484375,-1.1127820014953613,0.15252146124839783
1696958536716850400,31.937850341796874,0.7490110397338867,-0.6445607542991638,0.08437487483024597
1696958536726864100,31.947864013671875,1.6891746520996094,-1.7156703472137451,0.5448383092880249
1696958536736877600,31.957877685546876,-0.2931032180786133,-1.0072270631790161,0.736372709274292
1696958536746891300,31.967891357421873,1.3899307250976562,-0.7555018663406372,0.41082924604415894
1696958536756905000,31.977905029296874,-0.2524538040161133,-0.6955962181091309,0.6941128969192505
1696958536766918700,31.987918701171875,1.9033985137939453,-1.2175331115722656,0.8004403114318848
1696958536776932400,31.997932373046876,-2.196549892425537,-0.738937258720398,0.06866219639778137
1696958536786945800,32.00794580078125,0.5515880584716797,-0.9740134477615356,0.10831040143966675
1696958536796959500,32.01795947265625,-0.40514183044433594,-1.180683970451355,-0.036899834871292114
1696958536806973200,32.02797314453125,-0.748265266418457,-1.1587440967559814,-0.28871190547943115
1696958536816987000,32.03798681640625,-0.5407047271728516,-0.902492105960846,-0.5449857711791992
1696958536827000600,32.04800048828125,-0.9453277587890625,-0.6962190270423889,0.022898972034454346
1696958536837014000,32.058013916015625,0.42406749725341797,-1.2568528652191162,-0.08075672388076782
1696958536847027700,32.06802783203125,-2.864454746246338,-0.841998815536499,-0.512586236000061
1696958536857041400,32.07804150390625,1.1713142395019531,-0.9147129058837891,-0.2647535502910614
1696958536867055000,32.08805517578125,-0.34096527099609375,-0.785373330116272,-0.21502919495105743
1696958536877068800,32.09806884765625,-0.8847007751464844,-0.9985449910163879,-0.3720816969871521
1696958536887082200,32.10808227539062,-0.7626028060913086,-0.7788350582122803,0.4425152540206909
1696958536897096000,32.11809594726562,1.743636131286621,-0.5529388189315796,0.5590628385543823
1696958536907109600,32.12810961914062,-1.1706571578979492,-1.0010095834732056,-0.09665364027023315
1696958536917123300,32.138123291015624,-0.6230239868164062,-0.92913818359375,0.478773295879364
1696958536927137000,32.148136962890625,1.505300521850586,-0.7962057590484619,0.6919455528259277
1696958536937150500,32.158150390625,-0.7109766006469727,-0.6291019320487976,0.347286581993103
1696958536947164200,32.1681640625,0.21764373779296875,-0.9850857853889465,-0.25621867179870605
1696958536957177900,32.178177734375,-0.38968944549560547,-0.9562129378318787,0.08064842224121094
1696958536967191600,32.18819165039063,0.9970178604125977,-0.962110161781311,0.16278180480003357
1696958536977205000,32.198205078125,-0.9550065994262695,-0.896911084651947,0.02126869559288025
1696958536987218700,32.20821875,1.1163949966430664,-0.9536398649215698,0.1976509392261505
1696958536997232400,32.218232421875,0.7507219314575195,-0.9939402341842651,0.43364956974983215
1696958537007245800,32.22824584960937,-0.3550834655761719,-1.377974033355713,0.1490117311477661
1696958537017259500,32.23825952148437,-0.08645915985107422,-0.8029887080192566,0.3365825116634369
1696958537027273000,32.24827294921875,2.0117483139038086,-0.8056406378746033,0.6361457109451294
1696958537037286700,32.25828662109375,1.533926010131836,-1.0754727125167847,0.18220046162605286
1696958537047300400,32.26830029296875,-1.2796688079833984,-0.47669169306755066,0.28814858198165894
1696958537057313800,32.278313720703125,2.183380126953125,-0.9580626487731934,0.820570707321167
1696958537067327500,32.288327392578125,1.0361928939819336,-0.8747350573539734,0.6042343974113464
1696958537077341000,32.2983408203125,-0.16567707061767578,-0.75095134973526,0.1345621943473816
1696958537087354600,32.30835473632813,0.22675800323486328,-0.7792799472808838,0.602584958076477
1696958537097368300,32.31836840820313,2.023296356201172,-0.733939528465271,0.5626742243766785
1696958537107381800,32.3283818359375,-0.4521055221557617,-1.2053046226501465,-0.005770564079284668
1696958537117395500,32.3383955078125,-1.0480632781982422,-0.3451780676841736,0.0757250189781189
1696958537127409000,32.34840893554688,2.008389472961426,-0.7240545749664307,0.8338556289672852
1696958537137422600,32.35842260742187,-0.5527772903442383,-0.7200946807861328,0.18888217210769653
1696958537147436300,32.36843627929687,0.03629875183105469,-0.9237700700759888,-0.3967434763908386
1696958537157449700,32.37844970703125,-0.7422266006469727,-0.20016485452651978,0.2579008638858795
1696958537167463400,32.38846337890625,0.980010986328125,-0.6637684106826782,0.4077383279800415
1696958537177476900,32.39847680664062,-0.8285274505615234,-1.221252679824829,-0.3653362989425659
1696958537187490600,32.408490478515624,-1.1225261688232422,-0.17232650518417358,0.10512393712997437
1696958537197504300,32.418504150390625,1.0595293045043945,-0.7413365840911865,0.4689158499240875
1696958537207517700,32.428517578125,-1.251028060913086,-0.7813850045204163,0.20046135783195496
1696958537217531400,32.438531494140626,0.27643394470214844,-0.9498125314712524,-0.29704639315605164
1696958537227544800,32.448544921875,-1.1957721710205078,-0.2961595058441162,0.22759667038917542
1696958537237558500,32.45855859375,0.7615385055541992,-0.5550742149353027,0.7521767616271973
1696958537247572200,32.468572265625,-0.14344406127929688,-1.0875047445297241,0.18547484278678894
1696958537257585700,32.47858569335938,-1.791956901550293,-0.45158252120018005,0.4598282277584076
1696958537267599400,32.48859936523438,1.891977310180664,-0.5108712911605835,0.8836298584938049
1696958537277613000,32.49861303710937,-1.8020591735839844,-0.9562704563140869,0.33514755964279175
1696958537287626800,32.50862670898437,-0.3978891372680664,-1.0254944562911987,0.22222092747688293
1696958537297640200,32.51864013671875,-0.26793479919433594,-0.7610779404640198,0.5264931917190552
1696958537307654000,32.52865380859375,-0.5161514282226562,-0.5604958534240723,0.6043981313705444
1696958537317667600,32.53866748046875,-0.13767623901367188,-1.1360465288162231,0.034723520278930664
1696958537327681300,32.548681396484376,-1.4565439224243164,-0.7924796342849731,-0.07820701599121094
1696958537337695000,32.55869506835938,1.0604305267333984,-0.8580760955810547,0.5439033508300781
1696958537347708400,32.56870849609375,-0.26616382598876953,-1.062119483947754,-0.18329238891601562
1696958537357722000,32.57872216796875,-1.188089370727539,-0.9937225580215454,-0.15618005394935608
1696958537367735800,32.58873583984375,1.5912704467773438,-0.86920166015625,0.4980754554271698
1696958537377749500,32.59874951171875,-0.8404636383056641,-0.9724549651145935,0.3261963725090027
1696958537387763200,32.60876318359375,1.2544116973876953,-1.0128576755523682,-0.05290260910987854
1696958537397776600,32.61877661132812,-0.645660400390625,-0.8555616140365601,-0.1208958625793457
1696958537407790300,32.628790283203124,0.36872196197509766,-1.0296825170516968,0.45520952343940735
1696958537417804000,32.638803955078124,2.3894004821777344,-0.7230949401855469,0.34106364846229553
1696958537427817700,32.648817626953125,-1.5446767807006836,-1.2532379627227783,-0.21610364317893982
1696958537437831400,32.65883154296875,0.8006744384765625,-0.649368405342102,0.7716354131698608
1696958537447844900,32.66884497070313,2.1943092346191406,-0.5701606273651123,0.7731453776359558
1696958537457858600,32.67885864257813,-0.8027372360229492,-1.1099776029586792,-0.17916081845760345
1696958537467872300,32.68887231445313,1.3163223266601562,-0.40476176142692566,-0.12518835067749023
1696958537477886000,32.69888598632812,-0.45475292205810547,-0.771946132183075,0.6542565822601318
1696958537487899600,32.70889965820312,0.8173027038574219,-0.9500615000724792,0.23074233531951904
1696958537497913000,32.7189130859375,0.7248983383178711,-0.6441112160682678,-0.22422395646572113
1696958537507926800,32.7289267578125,-1.6134872436523438,-0.14680731296539307,0.5643395185470581
1696958537517940500,32.7389404296875,1.9411907196044922,-0.3299561142921448,0.6226589679718018
1696958537527954200,32.7489541015625,-0.8971681594848633,-0.7980890274047852,-0.24739018082618713
1696958537537967900,32.7589677734375,-0.59368896484375,-0.42527422308921814,-0.2560056447982788
1696958537547981300,32.768981201171876,-0.18097877502441406,-0.06797683238983154,0.6470176577568054
1696958537557995000,32.7789951171875,0.5268793106079102,-0.5248301029205322,0.4530983865261078
1696958537568008700,32.7890087890625,-1.4527273178100586,-0.6557475328445435,-0.31554895639419556
1696958537578022400,32.7990224609375,0.343048095703125,-0.2908748984336853,0.5399879217147827
1696958537588036000,32.8090361328125,-0.3504819869995117,-0.016185402870178223,1.1219518184661865
1696958537598049500,32.81904956054687,0.7157735824584961,-0.5889930725097656,0.012108981609344482
1696958537608063200,32.82906323242187,-1.7135744094848633,-0.360897958278656,-0.49240201711654663
1696958537618077000,32.839076904296874,0.25475597381591797,-0.15652942657470703,0.8580782413482666
1696958537628090600,32.849090576171875,0.7318058013916016,-0.4388228952884674,0.5470865964889526
1696958537638104300,32.859104248046876,-1.3490009307861328,-0.8016120195388794,-0.38178688287734985
1696958537648117800,32.86911767578125,0.17864418029785156,-0.06057208776473999,0.23431119322776794
1696958537658131500,32.87913134765625,0.7086067199707031,-0.08055382966995239,0.6865542531013489
1696958537668145200,32.88914526367188,0.19028282165527344,-0.7463479042053223,-0.12400224804878235
1696958537678158800,32.89915893554687,-0.6751270294189453,-0.8270103931427002,-0.13193106651306152
1696958537688172500,32.90917260742187,0.07650184631347656,-0.2712666988372803,0.15021401643753052
1696958537698186200,32.91918627929687,1.3187837600708008,-0.41009756922721863,0.18202781677246094
1696958537708199700,32.92919970703125,-0.03223609924316406,-0.7042449116706848,-0.4313429892063141
1696958537718213400,32.93921337890625,-0.5338964462280273,-0.6835222840309143,0.1374911665916443
1696958537728227000,32.94922705078125,1.5842676162719727,-0.23900443315505981,0.3756624460220337
1696958537738240800,32.95924072265625,1.0404787063598633,-0.43275681138038635,-0.5120652914047241
1696958537748254500,32.96925439453125,-1.6477975845336914,-0.6169305443763733,-0.3869299292564392
1696958537758268000,32.979267822265626,1.4817008972167969,-0.5755713582038879,0.5061041116714478
1696958537768281600,32.98928149414063,1.229619026184082,-0.5381835699081421,-0.08122867345809937
1696958537778295300,32.99929541015625,-0.3503141403198242,-0.6811859607696533,-0.26548096537590027
1696958537788309000,33.00930908203125,1.213308334350586,-0.602022647857666,0.4016128182411194
1696958537798322700,33.01932275390625,0.11140727996826172,-0.36989620327949524,0.8692512512207031
1696958537808336100,33.02933618164062,1.3581533432006836,-0.9265194535255432,-0.022990494966506958
1696958537818349800,33.039349853515624,-0.5658435821533203,-0.34716010093688965,-0.01394161581993103
1696958537828363500,33.049363525390625,0.6587886810302734,-0.5782545804977417,0.7126786112785339
1696958537838377200,33.059377197265626,0.9344758987426758,-0.26608604192733765,0.4829690158367157
1696958537848391000,33.069390869140626,-0.6591682434082031,-0.8175460696220398,-0.3131297826766968
1696958537858404400,33.079404296875,-0.810333251953125,-0.23907214403152466,0.40564408898353577
1696958537868418000,33.08941796875,0.9169549942016602,-0.217057466506958,1.1017076969146729
1696958537878431700,33.099431640625,-0.4855203628540039,-0.2965848445892334,-0.15143278241157532
1696958537888445400,33.10944555664062,-0.9908046722412109,-0.6380984783172607,-0.4856131672859192
1696958537898459100,33.11945922851562,-0.30477237701416016,-0.04529231786727905,0.28880587220191956
1696958537908472600,33.12947265625,0.23138999938964844,-0.4175929129123688,0.3038036525249481
1696958537918486300,33.139486328125,-1.5612354278564453,-0.47608914971351624,-0.7642077803611755
1696958537928500000,33.1495,0.010413169860839844,-0.19096553325653076,-0.18853332102298737
1696958537938513700,33.159513671875,-0.4385499954223633,-0.0022705793380737305,0.5855545997619629
1696958537948527400,33.16952734375,1.1396245956420898,-0.28122246265411377,-0.04774278402328491
1696958537958540800,33.179540771484376,-1.7779369354248047,-0.2244197130203247,-0.795897364616394
1696958537968554500,33.18955444335938,-0.014845848083496094,-0.07923281192779541,0.26930293440818787
1696958537978568200,33.19956811523438,1.6199169158935547,-0.2562982439994812,0.21547099947929382
1696958537988582000,33.20958178710937,-2.058931350708008,-0.5361524820327759,-0.6961297988891602
1696958537998595600,33.219595703125,0.3643770217895508,0.19628775119781494,-0.04894712567329407
1696958538008609000,33.22960913085937,1.3482770919799805,-0.04773604869842529,0.4646097719669342
1696958538018622700,33.239622802734374,-0.6717061996459961,-0.6763647794723511,-0.230745330452919
1696958538028636400,33.249636474609375,-0.5743789672851562,0.0785474181175232,-0.5953628420829773
1696958538038650000,33.259650146484375,0.6984367370605469,-0.12941163778305054,-0.13887812197208405
1696958538048663800,33.269663818359376,-0.34017181396484375,-0.5000858306884766,-0.044913530349731445
1696958538058677200,33.27967724609375,0.7598695755004883,-0.3568783402442932,-0.7348241209983826
1696958538068691000,33.28969091796875,-0.9333391189575195,-0.025789320468902588,-0.041395604610443115
1696958538078704600,33.29970458984375,1.8262443542480469,0.028117001056671143,0.18144336342811584
1696958538088718300,33.30971826171875,-0.12763690948486328,-0.900702714920044,0.025748103857040405
1696958538098732000,33.31973193359375,-0.7820577621459961,-0.0330737829208374,-0.30930405855178833
1696958538108745500,33.32974536132812,1.2176380157470703,-0.07877397537231445,0.3929755985736847
1696958538118759200,33.33975927734375,0.4023265838623047,-0.14295053482055664,0.2500931918621063
1696958538128772900,33.34977294921875,0.14813709259033203,-0.7716968059539795,-0.4237768054008484
1696958538138786600,33.35978662109375,-1.2857742309570312,-0.02563267946243286,-0.11755000054836273
1696958538148800300,33.36980029296875,1.3124380111694336,-0.04122185707092285,0.34002092480659485
1696958538158813700,33.379813720703126,-0.6738777160644531,-0.6853945851325989,-0.4122084975242615
1696958538168827400,33.38982739257813,-0.9205894470214844,-0.13027679920196533,-0.5503804683685303
1696958538178841000,33.39984106445313,1.007730484008789,-0.1310333013534546,0.13477617502212524
1696958538188854800,33.40985473632813,-0.30407238006591797,-0.4488714635372162,-0.08707091212272644
1696958538198868500,33.41986840820312,-0.12632465362548828,-0.4923267066478729,-0.18298965692520142
1696958538208882200,33.42988208007812,-0.1784372329711914,-0.2969534993171692,0.1337401270866394
1696958538218895600,33.4398955078125,0.5770559310913086,-0.1056220531463623,0.47054341435432434
1696958538228909300,33.449909423828124,0.800328254699707,-0.7433812618255615,-0.08111649751663208
1696958538238923000,33.459923095703125,-1.471466064453125,-0.2900335192680359,-0.19032315909862518
1696958538248936700,33.469936767578126,1.4136838912963867,-0.26897692680358887,0.06301388144493103
1696958538258950400,33.47995043945313,-0.25738048553466797,-0.5690048933029175,0.027249962091445923
1696958538268963800,33.4899638671875,-0.44317150115966797,-0.7018091678619385,-0.6006598472595215
1696958538278977500,33.4999775390625,0.007277488708496094,-0.6728436946868896,-0.12056422233581543
1696958538288991200,33.5099912109375,0.19852638244628906,-0.4675588309764862,0.049303293228149414
1696958538299005000,33.5200048828125,0.3796701431274414,-0.5055563449859619,-0.1594790518283844
1696958538309018600,33.5300185546875,-0.8062095642089844,-0.4068337082862854,-0.5694557428359985
1696958538319032000,33.54003198242187,-0.034859657287597656,-0.2805204391479492,0.028783351182937622
1696958538329045800,33.55004565429687,0.6678524017333984,-0.35316622257232666,-0.041576266288757324
1696958538339059500,33.5600595703125,-0.5571136474609375,-0.7936978340148926,-0.7377611398696899
1696958538349073200,33.5700732421875,-0.5986957550048828,-0.2942585349082947,-0.18417495489120483
1696958538359086800,33.5800869140625,0.8796072006225586,-0.2663118243217468,0.23805350065231323
1696958538369100300,33.59010034179688,0.036266326904296875,-0.4473375380039215,-0.5302667021751404
1696958538379114000,33.60011401367188,-0.8858432769775391,-0.6736085414886475,-0.3924034535884857
1696958538389127700,33.61012768554688,-0.36765480041503906,-0.20617586374282837,0.11345413327217102
1696958538399141400,33.62014135742187,1.6452598571777344,-0.3554866313934326,-0.2175111174583435
1696958538409155000,33.63015502929687,-1.5891284942626953,-0.5004254579544067,-0.6403210759162903
1696958538419168500,33.64016845703125,1.0430326461791992,-0.6681798696517944,0.16292577981948853
1696958538429182200,33.65018212890625,-0.3069295883178711,-0.05898392200469971,0.3945046663284302
1696958538439196000,33.66019580078125,1.2991695404052734,-0.6329062581062317,-0.10793110728263855
1696958538449209600,33.670209716796876,-1.461085319519043,-0.43642905354499817,-0.3245890438556671
1696958538459223300,33.68022338867188,0.9410858154296875,-0.28072184324264526,0.3951092064380646
1696958538469236700,33.69023681640625,0.7191810607910156,-0.5909930467605591,-0.0100136399269104
1696958538479250400,33.70025048828125,-1.6388988494873047,-0.8352879285812378,-0.7893790006637573
1696958538489264000,33.71026416015625,0.042690277099609375,-0.24609094858169556,-0.08023896813392639
1696958538499277800,33.72027783203125,0.08074951171875,-0.3974594473838806,0.40663281083106995
1696958538509291500,33.73029150390625,0.41020965576171875,-0.9318952560424805,-0.446184903383255
1696958538519305000,33.74030493164062,-1.7459297180175781,-0.48165610432624817,-0.3619428873062134
1696958538529318700,33.75031860351562,1.4314088821411133,-0.32416290044784546,0.2013084590435028
1696958538539332400,33.760332275390624,0.1521158218383789,-0.41757336258888245,-0.0270368754863739
1696958538549345800,33.770345703125,-0.8614883422851562,-1.3326841592788696,-0.5257582664489746
1696958538559359500,33.780359375,-0.30963611602783203,-0.14953064918518066,0.05166003108024597
1696958538569373200,33.79037329101563,1.1248083114624023,-0.4404403865337372,0.3479154109954834
1696958538579386600,33.80038671875,-0.2685880661010742,-0.8417739868164062,-0.16448405385017395
1696958538589400300,33.810400390625,0.31035423278808594,-0.4623968303203583,-0.3931301236152649
1696958538599413800,33.82041381835938,0.13759326934814453,-0.46577659249305725,0.3362770676612854
1696958538609427500,33.83042749023438,1.2268171310424805,-0.5511362552642822,0.23322540521621704
1696958538619441200,33.84044116210937,-0.35799312591552734,-0.7374499440193176,-0.3830936849117279
1696958538629454600,33.85045458984375,0.23068904876708984,-0.4867458641529083,-0.02865961194038391
1696958538639468300,33.86046826171875,0.5885009765625,-0.40012097358703613,0.35210731625556946
1696958538649481700,33.87048168945312,1.1891117095947266,-0.8770924806594849,0.009821563959121704
1696958538659495400,33.88049536132812,-1.2509136199951172,-0.6009130477905273,-0.2985159158706665
1696958538669509000,33.890509033203124,1.0601215362548828,-0.6772899627685547,0.1717136800289154
1696958538679522600,33.9005224609375,0.15453720092773438,-0.39842796325683594,-0.07676388323307037
1696958538689536300,33.910536376953125,0.30684757232666016,-1.0208144187927246,-0.45453542470932007
1696958538699549700,33.9205498046875,-0.3005561828613281,-0.8838030695915222,-0.4551437497138977
1696958538709563400,33.9305634765625,-0.424224853515625,-0.5733131170272827,0.33252593874931335
1696958538719577000,33.9405771484375,1.7560901641845703,-0.9415920376777649,-0.28039175271987915
1696958538729590500,33.95059057617188,-2.114147663116455,-0.47396090626716614,-0.35874348878860474
1696958538739604200,33.96060424804688,1.3172893524169922,-0.7837591767311096,0.3055152893066406
1696958538749617700,33.97061767578125,0.6500177383422852,-0.5665223598480225,0.07000693678855896
1696958538759631400,33.98063134765625,-0.971771240234375,-1.2038493156433105,-0.238192617893219
1696958538769645000,33.99064501953125,0.48826122283935547,-0.522897481918335,-0.020798057317733765
1696958538779658500,34.00065844726562,0.16208839416503906,-0.4072628915309906,0.5054614543914795
1696958538789672200,34.01067211914062,0.9213371276855469,-0.7732332944869995,-0.06012360751628876
1696958538799685600,34.020685546875,-0.920689582824707,-0.6689118146896362,-0.49243831634521484
1696958538809699300,34.03069921875,-0.039295196533203125,-0.5595378875732422,-0.1228378564119339
1696958538819713000,34.040713134765625,0.06599712371826172,-0.6986649632453918,0.04454207420349121
1696958538829726500,34.0507265625,0.3572359085083008,-0.7296819686889648,-0.5509088635444641
1696958538839740200,34.060740234375,-1.0675287246704102,-0.47794654965400696,-0.4954986572265625
1696958538849753900,34.07075390625,0.08187294006347656,-0.16833633184432983,0.15544332563877106
1696958538859767300,34.080767333984376,1.5298271179199219,-0.5574653148651123,-0.14707624912261963
1696958538869781000,34.09078100585938,-2.1344447135925293,-0.6354869604110718,-1.0207663774490356
1696958538879794700,34.10079467773438,-0.045607566833496094,-0.13940536975860596,-0.17990577220916748
1696958538889808400,34.11080834960938,1.2881526947021484,0.22022247314453125,0.19496580958366394
1696958538899822000,34.12082202148437,-0.9324188232421875,-0.7515413761138916,-0.4936854839324951
1696958538909835500,34.13083544921875,-0.45679473876953125,0.008276402950286865,-0.3300516903400421
1696958538919849200,34.14084912109375,0.7105169296264648,0.11271321773529053,0.314338743686676
1696958538929863000,34.15086279296875,-0.38067150115966797,-0.07205140590667725,0.21580396592617035
1696958538939876600,34.160876708984375,0.12207221984863281,-0.4353237450122833,-0.4719420373439789
1696958538949890300,34.170890380859376,-0.8098564147949219,0.24108707904815674,-0.14020788669586182
1696958538959904000,34.18090405273438,0.8216447830200195,0.09383845329284668,0.36755606532096863
1696958538969917400,34.19091748046875,0.27021026611328125,-0.43570056557655334,-0.2540753483772278
1696958538979931100,34.20093115234375,-1.4077930450439453,-0.019829213619232178,-0.45910143852233887
1696958538989944800,34.21094482421875,0.583704948425293,0.148154616355896,0.20704208314418793
1696958538999958500,34.22095849609375,0.44378662109375,0.1695217490196228,0.06599003076553345
1696958539009972200,34.23097216796875,-0.5560455322265625,-0.4152366816997528,-0.6782094836235046
1696958539019985700,34.24098559570312,-1.0706605911254883,0.15840435028076172,-0.37742748856544495
1696958539029999400,34.25099926757812,1.0108346939086914,0.05811196565628052,0.2541085481643677
1696958539040013000,34.261012939453124,-0.061936378479003906,-0.14073258638381958,-0.09993914514780045
1696958539050026800,34.27102685546875,-0.7736968994140625,-0.21324336528778076,-0.32632988691329956
1696958539060040400,34.28104052734375,-0.25075817108154297,0.09278398752212524,0.31208184361457825
1696958539070054000,34.29105395507813,0.6340532302856445,-0.07581263780593872,0.20260342955589294
1696958539080067600,34.30106762695313,-0.49040794372558594,-0.4548727571964264,-0.3152833878993988
1696958539090081300,34.31108129882813,-0.5415859222412109,0.28592318296432495,-0.21217423677444458
1696958539100095000,34.32109497070312,0.1097412109375,0.24203771352767944,0.2798249125480652
1696958539110108700,34.33110864257812,0.43451595306396484,-0.16078752279281616,0.31711265444755554
1696958539120122000,34.3411220703125,-0.49353599548339844,-0.11441576480865479,-0.4048583507537842
1696958539130135800,34.3511357421875,-0.7264585494995117,0.18263888359069824,0.028584584593772888
1696958539140149500,34.3611494140625,0.7329063415527344,0.1967679262161255,0.39722740650177
1696958539150163200,34.3711630859375,0.10033512115478516,-0.5839005708694458,-0.18579360842704773
1696958539160177000,34.38117700195313,-1.171025276184082,0.17652934789657593,-0.5301923155784607
1696958539170190300,34.3911904296875,0.2128772735595703,0.12087470293045044,0.1287270486354828
1696958539180204000,34.4012041015625,0.5707998275756836,0.11987704038619995,0.19668924808502197
1696958539190217700,34.4112177734375,0.024613380432128906,-0.5403867959976196,-0.36778730154037476
1696958539200231400,34.4212314453125,-0.44849395751953125,0.07740539312362671,-0.04955942928791046
1696958539210245000,34.4312451171875,0.8763236999511719,0.0494084358215332,0.4332628846168518
1696958539220258600,34.44125854492187,0.7403669357299805,-0.4294002950191498,-0.07327012717723846
1696958539230272300,34.45127221679687,-0.8239355087280273,-0.08200156688690186,-0.2851455807685852
1696958539240286000,34.461285888671874,0.19111919403076172,-0.23757809400558472,0.1540679931640625
1696958539250299600,34.471299560546875,0.9650096893310547,0.15263378620147705,0.17427225410938263
1696958539260313300,34.481313232421876,0.5899782180786133,-0.5273339748382568,-0.29193606972694397
1696958539270326800,34.491326904296876,-1.494858741760254,0.0019015669822692871,-0.2640695571899414
1696958539280340500,34.50134057617188,1.2184333801269531,0.24754780530929565,0.41310977935791016
1696958539290354200,34.51135424804688,0.4654502868652344,-0.47371432185173035,-0.023322775959968567
1696958539300368000,34.52136791992187,-1.3850774765014648,-0.22946029901504517,-0.5601915121078491
1696958539310381600,34.53138159179687,0.8263158798217773,0.16856789588928223,0.2823995351791382
1696958539320395000,34.54139501953125,-0.021396636962890625,0.04590648412704468,0.3399434983730316
1696958539330408700,34.55140869140625,0.33222293853759766,-0.38787466287612915,-0.14494213461875916
1696958539340422400,34.56142236328125,-0.9681062698364258,-0.10405915975570679,-0.14553049206733704
1696958539350436000,34.57143603515625,-0.2586650848388672,0.20555543899536133,0.5407757759094238
1696958539360449800,34.58144970703125,1.6871061325073242,-0.02150440216064453,0.2470754235982895
1696958539370463200,34.591463134765625,-2.3838367462158203,-0.2481781244277954,-0.4699927866458893
1696958539380477000,34.601476806640626,0.7997446060180664,0.12008756399154663,0.22365906834602356
1696958539390490600,34.61149072265625,0.19581317901611328,0.09738457202911377,0.3794345557689667
1696958539400504300,34.62150439453125,-0.8468084335327148,-0.607273280620575,-0.35554125905036926
1696958539410518000,34.63151806640625,-1.0166301727294922,0.12871241569519043,-0.3437381386756897
1696958539420531500,34.64153149414062,0.6056909561157227,0.29946649074554443,0.2043609768152237
1696958539430545200,34.65154516601562,-0.09352779388427734,-0.3621875047683716,-0.15034092962741852
1696958539440558800,34.661558837890624,-0.9154462814331055,-0.43028536438941956,-0.40649592876434326
1696958539450572500,34.671572509765625,-0.16287612915039062,0.2353372573852539,-0.06166669726371765
1696958539460586200,34.681586181640625,0.09058761596679688,-0.2355005145072937,0.29073959589004517
1696958539470600000,34.691599853515626,0.8693389892578125,0.008668184280395508,0.041859254240989685
1696958539480613400,34.70161328125,-0.6429824829101562,0.004564821720123291,-0.01851324737071991
1696958539490627000,34.711626953125,0.19949817657470703,0.33176130056381226,0.3122155964374542
1696958539500640800,34.72164086914062,1.3697099685668945,-0.016633152961730957,0.4078340530395508
1696958539510654500,34.73165454101562,0.009197235107421875,-0.20000821352005005,-0.0748911201953888
1696958539520668200,34.74166821289062,-0.7413673400878906,0.003872215747833252,-0.007832571864128113
1696958539530681600,34.751681640625,1.5734052658081055,0.10934555530548096,0.3106689453125
1696958539540695300,34.7616953125,-0.44714927673339844,-0.49448612332344055,0.03828224539756775
1696958539550709000,34.771708984375,-0.6516332626342773,-0.057475149631500244,-0.26665788888931274
1696958539560722700,34.78172265625,0.3248014450073242,-0.0995749831199646,0.09869614243507385
1696958539570736400,34.791736328125,0.32405757904052734,0.13914519548416138,0.10217943787574768
1696958539580749800,34.801749755859376,0.07481002807617188,-0.3116178512573242,-0.4699547290802002
1696958539590763500,34.81176342773438,-1.4068565368652344,0.07215756177902222,-0.13222065567970276
1696958539600777200,34.82177709960938,1.9704952239990234,0.13539057970046997,0.2842272222042084
1696958539610791000,34.831791015625,-1.5083332061767578,-0.23205101490020752,-0.03438855707645416
1696958539620804600,34.8418046875,0.42580699920654297,0.12609124183654785,-0.19278302788734436
1696958539630818000,34.85181811523437,-0.2009592056274414,0.050589561462402344,0.3657810389995575
1696958539640831700,34.861831787109374,0.3632373809814453,-0.03705286979675293,0.32369691133499146
1696958539650845400,34.871845458984374,-0.39248085021972656,-0.11224222183227539,-0.3629273772239685
1696958539660859100,34.881859130859375,-1.0368213653564453,0.019825637340545654,0.059669047594070435
1696958539670872800,34.891872802734376,1.5320758819580078,-0.04709351062774658,0.3989647924900055
1696958539680886300,34.90188623046875,-1.1286439895629883,-0.3360663652420044,-0.11849038302898407
1696958539690900000,34.91189990234375,-0.47141170501708984,-0.10713350772857666,-0.14236927032470703
1696958539700913700,34.92191357421875,1.226470947265625,0.11568742990493774,0.3462347984313965
1696958539710927400,34.93192724609375,-0.5926275253295898,-0.08911395072937012,0.27097487449645996
1696958539720941000,34.94194116210937,-0.5959348678588867,-0.13768541812896729,-0.1940525770187378
1696958539730954500,34.95195458984375,0.14133930206298828,0.08948272466659546,0.4172927737236023
1696958539740968200,34.96196826171875,1.1064414978027344,-0.05096238851547241,0.35114192962646484
1696958539750982000,34.97198193359375,-1.6490545272827148,-0.2470477819442749,-0.2302422821521759
1696958539760995600,34.98199560546875,0.6678047180175781,-0.04734140634536743,0.4395850598812103
1696958539771009300,34.99200927734375,1.0772686004638672,-0.0017015933990478516,0.4410531520843506
1696958539781022700,35.002022705078126,-1.6686515808105469,-0.4024622142314911,-0.09403732419013977
1696958539791036400,35.01203637695313,0.1942119598388672,-0.14989537000656128,0.09483179450035095
1696958539801050000,35.02205004882813,1.1448087692260742,-0.007068634033203125,0.6209902167320251
1696958539811063800,35.03206372070313,-0.3826274871826172,-0.24107426404953003,-0.06601502001285553
1696958539821077500,35.04207739257812,-0.6638107299804688,-0.2003239393234253,0.21166923642158508
1696958539831091000,35.05209106445312,1.4738836288452148,-0.11731147766113281,0.5097293257713318
1696958539841104600,35.06210473632812,-0.5081720352172852,-0.21911019086837769,0.07950237393379211
1696958539851118300,35.072118408203124,-1.2096471786499023,-0.3210509419441223,-0.19796514511108398
1696958539861132000,35.082132080078125,0.8434648513793945,-0.12356328964233398,0.32458341121673584
1696958539871145700,35.092145751953126,0.8605270385742188,-0.138186514377594,0.060868918895721436
1696958539881159200,35.1021591796875,-0.704289436340332,-0.14807838201522827,-0.45066365599632263
1696958539891172900,35.1121728515625,-0.17219924926757812,-0.6235988736152649,0.3229563534259796
1696958539901186600,35.1221865234375,1.606058120727539,-0.20240777730941772,0.1419878602027893
1696958539911200300,35.1322001953125,-1.0739250183105469,-0.3955205976963043,-0.23758772015571594
1696958539921214000,35.1422138671875,-0.23511695861816406,-0.5259255170822144,0.10158014297485352
1696958539931227400,35.15222729492187,2.1311702728271484,-0.04837918281555176,0.1939455270767212
1696958539941241000,35.16224096679687,0.013898849487304688,-0.19514214992523193,-0.06199166178703308
1696958539951254800,35.1722548828125,-1.486867904663086,-0.614151120185852,-0.2991939187049866
1696958539961268500,35.1822685546875,1.5419797897338867,-0.3693167567253113,0.217783585190773
1696958539971282200,35.1922822265625,-0.12448978424072266,-0.1483556032180786,0.028330639004707336
1696958539981295900,35.2022958984375,-1.1135292053222656,-0.3241737484931946,-0.5386289358139038
1696958539991309300,35.21230932617188,0.9491586685180664,-0.1953887939453125,0.43003594875335693
1696958540001323000,35.22232299804688,1.2672395706176758,-0.13549000024795532,0.2274704873561859
1696958540011336400,35.23233642578125,-1.9567699432373047,-0.4481784403324127,-0.613233745098114
1696958540021350100,35.24235009765625,0.08390522003173828,-0.1630212664604187,0.511121928691864
1696958540031363800,35.25236376953125,1.7470407485961914,-0.0650908350944519,0.7820510864257812
1696958540041377300,35.26237719726562,-1.9512529373168945,-0.4596230089664459,-0.3036351501941681
1696958540051391000,35.27239086914062,-0.13537311553955078,-0.14420515298843384,0.4628043472766876
1696958540061404400,35.282404296875,1.518733024597168,-0.0608752965927124,0.85481858253479
1696958540071418000,35.292418212890624,-1.2616300582885742,-0.70621258020401,0.04057300090789795
1696958540081431800,35.302431884765625,-0.39841270446777344,-0.20111006498336792,0.06014224886894226
1696958540091445200,35.3124453125,0.5393791198730469,-0.12033689022064209,0.7900974154472351
1696958540101459000,35.322458984375,-0.4034862518310547,-0.6263139247894287,0.2540483772754669
1696958540111472400,35.332472412109375,-0.9999008178710938,-0.4237424433231354,-0.1327025294303894
1696958540121486000,35.342486083984376,0.27373600006103516,-0.45450136065483093,0.5768538117408752
1696958540131499800,35.35249975585938,0.8799781799316406,-0.45860007405281067,0.09916767477989197
1696958540141513200,35.36251318359375,-1.5450363159179688,-0.8311675786972046,-0.35197025537490845
1696958540151527000,35.37252685546875,-0.3274669647216797,-0.476810485124588,0.38407590985298157
1696958540161540400,35.38254028320313,0.801300048828125,-0.5533791184425354,0.5553693771362305
1696958540171554000,35.39255395507813,-0.6008358001708984,-0.7335149049758911,0.062277764081954956
1696958540181567700,35.40256762695312,-0.6470794677734375,-0.7311875820159912,0.2978864908218384
1696958540191581200,35.41258129882812,0.9172277450561523,-0.5414719581604004,0.6664966344833374
1696958540201595000,35.42259497070312,0.8530006408691406,-0.6139367818832397,0.1962825357913971
1696958540211608300,35.4326083984375,-1.2947721481323242,-0.7127894163131714,-0.023387402296066284
1696958540221622000,35.4426220703125,0.7633590698242188,-0.5375684499740601,0.6533588767051697
1696958540231635700,35.4526357421875,1.153468132019043,-0.776810884475708,0.4558606445789337
1696958540241649200,35.462649169921875,-0.9758262634277344,-0.6239727735519409,0.0035136640071868896
1696958540251662800,35.472662841796875,-0.10847091674804688,-0.8502001762390137,0.22608432173728943
1696958540261676300,35.48267626953125,0.7665309906005859,-0.3767203390598297,0.7265087962150574
1696958540271690000,35.49268994140625,1.0848894119262695,-0.9886021018028259,-0.144600510597229
1696958540281703700,35.50270361328125,-2.2198286056518555,-0.5536077618598938,-0.2754098176956177
1696958540291717000,35.51271704101563,2.1057939529418945,-0.3728915750980377,0.7544480562210083
1696958540301730800,35.52273071289063,0.2658100128173828,-1.0273096561431885,0.17150536179542542
1696958540311744500,35.53274462890625,-1.6511611938476562,-0.417265385389328,0.04315468668937683
1696958540321758000,35.54275805664062,1.6790742874145508,-0.702324628829956,0.406480073928833
1696958540331771600,35.55277172851562,-0.7715425491333008,-0.5520269274711609,0.6288718581199646
1696958540341785300,35.562785400390624,1.132155418395996,-0.7486371994018555,0.0022058486938476562
1696958540351799000,35.572799072265624,-1.1688909530639648,-0.5366982817649841,0.36880049109458923
1696958540361812700,35.582812744140625,1.084599494934082,-0.6653292179107666,0.668961763381958
1696958540371826200,35.592826171875,-0.3132448196411133,-0.7403509020805359,0.3025568425655365
1696958540381840000,35.60283984375,0.05055809020996094,-0.5636221170425415,0.1277763843536377
1696958540391853600,35.612853515625,0.08873939514160156,-0.8752622604370117,0.49014025926589966
1696958540401867300,35.6228671875,0.33689212799072266,-0.5990052819252014,0.35474178194999695
1696958540411881000,35.632880859375,-0.12247753143310547,-0.5723590850830078,0.21202677488327026
1696958540421894400,35.64289428710938,-0.5477733612060547,-0.7593727111816406,0.09810081124305725
1696958540431908000,35.652908203125,1.274515151977539,-0.8888005018234253,0.2386753261089325
1696958540441921800,35.662921875,-1.4909191131591797,-0.8043636083602905,0.16841360926628113
1696958540451935500,35.672935546875,0.37633609771728516,-0.8627079725265503,0.20546600222587585
1696958540461949200,35.68294921875,0.7481660842895508,-0.41143110394477844,0.3721555471420288
1696958540471962600,35.692962646484375,-0.6060342788696289,-0.8230301737785339,0.1376277506351471
1696958540481976300,35.702976318359376,-0.3371868133544922,-0.8367308378219604,0.28086042404174805
1696958540491990000,35.71298999023438,0.8728151321411133,-0.7125841975212097,0.3983585238456726
1696958540502003700,35.72300366210938,-0.16166305541992188,-0.6721203327178955,-0.04234984517097473
1696958540512017400,35.73301733398438,-1.5232973098754883,-0.8045318126678467,-0.026178419589996338
1696958540522030800,35.74303076171875,1.519587516784668,-0.8706638216972351,0.31036069989204407
1696958540532044500,35.75304443359375,0.15880584716796875,-0.8011581897735596,-0.3030787706375122
1696958540542058200,35.76305834960937,-1.8489599227905273,-0.6188524961471558,-0.05211178958415985
1696958540552072000,35.773072021484374,1.8590784072875977,-0.9693875312805176,-0.13729897141456604
1696958540562085600,35.783085693359375,-0.7832469940185547,-0.4825052320957184,-0.12506157159805298
1696958540572099000,35.79309912109375,-0.7911272048950195,-0.6831029653549194,-0.2020014226436615
1696958540582112800,35.80311279296875,1.084127426147461,-0.8106359839439392,-0.22200645506381989
1696958540592126500,35.81312646484375,0.4460105895996094,-0.1502271294593811,-0.07211647927761078
1696958540602140200,35.82314013671875,-0.7784547805786133,-0.8338254690170288,-0.039194464683532715
1696958540612153900,35.83315380859375,0.7429237365722656,-0.4899330735206604,-0.2610380947589874
1696958540622167300,35.84316723632813,1.2145881652832031,-0.3732689321041107,0.023891568183898926
1696958540632181000,35.85318090820312,-2.372589111328125,-0.29676544666290283,-0.1345861703157425
1696958540642194700,35.86319458007812,1.6616697311401367,-0.6746935844421387,0.3168089985847473
1696958540652208400,35.87320849609375,0.4728813171386719,-0.12094026803970337,0.23079657554626465
1696958540662222000,35.88322216796875,-1.8653583526611328,-0.6108503341674805,-0.03840246796607971
1696958540672235500,35.893235595703125,1.5083189010620117,-0.25069308280944824,0.04799884557723999
1696958540682249200,35.903249267578126,-0.5213394165039062,-0.3261086642742157,0.3474583327770233
1696958540692263000,35.913262939453126,-1.1606464385986328,-0.14645177125930786,0.028540462255477905
1696958540702276600,35.92327661132813,0.825444221496582,-0.46648386120796204,0.33791619539260864
1696958540712290300,35.93329028320313,-0.6435985565185547,-0.3193323314189911,0.1557493805885315
1696958540722304000,35.94330395507812,-0.7616558074951172,-0.1114417314529419,-0.02886161208152771
1696958540732317400,35.9533173828125,0.8506326675415039,-0.24880141019821167,0.10213863849639893
1696958540742331100,35.9633310546875,-0.3412933349609375,-0.1448817253112793,0.16820693016052246
1696958540752344800,35.9733447265625,-1.1530275344848633,-0.05668359994888306,0.010542124509811401
1696958540762358500,35.983358642578125,0.5509653091430664,-0.15001827478408813,0.2698405981063843
1696958540772372200,35.993372314453126,0.5640192031860352,-0.0313907265663147,0.09251734614372253
1696958540782385700,36.0033857421875,-0.8185434341430664,0.24197030067443848,0.00472530722618103
1696958540792399400,36.0133994140625,0.6409168243408203,-0.08659738302230835,0.2017109990119934
1696958540802413000,36.0234130859375,0.4769172668457031,0.3281620740890503,0.0343414843082428
1696958540812426800,36.0334267578125,-0.6807317733764648,0.2801191806793213,0.24100756645202637
1696958540822440400,36.0434404296875,0.5059366226196289,-0.43118801712989807,0.1722148060798645
1696958540832454000,36.05345385742187,0.6864194869995117,0.31395816802978516,0.13731086254119873
1696958540842467600,36.06346752929687,0.43625926971435547,0.21710747480392456,-0.1409962773323059
1696958540852481300,36.07348120117187,-0.29605865478515625,-0.05573302507400513,0.09950375556945801
1696958540862495000,36.083494873046874,2.0177173614501953,0.2883944511413574,0.15653103590011597
1696958540872508700,36.0935087890625,-1.2127227783203125,0.4598390460014343,-0.050582826137542725
1696958540882522000,36.103522216796875,0.5724868774414062,-0.16774338483810425,0.15580511093139648
1696958540892535800,36.113535888671876,2.3539886474609375,0.20988422632217407,0.400631308555603
1696958540902549500,36.12354956054688,-1.685079574584961,-0.15163516998291016,-0.061414942145347595
1696958540912563200,36.13356323242188,0.7179288864135742,0.20448040962219238,0.108763188123703
1696958540922577000,36.14357690429687,0.5923500061035156,0.4087117314338684,0.38518527150154114
1696958540932590300,36.15359033203125,-0.5416707992553711,0.21115738153457642,-0.05642497539520264
1696958540942604000,36.16360400390625,-0.4112968444824219,-0.010236978530883789,-0.2966477572917938
1696958540952617700,36.17361767578125,0.7178239822387695,0.4751579761505127,0.4563981592655182
1696958540962631400,36.18363134765625,-0.6314334869384766,0.012402176856994629,0.1262955367565155
1696958540972645000,36.19364501953125,-1.5857114791870117,0.11815029382705688,0.12142309546470642
