time,seconds_elapsed,z,y,x
1696958504923588400,0.14458837890625,0.035019535571336746,-0.02556559257209301,0.031024912372231483
1696958504933603600,0.154603515625,0.021171506494283676,0.0319569893181324,-0.041410934180021286
1696958504943620900,0.164620849609375,0.035019535571336746,0.03302222490310669,0.057655736804008484
1696958504953640000,0.174639892578125,0.03608476743102074,-0.00852186419069767,-0.025432437658309937
1696958504963660800,0.184660888671875,0.031823836266994476,0.01704372838139534,0.021437814459204674
1696958504973683000,0.194682861328125,0.029693370684981346,-0.0053261648863554,-0.006258244160562754
1696958504983706000,0.2047060546875,0.041410934180021286,0.0213046595454216,0.025698747485876083
1696958504993729800,0.214729736328125,0.038215234875679016,-0.01171756349503994,0.00226362026296556
1696958505003753200,0.224753173828125,0.028628136962652206,0.00852186419069767,-0.001997311832383275
1696958505013768700,0.234768798828125,0.03928046673536301,0.0213046595454216,0.027829213067889214
1696958505023782400,0.244782470703125,0.041410934180021286,-0.0031956990715116262,0.010785484686493874
1696958505033795800,0.2547958984375,0.031823836266994476,0.01704372838139534,-0.010519175790250301
1696958505043809300,0.264809326171875,0.03608476743102074,0.02769605815410614,0.034220609813928604
1696958505053823000,0.274822998046875,0.043541401624679565,0.02556559257209301,0.0033288532868027687
1696958505063836400,0.28483642578125,0.042476166039705276,0.01810896210372448,0.011850717477500439
1696958505073850000,0.29485009765625,0.037150003015995026,0.0063913981430232525,0.013981183059513569
1696958505083863600,0.304863525390625,0.043541401624679565,0.03834838792681694,0.007589785382151604
1696958505093877000,0.314876953125,0.052063263952732086,0.01384802907705307,0.019307348877191544
1696958505103890700,0.324890625,0.044606633484363556,0.007456631399691105,-0.0030625448562204838
1696958505113904000,0.334904052734375,0.048867564648389816,0.02236989326775074,0.011850717477500439
1696958505123917800,0.344917724609375,0.061650361865758896,0.01704372838139534,0.027829213067889214
1696958505133931300,0.35493115234375,0.057389430701732635,-0.01917419396340847,-0.019041040912270546
1696958505143944700,0.36494482421875,0.052063263952732086,0.02769605815410614,0.019307348877191544
1696958505153958400,0.37495849609375,0.06378082931041718,0.01491326279938221,0.007589785382151604
1696958505163971800,0.384971923828125,0.06910699605941772,0.0106523297727108,0.0001331541279796511
1696958505173985300,0.3949853515625,0.06484606117010117,-0.007456631399691105,-0.006258244160562754
1696958505183999000,0.4049990234375,0.06910699605941772,0.02023942768573761,0.0011983871227130294
1696958505194012400,0.415012451171875,0.07869409024715424,0.01810896210372448,-0.005193010903894901
1696958505204026000,0.425026123046875,0.07975932210683823,-0.02236989326775074,-0.024367205798625946
1696958505214039600,0.43503955078125,0.07762885838747025,0.01704372838139534,0.004394086077809334
1696958505224053000,0.445052978515625,0.08828118443489075,0.01171756349503994,-0.038215234875679016
1696958505234066700,0.455066650390625,0.09467258304357529,-0.0053261648863554,0.012915950268507004
1696958505244080000,0.465080078125,0.08508548885583878,-0.004260932095348835,-0.050998032093048096
1696958505254093800,0.47509375,0.0936073511838913,0.04687025398015976,0.007589785382151604
1696958505264107300,0.485107177734375,0.1042596846818924,-0.0053261648863554,0.0033288532868027687
1696958505274120700,0.49512060546875,0.09467258304357529,0.02663082629442215,-0.05312849581241608
1696958505284134400,0.505134521484375,0.09573781490325928,0.05858781561255455,0.03848154470324516
1696958505294147800,0.51514794921875,0.10745538026094437,0.01384802907705307,-0.025432437658309937
1696958505304161500,0.52516162109375,0.10852061212062836,0.06284874677658081,0.021437814459204674
1696958505314175000,0.535175048828125,0.09680305421352386,0.03302222490310669,-0.013714875094592571
1696958505324188400,0.5451884765625,0.10958584398031235,0.07137060910463333,0.020372580736875534
1696958505334202000,0.5552021484375,0.1149120107293129,0.05432688444852829,0.021437814459204674
1696958505344215600,0.565215576171875,0.10532491654157639,0.05113118514418602,-0.015845341607928276
1696958505354229200,0.575229248046875,0.1042596846818924,0.08202294260263443,0.021437814459204674
1696958505364242700,0.58524267578125,0.11810771375894547,0.07989247888326645,0.023568280041217804
1696958505374256000,0.595256103515625,0.1149120107293129,0.05432688444852829,-0.0030625448562204838
1696958505384269800,0.605269775390625,0.10852061212062836,0.08628387749195099,0.024633513763546944
1696958505394283300,0.615283203125,0.11597724258899689,0.08308817446231842,0.019307348877191544
1696958505404297000,0.625296875,0.12982527911663055,0.0639139786362648,0.021437814459204674
1696958505414310400,0.635310302734375,0.12343387305736542,0.03728315606713295,0.020372580736875534
1696958505424323800,0.64532373046875,0.12023817747831345,0.05645735189318657,0.020372580736875534
1696958505434337500,0.655337646484375,0.14260807633399963,0.03621792420744896,0.04593817517161369
1696958505444351000,0.66535107421875,0.14047759771347046,-0.0021304660476744175,0.004394086077809334
1696958505454364700,0.67536474609375,0.1351514458656311,0.0213046595454216,0.022503048181533813
1696958505464378000,0.685378173828125,0.14473854005336761,0.01810896210372448,0.023568280041217804
1696958505474391600,0.6953916015625,0.15326039493083954,0.0159784946590662,0.019307348877191544
1696958505484405200,0.7054052734375,0.14899946749210358,-0.0106523297727108,0.004394086077809334
1696958505494418700,0.715418701171875,0.15006470680236816,0.05539211630821228,0.024633513763546944
1696958505504432400,0.725432373046875,0.1575213372707367,0.04047885537147522,0.0011983871227130294
1696958505514445800,0.73544580078125,0.1585865616798401,0.02023942768573761,0.005459319334477186
1696958505524459300,0.745459228515625,0.1585865616798401,0.04047885537147522,0.013981183059513569
1696958505534473000,0.755472900390625,0.1585865616798401,0.06497921794652939,-0.005193010903894901
1696958505544486400,0.765486328125,0.1681736707687378,0.05965305119752884,0.015046416781842709
1696958505554500000,0.7755,0.1692388951778412,0.02343512699007988,-0.0030625448562204838
1696958505564513500,0.785513427734375,0.1681736707687378,0.05432688444852829,-0.0030625448562204838
1696958505574527000,0.79552685546875,0.18415215611457825,0.03621792420744896,0.020372580736875534
1696958505584540700,0.805540771484375,0.18521739542484283,0,-0.021171506494283676
1696958505594554000,0.81555419921875,0.17669552564620972,0.03515268862247467,0.006524552125483751
1696958505604567800,0.82556787109375,0.18734785914421082,0.01491326279938221,-0.0030625448562204838
1696958505614581200,0.835581298828125,0.2001306563615799,0.01171756349503994,0.010785484686493874
1696958505624595000,0.845594970703125,0.19160878658294678,-0.01171756349503994,-0.029693370684981346
1696958505634608400,0.8556083984375,0.19373925030231476,0.02769605815410614,0.027829213067889214
1696958505644622000,0.8656220703125,0.20439158380031586,-0.004260932095348835,-0.005193010903894901
1696958505654635500,0.875635498046875,0.2001306563615799,0.01810896210372448,-0.004127778112888336
1696958505664649200,0.885649169921875,0.19160878658294678,0.0213046595454216,0.013981183059513569
1696958505674663000,0.895662841796875,0.19693495333194733,0.03302222490310669,-0.001997311832383275
1696958505684676400,0.90567626953125,0.20439158380031586,0.05539211630821228,0.03954677656292915
1696958505694690000,0.91568994140625,0.19586972892284393,-0.0031956990715116262,-0.023301972076296806
1696958505704703500,0.925703369140625,0.19160878658294678,0.05858781561255455,0.029959678649902344
1696958505714717200,0.93571728515625,0.20652204751968384,0.01704372838139534,0.027829213067889214
1696958505724731000,0.94573095703125,0.2001306563615799,-0.02450035884976387,-0.016910573467612267
1696958505734744300,0.955744384765625,0.1884130984544754,0.02556559257209301,0.027829213067889214
1696958505744758000,0.965758056640625,0.2001306563615799,-0.0319569893181324,0.005459319334477186
1696958505754771500,0.975771484375,0.20439158380031586,-0.0031956990715116262,0.015046416781842709
1696958505764785200,0.98578515625,0.19480448961257935,-0.05965305119752884,-0.008388710208237171
1696958505774798800,0.995798828125,0.19480448961257935,-0.01491326279938221,0.026763979345560074
1696958505784812300,1.005812255859375,0.20226112008094788,-0.0319569893181324,0.009720250964164734
1696958505794826000,1.015825927734375,0.19267402589321136,-0.02236989326775074,-0.011584409512579441
1696958505804839400,1.02583935546875,0.18521739542484283,-0.00852186419069767,0.028894444927573204
1696958505814853000,1.03585302734375,0.19054356217384338,0.007456631399691105,-0.0009320789249613881
1696958505824866800,1.04586669921875,0.19373925030231476,0.0063913981430232525,0.025698747485876083
1696958505834880300,1.05588037109375,0.18628261983394623,-0.007456631399691105,-0.0009320789249613881
1696958505844894000,1.06589404296875,0.18521739542484283,0.03515268862247467,0.015046416781842709
1696958505854907400,1.075907470703125,0.19373925030231476,0.02769605815410614,0.031024912372231483
1696958505864921000,1.085921142578125,0.18734785914421082,0.01171756349503994,-0.008388710208237171
1696958505874934800,1.095934814453125,0.18095645308494568,0.04154408723115921,0.028894444927573204
1696958505884948200,1.1059482421875,0.19160878658294678,0.03621792420744896,0.011850717477500439
1696958505894962000,1.1159619140625,0.19693495333194733,0.0010652330238372087,0.010785484686493874
1696958505904975400,1.125975341796875,0.18521739542484283,0.0106523297727108,-0.0030625448562204838
1696958505914989000,1.135989013671875,0.19054356217384338,0.01384802907705307,0.020372580736875534
1696958505925002800,1.146002685546875,0.20439158380031586,-0.012782796286046505,0.005459319334477186
1696958505935016200,1.15601611328125,0.19160878658294678,-0.0053261648863554,-0.010519175790250301
1696958505945030000,1.16602978515625,0.1884130984544754,-0.0031956990715116262,0.010785484686493874
1696958505955043300,1.176043212890625,0.19800019264221191,0.004260932095348835,-0.009453942999243736
1696958505965057000,1.18605712890625,0.1990654170513153,0.01171756349503994,0.013981183059513569
1696958505975070700,1.19607080078125,0.1884130984544754,-0.02876129187643528,-0.025432437658309937
1696958505985084200,1.206084228515625,0.19373925030231476,0.03834838792681694,0.033155377954244614
1696958505995097900,1.216097900390625,0.19800019264221191,-0.0106523297727108,-0.011584409512579441
1696958506005111300,1.226111328125,0.1894783228635788,0.02556559257209301,0.004394086077809334
1696958506015125000,1.236125,0.18734785914421082,0.01171756349503994,0.017176883295178413
1696958506025138700,1.246138671875,0.19586972892284393,0.02663082629442215,0.012915950268507004
1696958506035152100,1.256152099609375,0.19160878658294678,0.0319569893181324,0.008655018173158169
1696958506045165800,1.266165771484375,0.18202169239521027,0.0063913981430232525,0.021437814459204674
1696958506055179300,1.27617919921875,0.18628261983394623,0.06284874677658081,0.004394086077809334
1696958506065193000,1.28619287109375,0.19267402589321136,0.05432688444852829,0.053394805639982224
1696958506075206700,1.29620654296875,0.18202169239521027,0.0021304660476744175,-0.03928046673536301
1696958506085220000,1.30622021484375,0.17989122867584229,0.0639139786362648,0.07363422960042953
1696958506095233800,1.31623388671875,0.1884130984544754,0.03089175745844841,-0.021171506494283676
1696958506105247200,1.326247314453125,0.18521739542484283,0.03089175745844841,0.033155377954244614
1696958506115261000,1.336260986328125,0.1777607649564743,0.01171756349503994,0.005459319334477186
1696958506125274600,1.346274658203125,0.18308693170547485,0.03089175745844841,0.010785484686493874
1696958506135288000,1.3562880859375,0.1884130984544754,0.02236989326775074,0.012915950268507004
1696958506145301800,1.3663017578125,0.17989122867584229,-0.01917419396340847,-0.015845341607928276
1696958506155315200,1.376315185546875,0.1777607649564743,0.02769605815410614,0.025698747485876083
1696958506165329000,1.386328857421875,0.17989122867584229,0.0213046595454216,-0.017975807189941406
1696958506175342300,1.39634228515625,0.18095645308494568,0.0021304660476744175,0.011850717477500439
1696958506185356000,1.40635595703125,0.17456506192684174,-0.0053261648863554,-0.008388710208237171
1696958506195369500,1.416369384765625,0.1777607649564743,0.02556559257209301,0.005459319334477186
1696958506205383200,1.426383056640625,0.18202169239521027,-0.004260932095348835,0.010785484686493874
1696958506215396600,1.436396728515625,0.17669552564620972,-0.0010652330238372087,-0.005193010903894901
1696958506225410000,1.44641015625,0.17669552564620972,-0.0010652330238372087,0.023568280041217804
1696958506235423700,1.456423828125,0.18521739542484283,-0.0053261648863554,-0.009453942999243736
1696958506245437200,1.466437255859375,0.18415215611457825,-0.03089175745844841,0.016111649572849274
1696958506255451000,1.476450927734375,0.17669552564620972,-0.0213046595454216,-0.035019535571336746
1696958506265464300,1.48646435546875,0.19267402589321136,-0.012782796286046505,-0.005193010903894901
1696958506275477800,1.496477783203125,0.19160878658294678,-0.05113118514418602,-0.07336792349815369
1696958506285491500,1.506491455078125,0.18308693170547485,0.06071828305721283,-0.08828118443489075
1696958506295505000,1.5165048828125,0.17989122867584229,0.13315412402153015,0.023568280041217804
1696958506305518600,1.5265185546875,0.19054356217384338,-0.15445879101753235,-0.04673709720373154
1696958506315532000,1.536531982421875,0.20439158380031586,0.03302222490310669,-0.027562905102968216
1696958506325545500,1.54654541015625,0.1585865616798401,0.05965305119752884,-0.0723026916384697
1696958506335559200,1.55655908203125,0.12023817747831345,0.09480573982000351,-0.016910573467612267
1696958506345572600,1.566572509765625,0.17456506192684174,-0.04367455467581749,0.18122276663780212
1696958506355586300,1.57658642578125,0.1894783228635788,-0.3398093283176422,-0.33115431666374207
1696958506365599700,1.586599853515625,0.19800019264221191,0.04900071769952774,0.2813546657562256
1696958506375613200,1.59661328125,0.2097177505493164,-0.06071828305721283,-0.11917294561862946
1696958506385627000,1.606626953125,0.18628261983394623,0.0021304660476744175,-0.004127778112888336
1696958506395640300,1.616640380859375,0.18734785914421082,-0.0852186381816864,0.12156971544027328
1696958506405654000,1.626654052734375,0.16391272842884064,0.11930610239505768,-0.0936073511838913
1696958506415667500,1.63666748046875,0.21504391729831696,-0.03302222490310669,0.10985215753316879
1696958506425681000,1.646680908203125,0.22250054776668549,-0.08415340632200241,-0.008388710208237171
1696958506435694600,1.656694580078125,0.21291345357894897,0.02769605815410614,0.054460037499666214
1696958506445708000,1.6667080078125,0.19693495333194733,-0.08734910935163498,-0.0030625448562204838
1696958506455721700,1.6767216796875,0.20226112008094788,0.04367455467581749,0.13861344754695892
1696958506465735200,1.686735107421875,0.1990654170513153,0.0106523297727108,-0.009453942999243736
1696958506475748600,1.69674853515625,0.20865251123905182,0.01704372838139534,0.053394805639982224
1696958506485762300,1.70676220703125,0.2203700840473175,-0.02769605815410614,0.044872939586639404
1696958506495775700,1.716775634765625,0.21717438101768494,0.01810896210372448,0.033155377954244614
1696958506505789400,1.72678955078125,0.21823962032794952,0.01704372838139534,0.04593817517161369
1696958506515803000,1.736802978515625,0.22676147520542145,0.0053261648863554,0.08641702681779861
1696958506525816300,1.74681640625,0.2214353084564209,0.02556559257209301,0.00226362026296556
1696958506535830000,1.756830078125,0.2214353084564209,0.04793548583984375,0.07150376588106155
1696958506545843500,1.766843505859375,0.23421810567378998,0.0031956990715116262,0.036351077258586884
1696958506555857200,1.776857177734375,0.23315288126468658,0.04580501839518547,0.023568280041217804
1696958506565870600,1.78687060546875,0.23528334498405457,0.009587096981704235,0.026763979345560074
1696958506575884300,1.79688427734375,0.22569625079631805,0.04900071769952774,0.054460037499666214
1696958506585898000,1.80689794921875,0.23847904801368713,0.06604444980621338,0.023568280041217804
1696958506595911400,1.816911376953125,0.24593567848205566,0.02663082629442215,0.047003407031297684
1696958506605925000,1.826925048828125,0.2416747361421585,0.06710968166589737,0.008655018173158169
1696958506615938600,1.8369384765625,0.251261830329895,0.06604444980621338,0.040612008422613144
1696958506625952300,1.8469521484375,0.2608489394187927,0.07882724702358246,0.023568280041217804
1696958506635966000,1.856966064453125,0.25765323638916016,0.04900071769952774,0.034220609813928604
1696958506645979400,1.8669794921875,0.2523270845413208,0.09800143539905548,0.008655018173158169
1696958506655993000,1.8769931640625,0.2661750912666321,0.12037133425474167,0.05232957378029823
1696958506666006500,1.887006591796875,0.26830556988716125,0.0852186381816864,0.004394086077809334
1696958506676020200,1.897020263671875,0.27043604850769043,0.08308817446231842,0.029959678649902344
1696958506686034000,1.907033935546875,0.2715012729167938,0.11611039936542511,0.031024912372231483
1696958506696047400,1.91704736328125,0.2821536064147949,0.1065233051776886,0.018242115154862404
1696958506706061000,1.92706103515625,0.28854498267173767,0.07669677585363388,0.03209014609456062
1696958506716074800,1.93707470703125,0.2853493094444275,0.07350108027458191,0.008655018173158169
1696958506726088200,1.947088134765625,0.29067546129226685,0.10439283400774002,0.034220609813928604
1696958506736102000,1.957101806640625,0.3045234978199005,0.06178351491689682,0.037416309118270874
1696958506746115300,1.967115234375,0.30239301919937134,0,0.00226362026296556
1696958506756129000,1.97712890625,0.297066867351532,0.08095771074295044,0.06511236727237701
1696958506766142700,1.987142822265625,0.31411057710647583,0.04473978653550148,0.03209014609456062
1696958506776156200,1.99715625,0.30984964966773987,0.02236989326775074,0.017176883295178413
1696958506786169900,2.007169921875,0.3055887222290039,0.05006595328450203,0.054460037499666214
1696958506796183300,2.017183349609375,0.3087844252586365,0.06924014538526535,0.016111649572849274
1696958506806197000,2.027197021484375,0.32050198316574097,0.07030537724494934,0.07363422960042953
1696958506816210700,2.037210693359375,0.30984964966773987,-0.0031956990715116262,-0.007323476951569319
1696958506826224000,2.04722412109375,0.31091487407684326,0.08095771074295044,0.08428656309843063
1696958506836237800,2.05723779296875,0.3194367587566376,0.04473978653550148,-0.001997311832383275
1696958506846251300,2.067251220703125,0.3194367587566376,0.05858781561255455,0.057655736804008484
1696958506856265000,2.077264892578125,0.31198012828826904,0.04473978653550148,0.028894444927573204
1696958506866278700,2.087278564453125,0.31091487407684326,0.1501978635787964,0.067242830991745
1696958506876292000,2.0972919921875,0.31304535269737244,0.15552401542663574,0.07469946891069412
1696958506886305800,2.107305908203125,0.2981320917606354,0.1906767040491104,0.10133028775453568
1696958506896319200,2.1173193359375,0.2832188308238983,0.16830681264400482,0.05232957378029823
1696958506906333000,2.1273330078125,0.2821536064147949,0.08202294260263443,0.057655736804008484
1696958506916346600,2.1373466796875,0.25658801198005676,0.09906667470932007,0.13222205638885498
1696958506926360000,2.147360107421875,0.2427399754524231,-0.21091613173484802,-0.007323476951569319
1696958506936373800,2.157373779296875,0.34500235319137573,-0.2535254657268524,0.05978620424866676
1696958506946387200,2.16738720703125,0.3183715343475342,0.0532616525888443,0.14393961429595947
1696958506956401000,2.17740087890625,0.3077192008495331,-0.0159784946590662,-0.10958584398031235
1696958506966414600,2.18741455078125,0.28854498267173767,0.11291470378637314,0.15885287523269653
1696958506976428000,2.197427978515625,0.3066539466381073,0.13102366030216217,-0.11065108329057693
1696958506986441700,2.207441650390625,0.32156720757484436,0.13208889961242676,0.08109086751937866
1696958506996455200,2.217455078125,0.2960016131401062,-0.06497921794652939,-0.045671865344047546
1696958507006468900,2.22746875,0.30239301919937134,-0.0532616525888443,-0.03288906812667847
1696958507016482600,2.237482666015625,0.32263246178627014,0.13208889961242676,0.041677240282297134
1696958507026496000,2.24749609375,0.32369768619537354,-0.0031956990715116262,0.007589785382151604
1696958507036509700,2.257509765625,0.3077192008495331,-0.06178351491689682,-0.1031944528222084
1696958507046523100,2.267523193359375,0.3077192008495331,0.08095771074295044,0.040612008422613144
1696958507056536800,2.277536865234375,0.32369768619537354,0.02876129187643528,-0.044606633484363556
1696958507066550500,2.287550537109375,0.32263246178627014,-0.07030537724494934,-0.013714875094592571
1696958507076564000,2.29756396484375,0.2960016131401062,0.03515268862247467,-0.06484606117010117
1696958507086577700,2.30757763671875,0.3066539466381073,0.07243584841489792,0.021437814459204674
1696958507096591000,2.317591064453125,0.3151758313179016,0.0063913981430232525,-0.07336792349815369
1696958507106604800,2.327604736328125,0.30984964966773987,-0.0106523297727108,-0.015845341607928276
1696958507116618500,2.337618408203125,0.2949363887310028,0.05752258375287056,-0.07656362652778625
1696958507126632000,2.3476318359375,0.30984964966773987,0.0319569893181324,0.017176883295178413
1696958507136645600,2.357645751953125,0.30345824360847473,-0.009587096981704235,-0.08082455396652222
1696958507146659000,2.3676591796875,0.2981320917606354,0.02556559257209301,-0.027562905102968216
1696958507156672800,2.3776728515625,0.2960016131401062,0.03515268862247467,-0.06271559745073318
1696958507166686500,2.3876865234375,0.3055887222290039,0.02450035884976387,-0.017975807189941406
1696958507176700000,2.397699951171875,0.30132779479026794,-0.0213046595454216,-0.06697652488946915
1696958507186713600,2.407713623046875,0.2949363887310028,0.05113118514418602,-0.029693370684981346
1696958507196727000,2.41772705078125,0.30345824360847473,0.01917419396340847,-0.042476166039705276
1696958507206740700,2.42774072265625,0.30345824360847473,0.02023942768573761,-0.031823836266994476
1696958507216754400,2.43775439453125,0.297066867351532,-0.007456631399691105,-0.054193731397390366
1696958507226768000,2.447767822265625,0.29067546129226685,0.06710968166589737,-0.044606633484363556
1696958507236781600,2.457781494140625,0.3087844252586365,0.007456631399691105,-0.012649642303586006
1696958507246795000,2.467794921875,0.30132779479026794,-0.0031956990715116262,-0.058454662561416626
1696958507256808700,2.47780859375,0.2949363887310028,0.03834838792681694,-0.013714875094592571
1696958507266822400,2.487822509765625,0.30345824360847473,0.02876129187643528,-0.029693370684981346
1696958507276835800,2.4978359375,0.31411057710647583,0.004260932095348835,-0.013714875094592571
1696958507286849500,2.507849609375,0.3045234978199005,-0.01810896210372448,-0.040345702320337296
1696958507296863000,2.517863037109375,0.2949363887310028,0.04473978653550148,-0.0030625448562204838
1696958507306876700,2.527876708984375,0.31198012828826904,0.0213046595454216,-0.005193010903894901
1696958507316890400,2.537890380859375,0.31091487407684326,-0.0031956990715116262,-0.010519175790250301
1696958507326903800,2.54790380859375,0.297066867351532,0.01704372838139534,-0.011584409512579441
1696958507336917500,2.55791748046875,0.30239301919937134,0.04473978653550148,-0.005193010903894901
1696958507346931000,2.567930908203125,0.3173062801361084,0.0159784946590662,0.010785484686493874
1696958507356944600,2.577944580078125,0.30984964966773987,-0.04047885537147522,-0.037150003015995026
1696958507366958300,2.587958251953125,0.2981320917606354,0.03621792420744896,0.013981183059513569
1696958507376971800,2.5979716796875,0.3087844252586365,0.01384802907705307,-0.001997311832383275
1696958507386985500,2.6079853515625,0.30984964966773987,-0.01491326279938221,-0.015845341607928276
1696958507396999000,2.6179990234375,0.30132779479026794,0.0213046595454216,0.004394086077809334
1696958507407012600,2.6280126953125,0.297066867351532,0.01810896210372448,-0.015845341607928276
1696958507417026300,2.6380263671875,0.31198012828826904,0.0319569893181324,0.020372580736875534
1696958507427039700,2.648039794921875,0.3055887222290039,-0.01704372838139534,-0.008388710208237171
1696958507437053400,2.658053466796875,0.2949363887310028,0.05965305119752884,-0.014780107885599136
1696958507447067000,2.66806689453125,0.30345824360847473,0.02556559257209301,0.03209014609456062
1696958507457080600,2.67808056640625,0.3077192008495331,0.01917419396340847,-0.026497671380639076
1696958507467094300,2.68809423828125,0.3055887222290039,0.03408745676279068,0.023568280041217804
1696958507477107700,2.698107666015625,0.2960016131401062,0.0213046595454216,-0.043541401624679565
1696958507487121400,2.708121337890625,0.30984964966773987,0.0958709716796875,0.05232957378029823
1696958507497134800,2.718134765625,0.3087844252586365,-0.03302222490310669,-0.030758604407310486
1696958507507148500,2.7281484375,0.30132779479026794,0.07030537724494934,0.0033288532868027687
1696958507517162200,2.738162353515625,0.3055887222290039,0.03728315606713295,0.020372580736875534
1696958507527175700,2.74817578125,0.3087844252586365,0.08415340632200241,-0.043541401624679565
1696958507537189400,2.758189453125,0.3183715343475342,-0.01810896210372448,0.04913387447595596
1696958507547202800,2.768202880859375,0.3055887222290039,0.06178351491689682,-0.055258963257074356
1696958507557216500,2.778216552734375,0.31304535269737244,0.08308817446231842,0.051264338195323944
1696958507567230200,2.788230224609375,0.316241055727005,0.04793548583984375,-0.045671865344047546
1696958507577243600,2.79824365234375,0.3194367587566376,0.02663082629442215,0.044872939586639404
1696958507587257300,2.80825732421875,0.3077192008495331,0.08415340632200241,-0.05632419511675835
1696958507597270800,2.818270751953125,0.32050198316574097,0.08734910935163498,0.06404713541269302
1696958507607284500,2.828284423828125,0.32156720757484436,0.03089175745844841,-0.06697652488946915
1696958507617298200,2.838298095703125,0.3194367587566376,0.07669677585363388,0.060851436108350754
1696958507627311600,2.8483115234375,0.316241055727005,0.05539211630821228,-0.060585130006074905
1696958507637325300,2.8583251953125,0.3279586136341095,0.11930610239505768,0.061916667968034744
1696958507647338800,2.8683388671875,0.32369768619537354,0.0031956990715116262,-0.052063263952732086
1696958507657352400,2.8783525390625,0.316241055727005,0.1374150663614273,0.027829213067889214
1696958507667366100,2.8883662109375,0.3279586136341095,0.04580501839518547,0.009720250964164734
1696958507677379600,2.898379638671875,0.3290238380432129,0.07669677585363388,-0.014780107885599136
1696958507687393300,2.908393310546875,0.32369768619537354,0.04154408723115921,0.036351077258586884
1696958507697406700,2.91840673828125,0.3173062801361084,0.1065233051776886,-0.017975807189941406
1696958507707420400,2.92842041015625,0.33328479528427124,0.06817491352558136,0.053394805639982224
1696958507717434000,2.93843408203125,0.3279586136341095,0.01810896210372448,-0.015845341607928276
1696958507727447600,2.948447509765625,0.3194367587566376,0.09480573982000351,0.047003407031297684
1696958507737461200,2.958461181640625,0.32263246178627014,0.06284874677658081,0.005459319334477186
1696958507747474700,2.968474609375,0.33328479528427124,0.05965305119752884,0.058720968663692474
1696958507757488400,2.97848828125,0.32263246178627014,0.02236989326775074,-0.004127778112888336
1696958507767502000,2.988502197265625,0.31091487407684326,0.0852186381816864,0.05659050494432449
1696958507777515500,2.998515625,0.32156720757484436,0.05539211630821228,0.023568280041217804
1696958507787529200,3.008529296875,0.3258281648159027,0.0532616525888443,0.0555252730846405
1696958507797542700,3.018542724609375,0.30984964966773987,0.03834838792681694,0.011850717477500439
1696958507807556400,3.028556396484375,0.3077192008495331,0.10226237028837204,0.0555252730846405
1696958507817570000,3.038570068359375,0.32369768619537354,0.05113118514418602,0.0555252730846405
1696958507827583500,3.04858349609375,0.3151758313179016,0.02982652559876442,0.020372580736875534
1696958507837597200,3.05859716796875,0.3066539466381073,0.04900071769952774,0.066177599132061
1696958507847610600,3.068610595703125,0.3066539466381073,0.07776200771331787,0.031024912372231483
1696958507857624300,3.078624267578125,0.316241055727005,0.02343512699007988,0.060851436108350754
1696958507867638000,3.088637939453125,0.31091487407684326,0.01917419396340847,0.03848154470324516
1696958507877651500,3.0986513671875,0.30132779479026794,0.03728315606713295,0.04913387447595596
1696958507887665200,3.1086650390625,0.30984964966773987,0.04154408723115921,0.048068638890981674
1696958507897678600,3.1186787109375,0.3151758313179016,-0.009587096981704235,0.06830807030200958
1696958507907692300,3.1286923828125,0.30345824360847473,0.03302222490310669,0.016111649572849274
1696958507917706000,3.1387060546875,0.30345824360847473,0.03834838792681694,0.10346075892448425
1696958507927719400,3.148719482421875,0.3066539466381073,0.03728315606713295,-0.008388710208237171
1696958507937733000,3.158733154296875,0.31304535269737244,0.04687025398015976,0.12263495475053787
1696958507947746600,3.16874658203125,0.2981320917606354,0.02023942768573761,-0.025432437658309937
1696958507957760300,3.17876025390625,0.30132779479026794,0.14593692123889923,0.11411308497190475
1696958507967774000,3.18877392578125,0.31304535269737244,0.009587096981704235,0.034220609813928604
1696958507977787400,3.198787353515625,0.3087844252586365,0.07989247888326645,0.044872939586639404
1696958507987801000,3.208801025390625,0.3055887222290039,0.04367455467581749,0.07576470077037811
1696958507997814500,3.218814453125,0.30345824360847473,0.12037133425474167,-0.012649642303586006
1696958508007828200,3.228828125,0.3183715343475342,0.04687025398015976,0.12263495475053787
1696958508017842000,3.238842041015625,0.30984964966773987,0.007456631399691105,-0.04673709720373154
1696958508027855400,3.24885546875,0.31091487407684326,0.09480573982000351,0.0991998240351677
1696958508037869000,3.258869140625,0.316241055727005,0.05006595328450203,-0.028628136962652206
1696958508047882500,3.268882568359375,0.3258281648159027,0.03728315606713295,0.07043853402137756
1696958508057896200,3.278896240234375,0.3194367587566376,0.0010652330238372087,-0.028628136962652206
1696958508067910000,3.288909912109375,0.31411057710647583,0.07563154399394989,0.041677240282297134
1696958508077923300,3.29892333984375,0.3183715343475342,0.04687025398015976,-0.016910573467612267
1696958508087937000,3.30893701171875,0.32050198316574097,0.04580501839518547,0.017176883295178413
1696958508097950500,3.318950439453125,0.316241055727005,0.02876129187643528,-0.012649642303586006
1696958508107964200,3.328964111328125,0.31091487407684326,0.0852186381816864,-0.010519175790250301
1696958508117977900,3.338977783203125,0.32156720757484436,0.05645735189318657,0.026763979345560074
1696958508127991300,3.3489912109375,0.3183715343475342,0,-0.03288906812667847
1696958508138005000,3.3590048828125,0.31198012828826904,0.05965305119752884,0.015046416781842709
1696958508148018400,3.369018310546875,0.3194367587566376,0.00852186419069767,0.008655018173158169
1696958508158032100,3.3790322265625,0.31411057710647583,0.03089175745844841,-0.007323476951569319
1696958508168045800,3.3890458984375,0.3077192008495331,0.02663082629442215,0.029959678649902344
1696958508178059300,3.399059326171875,0.3077192008495331,0.01917419396340847,-0.011584409512579441
1696958508188073000,3.409072998046875,0.3173062801361084,0.05006595328450203,0.061916667968034744
1696958508198086400,3.41908642578125,0.3055887222290039,0.0031956990715116262,-0.008388710208237171
1696958508208100000,3.42910009765625,0.2960016131401062,0.07669677585363388,0.03848154470324516
1696958508218113800,3.43911376953125,0.3087844252586365,0.01917419396340847,0.04913387447595596
1696958508228127200,3.449127197265625,0.31304535269737244,0.04900071769952774,0.031024912372231483
1696958508238141000,3.459140869140625,0.3055887222290039,0.004260932095348835,0.04913387447595596
1696958508248154400,3.469154296875,0.28961023688316345,0.06924014538526535,0.016111649572849274
1696958508258168000,3.47916796875,0.31091487407684326,0.06497921794652939,0.0778951644897461
1696958508268181800,3.489181640625,0.30984964966773987,-0.0426093190908432,0.047003407031297684
1696958508278195200,3.4991953125,0.30026257038116455,0.05432688444852829,0.036351077258586884
1696958508288209000,3.509208984375,0.29919731616973877,0.05539211630821228,0.07469946891069412
1696958508298222300,3.519222412109375,0.31411057710647583,0.009587096981704235,0.050199106335639954
1696958508308236000,3.529236083984375,0.31304535269737244,-0.02663082629442215,0.0555252730846405
1696958508318249700,3.539249755859375,0.30345824360847473,0.02343512699007988,0.047003407031297684
1696958508328263200,3.54926318359375,0.3087844252586365,0.01810896210372448,0.061916667968034744
1696958508338276900,3.55927685546875,0.3151758313179016,-0.00852186419069767,0.057655736804008484
1696958508348290300,3.569290283203125,0.30984964966773987,-0.01171756349503994,0.037416309118270874
1696958508358304000,3.579303955078125,0.30345824360847473,0.02450035884976387,0.050199106335639954
1696958508368317700,3.589317626953125,0.31304535269737244,0.03408745676279068,0.041677240282297134
1696958508378331100,3.5993310546875,0.3151758313179016,-0.012782796286046505,0.04593817517161369
1696958508388344800,3.6093447265625,0.31091487407684326,-0.0106523297727108,0.016111649572849274
1696958508398358300,3.619358154296875,0.30984964966773987,0.03408745676279068,0.050199106335639954
1696958508408372000,3.6293720703125,0.3151758313179016,0.012782796286046505,0.007589785382151604
1696958508418385700,3.6393857421875,0.3183715343475342,-0.01917419396340847,0.041677240282297134
1696958508428399000,3.649399169921875,0.30984964966773987,0.0053261648863554,-0.011584409512579441
1696958508438412800,3.659412841796875,0.3151758313179016,0.03941362351179123,0.028894444927573204
1696958508448426200,3.66942626953125,0.32156720757484436,-0.0106523297727108,0.015046416781842709
1696958508458440000,3.67943994140625,0.316241055727005,0.0053261648863554,-0.009453942999243736
1696958508468453600,3.68945361328125,0.31198012828826904,0.03408745676279068,0.015046416781842709
1696958508478467000,3.699467041015625,0.3183715343475342,0.02876129187643528,0.0001331541279796511
1696958508488480800,3.709480712890625,0.3183715343475342,0.03408745676279068,-0.005193010903894901
1696958508498494200,3.719494140625,0.3151758313179016,0.012782796286046505,0.0033288532868027687
1696958508508508000,3.7295078125,0.31091487407684326,0.06284874677658081,-0.021171506494283676
1696958508518521600,3.739521484375,0.3194367587566376,0.04580501839518547,0.020372580736875534
1696958508528535000,3.74953515625,0.3183715343475342,-0.0031956990715116262,-0.033954303711652756
1696958508538548700,3.759548828125,0.3077192008495331,0.0532616525888443,0.0011983871227130294
1696958508548562200,3.769562255859375,0.31198012828826904,0.04047885537147522,-0.011584409512579441
1696958508558575900,3.779575927734375,0.3194367587566376,0.02343512699007988,-0.006258244160562754
1696958508568589600,3.789589599609375,0.31091487407684326,0.0053261648863554,-0.028628136962652206
1696958508578603000,3.79960302734375,0.30345824360847473,0.05965305119752884,0.00226362026296556
1696958508588616700,3.80961669921875,0.3183715343475342,0.04580501839518547,-0.015845341607928276
1696958508598630100,3.819630126953125,0.31304535269737244,0,-0.001997311832383275
1696958508608643800,3.829643798828125,0.29919731616973877,0.08308817446231842,-0.03608476743102074
1696958508618657500,3.839657470703125,0.3077192008495331,0.06604444980621338,0.018242115154862404
1696958508628671000,3.8496708984375,0.31198012828826904,0.0532616525888443,-0.03608476743102074
1696958508638684700,3.8596845703125,0.3055887222290039,0.03089175745844841,0.0033288532868027687
1696958508648698000,3.869697998046875,0.2938711643218994,0.1171756312251091,-0.031823836266994476
1696958508658711800,3.8797119140625,0.3087844252586365,0.08841434121131897,0.015046416781842709
1696958508668725500,3.8897255859375,0.3055887222290039,0.06284874677658081,-0.044606633484363556
1696958508678739000,3.899739013671875,0.30239301919937134,0.08947957307100296,0.021437814459204674
1696958508688752600,3.909752685546875,0.2981320917606354,0.10545806586742401,-0.04993279650807381
1696958508698766000,3.91976611328125,0.31304535269737244,0.11291470378637314,0.025698747485876083
1696958508708779800,3.92977978515625,0.31091487407684326,0.01917419396340847,-0.043541401624679565
1696958508718793500,3.93979345703125,0.30026257038116455,0.11930610239505768,-0.006258244160562754
1696958508728807000,3.949806884765625,0.3066539466381073,0.07350108027458191,-0.013714875094592571
1696958508738820600,3.959820556640625,0.3173062801361084,0.05858781561255455,-0.009453942999243736
1696958508748834000,3.969833984375,0.3087844252586365,0.01810896210372448,-0.027562905102968216
1696958508758847700,3.97984765625,0.30026257038116455,0.09480573982000351,-0.001997311832383275
1696958508768861400,3.989861328125,0.316241055727005,0.05752258375287056,0.010785484686493874
1696958508778875000,3.999875,0.31198012828826904,0.01917419396340847,-0.020106272771954536
1696958508788888600,4.009888671875,0.30345824360847473,0.03515268862247467,0.013981183059513569
1696958508798902000,4.019902099609375,0.3045234978199005,0.05006595328450203,-0.012649642303586006
1696958508808915700,4.029915771484375,0.31198012828826904,0.02556559257209301,0.03209014609456062
1696958508818929400,4.039929443359375,0.29919731616973877,-0.0159784946590662,-0.022236740216612816
1696958508828942800,4.04994287109375,0.28961023688316345,0.05858781561255455,0.027829213067889214
1696958508838956500,4.05995654296875,0.30026257038116455,0.02769605815410614,0.007589785382151604
1696958508848970000,4.069969970703125,0.2981320917606354,0.007456631399691105,0.020372580736875534
1696958508858983700,4.079983642578125,0.2842840552330017,0.01704372838139534,0.004394086077809334
1696958508868997400,4.089997314453125,0.2832188308238983,0.04580501839518547,0.037416309118270874
1696958508879010800,4.1000107421875,0.28854498267173767,0.02450035884976387,0.017176883295178413
1696958508889024500,4.1100244140625,0.27789267897605896,-0.0010652330238372087,0.019307348877191544
1696958508899038000,4.120037841796875,0.2661750912666321,0.04687025398015976,0.013981183059513569
1696958508909051600,4.1300517578125,0.2768274247646332,0.04473978653550148,0.036351077258586884
1696958508919065300,4.1400654296875,0.2746969759464264,-0.0010652330238372087,0.017176883295178413
1696958508929078800,4.150078857421875,0.2629793882369995,0,0.009720250964164734
1696958508939092500,4.160092529296875,0.2640446424484253,0.02343512699007988,0.026763979345560074
1696958508949106000,4.17010595703125,0.2725664973258972,0.01171756349503994,0.027829213067889214
1696958508959119600,4.18011962890625,0.2640446424484253,-0.05539211630821228,-0.015845341607928276
1696958508969133300,4.19013330078125,0.2544575333595276,0.0106523297727108,0.024633513763546944
1696958508979146800,4.200146728515625,0.2608489394187927,-0.007456631399691105,0.010785484686493874
1696958508989160400,4.210160400390625,0.25978371500968933,-0.04367455467581749,-0.005193010903894901
1696958508999174000,4.220173828125,0.24913136661052704,-0.02876129187643528,0.007589785382151604
1696958509009187600,4.2301875,0.24913136661052704,-0.0213046595454216,0.0011983871227130294
1696958509019201300,4.240201171875,0.2523270845413208,-0.01704372838139534,0.004394086077809334
1696958509029214700,4.250214599609375,0.24380521476268768,-0.04900071769952774,-0.006258244160562754
1696958509039228400,4.260228515625,0.23315288126468658,0,-0.006258244160562754
1696958509049241900,4.270241943359375,0.23954427242279053,0.00852186419069767,0.019307348877191544
1696958509059255600,4.280255615234375,0.23528334498405457,-0.02663082629442215,-0.011584409512579441
1696958509069269200,4.290269287109375,0.22356578707695007,0.00852186419069767,-0.005193010903894901
1696958509079282700,4.30028271484375,0.22463101148605347,0.0213046595454216,0.012915950268507004
1696958509089296400,4.31029638671875,0.22782671451568604,0.01171756349503994,0.013981183059513569
1696958509099309800,4.320309814453125,0.21717438101768494,-0.01491326279938221,-0.023301972076296806
1696958509109323500,4.330323486328125,0.210782989859581,0.03834838792681694,0.021437814459204674
1696958509119337200,4.340337158203125,0.21930484473705292,0.0031956990715116262,0.017176883295178413
1696958509129350700,4.3503505859375,0.21291345357894897,-0.02023942768573761,-0.015845341607928276
1696958509139364400,4.3603642578125,0.20226112008094788,0.01171756349503994,0.019307348877191544
1696958509149377800,4.370377685546875,0.20758728682994843,-0.0213046595454216,0.010785484686493874
1696958509159391500,4.3803916015625,0.20652204751968384,0.0021304660476744175,0.024633513763546944
1696958509169405200,4.3904052734375,0.19800019264221191,-0.03089175745844841,-0.0009320789249613881
1696958509179418600,4.400418701171875,0.19160878658294678,0.0159784946590662,0.020372580736875534
1696958509189432300,4.410432373046875,0.2001306563615799,-0.01704372838139534,0.043807707726955414
1696958509199445800,4.42044580078125,0.1894783228635788,-0.02769605815410614,-0.009453942999243736
1696958509209459500,4.43045947265625,0.1788259893655777,0.02663082629442215,0.03954677656292915
1696958509219473200,4.44047314453125,0.18734785914421082,-0.01491326279938221,0.026763979345560074
1696958509229486600,4.450486572265625,0.18095645308494568,0.01384802907705307,0.008655018173158169
1696958509239500300,4.460500244140625,0.17349982261657715,-0.0031956990715116262,0.028894444927573204
1696958509249513700,4.470513671875,0.1671084314584732,0.02343512699007988,0.018242115154862404
1696958509259527400,4.48052734375,0.17243459820747375,0.04580501839518547,0.019307348877191544
1696958509269541000,4.490541015625,0.1681736707687378,-0.01917419396340847,0.028894444927573204
1696958509279554600,4.500554443359375,0.1564560979604721,0.03621792420744896,-0.012649642303586006
1696958509289568300,4.510568359375,0.16284750401973724,0.05113118514418602,0.051264338195323944
1696958509299581700,4.520581787109375,0.16391272842884064,-0.01704372838139534,-0.004127778112888336
1696958509309595400,4.530595458984375,0.15432563424110413,0.02982652559876442,0.011850717477500439
1696958509319609000,4.540609130859375,0.15112993121147156,0.0213046595454216,0.025698747485876083
1696958509329622500,4.55062255859375,0.16284750401973724,0.0159784946590662,0.008655018173158169
1696958509339636200,4.56063623046875,0.1585865616798401,-0.02343512699007988,0.025698747485876083
1696958509349649700,4.570649658203125,0.1468690037727356,0.0021304660476744175,-0.012649642303586006
1696958509359663400,4.580663330078125,0.16071702539920807,0.007456631399691105,0.060851436108350754
1696958509369677000,4.590677001953125,0.1553908735513687,-0.03515268862247467,-0.022236740216612816
1696958509379690500,4.6006904296875,0.145803764462471,0.0053261648863554,0.031024912372231483
1696958509389704200,4.6107041015625,0.15326039493083954,-0.03834838792681694,0.022503048181533813
1696958509399717600,4.620717529296875,0.15432563424110413,0.0010652330238372087,0.009720250964164734
1696958509409731300,4.6307314453125,0.145803764462471,-0.04047885537147522,0.012915950268507004
1696958509419745000,4.6407451171875,0.14047759771347046,-0.0106523297727108,0.016111649572849274
1696958509429758500,4.650758544921875,0.1468690037727356,0,0.03209014609456062
1696958509439772200,4.660772216796875,0.14154283702373505,-0.04367455467581749,-0.010519175790250301
1696958509449785600,4.67078564453125,0.12876003980636597,0.004260932095348835,0.025698747485876083
1696958509459799300,4.68079931640625,0.13408620655536652,0,0.017176883295178413
1696958509469813000,4.69081298828125,0.13302096724510193,-0.0031956990715116262,0.016111649572849274
1696958509479826400,4.700826416015625,0.12130340933799744,-0.004260932095348835,-0.006258244160562754
1696958509489840000,4.710840087890625,0.12449911236763,0.01491326279938221,0.03528584539890289
1696958509499853600,4.720853515625,0.12343387305736542,0.0010652330238372087,0.005459319334477186
1696958509509867300,4.7308671875,0.1149120107293129,0.0106523297727108,-0.007323476951569319
1696958509519881000,4.740880859375,0.11278154700994492,0.02023942768573761,0.033155377954244614
1696958509529894400,4.750894287109375,0.11597724258899689,0.0063913981430232525,-0.0009320789249613881
1696958509539908000,4.760908203125,0.10852061212062836,0.01917419396340847,-0.0009320789249613881
1696958509549921500,4.770921630859375,0.10532491654157639,0.009587096981704235,0.011850717477500439
1696958509559935200,4.780935302734375,0.10958584398031235,0.02663082629442215,0.012915950268507004
1696958509569949000,4.790948974609375,0.10852061212062836,0.0031956990715116262,-0.015845341607928276
1696958509579962400,4.80096240234375,0.09786828607320786,0.03302222490310669,-0.001997311832383275
1696958509589976000,4.81097607421875,0.10639014840126038,0.0159784946590662,0.019307348877191544
1696958509599989500,4.820989501953125,0.1042596846818924,0.02556559257209301,-0.023301972076296806
1696958509610003200,4.831003173828125,0.09893351793289185,0.01917419396340847,0.0011983871227130294
1696958509620017000,4.841016845703125,0.10106398165225983,0.02663082629442215,-0.007323476951569319
1696958509630030300,4.8510302734375,0.10639014840126038,0.02023942768573761,0.0033288532868027687
1696958509640044000,4.8610439453125,0.09786828607320786,0.02343512699007988,-0.030758604407310486
1696958509650057500,4.871057373046875,0.09786828607320786,0.0213046595454216,0.007589785382151604
1696958509660071200,4.8810712890625,0.10532491654157639,0.02023942768573761,-0.008388710208237171
1696958509670084900,4.8910849609375,0.09893351793289185,0.02236989326775074,-0.013714875094592571
1696958509680098300,4.901098388671875,0.0936073511838913,0.0106523297727108,-0.011584409512579441
1696958509690112000,4.911112060546875,0.10639014840126038,0.01704372838139534,0.020372580736875534
1696958509700125400,4.92112548828125,0.09999874979257584,-0.009587096981704235,-0.026497671380639076
1696958509710139100,4.93113916015625,0.08828118443489075,0.03834838792681694,-0.008388710208237171
1696958509720152800,4.94115283203125,0.10106398165225983,-0.004260932095348835,0.034220609813928604
1696958509730166300,4.951166259765625,0.09680305421352386,-0.0031956990715116262,-0.031823836266994476
1696958509740180000,4.961179931640625,0.08615072071552277,0.02023942768573761,0.009720250964164734
1696958509750193400,4.971193359375,0.09467258304357529,-0.007456631399691105,0.008655018173158169
1696958509760207000,4.98120703125,0.0925421193242073,0.02023942768573761,0.007589785382151604
1696958509770220800,4.991220703125,0.08188978582620621,0.0106523297727108,-0.027562905102968216
1696958509780234200,5.001234130859375,0.08615072071552277,0.012782796286046505,0.036351077258586884
1696958509790248000,5.011248046875,0.09041165560483932,0.0159784946590662,-0.009453942999243736
1696958509800261400,5.021261474609375,0.07975932210683823,0.01384802907705307,-0.015845341607928276
1696958509810275000,5.031275146484375,0.08082455396652222,0.009587096981704235,0.018242115154862404
1696958509820288800,5.041288818359375,0.08615072071552277,0.02343512699007988,0.0011983871227130294
1696958509830302200,5.05130224609375,0.07656362652778625,0.012782796286046505,-0.030758604407310486
1696958509840316000,5.06131591796875,0.07656362652778625,0.02023942768573761,0.018242115154862404
1696958509850329300,5.071329345703125,0.08402025699615479,-0.01704372838139534,-0.006258244160562754
1696958509860343000,5.081343017578125,0.07762885838747025,0.01917419396340847,-0.029693370684981346
1696958509870356700,5.091356689453125,0.07549838721752167,-0.01491326279938221,0.008655018173158169
1696958509880370200,5.1013701171875,0.07975932210683823,-0.03834838792681694,-0.031823836266994476
1696958509890384000,5.1113837890625,0.07975932210683823,0.01810896210372448,0.012915950268507004
1696958509900397300,5.121397216796875,0.0712374597787857,-0.03408745676279068,-0.04993279650807381
1696958509910411000,5.131410888671875,0.07762885838747025,-0.0021304660476744175,0.021437814459204674
1696958509920424700,5.1414248046875,0.07443315535783768,-0.009587096981704235,-0.026497671380639076
1696958509930438100,5.151438232421875,0.06697652488946915,0.012782796286046505,-0.024367205798625946
1696958509940451800,5.161451904296875,0.06804175674915314,-0.0021304660476744175,0.004394086077809334
1696958509950465300,5.17146533203125,0.06910699605941772,0.01171756349503994,-0.0030625448562204838
1696958509960479000,5.18147900390625,0.06378082931041718,0.01171756349503994,-0.041410934180021286
1696958509970492700,5.19149267578125,0.060585130006074905,0.012782796286046505,0.017176883295178413
1696958509980506000,5.201506103515625,0.06697652488946915,0.0010652330238372087,-0.017975807189941406
1696958509990519800,5.211519775390625,0.06484606117010117,-0.00852186419069767,-0.005193010903894901
1696958510000533200,5.221533203125,0.052063263952732086,0.009587096981704235,-0.035019535571336746
1696958510010547000,5.231546875,0.061650361865758896,0.0031956990715116262,0.025698747485876083
1696958510020560600,5.241560546875,0.060585130006074905,-0.0031956990715116262,-0.033954303711652756
1696958510030574000,5.251573974609375,0.050998032093048096,0.0021304660476744175,-0.019041040912270546
1696958510040587800,5.261587890625,0.055258963257074356,-0.009587096981704235,0.004394086077809334
1696958510050601500,5.2716015625,0.058454662561416626,0.0021304660476744175,-0.008388710208237171
1696958510060615000,5.281614990234375,0.048867564648389816,-0.0053261648863554,-0.03288906812667847
1696958510070628600,5.291628662109375,0.047802332788705826,-0.0010652330238372087,0.010785484686493874
1696958510080642000,5.30164208984375,0.05632419511675835,-0.01171756349503994,-0.013714875094592571
1696958510090655700,5.31165576171875,0.047802332788705826,-0.0031956990715116262,-0.020106272771954536
1696958510100669400,5.32166943359375,0.041410934180021286,-0.01917419396340847,-0.015845341607928276
1696958510110683000,5.331682861328125,0.05312849581241608,-0.0021304660476744175,0.022503048181533813
1696958510120696600,5.341696533203125,0.04993279650807381,-0.0426093190908432,-0.025432437658309937
1696958510130710000,5.3517099609375,0.03928046673536301,0.0063913981430232525,-0.009453942999243736
1696958510140723700,5.3617236328125,0.048867564648389816,-0.03302222490310669,0.016111649572849274
1696958510150737400,5.3717373046875,0.050998032093048096,-0.02343512699007988,0.0011983871227130294
1696958510160750800,5.381750732421875,0.038215234875679016,-0.00852186419069767,-0.017975807189941406
1696958510170764500,5.3917646484375,0.041410934180021286,-0.02343512699007988,0.009720250964164734
1696958510180778000,5.401778076171875,0.048867564648389816,0.004260932095348835,0.015046416781842709
1696958510190791700,5.411791748046875,0.038215234875679016,-0.01704372838139534,-0.023301972076296806
1696958510200805400,5.421805419921875,0.035019535571336746,0.0213046595454216,-0.001997311832383275
1696958510210818800,5.43181884765625,0.04673709720373154,-0.0021304660476744175,0.037416309118270874
1696958510220832500,5.44183251953125,0.030758604407310486,0.0426093190908432,-0.060585130006074905
1696958510230846000,5.451845947265625,0.035019535571336746,0.01704372838139534,0.03954677656292915
1696958510240859600,5.461859619140625,0.03608476743102074,0.01704372838139534,-0.008388710208237171
1696958510250873300,5.471873291015625,0.035019535571336746,0.03515268862247467,-0.011584409512579441
1696958510260886800,5.48188671875,0.031823836266994476,-0.004260932095348835,0.005459319334477186
1696958510270900500,5.491900390625,0.03608476743102074,-0.0010652330238372087,0.006524552125483751
1696958510280914200,5.5019140625,0.033954303711652756,0.0159784946590662,-0.009453942999243736
1696958510290927600,5.511927734375,0.027562905102968216,-0.02023942768573761,-0.0030625448562204838
1696958510300941300,5.52194140625,0.035019535571336746,-0.01704372838139534,0.011850717477500439
1696958510310955000,5.531955078125,0.029693370684981346,-0.007456631399691105,0.007589785382151604
1696958510320968700,5.54196875,0.019041040912270546,0.0063913981430232525,-0.03608476743102074
1696958510330982400,5.551982421875,0.030758604407310486,-0.02236989326775074,0.060851436108350754
1696958510340995800,5.561995849609375,0.021171506494283676,0,-0.038215234875679016
1696958510351009500,5.572009521484375,0.010519175790250301,0.05965305119752884,-0.0030625448562204838
1696958510361023200,5.582023193359375,0.016910573467612267,-0.0106523297727108,0.03528584539890289
1696958510371037000,5.592036865234375,0.012649642303586006,0.04687025398015976,-0.028628136962652206
1696958510381050600,5.602050537109375,0.004127778112888336,0.04687025398015976,-0.0030625448562204838
1696958510391064000,5.61206396484375,0.014780107885599136,-0.0053261648863554,0.020372580736875534
1696958510401077800,5.622077880859375,0.006258244160562754,0.03621792420744896,-0.019041040912270546
1696958510411091500,5.632091552734375,-0.0001331541279796511,0.06924014538526535,-0.012649642303586006
1696958510421105200,5.642105224609375,0.014780107885599136,-0.03728315606713295,0.03848154470324516
1696958510431118800,5.652118896484375,0.004127778112888336,0.0426093190908432,-0.054193731397390366
1696958510441132300,5.66213232421875,-0.00226362026296556,0.03408745676279068,0.036351077258586884
1696958510451146000,5.67214599609375,0.013714875094592571,-0.04687025398015976,-0.005193010903894901
1696958510461159700,5.68215966796875,0.006258244160562754,0.01917419396340847,-0.008388710208237171
1696958510471173400,5.69217333984375,-0.006524552125483751,0.0063913981430232525,0.0001331541279796511
1696958510481187000,5.70218701171875,0.013714875094592571,-0.03834838792681694,0.028894444927573204
1696958510491200500,5.712200439453125,0.004127778112888336,-0.02343512699007988,-0.014780107885599136
1696958510501214200,5.722214111328125,-0.005459319334477186,0.03941362351179123,-0.001997311832383275
1696958510511228000,5.732227783203125,0.011584409512579441,-0.06710968166589737,0.057655736804008484
1696958510521241600,5.74224169921875,-0.007589785382151604,0.03515268862247467,-0.060585130006074905
1696958510531255300,5.75225537109375,-0.005459319334477186,0.02769605815410614,0.058720968663692474
1696958510541268700,5.762268798828125,0.005193010903894901,-0.03515268862247467,0.009720250964164734
1696958510551282400,5.772282470703125,-0.013981183059513569,0.06604444980621338,-0.023301972076296806
1696958510561296100,5.782296142578125,-0.005459319334477186,0.01171756349503994,0.041677240282297134
1696958510571309600,5.7923095703125,0.004127778112888336,-0.01704372838139534,0.020372580736875534
1696958510581323300,5.8023232421875,-0.019307348877191544,0.05432688444852829,-0.03288906812667847
1696958510591337000,5.8123369140625,-0.00226362026296556,0.004260932095348835,0.05232957378029823
1696958510601350400,5.822350341796875,-0.0001331541279796511,-0.01810896210372448,0.017176883295178413
1696958510611364000,5.832364013671875,-0.013981183059513569,0.04367455467581749,-0.054193731397390366
1696958510621377500,5.84237744140625,0.0009320789249613881,0.0106523297727108,0.1194392517209053
1696958510631391200,5.85239111328125,-0.006524552125483751,-0.01704372838139534,-0.09041165560483932
1696958510641405000,5.862405029296875,-0.010785484686493874,0.0745663121342659,0.060851436108350754
1696958510651418400,5.87241845703125,0.0009320789249613881,-0.05432688444852829,0.036351077258586884
1696958510661432000,5.88243212890625,-0.018242115154862404,0.05006595328450203,-0.050998032093048096
1696958510671445500,5.892445556640625,-0.00226362026296556,0.01171756349503994,0.0778951644897461
1696958510681459200,5.902459228515625,-0.007589785382151604,-0.02556559257209301,-0.009453942999243736
1696958510691473000,5.912472900390625,-0.013981183059513569,0.02982652559876442,-0.008388710208237171
1696958510701486300,5.922486328125,-0.00226362026296556,0.0053261648863554,0.058720968663692474
1696958510711500000,5.9325,-0.015046416781842709,-0.0010652330238372087,-0.012649642303586006
1696958510721513500,5.942513427734375,-0.008655018173158169,0.02982652559876442,-0.004127778112888336
1696958510731527200,5.952527099609375,-0.009720250964164734,0.009587096981704235,0.08641702681779861
1696958510741540900,5.962540771484375,-0.018242115154862404,-0.01704372838139534,-0.08615072071552277
1696958510751554300,5.97255419921875,-0.008655018173158169,0.05539211630821228,0.11091738939285278
1696958510761568000,5.982568115234375,-0.018242115154862404,-0.05432688444852829,-0.041410934180021286
1696958510771581400,5.99258154296875,-0.011850717477500439,0.03408745676279068,0.027829213067889214
1696958510781595100,6.00259521484375,-0.018242115154862404,-0.03408745676279068,0.03954677656292915
1696958510791608800,6.01260888671875,-0.019307348877191544,-0.00852186419069767,-0.028628136962652206
1696958510801622300,6.022622314453125,-0.018242115154862404,0,0.0555252730846405
1696958510811636000,6.032635986328125,-0.020372580736875534,-0.02236989326775074,-0.014780107885599136
1696958510821649400,6.0426494140625,-0.018242115154862404,-0.012782796286046505,0.034220609813928604
1696958510831663000,6.0526630859375,-0.027829213067889214,-0.007456631399691105,-0.006258244160562754
1696958510841676800,6.0626767578125,-0.017176883295178413,-0.0106523297727108,0.023568280041217804
1696958510851690200,6.072690185546875,-0.027829213067889214,-0.007456631399691105,0.004394086077809334
1696958510861704000,6.082703857421875,-0.022503048181533813,0.004260932095348835,0.00226362026296556
1696958510871717400,6.09271728515625,-0.023568280041217804,-0.01917419396340847,0.026763979345560074
1696958510881731000,6.10273095703125,-0.024633513763546944,-0.0106523297727108,-0.017975807189941406
1696958510891744800,6.112744873046875,-0.023568280041217804,-0.0106523297727108,0.03954677656292915
1696958510901758200,6.12275830078125,-0.027829213067889214,-0.00852186419069767,-0.028628136962652206
1696958510911772000,6.13277197265625,-0.019307348877191544,-0.01171756349503994,0.04913387447595596
1696958510921785300,6.142785400390625,-0.029959678649902344,-0.009587096981704235,-0.026497671380639076
1696958510931799000,6.152799072265625,-0.021437814459204674,0.01704372838139534,0.03209014609456062
1696958510941812700,6.162812744140625,-0.028894444927573204,-0.02876129187643528,0.005459319334477186
1696958510951826200,6.172826171875,-0.024633513763546944,0.0063913981430232525,0.0011983871227130294
1696958510961839900,6.18283984375,-0.023568280041217804,-0.01704372838139534,0.029959678649902344
1696958510971853300,6.192853271484375,-0.027829213067889214,-0.02343512699007988,-0.020106272771954536
1696958510981867000,6.202866943359375,-0.023568280041217804,-0.004260932095348835,0.03848154470324516
1696958510991880700,6.212880615234375,-0.029959678649902344,-0.0053261648863554,-0.007323476951569319
1696958511001894100,6.22289404296875,-0.023568280041217804,-0.0031956990715116262,0.026763979345560074
1696958511011907800,6.232907958984375,-0.034220609813928604,-0.007456631399691105,0.009720250964164734
1696958511021921300,6.24292138671875,-0.028894444927573204,0.03941362351179123,0.015046416781842709
1696958511031935000,6.25293505859375,-0.03209014609456062,0.0031956990715116262,0.041677240282297134
1696958511041948700,6.26294873046875,-0.036351077258586884,0.04367455467581749,-0.009453942999243736
1696958511051962000,6.272962158203125,-0.03209014609456062,0.03089175745844841,0.07150376588106155
1696958511061975800,6.282975830078125,-0.040612008422613144,0.02236989326775074,-0.015845341607928276
1696958511071989200,6.2929892578125,-0.031024912372231483,0.05006595328450203,0.06511236727237701
1696958511082003000,6.3030029296875,-0.03954677656292915,0.004260932095348835,0.022503048181533813
1696958511092016600,6.3130166015625,-0.03528584539890289,0.05006595328450203,0.020372580736875534
1696958511102030000,6.323030029296875,-0.03848154470324516,0.0159784946590662,0.07896039634943008
1696958511112043800,6.333043701171875,-0.037416309118270874,-0.0021304660476744175,-0.015845341607928276
1696958511122057200,6.34305712890625,-0.03954677656292915,0.05113118514418602,0.08641702681779861
1696958511132071000,6.35307080078125,-0.036351077258586884,-0.01704372838139534,-0.008388710208237171
1696958511142084600,6.363084716796875,-0.03848154470324516,0.04154408723115921,0.060851436108350754
1696958511152098000,6.37309814453125,-0.041677240282297134,-0.02023942768573761,0.010785484686493874
1696958511162111700,6.38311181640625,-0.036351077258586884,0.04047885537147522,0.033155377954244614
1696958511172125200,6.393125244140625,-0.03848154470324516,-0.01491326279938221,0.027829213067889214
1696958511182139000,6.403138916015625,-0.03848154470324516,0.0021304660476744175,-0.004127778112888336
1696958511192152600,6.413152587890625,-0.040612008422613144,0.01384802907705307,0.048068638890981674
1696958511202166000,6.423166015625,-0.03848154470324516,-0.004260932095348835,-0.041410934180021286
1696958511212179700,6.4331796875,-0.040612008422613144,0.02556559257209301,0.06404713541269302
1696958511222193200,6.443193115234375,-0.040612008422613144,-0.03408745676279068,-0.06910699605941772
1696958511232206800,6.453206787109375,-0.03848154470324516,0.05965305119752884,0.06404713541269302
1696958511242221000,6.463220947265625,-0.040612008422613144,-0.06178351491689682,-0.05312849581241608
1696958511252234800,6.47323486328125,-0.03954677656292915,0.04900071769952774,0.028894444927573204
1696958511262248200,6.483248291015625,-0.04593817517161369,-0.02236989326775074,-0.014780107885599136
1696958511272261600,6.49326171875,-0.03954677656292915,0.04367455467581749,-0.013714875094592571
1696958511282275000,6.503275146484375,-0.04274247586727142,-0.02982652559876442,0.05232957378029823
1696958511292288500,6.51328857421875,-0.04913387447595596,0.01491326279938221,-0.0723026916384697
1696958511302302000,6.523302001953125,-0.043807707726955414,0.06284874677658081,0.0981345921754837
1696958511312315600,6.533315673828125,-0.048068638890981674,-0.0745663121342659,-0.0712374597787857
1696958511322329000,6.5433291015625,-0.047003407031297684,0.09374050796031952,0.07256899774074554
1696958511332342500,6.553342529296875,-0.047003407031297684,-0.07030537724494934,-0.028628136962652206
1696958511342356000,6.56335595703125,-0.04593817517161369,0.03302222490310669,0.022503048181533813
1696958511352369400,6.573369384765625,-0.05232957378029823,-0.0021304660476744175,0.024633513763546944
1696958511362383000,6.583383056640625,-0.044872939586639404,-0.0213046595454216,-0.011584409512579441
1696958511372396500,6.593396484375,-0.05232957378029823,0.012782796286046505,0.044872939586639404
1696958511382410200,6.60341015625,-0.053394805639982224,-0.02769605815410614,-0.022236740216612816
1696958511392423700,6.613423583984375,-0.051264338195323944,0.0063913981430232525,0.047003407031297684
1696958511402437400,6.623437255859375,-0.05659050494432449,-0.04154408723115921,-0.021171506494283676
1696958511412451000,6.633451171875,-0.054460037499666214,0.0010652330238372087,0.031024912372231483
1696958511422464800,6.64346484375,-0.057655736804008484,-0.04580501839518547,0.0033288532868027687
1696958511432478500,6.653478515625,-0.05978620424866676,-0.0063913981430232525,-0.010519175790250301
1696958511442492000,6.663491943359375,-0.061916667968034744,-0.02343512699007988,0.033155377954244614
1696958511452505600,6.673505615234375,-0.060851436108350754,-0.02556559257209301,-0.020106272771954536
1696958511462519300,6.683519287109375,-0.066177599132061,0,0.012915950268507004
1696958511472533000,6.693532958984375,-0.06298190355300903,-0.0159784946590662,-0.0030625448562204838
1696958511482546700,6.703546630859375,-0.067242830991745,0.0021304660476744175,0.010785484686493874
1696958511492560400,6.713560302734375,-0.07150376588106155,-0.01491326279938221,-0.037150003015995026
1696958511502574000,6.723573974609375,-0.066177599132061,0.0319569893181324,0.048068638890981674
1696958511512588000,6.733588134765625,-0.07469946891069412,-0.04793548583984375,-0.044606633484363556
1696958511522601700,6.743601806640625,-0.06830807030200958,0.0319569893181324,0.019307348877191544
1696958511532615400,6.753615478515625,-0.07363422960042953,-0.05006595328450203,0.006524552125483751
1696958511542629000,6.763629150390625,-0.07150376588106155,0.03408745676279068,-0.03928046673536301
1696958511552642600,6.773642578125,-0.07363422960042953,-0.02663082629442215,0.051264338195323944
1696958511562656300,6.78365625,-0.07363422960042953,-0.01491326279938221,-0.0723026916384697
1696958511572670000,6.793669921875,-0.0768299326300621,0.02556559257209301,0.067242830991745
1696958511582683400,6.803683349609375,-0.07469946891069412,-0.05432688444852829,-0.0723026916384697
1696958511592697000,6.813697021484375,-0.0768299326300621,0.01704372838139534,0.04274247586727142
1696958511602710500,6.82371044921875,-0.0778951644897461,-0.02663082629442215,-0.058454662561416626
1696958511612724200,6.83372412109375,-0.07363422960042953,0.0031956990715116262,0.022503048181533813
1696958511622738000,6.843738037109375,-0.08002562820911407,-0.03941362351179123,-0.05312849581241608
1696958511632751400,6.85375146484375,-0.07256899774074554,0.009587096981704235,0.0001331541279796511
1696958511642765000,6.86376513671875,-0.0778951644897461,-0.02450035884976387,-0.022236740216612816
1696958511652778500,6.873778564453125,-0.0778951644897461,0.01171756349503994,-0.04993279650807381
1696958511662792200,6.883792236328125,-0.08109086751937866,0.009587096981704235,0.021437814459204674
1696958511672806000,6.893805908203125,-0.08215609937906265,-0.0031956990715116262,-0.08934641629457474
1696958511682819300,6.9038193359375,-0.08109086751937866,0.06284874677658081,0.036351077258586884
1696958511692833000,6.9138330078125,-0.08535179495811462,-0.03089175745844841,-0.09786828607320786
1696958511702846500,6.923846435546875,-0.08322133123874664,0.07989247888326645,0.015046416781842709
1696958511712860200,6.933860107421875,-0.08535179495811462,-0.03515268862247467,-0.04993279650807381
1696958511722873900,6.943873779296875,-0.08428656309843063,0.05858781561255455,-0.058454662561416626
1696958511732887300,6.95388720703125,-0.08641702681779861,0.0021304660476744175,0.021437814459204674
1696958511742901000,6.96390087890625,-0.08641702681779861,-0.01704372838139534,-0.11278154700994492
1696958511752914400,6.97391455078125,-0.08641702681779861,0.05858781561255455,0.037416309118270874
1696958511762928000,6.98392822265625,-0.08641702681779861,-0.08734910935163498,-0.0925421193242073
1696958511772941800,6.99394189453125,-0.0874822586774826,0.0639139786362648,-0.004127778112888336
1696958511782955300,7.003955322265625,-0.09067796170711517,-0.05219641700387001,-0.030758604407310486
1696958511792969000,7.013968994140625,-0.09280842542648315,0.012782796286046505,-0.06697652488946915
1696958511802982400,7.023982421875,-0.0874822586774826,-0.01491326279938221,0.033155377954244614
1696958511812996000,7.03399609375,-0.09493889659643173,-0.05752258375287056,-0.10212921351194382
1696958511823009800,7.044009765625,-0.09493889659643173,0.03941362351179123,0.047003407031297684
1696958511833023200,7.054023193359375,-0.09706936031579971,-0.08841434121131897,-0.08188978582620621
1696958511843037000,7.064036865234375,-0.10026505589485168,0.0426093190908432,0.016111649572849274
1696958511853050400,7.07405029296875,-0.09493889659643173,-0.09374050796031952,-0.014780107885599136
1696958511863064000,7.08406396484375,-0.10559122264385223,0.0106523297727108,-0.050998032093048096
1696958511873077800,7.094077880859375,-0.10133028775453568,-0.0213046595454216,0.03954677656292915
1696958511883091200,7.10409130859375,-0.10772168636322021,-0.0213046595454216,-0.07869409024715424
1696958511893105000,7.11410498046875,-0.10559122264385223,0.00852186419069767,0.044872939586639404
1696958511903118300,7.124118408203125,-0.10985215753316879,-0.03834838792681694,-0.0712374597787857
1696958511913132000,7.134132080078125,-0.11411308497190475,0.04580501839518547,0.026763979345560074
1696958511923145700,7.144145751953125,-0.1087869256734848,-0.05113118514418602,-0.041410934180021286
1696958511933159200,7.1541591796875,-0.1194392517209053,0.04580501839518547,-0.0030625448562204838
1696958511943172900,7.1641728515625,-0.10985215753316879,-0.0319569893181324,-0.017975807189941406
1696958511953186300,7.174186279296875,-0.1205044835805893,0,-0.026497671380639076
1696958511963200000,7.184199951171875,-0.11624355614185333,0.009587096981704235,-0.012649642303586006
1696958511973213700,7.194213623046875,-0.1205044835805893,-0.01171756349503994,-0.021171506494283676
1696958511983227100,7.20422705078125,-0.1194392517209053,0,-0.015845341607928276
1696958511993240800,7.21424072265625,-0.12156971544027328,-0.0031956990715116262,-0.020106272771954536
1696958512003254300,7.224254150390625,-0.12583065032958984,0.00852186419069767,-0.024367205798625946
1696958512013268000,7.23426806640625,-0.12156971544027328,0.009587096981704235,-0.011584409512579441
1696958512023281700,7.24428173828125,-0.1300915777683258,-0.02769605815410614,-0.024367205798625946
1696958512033295000,7.254295166015625,-0.12476541846990585,0.00852186419069767,-0.031823836266994476
1696958512043308800,7.264308837890625,-0.1311568170785904,-0.02236989326775074,-0.0030625448562204838
1696958512053322200,7.274322265625,-0.1311568170785904,-0.01810896210372448,-0.050998032093048096
1696958512063336000,7.2843359375,-0.13222205638885498,0.0031956990715116262,0.010785484686493874
1696958512073349600,7.294349609375,-0.13328728079795837,-0.0213046595454216,-0.06697652488946915
1696958512083363000,7.304363037109375,-0.13328728079795837,0.0159784946590662,0.016111649572849274
1696958512093376800,7.314376708984375,-0.1418091505765915,-0.02982652559876442,-0.052063263952732086
1696958512103390200,7.32439013671875,-0.13754820823669434,0.04047885537147522,-0.013714875094592571
1696958512113404000,7.33440380859375,-0.14287437498569489,-0.0213046595454216,-0.022236740216612816
1696958512123417600,7.34441748046875,-0.1418091505765915,0.02023942768573761,-0.037150003015995026
1696958512133431000,7.35443115234375,-0.14713531732559204,-0.0021304660476744175,-0.0030625448562204838
1696958512143444700,7.36444482421875,-0.14393961429595947,-0.0031956990715116262,-0.06484606117010117
1696958512153458200,7.374458251953125,-0.14607007801532745,0.01917419396340847,0.019307348877191544
1696958512163472000,7.384471923828125,-0.14713531732559204,-0.03728315606713295,-0.06271559745073318
1696958512173485600,7.394485595703125,-0.14607007801532745,0.0213046595454216,0.005459319334477186
1696958512183499000,7.4044990234375,-0.15033100545406342,-0.01810896210372448,-0.026497671380639076
1696958512193512700,7.4145126953125,-0.14287437498569489,-0.02876129187643528,-0.026497671380639076
1696958512203526100,7.424526123046875,-0.15459194779396057,-0.0063913981430232525,0.005459319334477186
1696958512213539800,7.434539794921875,-0.14820054173469543,-0.02023942768573761,-0.04673709720373154
1696958512223553500,7.444553466796875,-0.15033100545406342,-0.004260932095348835,0.03528584539890289
1696958512233567000,7.45456689453125,-0.15352670848369598,-0.05113118514418602,-0.04673709720373154
1696958512243580700,7.46458056640625,-0.1524614691734314,0.03089175745844841,0.033155377954244614
1696958512253594000,7.474593994140625,-0.15352670848369598,-0.06071828305721283,-0.03288906812667847
1696958512263607800,7.48460791015625,-0.1524614691734314,-0.0010652330238372087,0.009720250964164734
1696958512273621500,7.49462158203125,-0.15565717220306396,-0.012782796286046505,0.013981183059513569
1696958512283635000,7.504635009765625,-0.15033100545406342,-0.03408745676279068,-0.03928046673536301
1696958512293648600,7.514648681640625,-0.1524614691734314,-0.007456631399691105,0.051264338195323944
1696958512303662000,7.524662109375,-0.15565717220306396,-0.04047885537147522,-0.047802332788705826
1696958512313675800,7.53467578125,-0.14607007801532745,0.007456631399691105,0.04913387447595596
1696958512323689500,7.544689453125,-0.15778763592243195,-0.06604444980621338,-0.03928046673536301
1696958512333703000,7.554702880859375,-0.15033100545406342,0.02982652559876442,0.021437814459204674
1696958512343716600,7.564716552734375,-0.15565717220306396,-0.05006595328450203,0.021437814459204674
1696958512353730000,7.57472998046875,-0.15991811454296112,0.02236989326775074,-0.045671865344047546
1696958512363743700,7.58474365234375,-0.15352670848369598,-0.0213046595454216,0.0768299326300621
1696958512373757400,7.59475732421875,-0.16417904198169708,-0.0159784946590662,-0.08188978582620621
1696958512383771000,7.60477099609375,-0.15459194779396057,0.04154408723115921,0.08641702681779861
1696958512393784600,7.61478466796875,-0.1620485782623291,-0.07350108027458191,-0.059519894421100616
1696958512403798000,7.624798095703125,-0.16417904198169708,0.08415340632200241,0.036351077258586884
1696958512413811700,7.634811767578125,-0.15991811454296112,-0.05432688444852829,0.015046416781842709
1696958512423825400,7.644825439453125,-0.17483137547969818,0.02343512699007988,-0.060585130006074905
1696958512433838800,7.6548388671875,-0.16417904198169708,0.02769605815410614,0.07469946891069412
1696958512443852500,7.6648525390625,-0.1737661361694336,-0.03834838792681694,-0.0723026916384697
1696958512453866000,7.674865966796875,-0.16737474501132965,0.0319569893181324,0.036351077258586884
1696958512463879700,7.684879638671875,-0.17057043313980103,-0.03089175745844841,-0.020106272771954536
1696958512473893400,7.694893310546875,-0.17483137547969818,0.0021304660476744175,-0.030758604407310486
1696958512483906800,7.70490673828125,-0.16630950570106506,-0.02236989326775074,0.009720250964164734
1696958512493920500,7.71492041015625,-0.18015754222869873,-0.0319569893181324,-0.048867564648389816
1696958512503934000,7.724933837890625,-0.17483137547969818,0.02450035884976387,-0.011584409512579441
1696958512513947600,7.73494775390625,-0.16950520873069763,-0.05539211630821228,-0.010519175790250301
1696958512523961300,7.74496142578125,-0.1833532303571701,0.0031956990715116262,-0.06271559745073318
1696958512533974800,7.754974853515625,-0.17483137547969818,-0.00852186419069767,0.008655018173158169
1696958512543988500,7.764988525390625,-0.17696183919906616,-0.03089175745844841,-0.031823836266994476
1696958512554002000,7.775001953125,-0.18761417269706726,0.01491326279938221,-0.04673709720373154
1696958512564015600,7.785015625,-0.17589659988880157,-0.0053261648863554,0.011850717477500439
1696958512574029300,7.795029296875,-0.18548369407653809,0.01171756349503994,-0.025432437658309937
1696958512584042800,7.805042724609375,-0.19187510013580322,0.03089175745844841,-0.048867564648389816
1696958512594056400,7.815056396484375,-0.17483137547969818,-0.0031956990715116262,0.057655736804008484
1696958512604070000,7.82506982421875,-0.19187510013580322,-0.01171756349503994,-0.06804175674915314
1696958512614083600,7.83508349609375,-0.18867939710617065,0.06817491352558136,0.017176883295178413
1696958512624097300,7.84509716796875,-0.1737661361694336,-0.0745663121342659,0.05232957378029823
1696958512634110700,7.85511083984375,-0.19720126688480377,0.02769605815410614,-0.09786828607320786
1696958512644124400,7.86512451171875,-0.1844184696674347,0.00852186419069767,0.09600412845611572
1696958512654137900,7.875137939453125,-0.18122276663780212,-0.08308817446231842,-0.041410934180021286
1696958512664151600,7.885151611328125,-0.19720126688480377,0.05858781561255455,0.008655018173158169
1696958512674165200,7.895165283203125,-0.18548369407653809,-0.05645735189318657,0.031024912372231483
1696958512684178700,7.9051787109375,-0.18654893338680267,-0.0063913981430232525,0.0011983871227130294
1696958512694192400,7.9151923828125,-0.20146219432353973,0.012782796286046505,-0.008388710208237171
1696958512704205800,7.925205810546875,-0.19187510013580322,-0.0021304660476744175,0.024633513763546944
1696958512714219500,7.935219482421875,-0.18761417269706726,-0.01810896210372448,0.028894444927573204
1696958512724233200,7.945233154296875,-0.20785360038280487,0.02023942768573761,-0.04993279650807381
1696958512734246700,7.95524658203125,-0.1940055638551712,0.01704372838139534,0.0778951644897461
1696958512744260400,7.96526025390625,-0.1940055638551712,-0.04367455467581749,-0.031823836266994476
1696958512754273800,7.975273681640625,-0.20785360038280487,0.05432688444852829,-0.021171506494283676
1696958512764287500,7.98528759765625,-0.19933173060417175,0,0.050199106335639954
1696958512774301200,7.99530126953125,-0.19826649129390717,-0.0319569893181324,-0.04673709720373154
1696958512784314600,8.005314697265625,-0.20891882479190826,0.05006595328450203,-0.023301972076296806
1696958512794328300,8.015328369140626,-0.20252743363380432,-0.02343512699007988,0.03209014609456062
1696958512804341800,8.025341796875,-0.2057231217622757,0.0031956990715116262,-0.059519894421100616
1696958512814355500,8.03535546875,-0.21104928851127625,0.02450035884976387,-0.008388710208237171
1696958512824369200,8.045369140625,-0.20998406410217285,-0.004260932095348835,-0.021171506494283676
1696958512834382600,8.055382568359375,-0.20359265804290771,0.02343512699007988,-0.015845341607928276
1696958512844396300,8.065396240234374,-0.2153102308511734,-0.01384802907705307,-0.03928046673536301
1696958512854409700,8.07540966796875,-0.21317975223064423,0.03089175745844841,-0.012649642303586006
1696958512864423400,8.08542333984375,-0.20146219432353973,-0.03728315606713295,0.00226362026296556
1696958512874437000,8.09543701171875,-0.2142449915409088,0.0021304660476744175,-0.07656362652778625
1696958512884450600,8.105450439453126,-0.2163754552602768,0.02663082629442215,0.026763979345560074
1696958512894464300,8.11546435546875,-0.2046578973531723,-0.04473978653550148,-0.06271559745073318
1696958512904477700,8.125477783203126,-0.20891882479190826,0.04473978653550148,0.018242115154862404
1696958512914491400,8.135491455078125,-0.22063638269901276,-0.02982652559876442,-0.08082455396652222
1696958512924505000,8.145505126953125,-0.20252743363380432,0.02023942768573761,0.04274247586727142
1696958512934518500,8.1555185546875,-0.20785360038280487,-0.0426093190908432,-0.06804175674915314
1696958512944532200,8.1655322265625,-0.2259625494480133,0.07563154399394989,-0.023301972076296806
1696958512954545700,8.175545654296876,-0.19933173060417175,-0.05645735189318657,0.023568280041217804
1696958512964559400,8.185559326171875,-0.20891882479190826,0.007456631399691105,-0.07656362652778625
1696958512974573000,8.195572998046876,-0.21744069457054138,0.03941362351179123,0.017176883295178413
1696958512984586500,8.20558642578125,-0.20359265804290771,-0.05219641700387001,-0.026497671380639076
1696958512994600200,8.21560009765625,-0.20252743363380432,0.0213046595454216,-0.011584409512579441
1696958513004613600,8.225613525390624,-0.2163754552602768,0.02769605815410614,-0.042476166039705276
1696958513014627300,8.23562744140625,-0.2046578973531723,-0.02236989326775074,0.018242115154862404
1696958513024641000,8.24564111328125,-0.20039696991443634,-0.0031956990715116262,-0.024367205798625946
1696958513034654500,8.255654541015625,-0.21317975223064423,0.0159784946590662,-0.022236740216612816
1696958513044668200,8.265668212890626,-0.20359265804290771,-0.03302222490310669,0.006524552125483751
1696958513054681600,8.275681640625,-0.20039696991443634,-0.0213046595454216,-0.001997311832383275
1696958513064695300,8.2856953125,-0.20998406410217285,-0.02236989326775074,-0.022236740216612816
1696958513074709000,8.295708984375,-0.20678836107254028,-0.04580501839518547,0.012915950268507004
1696958513084722400,8.305722412109375,-0.1940055638551712,-0.04900071769952774,0.029959678649902344
1696958513094736100,8.315736083984374,-0.21104928851127625,-0.04473978653550148,-0.042476166039705276
1696958513104749600,8.32574951171875,-0.2163754552602768,0.0021304660476744175,0.04274247586727142
1696958513114763300,8.33576318359375,-0.20039696991443634,-0.0532616525888443,0.027829213067889214
1696958513124777000,8.34577685546875,-0.2142449915409088,0.0053261648863554,-0.03928046673536301
1696958513134790400,8.355790283203126,-0.22809302806854248,0.05539211630821228,0.04593817517161369
1696958513144804000,8.36580419921875,-0.21211452782154083,-0.04900071769952774,-0.005193010903894901
1696958513154817500,8.375817626953125,-0.2153102308511734,0.06604444980621338,0.017176883295178413
1696958513164831200,8.385831298828125,-0.22809302806854248,-0.01384802907705307,-0.014780107885599136
1696958513174845000,8.395844970703125,-0.21744069457054138,0.01810896210372448,0.021437814459204674
1696958513184858400,8.4058583984375,-0.2142449915409088,-0.009587096981704235,0.010785484686493874
1696958513194872000,8.4158720703125,-0.23235395550727844,0.03302222490310669,-0.042476166039705276
1696958513204885500,8.425885498046876,-0.22063638269901276,0.00852186419069767,0.04274247586727142
1696958513214899200,8.435899169921875,-0.22276686131954193,0.0031956990715116262,-0.022236740216612816
1696958513224913000,8.445912841796876,-0.23128871619701385,0.03515268862247467,-0.013714875094592571
1696958513234926300,8.45592626953125,-0.22383208572864532,-0.0053261648863554,0.022503048181533813
1696958513244940000,8.46593994140625,-0.22063638269901276,-0.0031956990715116262,-0.024367205798625946
1696958513254953500,8.475953369140624,-0.23128871619701385,0.01491326279938221,0.005459319334477186
1696958513264967200,8.48596728515625,-0.22809302806854248,0.0031956990715116262,-0.011584409512579441
1696958513274980900,8.49598095703125,-0.2153102308511734,-0.02556559257209301,0.034220609813928604
1696958513284994300,8.505994384765625,-0.23128871619701385,-0.02876129187643528,-0.048867564648389816
1696958513295008000,8.516008056640626,-0.22809302806854248,-0.0063913981430232525,0.040612008422613144
1696958513305021400,8.526021484375,-0.21317975223064423,-0.06710968166589737,0.010785484686493874
1696958513315035100,8.53603515625,-0.23235395550727844,-0.01917419396340847,-0.037150003015995026
1696958513325048800,8.546048828125,-0.23022349178791046,-0.01171756349503994,0.05232957378029823
1696958513335062300,8.556062255859375,-0.21850591897964478,-0.08841434121131897,0.013981183059513569
1696958513345076000,8.566075927734374,-0.23448441922664642,0.03834838792681694,-0.017975807189941406
1696958513355089400,8.57608935546875,-0.23448441922664642,-0.05006595328450203,0.05232957378029823
1696958513365103000,8.58610302734375,-0.22276686131954193,-0.03408745676279068,0.016111649572849274
1696958513375116800,8.59611669921875,-0.23022349178791046,0.0063913981430232525,0.009720250964164734
1696958513385130200,8.606130126953126,-0.24087581038475037,-0.02236989326775074,0.024633513763546944
1696958513395144000,8.61614404296875,-0.2259625494480133,-0.012782796286046505,0.058720968663692474
1696958513405157400,8.626157470703125,-0.23128871619701385,-0.0106523297727108,0.011850717477500439
1696958513415171000,8.636171142578124,-0.24407151341438293,0.02769605815410614,0.028894444927573204
1696958513425184800,8.646184814453125,-0.22809302806854248,-0.02663082629442215,0.07363422960042953
1696958513435198200,8.6561982421875,-0.23341917991638184,0.01491326279938221,0.010785484686493874
1696958513445212000,8.6662119140625,-0.24513675272464752,0.01384802907705307,0.04274247586727142
1696958513455225300,8.676225341796876,-0.23235395550727844,-0.04367455467581749,0.07150376588106155
1696958513465239000,8.686239013671875,-0.23128871619701385,-0.0053261648863554,0.031024912372231483
1696958513475252700,8.696252685546876,-0.23981058597564697,-0.02023942768573761,0.031024912372231483
1696958513485266200,8.70626611328125,-0.237680122256279,-0.03089175745844841,0.06937330216169357
1696958513495279900,8.71627978515625,-0.2366148829460144,-0.01384802907705307,0.048068638890981674
1696958513505293300,8.726293212890624,-0.24407151341438293,-0.02769605815410614,0.005459319334477186
1696958513515307000,8.73630712890625,-0.24407151341438293,-0.02236989326775074,0.08854749798774719
1696958513525320700,8.74632080078125,-0.23448441922664642,-0.05432688444852829,0.028894444927573204
1696958513535334100,8.756334228515625,-0.25259336829185486,0.007456631399691105,0.025698747485876083
1696958513545347800,8.766347900390626,-0.25259336829185486,-0.03728315606713295,0.047003407031297684
1696958513555361300,8.776361328125,-0.24513675272464752,-0.01491326279938221,0.04913387447595596
1696958513565375000,8.786375,-0.2568543255329132,-0.02343512699007988,-0.0009320789249613881
1696958513575388700,8.796388671875,-0.2579195499420166,0.00852186419069767,0.048068638890981674
1696958513585402000,8.806402099609375,-0.2568543255329132,-0.02876129187643528,0.03954677656292915
1696958513595415800,8.816415771484374,-0.26111525297164917,0.02556559257209301,-0.008388710208237171
1696958513605429200,8.82642919921875,-0.26218047738075256,-0.00852186419069767,0.057655736804008484
1696958513615443000,8.83644287109375,-0.25472384691238403,-0.04580501839518547,0.006524552125483751
1696958513625456600,8.84645654296875,-0.26324570178985596,0.04154408723115921,0.025698747485876083
1696958513635470000,8.856469970703126,-0.2685718834400177,-0.0010652330238372087,0.0033288532868027687
1696958513645483800,8.86648388671875,-0.25365862250328064,-0.012782796286046505,0.040612008422613144
1696958513655497200,8.876497314453125,-0.2568543255329132,-0.0159784946590662,-0.011584409512579441
1696958513665511000,8.886510986328124,-0.2675066292285919,0.03728315606713295,0.010785484686493874
1696958513675524600,8.896524658203125,-0.2557890713214874,0.0031956990715116262,0.008655018173158169
1696958513685538000,8.9065380859375,-0.25152814388275146,0.02236989326775074,0.00226362026296556
1696958513695551700,8.9165517578125,-0.2600499987602234,-0.0063913981430232525,-0.013714875094592571
1696958513705565200,8.926565185546876,-0.25152814388275146,0.02876129187643528,0.006524552125483751
1696958513715579000,8.936578857421875,-0.24620197713375092,0.0010652330238372087,0.015046416781842709
1696958513725592600,8.946592529296876,-0.2557890713214874,0.009587096981704235,-0.043541401624679565
1696958513735606000,8.95660595703125,-0.2483324557542801,0.02769605815410614,0.03848154470324516
1696958513745619700,8.96661962890625,-0.24513675272464752,0.0063913981430232525,-0.027562905102968216
1696958513755633200,8.976633056640624,-0.25259336829185486,0.05539211630821228,-0.001997311832383275
1696958513765646800,8.986646728515625,-0.25046291947364807,-0.004260932095348835,0.007589785382151604
1696958513775660500,8.99666064453125,-0.24300628900527954,0.05858781561255455,0.0001331541279796511
1696958513785674000,9.006674072265625,-0.25046291947364807,0.03728315606713295,-0.015845341607928276
1696958513795687700,9.016687744140626,-0.25046291947364807,0.03834838792681694,0.007589785382151604
1696958513805701000,9.026701171875,-0.23981058597564697,0.03941362351179123,0.006524552125483751
1696958513815714800,9.03671484375,-0.25152814388275146,0.05965305119752884,-0.03608476743102074
1696958513825728500,9.046728515625,-0.24620197713375092,0.04900071769952774,0.031024912372231483
1696958513835742000,9.056741943359375,-0.2366148829460144,-0.004260932095348835,-0.012649642303586006
1696958513845755600,9.066755615234374,-0.24300628900527954,0.07563154399394989,-0.014780107885599136
1696958513855769000,9.07676904296875,-0.2472672164440155,0.004260932095348835,-0.0030625448562204838
1696958513865782800,9.08678271484375,-0.2270277887582779,0.02236989326775074,-0.0009320789249613881
1696958513875796500,9.09679638671875,-0.2259625494480133,-0.03408745676279068,-0.011584409512579441
1696958513885810000,9.106809814453126,-0.23874534666538239,0.04580501839518547,-0.033954303711652756
1696958513895823600,9.11682373046875,-0.2248973250389099,-0.0063913981430232525,0.03209014609456062
1696958513905837000,9.126837158203125,-0.2248973250389099,0.009587096981704235,-0.040345702320337296
1696958513915850800,9.136850830078124,-0.22915825247764587,0.03728315606713295,-0.005193010903894901
1696958513925864400,9.146864501953125,-0.21957115828990936,-0.007456631399691105,-0.004127778112888336
1696958513935878000,9.1568779296875,-0.21850591897964478,0.0532616525888443,-0.009453942999243736
1696958513945891600,9.1668916015625,-0.22383208572864532,0.01491326279938221,-0.041410934180021286
1696958513955905000,9.176905029296876,-0.2057231217622757,0.0213046595454216,0.03528584539890289
1696958513965918700,9.186918701171875,-0.2046578973531723,-0.00852186419069767,-0.037150003015995026
1696958513975932400,9.196932373046875,-0.21211452782154083,0.05965305119752884,-0.03928046673536301
1696958513985945900,9.20694580078125,-0.1940055638551712,-0.01171756349503994,0.026763979345560074
1696958513995959600,9.21695947265625,-0.18867939710617065,0.0063913981430232525,-0.04673709720373154
1696958514005973000,9.226972900390624,-0.19613602757453918,0.06071828305721283,-0.025432437658309937
1696958514015986700,9.236986572265625,-0.1833532303571701,-0.012782796286046505,-0.013714875094592571
1696958514026000400,9.24700048828125,-0.18015754222869873,0.03834838792681694,-0.041410934180021286
1696958514036013800,9.257013916015625,-0.18015754222869873,0.04473978653550148,-0.038215234875679016
1696958514046027500,9.267027587890626,-0.172700896859169,-0.01491326279938221,-0.03288906812667847
1696958514056041000,9.277041015625,-0.1716356724500656,0.07030537724494934,-0.042476166039705276
1696958514066054700,9.2870546875,-0.17057043313980103,0.0319569893181324,-0.059519894421100616
1696958514076068400,9.297068359375,-0.1631138026714325,0.0031956990715116262,-0.035019535571336746
1696958514086081800,9.307081787109375,-0.15672241151332855,0.03408745676279068,-0.035019535571336746
1696958514096095500,9.317095458984374,-0.15885287523269653,-0.0031956990715116262,-0.07762885838747025
1696958514106109000,9.32710888671875,-0.15778763592243195,0.03302222490310669,-0.014780107885599136
1696958514116122600,9.33712255859375,-0.14926578104496002,-0.01917419396340847,-0.057389430701732635
1696958514126136300,9.34713623046875,-0.1524614691734314,0.03834838792681694,-0.03928046673536301
1696958514136149800,9.357149658203125,-0.15991811454296112,0.00852186419069767,-0.040345702320337296
1696958514146163500,9.36716357421875,-0.14713531732559204,0.01491326279938221,-0.022236740216612816
1696958514156177000,9.377177001953125,-0.14500483870506287,-0.01491326279938221,-0.042476166039705276
1696958514166190600,9.387190673828124,-0.16098333895206451,0.02450035884976387,-0.041410934180021286
1696958514176204300,9.397204345703125,-0.14713531732559204,0.02236989326775074,-0.005193010903894901
1696958514186217700,9.4072177734375,-0.14820054173469543,-0.02982652559876442,-0.03288906812667847
1696958514196231400,9.4172314453125,-0.16524426639080048,0.05965305119752884,-0.06910699605941772
1696958514206244900,9.427244873046876,-0.14500483870506287,-0.03089175745844841,0.066177599132061
1696958514216258600,9.437258544921875,-0.15778763592243195,0.01917419396340847,-0.10852061212062836
1696958514226272300,9.447272216796875,-0.16417904198169708,0.06497921794652939,0.043807707726955414
1696958514236285700,9.45728564453125,-0.15459194779396057,-0.05858781561255455,-0.045671865344047546
1696958514246299400,9.46729931640625,-0.15672241151332855,0.04473978653550148,0.018242115154862404
1696958514256312800,9.477312744140624,-0.16950520873069763,0.04367455467581749,-0.03288906812667847
1696958514266326500,9.487326416015625,-0.16098333895206451,-0.03834838792681694,0.009720250964164734
1696958514276340200,9.49734033203125,-0.15459194779396057,0.0852186381816864,0.013981183059513569
1696958514286353700,9.507353759765625,-0.16737474501132965,0,-0.024367205798625946
1696958514296367400,9.517367431640626,-0.16950520873069763,0.0639139786362648,0.0011983871227130294
1696958514306380800,9.527380859375,-0.15885287523269653,0.04580501839518547,0.05659050494432449
1696958514316394500,9.53739453125,-0.16950520873069763,0.04793548583984375,-0.0829550251364708
1696958514326408200,9.547408203125,-0.16737474501132965,0.07776200771331787,0.09600412845611572
1696958514336421600,9.557421630859375,-0.16098333895206451,-0.02556559257209301,-0.040345702320337296
1696958514346435300,9.567435302734374,-0.16630950570106506,0.07989247888326645,0.018242115154862404
1696958514356448800,9.57744873046875,-0.1620485782623291,-0.0426093190908432,0.03848154470324516
1696958514366462500,9.58746240234375,-0.15778763592243195,-0.009587096981704235,-0.011584409512579441
1696958514376476200,9.59747607421875,-0.15991811454296112,-0.004260932095348835,0.047003407031297684
1696958514386489600,9.607489501953125,-0.16950520873069763,-0.0426093190908432,-0.015845341607928276
1696958514396503300,9.61750341796875,-0.1524614691734314,-0.01171756349503994,0.067242830991745
1696958514406517000,9.62751708984375,-0.15991811454296112,-0.04900071769952774,0.006524552125483751
1696958514416530400,9.637530517578124,-0.1716356724500656,0.02876129187643528,0.005459319334477186
1696958514426544000,9.647544189453125,-0.15885287523269653,-0.0532616525888443,0.06937330216169357
1696958514436557600,9.6575576171875,-0.15778763592243195,0.01171756349503994,-0.016910573467612267
1696958514446571300,9.6675712890625,-0.1716356724500656,0.0213046595454216,0.05659050494432449
1696958514456585000,9.6775849609375,-0.16737474501132965,-0.0106523297727108,-0.017975807189941406
1696958514466598400,9.687598388671875,-0.15778763592243195,0.04367455467581749,0.067242830991745
1696958514476612000,9.697612060546875,-0.17589659988880157,-0.02343512699007988,-0.037150003015995026
1696958514486625500,9.70762548828125,-0.16524426639080048,0.07030537724494934,0.061916667968034744
1696958514496639200,9.71763916015625,-0.15672241151332855,-0.02769605815410614,0.004394086077809334
1696958514506653000,9.72765283203125,-0.1716356724500656,0.02982652559876442,-0.013714875094592571
1696958514516666400,9.737666259765625,-0.16737474501132965,0.05539211630821228,0.07256899774074554
1696958514526680000,9.74768017578125,-0.15885287523269653,-0.0426093190908432,-0.05312849581241608
1696958514536693500,9.757693603515625,-0.15672241151332855,0.02876129187643528,0.06830807030200958
1696958514546707200,9.767707275390626,-0.16524426639080048,-0.03941362351179123,-0.016910573467612267
1696958514556721000,9.777720947265625,-0.15672241151332855,0.03621792420744896,0.019307348877191544
1696958514566734300,9.787734375,-0.151396244764328,-0.06071828305721283,0.024633513763546944
1696958514576748000,9.797748046875,-0.16630950570106506,0.007456631399691105,-0.014780107885599136
1696958514586761500,9.807761474609375,-0.14607007801532745,-0.02236989326775074,0.06511236727237701
1696958514596775200,9.817775146484376,-0.15778763592243195,-0.04154408723115921,-0.035019535571336746
1696958514606788900,9.827788818359375,-0.16417904198169708,0.02876129187643528,0.06404713541269302
1696958514616802600,9.837802490234376,-0.14926578104496002,-0.07669677585363388,0.017176883295178413
1696958514626816300,9.847816162109375,-0.1524614691734314,0.00852186419069767,0.016111649572849274
1696958514636829700,9.85782958984375,-0.172700896859169,0.02876129187643528,0.033155377954244614
1696958514646843400,9.867843505859375,-0.1620485782623291,-0.02236989326775074,0.033155377954244614
1696958514656857000,9.877857177734375,-0.1524614691734314,-0.00852186419069767,0.05978620424866676
1696958514666870800,9.887870849609374,-0.1716356724500656,0.03408745676279068,-0.013714875094592571
1696958514676884500,9.897884521484375,-0.16417904198169708,0.01171756349503994,0.08961272984743118
1696958514686898000,9.90789794921875,-0.16098333895206451,-0.02236989326775074,0.009720250964164734
1696958514696911600,9.91791162109375,-0.1716356724500656,0.06497921794652939,0.031024912372231483
1696958514706925300,9.92792529296875,-0.16737474501132965,-0.05006595328450203,0.03954677656292915
1696958514716939000,9.93793896484375,-0.16417904198169708,0.01384802907705307,0.05659050494432449
1696958514726952700,9.94795263671875,-0.18015754222869873,0.0010652330238372087,0.015046416781842709
1696958514736966100,9.957966064453124,-0.16737474501132965,-0.00852186419069767,0.051264338195323944
1696958514746979800,9.967979736328125,-0.14926578104496002,-0.11078423261642456,0.08109086751937866
1696958514756993500,9.97799365234375,-0.19080986082553864,0.03728315606713295,-0.016910573467612267
1696958514767007200,9.98800732421875,-0.18122276663780212,-0.0532616525888443,0.08215609937906265
1696958514777021000,9.99802099609375,-0.15352670848369598,-0.12143656611442566,0.0768299326300621
1696958514787034400,10.008034423828125,-0.17696183919906616,-0.01384802907705307,-0.007323476951569319
1696958514797048000,10.018048095703126,-0.18974463641643524,-0.02556559257209301,0.08428656309843063
1696958514807061800,10.028061767578125,-0.1716356724500656,-0.06178351491689682,0.0555252730846405
1696958514817075500,10.038075439453126,-0.17483137547969818,-0.05965305119752884,0.022503048181533813
1696958514827089200,10.048089111328125,-0.18122276663780212,-0.08415340632200241,0.034220609813928604
1696958514837102600,10.0581025390625,-0.16843996942043304,-0.10013190656900406,0.06404713541269302
1696958514847116300,10.0681162109375,-0.17802706360816956,-0.07350108027458191,-0.008388710208237171
1696958514857130000,10.0781298828125,-0.17802706360816956,-0.09800143539905548,0.025698747485876083
1696958514867143700,10.088143798828124,-0.1716356724500656,-0.09800143539905548,0.06298190355300903
1696958514877157000,10.0981572265625,-0.17589659988880157,-0.04473978653550148,-0.031823836266994476
1696958514887170800,10.1081708984375,-0.18654893338680267,-0.02556559257209301,0.040612008422613144
1696958514897184300,10.118184326171875,-0.18015754222869873,-0.03834838792681694,0.033155377954244614
1696958514907198000,10.128197998046875,-0.18654893338680267,0.03089175745844841,0.015046416781842709
1696958514917211600,10.138211669921875,-0.1844184696674347,0.0031956990715116262,0.007589785382151604
1696958514927225000,10.14822509765625,-0.172700896859169,-0.06817491352558136,0.037416309118270874
1696958514937238800,10.15823876953125,-0.16737474501132965,-0.04900071769952774,-0.004127778112888336
1696958514947252200,10.168252197265625,-0.16524426639080048,-0.07137060910463333,0.005459319334477186
1696958514957266000,10.178265869140626,-0.16737474501132965,-0.09267527610063553,-0.010519175790250301
1696958514967279600,10.188279541015625,-0.16417904198169708,-0.02556559257209301,0.04913387447595596
1696958514977293000,10.19829296875,-0.16524426639080048,-0.09054480493068695,-0.047802332788705826
1696958514987306800,10.208306640625,-0.16417904198169708,-0.03941362351179123,0.021437814459204674
1696958514997320200,10.2183203125,-0.151396244764328,-0.09480573982000351,0.022503048181533813
1696958515007334000,10.228333984375,-0.1737661361694336,-0.00852186419069767,-0.037150003015995026
1696958515017347600,10.23834765625,-0.17057043313980103,-0.02236989326775074,0.004394086077809334
1696958515027361000,10.248361083984374,-0.15885287523269653,-0.06178351491689682,0.033155377954244614
1696958515037374700,10.258374755859375,-0.16950520873069763,-0.03302222490310669,-0.040345702320337296
1696958515047388200,10.26838818359375,-0.17589659988880157,0.01384802907705307,0.009720250964164734
1696958515057401900,10.27840185546875,-0.16950520873069763,-0.04793548583984375,0.008655018173158169
1696958515067415600,10.28841552734375,-0.17483137547969818,0.004260932095348835,0.00226362026296556
1696958515077429000,10.298428955078125,-0.1833532303571701,-0.03302222490310669,-0.004127778112888336
1696958515087442700,10.308442626953125,-0.16950520873069763,-0.01491326279938221,0.028894444927573204
1696958515097456000,10.3184560546875,-0.172700896859169,-0.05219641700387001,0.024633513763546944
1696958515107469800,10.3284697265625,-0.19294032454490662,0.04687025398015976,-0.012649642303586006
1696958515117483500,10.3384833984375,-0.17696183919906616,-0.02663082629442215,0.08961272984743118
1696958515127497000,10.3484970703125,-0.1737661361694336,-0.03941362351179123,0.0011983871227130294
1696958515137510700,10.3585107421875,-0.18654893338680267,0.01917419396340847,0.04274247586727142
1696958515147524000,10.368524169921875,-0.18122276663780212,-0.05645735189318657,0.050199106335639954
1696958515157537800,10.378537841796875,-0.16843996942043304,-0.03728315606713295,0.058720968663692474
1696958515167551500,10.388551513671874,-0.17696183919906616,-0.0852186381816864,0.0033288532868027687
1696958515177565000,10.39856494140625,-0.17696183919906616,-0.04367455467581749,0.058720968663692474
1696958515187578600,10.40857861328125,-0.17057043313980103,-0.07669677585363388,0.06298190355300903
1696958515197592000,10.418592041015625,-0.18548369407653809,-0.05645735189318657,-0.050998032093048096
1696958515207605800,10.428605712890626,-0.18015754222869873,-0.04154408723115921,0.10239552706480026
1696958515217619500,10.438619384765625,-0.17696183919906616,-0.10332760214805603,-0.041410934180021286
1696958515227633000,10.4486328125,-0.1822880059480667,-0.03941362351179123,0.023568280041217804
1696958515237646600,10.458646484375,-0.18654893338680267,-0.0852186381816864,-0.005193010903894901
1696958515247660000,10.468659912109375,-0.1822880059480667,-0.03302222490310669,0.0033288532868027687
1696958515257673700,10.478673828125,-0.18761417269706726,-0.012782796286046505,-0.001997311832383275
1696958515267687400,10.4886875,-0.19187510013580322,-0.0159784946590662,-0.023301972076296806
1696958515277700900,10.498700927734374,-0.18548369407653809,0.01171756349503994,0.034220609813928604
1696958515287714600,10.508714599609375,-0.18548369407653809,-0.0159784946590662,-0.050998032093048096
1696958515297728000,10.51872802734375,-0.18867939710617065,0.03515268862247467,0.012915950268507004
1696958515307741700,10.52874169921875,-0.18015754222869873,-0.05006595328450203,-0.007323476951569319
1696958515317755400,10.53875537109375,-0.17696183919906616,-0.01491326279938221,-0.010519175790250301
1696958515327768800,10.548768798828124,-0.18548369407653809,-0.02982652559876442,-0.044606633484363556
1696958515337782500,10.558782470703125,-0.17589659988880157,-0.0426093190908432,0.020372580736875534
1696958515347796000,10.5687958984375,-0.16950520873069763,-0.11824086308479309,-0.035019535571336746
1696958515357809700,10.5788095703125,-0.18867939710617065,-0.03728315606713295,-0.057389430701732635
1696958515367823400,10.5888232421875,-0.17483137547969818,-0.12463226169347763,0.026763979345560074
1696958515377836800,10.5988369140625,-0.1716356724500656,-0.11611039936542511,-0.04673709720373154
1696958515387850500,10.6088505859375,-0.18654893338680267,-0.08841434121131897,-0.048867564648389816
1696958515397864000,10.618864013671875,-0.18761417269706726,-0.12037133425474167,-0.0009320789249613881
1696958515407877600,10.628877685546875,-0.18548369407653809,-0.09800143539905548,-0.028628136962652206
1696958515417891300,10.638891357421874,-0.20039696991443634,-0.05965305119752884,-0.037150003015995026
1696958515427904800,10.64890478515625,-0.19826649129390717,-0.10439283400774002,-0.021171506494283676
1696958515437918500,10.65891845703125,-0.19826649129390717,-0.05113118514418602,-0.014780107885599136
1696958515447932000,10.668931884765625,-0.21317975223064423,-0.02876129187643528,-0.040345702320337296
1696958515457945600,10.678945556640626,-0.2142449915409088,-0.04580501839518547,-0.024367205798625946
1696958515467959300,10.688959228515625,-0.2057231217622757,-0.0319569893181324,0.012915950268507004
1696958515477972700,10.69897265625,-0.2248973250389099,-0.0159784946590662,-0.06484606117010117
1696958515487986400,10.708986328125,-0.2163754552602768,-0.0031956990715116262,0.020372580736875534
1696958515498000000,10.718999755859375,-0.21317975223064423,-0.05645735189318657,-0.016910573467612267
1696958515508013600,10.729013671875,-0.2270277887582779,0.01917419396340847,-0.04673709720373154
1696958515518027300,10.73902734375,-0.21317975223064423,-0.08202294260263443,0.034220609813928604
1696958515528040700,10.749040771484376,-0.2046578973531723,-0.08202294260263443,-0.026497671380639076
1696958515538054400,10.759054443359375,-0.22383208572864532,-0.01810896210372448,-0.03288906812667847
1696958515548067800,10.76906787109375,-0.21104928851127625,-0.11078423261642456,0.03528584539890289
1696958515558081500,10.77908154296875,-0.20359265804290771,-0.07669677585363388,-0.027562905102968216
1696958515568095200,10.78909521484375,-0.22063638269901276,-0.05219641700387001,-0.025432437658309937
1696958515578108700,10.799108642578124,-0.2142449915409088,-0.0639139786362648,0.021437814459204674
1696958515588122400,10.809122314453125,-0.20678836107254028,-0.08095771074295044,0.0001331541279796511
1696958515598135800,10.8191357421875,-0.22063638269901276,-0.012782796286046505,-0.045671865344047546
1696958515608149500,10.8291494140625,-0.20891882479190826,-0.08628387749195099,0.07363422960042953
1696958515618163200,10.8391630859375,-0.20998406410217285,-0.07669677585363388,-0.050998032093048096
1696958515628176600,10.8491767578125,-0.21957115828990936,-0.02769605815410614,0.011850717477500439
1696958515638190300,10.8591904296875,-0.21211452782154083,-0.0639139786362648,0.020372580736875534
1696958515648203800,10.869203857421875,-0.2057231217622757,-0.06497921794652939,-0.008388710208237171
1696958515658217500,10.879217529296875,-0.22276686131954193,0.0053261648863554,-0.016910573467612267
1696958515668231200,10.889231201171874,-0.2057231217622757,-0.06924014538526535,0.03209014609456062
1696958515678244600,10.89924462890625,-0.20891882479190826,-0.04687025398015976,-0.025432437658309937
1696958515688258300,10.90925830078125,-0.2163754552602768,-0.0010652330238372087,-0.022236740216612816
1696958515698271700,10.919271728515625,-0.19933173060417175,-0.09267527610063553,0.044872939586639404
1696958515708285400,10.929285400390626,-0.2153102308511734,-0.02450035884976387,-0.06910699605941772
1696958515718299100,10.939299072265625,-0.21104928851127625,0.0031956990715116262,0.020372580736875534
1696958515728312600,10.9493125,-0.19187510013580322,-0.1374150663614273,0.015046416781842709
1696958515738326300,10.959326171875,-0.20998406410217285,-0.02663082629442215,-0.07443315535783768
1696958515748339700,10.969339599609375,-0.2057231217622757,-0.05858781561255455,0.036351077258586884
1696958515758353400,10.979353515625,-0.19080986082553864,-0.15339355170726776,-0.020106272771954536
1696958515768367000,10.9893671875,-0.20891882479190826,-0.03408745676279068,-0.043541401624679565
1696958515778380500,10.999380615234376,-0.19613602757453918,-0.1065233051776886,0.028894444927573204
1696958515788394200,11.009394287109375,-0.19826649129390717,-0.1278279572725296,-0.014780107885599136
1696958515798407700,11.01940771484375,-0.21211452782154083,-0.01917419396340847,-0.03608476743102074
1696958515808421400,11.02942138671875,-0.19826649129390717,-0.1065233051776886,0.031024912372231483
1696958515818435000,11.03943505859375,-0.20785360038280487,-0.06817491352558136,-0.013714875094592571
1696958515828448500,11.049448486328124,-0.22063638269901276,0.012782796286046505,-0.031823836266994476
1696958515838462200,11.059462158203125,-0.20252743363380432,-0.07669677585363388,0.04913387447595596
1696958515848475600,11.0694755859375,-0.2163754552602768,-0.0106523297727108,-0.057389430701732635
1696958515858489300,11.0794892578125,-0.21850591897964478,0.04154408723115921,0.011850717477500439
1696958515868503000,11.0895029296875,-0.21211452782154083,-0.04687025398015976,0.021437814459204674
1696958515878516500,11.0995166015625,-0.22063638269901276,0.0031956990715116262,-0.06271559745073318
1696958515888530200,11.1095302734375,-0.20785360038280487,-0.0031956990715116262,0.050199106335639954
1696958515898543600,11.119543701171875,-0.2142449915409088,-0.06604444980621338,-0.031823836266994476
1696958515908557300,11.129557373046875,-0.20998406410217285,-0.02769605815410614,-0.017975807189941406
1696958515918571000,11.139571044921874,-0.19720126688480377,-0.07243584841489792,0.043807707726955414
1696958515928584400,11.14958447265625,-0.20891882479190826,-0.09906667470932007,-0.055258963257074356
1696958515938598100,11.15959814453125,-0.19826649129390717,-0.03621792420744896,0.047003407031297684
1696958515948611600,11.169611572265625,-0.1950708031654358,-0.13634982705116272,0.0001331541279796511
1696958515958625300,11.179625244140626,-0.21211452782154083,-0.01384802907705307,-0.03928046673536301
1696958515968639000,11.189638916015625,-0.1950708031654358,-0.06817491352558136,0.06511236727237701
1696958515978652400,11.19965234375,-0.2057231217622757,-0.05432688444852829,-0.029693370684981346
1696958515988666000,11.209666015625,-0.19933173060417175,-0.01810896210372448,-0.0009320789249613881
1696958515998679600,11.219679443359375,-0.19294032454490662,-0.04473978653550148,0.058720968663692474
1696958516008693200,11.229693359375,-0.20359265804290771,-0.01917419396340847,-0.052063263952732086
1696958516018707000,11.23970703125,-0.18867939710617065,-0.0021304660476744175,0.03954677656292915
1696958516028720400,11.249720458984376,-0.18548369407653809,-0.05006595328450203,0.021437814459204674
1696958516038734000,11.259734130859375,-0.19187510013580322,0.01810896210372448,-0.052063263952732086
1696958516048747500,11.26974755859375,-0.16843996942043304,-0.02023942768573761,0.08535179495811462
1696958516058761200,11.27976123046875,-0.1822880059480667,-0.04900071769952774,-0.06697652488946915
1696958516068775000,11.28977490234375,-0.1716356724500656,0.02556559257209301,0.03528584539890289
1696958516078788400,11.299788330078124,-0.15672241151332855,-0.07882724702358246,0.020372580736875534
1696958516088802000,11.309802001953125,-0.16524426639080048,-0.01384802907705307,-0.060585130006074905
1696958516098815500,11.3198154296875,-0.14926578104496002,-0.012782796286046505,0.05978620424866676
1696958516108829200,11.3298291015625,-0.14926578104496002,-0.03728315606713295,-0.022236740216612816
1696958516118843000,11.3398427734375,-0.15033100545406342,0.01491326279938221,-0.038215234875679016
1696958516128856300,11.349856201171875,-0.1311568170785904,-0.02663082629442215,0.06298190355300903
1696958516138870000,11.3598701171875,-0.1396786868572235,-0.0159784946590662,-0.06804175674915314
1696958516148883500,11.369883544921874,-0.1300915777683258,0.004260932095348835,0.016111649572849274
1696958516158897200,11.379897216796875,-0.11837401986122131,-0.04047885537147522,0.011850717477500439
1696958516168910800,11.389910888671874,-0.13222205638885498,0.03089175745844841,-0.060585130006074905
1696958516178924300,11.39992431640625,-0.11624355614185333,0.012782796286046505,0.024633513763546944
1696958516188938000,11.40993798828125,-0.10559122264385223,-0.04047885537147522,-0.006258244160562754
1696958516198951400,11.419951416015625,-0.12263495475053787,0.06284874677658081,-0.06271559745073318
1696958516208965000,11.429965087890626,-0.10559122264385223,-0.004260932095348835,0.048068638890981674
1696958516218978800,11.439978759765625,-0.0981345921754837,-0.02343512699007988,-0.04993279650807381
1696958516228992300,11.4499921875,-0.10772168636322021,0.07882724702358246,-0.031823836266994476
1696958516239006000,11.460005859375,-0.09174319356679916,-0.02023942768573761,0.029959678649902344
1696958516249019600,11.47001953125,-0.09280842542648315,0.02023942768573761,-0.05312849581241608
1696958516259033000,11.480033203125,-0.0981345921754837,0.05539211630821228,-0.020106272771954536
1696958516269046800,11.490046875,-0.07896039634943008,0.01704372838139534,0.026763979345560074
1696958516279060200,11.500060302734376,-0.08109086751937866,-0.01810896210372448,-0.061650361865758896
1696958516289074000,11.510073974609375,-0.08854749798774719,0.08628387749195099,-0.023301972076296806
1696958516299087600,11.520087646484376,-0.06830807030200958,-0.02343512699007988,0.036351077258586884
1696958516309101000,11.53010107421875,-0.07043853402137756,0.0106523297727108,-0.07656362652778625
1696958516319114800,11.54011474609375,-0.07469946891069412,0.02556559257209301,0.022503048181533813
1696958516329128200,11.550128173828124,-0.058720968663692474,-0.04473978653550148,-0.016910573467612267
1696958516339142000,11.560141845703125,-0.058720968663692474,0.02450035884976387,-0.016910573467612267
1696958516349155600,11.570155517578126,-0.066177599132061,-0.0106523297727108,-0.025432437658309937
1696958516359169000,11.5801689453125,-0.04593817517161369,-0.02450035884976387,0.017176883295178413
1696958516369182700,11.5901826171875,-0.050199106335639954,-0.0159784946590662,-0.029693370684981346
1696958516379196200,11.600196044921875,-0.05659050494432449,0.02450035884976387,-0.025432437658309937
1696958516389209900,11.6102099609375,-0.040612008422613144,-0.04367455467581749,0.044872939586639404
1696958516399223600,11.6202236328125,-0.044872939586639404,-0.004260932095348835,-0.07656362652778625
1696958516409237000,11.630237060546875,-0.04593817517161369,0,0.033155377954244614
1696958516419250700,11.640250732421874,-0.036351077258586884,-0.03089175745844841,-0.019041040912270546
1696958516429264100,11.65026416015625,-0.033155377954244614,-0.012782796286046505,0.007589785382151604
1696958516439277800,11.66027783203125,-0.041677240282297134,-0.01704372838139534,-0.025432437658309937
1696958516449291500,11.67029150390625,-0.028894444927573204,-0.02663082629442215,0.029959678649902344
1696958516459305000,11.680304931640626,-0.029959678649902344,0.004260932095348835,0.0011983871227130294
1696958516469318700,11.690318603515625,-0.03954677656292915,-0.02023942768573761,-0.013714875094592571
1696958516479332000,11.70033203125,-0.026763979345560074,-0.0213046595454216,0.04913387447595596
1696958516489345800,11.710345703125,-0.024633513763546944,-0.02236989326775074,-0.0030625448562204838
1696958516499359500,11.720359375,-0.034220609813928604,-0.02343512699007988,0.0001331541279796511
1696958516509373000,11.730373046875,-0.025698747485876083,-0.05219641700387001,0.034220609813928604
1696958516519386600,11.74038671875,-0.017176883295178413,-0.02450035884976387,0.020372580736875534
1696958516529400000,11.750400146484376,-0.033155377954244614,-0.03302222490310669,-0.020106272771954536
1696958516539413800,11.760413818359375,-0.029959678649902344,0.0010652330238372087,0.037416309118270874
1696958516549427500,11.770427490234376,-0.020372580736875534,-0.03408745676279068,0.010785484686493874
1696958516559441000,11.78044091796875,-0.03209014609456062,0.01491326279938221,-0.001997311832383275
1696958516569454600,11.79045458984375,-0.036351077258586884,-0.007456631399691105,0.004394086077809334
1696958516579468000,11.800468017578124,-0.023568280041217804,0.01384802907705307,0.04274247586727142
1696958516589481700,11.810481689453125,-0.034220609813928604,-0.004260932095348835,-0.038215234875679016
1696958516599495400,11.820495361328126,-0.03954677656292915,0.02236989326775074,0.027829213067889214
1696958516609508900,11.8305087890625,-0.028894444927573204,-0.0159784946590662,-0.005193010903894901
1696958516619522600,11.8405224609375,-0.037416309118270874,0.02556559257209301,-0.006258244160562754
1696958516629536000,11.850535888671875,-0.03954677656292915,-0.04154408723115921,-0.008388710208237171
1696958516639549700,11.8605498046875,-0.031024912372231483,-0.02876129187643528,0.008655018173158169
1696958516649563400,11.8705634765625,-0.033155377954244614,-0.02450035884976387,-0.025432437658309937
1696958516659576800,11.880576904296875,-0.043807707726955414,-0.05645735189318657,-0.017975807189941406
1696958516669590500,11.890590576171874,-0.033155377954244614,-0.04793548583984375,0.007589785382151604
1696958516679604000,11.90060400390625,-0.03848154470324516,-0.02450035884976387,-0.030758604407310486
1696958516689617700,11.91061767578125,-0.04593817517161369,-0.03621792420744896,-0.026497671380639076
1696958516699631400,11.92063134765625,-0.041677240282297134,-0.0319569893181324,0.012915950268507004
1696958516709644800,11.930644775390626,-0.044872939586639404,0.0053261648863554,-0.03928046673536301
1696958516719658500,11.940658447265625,-0.05232957378029823,-0.0063913981430232525,-0.009453942999243736
1696958516729672000,11.950671875,-0.051264338195323944,-0.0010652330238372087,-0.011584409512579441
1696958516739685600,11.960685546875,-0.050199106335639954,0.0010652330238372087,0.0001331541279796511
1696958516749699300,11.97069921875,-0.05978620424866676,0.01917419396340847,-0.03928046673536301
1696958516759712800,11.980712646484376,-0.05659050494432449,-0.0106523297727108,0.026763979345560074
1696958516769726500,11.9907265625,-0.050199106335639954,-0.0213046595454216,-0.016910573467612267
1696958516779740000,12.000739990234376,-0.061916667968034744,0.0063913981430232525,-0.021171506494283676
1696958516789753600,12.010753662109375,-0.05978620424866676,-0.01704372838139534,0.011850717477500439
1696958516799767300,12.020767333984375,-0.050199106335639954,-0.05645735189318657,0.015046416781842709
1696958516809780700,12.03078076171875,-0.06511236727237701,-0.0021304660476744175,-0.043541401624679565
1696958516819794400,12.04079443359375,-0.06298190355300903,-0.04367455467581749,0.03848154470324516
1696958516829807900,12.050807861328124,-0.057655736804008484,-0.04047885537147522,-0.010519175790250301
1696958516839821600,12.060821533203125,-0.06830807030200958,-0.009587096981704235,0.005459319334477186
1696958516849835300,12.070835205078126,-0.07363422960042953,-0.02769605815410614,-0.007323476951569319
1696958516859848700,12.0808486328125,-0.06404713541269302,-0.05113118514418602,0.03848154470324516
1696958516869862400,12.0908623046875,-0.07576470077037811,-0.004260932095348835,-0.03288906812667847
1696958516879875800,12.100875732421875,-0.08002562820911407,-0.03089175745844841,0.03528584539890289
1696958516889889500,12.1108896484375,-0.07150376588106155,-0.05965305119752884,-0.015845341607928276
1696958516899903200,12.1209033203125,-0.08215609937906265,-0.0021304660476744175,0.016111649572849274
1696958516909916700,12.130916748046875,-0.08961272984743118,-0.03515268862247467,-0.035019535571336746
1696958516919930400,12.140930419921874,-0.08002562820911407,-0.03302222490310669,0.03848154470324516
1696958516929943800,12.15094384765625,-0.08641702681779861,-0.02769605815410614,-0.028628136962652206
1696958516939957500,12.16095751953125,-0.09387365728616714,-0.009587096981704235,-0.019041040912270546
1696958516949971200,12.17097119140625,-0.08215609937906265,-0.05006595328450203,0.026763979345560074
1696958516959984600,12.180984619140625,-0.0874822586774826,-0.03302222490310669,-0.042476166039705276
1696958516969998300,12.190998291015624,-0.09493889659643173,-0.02663082629442215,0.0011983871227130294
1696958516980011800,12.20101171875,-0.08961272984743118,-0.05752258375287056,-0.021171506494283676
1696958516990025500,12.211025390625,-0.07896039634943008,-0.0639139786362648,0.013981183059513569
1696958517000039200,12.2210390625,-0.10133028775453568,-0.04367455467581749,-0.06697652488946915
1696958517010052600,12.231052490234376,-0.0874822586774826,-0.05965305119752884,0.03848154470324516
1696958517020066300,12.24106640625,-0.08641702681779861,-0.07989247888326645,-0.03928046673536301
1696958517030079700,12.251079833984376,-0.10346075892448425,-0.01810896210372448,-0.037150003015995026
1696958517040093400,12.261093505859375,-0.09174319356679916,-0.07030537724494934,0.015046416781842709
1696958517050107100,12.271107177734375,-0.09174319356679916,-0.04687025398015976,-0.015845341607928276
1696958517060120600,12.28112060546875,-0.10452599078416824,-0.0053261648863554,-0.050998032093048096
1696958517070134300,12.29113427734375,-0.09600412845611572,-0.05113118514418602,0.034220609813928604
1696958517080147700,12.301147705078124,-0.09493889659643173,-0.01810896210372448,-0.042476166039705276
1696958517090161400,12.311161376953125,-0.10985215753316879,0.01810896210372448,-0.023301972076296806
1696958517100175000,12.321175048828126,-0.09706936031579971,-0.02023942768573761,0.0033288532868027687
1696958517110188500,12.3311884765625,-0.09493889659643173,-0.01704372838139534,-0.021171506494283676
1696958517120202200,12.3412021484375,-0.11091738939285278,0.04154408723115921,-0.040345702320337296
1696958517130215700,12.351215576171874,-0.0981345921754837,-0.0213046595454216,0.008655018173158169
1696958517140229400,12.3612294921875,-0.09600412845611572,-0.01917419396340847,-0.037150003015995026
1696958517150243000,12.3712431640625,-0.1087869256734848,0.03515268862247467,-0.04673709720373154
1696958517160256500,12.381256591796875,-0.09280842542648315,-0.06497921794652939,0.011850717477500439
1696958517170270200,12.391270263671874,-0.0981345921754837,-0.0159784946590662,-0.05312849581241608
1696958517180283600,12.40128369140625,-0.10133028775453568,-0.00852186419069767,-0.026497671380639076
1696958517190297300,12.41129736328125,-0.08961272984743118,-0.09374050796031952,0.004394086077809334
1696958517200311000,12.42131103515625,-0.10346075892448425,-0.0106523297727108,-0.06378082931041718
1696958517210324500,12.431324462890625,-0.0981345921754837,-0.02876129187643528,-0.0030625448562204838
1696958517220338200,12.441338134765624,-0.09280842542648315,-0.07669677585363388,0.006524552125483751
1696958517230351600,12.4513515625,-0.10772168636322021,-0.02982652559876442,-0.0723026916384697
1696958517240365300,12.461365234375,-0.09067796170711517,-0.0532616525888443,0.04593817517161369
1696958517250379000,12.47137890625,-0.0981345921754837,-0.08095771074295044,-0.030758604407310486
1696958517260392400,12.481392333984376,-0.10559122264385223,-0.02556559257209301,-0.031823836266994476
1696958517270406100,12.49140625,-0.09493889659643173,-0.05539211630821228,0.057655736804008484
1696958517280419600,12.501419677734376,-0.10559122264385223,-0.07882724702358246,-0.06378082931041718
1696958517290433300,12.511433349609375,-0.0981345921754837,-0.0106523297727108,0.041677240282297134
1696958517300447000,12.521447021484375,-0.10559122264385223,-0.07563154399394989,0.011850717477500439
1696958517310460400,12.53146044921875,-0.1087869256734848,-0.0031956990715116262,-0.04673709720373154
1696958517320474000,12.54147412109375,-0.10026505589485168,-0.04367455467581749,0.07256899774074554
1696958517330487600,12.551487548828124,-0.1087869256734848,-0.04367455467581749,-0.048867564648389816
1696958517340501200,12.561501220703125,-0.10133028775453568,-0.004260932095348835,0.040612008422613144
1696958517350515000,12.571514892578126,-0.10665645450353622,-0.05006595328450203,-0.008388710208237171
1696958517360528400,12.5815283203125,-0.09600412845611572,-0.05432688444852829,-0.0009320789249613881
1696958517370542000,12.5915419921875,-0.10133028775453568,-0.03408745676279068,0.015046416781842709
1696958517380555500,12.601555419921874,-0.09387365728616714,-0.0745663121342659,-0.006258244160562754
1696958517390569200,12.6115693359375,-0.09706936031579971,-0.04047885537147522,-0.001997311832383275
1696958517400583000,12.6215830078125,-0.09387365728616714,-0.07882724702358246,0.006524552125483751
1696958517410596400,12.631596435546875,-0.09387365728616714,-0.04580501839518547,-0.001997311832383275
1696958517420610000,12.641610107421876,-0.0981345921754837,-0.06071828305721283,-0.006258244160562754
1696958517430623500,12.65162353515625,-0.09280842542648315,-0.05858781561255455,-0.0030625448562204838
1696958517440637200,12.66163720703125,-0.10026505589485168,-0.04580501839518547,0.0011983871227130294
1696958517450651000,12.67165087890625,-0.09493889659643173,-0.07137060910463333,-0.029693370684981346
1696958517460664300,12.681664306640625,-0.09706936031579971,-0.02663082629442215,0.031024912372231483
1696958517470678000,12.691677978515624,-0.09706936031579971,-0.09054480493068695,-0.042476166039705276
1696958517480691500,12.70169140625,-0.10239552706480026,0.02769605815410614,-0.001997311832383275
1696958517490705200,12.711705078125,-0.09174319356679916,-0.08947957307100296,0.012915950268507004
1696958517500718800,12.72171875,-0.10772168636322021,0.007456631399691105,-0.07017222791910172
1696958517510732300,12.731732177734376,-0.09387365728616714,-0.03834838792681694,0.06298190355300903
1696958517520746000,12.74174609375,-0.10559122264385223,-0.06071828305721283,-0.10639014840126038
1696958517530759400,12.751759521484376,-0.10133028775453568,0.03408745676279068,0.053394805639982224
1696958517540773000,12.761773193359375,-0.10559122264385223,-0.09906667470932007,-0.08082455396652222
1696958517550786800,12.771786865234375,-0.10346075892448425,0.0053261648863554,0.007589785382151604
1696958517560800300,12.78180029296875,-0.0981345921754837,-0.10332760214805603,-0.030758604407310486
1696958517570814000,12.79181396484375,-0.11198262125253677,-0.02343512699007988,-0.047802332788705826
1696958517580827400,12.801827392578126,-0.10026505589485168,-0.07030537724494934,0.011850717477500439
1696958517590841000,12.811841064453125,-0.11198262125253677,-0.06924014538526535,-0.058454662561416626
1696958517600854800,12.821854736328126,-0.10133028775453568,-0.04580501839518547,-0.0030625448562204838
1696958517610868200,12.8318681640625,-0.11198262125253677,-0.07563154399394989,-0.033954303711652756
1696958517620882000,12.8418818359375,-0.10665645450353622,-0.06817491352558136,-0.030758604407310486
1696958517630895400,12.851895263671874,-0.11198262125253677,-0.03728315606713295,0.0033288532868027687
1696958517640909000,12.861908935546875,-0.1087869256734848,-0.06710968166589737,-0.050998032093048096
1696958517650922800,12.8719228515625,-0.11411308497190475,-0.02663082629442215,0.010785484686493874
1696958517660936200,12.881936279296875,-0.11411308497190475,-0.06071828305721283,-0.047802332788705826
1696958517670950000,12.891949951171876,-0.11411308497190475,-0.00852186419069767,0.0011983871227130294
1696958517680963300,12.90196337890625,-0.11198262125253677,-0.07137060910463333,-0.024367205798625946
1696958517690977000,12.91197705078125,-0.11517832428216934,-0.02343512699007988,-0.03608476743102074
1696958517700990700,12.92199072265625,-0.11624355614185333,-0.0213046595454216,0.013981183059513569
1696958517711004200,12.932004150390625,-0.11304785311222076,-0.03941362351179123,-0.05632419511675835
1696958517721017900,12.942017822265624,-0.11411308497190475,-0.02982652559876442,0.026763979345560074
1696958517731031300,12.95203125,-0.10985215753316879,-0.0639139786362648,-0.07017222791910172
1696958517741045000,12.962044921875,-0.11411308497190475,-0.0106523297727108,0.020372580736875534
1696958517751058700,12.97205859375,-0.10772168636322021,-0.07243584841489792,-0.06271559745073318
1696958517761072000,12.982072021484376,-0.11304785311222076,-0.02556559257209301,-0.0030625448562204838
1696958517771085800,12.9920859375,-0.10665645450353622,-0.05752258375287056,-0.05312849581241608
1696958517781099300,13.002099365234375,-0.11411308497190475,-0.01171756349503994,-0.019041040912270546
1696958517791113000,13.012113037109375,-0.10452599078416824,-0.05858781561255455,-0.042476166039705276
1696958517801126700,13.022126708984375,-0.11198262125253677,-0.04687025398015976,-0.037150003015995026
1696958517811140000,13.03214013671875,-0.1087869256734848,-0.0106523297727108,-0.040345702320337296
1696958517821153800,13.04215380859375,-0.1087869256734848,-0.06284874677658081,-0.033954303711652756
1696958517831167200,13.052167236328126,-0.1087869256734848,-0.02556559257209301,-0.07017222791910172
1696958517841181000,13.062180908203125,-0.1087869256734848,-0.0319569893181324,0.0001331541279796511
1696958517851194600,13.072194580078126,-0.10346075892448425,-0.06924014538526535,-0.06697652488946915
1696958517861208000,13.0822080078125,-0.10452599078416824,-0.02450035884976387,-0.013714875094592571
1696958517871221800,13.0922216796875,-0.10559122264385223,-0.06924014538526535,-0.043541401624679565
1696958517881235200,13.102235107421874,-0.10665645450353622,-0.0159784946590662,-0.024367205798625946
1696958517891249000,13.112248779296875,-0.10346075892448425,-0.08095771074295044,-0.025432437658309937
1696958517901262600,13.1222626953125,-0.10665645450353622,-0.012782796286046505,-0.030758604407310486
1696958517911276000,13.132276123046875,-0.10346075892448425,-0.06497921794652939,-0.001997311832383275
1696958517921289700,13.142289794921876,-0.1087869256734848,-0.05432688444852829,-0.059519894421100616
1696958517931303200,13.15230322265625,-0.10772168636322021,-0.01491326279938221,0.024633513763546944
1696958517941316900,13.16231689453125,-0.10346075892448425,-0.09800143539905548,-0.06271559745073318
1696958517951330600,13.17233056640625,-0.11198262125253677,0.007456631399691105,0.017176883295178413
1696958517961344000,13.182343994140625,-0.10452599078416824,-0.08628387749195099,-0.037150003015995026
1696958517971357700,13.192357666015624,-0.10772168636322021,-0.009587096981704235,-0.012649642303586006
1696958517981371100,13.20237109375,-0.10346075892448425,-0.07137060910463333,0.0001331541279796511
1696958517991384800,13.212384765625,-0.11198262125253677,-0.02450035884976387,-0.038215234875679016
1696958518001398500,13.2223984375,-0.10346075892448425,-0.04900071769952774,0.013981183059513569
1696958518011412000,13.232411865234376,-0.11091738939285278,-0.05752258375287056,-0.033954303711652756
1696958518021425700,13.24242578125,-0.10665645450353622,-0.05006595328450203,0.0011983871227130294
1696958518031439000,13.252439208984375,-0.11198262125253677,-0.03941362351179123,-0.028628136962652206
1696958518041452800,13.262452880859374,-0.10772168636322021,-0.05113118514418602,-0.004127778112888336
1696958518051466500,13.272466552734375,-0.11304785311222076,-0.05539211630821228,-0.025432437658309937
1696958518061480000,13.28247998046875,-0.10772168636322021,-0.05965305119752884,-0.006258244160562754
1696958518071493600,13.29249365234375,-0.11411308497190475,-0.05113118514418602,-0.011584409512579441
1696958518081507000,13.302507080078126,-0.10985215753316879,-0.07776200771331787,-0.010519175790250301
1696958518091520800,13.312520751953125,-0.11624355614185333,-0.04687025398015976,0.006524552125483751
1696958518101534500,13.322534423828126,-0.10985215753316879,-0.0958709716796875,-0.005193010903894901
1696958518111548000,13.3325478515625,-0.11411308497190475,-0.05752258375287056,0.005459319334477186
1696958518121561600,13.3425615234375,-0.11411308497190475,-0.09906667470932007,-0.012649642303586006
1696958518131575000,13.352574951171874,-0.11517832428216934,-0.0532616525888443,0.018242115154862404
1696958518141588700,13.362588623046875,-0.11091738939285278,-0.11078423261642456,0.007589785382151604
1696958518151602400,13.3726025390625,-0.11517832428216934,-0.05645735189318657,0.00226362026296556
1696958518161616000,13.382615966796875,-0.11304785311222076,-0.09906667470932007,0.036351077258586884
1696958518171629600,13.392629638671876,-0.1205044835805893,-0.01810896210372448,-0.012649642303586006
1696958518181643000,13.40264306640625,-0.11198262125253677,-0.10971900075674057,0.054460037499666214
1696958518191656700,13.41265673828125,-0.11730878800153732,-0.03941362351179123,-0.027562905102968216
1696958518201670400,13.42267041015625,-0.11198262125253677,-0.08202294260263443,0.067242830991745
1696958518211683800,13.432683837890625,-0.11411308497190475,-0.04687025398015976,-0.014780107885599136
1696958518221697500,13.442697509765624,-0.10772168636322021,-0.09267527610063553,0.0768299326300621
1696958518231711000,13.4527109375,-0.11198262125253677,-0.04154408723115921,-0.027562905102968216
1696958518241724700,13.462724609375,-0.10772168636322021,-0.0426093190908432,0.09174319356679916
1696958518251738400,13.47273828125,-0.10985215753316879,-0.06710968166589737,-0.045671865344047546
1696958518261751800,13.482751708984376,-0.10665645450353622,-0.01171756349503994,0.0991998240351677
1696958518271765500,13.492765625,-0.10346075892448425,-0.08202294260263443,-0.03288906812667847
1696958518281779000,13.502779052734375,-0.11091738939285278,0.0063913981430232525,0.061916667968034744
1696958518291792600,13.512792724609374,-0.10452599078416824,-0.06497921794652939,-0.006258244160562754
1696958518301806300,13.522806396484375,-0.10346075892448425,-0.02450035884976387,0.040612008422613144
1696958518311819800,13.53281982421875,-0.10026505589485168,-0.04580501839518547,-0.005193010903894901
1696958518321833500,13.54283349609375,-0.10665645450353622,-0.02663082629442215,0.036351077258586884
1696958518331847000,13.552846923828126,-0.0991998240351677,-0.03302222490310669,-0.013714875094592571
1696958518341860600,13.562860595703125,-0.10239552706480026,-0.00852186419069767,0.041677240282297134
1696958518351874300,13.572874267578126,-0.09706936031579971,-0.03408745676279068,-0.007323476951569319
1696958518361887700,13.5828876953125,-0.10133028775453568,-0.02236989326775074,0.021437814459204674
1696958518371901400,13.5929013671875,-0.09493889659643173,-0.012782796286046505,-0.013714875094592571
1696958518381915000,13.602914794921874,-0.09706936031579971,-0.02023942768573761,0.036351077258586884
1696958518391928600,13.612928466796875,-0.0981345921754837,-0.05113118514418602,-0.026497671380639076
1696958518401942300,13.6229423828125,-0.10239552706480026,0.03089175745844841,0.012915950268507004
1696958518411955700,13.632955810546875,-0.09387365728616714,-0.06178351491689682,-0.006258244160562754
1696958518421969400,13.642969482421876,-0.0991998240351677,0.007456631399691105,-0.009453942999243736
1696958518431982800,13.65298291015625,-0.09174319356679916,-0.0532616525888443,-0.004127778112888336
1696958518441996500,13.66299658203125,-0.09174319356679916,-0.02236989326775074,-0.006258244160562754
1696958518452010200,13.67301025390625,-0.09280842542648315,-0.03089175745844841,-0.014780107885599136
1696958518462023700,13.683023681640625,-0.08854749798774719,-0.02769605815410614,0.006524552125483751
1696958518472037400,13.693037353515624,-0.09280842542648315,-0.0319569893181324,-0.008388710208237171
1696958518482050800,13.70305078125,-0.08535179495811462,-0.01171756349503994,-0.023301972076296806
1696958518492065000,13.71306494140625,-0.08961272984743118,-0.0319569893181324,0.017176883295178413
1696958518502078200,13.723078125,-0.0874822586774826,0.0053261648863554,-0.04993279650807381
1696958518512091600,13.733091552734376,-0.08215609937906265,-0.01491326279938221,0.057655736804008484
1696958518522105000,13.74310498046875,-0.08961272984743118,-0.02982652559876442,-0.08402025699615479
1696958518532118500,13.753118408203125,-0.0768299326300621,0.0639139786362648,0.0874822586774826
1696958518542132000,13.763132080078124,-0.0874822586774826,-0.09267527610063553,-0.06910699605941772
1696958518552145200,13.773145263671875,-0.07469946891069412,0.06284874677658081,0.029959678649902344
1696958518562158600,13.78315869140625,-0.07043853402137756,-0.05752258375287056,0.047003407031297684
1696958518572172000,13.793172119140625,-0.07896039634943008,-0.02023942768573761,-0.0712374597787857
1696958518582185500,13.803185546875,-0.060851436108350754,0.01171756349503994,0.12156971544027328
1696958518592199200,13.81319921875,-0.07363422960042953,-0.08308817446231842,-0.07336792349815369
1696958518602212600,13.823212646484375,-0.06404713541269302,0.07030537724494934,0.05659050494432449
1696958518612226300,13.833226318359374,-0.051264338195323944,-0.09054480493068695,0.053394805639982224
1696958518622240000,13.843239990234375,-0.07256899774074554,0.0319569893181324,-0.08082455396652222
1696958518632253700,13.853253662109376,-0.047003407031297684,-0.0010652330238372087,0.13222205638885498
1696958518642267400,13.863267333984375,-0.050199106335639954,-0.09480573982000351,-0.06804175674915314
1696958518652281000,13.873281005859376,-0.066177599132061,0.10332760214805603,0.03209014609456062
1696958518662294800,13.883294677734375,-0.048068638890981674,-0.05858781561255455,0.03848154470324516
1696958518672308500,13.89330859375,-0.057655736804008484,0.02450035884976387,-0.043541401624679565
1696958518682322200,13.903322265625,-0.05232957378029823,0.01704372838139534,0.024633513763546944
1696958518692335900,13.9133359375,-0.043807707726955414,-0.0319569893181324,0.0001331541279796511
1696958518702349600,13.923349609375,-0.05659050494432449,0.03515268862247467,-0.055258963257074356
1696958518712363300,13.93336328125,-0.041677240282297134,-0.03302222490310669,0.028894444927573204
1696958518722377000,13.943376953125,-0.041677240282297134,-0.05432688444852829,-0.040345702320337296
1696958518732390700,13.953390625,-0.051264338195323944,0.03941362351179123,-0.035019535571336746
1696958518742405000,13.963405029296876,-0.041677240282297134,-0.05965305119752884,0.013981183059513569
1696958518752418000,13.97341796875,-0.03954677656292915,-0.03408745676279068,-0.028628136962652206
1696958518762431000,13.983430908203125,-0.053394805639982224,-0.0010652330238372087,-0.045671865344047546
1696958518772444000,13.99344384765625,-0.047003407031297684,-0.01917419396340847,0.018242115154862404
1696958518782457000,14.00345703125,-0.04274247586727142,-0.07137060910463333,-0.014780107885599136
1696958518792470000,14.013469970703126,-0.058720968663692474,0.0159784946590662,-0.043541401624679565
1696958518802483200,14.023483154296875,-0.051264338195323944,-0.02769605815410614,0.027829213067889214
1696958518812496600,14.03349658203125,-0.041677240282297134,-0.06497921794652939,-0.023301972076296806
1696958518822509800,14.043509765625,-0.057655736804008484,0.02556559257209301,-0.010519175790250301
1696958518832523500,14.0535234375,-0.061916667968034744,-0.01171756349503994,-0.004127778112888336
1696958518842537000,14.063536865234376,-0.048068638890981674,-0.02023942768573761,0.023568280041217804
1696958518852550700,14.073550537109375,-0.058720968663692474,0.01384802907705307,-0.027562905102968216
1696958518862564600,14.083564697265626,-0.06298190355300903,0.01704372838139534,0.023568280041217804
1696958518872578300,14.093578369140625,-0.051264338195323944,-0.01917419396340847,0.016111649572849274
1696958518882592500,14.103592529296876,-0.054460037499666214,0.0213046595454216,0.00226362026296556
1696958518892606500,14.1136064453125,-0.06298190355300903,-0.0031956990715116262,0.006524552125483751
1696958518902620400,14.123620361328125,-0.054460037499666214,-0.0021304660476744175,0.028894444927573204
1696958518912634600,14.133634521484375,-0.048068638890981674,-0.0031956990715116262,0.024633513763546944
1696958518922648600,14.143648681640625,-0.057655736804008484,-0.02023942768573761,-0.0009320789249613881
1696958518932662500,14.15366259765625,-0.05659050494432449,0.009587096981704235,0.031024912372231483
1696958518942676200,14.16367626953125,-0.048068638890981674,-0.01384802907705307,0.028894444927573204
1696958518952690000,14.17368994140625,-0.05232957378029823,-0.02556559257209301,0.0011983871227130294
1696958518962703400,14.183703369140625,-0.058720968663692474,-0.01171756349503994,0.037416309118270874
1696958518972717000,14.193717041015624,-0.051264338195323944,0.02023942768573761,0.017176883295178413
1696958518982730800,14.203730712890625,-0.04593817517161369,-0.0319569893181324,0.04913387447595596
1696958518992744400,14.213744384765626,-0.061916667968034744,-0.009587096981704235,-0.037150003015995026
1696958519002758000,14.2237578125,-0.053394805639982224,0.06924014538526535,0.09280842542648315
1696958519012771000,14.23377099609375,-0.048068638890981674,-0.07137060910463333,-0.021171506494283676
1696958519022784300,14.2437841796875,-0.054460037499666214,0.06071828305721283,0.018242115154862404
1696958519032797400,14.25379736328125,-0.05659050494432449,-0.0031956990715116262,0.036351077258586884
1696958519042811000,14.263810791015626,-0.051264338195323944,0.03302222490310669,-0.008388710208237171
1696958519052824000,14.273823974609375,-0.047003407031297684,0.00852186419069767,0.043807707726955414
1696958519062837500,14.28383740234375,-0.05659050494432449,0.01171756349503994,-0.030758604407310486
1696958519072851000,14.293850830078124,-0.05232957378029823,0.07669677585363388,0.044872939586639404
1696958519082864400,14.303864501953125,-0.044872939586639404,-0.0159784946590662,0.006524552125483751
1696958519092878000,14.313878173828124,-0.05232957378029823,0.0213046595454216,-0.024367205798625946
1696958519102891500,14.3238916015625,-0.05232957378029823,0.03941362351179123,0.04593817517161369
1696958519112905200,14.3339052734375,-0.044872939586639404,0.0031956990715116262,-0.017975807189941406
1696958519122919000,14.3439189453125,-0.041677240282297134,0.01491326279938221,0.037416309118270874
1696958519132932600,14.3539326171875,-0.051264338195323944,0.012782796286046505,-0.024367205798625946
1696958519142946600,14.363946533203125,-0.043807707726955414,0.04047885537147522,0.036351077258586884
1696958519152960300,14.373960205078125,-0.036351077258586884,-0.009587096981704235,0.016111649572849274
1696958519162974200,14.38397412109375,-0.041677240282297134,-0.0010652330238372087,-0.004127778112888336
1696958519172988000,14.39398779296875,-0.044872939586639404,0.07243584841489792,0.013981183059513569
1696958519183001900,14.404001953125,-0.031024912372231483,0.0053261648863554,0.036351077258586884
1696958519193015800,14.414015869140625,-0.03209014609456062,-0.009587096981704235,-0.005193010903894901
1696958519203029500,14.424029541015624,-0.03848154470324516,0.04900071769952774,0.015046416781842709
1696958519213043200,14.434043212890625,-0.029959678649902344,0.03834838792681694,0.027829213067889214
1696958519223057000,14.444056884765626,-0.023568280041217804,-0.007456631399691105,0.012915950268507004
1696958519233070300,14.4540703125,-0.025698747485876083,0.04154408723115921,-0.004127778112888336
1696958519243084000,14.464083984375,-0.024633513763546944,0.02556559257209301,0.023568280041217804
1696958519253097500,14.474097412109375,-0.020372580736875534,0.03408745676279068,0.0011983871227130294
1696958519263111200,14.484111083984375,-0.012915950268507004,-0.0031956990715116262,0.021437814459204674
1696958519273124600,14.49412451171875,-0.016111649572849274,0.0063913981430232525,-0.022236740216612816
1696958519283138300,14.50413818359375,-0.012915950268507004,0.02343512699007988,0.016111649572849274
1696958519293151700,14.51415185546875,-0.0011983871227130294,0.004260932095348835,0.013981183059513569
1696958519303165200,14.524165283203125,-0.004394086077809334,-0.04473978653550148,-0.03608476743102074
1696958519313179000,14.534178955078126,-0.007589785382151604,0.03515268862247467,0.024633513763546944
1696958519323192300,14.5441923828125,0.0009320789249613881,0.0063913981430232525,-0.016910573467612267
1696958519333206000,14.5542060546875,-0.0011983871227130294,0.01704372838139534,-0.004127778112888336
1696958519343219500,14.564219482421874,-0.005459319334477186,0.01810896210372448,-0.037150003015995026
1696958519353233000,14.57423291015625,-0.0033288532868027687,0.07243584841489792,0.010785484686493874
1696958519363246600,14.58424658203125,0.001997311832383275,0.01917419396340847,-0.027562905102968216
1696958519373260000,14.594260009765625,0.0009320789249613881,0.0159784946590662,-0.014780107885599136
1696958519383273700,14.604273681640626,-0.005459319334477186,0.04900071769952774,-0.027562905102968216
1696958519393287200,14.614287109375,0.008388710208237171,0.03515268862247467,0.008655018173158169
1696958519403300600,14.624300537109375,0.009453942999243736,-0.03408745676279068,-0.030758604407310486
1696958519413314300,14.634314208984375,-0.0001331541279796511,0.04900071769952774,0.0011983871227130294
1696958519423327700,14.64432763671875,0.007323476951569319,0.0159784946590662,-0.014780107885599136
1696958519433341400,14.654341552734374,0.014780107885599136,0.01704372838139534,0.028894444927573204
1696958519443355000,14.66435498046875,0.006258244160562754,-0.01704372838139534,-0.03928046673536301
1696958519453368300,14.674368408203126,0.006258244160562754,0.0319569893181324,0.031024912372231483
1696958519463382000,14.684382080078125,0.016910573467612267,-0.0159784946590662,0.0033288532868027687
1696958519473395500,14.6943955078125,0.011584409512579441,-0.009587096981704235,0.016111649572849274
1696958519483409200,14.7044091796875,0.0030625448562204838,0.007456631399691105,-0.023301972076296806
1696958519493422600,14.714422607421875,0.017975807189941406,0,0.06298190355300903
1696958519503436000,14.72443603515625,0.011584409512579441,-0.0159784946590662,-0.026497671380639076
1696958519513449700,14.73444970703125,0.009453942999243736,0.012782796286046505,0.03209014609456062
1696958519523463200,14.744463134765626,0.007323476951569319,-0.02450035884976387,0.010785484686493874
1696958519533476900,14.754476806640625,0.010519175790250301,0.04580501839518547,0.0011983871227130294
1696958519543490300,14.764490234375,0.012649642303586006,-0.009587096981704235,0.04274247586727142
1696958519553504000,14.77450390625,0.005193010903894901,0.0031956990715116262,-0.027562905102968216
1696958519563517700,14.784517578125,0.010519175790250301,0.05113118514418602,0.043807707726955414
1696958519573531100,14.79453125,0.019041040912270546,-0.0319569893181324,0.006524552125483751
1696958519583544800,14.804544921875,0.006258244160562754,0.0319569893181324,-0.008388710208237171
1696958519593558300,14.814558349609374,0.009453942999243736,0.0053261648863554,0.024633513763546944
1696958519603572000,14.824572021484375,0.015845341607928276,0.01384802907705307,0.016111649572849274
1696958519613585700,14.834585693359376,0.014780107885599136,0.0053261648863554,-0.001997311832383275
1696958519623599000,14.84459912109375,0.004127778112888336,0.0031956990715116262,0.0033288532868027687
1696958519633612800,14.85461279296875,0.014780107885599136,0.03515268862247467,0.040612008422613144
1696958519643626200,14.864626220703125,0.015845341607928276,-0.0063913981430232525,-0.012649642303586006
1696958519653640000,14.874639892578125,0.006258244160562754,0.04473978653550148,0.022503048181533813
1696958519663653600,14.884653564453124,0.013714875094592571,0.012782796286046505,0.024633513763546944
1696958519673667000,14.8946669921875,0.016910573467612267,0.0426093190908432,0.026763979345560074
1696958519683680800,14.9046806640625,0.009453942999243736,0.0159784946590662,0.006524552125483751
1696958519693694200,14.914694091796875,0.004127778112888336,0.05752258375287056,0.027829213067889214
1696958519703708000,14.9247080078125,0.016910573467612267,0.04154408723115921,0.05232957378029823
1696958519713721600,14.9347216796875,0.014780107885599136,-0.0021304660476744175,-0.001997311832383275
1696958519723735000,14.944735107421875,0.004127778112888336,0.0639139786362648,0.040612008422613144
1696958519733748700,14.954748779296875,0.015845341607928276,-0.0063913981430232525,0.03209014609456062
1696958519743762200,14.96476220703125,0.020106272771954536,-0.009587096981704235,0.021437814459204674
1696958519753775900,14.97477587890625,0.009453942999243736,0.0063913981430232525,0.018242115154862404
1696958519763789600,14.98478955078125,0.014780107885599136,-0.01704372838139534,0.033155377954244614
1696958519773803000,14.994802978515626,0.024367205798625946,-0.01171756349503994,0.03954677656292915
1696958519783816700,15.004816650390625,0.016910573467612267,-0.02769605815410614,0.015046416781842709
1696958519793830100,15.014830078125,0.008388710208237171,-0.00852186419069767,0.021437814459204674
1696958519803843800,15.02484375,0.021171506494283676,0.01704372838139534,0.058720968663692474
1696958519813857500,15.034857421875,0.014780107885599136,-0.03089175745844841,-0.004127778112888336
1696958519823871000,15.04487109375,0.008388710208237171,0.0213046595454216,0.048068638890981674
1696958519833884700,15.054884765625,0.012649642303586006,-0.009587096981704235,0.03848154470324516
1696958519843898000,15.064898193359374,0.014780107885599136,0.01704372838139534,0.016111649572849274
1696958519853911800,15.074911865234375,0.012649642303586006,-0.00852186419069767,0.037416309118270874
1696958519863925500,15.084925537109376,0.011584409512579441,-0.0063913981430232525,0.025698747485876083
1696958519873939000,15.09493896484375,0.014780107885599136,0.02982652559876442,0.033155377954244614
1696958519883952600,15.10495263671875,0.013714875094592571,-0.0426093190908432,0.010785484686493874
1696958519893966000,15.114966064453125,0.006258244160562754,0.0159784946590662,0.021437814459204674
1696958519903979800,15.124979736328125,0.021171506494283676,0.01171756349503994,0.04274247586727142
1696958519913993500,15.134993408203124,0.017975807189941406,-0.03408745676279068,-0.006258244160562754
1696958519924007000,15.1450068359375,0.009453942999243736,0.00852186419069767,0.013981183059513569
1696958519934020600,15.1550205078125,0.021171506494283676,-0.01917419396340847,0.03528584539890289
1696958519944034000,15.165033935546875,0.022236740216612816,-0.02450035884976387,-0.005193010903894901
1696958519954047700,15.1750478515625,0.009453942999243736,0.0021304660476744175,0.0033288532868027687
1696958519964061400,15.1850615234375,0.014780107885599136,-0.01171756349503994,0.021437814459204674
1696958519974075000,15.195074951171875,0.028628136962652206,-0.02982652559876442,0.016111649572849274
1696958519984088600,15.205088623046874,0.015845341607928276,-0.03515268862247467,-0.022236740216612816
1696958519994102000,15.21510205078125,0.007323476951569319,0.01704372838139534,0.012915950268507004
1696958520004115700,15.22511572265625,0.019041040912270546,-0.01491326279938221,0.04274247586727142
1696958520014129400,15.23512939453125,0.015845341607928276,0.0053261648863554,-0.043541401624679565
1696958520024142800,15.245142822265626,0.004127778112888336,0.03621792420744896,0.036351077258586884
1696958520034156500,15.255156494140625,0.013714875094592571,-0.01171756349503994,0.005459319334477186
1696958520044170000,15.265169921875,0.012649642303586006,0.03302222490310669,-0.001997311832383275
1696958520054183700,15.27518359375,0.005193010903894901,0.01171756349503994,0.0011983871227130294
1696958520064197400,15.285197265625,0.012649642303586006,-0.01810896210372448,0.034220609813928604
1696958520074210800,15.2952109375,0.014780107885599136,0.02556559257209301,-0.011584409512579441
1696958520084224500,15.305224609375,0.004127778112888336,0.03728315606713295,0.006524552125483751
1696958520094238000,15.315238037109374,0.009453942999243736,-0.0159784946590662,0.00226362026296556
1696958520104251600,15.325251708984375,0.014780107885599136,0.02343512699007988,0.024633513763546944
1696958520114265300,15.335265380859376,0.008388710208237171,-0.0021304660476744175,-0.042476166039705276
1696958520124278800,15.34527880859375,0.007323476951569319,0.04793548583984375,0.033155377954244614
1696958520134292500,15.35529248046875,0.014780107885599136,-0.02023942768573761,0.004394086077809334
1696958520144306000,15.365305908203124,0.011584409512579441,0.0031956990715116262,-0.043541401624679565
1696958520154319600,15.375319580078125,0.008388710208237171,0.03728315606713295,0.025698747485876083
1696958520164333300,15.385333251953124,0.014780107885599136,-0.02236989326775074,-0.031823836266994476
1696958520174346800,15.3953466796875,0.014780107885599136,0.02236989326775074,-0.004127778112888336
1696958520184360400,15.4053603515625,0.011584409512579441,-0.00852186419069767,-0.038215234875679016
1696958520194374000,15.415373779296875,0.010519175790250301,0.02876129187643528,-0.019041040912270546
1696958520204387600,15.4253876953125,0.016910573467612267,-0.0021304660476744175,-0.0030625448562204838
1696958520214401300,15.4354013671875,0.011584409512579441,0.01171756349503994,-0.06484606117010117
1696958520224414700,15.445414794921875,0.014780107885599136,0.004260932095348835,0.013981183059513569
1696958520234428400,15.455428466796874,0.016910573467612267,-0.007456631399691105,-0.043541401624679565
1696958520244441900,15.46544189453125,0.017975807189941406,0,-0.011584409512579441
1696958520254455600,15.47545556640625,0.008388710208237171,-0.03621792420744896,-0.044606633484363556
1696958520264469200,15.48546923828125,0.022236740216612816,0.01810896210372448,0.020372580736875534
1696958520274482700,15.495482666015626,0.023301972076296806,-0.07669677585363388,-0.021171506494283676
1696958520284496400,15.505496337890625,0.007323476951569319,0.02663082629442215,-0.057389430701732635
1696958520294509800,15.515509765625,0.025432437658309937,-0.03302222490310669,0.07363422960042953
1696958520304523500,15.5255234375,0.020106272771954536,-0.0532616525888443,-0.07975932210683823
1696958520314537200,15.535537109375,0.010519175790250301,0.03408745676279068,0.031024912372231483
1696958520324550700,15.545550537109374,0.015845341607928276,-0.07030537724494934,-0.008388710208237171
1696958520334564400,15.555564453125,0.023301972076296806,0.02663082629442215,0.025698747485876083
1696958520344577800,15.565577880859376,0.012649642303586006,-0.0426093190908432,-0.022236740216612816
1696958520354591500,15.575591552734375,0.010519175790250301,0.012782796286046505,0.023568280041217804
1696958520364605200,15.585605224609376,0.021171506494283676,-0.012782796286046505,0.043807707726955414
1696958520374618600,15.59561865234375,0.011584409512579441,-0.007456631399691105,-0.028628136962652206
1696958520384632300,15.60563232421875,0.007323476951569319,0.01810896210372448,0.066177599132061
1696958520394645800,15.615645751953124,0.014780107885599136,-0.03621792420744896,-0.006258244160562754
1696958520404659500,15.625659423828125,0.015845341607928276,0.0106523297727108,0.026763979345560074
1696958520414673200,15.635673095703124,0.010519175790250301,-0.03621792420744896,0.028894444927573204
1696958520424686600,15.6456865234375,0.015845341607928276,-0.03089175745844841,0.009720250964164734
1696958520434700300,15.6557001953125,0.023301972076296806,-0.03408745676279068,0.058720968663692474
1696958520444713700,15.665713623046875,0.010519175790250301,-0.03941362351179123,-0.037150003015995026
1696958520454727400,15.6757275390625,0.016910573467612267,-0.02876129187643528,0.058720968663692474
1696958520464741000,15.6857412109375,0.020106272771954536,-0.06817491352558136,0.004394086077809334
1696958520474754600,15.695754638671875,0.011584409512579441,0.01704372838139534,-0.014780107885599136
1696958520484768300,15.705768310546874,0.014780107885599136,-0.03834838792681694,0.043807707726955414
1696958520494781700,15.71578173828125,0.017975807189941406,-0.01810896210372448,-0.015845341607928276
1696958520504795400,15.72579541015625,0.011584409512579441,0.02236989326775074,-0.008388710208237171
1696958520514809000,15.73580908203125,0.014780107885599136,0,0.012915950268507004
1696958520524822500,15.745822509765626,0.021171506494283676,-0.01491326279938221,0.004394086077809334
1696958520534836200,15.755836181640625,0.012649642303586006,0.007456631399691105,-0.038215234875679016
1696958520544849700,15.765849609375,0.013714875094592571,0.03089175745844841,-0.010519175790250301
1696958520554863400,15.77586328125,0.025432437658309937,-0.04367455467581749,-0.015845341607928276
1696958520564877000,15.785876953125,0.025432437658309937,-0.01384802907705307,-0.033954303711652756
1696958520574890500,15.795890380859374,0.023301972076296806,0.0213046595454216,0.009720250964164734
1696958520584904200,15.805904296875,0.030758604407310486,-0.0745663121342659,-0.04993279650807381
1696958520594917600,15.815917724609376,0.03608476743102074,-0.01171756349503994,0.021437814459204674
1696958520604931300,15.825931396484375,0.014780107885599136,0.06284874677658081,-0.06271559745073318
1696958520614945000,15.835945068359376,0.013714875094592571,0.0213046595454216,-0.04993279650807381
1696958520624958500,15.84595849609375,0.024367205798625946,0.06178351491689682,0.03954677656292915
1696958520634972200,15.85597216796875,0.011584409512579441,-0.009587096981704235,-0.10106398165225983
1696958520644985600,15.865985595703124,0.015845341607928276,0.09800143539905548,0.008655018173158169
1696958520654999300,15.875999267578125,0.029693370684981346,-0.09480573982000351,0.010785484686493874
1696958520665013000,15.886012939453124,0.022236740216612816,0.01917419396340847,-0.09467258304357529
1696958520675026400,15.8960263671875,0.027562905102968216,-0.01171756349503994,0.060851436108350754
1696958520685040000,15.9060400390625,0.024367205798625946,-0.05965305119752884,-0.09041165560483932
1696958520695053600,15.916053466796875,0.017975807189941406,0.05645735189318657,0.054460037499666214
1696958520705067300,15.9260673828125,0.012649642303586006,-0.03621792420744896,-0.03928046673536301
1696958520715081000,15.9360810546875,0.019041040912270546,0.02023942768573761,0.008655018173158169
1696958520725094400,15.946094482421875,0.022236740216612816,-0.0213046595454216,-0.006258244160562754
1696958520735108000,15.956108154296874,0.007323476951569319,0.05219641700387001,-0.015845341607928276
1696958520745121500,15.96612158203125,0.017975807189941406,0.0106523297727108,0.0001331541279796511
1696958520755135200,15.97613525390625,0.021171506494283676,-0.01810896210372448,0.009720250964164734
1696958520765149000,15.98614892578125,0.008388710208237171,0.04154408723115921,-0.050998032093048096
1696958520775162400,15.996162353515626,0.005193010903894901,-0.0021304660476744175,0.026763979345560074
1696958520785176000,16.006176025390626,0.014780107885599136,0.01810896210372448,-0.044606633484363556
1696958520795189500,16.016189453125,0.011584409512579441,-0.0010652330238372087,-0.016910573467612267
1696958520805203200,16.026203125,0.009453942999243736,0,-0.028628136962652206
1696958520815217000,16.036216796875,0.020106272771954536,-0.01704372838139534,0.007589785382151604
1696958520825230300,16.046230224609374,0.013714875094592571,-0.0159784946590662,-0.05312849581241608
1696958520835244000,16.056244140625,0.005193010903894901,0.01384802907705307,-0.015845341607928276
1696958520845257500,16.066257568359376,0.016910573467612267,-0.0213046595454216,-0.006258244160562754
1696958520855271200,16.076271240234377,0.014780107885599136,-0.01491326279938221,-0.06591129302978516
1696958520865284900,16.086284912109374,0.010519175790250301,0.01171756349503994,-0.004127778112888336
1696958520875298300,16.09629833984375,0.012649642303586006,-0.0106523297727108,-0.037150003015995026
1696958520885312000,16.10631201171875,0.021171506494283676,0.004260932095348835,-0.006258244160562754
1696958520895325400,16.116325439453124,0.009453942999243736,-0.03621792420744896,-0.047802332788705826
1696958520905339100,16.126339111328125,0.009453942999243736,-0.0159784946590662,-0.025432437658309937
1696958520915352800,16.136352783203126,0.025432437658309937,-0.0159784946590662,0.015046416781842709
1696958520925366300,16.1463662109375,0.014780107885599136,-0.06071828305721283,-0.052063263952732086
1696958520935380000,16.1563798828125,0.004127778112888336,-0.0106523297727108,-0.011584409512579441
1696958520945393400,16.166393310546876,0.022236740216612816,-0.03408745676279068,0.036351077258586884
1696958520955407000,16.176406982421874,0.014780107885599136,-0.04367455467581749,-0.060585130006074905
1696958520965420800,16.1864208984375,0.0030625448562204838,-0.01171756349503994,0.024633513763546944
1696958520975434500,16.1964345703125,0.013714875094592571,-0.05219641700387001,0.00226362026296556
1696958520985448200,16.2064482421875,0.010519175790250301,0.0053261648863554,0.009720250964164734
1696958520995461600,16.216461669921873,-0.0033288532868027687,-0.03728315606713295,-0.005193010903894901
1696958521005475300,16.226475341796874,0.006258244160562754,-0.0063913981430232525,0.04274247586727142
1696958521015489000,16.236489013671875,0.010519175790250301,-0.03728315606713295,0.006524552125483751
1696958521025502700,16.246502685546876,-0.007589785382151604,0.0053261648863554,-0.005193010903894901
1696958521035516400,16.256516357421877,0.001997311832383275,-0.02982652559876442,0.05659050494432449
1696958521045530000,16.266530029296874,0.004127778112888336,-0.01491326279938221,0.026763979345560074
1696958521055543600,16.27654345703125,-0.0001331541279796511,0.0106523297727108,0.011850717477500439
1696958521065557200,16.28655712890625,-0.007589785382151604,-0.009587096981704235,0.028894444927573204
1696958521075571000,16.296571044921876,-0.004394086077809334,-0.07030537724494934,0.057655736804008484
1696958521085584600,16.306584716796873,-0.00226362026296556,-0.06178351491689682,-0.016910573467612267
1696958521095598300,16.316598388671874,0.0009320789249613881,0.06497921794652939,0.027829213067889214
1696958521105611800,16.32661181640625,-0.0033288532868027687,-0.02450035884976387,0.028894444927573204
1696958521115625500,16.33662548828125,-0.026763979345560074,0.07882724702358246,0.034220609813928604
1696958521125639200,16.34663916015625,-0.026763979345560074,0.06817491352558136,-0.017975807189941406
1696958521135652900,16.35665283203125,-0.021437814459204674,0.1278279572725296,0.08961272984743118
1696958521145666600,16.36666650390625,-0.018242115154862404,-0.12143656611442566,0.026763979345560074
1696958521155680000,16.376679931640624,0.015845341607928276,-0.10758853703737259,-0.044606633484363556
1696958521165693700,16.386693603515624,-0.016111649572849274,0.08095771074295044,0.10239552706480026
1696958521175707400,16.396707275390625,-0.011850717477500439,-0.01491326279938221,-0.026497671380639076
1696958521185721000,16.40672119140625,-0.004394086077809334,-0.05006595328450203,0.061916667968034744
1696958521195734800,16.41673486328125,-0.012915950268507004,-0.03834838792681694,-0.05312849581241608
1696958521205748200,16.426748291015624,-0.0033288532868027687,0.0532616525888443,0.1194392517209053
1696958521215762000,16.436761962890625,-0.023568280041217804,-0.0213046595454216,-0.042476166039705276
1696958521225775600,16.446775634765626,-0.027829213067889214,0.01810896210372448,0.013981183059513569
1696958521235789300,16.456789306640626,-0.0011983871227130294,-0.03834838792681694,0.08641702681779861
1696958521245803000,16.466802978515624,-0.012915950268507004,0.02450035884976387,-0.047802332788705826
1696958521255816400,16.47681640625,-0.021437814459204674,0.0159784946590662,0.06511236727237701
1696958521265830100,16.486830078125,-0.019307348877191544,-0.06924014538526535,0.0001331541279796511
1696958521275843800,16.49684375,-0.012915950268507004,0.05539211630821228,0.036351077258586884
1696958521285857300,16.506857177734375,-0.020372580736875534,-0.02982652559876442,0.017176883295178413
1696958521295871000,16.51687109375,-0.016111649572849274,-0.0213046595454216,0.021437814459204674
1696958521305884400,16.526884521484376,-0.013981183059513569,-0.00852186419069767,0.012915950268507004
1696958521315898000,16.536898193359374,-0.017176883295178413,-0.03302222490310669,0.016111649572849274
1696958521325911800,16.546911865234375,-0.022503048181533813,-0.007456631399691105,0.013981183059513569
1696958521335925200,16.55692529296875,-0.016111649572849274,-0.0106523297727108,0.027829213067889214
1696958521345939000,16.56693896484375,-0.022503048181533813,-0.02663082629442215,0.0001331541279796511
1696958521355952400,16.576952392578125,-0.023568280041217804,-0.01704372838139534,0.018242115154862404
1696958521365966000,16.586966064453126,-0.015046416781842709,-0.02556559257209301,0.037416309118270874
1696958521375979800,16.596979736328127,-0.020372580736875534,-0.02982652559876442,-0.017975807189941406
1696958521385993200,16.6069931640625,-0.027829213067889214,-0.0063913981430232525,0.03528584539890289
1696958521396007000,16.6170068359375,-0.016111649572849274,-0.04580501839518547,0.03954677656292915
1696958521406020400,16.627020263671874,-0.019307348877191544,-0.0106523297727108,0.0001331541279796511
1696958521416034000,16.637033935546874,-0.028894444927573204,-0.012782796286046505,0.017176883295178413
1696958521426047700,16.6470478515625,-0.020372580736875534,0.0031956990715116262,0.044872939586639404
1696958521436061200,16.657061279296876,-0.015046416781842709,-0.03408745676279068,0.025698747485876083
1696958521446075000,16.667074951171877,-0.027829213067889214,0.01917419396340847,0.00226362026296556
1696958521456088300,16.67708837890625,-0.024633513763546944,0.0053261648863554,0.044872939586639404
1696958521466102000,16.68710205078125,-0.022503048181533813,0.004260932095348835,0.006524552125483751
1696958521476115700,16.69711572265625,-0.026763979345560074,0.0213046595454216,0.009720250964164734
1696958521486129200,16.707129150390625,-0.027829213067889214,-0.01917419396340847,-0.0009320789249613881
1696958521496142800,16.717142822265625,-0.017176883295178413,0.0213046595454216,0.034220609813928604
1696958521506156300,16.72715625,-0.026763979345560074,-0.01384802907705307,-0.029693370684981346
1696958521516170000,16.737169921875,-0.03209014609456062,0.007456631399691105,0.0001331541279796511
1696958521526183700,16.74718359375,-0.021437814459204674,-0.009587096981704235,0.019307348877191544
1696958521536197000,16.757197021484377,-0.026763979345560074,-0.01384802907705307,-0.040345702320337296
1696958521546210800,16.7672109375,-0.033155377954244614,0.02769605815410614,0.012915950268507004
1696958521556224300,16.777224365234375,-0.029959678649902344,-0.03408745676279068,-0.013714875094592571
1696958521566238000,16.787238037109375,-0.033155377954244614,0.05432688444852829,-0.014780107885599136
1696958521576251600,16.797251708984376,-0.036351077258586884,-0.0106523297727108,-0.004127778112888336
1696958521586265000,16.80726513671875,-0.036351077258586884,-0.0053261648863554,-0.020106272771954536
1696958521596278800,16.81727880859375,-0.031024912372231483,0.0053261648863554,0.022503048181533813
1696958521606292200,16.827292236328127,-0.03848154470324516,-0.01491326279938221,-0.043541401624679565
1696958521616306000,16.837305908203124,-0.04593817517161369,-0.004260932095348835,0.006524552125483751
1696958521626319600,16.847319580078125,-0.028894444927573204,-0.0159784946590662,0.03209014609456062
1696958521636333000,16.8573330078125,-0.041677240282297134,-0.03515268862247467,-0.038215234875679016
1696958521646346800,16.8673466796875,-0.04593817517161369,0.01384802907705307,0.018242115154862404
1696958521656360200,16.877360107421875,-0.034220609813928604,-0.04580501839518547,0.027829213067889214
1696958521666374000,16.887373779296876,-0.041677240282297134,0.0106523297727108,-0.026497671380639076
1696958521676387600,16.8973876953125,-0.050199106335639954,0.0010652330238372087,0.017176883295178413
1696958521686401000,16.907401123046874,-0.03954677656292915,-0.01171756349503994,0.015046416781842709
1696958521696414700,16.917414794921875,-0.040612008422613144,0.012782796286046505,0.015046416781842709
1696958521706428200,16.92742822265625,-0.054460037499666214,0.02556559257209301,-0.024367205798625946
1696958521716441900,16.93744189453125,-0.03954677656292915,0.01810896210372448,0.048068638890981674
1696958521726455600,16.94745556640625,-0.043807707726955414,-0.007456631399691105,-0.019041040912270546
1696958521736469000,16.957468994140626,-0.051264338195323944,0.0745663121342659,-0.0030625448562204838
1696958521746482700,16.967482666015623,-0.040612008422613144,-0.0426093190908432,0.023568280041217804
1696958521756496100,16.97749609375,-0.03528584539890289,0.0106523297727108,-0.012649642303586006
1696958521766509800,16.987509765625,-0.047003407031297684,0.02023942768573761,0.0001331541279796511
1696958521776523500,16.9975234375,-0.03848154470324516,-0.0159784946590662,0.0001331541279796511
1696958521786537000,17.007536865234375,-0.029959678649902344,-0.01704372838139534,0.020372580736875534
1696958521796550700,17.017550537109376,-0.041677240282297134,0.004260932095348835,-0.048867564648389816
1696958521806564000,17.027564208984376,-0.037416309118270874,-0.0021304660476744175,0.041677240282297134
1696958521816577800,17.037577880859374,-0.03209014609456062,-0.02663082629442215,-0.029693370684981346
1696958521826591500,17.047591552734374,-0.040612008422613144,0.04687025398015976,0.0001331541279796511
1696958521836605000,17.05760498046875,-0.037416309118270874,-0.03408745676279068,-0.013714875094592571
1696958521846618600,17.06761865234375,-0.033155377954244614,0.0053261648863554,0.013981183059513569
1696958521856632000,17.077632080078125,-0.04274247586727142,0.0031956990715116262,-0.044606633484363556
1696958521866645800,17.087645751953126,-0.040612008422613144,0.02876129187643528,0.008655018173158169
1696958521876659500,17.097659423828127,-0.029959678649902344,-0.02023942768573761,0.004394086077809334
1696958521886673000,17.1076728515625,-0.051264338195323944,0.06817491352558136,-0.06378082931041718
1696958521896686600,17.1176865234375,-0.041677240282297134,0.02236989326775074,0.03848154470324516
1696958521906700000,17.127699951171873,-0.029959678649902344,-0.01384802907705307,-0.038215234875679016
1696958521916713700,17.137713623046874,-0.048068638890981674,0.09267527610063553,-0.031823836266994476
1696958521926727400,17.1477275390625,-0.04913387447595596,0.01171756349503994,-0.008388710208237171
1696958521936740900,17.157740966796876,-0.029959678649902344,0.03728315606713295,0.009720250964164734
1696958521946754600,17.167754638671877,-0.04593817517161369,0.04154408723115921,-0.058454662561416626
1696958521956768000,17.17776806640625,-0.044872939586639404,0.04047885537147522,0.009720250964164734
1696958521966781700,17.18778173828125,-0.033155377954244614,0.0063913981430232525,0.020372580736875534
1696958521976795400,17.19779541015625,-0.050199106335639954,0.0532616525888443,-0.07762885838747025
1696958521986809000,17.20780908203125,-0.03209014609456062,0,0.06830807030200958
1696958521996822500,17.217822509765625,-0.033155377954244614,-0.02663082629442215,-0.024367205798625946
1696958522006836200,17.227836181640626,-0.050199106335639954,0.06604444980621338,-0.011584409512579441
1696958522016850000,17.237849853515623,-0.026763979345560074,-0.04687025398015976,0.051264338195323944
1696958522026863600,17.247863525390624,-0.03528584539890289,0.007456631399691105,-0.021171506494283676
1696958522036877300,17.257877197265625,-0.04913387447595596,0.04473978653550148,-0.011584409512579441
1696958522046890800,17.267890869140626,-0.029959678649902344,-0.00852186419069767,0.06937330216169357
1696958522056904400,17.277904541015626,-0.044872939586639404,0.0159784946590662,-0.044606633484363556
1696958522066918100,17.287918212890624,-0.041677240282297134,0.07243584841489792,0.012915950268507004
1696958522076931800,17.297931884765624,-0.03528584539890289,-0.02236989326775074,0.054460037499666214
1696958522086945500,17.307945556640625,-0.053394805639982224,0.05432688444852829,-0.08721595257520676
1696958522096959000,17.317958984375,-0.034220609813928604,0.05113118514418602,0.09174319356679916
1696958522106972700,17.32797265625,-0.044872939586639404,-0.02663082629442215,-0.052063263952732086
1696958522116986400,17.337986328125,-0.047003407031297684,0.07243584841489792,0.004394086077809334
1696958522127000000,17.348,-0.03528584539890289,0.004260932095348835,0.028894444927573204
1696958522137013800,17.358013671875,-0.048068638890981674,0.04154408723115921,-0.044606633484363556
1696958522147027500,17.36802734375,-0.03954677656292915,0.03408745676279068,0.015046416781842709
1696958522157041000,17.378041015625,-0.03848154470324516,0.02769605815410614,0.020372580736875534
1696958522167054600,17.3880546875,-0.04593817517161369,0.03302222490310669,-0.050998032093048096
1696958522177068300,17.398068359375,-0.034220609813928604,0.03089175745844841,0.053394805639982224
1696958522187082000,17.40808203125,-0.04593817517161369,0.02343512699007988,-0.043541401624679565
1696958522197095700,17.418095703125,-0.040612008422613144,0.04900071769952774,0.004394086077809334
1696958522207109000,17.428109130859376,-0.037416309118270874,0.01810896210372448,0.015046416781842709
1696958522217122800,17.438122802734377,-0.048068638890981674,0.01917419396340847,-0.028628136962652206
1696958522227136500,17.448136474609374,-0.036351077258586884,0.03408745676279068,0.006524552125483751
1696958522237150200,17.458150146484375,-0.041677240282297134,0.02556559257209301,0.0033288532868027687
1696958522247164000,17.468163818359375,-0.044872939586639404,0.01171756349503994,-0.028628136962652206
1696958522257177300,17.47817724609375,-0.036351077258586884,0.02663082629442215,0.025698747485876083
1696958522267191000,17.48819091796875,-0.04593817517161369,0.0213046595454216,-0.015845341607928276
1696958522277204700,17.498204833984374,-0.03848154470324516,0.01704372838139534,0.010785484686493874
1696958522287218400,17.508218505859375,-0.044872939586639404,0.03728315606713295,0.011850717477500439
1696958522297232100,17.518232177734376,-0.043807707726955414,0.02450035884976387,-0.006258244160562754
1696958522307245600,17.52824560546875,-0.04274247586727142,0.04580501839518547,0.028894444927573204
1696958522317259300,17.53825927734375,-0.050199106335639954,0.02343512699007988,0.004394086077809334
1696958522327273000,17.54827294921875,-0.037416309118270874,0.01491326279938221,0.027829213067889214
1696958522337286700,17.55828662109375,-0.041677240282297134,0.0021304660476744175,0.016111649572849274
1696958522347300400,17.56830029296875,-0.03954677656292915,-0.02556559257209301,0.007589785382151604
1696958522357313800,17.578313720703125,-0.033155377954244614,-0.0031956990715116262,0.047003407031297684
1696958522367327500,17.588327392578126,-0.040612008422613144,-0.03089175745844841,-0.020106272771954536
1696958522377341200,17.598341064453123,-0.03209014609456062,-0.0159784946590662,0.060851436108350754
1696958522387355000,17.60835498046875,-0.037416309118270874,-0.02450035884976387,-0.001997311832383275
1696958522397368600,17.61836865234375,-0.040612008422613144,0.0319569893181324,0.007589785382151604
1696958522407382000,17.628382080078126,-0.033155377954244614,-0.0063913981430232525,0.048068638890981674
1696958522417395700,17.638395751953126,-0.043807707726955414,0.0063913981430232525,-0.025432437658309937
1696958522427409200,17.6484091796875,-0.036351077258586884,0.03515268862247467,0.05978620424866676
1696958522437422800,17.6584228515625,-0.043807707726955414,0.01171756349503994,-0.03608476743102074
1696958522447436500,17.6684365234375,-0.04274247586727142,0.07882724702358246,0.037416309118270874
1696958522457450000,17.678449951171874,-0.044872939586639404,-0.0063913981430232525,-0.006258244160562754
1696958522467463700,17.688463623046875,-0.043807707726955414,0.07350108027458191,-0.020106272771954536
1696958522477477000,17.69847705078125,-0.033155377954244614,0.01810896210372448,0.040612008422613144
1696958522487490800,17.70849072265625,-0.047003407031297684,0.02663082629442215,-0.044606633484363556
1696958522497504500,17.71850439453125,-0.034220609813928604,0.03728315606713295,0.029959678649902344
1696958522507518000,17.72851806640625,-0.03954677656292915,0.02236989326775074,-0.038215234875679016
1696958522517531600,17.73853173828125,-0.03209014609456062,0.0159784946590662,0.0033288532868027687
1696958522527545000,17.748545166015624,-0.031024912372231483,-0.02769605815410614,-0.004127778112888336
1696958522537558800,17.758558837890625,-0.036351077258586884,0.02876129187643528,-0.03928046673536301
1696958522547572500,17.768572509765626,-0.023568280041217804,0.01384802907705307,0.036351077258586884
1696958522557586000,17.7785859375,-0.03848154470324516,-0.02769605815410614,-0.057389430701732635
1696958522567599600,17.788599609375,-0.025698747485876083,0.04687025398015976,0.03848154470324516
1696958522577613000,17.798613037109376,-0.036351077258586884,-0.02236989326775074,-0.030758604407310486
1696958522587626800,17.808626708984374,-0.033155377954244614,0.04473978653550148,0.0001331541279796511
1696958522597640400,17.818640380859375,-0.034220609813928604,0.02343512699007988,0.03209014609456062
1696958522607654000,17.82865380859375,-0.040612008422613144,0.009587096981704235,-0.05312849581241608
1696958522617667600,17.83866748046875,-0.028894444927573204,0.0745663121342659,0.061916667968034744
1696958522627681000,17.848680908203125,-0.04274247586727142,-0.01384802907705307,-0.031823836266994476
1696958522637694700,17.85869482421875,-0.03528584539890289,0.09693620353937149,0.005459319334477186
1696958522647708400,17.86870849609375,-0.03528584539890289,0.0031956990715116262,0.041677240282297134
1696958522657721900,17.878721923828124,-0.037416309118270874,0.0319569893181324,-0.06591129302978516
1696958522667735600,17.888735595703125,-0.03209014609456062,0.06924014538526535,0.08854749798774719
1696958522677749000,17.8987490234375,-0.037416309118270874,-0.04367455467581749,-0.08615072071552277
1696958522687762700,17.9087626953125,-0.023568280041217804,0.07030537724494934,0.06937330216169357
1696958522697776400,17.9187763671875,-0.031024912372231483,-0.08095771074295044,-0.03288906812667847
1696958522707789800,17.928789794921876,-0.026763979345560074,0.03515268862247467,-0.007323476951569319
1696958522717803500,17.938803466796877,-0.029959678649902344,-0.0063913981430232525,0.04274247586727142
1696958522727817000,17.94881689453125,-0.024633513763546944,-0.04047885537147522,-0.0723026916384697
1696958522737830700,17.95883056640625,-0.026763979345560074,0.03089175745844841,0.05978620424866676
1696958522747844400,17.96884423828125,-0.021437814459204674,-0.03302222490310669,-0.04993279650807381
1696958522757857800,17.97885791015625,-0.026763979345560074,0.02450035884976387,-0.0030625448562204838
1696958522767871500,17.98887158203125,-0.023568280041217804,-0.0053261648863554,-0.009453942999243736
1696958522777885000,17.998885009765626,-0.028894444927573204,0.04367455467581749,-0.031823836266994476
1696958522787898600,18.008898681640623,-0.022503048181533813,0.009587096981704235,-0.009453942999243736
1696958522797912300,18.018912353515624,-0.029959678649902344,0.04473978653550148,-0.028628136962652206
1696958522807925800,18.02892578125,-0.027829213067889214,0.04473978653550148,-0.015845341607928276
1696958522817939500,18.038939453125,-0.025698747485876083,0.04154408723115921,-0.044606633484363556
1696958522827953000,18.048952880859375,-0.024633513763546944,0.01917419396340847,0.0011983871227130294
1696958522837966600,18.058966552734375,-0.024633513763546944,0.03089175745844841,-0.06697652488946915
1696958522847980300,18.068980224609376,-0.024633513763546944,0.02876129187643528,0.0033288532868027687
1696958522857993700,18.07899365234375,-0.019307348877191544,0.0106523297727108,-0.06271559745073318
1696958522868007400,18.08900732421875,-0.022503048181533813,0.02663082629442215,0.010785484686493874
1696958522878020900,18.099020751953127,-0.018242115154862404,-0.0213046595454216,-0.0723026916384697
1696958522888034600,18.10903466796875,-0.025698747485876083,0.07030537724494934,0.028894444927573204
1696958522898048300,18.11904833984375,-0.016111649572849274,-0.03515268862247467,-0.059519894421100616
1696958522908061700,18.129061767578126,-0.025698747485876083,0.06497921794652939,0.013981183059513569
1696958522918075400,18.139075439453126,-0.018242115154862404,0.0031956990715116262,-0.027562905102968216
1696958522928088800,18.1490888671875,-0.024633513763546944,0.04047885537147522,-0.019041040912270546
1696958522938102500,18.1591025390625,-0.021437814459204674,0.01704372838139534,0.005459319334477186
1696958522948116200,18.1691162109375,-0.024633513763546944,0.05539211630821228,-0.026497671380639076
1696958522958130000,18.1791298828125,-0.017176883295178413,-0.01384802907705307,0.022503048181533813
1696958522968143600,18.1891435546875,-0.027829213067889214,0.05113118514418602,-0.044606633484363556
1696958522978157000,18.199156982421876,-0.012915950268507004,0.0010652330238372087,0.048068638890981674
1696958522988170800,18.209170654296877,-0.028894444927573204,0.0426093190908432,-0.05312849581241608
1696958522998184400,18.219184326171874,-0.015046416781842709,0.01810896210372448,0.07150376588106155
1696958523008198100,18.2291982421875,-0.031024912372231483,0.02556559257209301,-0.058454662561416626
1696958523018211800,18.2392119140625,-0.016111649572849274,0.06178351491689682,0.06298190355300903
1696958523028225300,18.249225341796876,-0.025698747485876083,-0.004260932095348835,-0.028628136962652206
1696958523038239000,18.259239013671873,-0.019307348877191544,0.04793548583984375,0.041677240282297134
1696958523048252700,18.269252685546874,-0.022503048181533813,0.02450035884976387,-0.0009320789249613881
1696958523058266400,18.279266357421875,-0.021437814459204674,0.02556559257209301,0.007589785382151604
1696958523068280000,18.289280029296876,-0.018242115154862404,0.01384802907705307,0.009720250964164734
1696958523078293800,18.299293701171877,-0.012915950268507004,-0.0213046595454216,0.005459319334477186
1696958523088307200,18.30930712890625,-0.020372580736875534,0.02450035884976387,-0.020106272771954536
1696958523098321000,18.31932080078125,-0.009720250964164734,-0.03941362351179123,0.024633513763546944
1696958523108334600,18.32933447265625,-0.012915950268507004,-0.0010652330238372087,-0.033954303711652756
1696958523118348300,18.339348388671876,-0.010785484686493874,-0.02876129187643528,0.025698747485876083
1696958523128362000,18.349362060546873,-0.016111649572849274,0.02343512699007988,-0.038215234875679016
1696958523138375400,18.35937548828125,-0.011850717477500439,0.0063913981430232525,0.010785484686493874
1696958523148389000,18.36938916015625,-0.017176883295178413,0.0213046595454216,-0.017975807189941406
1696958523158402800,18.37940283203125,-0.009720250964164734,0.01384802907705307,-0.0009320789249613881
1696958523168416500,18.38941650390625,-0.015046416781842709,0.02876129187643528,-0.013714875094592571
1696958523178430200,18.39943017578125,-0.012915950268507004,0.0063913981430232525,-0.0030625448562204838
1696958523188443600,18.409443603515626,-0.013981183059513569,0.03728315606713295,-0.007323476951569319
1696958523198457300,18.419457275390624,-0.005459319334477186,-0.009587096981704235,0.015046416781842709
1696958523208471000,18.429470947265624,-0.011850717477500439,0.02343512699007988,-0.025432437658309937
1696958523218484700,18.439484619140625,-0.009720250964164734,0.01384802907705307,0.033155377954244614
1696958523228498400,18.44949853515625,-0.010785484686493874,0.01491326279938221,-0.03288906812667847
1696958523238511900,18.459511962890623,-0.0011983871227130294,-0.007456631399691105,0.057655736804008484
1696958523248525600,18.469525634765624,-0.010785484686493874,0,-0.044606633484363556
1696958523258539300,18.479539306640625,-0.0033288532868027687,0.01384802907705307,0.07043853402137756
1696958523268553000,18.489552978515626,-0.006524552125483751,0.00852186419069767,-0.045671865344047546
1696958523278566700,18.499566650390626,0.0009320789249613881,-0.007456631399691105,0.08428656309843063
1696958523288580000,18.509580078125,-0.012915950268507004,0.01171756349503994,-0.061650361865758896
1696958523298593800,18.51959375,-0.0001331541279796511,0.05752258375287056,0.08428656309843063
1696958523308607500,18.529607421875,-0.010785484686493874,-0.0021304660476744175,-0.047802332788705826
1696958523318621200,18.53962109375,-0.004394086077809334,0.0639139786362648,0.04274247586727142
1696958523328635000,18.549634765625,-0.007589785382151604,0.0426093190908432,-0.015845341607928276
1696958523338648300,18.5596484375,-0.006524552125483751,0.0532616525888443,0.004394086077809334
1696958523348662000,18.569662109375,-0.009720250964164734,0.04047885537147522,0.006524552125483751
1696958523358675700,18.57967578125,-0.0001331541279796511,0.0213046595454216,-0.013714875094592571
1696958523368689400,18.589689453125,-0.0001331541279796511,0.03515268862247467,-0.001997311832383275
1696958523378703000,18.599703125,0.005193010903894901,-0.02236989326775074,-0.008388710208237171
1696958523388716500,18.609716552734376,0.0009320789249613881,0.0213046595454216,0.0011983871227130294
1696958523398730200,18.619730224609373,0.009453942999243736,-0.02982652559876442,-0.016910573467612267
1696958523408744000,18.629743896484374,0.006258244160562754,-0.0021304660476744175,0.010785484686493874
1696958523418757600,18.639757568359375,0.010519175790250301,-0.04367455467581749,-0.010519175790250301
1696958523428771000,18.64977099609375,0.0030625448562204838,0.01917419396340847,0.012915950268507004
1696958523438784800,18.65978466796875,0.010519175790250301,-0.05219641700387001,-0.006258244160562754
1696958523448798200,18.669798095703126,0.006258244160562754,-0.0010652330238372087,0.005459319334477186
1696958523458812000,18.67981201171875,0.005193010903894901,-0.01810896210372448,0.018242115154862404
1696958523468825600,18.68982568359375,-0.0011983871227130294,0.00852186419069767,-0.044606633484363556
1696958523478839000,18.699839111328124,0.008388710208237171,0.009587096981704235,0.07043853402137756
1696958523488852700,18.709852783203125,-0.0033288532868027687,0.00852186419069767,-0.059519894421100616
1696958523498866200,18.7198662109375,0.004127778112888336,0.04047885537147522,0.048068638890981674
1696958523508880000,18.7298798828125,-0.00226362026296556,0.01491326279938221,-0.017975807189941406
1696958523518893600,18.7398935546875,0.001997311832383275,0.03515268862247467,0.015046416781842709
1696958523528907000,18.749906982421876,0.0030625448562204838,0.012782796286046505,0.018242115154862404
1696958523538920700,18.759920654296874,0.001997311832383275,-0.01171756349503994,-0.008388710208237171
1696958523548934100,18.76993408203125,0.005193010903894901,0.02982652559876442,0.04593817517161369
1696958523558947800,18.77994775390625,0.006258244160562754,-0.04793548583984375,-0.009453942999243736
1696958523568961500,18.78996142578125,0.007323476951569319,0.0010652330238372087,0.036351077258586884
1696958523578975000,18.79997509765625,0.005193010903894901,-0.03834838792681694,0.008655018173158169
1696958523588988700,18.80998876953125,0.004127778112888336,0.009587096981704235,0.012915950268507004
1696958523599002000,18.820002197265627,0.008388710208237171,-0.04047885537147522,0.041677240282297134
1696958523609015800,18.830015869140624,-0.0001331541279796511,0.03408745676279068,-0.014780107885599136
1696958523619029500,18.840029541015625,0.0009320789249613881,-0.007456631399691105,0.037416309118270874
1696958523629043000,18.85004296875,-0.0033288532868027687,0.04687025398015976,-0.013714875094592571
1696958523639056600,18.860056640625,0.0009320789249613881,0.012782796286046505,0.033155377954244614
1696958523649070000,18.870070068359375,-0.005459319334477186,0.02982652559876442,-0.031823836266994476
1696958523659083800,18.880083740234376,0.0009320789249613881,0.04154408723115921,0.037416309118270874
1696958523669097500,18.890097412109377,-0.006524552125483751,0.02450035884976387,-0.040345702320337296
1696958523679111000,18.90011083984375,-0.0011983871227130294,0.04900071769952774,0.019307348877191544
1696958523689124600,18.91012451171875,0.001997311832383275,0.009587096981704235,-0.006258244160562754
1696958523699138000,18.920137939453124,0.0009320789249613881,0.02663082629442215,-0.016910573467612267
1696958523709151700,18.93015185546875,0.001997311832383275,0.01384802907705307,0.0001331541279796511
1696958523719165400,18.94016552734375,0.008388710208237171,0.01810896210372448,0.009720250964164734
1696958523729179000,18.950178955078126,0.007323476951569319,-0.02769605815410614,-0.027562905102968216
1696958523739192600,18.960192626953123,0.004127778112888336,0.0213046595454216,0.028894444927573204
1696958523749206000,18.9702060546875,0.007323476951569319,-0.00852186419069767,-0.0030625448562204838
1696958523759219700,18.9802197265625,0.008388710208237171,-0.02450035884976387,0.007589785382151604
1696958523769233400,18.9902333984375,0.009453942999243736,0.007456631399691105,0.024633513763546944
1696958523779246800,19.000246826171875,0.001997311832383275,-0.03408745676279068,-0.005193010903894901
1696958523789260500,19.010260498046875,0.007323476951569319,0.03728315606713295,0.047003407031297684
1696958523799274000,19.02027392578125,0.0009320789249613881,-0.02450035884976387,0.005459319334477186
1696958523809287700,19.03028759765625,0.004127778112888336,0.02236989326775074,0.022503048181533813
1696958523819301400,19.04030126953125,0.0030625448562204838,-0.01171756349503994,0.036351077258586884
1696958523829314800,19.050314697265627,0.004127778112888336,0.03621792420744896,0.0033288532868027687
1696958523839328500,19.06032861328125,-0.0011983871227130294,0,0.057655736804008484
1696958523849342000,19.070342041015625,0.0030625448562204838,-0.0021304660476744175,-0.03288906812667847
1696958523859355600,19.080355712890626,-0.00226362026296556,0.05858781561255455,0.08002562820911407
1696958523869369300,19.090369384765626,0.0009320789249613881,-0.02023942768573761,-0.052063263952732086
1696958523879382800,19.1003828125,-0.006524552125483751,0.08628387749195099,0.066177599132061
1696958523889396500,19.110396484375,0.0030625448562204838,-0.01171756349503994,-0.016910573467612267
1696958523899410000,19.120409912109373,-0.008655018173158169,0.08415340632200241,0.017176883295178413
1696958523909423600,19.130423583984374,-0.0001331541279796511,0.0213046595454216,0.0033288532868027687
1696958523919437300,19.140437255859375,-0.005459319334477186,0.06710968166589737,0.004394086077809334
1696958523929450800,19.15045068359375,0.0009320789249613881,0.04154408723115921,-0.015845341607928276
1696958523939464400,19.16046435546875,0.0009320789249613881,0.03302222490310669,0.023568280041217804
1696958523949478000,19.170477783203125,-0.004394086077809334,0.03408745676279068,-0.04993279650807381
1696958523959491600,19.18049169921875,0.001997311832383275,0.08308817446231842,0.025698747485876083
1696958523969505300,19.19050537109375,-0.0001331541279796511,-0.0106523297727108,-0.041410934180021286
1696958523979518700,19.200518798828124,0.0030625448562204838,0.05219641700387001,-0.03288906812667847
1696958523989532400,19.210532470703125,0.005193010903894901,0.01171756349503994,0.017176883295178413
1696958523999546000,19.220546142578126,0.0030625448562204838,0.0053261648863554,-0.08188978582620621
1696958524009559800,19.230559814453127,0.009453942999243736,0.04580501839518547,0.03848154470324516
1696958524019573500,19.240573486328124,0.004127778112888336,-0.01384802907705307,-0.0712374597787857
1696958524029587200,19.250587158203125,0.013714875094592571,0.03621792420744896,0.006524552125483751
1696958524039600600,19.2606005859375,0.001997311832383275,0.02769605815410614,-0.022236740216612816
1696958524049614300,19.2706142578125,0.006258244160562754,0.05965305119752884,-0.033954303711652756
1696958524059628000,19.2806279296875,0.013714875094592571,0.03408745676279068,0.024633513763546944
1696958524069641700,19.290641845703124,0.001997311832383275,0.04793548583984375,-0.04993279650807381
1696958524079655400,19.300655517578125,0.017975807189941406,0.03941362351179123,0.021437814459204674
1696958524089668900,19.3106689453125,0.004127778112888336,0.03941362351179123,-0.005193010903894901
1696958524099682600,19.3206826171875,0.008388710208237171,0.02556559257209301,-0.03928046673536301
1696958524109696300,19.3306962890625,0.021171506494283676,0.01810896210372448,0.07150376588106155
1696958524119710000,19.3407099609375,0.006258244160562754,-0.01491326279938221,-0.08402025699615479
1696958524129723600,19.3507236328125,0.024367205798625946,0.05219641700387001,0.09067796170711517
1696958524139737000,19.360737060546874,0.015845341607928276,-0.06497921794652939,-0.058454662561416626
1696958524149750800,19.370750732421875,0.012649642303586006,0.07350108027458191,0.023568280041217804
1696958524159764500,19.380764404296876,0.022236740216612816,-0.04367455467581749,0.037416309118270874
1696958524169778200,19.390778076171873,0.009453942999243736,0.05432688444852829,-0.050998032093048096
1696958524179792000,19.4007919921875,0.017975807189941406,0.0063913981430232525,0.0555252730846405
1696958524189805300,19.410805419921875,0.020106272771954536,-0.012782796286046505,-0.025432437658309937
1696958524199819000,19.420819091796876,0.009453942999243736,0.05752258375287056,-0.010519175790250301
1696958524209832700,19.430832763671877,0.022236740216612816,-0.0063913981430232525,0.021437814459204674
1696958524219846400,19.440846435546874,0.015845341607928276,0.02236989326775074,-0.029693370684981346
1696958524229860000,19.450860107421875,0.008388710208237171,0.03515268862247467,-0.019041040912270546
1696958524239873500,19.46087353515625,0.029693370684981346,-0.00852186419069767,0.023568280041217804
1696958524249887200,19.47088720703125,0.015845341607928276,0.02663082629442215,-0.055258963257074356
1696958524259901000,19.48090087890625,0.009453942999243736,0.04687025398015976,-0.010519175790250301
1696958524269914600,19.49091455078125,0.027562905102968216,-0.02876129187643528,0.024633513763546944
1696958524279928300,19.50092822265625,0.012649642303586006,0.07137060910463333,-0.07443315535783768
1696958524289941800,19.510941650390624,0.011584409512579441,0.03515268862247467,0.036351077258586884
1696958524299955500,19.52095556640625,0.021171506494283676,-0.0213046595454216,-0.028628136962652206
1696958524309969200,19.53096923828125,0.011584409512579441,0.09161003679037094,-0.016910573467612267
1696958524319982800,19.54098291015625,0.007323476951569319,0.0319569893181324,-0.004127778112888336
1696958524329996500,19.55099658203125,0.024367205798625946,-0.0053261648863554,0.011850717477500439
1696958524340010000,19.561010009765624,0.014780107885599136,0.05645735189318657,-0.019041040912270546
1696958524350023700,19.571023681640625,0.009453942999243736,0.03302222490310669,-0.007323476951569319
1696958524360037400,19.581037353515626,0.027562905102968216,-0.009587096981704235,0.03848154470324516
1696958524370051000,19.591051025390627,0.015845341607928276,0.02023942768573761,-0.03288906812667847
1696958524380064800,19.601064697265624,0.011584409512579441,0.04580501839518547,0.008655018173158169
1696958524390078200,19.611078125,0.027562905102968216,-0.0319569893181324,0.047003407031297684
1696958524400092000,19.621091796875,0.019041040912270546,0.02769605815410614,-0.045671865344047546
1696958524410105600,19.631105712890626,0.013714875094592571,0.02343512699007988,0.050199106335639954
1696958524420119000,19.641119140625,0.024367205798625946,-0.02236989326775074,-0.006258244160562754
1696958524430132700,19.6511328125,0.022236740216612816,0.0213046595454216,0.026763979345560074
1696958524440146200,19.661146240234373,0.013714875094592571,-0.0031956990715116262,-0.015845341607928276
1696958524450159900,19.671159912109374,0.017975807189941406,0.02023942768573761,0.028894444927573204
1696958524460173600,19.681173583984375,0.024367205798625946,0.009587096981704235,0.00226362026296556
1696958524470187000,19.69118701171875,0.010519175790250301,0.02556559257209301,-0.005193010903894901
1696958524480200700,19.70120068359375,0.010519175790250301,0.06710968166589737,0.010785484686493874
1696958524490214100,19.711214111328125,0.019041040912270546,0.02450035884976387,0.020372580736875534
1696958524500227800,19.721227783203126,0.011584409512579441,0.06497921794652939,-0.03288906812667847
1696958524510241500,19.731241455078123,0.005193010903894901,0.08415340632200241,0.036351077258586884
1696958524520255000,19.7412548828125,0.016910573467612267,0.04793548583984375,-0.020106272771954536
1696958524530268700,19.7512685546875,0.022236740216612816,0.04580501839518547,0.026763979345560074
1696958524540282000,19.7612822265625,0.009453942999243736,0.01917419396340847,-0.040345702320337296
1696958524550295800,19.7712958984375,0.021171506494283676,0.04367455467581749,0.034220609813928604
1696958524560309500,19.7813095703125,0.027562905102968216,-0.004260932095348835,-0.014780107885599136
1696958524570323000,19.791322998046876,0.012649642303586006,0.02236989326775074,-0.024367205798625946
1696958524580336600,19.801336669921874,0.024367205798625946,0.01491326279938221,0.03209014609456062
1696958524590350000,19.81135009765625,0.026497671380639076,-0.0159784946590662,-0.010519175790250301
1696958524600363800,19.82136376953125,0.015845341607928276,0.02876129187643528,-0.016910573467612267
1696958524610377500,19.83137744140625,0.016910573467612267,-0.0159784946590662,0.03848154470324516
1696958524620391000,19.841390869140625,0.024367205798625946,0.01704372838139534,-0.023301972076296806
1696958524630404600,19.851404541015626,0.017975807189941406,0.009587096981704235,0.028894444927573204
1696958524640418000,19.86141796875,0.012649642303586006,-0.0031956990715116262,-0.017975807189941406
1696958524650431700,19.871431640625,0.019041040912270546,0.04580501839518547,0.053394805639982224
1696958524660445400,19.881445556640625,0.016910573467612267,-0.012782796286046505,-0.03288906812667847
1696958524670459000,19.891458984375,0.012649642303586006,0.03728315606713295,0.033155377954244614
1696958524680472600,19.90147265625,0.017975807189941406,-0.01171756349503994,0.0033288532868027687
1696958524690486000,19.911486083984375,0.021171506494283676,0.03941362351179123,0.015046416781842709
1696958524700499700,19.921499755859376,0.019041040912270546,-0.02769605815410614,0.011850717477500439
1696958524710513400,19.931513427734377,0.014780107885599136,0.0053261648863554,-0.010519175790250301
1696958524720526800,19.94152685546875,0.024367205798625946,0.02236989326775074,0.061916667968034744
1696958524730540500,19.95154052734375,0.015845341607928276,-0.02450035884976387,-0.06484606117010117
1696958524740554000,19.961553955078124,0.014780107885599136,0.0426093190908432,0.07150376588106155
1696958524750567700,19.971567626953124,0.021171506494283676,-0.03089175745844841,-0.022236740216612816
1696958524760581400,19.981581298828125,0.021171506494283676,0.02556559257209301,0.012915950268507004
1696958524770594800,19.9915947265625,0.011584409512579441,-0.0021304660476744175,0.008655018173158169
1696958524780608500,20.0016083984375,0.020106272771954536,0.0031956990715116262,0.010785484686493874
1696958524790622000,20.0116220703125,0.021171506494283676,0.02769605815410614,0.013981183059513569
1696958524800635600,20.0216357421875,0.013714875094592571,0.00852186419069767,-0.011584409512579441
1696958524810649300,20.0316494140625,0.014780107885599136,0.02023942768573761,0.011850717477500439
1696958524820662800,20.041662841796875,0.017975807189941406,0.03941362351179123,0.022503048181533813
1696958524830676500,20.051676513671875,0.013714875094592571,0.01704372838139534,-0.03928046673536301
1696958524840690000,20.06168994140625,0.015845341607928276,0.02023942768573761,0.03954677656292915
1696958524850703600,20.07170361328125,0.023301972076296806,-0.0010652330238372087,-0.010519175790250301
1696958524860717300,20.08171728515625,0.014780107885599136,0.0319569893181324,-0.009453942999243736
1696958524870730800,20.091730712890627,0.016910573467612267,-0.0031956990715116262,0.015046416781842709
1696958524880744400,20.101744384765624,0.025432437658309937,-0.00852186419069767,0.006524552125483751
1696958524890758000,20.1117578125,0.020106272771954536,0.01171756349503994,-0.017975807189941406
1696958524900771600,20.121771484375,0.014780107885599136,0.0010652330238372087,0.006524552125483751
1696958524910785300,20.131785400390626,0.027562905102968216,-0.0319569893181324,0.015046416781842709
1696958524920798700,20.141798828125,0.017975807189941406,0.02236989326775074,-0.015845341607928276
1696958524930812400,20.1518125,0.012649642303586006,-0.00852186419069767,-0.0030625448562204838
1696958524940825900,20.161825927734377,0.024367205798625946,-0.007456631399691105,0.017176883295178413
1696958524950839600,20.171839599609374,0.015845341607928276,0.03621792420744896,-0.013714875094592571
1696958524960853200,20.181853271484375,0.009453942999243736,0.0053261648863554,-0.028628136962652206
1696958524970866700,20.19186669921875,0.025432437658309937,-0.004260932095348835,0.05659050494432449
1696958524980880400,20.20188037109375,0.010519175790250301,0.02343512699007988,-0.05632419511675835
1696958524990893800,20.211893798828125,0.008388710208237171,0.02663082629442215,0.007589785382151604
1696958525000907500,20.221907470703126,0.027562905102968216,-0.02663082629442215,0.04593817517161369
1696958525010921200,20.231921142578123,0.009453942999243736,0.0426093190908432,-0.0712374597787857
1696958525020935000,20.241934814453124,0.014780107885599136,0.0031956990715116262,0.04913387447595596
1696958525030948400,20.2519482421875,0.022236740216612816,-0.03408745676279068,0.0033288532868027687
1696958525040962000,20.261962158203126,0.007323476951569319,0.03089175745844841,-0.03928046673536301
1696958525050975700,20.271975830078127,0.022236740216612816,-0.05219641700387001,0.047003407031297684
1696958525060989400,20.281989501953124,0.017975807189941406,-0.02343512699007988,0.0001331541279796511
1696958525071003100,20.292003173828125,0.0009320789249613881,0.02982652559876442,-0.033954303711652756
1696958525081016800,20.302016845703125,0.023301972076296806,-0.05645735189318657,0.08109086751937866
1696958525091030300,20.3120302734375,0.0030625448562204838,0.02450035884976387,-0.047802332788705826
1696958525101044000,20.3220439453125,0.004127778112888336,0.03089175745844841,0.033155377954244614
1696958525111057700,20.3320576171875,0.019041040912270546,-0.06071828305721283,0.05978620424866676
1696958525121071400,20.3420712890625,-0.008655018173158169,0.06604444980621338,-0.054193731397390366
1696958525131085000,20.3520849609375,0.005193010903894901,0.009587096981704235,0.08535179495811462
1696958525141098500,20.362098388671875,0.0030625448562204838,-0.0319569893181324,-0.0009320789249613881
1696958525151112200,20.3721123046875,0.0009320789249613881,0.0319569893181324,0.022503048181533813
1696958525161126000,20.3821259765625,0.005193010903894901,-0.0213046595454216,0.04593817517161369
1696958525171139600,20.3921396484375,-0.005459319334477186,0.02343512699007988,-0.005193010903894901
1696958525181153300,20.4021533203125,0.004127778112888336,-0.0031956990715116262,0.037416309118270874
1696958525191166700,20.412166748046875,-0.0011983871227130294,-0.0063913981430232525,0.024633513763546944
1696958525201180400,20.422180419921876,-0.0011983871227130294,-0.0053261648863554,-0.006258244160562754
1696958525211194000,20.432194091796877,0.001997311832383275,0.02556559257209301,0.03528584539890289
1696958525221207800,20.442207763671874,-0.00226362026296556,-0.03834838792681694,-0.001997311832383275
1696958525231221500,20.452221435546875,-0.0001331541279796511,0.04900071769952774,0.004394086077809334
1696958525241235000,20.46223486328125,-0.0033288532868027687,-0.01810896210372448,0.013981183059513569
1696958525251248600,20.47224853515625,-0.0001331541279796511,0.0213046595454216,0.0001331541279796511
1696958525261262300,20.482262451171874,-0.005459319334477186,0.007456631399691105,0.006524552125483751
1696958525271276000,20.492276123046874,-0.0033288532868027687,0.02663082629442215,-0.009453942999243736
1696958525281289700,20.502289794921875,-0.00226362026296556,0.01917419396340847,0.023568280041217804
1696958525291303200,20.51230322265625,-0.007589785382151604,0.01171756349503994,-0.021171506494283676
1696958525301316900,20.52231689453125,0.0030625448562204838,0.04047885537147522,0.023568280041217804
1696958525311330600,20.53233056640625,-0.0033288532868027687,-0.03408745676279068,-0.014780107885599136
1696958525321344300,20.54234423828125,0.0030625448562204838,0.03621792420744896,0.00226362026296556
1696958525331358000,20.55235791015625,0.0009320789249613881,-0.0213046595454216,0.03209014609456062
1696958525341371400,20.562371337890625,0.005193010903894901,-0.02876129187643528,-0.054193731397390366
1696958525351385000,20.572385009765625,0.004127778112888336,-0.009587096981704235,0.08109086751937866
1696958525361398800,20.582398681640626,0.0009320789249613881,-0.05965305119752884,-0.08402025699615479
1696958525371412500,20.59241259765625,0.006258244160562754,0.03728315606713295,0.09067796170711517
1696958525381426200,20.60242626953125,0.0009320789249613881,-0.09693620353937149,-0.040345702320337296
1696958525391439600,20.612439697265625,0.005193010903894901,0.02556559257209301,0.016111649572849274
1696958525401453300,20.622453369140626,-0.0011983871227130294,-0.02343512699007988,0.060851436108350754
1696958525411467000,20.632467041015627,0.001997311832383275,-0.03941362351179123,-0.06697652488946915
1696958525421480700,20.642480712890624,0.0009320789249613881,0.02663082629442215,0.10026505589485168
1696958525431494400,20.652494384765625,-0.005459319334477186,-0.05645735189318657,-0.061650361865758896
1696958525441507800,20.6625078125,-0.004394086077809334,0.06924014538526535,0.061916667968034744
1696958525451521500,20.672521484375,-0.005459319334477186,-0.02450035884976387,-0.009453942999243736
1696958525461535200,20.68253515625,-0.007589785382151604,0.05539211630821228,0.018242115154862404
1696958525471548700,20.692548583984376,-0.005459319334477186,-0.0106523297727108,0.016111649572849274
1696958525481562400,20.702562255859377,-0.0033288532868027687,0.05006595328450203,-0.012649642303586006
1696958525491575800,20.712575927734374,-0.0033288532868027687,-0.0213046595454216,0.026763979345560074
1696958525501589500,20.722589599609375,-0.00226362026296556,-0.02023942768573761,-0.027562905102968216
1696958525511603200,20.732603271484376,-0.0001331541279796511,0.0213046595454216,0.033155377954244614
1696958525521616600,20.74261669921875,0.0009320789249613881,-0.05219641700387001,-0.052063263952732086
1696958525531630300,20.75263037109375,0.004127778112888336,0.01704372838139534,0.031024912372231483
1696958525541643800,20.762643798828126,-0.00226362026296556,-0.03621792420744896,-0.026497671380639076
1696958525551657500,20.772657470703123,-0.0011983871227130294,0.0319569893181324,-0.031823836266994476
1696958525561671200,20.782671142578124,0.001997311832383275,-0.0213046595454216,0.03528584539890289
1696958525571684600,20.7926845703125,-0.0011983871227130294,-0.0063913981430232525,-0.0829550251364708
1696958525581698300,20.8026982421875,-0.00226362026296556,0.0319569893181324,0.043807707726955414
1696958525591711700,20.812711669921875,-0.0033288532868027687,-0.0031956990715116262,-0.08082455396652222
1696958525601725400,20.822725341796875,-0.004394086077809334,0.06071828305721283,0.013981183059513569
1696958525611739100,20.8327392578125,-0.0033288532868027687,-0.012782796286046505,-0.052063263952732086
1696958525621752600,20.842752685546873,-0.004394086077809334,0.0532616525888443,-0.0009320789249613881
1696958525631766300,20.852766357421874,-0.004394086077809334,0.004260932095348835,-0.05312849581241608
1696958525641779700,20.86277978515625,-0.0001331541279796511,0.04154408723115921,0.010785484686493874
1696958525651793400,20.87279345703125,-0.005459319334477186,-0.004260932095348835,-0.038215234875679016
1696958525661807000,20.88280712890625,0.005193010903894901,0.004260932095348835,-0.008388710208237171
1696958525671820500,20.892820556640626,-0.0011983871227130294,0.0031956990715116262,0.005459319334477186
1696958525681834200,20.902834228515626,0.0009320789249613881,-0.02023942768573761,-0.047802332788705826
1696958525691847700,20.91284765625,0.004127778112888336,0.0021304660476744175,0.026763979345560074
1696958525701861400,20.922861328125,0.0009320789249613881,-0.05113118514418602,-0.022236740216612816
1696958525711875000,20.932875,-0.0001331541279796511,0.0159784946590662,-0.024367205798625946
1696958525721888500,20.942888427734374,0.0030625448562204838,-0.03834838792681694,0.05978620424866676
1696958525731902200,20.952902099609375,0.0009320789249613881,-0.03089175745844841,-0.07549838721752167
1696958525741915600,20.96291552734375,-0.0033288532868027687,0.02450035884976387,0.09174319356679916
1696958525751929300,20.972929443359376,-0.0033288532868027687,-0.05752258375287056,-0.06484606117010117
1696958525761943000,20.982943115234374,-0.005459319334477186,0.06178351491689682,0.07469946891069412
1696958525771956500,20.99295654296875,-0.006524552125483751,-0.0426093190908432,-0.017975807189941406
1696958525781970200,21.00297021484375,-0.005459319334477186,0.06924014538526535,0.034220609813928604
1696958525791983600,21.012983642578124,-0.006524552125483751,-0.03834838792681694,0.023568280041217804
1696958525801997300,21.022997314453125,-0.006524552125483751,0.06178351491689682,0.0001331541279796511
1696958525812011000,21.033010986328126,-0.005459319334477186,-0.0010652330238372087,0.06830807030200958
1696958525822024400,21.0430244140625,-0.007589785382151604,0.009587096981704235,-0.05312849581241608
1696958525832038100,21.0530380859375,-0.005459319334477186,0.04793548583984375,0.11624355614185333
1696958525842051600,21.063051513671876,-0.006524552125483751,-0.05113118514418602,-0.08082455396652222
1696958525852065300,21.073065185546874,-0.0033288532868027687,0.08095771074295044,0.09174319356679916
1696958525862079000,21.083078857421874,-0.0001331541279796511,-0.09800143539905548,-0.016910573467612267
1696958525872092400,21.093092529296875,-0.011850717477500439,0.09054480493068695,0.0011983871227130294
1696958525882106000,21.103106201171876,-0.005459319334477186,0,0.06830807030200958
1696958525892119600,21.11311962890625,-0.005459319334477186,-0.00852186419069767,-0.07443315535783768
1696958525902133200,21.12313330078125,-0.005459319334477186,0.05006595328450203,0.0874822586774826
1696958525912147000,21.13314697265625,-0.009720250964164734,0.0021304660476744175,-0.06910699605941772
1696958525922160400,21.143160400390624,-0.008655018173158169,0.07669677585363388,0.043807707726955414
1696958525932174000,21.153174072265625,-0.007589785382151604,-0.0319569893181324,-0.024367205798625946
1696958525942187500,21.1631875,-0.0011983871227130294,0.06178351491689682,0.0011983871227130294
1696958525952201200,21.173201171875,-0.005459319334477186,-0.05006595328450203,-0.009453942999243736
1696958525962215000,21.18321484375,-0.0011983871227130294,0.0159784946590662,-0.021171506494283676
1696958525972228600,21.193228515625,-0.0033288532868027687,-0.012782796286046505,0.017176883295178413
1696958525982242300,21.2032421875,-0.00226362026296556,-0.01917419396340847,-0.045671865344047546
1696958525992256800,21.2132568359375,0.006258244160562754,-0.01810896210372448,0.048068638890981674
1696958526002270700,21.223270751953127,-0.006524552125483751,-0.02343512699007988,-0.057389430701732635
1696958526012284200,21.2332841796875,0.001997311832383275,0.02343512699007988,0.028894444927573204
1696958526022297900,21.2432978515625,-0.004394086077809334,-0.02023942768573761,-0.0009320789249613881
1696958526032311600,21.2533115234375,-0.005459319334477186,0.01171756349503994,-0.024367205798625946
1696958526042325000,21.263324951171874,0.0030625448562204838,0.02343512699007988,0.06298190355300903
1696958526052338700,21.273338623046875,-0.012915950268507004,-0.0063913981430232525,-0.047802332788705826
1696958526062352400,21.283352294921876,-0.004394086077809334,0.08415340632200241,0.041677240282297134
1696958526072365800,21.29336572265625,-0.004394086077809334,-0.02023942768573761,0.03209014609456062
1696958526082379500,21.303379638671874,-0.012915950268507004,0.0532616525888443,-0.04673709720373154
1696958526092393000,21.31339306640625,0.005193010903894901,0.007456631399691105,0.11198262125253677
1696958526102406700,21.32340673828125,-0.016111649572849274,0.01491326279938221,-0.07656362652778625
1696958526112420400,21.33342041015625,-0.005459319334477186,0.05645735189318657,0.05978620424866676
1696958526122433800,21.343433837890625,0.006258244160562754,-0.05965305119752884,0.015046416781842709
1696958526132447500,21.353447509765626,-0.008655018173158169,0.01917419396340847,-0.029693370684981346
1696958526142461000,21.3634609375,0.004127778112888336,-0.02450035884976387,0.041677240282297134
1696958526152474600,21.373474609375,-0.0001331541279796511,-0.0213046595454216,0.00226362026296556
1696958526162488300,21.38348828125,-0.010785484686493874,0.02450035884976387,-0.057389430701732635
1696958526172501800,21.393501708984374,0.007323476951569319,-0.02023942768573761,0.06511236727237701
1696958526182515500,21.403515380859375,-0.009720250964164734,-0.004260932095348835,-0.0829550251364708
1696958526192529000,21.41352880859375,-0.010785484686493874,0.06924014538526535,0.0033288532868027687
1696958526202542600,21.42354248046875,0.0030625448562204838,-0.03408745676279068,0.0001331541279796511
1696958526212556300,21.433556396484374,-0.015046416781842709,0.0426093190908432,-0.08721595257520676
1696958526222569700,21.44356982421875,-0.009720250964164734,0.06604444980621338,0.015046416781842709
1696958526232583400,21.45358349609375,-0.0001331541279796511,-0.03302222490310669,-0.045671865344047546
1696958526242597600,21.46359765625,-0.015046416781842709,0.07243584841489792,-0.06697652488946915
1696958526252611000,21.473611083984373,-0.0011983871227130294,-0.02236989326775074,0.016111649572849274
1696958526262624800,21.483624755859374,0.004127778112888336,-0.01704372838139534,-0.07336792349815369
1696958526272638500,21.493638427734375,-0.011850717477500439,0.05113118514418602,-0.026497671380639076
1696958526282652000,21.50365185546875,-0.0033288532868027687,-0.03834838792681694,-0.020106272771954536
1696958526292665600,21.51366552734375,0.008388710208237171,0.0021304660476744175,-0.017975807189941406
1696958526302679000,21.523678955078125,-0.005459319334477186,0.0063913981430232525,-0.044606633484363556
1696958526312692700,21.533692626953126,-0.005459319334477186,-0.0010652330238372087,-0.0009320789249613881
1696958526322706400,21.54370654296875,0.009453942999243736,-0.0010652330238372087,0.023568280041217804
1696958526332719900,21.553719970703124,-0.006524552125483751,-0.007456631399691105,-0.061650361865758896
1696958526342733600,21.563733642578125,-0.00226362026296556,0.01810896210372448,0.051264338195323944
1696958526352747000,21.5737470703125,0.005193010903894901,-0.03515268862247467,0.013981183059513569
1696958526362760700,21.5837607421875,-0.007589785382151604,0.02556559257209301,-0.037150003015995026
1696958526372774400,21.5937744140625,-0.004394086077809334,0.004260932095348835,0.061916667968034744
1696958526382787800,21.603787841796876,0.004127778112888336,-0.03089175745844841,0.009720250964164734
1696958526392801500,21.613801513671874,-0.004394086077809334,0.02023942768573761,-0.007323476951569319
1696958526402815000,21.62381494140625,-0.006524552125483751,-0.0063913981430232525,0.044872939586639404
1696958526412828700,21.63382861328125,0.001997311832383275,-0.01384802907705307,-0.0009320789249613881
1696958526422842400,21.64384228515625,0.0030625448562204838,0.0010652330238372087,0.031024912372231483
1696958526432855800,21.653855712890625,-0.005459319334477186,-0.01704372838139534,-0.012649642303586006
1696958526442869500,21.663869384765626,0.0009320789249613881,0.01491326279938221,0.041677240282297134
1696958526452883000,21.673883056640626,0.001997311832383275,-0.0106523297727108,-0.015845341607928276
1696958526462896600,21.683896728515624,-0.0033288532868027687,0.01917419396340847,0.016111649572849274
1696958526472910300,21.693910400390624,-0.007589785382151604,0.01171756349503994,-0.010519175790250301
1696958526482923800,21.703923828125,-0.0011983871227130294,0.04793548583984375,0.022503048181533813
1696958526492937500,21.7139375,-0.006524552125483751,0.01704372838139534,-0.035019535571336746
1696958526502951000,21.723950927734375,-0.0033288532868027687,0.05006595328450203,0.013981183059513569
1696958526512964600,21.733964599609376,-0.004394086077809334,0.02023942768573761,-0.005193010903894901
1696958526522978300,21.743978271484377,-0.0001331541279796511,0.02982652559876442,-0.038215234875679016
1696958526532991700,21.75399169921875,-0.00226362026296556,0.00852186419069767,0.012915950268507004
1696958526543005400,21.76400537109375,-0.0011983871227130294,0.009587096981704235,-0.027562905102968216
1696958526553019000,21.774018798828124,0.004127778112888336,0.004260932095348835,0.010785484686493874
1696958526563032600,21.784032470703124,0.001997311832383275,-0.01384802907705307,-0.022236740216612816
1696958526573046300,21.79404638671875,0.0009320789249613881,-0.01491326279938221,0.011850717477500439
1696958526583059700,21.804059814453126,0.010519175790250301,-0.012782796286046505,0.012915950268507004
1696958526593073400,21.814073486328127,0.004127778112888336,-0.0106523297727108,0.0033288532868027687
1696958526603086800,21.8240869140625,-0.0033288532868027687,0.0053261648863554,0.007589785382151604
1696958526613100500,21.8341005859375,0.006258244160562754,0.01491326279938221,0.057655736804008484
1696958526623114200,21.8441142578125,0.001997311832383275,0.0031956990715116262,0.004394086077809334
1696958526633127700,21.854127685546874,-0.004394086077809334,0.02982652559876442,0.031024912372231483
1696958526643141400,21.864141357421875,0.004127778112888336,0.007456631399691105,0.054460037499666214
1696958526653154800,21.87415478515625,0.010519175790250301,-0.01704372838139534,0.024633513763546944
1696958526663168500,21.88416845703125,-0.00226362026296556,0.0031956990715116262,0.024633513763546944
1696958526673182200,21.89418212890625,-0.00226362026296556,0.02663082629442215,0.054460037499666214
1696958526683195600,21.904195556640627,0.010519175790250301,-0.02982652559876442,0.025698747485876083
1696958526693209300,21.914209228515624,0.008388710208237171,0.007456631399691105,0.028894444927573204
1696958526703222800,21.924222900390625,-0.0001331541279796511,-0.02023942768573761,0.021437814459204674
1696958526713236500,21.934236572265625,0.007323476951569319,0.02982652559876442,0.010785484686493874
1696958526723250200,21.944250244140626,0.013714875094592571,0,0.037416309118270874
1696958526733264000,21.954263916015623,0.007323476951569319,-0.03089175745844841,-0.041410934180021286
1696958526743277300,21.96427734375,0.010519175790250301,0.03515268862247467,0.054460037499666214
1696958526753291000,21.974291015625,0.010519175790250301,-0.009587096981704235,-0.033954303711652756
1696958526763304700,21.9843046875,0.011584409512579441,0.04367455467581749,0.004394086077809334
1696958526773318400,21.994318359375,0.009453942999243736,-0.0063913981430232525,0.008655018173158169
1696958526783332000,22.00433203125,0.009453942999243736,0.06071828305721283,-0.028628136962652206
1696958526793345800,22.014345703125,0.015845341607928276,0.02876129187643528,0.017176883295178413
1696958526803359200,22.024359130859374,0.005193010903894901,0.0159784946590662,-0.043541401624679565
1696958526813373000,22.034373046875,0.016910573467612267,0.06604444980621338,0.019307348877191544
1696958526823386600,22.04438671875,0.023301972076296806,-0.02769605815410614,-0.016910573467612267
1696958526833400300,22.054400390625,0.016910573467612267,0.01171756349503994,-0.029693370684981346
1696958526843414000,22.0644140625,0.021171506494283676,0.0053261648863554,0.015046416781842709
1696958526853427500,22.074427490234374,0.027562905102968216,-0.012782796286046505,-0.031823836266994476
1696958526863441200,22.084441162109375,0.026497671380639076,-0.03302222490310669,0.0033288532868027687
1696958526873454800,22.094454833984376,0.016910573467612267,0.012782796286046505,-0.037150003015995026
1696958526883468500,22.104468505859376,0.030758604407310486,-0.01917419396340847,0.021437814459204674
1696958526893482200,22.114482177734374,0.031823836266994476,-0.03941362351179123,-0.027562905102968216
1696958526903495700,22.12449560546875,0.023301972076296806,-0.01491326279938221,-0.004127778112888336
1696958526913509400,22.13450927734375,0.030758604407310486,-0.0213046595454216,-0.006258244160562754
1696958526923523000,22.144523193359376,0.038215234875679016,-0.012782796286046505,0.028894444927573204
1696958526933536800,22.154536865234373,0.025432437658309937,-0.04473978653550148,-0.04673709720373154
1696958526943550500,22.164550537109374,0.026497671380639076,0.03408745676279068,0.047003407031297684
1696958526953564000,22.17456396484375,0.03608476743102074,-0.02876129187643528,0.005459319334477186
1696958526963577600,22.18457763671875,0.028628136962652206,-0.009587096981704235,-0.015845341607928276
1696958526973591300,22.19459130859375,0.023301972076296806,0.007456631399691105,0.041677240282297134
1696958526983605000,22.20460498046875,0.031823836266994476,-0.004260932095348835,-0.011584409512579441
1696958526993618700,22.21461865234375,0.035019535571336746,0.0063913981430232525,0.036351077258586884
1696958527003632000,22.224632080078123,0.024367205798625946,-0.01384802907705307,-0.022236740216612816
1696958527013645800,22.234645751953124,0.026497671380639076,0.04367455467581749,0.029959678649902344
1696958527023659500,22.244659423828125,0.033954303711652756,0.012782796286046505,-0.007323476951569319
1696958527033673200,22.254673095703126,0.027562905102968216,0.02343512699007988,0.0001331541279796511
1696958527043687000,22.26468701171875,0.025432437658309937,0.04473978653550148,-0.005193010903894901
1696958527053700400,22.274700439453124,0.037150003015995026,0.03728315606713295,0.016111649572849274
1696958527063714000,22.284714111328125,0.033954303711652756,-0.00852186419069767,-0.041410934180021286
1696958527073727700,22.294727783203125,0.026497671380639076,0.05858781561255455,0.009720250964164734
1696958527083741400,22.304741455078126,0.041410934180021286,0,0.0001331541279796511
1696958527093755100,22.314755126953123,0.038215234875679016,0.0063913981430232525,-0.04993279650807381
1696958527103768600,22.3247685546875,0.03608476743102074,0.02450035884976387,0.031024912372231483
1696958527113782300,22.3347822265625,0.038215234875679016,-0.02023942768573761,-0.045671865344047546
1696958527123796000,22.3447958984375,0.04673709720373154,0.0319569893181324,0.0001331541279796511
1696958527133809700,22.3548095703125,0.041410934180021286,-0.03834838792681694,-0.005193010903894901
1696958527143823400,22.3648232421875,0.037150003015995026,0.007456631399691105,-0.038215234875679016
1696958527153836800,22.3748369140625,0.05312849581241608,-0.004260932095348835,0.040612008422613144
1696958527163850500,22.3848505859375,0.043541401624679565,-0.02663082629442215,-0.045671865344047546
1696958527173864200,22.3948642578125,0.035019535571336746,0.0053261648863554,0.0033288532868027687
1696958527183878000,22.4048779296875,0.048867564648389816,0.0063913981430232525,0.019307348877191544
1696958527193891600,22.4148916015625,0.045671865344047546,0.0053261648863554,-0.023301972076296806
1696958527203905000,22.424905029296873,0.03288906812667847,0.03728315606713295,-0.005193010903894901
1696958527213918700,22.434918701171874,0.04673709720373154,0.0213046595454216,0.023568280041217804
1696958527223932400,22.444932373046875,0.050998032093048096,0.02450035884976387,-0.013714875094592571
1696958527233946000,22.454946044921876,0.040345702320337296,0.02450035884976387,-0.005193010903894901
1696958527243959600,22.46495947265625,0.044606633484363556,-0.01171756349503994,0.022503048181533813
1696958527253973200,22.47497314453125,0.055258963257074356,0.03302222490310669,0.0001331541279796511
1696958527263987000,22.484987060546874,0.048867564648389816,-0.01704372838139534,0.017176883295178413
1696958527274000400,22.49500048828125,0.042476166039705276,0.009587096981704235,-0.0009320789249613881
1696958527284014000,22.50501416015625,0.058454662561416626,0.0106523297727108,0.057655736804008484
1696958527294027500,22.515027587890625,0.054193731397390366,-0.02663082629442215,-0.020106272771954536
1696958527304041200,22.525041259765626,0.047802332788705826,-0.0021304660476744175,0.04593817517161369
1696958527314055000,22.535054931640627,0.05632419511675835,-0.03302222490310669,0.019307348877191544
1696958527324068400,22.545068359375,0.061650361865758896,-0.01810896210372448,0.027829213067889214
1696958527334082000,22.55508203125,0.047802332788705826,-0.03408745676279068,0.010785484686493874
1696958527344095500,22.565095458984374,0.054193731397390366,-0.02769605815410614,0.025698747485876083
1696958527354109200,22.575109130859374,0.06271559745073318,-0.02343512699007988,0.029959678649902344
1696958527364123000,22.585122802734375,0.048867564648389816,-0.0319569893181324,-0.022236740216612816
1696958527374136300,22.59513623046875,0.04993279650807381,0.0106523297727108,0.036351077258586884
1696958527384150000,22.60514990234375,0.054193731397390366,-0.00852186419069767,0.0011983871227130294
1696958527394163500,22.61516357421875,0.04673709720373154,0.02023942768573761,-0.024367205798625946
1696958527404177200,22.62517724609375,0.047802332788705826,0.02343512699007988,0.025698747485876083
1696958527414190800,22.63519091796875,0.04993279650807381,0.01704372838139534,-0.024367205798625946
1696958527424204300,22.645204345703124,0.050998032093048096,0.03089175745844841,-0.004127778112888336
1696958527434218000,22.655218017578125,0.045671865344047546,0.0213046595454216,-0.020106272771954536
1696958527444231700,22.665231689453126,0.052063263952732086,0.03089175745844841,0.0011983871227130294
1696958527454245000,22.6752451171875,0.05632419511675835,-0.00852186419069767,-0.016910573467612267
1696958527464258800,22.6852587890625,0.048867564648389816,0.0319569893181324,-0.033954303711652756
1696958527474272300,22.695272216796877,0.054193731397390366,0.007456631399691105,0.010785484686493874
1696958527484286000,22.705285888671874,0.058454662561416626,0.0106523297727108,-0.022236740216612816
1696958527494299600,22.715299560546875,0.052063263952732086,0.01917419396340847,-0.014780107885599136
1696958527504313000,22.72531298828125,0.04673709720373154,0.0319569893181324,-0.020106272771954536
1696958527514326800,22.735326904296876,0.061650361865758896,0.009587096981704235,0.03209014609456062
1696958527524340200,22.74534033203125,0.054193731397390366,0.00852186419069767,-0.057389430701732635
1696958527534354000,22.75535400390625,0.050998032093048096,0.02343512699007988,0.044872939586639404
1696958527544367600,22.76536767578125,0.058454662561416626,-0.01384802907705307,-0.020106272771954536
1696958527554381000,22.775381103515624,0.060585130006074905,0.03089175745844841,0.03209014609456062
1696958527564394800,22.785394775390625,0.05312849581241608,-0.03728315606713295,-0.014780107885599136
1696958527574408200,22.795408203125,0.057389430701732635,0.01704372838139534,0.033155377954244614
1696958527584422000,22.805421875,0.06378082931041718,-0.02236989326775074,0.023568280041217804
1696958527594435600,22.815435546875,0.052063263952732086,0.0010652330238372087,-0.021171506494283676
1696958527604449000,22.825448974609376,0.058454662561416626,-0.02450035884976387,0.07043853402137756
1696958527614462700,22.835462646484373,0.06484606117010117,-0.02982652559876442,-0.008388710208237171
1696958527624476200,22.84547607421875,0.055258963257074356,0.01171756349503994,0.018242115154862404
1696958527634489900,22.85548974609375,0.05632419511675835,-0.04793548583984375,0.028894444927573204
1696958527644503600,22.865503662109376,0.061650361865758896,-0.01171756349503994,0.019307348877191544
1696958527654517000,22.87551708984375,0.057389430701732635,-0.0159784946590662,0.010785484686493874
1696958527664530700,22.88553076171875,0.054193731397390366,-0.03941362351179123,0.018242115154862404
1696958527674544000,22.895544189453126,0.057389430701732635,0.0021304660476744175,0.019307348877191544
1696958527684557800,22.905557861328123,0.061650361865758896,-0.01171756349503994,0.017176883295178413
1696958527694571500,22.915571533203124,0.055258963257074356,-0.05432688444852829,-0.012649642303586006
1696958527704585000,22.9255849609375,0.055258963257074356,0.0063913981430232525,0.031024912372231483
1696958527714598700,22.9355986328125,0.060585130006074905,-0.01917419396340847,-0.005193010903894901
1696958527724612400,22.9456123046875,0.060585130006074905,-0.0063913981430232525,-0.007323476951569319
1696958527734626000,22.9556259765625,0.050998032093048096,-0.00852186419069767,0.010785484686493874
1696958527744639500,22.965639404296876,0.059519894421100616,-0.01171756349503994,-0.012649642303586006
1696958527754653200,22.975653076171874,0.06271559745073318,-0.0159784946590662,0.015046416781842709
1696958527764667000,22.9856669921875,0.04993279650807381,-0.03728315606713295,-0.042476166039705276
1696958527774680600,22.9956806640625,0.06484606117010117,-0.012782796286046505,0.043807707726955414
1696958527784694300,23.0056943359375,0.061650361865758896,-0.06604444980621338,-0.03288906812667847
1696958527794707700,23.015707763671877,0.052063263952732086,0.0021304660476744175,-0.014780107885599136
1696958527804721400,23.025721435546874,0.061650361865758896,-0.07030537724494934,0.03848154470324516
1696958527814735000,23.035735107421875,0.059519894421100616,-0.01917419396340847,-0.03608476743102074
1696958527824748800,23.045748779296876,0.057389430701732635,-0.03621792420744896,0.018242115154862404
1696958527834762500,23.055762451171876,0.054193731397390366,-0.04687025398015976,-0.012649642303586006
1696958527844776000,23.06577587890625,0.060585130006074905,-0.02023942768573761,0.033155377954244614
1696958527854789600,23.07578955078125,0.05312849581241608,-0.02769605815410614,-0.03288906812667847
1696958527864803300,23.08580322265625,0.050998032093048096,-0.0159784946590662,0.026763979345560074
1696958527874817000,23.095817138671876,0.054193731397390366,-0.02236989326775074,0.017176883295178413
1696958527884830700,23.105830810546873,0.052063263952732086,-0.02236989326775074,-0.0030625448562204838
1696958527894844200,23.11584423828125,0.04673709720373154,-0.0021304660476744175,0.013981183059513569
1696958527904857900,23.12585791015625,0.052063263952732086,-0.01704372838139534,0.019307348877191544
1696958527914871600,23.13587158203125,0.054193731397390366,-0.0053261648863554,0.018242115154862404
1696958527924885200,23.14588525390625,0.043541401624679565,-0.007456631399691105,-0.008388710208237171
1696958527934899000,23.15589892578125,0.043541401624679565,0.03621792420744896,0.023568280041217804
1696958527944912400,23.165912353515626,0.048867564648389816,0.007456631399691105,0.024633513763546944
1696958527954926000,23.175926025390623,0.03928046673536301,0.02343512699007988,-0.042476166039705276
1696958527964939800,23.185939697265624,0.044606633484363556,0.03089175745844841,0.0555252730846405
1696958527974953500,23.195953369140625,0.043541401624679565,0.01171756349503994,-0.03608476743102074
1696958527984967200,23.20596728515625,0.045671865344047546,0.04900071769952774,0.0033288532868027687
1696958527994980600,23.215980712890627,0.037150003015995026,0.01704372838139534,-0.006258244160562754
1696958528004994300,23.225994384765624,0.045671865344047546,0.02023942768573761,-0.007323476951569319
1696958528015008000,23.236008056640625,0.048867564648389816,-0.012782796286046505,-0.007323476951569319
1696958528025021700,23.246021728515625,0.03928046673536301,0.02450035884976387,-0.025432437658309937
1696958528035035400,23.256035400390626,0.04993279650807381,-0.02556559257209301,0.020372580736875534
1696958528045048800,23.266048828125,0.04673709720373154,-0.0021304660476744175,-0.044606633484363556
1696958528055062500,23.2760625,0.043541401624679565,0.009587096981704235,0.009720250964164734
1696958528065075200,23.2860751953125,0.042476166039705276,-0.04367455467581749,-0.052063263952732086
1696958528075089000,23.2960888671875,0.048867564648389816,0.03834838792681694,0.025698747485876083
1696958528085102600,23.3061025390625,0.040345702320337296,-0.03302222490310669,-0.06697652488946915
1696958528095116000,23.316115966796875,0.03928046673536301,0.02023942768573761,-0.016910573467612267
1696958528105129700,23.326129638671876,0.048867564648389816,-0.02023942768573761,-0.004127778112888336
1696958528115143400,23.336143310546873,0.038215234875679016,0.0159784946590662,-0.07549838721752167
1696958528125157000,23.3461572265625,0.03608476743102074,0.02450035884976387,-0.004127778112888336
1696958528135170800,23.3561708984375,0.042476166039705276,-0.0319569893181324,-0.04993279650807381
1696958528145184300,23.366184326171876,0.042476166039705276,0.03834838792681694,-0.025432437658309937
1696958528155198000,23.376197998046877,0.03928046673536301,-0.04047885537147522,-0.058454662561416626
1696958528165211600,23.386211669921874,0.044606633484363556,0,-0.017975807189941406
1696958528175225300,23.396225341796875,0.045671865344047546,-0.01384802907705307,-0.027562905102968216
1696958528185239000,23.406239013671875,0.043541401624679565,-0.0106523297727108,-0.0712374597787857
1696958528195252500,23.41625244140625,0.041410934180021286,-0.03302222490310669,0.006524552125483751
1696958528205266200,23.42626611328125,0.044606633484363556,-0.004260932095348835,-0.061650361865758896
1696958528215279900,23.43627978515625,0.045671865344047546,-0.0106523297727108,-0.010519175790250301
1696958528225293600,23.44629345703125,0.03608476743102074,-0.03834838792681694,-0.054193731397390366
1696958528235307000,23.45630712890625,0.045671865344047546,0.01491326279938221,0.0011983871227130294
1696958528245320700,23.46632080078125,0.043541401624679565,-0.04367455467581749,-0.043541401624679565
1696958528255334400,23.47633447265625,0.033954303711652756,-0.0053261648863554,-0.038215234875679016
1696958528265347800,23.486347900390626,0.041410934180021286,-0.007456631399691105,0.016111649572849274
1696958528275361500,23.496361572265624,0.040345702320337296,-0.0031956990715116262,-0.04673709720373154
1696958528285375000,23.506375,0.035019535571336746,-0.01384802907705307,-0.009453942999243736
1696958528295388700,23.516388671875,0.035019535571336746,-0.0213046595454216,-0.035019535571336746
1696958528305402400,23.52640234375,0.042476166039705276,0.009587096981704235,0.011850717477500439
1696958528315415800,23.536415771484375,0.031823836266994476,-0.03621792420744896,-0.06910699605941772
1696958528325429500,23.546429443359376,0.03608476743102074,-0.012782796286046505,0.016111649572849274
1696958528335443000,23.55644287109375,0.041410934180021286,-0.02982652559876442,-0.035019535571336746
1696958528345456600,23.56645654296875,0.03608476743102074,-0.0021304660476744175,-0.022236740216612816
1696958528355470300,23.57647021484375,0.029693370684981346,-0.02023942768573761,-0.025432437658309937
1696958528365483800,23.58648388671875,0.03608476743102074,0.004260932095348835,-0.009453942999243736
1696958528375497500,23.59649755859375,0.038215234875679016,-0.01384802907705307,-0.010519175790250301
1696958528385511000,23.606510986328125,0.024367205798625946,0.0159784946590662,-0.042476166039705276
1696958528395524600,23.616524658203126,0.029693370684981346,0.0319569893181324,0.008655018173158169
1696958528405538300,23.626538330078127,0.040345702320337296,-0.03408745676279068,-0.010519175790250301
1696958528415551700,23.6365517578125,0.025432437658309937,0.04687025398015976,-0.050998032093048096
1696958528425565400,23.6465654296875,0.024367205798625946,0.012782796286046505,0.017176883295178413
1696958528435579000,23.656578857421874,0.033954303711652756,0.004260932095348835,-0.030758604407310486
1696958528445592600,23.666592529296874,0.029693370684981346,0.0159784946590662,-0.019041040912270546
1696958528455606300,23.676606201171875,0.023301972076296806,0.007456631399691105,-0.038215234875679016
1696958528465619700,23.68661962890625,0.037150003015995026,-0.0106523297727108,0.025698747485876083
1696958528475633400,23.69663330078125,0.031823836266994476,-0.0031956990715116262,-0.06697652488946915
1696958528485646800,23.706646728515626,0.028628136962652206,0.0010652330238372087,0.03954677656292915
1696958528495660500,23.71666064453125,0.030758604407310486,-0.02556559257209301,-0.045671865344047546
1696958528505674200,23.72667431640625,0.03608476743102074,0.02982652559876442,0.044872939586639404
1696958528515687700,23.736687744140625,0.021171506494283676,-0.02343512699007988,-0.043541401624679565
1696958528525701400,23.746701416015625,0.025432437658309937,0.05432688444852829,0.028894444927573204
1696958528535714800,23.75671484375,0.037150003015995026,-0.01491326279938221,0.03209014609456062
1696958528545728500,23.766728515625,0.021171506494283676,0.02450035884976387,-0.03608476743102074
1696958528555742200,23.7767421875,0.015845341607928276,0.05645735189318657,0.044872939586639404
1696958528565755600,23.786755615234377,0.029693370684981346,0.01384802907705307,0.023568280041217804
1696958528575769300,23.796769287109374,0.015845341607928276,0.05965305119752884,-0.026497671380639076
1696958528585782800,23.80678271484375,0.015845341607928276,0.0532616525888443,0.047003407031297684
1696958528595796500,23.81679638671875,0.027562905102968216,0.0063913981430232525,-0.005193010903894901
1696958528605810200,23.82681005859375,0.024367205798625946,0.02982652559876442,0.015046416781842709
1696958528615823600,23.83682373046875,0.015845341607928276,0.009587096981704235,0.0011983871227130294
1696958528625837300,23.84683740234375,0.024367205798625946,0.02343512699007988,0.017176883295178413
1696958528635850800,23.856850830078123,0.029693370684981346,0.02556559257209301,0.016111649572849274
1696958528645864400,23.866864501953124,0.014780107885599136,0.007456631399691105,-0.022236740216612816
1696958528655878100,23.876878173828125,0.019041040912270546,0.06710968166589737,0.027829213067889214
1696958528665891600,23.8868916015625,0.029693370684981346,0.00852186419069767,0.021437814459204674
1696958528675905300,23.8969052734375,0.020106272771954536,0.03089175745844841,-0.044606633484363556
1696958528685918700,23.906918701171875,0.021171506494283676,0.04154408723115921,0.07043853402137756
1696958528695932400,23.916932373046876,0.026497671380639076,0.0010652330238372087,-0.047802332788705826
1696958528705946000,23.926946044921873,0.027562905102968216,0.07882724702358246,0.067242830991745
1696958528715959800,23.936959716796874,0.016910573467612267,-0.01704372838139534,-0.035019535571336746
1696958528725973500,23.946973388671875,0.028628136962652206,0.07563154399394989,0.03954677656292915
1696958528735987000,23.956987060546876,0.03288906812667847,-0.0031956990715116262,0.044872939586639404
1696958528746000600,23.967000732421877,0.016910573467612267,0.02023942768573761,-0.050998032093048096
1696958528756014300,23.977014404296874,0.03288906812667847,0.009587096981704235,0.12156971544027328
1696958528766028000,23.987028076171875,0.031823836266994476,-0.01810896210372448,-0.04673709720373154
1696958528776041700,23.997041748046875,0.027562905102968216,0.0426093190908432,0.067242830991745
1696958528786055200,24.00705517578125,0.023301972076296806,-0.03728315606713295,0.011850717477500439
1696958528796068900,24.01706884765625,0.03608476743102074,0.04793548583984375,0.043807707726955414
1696958528806082600,24.02708251953125,0.03608476743102074,-0.03302222490310669,0.047003407031297684
1696958528816096300,24.03709619140625,0.022236740216612816,0.0031956990715116262,-0.007323476951569319
1696958528826110000,24.04710986328125,0.033954303711652756,0.02876129187643528,0.09280842542648315
1696958528836123400,24.057123291015625,0.03608476743102074,-0.02556559257209301,-0.005193010903894901
1696958528846137000,24.06713720703125,0.027562905102968216,0.01384802907705307,0.03528584539890289
1696958528856150800,24.07715087890625,0.031823836266994476,-0.0021304660476744175,0.050199106335639954
1696958528866164500,24.08716455078125,0.03608476743102074,0.012782796286046505,0.011850717477500439
1696958528876178200,24.09717822265625,0.03288906812667847,-0.0213046595454216,0.024633513763546944
1696958528886191600,24.107191650390625,0.028628136962652206,-0.0031956990715116262,0.031024912372231483
1696958528896205300,24.117205322265626,0.037150003015995026,0.007456631399691105,0.019307348877191544
1696958528906219000,24.127218994140627,0.037150003015995026,-0.03515268862247467,-0.001997311832383275
1696958528916232700,24.137232666015624,0.03288906812667847,-0.01491326279938221,0.015046416781842709
1696958528926246400,24.147246337890625,0.037150003015995026,0.0010652330238372087,0.012915950268507004
1696958528936259800,24.157259765625,0.03288906812667847,0.007456631399691105,-0.025432437658309937
1696958528946273500,24.1672734375,0.035019535571336746,0.01171756349503994,0.012915950268507004
1696958528956287200,24.177287353515624,0.03608476743102074,0.0021304660476744175,-0.016910573467612267
1696958528966301000,24.187301025390624,0.038215234875679016,0.0426093190908432,0.0011983871227130294
1696958528976314600,24.197314697265625,0.038215234875679016,-0.009587096981704235,-0.021171506494283676
1696958528986328300,24.207328369140626,0.033954303711652756,0.04154408723115921,-0.011584409512579441
1696958528996341800,24.217341796875,0.04673709720373154,0.01384802907705307,0.021437814459204674
1696958529006355500,24.22735546875,0.037150003015995026,0.0159784946590662,-0.037150003015995026
1696958529016369200,24.237369140625,0.03288906812667847,0.0426093190908432,0.012915950268507004
1696958529026382800,24.2473828125,0.047802332788705826,-0.009587096981704235,0.012915950268507004
1696958529036396500,24.257396484375,0.03928046673536301,0.0063913981430232525,-0.029693370684981346
1696958529046410000,24.267409912109375,0.03608476743102074,0.00852186419069767,0.011850717477500439
1696958529056423700,24.277423583984376,0.045671865344047546,-0.02450035884976387,0.007589785382151604
1696958529066437400,24.287437255859373,0.045671865344047546,-0.00852186419069767,0.00226362026296556
1696958529076451000,24.297451171875,0.03608476743102074,-0.02343512699007988,-0.024367205798625946
1696958529086464800,24.30746484375,0.038215234875679016,-0.004260932095348835,0.007589785382151604
1696958529096478200,24.317478271484376,0.048867564648389816,-0.02556559257209301,0.006524552125483751
1696958529106492000,24.327491943359377,0.040345702320337296,-0.03089175745844841,-0.041410934180021286
1696958529116505600,24.337505615234374,0.03928046673536301,-0.02023942768573761,0.013981183059513569
1696958529126519300,24.347519287109375,0.04673709720373154,-0.02343512699007988,-0.001997311832383275
1696958529136533000,24.357532958984375,0.043541401624679565,-0.02769605815410614,-0.019041040912270546
1696958529146546400,24.36754638671875,0.03608476743102074,-0.02769605815410614,-0.015845341607928276
1696958529156560100,24.37756005859375,0.043541401624679565,0.0031956990715116262,0.007589785382151604
1696958529166573800,24.38757373046875,0.044606633484363556,-0.01917419396340847,-0.027562905102968216
1696958529176587500,24.39758740234375,0.040345702320337296,-0.00852186419069767,-0.020106272771954536
1696958529186601200,24.407601318359376,0.038215234875679016,0,0.00226362026296556
1696958529196614700,24.41761474609375,0.044606633484363556,0.0063913981430232525,-0.029693370684981346
1696958529206628400,24.42762841796875,0.045671865344047546,-0.02769605815410614,-0.005193010903894901
1696958529216642000,24.43764208984375,0.03608476743102074,-0.01491326279938221,-0.052063263952732086
1696958529226655700,24.44765576171875,0.048867564648389816,0.00852186419069767,0.027829213067889214
1696958529236669200,24.457669189453124,0.045671865344047546,-0.03515268862247467,-0.048867564648389816
1696958529246683000,24.467682861328125,0.037150003015995026,0.01171756349503994,-0.014780107885599136
1696958529256696300,24.4776962890625,0.048867564648389816,-0.02450035884976387,0.006524552125483751
1696958529266710000,24.4877099609375,0.047802332788705826,-0.012782796286046505,-0.033954303711652756
1696958529276723700,24.4977236328125,0.03928046673536301,-0.0021304660476744175,-0.019041040912270546
1696958529286737200,24.507737060546877,0.044606633484363556,-0.03408745676279068,0.0011983871227130294
1696958529296750800,24.517750732421874,0.04993279650807381,-0.00852186419069767,-0.010519175790250301
1696958529306764300,24.527764404296875,0.040345702320337296,-0.02236989326775074,-0.028628136962652206
1696958529316778000,24.537778076171875,0.037150003015995026,-0.02769605815410614,-0.001997311832383275
1696958529326791700,24.547791748046876,0.047802332788705826,-0.02236989326775074,0.017176883295178413
1696958529336805000,24.55780517578125,0.03928046673536301,-0.03621792420744896,-0.035019535571336746
1696958529346818800,24.56781884765625,0.031823836266994476,0.0053261648863554,0.022503048181533813
1696958529356832300,24.577832275390627,0.038215234875679016,-0.03408745676279068,-0.0030625448562204838
1696958529366846000,24.587845947265624,0.03608476743102074,0.02450035884976387,0.007589785382151604
1696958529376859600,24.597859619140625,0.025432437658309937,-0.04154408723115921,-0.006258244160562754
1696958529386873000,24.607873046875,0.029693370684981346,0.01384802907705307,0.005459319334477186
1696958529396886800,24.61788671875,0.033954303711652756,-0.02236989326775074,0.03528584539890289
1696958529406900200,24.627900146484375,0.023301972076296806,0,-0.045671865344047546
1696958529416914000,24.637913818359376,0.026497671380639076,-0.0106523297727108,0.061916667968034744
1696958529426927600,24.647927734375,0.026497671380639076,-0.01384802907705307,-0.035019535571336746
1696958529436941000,24.657941162109374,0.025432437658309937,0.01810896210372448,0.028894444927573204
1696958529446954800,24.667954833984375,0.020106272771954536,-0.05113118514418602,-0.013714875094592571
1696958529456968200,24.67796826171875,0.026497671380639076,0.012782796286046505,0.016111649572849274
1696958529466982000,24.68798193359375,0.025432437658309937,-0.02450035884976387,-0.001997311832383275
1696958529476995600,24.69799560546875,0.022236740216612816,-0.05752258375287056,-0.013714875094592571
1696958529487009000,24.708009033203126,0.025432437658309937,-0.03941362351179123,0.019307348877191544
1696958529497022700,24.718022705078123,0.026497671380639076,-0.03302222490310669,-0.004127778112888336
1696958529507036200,24.7280361328125,0.016910573467612267,-0.06284874677658081,-0.011584409512579441
1696958529517049900,24.7380498046875,0.016910573467612267,-0.04473978653550148,0.017176883295178413
1696958529527063600,24.7480634765625,0.024367205798625946,-0.06284874677658081,0.007589785382151604
1696958529537077000,24.758076904296875,0.012649642303586006,-0.0426093190908432,-0.016910573467612267
1696958529547090700,24.768090576171875,0.006258244160562754,-0.05858781561255455,0.015046416781842709
1696958529557104000,24.778104248046876,0.014780107885599136,-0.03408745676279068,0.021437814459204674
1696958529567117800,24.788117919921874,0.009453942999243736,-0.04154408723115921,-0.011584409512579441
1696958529577131500,24.798131591796874,-0.00226362026296556,-0.0053261648863554,-0.007323476951569319
1696958529587145000,24.80814501953125,0.009453942999243736,-0.0159784946590662,0.04274247586727142
1696958529597158700,24.81815869140625,0.007323476951569319,-0.02769605815410614,-0.020106272771954536
1696958529607172000,24.828172119140625,0.001997311832383275,-0.012782796286046505,0.005459319334477186
1696958529617185800,24.838185791015626,0.005193010903894901,-0.01491326279938221,0.028894444927573204
1696958529627199500,24.848199462890626,0.007323476951569319,-0.0053261648863554,-0.012649642303586006
1696958529637213000,24.858212890625,0.005193010903894901,-0.0159784946590662,0.03209014609456062
1696958529647226600,24.8682265625,-0.0001331541279796511,-0.02556559257209301,-0.026497671380639076
1696958529657240000,24.878239990234373,0.008388710208237171,0.03515268862247467,0.05659050494432449
1696958529667253800,24.888253662109374,0.0030625448562204838,-0.05858781561255455,-0.047802332788705826
1696958529677267500,24.898267333984375,-0.0001331541279796511,0.02450035884976387,0.022503048181533813
1696958529687281200,24.90828125,0.008388710208237171,-0.02982652559876442,0.007589785382151604
1696958529697294600,24.918294677734377,0.004127778112888336,-0.0021304660476744175,-0.037150003015995026
1696958529707308300,24.928308349609374,0.0030625448562204838,-0.02343512699007988,-0.006258244160562754
1696958529717322000,24.938322021484375,0.008388710208237171,-0.03089175745844841,-0.008388710208237171
1696958529727335700,24.948335693359375,0.013714875094592571,-0.012782796286046505,-0.016910573467612267
1696958529737349400,24.958349365234376,0.007323476951569319,-0.05113118514418602,-0.043541401624679565
1696958529747362800,24.96836279296875,0.011584409512579441,-0.012782796286046505,0.0001331541279796511
1696958529757376500,24.97837646484375,0.019041040912270546,-0.03834838792681694,-0.019041040912270546
1696958529767390200,24.98839013671875,0.014780107885599136,-0.03089175745844841,-0.057389430701732635
1696958529777404000,24.99840380859375,0.012649642303586006,-0.00852186419069767,0.016111649572849274
1696958529787417600,25.00841748046875,0.021171506494283676,-0.02343512699007988,-0.040345702320337296
1696958529797431000,25.01843115234375,0.019041040912270546,-0.007456631399691105,-0.011584409512579441
1696958529807444700,25.02844482421875,0.012649642303586006,-0.012782796286046505,-0.029693370684981346
1696958529817458400,25.03845849609375,0.017975807189941406,0.007456631399691105,-0.016910573467612267
1696958529827472100,25.04847216796875,0.020106272771954536,-0.01917419396340847,-0.001997311832383275
1696958529837485800,25.05848583984375,0.006258244160562754,0.0106523297727108,-0.057389430701732635
1696958529847499500,25.06849951171875,0.014780107885599136,0.02769605815410614,0.022503048181533813
1696958529857513000,25.078512939453127,0.022236740216612816,-0.012782796286046505,-0.013714875094592571
1696958529867526700,25.088526611328124,0.012649642303586006,-0.012782796286046505,-0.042476166039705276
1696958529877540400,25.098540283203125,0.015845341607928276,0.02023942768573761,0.029959678649902344
1696958529887554000,25.108553955078126,0.022236740216612816,-0.007456631399691105,-0.010519175790250301
1696958529897567700,25.118567626953126,0.016910573467612267,-0.0053261648863554,-0.009453942999243736
1696958529907581200,25.128581298828124,0.015845341607928276,-0.04687025398015976,0.018242115154862404
1696958529917595000,25.138594970703124,0.028628136962652206,-0.007456631399691105,0.017176883295178413
1696958529927608600,25.148608642578125,0.025432437658309937,-0.0639139786362648,0.024633513763546944
1696958529937622300,25.158622314453126,0.011584409512579441,-0.01917419396340847,-0.021171506494283676
1696958529947636000,25.168635986328123,0.026497671380639076,0.01491326279938221,0.08641702681779861
1696958529957649400,25.1786494140625,0.027562905102968216,-0.07563154399394989,-0.020106272771954536
1696958529967663000,25.1886630859375,0.008388710208237171,0.0213046595454216,0.013981183059513569
1696958529977676800,25.1986767578125,0.023301972076296806,-0.0319569893181324,0.066177599132061
1696958529987690500,25.2086904296875,0.024367205798625946,-0.012782796286046505,-0.004127778112888336
1696958529997704200,25.2187041015625,0.017975807189941406,0.0010652330238372087,0.03528584539890289
1696958530007717600,25.228717529296876,0.015845341607928276,-0.04687025398015976,0.029959678649902344
1696958530017731300,25.2387314453125,0.022236740216612816,0.02343512699007988,0.040612008422613144
1696958530027745000,25.2487451171875,0.013714875094592571,-0.01917419396340847,0.010785484686493874
1696958530037758700,25.2587587890625,0.010519175790250301,-0.0053261648863554,0.03209014609456062
1696958530047772400,25.2687724609375,0.022236740216612816,-0.00852186419069767,0.043807707726955414
1696958530057785900,25.278785888671877,0.016910573467612267,-0.02450035884976387,-0.016910573467612267
1696958530067799600,25.288799560546874,0.016910573467612267,-0.02556559257209301,0.037416309118270874
1696958530077813200,25.298813232421875,0.021171506494283676,-0.05113118514418602,0.007589785382151604
1696958530087827000,25.308826904296875,0.019041040912270546,-0.0010652330238372087,0.011850717477500439
1696958530097840600,25.318840576171876,0.014780107885599136,-0.03515268862247467,-0.011584409512579441
1696958530107854000,25.32885400390625,0.015845341607928276,-0.009587096981704235,0.018242115154862404
1696958530117867800,25.33886767578125,0.020106272771954536,-0.01704372838139534,-0.010519175790250301
1696958530127881500,25.348881591796875,0.013714875094592571,-0.0159784946590662,-0.016910573467612267
1696958530137895200,25.358895263671876,0.019041040912270546,-0.03941362351179123,0.006524552125483751
1696958530147908900,25.368908935546877,0.017975807189941406,-0.02556559257209301,-0.012649642303586006
1696958530157922300,25.37892236328125,0.013714875094592571,-0.0106523297727108,-0.029693370684981346
1696958530167936000,25.38893603515625,0.012649642303586006,-0.02556559257209301,0.0033288532868027687
1696958530177949700,25.39894970703125,0.020106272771954536,-0.03621792420744896,-0.023301972076296806
1696958530187963400,25.40896337890625,0.014780107885599136,-0.01491326279938221,-0.015845341607928276
1696958530197977000,25.41897705078125,0.013714875094592571,-0.0063913981430232525,-0.014780107885599136
1696958530207990500,25.428990478515626,0.021171506494283676,-0.03515268862247467,0.0033288532868027687
1696958530218004200,25.439004150390623,0.022236740216612816,-0.02023942768573761,-0.027562905102968216
1696958530228018000,25.449017822265624,0.011584409512579441,0,-0.004127778112888336
1696958530238031600,25.459031494140625,0.017975807189941406,-0.02556559257209301,-0.010519175790250301
1696958530248045300,25.46904541015625,0.027562905102968216,-0.02023942768573761,0.022503048181533813
1696958530258058800,25.479058837890626,0.014780107885599136,0.0010652330238372087,-0.033954303711652756
1696958530268072400,25.489072509765624,0.016910573467612267,-0.0159784946590662,0.009720250964164734
1696958530278086100,25.499086181640624,0.029693370684981346,-0.0021304660476744175,0.03528584539890289
1696958530288099600,25.509099609375,0.016910573467612267,-0.01491326279938221,-0.044606633484363556
1696958530298113300,25.51911328125,0.013714875094592571,0.02556559257209301,0.034220609813928604
1696958530308126700,25.529126708984375,0.024367205798625946,-0.0106523297727108,0.025698747485876083
1696958530318140400,25.539140380859376,0.016910573467612267,0.01810896210372448,-0.038215234875679016
1696958530328154000,25.549154052734377,0.013714875094592571,0.01704372838139534,0.041677240282297134
1696958530338167600,25.55916748046875,0.023301972076296806,-0.012782796286046505,-0.001997311832383275
1696958530348181200,25.56918115234375,0.022236740216612816,0.007456631399691105,-0.008388710208237171
1696958530358194700,25.579194580078124,0.012649642303586006,-0.01810896210372448,-0.0009320789249613881
1696958530368208400,25.58920849609375,0.017975807189941406,0.0159784946590662,0.0001331541279796511
1696958530378222000,25.59922216796875,0.026497671380639076,-0.02556559257209301,0.013981183059513569
1696958530388235500,25.609235595703126,0.013714875094592571,-0.01704372838139534,-0.048867564648389816
1696958530398249200,25.619249267578127,0.014780107885599136,0.0213046595454216,0.021437814459204674
1696958530408262700,25.6292626953125,0.025432437658309937,-0.04687025398015976,-0.017975807189941406
1696958530418276400,25.6392763671875,0.014780107885599136,0.0010652330238372087,-0.03928046673536301
1696958530428290000,25.6492900390625,0.012649642303586006,-0.01810896210372448,-0.010519175790250301
1696958530438303500,25.659303466796874,0.021171506494283676,-0.0063913981430232525,-0.026497671380639076
1696958530448317200,25.669317138671875,0.013714875094592571,0.012782796286046505,-0.041410934180021286
1696958530458330600,25.67933056640625,0.012649642303586006,-0.03621792420744896,-0.040345702320337296
1696958530468344300,25.68934423828125,0.017975807189941406,-0.00852186419069767,-0.027562905102968216
1696958530478358000,25.69935791015625,0.015845341607928276,0.0053261648863554,-0.048867564648389816
1696958530488371500,25.709371337890627,0.013714875094592571,-0.0213046595454216,-0.07656362652778625
1696958530498385200,25.71938525390625,0.017975807189941406,0.0010652330238372087,0.0001331541279796511
1696958530508398600,25.729398681640625,0.014780107885599136,-0.04154408723115921,-0.08934641629457474
1696958530518412300,25.739412353515625,0.020106272771954536,0.0063913981430232525,-0.015845341607928276
1696958530528426000,25.749426025390626,0.016910573467612267,-0.0319569893181324,-0.043541401624679565
1696958530538439400,25.759439453125,0.021171506494283676,-0.02769605815410614,-0.047802332788705826
1696958530548453000,25.769453125,0.024367205798625946,-0.0053261648863554,-0.001997311832383275
1696958530558466600,25.779466552734377,0.019041040912270546,-0.03834838792681694,-0.057389430701732635
1696958530568480300,25.789480224609374,0.023301972076296806,0.009587096981704235,0.016111649572849274
1696958530578494000,25.799493896484375,0.025432437658309937,-0.04473978653550148,-0.006258244160562754
1696958530588507400,25.80950732421875,0.012649642303586006,0.02769605815410614,-0.03288906812667847
1696958530598521000,25.81952099609375,0.021171506494283676,0.0010652330238372087,0.04593817517161369
1696958530608534500,25.829534423828125,0.028628136962652206,-0.02556559257209301,0.010785484686493874
1696958530618548200,25.83954833984375,0.020106272771954536,0.0106523297727108,0.0011983871227130294
1696958530628562000,25.84956201171875,0.016910573467612267,-0.02450035884976387,0.04274247586727142
1696958530638575400,25.859575439453124,0.029693370684981346,-0.03302222490310669,0.04274247586727142
1696958530648589000,25.869589111328125,0.025432437658309937,-0.02982652559876442,0.034220609813928604
1696958530658602500,25.8796025390625,0.011584409512579441,-0.03089175745844841,0.028894444927573204
1696958530668616200,25.8896162109375,0.024367205798625946,-0.00852186419069767,0.08322133123874664
1696958530678630000,25.8996298828125,0.025432437658309937,-0.02982652559876442,0.033155377954244614
1696958530688643600,25.9096435546875,0.009453942999243736,0.0213046595454216,0.028894444927573204
1696958530698657300,25.9196572265625,0.012649642303586006,-0.01384802907705307,0.09706936031579971
1696958530708670700,25.929670654296874,0.014780107885599136,0.04687025398015976,0.028894444927573204
1696958530718684400,25.939684326171875,0.010519175790250301,0.01491326279938221,0.07256899774074554
1696958530728698000,25.949697998046876,0.0009320789249613881,0.0106523297727108,0.027829213067889214
1696958530738711800,25.9597119140625,0.013714875094592571,0.05645735189318657,0.08854749798774719
1696958530748725500,25.9697255859375,0.016910573467612267,-0.04687025398015976,0.017176883295178413
1696958530758739000,25.979739013671875,0.011584409512579441,-0.02769605815410614,0.044872939586639404
1696958530768752600,25.989752685546875,0.012649642303586006,0.0159784946590662,0.047003407031297684
1696958530778766300,25.999766357421876,0.017975807189941406,-0.01171756349503994,0.022503048181533813
1696958530788780000,26.009780029296873,0.015845341607928276,-0.04047885537147522,0.022503048181533813
1696958530798793700,26.019793701171874,0.010519175790250301,0.0021304660476744175,0.022503048181533813
1696958530808807200,26.02980712890625,0.013714875094592571,0.01917419396340847,0.017176883295178413
1696958530818820900,26.03982080078125,0.015845341607928276,-0.02023942768573761,-0.011584409512579441
1696958530828834600,26.04983447265625,0.011584409512579441,-0.01384802907705307,0.017176883295178413
1696958530838848300,26.05984814453125,0.011584409512579441,0.0063913981430232525,-0.013714875094592571
1696958530848862000,26.069862060546875,0.016910573467612267,0.00852186419069767,0.0033288532868027687
1696958530858875400,26.07987548828125,0.011584409512579441,-0.03941362351179123,-0.03288906812667847
1696958530868889000,26.08988916015625,0.011584409512579441,0.01491326279938221,0.018242115154862404
1696958530878902800,26.09990283203125,0.016910573467612267,-0.02236989326775074,-0.040345702320337296
1696958530888916500,26.10991650390625,0.019041040912270546,-0.02876129187643528,0.0001331541279796511
1696958530898930200,26.11993017578125,0.008388710208237171,-0.0031956990715116262,-0.030758604407310486
1696958530908943600,26.129943603515624,0.021171506494283676,-0.02556559257209301,0.015046416781842709
1696958530918957300,26.139957275390625,0.023301972076296806,-0.04580501839518547,-0.030758604407310486
1696958530928971000,26.149970947265626,0.009453942999243736,0.0021304660476744175,0.006524552125483751
1696958530938984700,26.159984619140626,0.016910573467612267,-0.0319569893181324,-0.0030625448562204838
1696958530948998400,26.169998291015624,0.022236740216612816,-0.02343512699007988,0.03528584539890289
1696958530959011800,26.18001171875,0.012649642303586006,-0.0106523297727108,-0.025432437658309937
1696958530969025500,26.190025634765625,0.010519175790250301,-0.0159784946590662,0.06511236727237701
1696958530979039200,26.200039306640626,0.016910573467612267,-0.01491326279938221,0.012915950268507004
1696958530989053000,26.210052978515623,0.014780107885599136,-0.0213046595454216,0.05232957378029823
1696958530999066600,26.220066650390624,0.0009320789249613881,-0.04900071769952774,0.020372580736875534
1696958531009080000,26.230080078125,0.010519175790250301,-0.01171756349503994,0.08854749798774719
1696958531019093800,26.24009375,0.007323476951569319,-0.02769605815410614,0.029959678649902344
1696958531029107500,26.250107421875,-0.0011983871227130294,-0.02236989326775074,0.05232957378029823
1696958531039121200,26.26012109375,-0.007589785382151604,-0.01171756349503994,0.06937330216169357
1696958531049134800,26.270134765625,0.0009320789249613881,0.009587096981704235,0.04913387447595596
1696958531059148300,26.280148193359373,-0.0033288532868027687,-0.03408745676279068,0.061916667968034744
1696958531069162000,26.290161865234374,-0.019307348877191544,0.02769605815410614,0.04274247586727142
1696958531079175700,26.30017578125,-0.009720250964164734,0.03941362351179123,0.08961272984743118
1696958531089189400,26.310189453125,-0.008655018173158169,-0.01917419396340847,0.020372580736875534
1696958531099203000,26.320203125,-0.022503048181533813,0.07243584841489792,0.053394805639982224
1696958531109216500,26.330216552734374,-0.013981183059513569,0.009587096981704235,0.07363422960042953
1696958531119230200,26.340230224609375,-0.012915950268507004,0.0213046595454216,0.010785484686493874
1696958531129244000,26.350243896484375,-0.015046416781842709,0.0021304660476744175,0.06298190355300903
1696958531139257600,26.360257568359376,-0.022503048181533813,0.00852186419069767,0.005459319334477186
1696958531149271300,26.370271240234374,-0.010785484686493874,0,0.0555252730846405
1696958531159284700,26.38028466796875,-0.015046416781842709,-0.03941362351179123,-0.0030625448562204838
1696958531169298400,26.39029833984375,-0.020372580736875534,0.004260932095348835,0.019307348877191544
1696958531179312000,26.40031201171875,-0.018242115154862404,-0.02876129187643528,0.027829213067889214
1696958531189325800,26.410325927734377,-0.015046416781842709,0.0010652330238372087,-0.004127778112888336
1696958531199339500,26.420339599609374,-0.019307348877191544,-0.02343512699007988,0.012915950268507004
1696958531209353200,26.430353271484375,-0.028894444927573204,0.03515268862247467,-0.006258244160562754
1696958531219366700,26.44036669921875,-0.020372580736875534,0.04367455467581749,0.028894444927573204
1696958531229380400,26.45038037109375,-0.027829213067889214,0.02343512699007988,-0.011584409512579441
1696958531239394000,26.46039404296875,-0.037416309118270874,0.09374050796031952,0.013981183059513569
1696958531249407700,26.47040771484375,-0.031024912372231483,0.05113118514418602,0.019307348877191544
1696958531259421400,26.48042138671875,-0.024633513763546944,0.04473978653550148,0.008655018173158169
1696958531269435000,26.490434814453124,-0.03209014609456062,0.02450035884976387,0.013981183059513569
1696958531279448600,26.500448486328125,-0.03209014609456062,0.02236989326775074,0.017176883295178413
1696958531289462300,26.510462158203126,-0.016111649572849274,0.012782796286046505,0.066177599132061
1696958531299475700,26.520475830078126,-0.024633513763546944,-0.05432688444852829,-0.006258244160562754
1696958531309489400,26.530489501953124,-0.034220609813928604,0.02663082629442215,0.05978620424866676
1696958531319503000,26.540503173828125,-0.016111649572849274,-0.04793548583984375,0.06511236727237701
1696958531329516500,26.5505166015625,-0.022503048181533813,-0.01491326279938221,0.036351077258586884
1696958531339530200,26.5605302734375,-0.031024912372231483,-0.01810896210372448,0.06298190355300903
1696958531349543700,26.570543701171875,-0.026763979345560074,-0.02450035884976387,0.07896039634943008
1696958531359557400,26.580557373046876,-0.018242115154862404,-0.01384802907705307,0.07256899774074554
1696958531369571000,26.590571044921877,-0.027829213067889214,-0.06284874677658081,0.06404713541269302
1696958531379584500,26.60058447265625,-0.034220609813928604,-0.0010652330238372087,0.08535179495811462
1696958531389598200,26.61059814453125,-0.023568280041217804,-0.01704372838139534,0.08641702681779861
1696958531399611600,26.620611572265624,-0.031024912372231483,-0.01491326279938221,0.08109086751937866
1696958531409625300,26.630625244140624,-0.040612008422613144,0.007456631399691105,0.061916667968034744
1696958531419639000,26.64063916015625,-0.03528584539890289,0.04900071769952774,0.10665645450353622
1696958531429652500,26.650652587890626,-0.033155377954244614,-0.0063913981430232525,0.06937330216169357
1696958531439666200,26.660666259765627,-0.040612008422613144,0.02769605815410614,0.04274247586727142
1696958531449679600,26.6706796875,-0.037416309118270874,0.02663082629442215,0.11837401986122131
1696958531459693300,26.680693359375,-0.034220609813928604,-0.007456631399691105,0.020372580736875534
1696958531469707000,26.69070703125,-0.03528584539890289,0.04047885537147522,0.09067796170711517
1696958531479720400,26.700720458984375,-0.03528584539890289,-0.03621792420744896,0.027829213067889214
1696958531489734100,26.710734130859375,-0.034220609813928604,0.02769605815410614,0.048068638890981674
1696958531499747600,26.72074755859375,-0.026763979345560074,-0.02982652559876442,0.061916667968034744
1696958531509761300,26.73076123046875,-0.033155377954244614,-0.04793548583984375,-0.009453942999243736
1696958531519775000,26.74077490234375,-0.033155377954244614,0.02769605815410614,0.07043853402137756
1696958531529788400,26.750788330078127,-0.027829213067889214,-0.0745663121342659,0.017176883295178413
1696958531539802000,26.760802001953124,-0.036351077258586884,-0.0031956990715116262,-0.006258244160562754
1696958531549815600,26.770815673828125,-0.03848154470324516,0.00852186419069767,0.054460037499666214
1696958531559829200,26.780829345703125,-0.033155377954244614,-0.03834838792681694,0.008655018173158169
1696958531569843000,26.790843017578126,-0.034220609813928604,-0.0053261648863554,0.020372580736875534
1696958531579856400,26.8008564453125,-0.047003407031297684,0.0021304660476744175,0.022503048181533813
1696958531589870000,26.8108701171875,-0.03848154470324516,0.007456631399691105,0.031024912372231483
1696958531599883500,26.820883544921877,-0.034220609813928604,-0.02236989326775074,0.057655736804008484
1696958531609897200,26.830897216796874,-0.04913387447595596,0.0213046595454216,-0.009453942999243736
1696958531619911000,26.840910888671875,-0.04593817517161369,0.0106523297727108,0.08215609937906265
1696958531629924400,26.85092431640625,-0.034220609813928604,-0.02343512699007988,0.024633513763546944
1696958531639938000,26.86093798828125,-0.04593817517161369,0.007456631399691105,0.031024912372231483
1696958531649951500,26.870951416015625,-0.04593817517161369,0,0.048068638890981674
1696958531659965200,26.880965087890626,-0.033155377954244614,-0.05752258375287056,0.057655736804008484
1696958531669979000,26.890978759765623,-0.037416309118270874,-0.01810896210372448,0.0011983871227130294
1696958531679992300,26.900992431640624,-0.03954677656292915,-0.04047885537147522,0.05978620424866676
1696958531690006000,26.911006103515625,-0.03848154470324516,-0.05219641700387001,0.0001331541279796511
1696958531700019700,26.921019775390626,-0.03209014609456062,-0.012782796286046505,0.033155377954244614
1696958531710033400,26.931033447265627,-0.033155377954244614,-0.09054480493068695,-0.020106272771954536
1696958531720046800,26.941046875,-0.033155377954244614,-0.02556559257209301,0.009720250964164734
1696958531730060500,26.951060546875,-0.03209014609456062,-0.0319569893181324,-0.013714875094592571
1696958531740074200,26.96107421875,-0.033155377954244614,-0.02236989326775074,-0.054193731397390366
1696958531750088000,26.971087890625,-0.033155377954244614,-0.007456631399691105,-0.021171506494283676
1696958531760101600,26.9811015625,-0.03209014609456062,-0.02236989326775074,-0.06804175674915314
1696958531770115000,26.991114990234376,-0.033155377954244614,0.0319569893181324,-0.06271559745073318
1696958531780128800,27.001128662109377,-0.033155377954244614,-0.004260932095348835,-0.08721595257520676
1696958531790142500,27.011142578125,-0.033155377954244614,0.01491326279938221,-0.09467258304357529
1696958531800156200,27.02115625,-0.024633513763546944,0.0021304660476744175,-0.1031944528222084
1696958531810169900,27.031169921875,-0.029959678649902344,-0.0010652330238372087,-0.145803764462471
1696958531820183300,27.041183349609376,-0.027829213067889214,-0.0053261648863554,-0.10852061212062836
1696958531830197000,27.051197021484374,-0.026763979345560074,-0.0213046595454216,-0.16178226470947266
1696958531840210700,27.061210693359374,-0.024633513763546944,0.02236989326775074,-0.14367330074310303
1696958531850224400,27.071224365234375,-0.028894444927573204,-0.02982652559876442,-0.16284750401973724
1696958531860238000,27.081238037109376,-0.033155377954244614,0.02450035884976387,-0.1671084314584732
1696958531870251500,27.09125146484375,-0.028894444927573204,0.007456631399691105,-0.1468690037727356
1696958531880265200,27.10126513671875,-0.033155377954244614,-0.012782796286046505,-0.1990654170513153
1696958531890279000,27.11127880859375,-0.037416309118270874,0.02663082629442215,-0.13834713399410248
1696958531900292600,27.121292724609376,-0.027829213067889214,-0.01384802907705307,-0.15219517052173615
1696958531910306300,27.131306396484376,-0.03209014609456062,-0.03089175745844841,-0.17349982261657715
1696958531920319700,27.14131982421875,-0.044872939586639404,0.03089175745844841,-0.16604319214820862
1696958531930333400,27.15133349609375,-0.037416309118270874,-0.0063913981430232525,-0.1149120107293129
1696958531940347100,27.16134716796875,-0.036351077258586884,0.0053261648863554,-0.17563030123710632
1696958531950360800,27.17136083984375,-0.050199106335639954,0.02343512699007988,-0.12876003980636597
1696958531960374500,27.18137451171875,-0.043807707726955414,0.0319569893181324,-0.11810771375894547
1696958531970388000,27.191387939453126,-0.036351077258586884,0.0031956990715116262,-0.1042596846818924
1696958531980401700,27.201401611328127,-0.050199106335639954,0.02556559257209301,-0.14899946749210358
1696958531990415400,27.211415283203124,-0.054460037499666214,0.04473978653550148,-0.06591129302978516
1696958532000429000,27.221428955078125,-0.036351077258586884,0.0159784946590662,-0.0925421193242073
1696958532010442800,27.23144287109375,-0.04274247586727142,0.0063913981430232525,-0.08188978582620621
1696958532020456400,27.24145654296875,-0.0555252730846405,0.03302222490310669,-0.0829550251364708
1696958532030470000,27.251469970703123,-0.03954677656292915,0.0213046595454216,-0.016910573467612267
1696958532040483600,27.261483642578124,-0.036351077258586884,-0.0063913981430232525,-0.06697652488946915
1696958532050497300,27.271497314453125,-0.050199106335639954,0.0159784946590662,-0.044606633484363556
1696958532060511000,27.281510986328126,-0.04274247586727142,0.02023942768573761,-0.009453942999243736
1696958532070524700,27.291524658203127,-0.034220609813928604,0.0053261648863554,-0.009453942999243736
1696958532080538000,27.3015380859375,-0.04593817517161369,0.02663082629442215,-0.047802332788705826
1696958532090551800,27.3115517578125,-0.044872939586639404,0.0213046595454216,0.03528584539890289
1696958532100565500,27.3215654296875,-0.03528584539890289,0.02556559257209301,-0.024367205798625946
1696958532110579200,27.3315791015625,-0.03528584539890289,0.02343512699007988,0.028894444927573204
1696958532120593000,27.341593017578123,-0.047003407031297684,0.0021304660476744175,-0.021171506494283676
1696958532130606300,27.3516064453125,-0.03954677656292915,0.08202294260263443,0.036351077258586884
1696958532140620000,27.3616201171875,-0.033155377954244614,-0.00852186419069767,0.004394086077809334
1696958532150633700,27.3716337890625,-0.040612008422613144,0.03089175745844841,-0.023301972076296806
1696958532160647400,27.3816474609375,-0.041677240282297134,0.05113118514418602,0.048068638890981674
1696958532170661000,27.3916611328125,-0.034220609813928604,0.007456631399691105,-0.027562905102968216
1696958532180674600,27.401674560546876,-0.034220609813928604,0,0.009720250964164734
1696958532190688300,27.411688232421874,-0.04274247586727142,-0.0010652330238372087,-0.013714875094592571
1696958532200702000,27.421701904296874,-0.03848154470324516,0.0426093190908432,0.004394086077809334
1696958532210715600,27.431715576171875,-0.034220609813928604,-0.02663082629442215,0.00226362026296556
1696958532220729300,27.441729248046876,-0.040612008422613144,-0.03408745676279068,-0.03288906812667847
1696958532230742800,27.45174267578125,-0.040612008422613144,0.01171756349503994,0.026763979345560074
1696958532240756500,27.461756591796874,-0.03954677656292915,-0.02236989326775074,-0.010519175790250301
1696958532250770200,27.471770263671875,-0.03954677656292915,-0.0319569893181324,0.00226362026296556
1696958532260783900,27.481783935546876,-0.048068638890981674,-0.02343512699007988,0.011850717477500439
1696958532270797600,27.491797607421876,-0.047003407031297684,0.0063913981430232525,0.016111649572849274
1696958532280811000,27.50181103515625,-0.043807707726955414,-0.02343512699007988,0.03954677656292915
1696958532290824700,27.51182470703125,-0.05232957378029823,-0.03834838792681694,0.008655018173158169
1696958532300838400,27.52183837890625,-0.053394805639982224,-0.0053261648863554,0.06404713541269302
1696958532310852000,27.53185205078125,-0.047003407031297684,-0.0319569893181324,0.04593817517161369
1696958532320865800,27.54186572265625,-0.054460037499666214,-0.02023942768573761,0.054460037499666214
1696958532330879200,27.551879150390626,-0.05978620424866676,-0.02450035884976387,0.07363422960042953
1696958532340893000,27.561892822265627,-0.053394805639982224,-0.02343512699007988,0.08854749798774719
1696958532350906600,27.57190673828125,-0.051264338195323944,-0.06071828305721283,0.08428656309843063
1696958532360920000,27.581920166015625,-0.06404713541269302,-0.03834838792681694,0.08961272984743118
1696958532370933800,27.591933837890625,-0.058720968663692474,-0.04047885537147522,0.1205044835805893
1696958532380947200,27.601947265625,-0.051264338195323944,-0.05965305119752884,0.11837401986122131
1696958532390961000,27.6119609375,-0.060851436108350754,-0.05858781561255455,0.0981345921754837
1696958532400974600,27.621974609375,-0.06511236727237701,-0.0159784946590662,0.13222205638885498
1696958532410988000,27.631988037109377,-0.054460037499666214,-0.03621792420744896,0.1194392517209053
1696958532421001700,27.642001708984374,-0.05659050494432449,-0.02556559257209301,0.12796111404895782
1696958532431015200,27.65201513671875,-0.060851436108350754,-0.04154408723115921,0.0991998240351677
1696958532441028900,27.66202880859375,-0.057655736804008484,0.03302222490310669,0.1300915777683258
1696958532451042600,27.67204248046875,-0.051264338195323944,-0.0159784946590662,0.11304785311222076
1696958532461056000,27.682055908203125,-0.0555252730846405,-0.02450035884976387,0.08322133123874664
1696958532471069700,27.692069580078126,-0.05659050494432449,0.01491326279938221,0.10239552706480026
1696958532481083100,27.702083251953123,-0.047003407031297684,-0.007456631399691105,0.0991998240351677
1696958532491096800,27.712096923828124,-0.047003407031297684,-0.02663082629442215,0.0778951644897461
1696958532501110500,27.722110595703125,-0.05232957378029823,-0.00852186419069767,0.06830807030200958
1696958532511124000,27.7321240234375,-0.04593817517161369,0.01171756349503994,0.08109086751937866
1696958532521137700,27.7421376953125,-0.040612008422613144,-0.04367455467581749,0.066177599132061
1696958532531151000,27.752151123046875,-0.050199106335639954,0.01171756349503994,0.021437814459204674
1696958532541164800,27.762164794921876,-0.048068638890981674,-0.007456631399691105,0.09387365728616714
1696958532551178500,27.772178466796873,-0.044872939586639404,-0.01810896210372448,0.00226362026296556
1696958532561192000,27.78219189453125,-0.047003407031297684,0.0031956990715116262,0.060851436108350754
1696958532571205600,27.79220556640625,-0.054460037499666214,0,-0.015845341607928276
1696958532581219000,27.802218994140624,-0.044872939586639404,0.01491326279938221,0.053394805639982224
1696958532591232800,27.812232666015625,-0.044872939586639404,-0.0213046595454216,-0.015845341607928276
1696958532601246500,27.82224658203125,-0.0555252730846405,0.03834838792681694,-0.006258244160562754
1696958532611260000,27.832260009765626,-0.0555252730846405,0.02876129187643528,0.0001331541279796511
1696958532621273600,27.842273681640624,-0.048068638890981674,0.02982652559876442,-0.001997311832383275
1696958532631287000,27.852287109375,-0.0555252730846405,0.02663082629442215,-0.05312849581241608
1696958532641300700,27.86230078125,-0.060851436108350754,0.07563154399394989,-0.011584409512579441
1696958532651314400,27.872314453125,-0.050199106335639954,0.03302222490310669,-0.023301972076296806
1696958532661328000,27.882327880859375,-0.0555252730846405,0.03834838792681694,-0.07443315535783768
1696958532671341600,27.892341552734376,-0.05978620424866676,0.06284874677658081,-0.016910573467612267
1696958532681355000,27.90235498046875,-0.0555252730846405,0.004260932095348835,-0.08082455396652222
1696958532691368700,27.91236865234375,-0.04913387447595596,0.0639139786362648,-0.014780107885599136
1696958532701382400,27.92238232421875,-0.053394805639982224,-0.01917419396340847,-0.09467258304357529
1696958532711395800,27.932395751953123,-0.054460037499666214,0.03941362351179123,-0.026497671380639076
1696958532721409500,27.942409423828124,-0.048068638890981674,0.0063913981430232525,-0.052063263952732086
1696958532731423200,27.95242333984375,-0.050199106335639954,0,-0.054193731397390366
1696958532741437000,27.96243701171875,-0.057655736804008484,-0.0021304660476744175,-0.05312849581241608
1696958532751450400,27.972450439453127,-0.04913387447595596,0.0159784946590662,-0.016910573467612267
1696958532761464000,27.982464111328124,-0.04593817517161369,0.0063913981430232525,-0.042476166039705276
1696958532771477800,27.992477783203125,-0.053394805639982224,-0.012782796286046505,-0.045671865344047546
1696958532781491500,28.002491455078125,-0.0555252730846405,0.04473978653550148,0.00226362026296556
1696958532791505200,28.012505126953126,-0.047003407031297684,0.012782796286046505,-0.030758604407310486
1696958532801518600,28.0225185546875,-0.05232957378029823,0.03302222490310669,-0.017975807189941406
1696958532811532300,28.0325322265625,-0.05659050494432449,0.03834838792681694,0.0011983871227130294
1696958532821546000,28.0425458984375,-0.050199106335639954,0.06071828305721283,-0.011584409512579441
1696958532831559700,28.0525595703125,-0.04274247586727142,0.02876129187643528,0.016111649572849274
1696958532841573400,28.062573486328127,-0.048068638890981674,0.0053261648863554,-0.023301972076296806
1696958532851587000,28.072587158203124,-0.043807707726955414,0.02343512699007988,0.018242115154862404
1696958532861600500,28.0826005859375,-0.03209014609456062,0.0106523297727108,0.017176883295178413
1696958532871614200,28.0926142578125,-0.037416309118270874,-0.01171756349503994,-0.010519175790250301
1696958532881628000,28.1026279296875,-0.040612008422613144,0.02023942768573761,0.020372580736875534
1696958532891641600,28.1126416015625,-0.028894444927573204,0.004260932095348835,0.020372580736875534
1696958532901655300,28.1226552734375,-0.026763979345560074,-0.0106523297727108,-0.005193010903894901
1696958532911668700,28.132668701171873,-0.036351077258586884,0.004260932095348835,0.025698747485876083
1696958532921682400,28.142682373046874,-0.026763979345560074,0.00852186419069767,0.00226362026296556
1696958532931696000,28.152696044921875,-0.020372580736875534,0.0053261648863554,0.041677240282297134
1696958532941709800,28.162709716796876,-0.028894444927573204,0.0021304660476744175,-0.023301972076296806
1696958532951723500,28.1727236328125,-0.029959678649902344,0.05006595328450203,0.04593817517161369
1696958532961737000,28.182737060546874,-0.018242115154862404,0.01810896210372448,0.012915950268507004
1696958532971750700,28.192750732421874,-0.021437814459204674,0.0106523297727108,0.0033288532868027687
1696958532981764400,28.202764404296875,-0.028894444927573204,0.05113118514418602,0.018242115154862404
1696958532991778000,28.212778076171876,-0.019307348877191544,0.05219641700387001,0.033155377954244614
1696958533001791700,28.222791748046873,-0.013981183059513569,0.01810896210372448,-0.006258244160562754
1696958533011805200,28.23280517578125,-0.022503048181533813,0.05539211630821228,0.019307348877191544
1696958533021819000,28.24281884765625,-0.017176883295178413,0.05219641700387001,0.017176883295178413
1696958533031832600,28.25283251953125,-0.012915950268507004,0.06178351491689682,0.018242115154862404
1696958533041846300,28.26284619140625,-0.018242115154862404,0.04687025398015976,-0.0030625448562204838
1696958533051860000,28.27285986328125,-0.018242115154862404,0.07030537724494934,0.022503048181533813
1696958533061873400,28.282873291015626,-0.008655018173158169,0.03941362351179123,0.008655018173158169
1696958533071887000,28.29288720703125,-0.010785484686493874,0.07243584841489792,0.006524552125483751
1696958533081900800,28.30290087890625,-0.015046416781842709,0.02556559257209301,0.015046416781842709
1696958533091914500,28.31291455078125,-0.0011983871227130294,0.05113118514418602,0.019307348877191544
1696958533101928200,28.32292822265625,-0.0033288532868027687,0.0319569893181324,0.025698747485876083
1696958533111941600,28.332941650390627,-0.015046416781842709,0.02663082629442215,-0.017975807189941406
1696958533121955300,28.342955322265624,0.0030625448562204838,0.04687025398015976,0.0768299326300621
1696958533131969000,28.352968994140625,0.001997311832383275,0.0021304660476744175,-0.017975807189941406
1696958533141982700,28.362982666015625,-0.010785484686493874,0.04793548583984375,0.008655018173158169
1696958533151996400,28.372996337890626,0.007323476951569319,0.0021304660476744175,0.08535179495811462
1696958533162009900,28.383009765625,-0.0033288532868027687,0.03941362351179123,-0.048867564648389816
1696958533172023600,28.3930234375,-0.004394086077809334,0.05965305119752884,0.06404713541269302
1696958533182037200,28.403037353515625,0.011584409512579441,-0.02982652559876442,0.026763979345560074
1696958533192051000,28.413051025390626,-0.006524552125483751,0.11078423261642456,-0.012649642303586006
1696958533202064600,28.423064697265627,0.007323476951569319,0.00852186419069767,0.0555252730846405
1696958533212078000,28.433078125,0.010519175790250301,0.0031956990715116262,0.004394086077809334
1696958533222091800,28.443091796875,0.0009320789249613881,0.07350108027458191,0.009720250964164734
1696958533232105500,28.45310546875,0.016910573467612267,0,0.03209014609456062
1696958533242119200,28.463119140625,0.012649642303586006,0.02556559257209301,0.007589785382151604
1696958533252132900,28.4731328125,0.015845341607928276,0.03728315606713295,0.00226362026296556
1696958533262146300,28.483146240234376,0.017975807189941406,0.03089175745844841,0.04274247586727142
1696958533272160000,28.493159912109373,0.020106272771954536,0.012782796286046505,-0.021171506494283676
1696958533282173700,28.503173583984374,0.020106272771954536,0.05965305119752884,0.033155377954244614
1696958533292187400,28.5131875,0.025432437658309937,-0.02556559257209301,-0.004127778112888336
1696958533302201000,28.523201171875,0.021171506494283676,0.06497921794652939,-0.007323476951569319
1696958533312214500,28.533214599609376,0.031823836266994476,-0.004260932095348835,0.034220609813928604
1696958533322228200,28.543228271484374,0.024367205798625946,0.004260932095348835,-0.038215234875679016
1696958533332242000,28.553241943359374,0.030758604407310486,0.03941362351179123,0.029959678649902344
1696958533342255600,28.563255615234375,0.026497671380639076,0.01917419396340847,-0.014780107885599136
1696958533352269300,28.573269287109376,0.031823836266994476,0.04047885537147522,-0.0009320789249613881
1696958533362283000,28.583282958984373,0.029693370684981346,0.02450035884976387,0.007589785382151604
1696958533372296400,28.59329638671875,0.03288906812667847,0.02556559257209301,-0.017975807189941406
1696958533382310100,28.60331005859375,0.031823836266994476,0.05006595328450203,0.017176883295178413
1696958533392323800,28.61332373046875,0.03608476743102074,0.0031956990715116262,-0.005193010903894901
1696958533402337500,28.623337646484377,0.029693370684981346,0.03089175745844841,-0.011584409512579441
1696958533412351200,28.633351318359374,0.033954303711652756,0.03941362351179123,0.009720250964164734
1696958533422364700,28.64336474609375,0.033954303711652756,0.0010652330238372087,-0.006258244160562754
1696958533432378400,28.65337841796875,0.03288906812667847,0.04367455467581749,0.00226362026296556
1696958533442392000,28.66339208984375,0.038215234875679016,-0.0031956990715116262,0.012915950268507004
1696958533452405800,28.67340576171875,0.026497671380639076,0.02023942768573761,-0.033954303711652756
1696958533462419500,28.68341943359375,0.040345702320337296,0.04580501839518547,0.051264338195323944
1696958533472433000,28.693432861328127,0.031823836266994476,-0.03408745676279068,-0.026497671380639076
1696958533482446600,28.703446533203124,0.040345702320337296,0.01171756349503994,0.012915950268507004
1696958533492460300,28.713460205078125,0.033954303711652756,0.02236989326775074,0.022503048181533813
1696958533502474000,28.723473876953125,0.03928046673536301,0.00852186419069767,-0.014780107885599136
1696958533512487700,28.73348779296875,0.03928046673536301,-0.01171756349503994,0.034220609813928604
1696958533522501000,28.743501220703124,0.03288906812667847,0.0319569893181324,-0.013714875094592571
1696958533532514800,28.753514892578124,0.040345702320337296,0.0063913981430232525,0.026763979345560074
1696958533542528500,28.763528564453125,0.03288906812667847,0.02023942768573761,0.009720250964164734
1696958533552542200,28.773542236328126,0.03288906812667847,0.03515268862247467,-0.005193010903894901
1696958533562555600,28.7835556640625,0.03288906812667847,0.03621792420744896,0.040612008422613144
1696958533572569300,28.7935693359375,0.03608476743102074,0.03834838792681694,-0.016910573467612267
1696958533582582800,28.803582763671876,0.03608476743102074,0.0532616525888443,0.04593817517161369
1696958533592596500,28.813596435546874,0.035019535571336746,0.02876129187643528,-0.015845341607928276
1696958533602610200,28.823610107421874,0.035019535571336746,0.05539211630821228,0.020372580736875534
1696958533612623600,28.83362353515625,0.043541401624679565,0.03089175745844841,0.023568280041217804
1696958533622637300,28.84363720703125,0.042476166039705276,0.0010652330238372087,-0.025432437658309937
1696958533632650800,28.853650634765625,0.041410934180021286,0.04793548583984375,0.051264338195323944
1696958533642664400,28.86366455078125,0.052063263952732086,-0.02876129187643528,-0.020106272771954536
1696958533652678100,28.87367822265625,0.044606633484363556,0.05432688444852829,0.016111649572849274
1696958533662691600,28.883691650390624,0.052063263952732086,-0.02450035884976387,-0.004127778112888336
1696958533672705300,28.893705322265625,0.044606633484363556,0.02343512699007988,0.0001331541279796511
1696958533682718700,28.90371875,0.052063263952732086,0.004260932095348835,0.018242115154862404
1696958533692732400,28.913732421875,0.048867564648389816,-0.0426093190908432,-0.03608476743102074
1696958533702746000,28.92374609375,0.047802332788705826,0.03515268862247467,0.03954677656292915
1696958533712759600,28.933759521484376,0.050998032093048096,-0.0319569893181324,-0.028628136962652206
1696958533722773200,28.943773193359377,0.048867564648389816,0.0213046595454216,0.011850717477500439
1696958533732786700,28.95378662109375,0.05312849581241608,-0.01704372838139534,-0.009453942999243736
1696958533742800400,28.96380029296875,0.042476166039705276,0.02343512699007988,0.006524552125483751
1696958533752814000,28.97381396484375,0.05312849581241608,0.01704372838139534,-0.008388710208237171
1696958533762827500,28.98382763671875,0.047802332788705826,0.012782796286046505,0.015046416781842709
1696958533772841200,28.99384130859375,0.043541401624679565,0.02236989326775074,-0.013714875094592571
1696958533782854700,29.003854736328126,0.045671865344047546,0.0426093190908432,-0.001997311832383275
1696958533792868400,29.013868408203123,0.043541401624679565,0.02023942768573761,0.021437814459204674
1696958533802882000,29.023882080078124,0.044606633484363556,0.0213046595454216,-0.057389430701732635
1696958533812895500,29.0338955078125,0.042476166039705276,0.03941362351179123,0.058720968663692474
1696958533822909200,29.0439091796875,0.041410934180021286,0.0106523297727108,-0.06697652488946915
1696958533832922600,29.053922607421875,0.043541401624679565,0.04580501839518547,0.03209014609456062
1696958533842936300,29.063936279296875,0.042476166039705276,-0.02023942768573761,-0.027562905102968216
1696958533852950000,29.073949951171876,0.045671865344047546,0.03302222490310669,0.0011983871227130294
1696958533862963500,29.08396337890625,0.045671865344047546,-0.004260932095348835,0.011850717477500439
1696958533872977200,29.09397705078125,0.045671865344047546,-0.02023942768573761,-0.026497671380639076
1696958533882990800,29.103990966796875,0.040345702320337296,0.02663082629442215,0.034220609813928604
1696958533893004500,29.114004638671876,0.044606633484363556,-0.012782796286046505,-0.030758604407310486
1696958533903018000,29.12401806640625,0.040345702320337296,0.01491326279938221,0.037416309118270874
1696958533913031700,29.13403173828125,0.037150003015995026,0,-0.015845341607928276
1696958533923045400,29.14404541015625,0.03608476743102074,0.0319569893181324,0.023568280041217804
1696958533933059000,29.15405908203125,0.033954303711652756,0.02769605815410614,0.024633513763546944
1696958533943072800,29.16407275390625,0.033954303711652756,0.02982652559876442,-0.008388710208237171
1696958533953086200,29.174086181640625,0.030758604407310486,0.05219641700387001,0.054460037499666214
1696958533963100000,29.184099853515626,0.03288906812667847,0.02343512699007988,-0.012649642303586006
1696958533973113600,29.194113525390627,0.033954303711652756,0.04047885537147522,0.036351077258586884
1696958533983127300,29.204127197265624,0.037150003015995026,0.0063913981430232525,0.020372580736875534
1696958533993141800,29.214141845703125,0.035019535571336746,0.01704372838139534,-0.005193010903894901
1696958534003155700,29.22415576171875,0.040345702320337296,0.03621792420744896,0.06937330216169357
1696958534013169200,29.234169189453127,0.037150003015995026,-0.02769605815410614,-0.044606633484363556
1696958534023182800,29.244182861328124,0.03608476743102074,0.06497921794652939,0.07150376588106155
1696958534033196500,29.254196533203125,0.043541401624679565,-0.02663082629442215,-0.012649642303586006
1696958534043210000,29.2642099609375,0.037150003015995026,0.03089175745844841,0.015046416781842709
1696958534053223700,29.2742236328125,0.043541401624679565,-0.0063913981430232525,0.034220609813928604
1696958534063237000,29.284237060546875,0.03608476743102074,0.0213046595454216,-0.020106272771954536
1696958534073250800,29.294250732421876,0.044606633484363556,0.02876129187643528,0.043807707726955414
1696958534083264500,29.304264404296877,0.045671865344047546,-0.0159784946590662,-0.022236740216612816
1696958534093278000,29.31427783203125,0.040345702320337296,0.03408745676279068,0.022503048181533813
1696958534103291600,29.324291748046875,0.04673709720373154,0.0010652330238372087,-0.022236740216612816
1696958534113305000,29.33430517578125,0.042476166039705276,0.03408745676279068,0.029959678649902344
1696958534123318800,29.34431884765625,0.044606633484363556,-0.0063913981430232525,-0.04993279650807381
1696958534133332500,29.35433251953125,0.040345702320337296,0.04367455467581749,0.03209014609456062
1696958534143346000,29.364345947265626,0.043541401624679565,0.0031956990715116262,-0.040345702320337296
1696958534153359600,29.374359619140623,0.042476166039705276,0.0319569893181324,-0.004127778112888336
1696958534163373000,29.384373046875,0.037150003015995026,0.01810896210372448,-0.014780107885599136
1696958534173386800,29.39438671875,0.040345702320337296,0.03941362351179123,-0.042476166039705276
1696958534183400400,29.404400390625,0.03928046673536301,0.0213046595454216,0.013981183059513569
1696958534193414000,29.414413818359375,0.042476166039705276,-0.0053261648863554,-0.060585130006074905
1696958534203427600,29.424427490234375,0.038215234875679016,0.01384802907705307,0.020372580736875534
1696958534213441000,29.43444091796875,0.04673709720373154,-0.02769605815410614,-0.03608476743102074
1696958534223454700,29.444454833984373,0.042476166039705276,-0.02023942768573761,-0.005193010903894901
1696958534233468400,29.454468505859374,0.035019535571336746,-0.0106523297727108,-0.014780107885599136
1696958534243481900,29.46448193359375,0.041410934180021286,-0.00852186419069767,-0.012649642303586006
1696958534253495600,29.47449560546875,0.03608476743102074,-0.02236989326775074,0.0011983871227130294
1696958534263509000,29.484509033203125,0.037150003015995026,-0.004260932095348835,-0.027562905102968216
1696958534273522700,29.494522705078126,0.031823836266994476,0.00852186419069767,0.044872939586639404
1696958534283536400,29.504536376953126,0.03288906812667847,0.02236989326775074,-0.031823836266994476
1696958534293549800,29.5145498046875,0.030758604407310486,0.03089175745844841,0.051264338195323944
1696958534303563500,29.5245634765625,0.023301972076296806,0.01917419396340847,-0.024367205798625946
1696958534313577000,29.534576904296873,0.03928046673536301,0.02343512699007988,0.040612008422613144
1696958534323590700,29.544590576171874,0.028628136962652206,0.0053261648863554,0.013981183059513569
1696958534333604400,29.554604248046875,0.035019535571336746,0.02343512699007988,-0.004127778112888336
1696958534343618000,29.5646181640625,0.03608476743102074,-0.01171756349503994,0.07469946891069412
1696958534353631500,29.574631591796877,0.03608476743102074,-0.01384802907705307,-0.03928046673536301
1696958534363645200,29.584645263671874,0.035019535571336746,0.04687025398015976,0.07256899774074554
1696958534373659000,29.594658935546875,0.037150003015995026,-0.06071828305721283,-0.026497671380639076
1696958534383672600,29.604672607421875,0.042476166039705276,0.03515268862247467,0.03848154470324516
1696958534393686300,29.614686279296876,0.03608476743102074,-0.0159784946590662,0.0011983871227130294
1696958534403699700,29.62469970703125,0.042476166039705276,0.0213046595454216,0.006524552125483751
1696958534413713400,29.63471337890625,0.03608476743102074,0.01917419396340847,0.026763979345560074
1696958534423727000,29.64472705078125,0.042476166039705276,0.0319569893181324,-0.020106272771954536
1696958534433740800,29.65474072265625,0.043541401624679565,0.012782796286046505,0.034220609813928604
1696958534443754500,29.66475439453125,0.033954303711652756,0.04580501839518547,-0.019041040912270546
1696958534453768000,29.674767822265625,0.042476166039705276,0.03515268862247467,0.004394086077809334
1696958534463781600,29.68478173828125,0.042476166039705276,0.0053261648863554,0.007589785382151604
1696958534473795300,29.69479541015625,0.041410934180021286,0.0159784946590662,-0.009453942999243736
1696958534483809000,29.70480908203125,0.041410934180021286,0.0063913981430232525,0.005459319334477186
1696958534493822700,29.71482275390625,0.045671865344047546,-0.01384802907705307,0.008655018173158169
1696958534503836200,29.724836181640626,0.03928046673536301,0.0159784946590662,-0.029693370684981346
1696958534513849900,29.734849853515627,0.041410934180021286,0.0053261648863554,0.03954677656292915
1696958534523863600,29.744863525390624,0.041410934180021286,-0.007456631399691105,-0.05632419511675835
1696958534533877200,29.754877197265625,0.037150003015995026,0.03089175745844841,0.040612008422613144
1696958534543891000,29.764890869140626,0.043541401624679565,-0.05113118514418602,-0.037150003015995026
1696958534553904400,29.774904296875,0.038215234875679016,0.02982652559876442,0.012915950268507004
1696958534563918000,29.78491796875,0.040345702320337296,-0.01917419396340847,0.006524552125483751
1696958534573931800,29.794931884765624,0.040345702320337296,-0.03408745676279068,-0.025432437658309937
1696958534583945500,29.804945556640625,0.038215234875679016,0.0021304660476744175,0.043807707726955414
1696958534593959200,29.814959228515626,0.042476166039705276,-0.04473978653550148,-0.044606633484363556
1696958534603972600,29.82497265625,0.038215234875679016,-0.009587096981704235,0.0555252730846405
1696958534613986300,29.834986328125,0.037150003015995026,-0.03408745676279068,-0.041410934180021286
1696958534624000000,29.845,0.040345702320337296,-0.0106523297727108,0.04913387447595596
1696958534634013700,29.855013671875,0.03608476743102074,-0.01917419396340847,-0.009453942999243736
1696958534644027400,29.86502734375,0.040345702320337296,-0.0213046595454216,0.0011983871227130294
1696958534654040800,29.875040771484375,0.033954303711652756,0.0021304660476744175,0.028894444927573204
1696958534664054500,29.885054443359376,0.038215234875679016,-0.0010652330238372087,-0.022236740216612816
1696958534674068200,29.895068115234373,0.038215234875679016,-0.00852186419069767,0.025698747485876083
1696958534684082000,29.90508203125,0.040345702320337296,-0.01704372838139534,-0.024367205798625946
1696958534694095600,29.915095703125,0.030758604407310486,0.0426093190908432,0.010785484686493874
1696958534704109300,29.925109375,0.038215234875679016,0.0021304660476744175,-0.023301972076296806
1696958534714122800,29.935122802734377,0.04673709720373154,-0.01491326279938221,0.018242115154862404
1696958534724136400,29.945136474609374,0.033954303711652756,0.02343512699007988,-0.017975807189941406
1696958534734150100,29.955150146484375,0.04673709720373154,-0.0010652330238372087,-0.004127778112888336
1696958534744163800,29.965163818359375,0.042476166039705276,0.0053261648863554,0.023568280041217804
1696958534754177500,29.975177490234376,0.04673709720373154,-0.0053261648863554,-0.050998032093048096
1696958534764191000,29.98519091796875,0.043541401624679565,0.01810896210372448,0.05978620424866676
1696958534774204700,29.99520458984375,0.045671865344047546,-0.02663082629442215,-0.055258963257074356
1696958534784218400,30.00521826171875,0.045671865344047546,0.0159784946590662,0.031024912372231483
1696958534794232000,30.015232177734376,0.045671865344047546,-0.0053261648863554,-0.0009320789249613881
1696958534804245800,30.025245849609377,0.050998032093048096,-0.02663082629442215,-0.0009320789249613881
1696958534814259200,30.03525927734375,0.040345702320337296,0.0213046595454216,0.007589785382151604
1696958534824273000,30.04527294921875,0.047802332788705826,-0.02663082629442215,-0.0009320789249613881
1696958534834286600,30.05528662109375,0.038215234875679016,0.0053261648863554,0.00226362026296556
1696958534844300300,30.06530029296875,0.04673709720373154,-0.01704372838139534,0.010785484686493874
1696958534854314000,30.07531396484375,0.037150003015995026,-0.007456631399691105,0.0001331541279796511
1696958534864327400,30.085327392578126,0.045671865344047546,-0.02769605815410614,0.008655018173158169
1696958534874341000,30.095341064453127,0.037150003015995026,0.004260932095348835,-0.0009320789249613881
1696958534884354800,30.105354736328124,0.037150003015995026,0.0031956990715116262,0.008655018173158169
1696958534894368500,30.115368408203125,0.038215234875679016,-0.0319569893181324,-0.008388710208237171
1696958534904382200,30.12538232421875,0.03928046673536301,-0.0106523297727108,0.0011983871227130294
1696958534914395600,30.135395751953126,0.03288906812667847,-0.012782796286046505,-0.010519175790250301
1696958534924409300,30.145409423828124,0.042476166039705276,-0.03302222490310669,0.007589785382151604
1696958534934423000,30.155423095703124,0.031823836266994476,-0.02343512699007988,-0.023301972076296806
1696958534944436700,30.165436767578125,0.038215234875679016,-0.02556559257209301,-0.006258244160562754
1696958534954450400,30.175450439453126,0.035019535571336746,-0.0213046595454216,0.004394086077809334
1696958534964463900,30.1854638671875,0.035019535571336746,-0.02663082629442215,-0.042476166039705276
1696958534974477600,30.1954775390625,0.027562905102968216,0.01917419396340847,0.022503048181533813
1696958534984491300,30.2054912109375,0.035019535571336746,-0.04154408723115921,-0.026497671380639076
1696958534994505000,30.2155048828125,0.027562905102968216,0.02556559257209301,0.0001331541279796511
1696958535004518700,30.2255185546875,0.031823836266994476,-0.05006595328450203,-0.0030625448562204838
1696958535014532000,30.235531982421875,0.038215234875679016,-0.01384802907705307,-0.006258244160562754
1696958535024545800,30.2455458984375,0.026497671380639076,-0.02876129187643528,-0.006258244160562754
1696958535034559500,30.2555595703125,0.03608476743102074,0,-0.022236740216612816
1696958535044573200,30.2655732421875,0.033954303711652756,-0.03941362351179123,0.047003407031297684
1696958535054587000,30.2755869140625,0.031823836266994476,-0.04580501839518547,-0.08934641629457474
1696958535064600300,30.285600341796876,0.038215234875679016,-0.00852186419069767,0.12370018661022186
1696958535074614000,30.295614013671877,0.028628136962652206,-0.07776200771331787,-0.12876003980636597
1696958535084627700,30.305627685546874,0.038215234875679016,0.04687025398015976,0.1194392517209053
1696958535094641400,30.315641357421875,0.029693370684981346,-0.12356702983379364,-0.054193731397390366
1696958535104655000,30.325655029296875,0.029693370684981346,0.05539211630821228,0.028894444927573204
1696958535114668500,30.33566845703125,0.03288906812667847,-0.06604444980621338,0.07043853402137756
1696958535124682200,30.34568212890625,0.017975807189941406,-0.01384802907705307,-0.06910699605941772
1696958535134696000,30.355696044921874,0.03608476743102074,0.012782796286046505,0.13435252010822296
1696958535144709600,30.365709716796875,0.015845341607928276,-0.05006595328450203,-0.08828118443489075
1696958535154723300,30.375723388671876,0.026497671380639076,0.06178351491689682,0.08535179495811462
1696958535164736800,30.38573681640625,0.025432437658309937,-0.08841434121131897,0.019307348877191544
1696958535174750500,30.39575048828125,0.011584409512579441,0.04900071769952774,-0.06378082931041718
1696958535184764200,30.40576416015625,0.029693370684981346,-0.03089175745844841,0.08535179495811462
1696958535194777900,30.41577783203125,0.019041040912270546,-0.02876129187643528,-0.059519894421100616
1696958535204791600,30.42579150390625,0.015845341607928276,0.01171756349503994,0.015046416781842709
1696958535214805200,30.43580517578125,0.026497671380639076,-0.04687025398015976,-0.0030625448562204838
1696958535224818700,30.445818603515626,0.021171506494283676,-0.01810896210372448,-0.012649642303586006
1696958535234832400,30.455832275390627,0.010519175790250301,-0.004260932095348835,-0.040345702320337296
1696958535244846000,30.46584619140625,0.027562905102968216,-0.02343512699007988,0.03848154470324516
1696958535254859800,30.47585986328125,0.011584409512579441,-0.01491326279938221,-0.07656362652778625
1696958535264873500,30.48587353515625,0.009453942999243736,0.05219641700387001,0.006524552125483751
1696958535274887000,30.495886962890626,0.022236740216612816,-0.04793548583984375,-0.001997311832383275
1696958535284900600,30.505900634765624,0.011584409512579441,0.0106523297727108,-0.09467258304357529
1696958535294914300,30.515914306640624,0.011584409512579441,0.009587096981704235,0.040612008422613144
1696958535304928000,30.525927978515625,0.014780107885599136,-0.01384802907705307,-0.06484606117010117
1696958535314941700,30.535941650390626,0.011584409512579441,0.02450035884976387,-0.030758604407310486
1696958535324955100,30.545955078125,0.011584409512579441,-0.0159784946590662,-0.012649642303586006
1696958535334968800,30.55596875,0.026497671380639076,-0.03728315606713295,-0.022236740216612816
1696958535344982500,30.565982421875,0.015845341607928276,0.01704372838139534,-0.040345702320337296
1696958535354996200,30.575996337890626,0.013714875094592571,-0.03621792420744896,-0.008388710208237171
1696958535365010000,30.586010009765626,0.026497671380639076,-0.04580501839518547,-0.0009320789249613881
1696958535375023400,30.5960234375,0.020106272771954536,-0.01171756349503994,-0.020106272771954536
1696958535385037000,30.606037109375,0.013714875094592571,-0.02023942768573761,-0.017975807189941406
1696958535395050800,30.61605078125,0.027562905102968216,-0.02343512699007988,0.028894444927573204
1696958535405064400,30.626064453125,0.019041040912270546,-0.02236989326775074,-0.021171506494283676
1696958535415078100,30.636078125,0.009453942999243736,0.0213046595454216,-0.009453942999243736
1696958535425091600,30.646091552734376,0.020106272771954536,-0.01917419396340847,0.037416309118270874
1696958535435105300,30.656105224609377,0.019041040912270546,-0.0010652330238372087,-0.023301972076296806
1696958535445119000,30.666118896484374,0.008388710208237171,0.02556559257209301,-0.0009320789249613881
1696958535455132400,30.67613232421875,0.012649642303586006,0.02023942768573761,0.017176883295178413
1696958535465146000,30.68614599609375,0.015845341607928276,0.01704372838139534,-0.013714875094592571
1696958535475159800,30.696159912109376,0.014780107885599136,-0.0010652330238372087,0.009720250964164734
1696958535485173200,30.70617333984375,0.007323476951569319,-0.0010652330238372087,-0.021171506494283676
1696958535495187000,30.71618701171875,0.017975807189941406,0.03941362351179123,0.015046416781842709
1696958535505200400,30.726200439453127,0.015845341607928276,-0.02982652559876442,-0.019041040912270546
1696958535515214000,30.736214111328124,0.007323476951569319,-0.0021304660476744175,-0.025432437658309937
1696958535525227800,30.746227783203125,0.016910573467612267,0.0159784946590662,0.017176883295178413
1696958535535241200,30.7562412109375,0.017975807189941406,-0.03728315606713295,-0.037150003015995026
1696958535545255000,30.7662548828125,0.010519175790250301,-0.01704372838139534,-0.024367205798625946
1696958535555268400,30.776268310546875,0.014780107885599136,-0.02663082629442215,-0.013714875094592571
1696958535565282000,30.786281982421876,0.026497671380639076,-0.0532616525888443,-0.028628136962652206
1696958535575295700,30.796295654296873,0.014780107885599136,-0.05539211630821228,-0.027562905102968216
1696958535585309200,30.80630908203125,0.004127778112888336,0.02556559257209301,-0.007323476951569319
1696958535595323000,30.816322998046875,0.020106272771954536,-0.03621792420744896,-0.001997311832383275
1696958535605336300,30.82633642578125,0.017975807189941406,-0.03834838792681694,-0.022236740216612816
1696958535615350000,30.83635009765625,0.007323476951569319,-0.02343512699007988,0.0011983871227130294
1696958535625363700,30.84636376953125,0.014780107885599136,-0.0031956990715116262,-0.0009320789249613881
1696958535635377200,30.856377197265626,0.017975807189941406,0.0021304660476744175,0.03848154470324516
1696958535645390800,30.866390869140623,0.007323476951569319,-0.05432688444852829,-0.040345702320337296
1696958535655404300,30.876404296875,0.012649642303586006,0.0426093190908432,0.05232957378029823
1696958535665418000,30.88641796875,0.019041040912270546,-0.02556559257209301,0.023568280041217804
1696958535675431700,30.896431640625,0.009453942999243736,0.0053261648863554,-0.030758604407310486
1696958535685445000,30.906445068359375,0.007323476951569319,0.02556559257209301,0.08641702681779861
1696958535695458800,30.916458740234376,0.013714875094592571,0.0063913981430232525,-0.033954303711652756
1696958535705472300,30.92647216796875,0.015845341607928276,0.03302222490310669,0.06298190355300903
1696958535715486000,30.93648583984375,0.007323476951569319,-0.012782796286046505,-0.007323476951569319
1696958535725499600,30.946499755859374,0.011584409512579441,0.02982652559876442,0.04274247586727142
1696958535735513000,30.95651318359375,0.013714875094592571,0.007456631399691105,0.008655018173158169
1696958535745526800,30.96652685546875,0.013714875094592571,0.0010652330238372087,0.004394086077809334
1696958535755540500,30.97654052734375,0.009453942999243736,-0.01491326279938221,0.021437814459204674
1696958535765554000,30.986553955078126,0.009453942999243736,0.03515268862247467,0.0033288532868027687
1696958535775567600,30.996567626953127,0.009453942999243736,0.0063913981430232525,-0.006258244160562754
1696958535785581300,31.006581298828124,0.006258244160562754,-0.0010652330238372087,-0.001997311832383275
1696958535795595000,31.016594970703125,0.004127778112888336,0.01171756349503994,-0.007323476951569319
1696958535805608700,31.026608642578125,0.006258244160562754,0.02876129187643528,-0.016910573467612267
1696958535815622100,31.0366220703125,0.007323476951569319,-0.03408745676279068,-0.024367205798625946
1696958535825635800,31.0466357421875,0.001997311832383275,0.0106523297727108,0.0011983871227130294
1696958535835649500,31.0566494140625,0.005193010903894901,0.01810896210372448,-0.014780107885599136
1696958535845663200,31.066663330078125,0.0030625448562204838,-0.0063913981430232525,-0.017975807189941406
1696958535855677000,31.076677001953126,-0.0011983871227130294,-0.007456631399691105,-0.012649642303586006
1696958535865690400,31.0866904296875,0.008388710208237171,-0.01704372838139534,0.010785484686493874
1696958535875704000,31.0967041015625,0.0030625448562204838,-0.0010652330238372087,-0.023301972076296806
1696958535885717800,31.1067177734375,-0.004394086077809334,-0.0053261648863554,0.011850717477500439
1696958535895731500,31.1167314453125,0.0030625448562204838,0.02769605815410614,0.007589785382151604
1696958535905745200,31.1267451171875,0.007323476951569319,-0.02343512699007988,0.015046416781842709
1696958535915758600,31.136758544921875,-0.0011983871227130294,0.01491326279938221,-0.006258244160562754
1696958535925772300,31.146772216796876,-0.004394086077809334,0.02450035884976387,0.03528584539890289
1696958535935786000,31.156785888671877,0.009453942999243736,0.004260932095348835,0.007589785382151604
1696958535945799700,31.166799560546874,0.010519175790250301,-0.02236989326775074,0.03528584539890289
1696958535955813400,31.1768134765625,-0.0033288532868027687,-0.01917419396340847,-0.006258244160562754
1696958535965827000,31.1868271484375,0.016910573467612267,-0.007456631399691105,0.06830807030200958
1696958535975840500,31.196840576171876,0.015845341607928276,-0.06497921794652939,-0.004127778112888336
1696958535985854200,31.206854248046874,0.0009320789249613881,-0.01491326279938221,0.010785484686493874
1696958535995868000,31.216867919921874,0.014780107885599136,-0.02982652559876442,0.054460037499666214
1696958536005881600,31.226881591796875,0.015845341607928276,-0.02556559257209301,0.00226362026296556
1696958536015895300,31.236895263671876,0.010519175790250301,-0.03302222490310669,-0.009453942999243736
1696958536025908700,31.24690869140625,0.010519175790250301,0.009587096981704235,0.03848154470324516
1696958536035922400,31.25692236328125,0.015845341607928276,-0.04047885537147522,-0.014780107885599136
1696958536045936000,31.26693603515625,0.012649642303586006,0.0010652330238372087,0.005459319334477186
1696958536055949800,31.27694970703125,0.007323476951569319,-0.01491326279938221,-0.014780107885599136
1696958536065963500,31.286963623046876,0.017975807189941406,-0.007456631399691105,0.009720250964164734
1696958536075977000,31.29697705078125,0.019041040912270546,-0.04900071769952774,-0.016910573467612267
1696958536085990700,31.30699072265625,0.011584409512579441,-0.03408745676279068,-0.035019535571336746
1696958536096004400,31.31700439453125,0.017975807189941406,-0.03515268862247467,0.019307348877191544
1696958536106018000,31.32701806640625,0.016910573467612267,-0.0319569893181324,-0.03928046673536301
1696958536116031700,31.33703173828125,0.009453942999243736,0.01171756349503994,-0.012649642303586006
1696958536126045200,31.347045166015626,0.012649642303586006,-0.03621792420744896,-0.0030625448562204838
1696958536136059000,31.357058837890627,0.014780107885599136,0.0031956990715116262,-0.021171506494283676
1696958536146072600,31.367072509765624,0.009453942999243736,0.009587096981704235,-0.013714875094592571
1696958536156086300,31.377086181640625,0.009453942999243736,-0.02023942768573761,-0.011584409512579441
1696958536166100000,31.387099853515625,0.012649642303586006,0.02236989326775074,-0.012649642303586006
1696958536176113400,31.397113525390626,0.012649642303586006,-0.01384802907705307,-0.007323476951569319
1696958536186127000,31.407127197265623,0.0009320789249613881,0.02876129187643528,-0.037150003015995026
1696958536196140800,31.417140869140624,0.011584409512579441,0.0053261648863554,0.047003407031297684
1696958536206154500,31.427154541015625,0.010519175790250301,0.0053261648863554,-0.044606633484363556
1696958536216168200,31.437168212890626,0.001997311832383275,0.01704372838139534,0.018242115154862404
1696958536226181600,31.447181640625,0.009453942999243736,-0.02450035884976387,-0.009453942999243736
1696958536236195300,31.4571953125,0.014780107885599136,0,0.033155377954244614
1696958536246209000,31.467208984375,0.001997311832383275,-0.03621792420744896,-0.05632419511675835
1696958536256222700,31.47722265625,0.011584409512579441,-0.009587096981704235,0.06937330216169357
1696958536266236400,31.487236328125,0.011584409512579441,-0.01171756349503994,-0.019041040912270546
1696958536276249900,31.497249755859375,0.001997311832383275,0.02023942768573761,-0.019041040912270546
1696958536286263600,31.507263671875,0.0009320789249613881,0.02236989326775074,0.04274247586727142
1696958536296277200,31.51727734375,0.005193010903894901,0.03621792420744896,-0.014780107885599136
1696958536306291000,31.527291015625,0.0009320789249613881,0.06284874677658081,0.00226362026296556
1696958536316304600,31.5373046875,-0.0011983871227130294,0.0159784946590662,0.008655018173158169
1696958536326318000,31.547318115234376,0.006258244160562754,0.04154408723115921,0.00226362026296556
1696958536336331800,31.557331787109376,0.0030625448562204838,0.05645735189318657,0.008655018173158169
1696958536346345500,31.567345458984374,-0.0011983871227130294,0.04580501839518547,-0.006258244160562754
1696958536356359200,31.577359130859374,0.010519175790250301,0.007456631399691105,0.033155377954244614
1696958536366372900,31.587372802734375,0.008388710208237171,0.0213046595454216,-0.014780107885599136
1696958536376386300,31.59738623046875,-0.00226362026296556,0.02769605815410614,0.007589785382151604
1696958536386400000,31.60739990234375,0.013714875094592571,-0.03089175745844841,0.0033288532868027687
1696958536396413700,31.61741357421875,0.017975807189941406,-0.02450035884976387,0.013981183059513569
1696958536406427400,31.627427490234375,0.005193010903894901,-0.01704372838139534,-0.037150003015995026
1696958536416441000,31.637441162109376,0.012649642303586006,-0.04367455467581749,0.036351077258586884
1696958536426454500,31.64745458984375,0.015845341607928276,-0.0159784946590662,-0.011584409512579441
1696958536436468200,31.65746826171875,-0.0001331541279796511,0.012782796286046505,-0.010519175790250301
1696958536446482000,31.66748193359375,0.0009320789249613881,0.009587096981704235,-0.012649642303586006
1696958536456495600,31.67749560546875,0.007323476951569319,0.0319569893181324,0.0555252730846405
1696958536466509300,31.68750927734375,-0.007589785382151604,0.03302222490310669,-0.0723026916384697
1696958536476523000,31.69752294921875,-0.0011983871227130294,0.05219641700387001,0.067242830991745
1696958536486536400,31.707536376953126,0.007323476951569319,-0.0021304660476744175,-0.028628136962652206
1696958536496550100,31.717550048828127,-0.0011983871227130294,0.06497921794652939,0.011850717477500439
1696958536506563800,31.727563720703124,-0.004394086077809334,0.0063913981430232525,-0.008388710208237171
1696958536516577500,31.73757763671875,0.009453942999243736,-0.0031956990715116262,0.025698747485876083
1696958536526591200,31.74759130859375,0.006258244160562754,0.01384802907705307,-0.016910573467612267
1696958536536604700,31.757604736328126,-0.005459319334477186,0.02236989326775074,0.010785484686493874
1696958536546618400,31.767618408203123,0.009453942999243736,-0.03621792420744896,0.011850717477500439
1696958536556632000,31.777632080078124,0.010519175790250301,0.009587096981704235,0.010785484686493874
1696958536566645800,31.787645751953125,-0.0033288532868027687,-0.02769605815410614,-0.009453942999243736
1696958536576659500,31.797659423828126,0.006258244160562754,0.0106523297727108,0.028894444927573204
1696958536586673000,31.8076728515625,0.006258244160562754,0.012782796286046505,0.024633513763546944
1696958536596686600,31.8176865234375,-0.008655018173158169,0.02982652559876442,-0.043541401624679565
1696958536606700300,31.8277001953125,0.0009320789249613881,0.0319569893181324,0.08641702681779861
1696958536616714000,31.8377138671875,-0.00226362026296556,0.04154408723115921,-0.045671865344047546
1696958536626727700,31.847727783203126,-0.0011983871227130294,0.04154408723115921,0.0555252730846405
1696958536636741000,31.8577412109375,-0.004394086077809334,0.007456631399691105,0.004394086077809334
1696958536646754800,31.8677548828125,0.004127778112888336,0.04793548583984375,0.03848154470324516
1696958536656768500,31.8777685546875,-0.0011983871227130294,0.007456631399691105,0.010785484686493874
1696958536666782200,31.8877822265625,-0.005459319334477186,0.012782796286046505,0.021437814459204674
1696958536676796000,31.8977958984375,0.007323476951569319,0.0213046595454216,0.057655736804008484
1696958536686809300,31.907809326171876,0.007323476951569319,-0.03941362351179123,0.005459319334477186
1696958536696823000,31.917822998046876,-0.00226362026296556,0.0053261648863554,0.025698747485876083
1696958536706836700,31.927836669921874,0.011584409512579441,-0.04793548583984375,0.08215609937906265
1696958536716850400,31.937850341796874,0.0030625448562204838,-0.00852186419069767,-0.019041040912270546
1696958536726864100,31.947864013671875,-0.0011983871227130294,0.01917419396340847,0.07150376588106155
1696958536736877600,31.957877685546876,0.001997311832383275,-0.03089175745844841,0.03209014609456062
1696958536746891300,31.967891357421873,0.0009320789249613881,0.06178351491689682,0.041677240282297134
1696958536756905000,31.977905029296874,-0.005459319334477186,0.02343512699007988,0.041677240282297134
1696958536766918700,31.987918701171875,-0.008655018173158169,0.07776200771331787,0.027829213067889214
1696958536776932400,31.997932373046876,-0.00226362026296556,0.06284874677658081,0.07256899774074554
1696958536786945800,32.00794580078125,-0.010785484686493874,0.0639139786362648,-0.021171506494283676
1696958536796959500,32.01795947265625,-0.005459319334477186,0.08095771074295044,0.08535179495811462
1696958536806973200,32.02797314453125,-0.00226362026296556,0.01384802907705307,0.0011983871227130294
1696958536816987000,32.03798681640625,-0.0001331541279796511,0.05965305119752884,0.048068638890981674
1696958536827000600,32.04800048828125,-0.0011983871227130294,-0.02236989326775074,0.015046416781842709
1696958536837014000,32.058013916015625,0.0030625448562204838,0.0159784946590662,0.033155377954244614
1696958536847027700,32.06802783203125,0.005193010903894901,-0.01917419396340847,0.041677240282297134
1696958536857041400,32.07804150390625,-0.00226362026296556,-0.02023942768573761,-0.016910573467612267
1696958536867055000,32.08805517578125,0.007323476951569319,-0.03515268862247467,0.06937330216169357
1696958536877068800,32.09806884765625,0.008388710208237171,-0.04687025398015976,0.0011983871227130294
1696958536887082200,32.10808227539062,-0.0001331541279796511,-0.03621792420744896,0.026763979345560074
1696958536897096000,32.11809594726562,-0.005459319334477186,-0.01917419396340847,0.006524552125483751
1696958536907109600,32.12810961914062,0.001997311832383275,0.004260932095348835,0.051264338195323944
1696958536917123300,32.138123291015624,-0.005459319334477186,-0.0319569893181324,-0.025432437658309937
1696958536927137000,32.148136962890625,-0.013981183059513569,0.04047885537147522,0.03209014609456062
1696958536937150500,32.158150390625,-0.011850717477500439,0.0106523297727108,0.021437814459204674
1696958536947164200,32.1681640625,-0.012915950268507004,0.0426093190908432,-0.009453942999243736
1696958536957177900,32.178177734375,-0.013981183059513569,0.0159784946590662,0.022503048181533813
1696958536967191600,32.18819165039063,-0.016111649572849274,0.009587096981704235,-0.013714875094592571
1696958536977205000,32.198205078125,-0.007589785382151604,0.02236989326775074,0.041677240282297134
1696958536987218700,32.20821875,-0.013981183059513569,-0.0053261648863554,-0.03288906812667847
1696958536997232400,32.218232421875,-0.013981183059513569,0.02236989326775074,0.044872939586639404
1696958537007245800,32.22824584960937,-0.007589785382151604,-0.01704372838139534,-0.006258244160562754
1696958537017259500,32.23825952148437,-0.010785484686493874,0.01491326279938221,0.019307348877191544
1696958537027273000,32.24827294921875,-0.017176883295178413,-0.00852186419069767,-0.001997311832383275
1696958537037286700,32.25828662109375,-0.008655018173158169,0.0159784946590662,0.04274247586727142
1696958537047300400,32.26830029296875,-0.0033288532868027687,-0.03621792420744896,0.012915950268507004
1696958537057313800,32.278313720703125,-0.018242115154862404,0.02556559257209301,-0.001997311832383275
1696958537067327500,32.288327392578125,-0.015046416781842709,0.0063913981430232525,0.051264338195323944
1696958537077341000,32.2983408203125,-0.007589785382151604,0.0010652330238372087,0.026763979345560074
1696958537087354600,32.30835473632813,-0.012915950268507004,-0.0010652330238372087,0.015046416781842709
1696958537097368300,32.31836840820313,-0.023568280041217804,0.04473978653550148,0.043807707726955414
1696958537107381800,32.3283818359375,-0.009720250964164734,0.0159784946590662,0.04913387447595596
1696958537117395500,32.3383955078125,-0.013981183059513569,0.0010652330238372087,0.031024912372231483
1696958537127409000,32.34840893554688,-0.022503048181533813,0.03089175745844841,0.021437814459204674
1696958537137422600,32.35842260742187,-0.019307348877191544,0.0213046595454216,0.07469946891069412
1696958537147436300,32.36843627929687,-0.016111649572849274,0.02556559257209301,-0.0009320789249613881
1696958537157449700,32.37844970703125,-0.019307348877191544,-0.012782796286046505,0.051264338195323944
1696958537167463400,32.38846337890625,-0.025698747485876083,0.0213046595454216,0.004394086077809334
1696958537177476900,32.39847680664062,-0.016111649572849274,0.02023942768573761,0.048068638890981674
1696958537187490600,32.408490478515624,-0.019307348877191544,-0.03834838792681694,0.006524552125483751
1696958537197504300,32.418504150390625,-0.023568280041217804,0.0063913981430232525,0.006524552125483751
1696958537207517700,32.428517578125,-0.024633513763546944,0.0010652330238372087,0.036351077258586884
1696958537217531400,32.438531494140626,-0.022503048181533813,-0.0021304660476744175,-0.017975807189941406
1696958537227544800,32.448544921875,-0.020372580736875534,-0.02023942768573761,0.034220609813928604
1696958537237558500,32.45855859375,-0.031024912372231483,-0.00852186419069767,-0.033954303711652756
1696958537247572200,32.468572265625,-0.023568280041217804,0.03728315606713295,0.033155377954244614
1696958537257585700,32.47858569335938,-0.025698747485876083,-0.02663082629442215,-0.025432437658309937
1696958537267599400,32.48859936523438,-0.03528584539890289,0.04154408723115921,-0.019041040912270546
1696958537277613000,32.49861303710937,-0.029959678649902344,0.03089175745844841,0.021437814459204674
1696958537287626800,32.50862670898437,-0.033155377954244614,0.02343512699007988,-0.050998032093048096
1696958537297640200,32.51864013671875,-0.033155377954244614,0.03515268862247467,0.008655018173158169
1696958537307654000,32.52865380859375,-0.03848154470324516,0.02450035884976387,-0.029693370684981346
1696958537317667600,32.53866748046875,-0.033155377954244614,0.05113118514418602,-0.014780107885599136
1696958537327681300,32.548681396484376,-0.031024912372231483,0.0159784946590662,-0.015845341607928276
1696958537337695000,32.55869506835938,-0.036351077258586884,0.0031956990715116262,-0.043541401624679565
1696958537347708400,32.56870849609375,-0.037416309118270874,0.05113118514418602,0.005459319334477186
1696958537357722000,32.57872216796875,-0.029959678649902344,-0.02343512699007988,-0.038215234875679016
1696958537367735800,32.58873583984375,-0.03209014609456062,-0.01171756349503994,-0.027562905102968216
1696958537377749500,32.59874951171875,-0.040612008422613144,0.0106523297727108,0.0011983871227130294
1696958537387763200,32.60876318359375,-0.033155377954244614,-0.0106523297727108,-0.052063263952732086
1696958537397776600,32.61877661132812,-0.026763979345560074,-0.01491326279938221,0.028894444927573204
1696958537407790300,32.628790283203124,-0.040612008422613144,-0.02876129187643528,-0.05632419511675835
1696958537417804000,32.638803955078124,-0.037416309118270874,0.01384802907705307,0.017176883295178413
1696958537427817700,32.648817626953125,-0.026763979345560074,-0.02236989326775074,0.013981183059513569
1696958537437831400,32.65883154296875,-0.03954677656292915,-0.02450035884976387,-0.03608476743102074
1696958537447844900,32.66884497070313,-0.047003407031297684,0.03089175745844841,0.03528584539890289
1696958537457858600,32.67885864257813,-0.037416309118270874,0.0031956990715116262,0.010785484686493874
1696958537467872300,32.68887231445313,-0.037416309118270874,0.0063913981430232525,-0.0009320789249613881
1696958537477886000,32.69888598632812,-0.041677240282297134,-0.0021304660476744175,0.04913387447595596
1696958537487899600,32.70889965820312,-0.048068638890981674,0.03089175745844841,-0.017975807189941406
1696958537497913000,32.7189130859375,-0.036351077258586884,0.04154408723115921,0.07043853402137756
1696958537507926800,32.7289267578125,-0.037416309118270874,-0.05752258375287056,0.011850717477500439
1696958537517940500,32.7389404296875,-0.054460037499666214,0.06817491352558136,0.017176883295178413
1696958537527954200,32.7489541015625,-0.03848154470324516,0.009587096981704235,0.053394805639982224
1696958537537967900,32.7589677734375,-0.036351077258586884,0,0.018242115154862404
1696958537547981300,32.768981201171876,-0.04593817517161369,-0.012782796286046505,0.020372580736875534
1696958537557995000,32.7789951171875,-0.044872939586639404,0.03302222490310669,0.028894444927573204
1696958537568008700,32.7890087890625,-0.037416309118270874,0.0159784946590662,0.031024912372231483
1696958537578022400,32.7990224609375,-0.03954677656292915,-0.0106523297727108,-0.001997311832383275
1696958537588036000,32.8090361328125,-0.04274247586727142,-0.0010652330238372087,0.031024912372231483
1696958537598049500,32.81904956054687,-0.04593817517161369,0.06178351491689682,-0.008388710208237171
1696958537608063200,32.82906323242187,-0.03528584539890289,0.01810896210372448,0.026763979345560074
1696958537618077000,32.839076904296874,-0.03848154470324516,-0.03621792420744896,-0.029693370684981346
1696958537628090600,32.849090576171875,-0.04593817517161369,0.06284874677658081,0.005459319334477186
1696958537638104300,32.859104248046876,-0.036351077258586884,0.04154408723115921,0.005459319334477186
1696958537648117800,32.86911767578125,-0.036351077258586884,-0.01704372838139534,-0.03288906812667847
1696958537658131500,32.87913134765625,-0.041677240282297134,0.03302222490310669,0.008655018173158169
1696958537668145200,32.88914526367188,-0.03954677656292915,0.03302222490310669,-0.03288906812667847
1696958537678158800,32.89915893554687,-0.031024912372231483,0.0106523297727108,0.011850717477500439
1696958537688172500,32.90917260742187,-0.04274247586727142,-0.0053261648863554,-0.043541401624679565
1696958537698186200,32.91918627929687,-0.043807707726955414,0.0319569893181324,0.007589785382151604
1696958537708199700,32.92919970703125,-0.028894444927573204,-0.01491326279938221,-0.012649642303586006
1696958537718213400,32.93921337890625,-0.03528584539890289,-0.012782796286046505,0.0001331541279796511
1696958537728227000,32.94922705078125,-0.04593817517161369,-0.00852186419069767,-0.033954303711652756
1696958537738240800,32.95924072265625,-0.037416309118270874,0.01810896210372448,0.031024912372231483
1696958537748254500,32.96925439453125,-0.028894444927573204,-0.05539211630821228,-0.012649642303586006
1696958537758268000,32.979267822265626,-0.043807707726955414,-0.02023942768573761,-0.017975807189941406
1696958537768281600,32.98928149414063,-0.044872939586639404,0.01384802907705307,0.021437814459204674
1696958537778295300,32.99929541015625,-0.03209014609456062,-0.0319569893181324,0.008655018173158169
1696958537788309000,33.00930908203125,-0.034220609813928604,-0.02982652559876442,-0.011584409512579441
1696958537798322700,33.01932275390625,-0.047003407031297684,-0.0010652330238372087,0.034220609813928604
1696958537808336100,33.02933618164062,-0.041677240282297134,0.03302222490310669,-0.017975807189941406
1696958537818349800,33.039349853515624,-0.031024912372231483,-0.00852186419069767,0.05978620424866676
1696958537828363500,33.049363525390625,-0.044872939586639404,-0.0021304660476744175,-0.024367205798625946
1696958537838377200,33.059377197265626,-0.044872939586639404,0.05965305119752884,0.04593817517161369
1696958537848391000,33.069390869140626,-0.031024912372231483,0.02982652559876442,0.024633513763546944
1696958537858404400,33.079404296875,-0.03528584539890289,0.00852186419069767,0.017176883295178413
1696958537868418000,33.08941796875,-0.041677240282297134,0.03834838792681694,0.023568280041217804
1696958537878431700,33.099431640625,-0.036351077258586884,0.06284874677658081,0.03528584539890289
1696958537888445400,33.10944555664062,-0.028894444927573204,0.04580501839518547,0.028894444927573204
1696958537898459100,33.11945922851562,-0.029959678649902344,-0.012782796286046505,0.012915950268507004
1696958537908472600,33.12947265625,-0.03528584539890289,0.05965305119752884,0.043807707726955414
1696958537918486300,33.139486328125,-0.023568280041217804,0.03089175745844841,0.021437814459204674
1696958537928500000,33.1495,-0.020372580736875534,0.0010652330238372087,0.027829213067889214
1696958537938513700,33.159513671875,-0.028894444927573204,-0.00852186419069767,0.028894444927573204
1696958537948527400,33.16952734375,-0.024633513763546944,0.03621792420744896,0.017176883295178413
1696958537958540800,33.179540771484376,-0.016111649572849274,0.01917419396340847,0.060851436108350754
1696958537968554500,33.18955444335938,-0.023568280041217804,-0.02769605815410614,-0.013714875094592571
1696958537978568200,33.19956811523438,-0.024633513763546944,0.04047885537147522,0.05232957378029823
1696958537988582000,33.20958178710937,-0.017176883295178413,0.0159784946590662,0.033155377954244614
1696958537998595600,33.219595703125,-0.019307348877191544,0.0010652330238372087,0.0001331541279796511
1696958538008609000,33.22960913085937,-0.022503048181533813,0.01917419396340847,0.04593817517161369
1696958538018622700,33.239622802734374,-0.021437814459204674,0.03408745676279068,0.026763979345560074
1696958538028636400,33.249636474609375,-0.019307348877191544,0.02663082629442215,0.018242115154862404
1696958538038650000,33.259650146484375,-0.017176883295178413,0.00852186419069767,0.022503048181533813
1696958538048663800,33.269663818359376,-0.022503048181533813,0.02663082629442215,0.029959678649902344
1696958538058677200,33.27967724609375,-0.011850717477500439,0.02876129187643528,0.013981183059513569
1696958538068691000,33.28969091796875,-0.010785484686493874,-0.01491326279938221,0.043807707726955414
1696958538078704600,33.29970458984375,-0.020372580736875534,0.02769605815410614,-0.013714875094592571
1696958538088718300,33.30971826171875,-0.006524552125483751,0.02450035884976387,0.06511236727237701
1696958538098732000,33.31973193359375,-0.006524552125483751,-0.0053261648863554,-0.004127778112888336
1696958538108745500,33.32974536132812,-0.012915950268507004,0.03728315606713295,0.027829213067889214
1696958538118759200,33.33975927734375,-0.011850717477500439,0.01384802907705307,0.022503048181533813
1696958538128772900,33.34977294921875,-0.004394086077809334,0.05432688444852829,0.031024912372231483
1696958538138786600,33.35978662109375,-0.004394086077809334,-0.007456631399691105,0.013981183059513569
1696958538148800300,33.36980029296875,-0.015046416781842709,0.0319569893181324,0.012915950268507004
1696958538158813700,33.379813720703126,-0.004394086077809334,0.03728315606713295,0.03954677656292915
1696958538168827400,33.38982739257813,-0.0011983871227130294,-0.0063913981430232525,0.009720250964164734
1696958538178841000,33.39984106445313,-0.007589785382151604,0.0031956990715116262,0.010785484686493874
1696958538188854800,33.40985473632813,-0.007589785382151604,0.03089175745844841,0.027829213067889214
1696958538198868500,33.41986840820312,0.004127778112888336,-0.0053261648863554,0.016111649572849274
1696958538208882200,33.42988208007812,-0.00226362026296556,0.00852186419069767,0.018242115154862404
1696958538218895600,33.4398955078125,-0.010785484686493874,0.02556559257209301,0.005459319334477186
1696958538228909300,33.449909423828124,-0.0011983871227130294,0.03941362351179123,0.024633513763546944
1696958538238923000,33.459923095703125,0.001997311832383275,0.0053261648863554,0.025698747485876083
1696958538248936700,33.469936767578126,-0.007589785382151604,0.04367455467581749,-0.012649642303586006
1696958538258950400,33.47995043945313,-0.0011983871227130294,0.02663082629442215,0.044872939586639404
1696958538268963800,33.4899638671875,0.005193010903894901,0.03089175745844841,0.004394086077809334
1696958538278977500,33.4999775390625,0.004127778112888336,0.007456631399691105,0.015046416781842709
1696958538288991200,33.5099912109375,-0.0001331541279796511,0.02343512699007988,0.019307348877191544
1696958538299005000,33.5200048828125,0.006258244160562754,0.01704372838139534,0.009720250964164734
1696958538309018600,33.5300185546875,0.012649642303586006,0.007456631399691105,0.029959678649902344
1696958538319032000,33.54003198242187,0.004127778112888336,-0.0053261648863554,-0.010519175790250301
1696958538329045800,33.55004565429687,0.007323476951569319,0.01491326279938221,0.017176883295178413
1696958538339059500,33.5600595703125,0.013714875094592571,0.0159784946590662,0.018242115154862404
1696958538349073200,33.5700732421875,0.012649642303586006,-0.02556559257209301,-0.004127778112888336
1696958538359086800,33.5800869140625,0.004127778112888336,0.012782796286046505,0.015046416781842709
1696958538369100300,33.59010034179688,0.009453942999243736,0.01810896210372448,0.0011983871227130294
1696958538379114000,33.60011401367188,0.019041040912270546,-0.01917419396340847,0.028894444927573204
1696958538389127700,33.61012768554688,0.0030625448562204838,-0.01704372838139534,-0.022236740216612816
1696958538399141400,33.62014135742187,0.001997311832383275,0.03941362351179123,0.017176883295178413
1696958538409155000,33.63015502929687,0.021171506494283676,-0.02663082629442215,0.025698747485876083
1696958538419168500,33.64016845703125,0.008388710208237171,-0.01171756349503994,-0.030758604407310486
1696958538429182200,33.65018212890625,0.001997311832383275,0.02663082629442215,0.04274247586727142
1696958538439196000,33.66019580078125,0.008388710208237171,0.004260932095348835,-0.042476166039705276
1696958538449209600,33.670209716796876,0.013714875094592571,0.03089175745844841,0.05978620424866676
1696958538459223300,33.68022338867188,0.0030625448562204838,-0.02769605815410614,-0.06591129302978516
1696958538469236700,33.69023681640625,0.004127778112888336,0.07030537724494934,0.05232957378029823
1696958538479250400,33.70025048828125,0.011584409512579441,-0.0031956990715116262,-0.027562905102968216
1696958538489264000,33.71026416015625,0.013714875094592571,0,0.007589785382151604
1696958538499277800,33.72027783203125,0.006258244160562754,-0.007456631399691105,-0.009453942999243736
1696958538509291500,33.73029150390625,0.013714875094592571,0.03834838792681694,0.00226362026296556
1696958538519305000,33.74030493164062,0.020106272771954536,-0.02769605815410614,0.013981183059513569
1696958538529318700,33.75031860351562,0.012649642303586006,-0.01491326279938221,-0.033954303711652756
1696958538539332400,33.760332275390624,0.013714875094592571,0.01704372838139534,0.03528584539890289
1696958538549345800,33.770345703125,0.023301972076296806,-0.0159784946590662,-0.013714875094592571
1696958538559359500,33.780359375,0.019041040912270546,-0.02023942768573761,0.006524552125483751
1696958538569373200,33.79037329101563,0.013714875094592571,0.0021304660476744175,-0.001997311832383275
1696958538579386600,33.80038671875,0.020106272771954536,0,0.010785484686493874
1696958538589400300,33.810400390625,0.021171506494283676,0.0053261648863554,0.0033288532868027687
1696958538599413800,33.82041381835938,0.016910573467612267,-0.02663082629442215,-0.001997311832383275
1696958538609427500,33.83042749023438,0.011584409512579441,0.03089175745844841,0.005459319334477186
1696958538619441200,33.84044116210937,0.021171506494283676,0.009587096981704235,0.013981183059513569
1696958538629454600,33.85045458984375,0.019041040912270546,0,-0.0030625448562204838
1696958538639468300,33.86046826171875,0.009453942999243736,0.03302222490310669,0.006524552125483751
1696958538649481700,33.87048168945312,0.015845341607928276,0.02876129187643528,0.0011983871227130294
1696958538659495400,33.88049536132812,0.021171506494283676,0.02556559257209301,0.033155377954244614
1696958538669509000,33.890509033203124,0.012649642303586006,0.012782796286046505,-0.033954303711652756
1696958538679522600,33.9005224609375,0.010519175790250301,0.05432688444852829,0.04913387447595596
1696958538689536300,33.910536376953125,0.024367205798625946,-0.0021304660476744175,-0.026497671380639076
1696958538699549700,33.9205498046875,0.023301972076296806,0.03302222490310669,0.04274247586727142
1696958538709563400,33.9305634765625,0.013714875094592571,-0.01917419396340847,-0.024367205798625946
1696958538719577000,33.9405771484375,0.022236740216612816,0.04687025398015976,0.018242115154862404
1696958538729590500,33.95059057617188,0.03288906812667847,-0.02343512699007988,0.03209014609456062
1696958538739604200,33.96060424804688,0.021171506494283676,-0.007456631399691105,-0.044606633484363556
1696958538749617700,33.97061767578125,0.021171506494283676,0.04473978653550148,0.047003407031297684
1696958538759631400,33.98063134765625,0.03288906812667847,-0.01917419396340847,-0.015845341607928276
1696958538769645000,33.99064501953125,0.027562905102968216,0.02023942768573761,0.007589785382151604
1696958538779658500,34.00065844726562,0.024367205798625946,0.007456631399691105,0.004394086077809334
1696958538789672200,34.01067211914062,0.025432437658309937,0.04687025398015976,-0.009453942999243736
1696958538799685600,34.020685546875,0.033954303711652756,0.02769605815410614,0.028894444927573204
1696958538809699300,34.03069921875,0.027562905102968216,0.0063913981430232525,-0.025432437658309937
1696958538819713000,34.040713134765625,0.025432437658309937,0.04900071769952774,0.020372580736875534
1696958538829726500,34.0507265625,0.030758604407310486,0.02343512699007988,-0.006258244160562754
1696958538839740200,34.060740234375,0.03608476743102074,0.01810896210372448,0.03528584539890289
1696958538849753900,34.07075390625,0.027562905102968216,0,-0.025432437658309937
1696958538859767300,34.080767333984376,0.028628136962652206,0.04047885537147522,0.025698747485876083
1696958538869781000,34.09078100585938,0.03928046673536301,0.00852186419069767,0.031024912372231483
1696958538879794700,34.10079467773438,0.03288906812667847,-0.02556559257209301,-0.022236740216612816
1696958538889808400,34.11080834960938,0.025432437658309937,0.01917419396340847,0.040612008422613144
1696958538899822000,34.12082202148437,0.035019535571336746,0.0031956990715116262,0.011850717477500439
1696958538909835500,34.13083544921875,0.033954303711652756,0.0021304660476744175,0.020372580736875534
1696958538919849200,34.14084912109375,0.027562905102968216,-0.01384802907705307,0.007589785382151604
1696958538929863000,34.15086279296875,0.024367205798625946,0.02876129187643528,0.029959678649902344
1696958538939876600,34.160876708984375,0.03288906812667847,0.012782796286046505,0.0033288532868027687
1696958538949890300,34.170890380859376,0.027562905102968216,0.0106523297727108,0.034220609813928604
1696958538959904000,34.18090405273438,0.023301972076296806,0.0106523297727108,-0.014780107885599136
1696958538969917400,34.19091748046875,0.023301972076296806,0.05645735189318657,0.037416309118270874
1696958538979931100,34.20093115234375,0.030758604407310486,0.0010652330238372087,0.010785484686493874
1696958538989944800,34.21094482421875,0.025432437658309937,0.009587096981704235,-0.006258244160562754
1696958538999958500,34.22095849609375,0.022236740216612816,0.03089175745844841,0.022503048181533813
1696958539009972200,34.23097216796875,0.03288906812667847,0.01810896210372448,0.013981183059513569
1696958539019985700,34.24098559570312,0.03608476743102074,-0.01704372838139534,0.009720250964164734
1696958539029999400,34.25099926757812,0.026497671380639076,0,-0.004127778112888336
1696958539040013000,34.261012939453124,0.03288906812667847,0.0053261648863554,0.028894444927573204
1696958539050026800,34.27102685546875,0.040345702320337296,-0.01704372838139534,0.012915950268507004
1696958539060040400,34.28104052734375,0.031823836266994476,-0.02556559257209301,0.004394086077809334
1696958539070054000,34.29105395507813,0.027562905102968216,0.01491326279938221,0.011850717477500439
1696958539080067600,34.30106762695313,0.035019535571336746,-0.009587096981704235,0.018242115154862404
1696958539090081300,34.31108129882813,0.035019535571336746,-0.02556559257209301,0.011850717477500439
1696958539100095000,34.32109497070312,0.027562905102968216,-0.0053261648863554,0.00226362026296556
1696958539110108700,34.33110864257812,0.027562905102968216,0,0.008655018173158169
1696958539120122000,34.3411220703125,0.031823836266994476,0.007456631399691105,0.019307348877191544
1696958539130135800,34.3511357421875,0.029693370684981346,-0.02236989326775074,-0.004127778112888336
1696958539140149500,34.3611494140625,0.023301972076296806,0.009587096981704235,-0.001997311832383275
1696958539150163200,34.3711630859375,0.027562905102968216,0.012782796286046505,0.012915950268507004
1696958539160177000,34.38117700195313,0.028628136962652206,-0.0053261648863554,0.009720250964164734
1696958539170190300,34.3911904296875,0.026497671380639076,-0.01704372838139534,-0.021171506494283676
1696958539180204000,34.4012041015625,0.021171506494283676,0.0159784946590662,0.007589785382151604
1696958539190217700,34.4112177734375,0.030758604407310486,0.0021304660476744175,0.005459319334477186
1696958539200231400,34.4212314453125,0.030758604407310486,-0.02663082629442215,0.0011983871227130294
1696958539210245000,34.4312451171875,0.021171506494283676,0.0021304660476744175,-0.008388710208237171
1696958539220258600,34.44125854492187,0.026497671380639076,0.01384802907705307,0.008655018173158169
1696958539230272300,34.45127221679687,0.03608476743102074,-0.01491326279938221,0.026763979345560074
1696958539240286000,34.461285888671874,0.025432437658309937,-0.009587096981704235,-0.019041040912270546
1696958539250299600,34.471299560546875,0.022236740216612816,0.01704372838139534,0.023568280041217804
1696958539260313300,34.481313232421876,0.037150003015995026,-0.01917419396340847,0.010785484686493874
1696958539270326800,34.491326904296876,0.031823836266994476,-0.012782796286046505,0.026763979345560074
1696958539280340500,34.50134057617188,0.024367205798625946,-0.01917419396340847,-0.019041040912270546
1696958539290354200,34.51135424804688,0.033954303711652756,-0.0021304660476744175,0.03954677656292915
1696958539300368000,34.52136791992187,0.03608476743102074,-0.01384802907705307,0.007589785382151604
1696958539310381600,34.53138159179687,0.033954303711652756,-0.04473978653550148,-0.007323476951569319
1696958539320395000,34.54139501953125,0.027562905102968216,0.01171756349503994,0.028894444927573204
1696958539330408700,34.55140869140625,0.035019535571336746,-0.0106523297727108,-0.011584409512579441
1696958539340422400,34.56142236328125,0.03608476743102074,-0.0063913981430232525,0.040612008422613144
1696958539350436000,34.57143603515625,0.027562905102968216,-0.02023942768573761,-0.035019535571336746
1696958539360449800,34.58144970703125,0.025432437658309937,0.0426093190908432,0.020372580736875534
1696958539370463200,34.591463134765625,0.037150003015995026,0.007456631399691105,0.022503048181533813
1696958539380477000,34.601476806640626,0.029693370684981346,-0.0021304660476744175,-0.044606633484363556
1696958539390490600,34.61149072265625,0.027562905102968216,0.03728315606713295,0.034220609813928604
1696958539400504300,34.62150439453125,0.028628136962652206,0.02236989326775074,-0.028628136962652206
1696958539410518000,34.63151806640625,0.035019535571336746,0.01704372838139534,0.016111649572849274
1696958539420531500,34.64153149414062,0.028628136962652206,-0.0213046595454216,-0.038215234875679016
1696958539430545200,34.65154516601562,0.028628136962652206,0.04580501839518547,0.015046416781842709
1696958539440558800,34.661558837890624,0.03608476743102074,-0.02982652559876442,-0.026497671380639076
1696958539450572500,34.671572509765625,0.030758604407310486,0,-0.001997311832383275
1696958539460586200,34.681586181640625,0.027562905102968216,-0.01171756349503994,-0.028628136962652206
1696958539470600000,34.691599853515626,0.030758604407310486,0.0063913981430232525,0.00226362026296556
1696958539480613400,34.70161328125,0.035019535571336746,-0.02663082629442215,-0.006258244160562754
1696958539490627000,34.711626953125,0.024367205798625946,0.01171756349503994,-0.022236740216612816
1696958539500640800,34.72164086914062,0.025432437658309937,0.0106523297727108,-0.012649642303586006
1696958539510654500,34.73165454101562,0.031823836266994476,0.012782796286046505,0.019307348877191544
1696958539520668200,34.74166821289062,0.027562905102968216,0.0021304660476744175,-0.026497671380639076
1696958539530681600,34.751681640625,0.019041040912270546,0.03302222490310669,-0.0030625448562204838
1696958539540695300,34.7616953125,0.028628136962652206,0.0106523297727108,0.015046416781842709
1696958539550709000,34.771708984375,0.027562905102968216,0.012782796286046505,-0.008388710208237171
1696958539560722700,34.78172265625,0.021171506494283676,0.01704372838139534,-0.007323476951569319
1696958539570736400,34.791736328125,0.024367205798625946,-0.00852186419069767,0.005459319334477186
1696958539580749800,34.801749755859376,0.031823836266994476,0.01917419396340847,0.012915950268507004
1696958539590763500,34.81176342773438,0.027562905102968216,-0.02556559257209301,-0.006258244160562754
1696958539600777200,34.82177709960938,0.020106272771954536,0.0053261648863554,-0.012649642303586006
1696958539610791000,34.831791015625,0.033954303711652756,-0.02236989326775074,0.040612008422613144
1696958539620804600,34.8418046875,0.028628136962652206,-0.0053261648863554,-0.03928046673536301
1696958539630818000,34.85181811523437,0.025432437658309937,-0.00852186419069767,0.036351077258586884
1696958539640831700,34.861831787109374,0.025432437658309937,-0.02769605815410614,-0.03288906812667847
1696958539650845400,34.871845458984374,0.028628136962652206,0.02663082629442215,0.037416309118270874
1696958539660859100,34.881859130859375,0.022236740216612816,-0.03515268862247467,-0.027562905102968216
1696958539670872800,34.891872802734376,0.020106272771954536,0.0031956990715116262,0.0001331541279796511
1696958539680886300,34.90188623046875,0.025432437658309937,-0.0010652330238372087,0.024633513763546944
1696958539690900000,34.91189990234375,0.020106272771954536,-0.0010652330238372087,-0.035019535571336746
1696958539700913700,34.92191357421875,0.016910573467612267,0.009587096981704235,0.021437814459204674
1696958539710927400,34.93192724609375,0.023301972076296806,-0.02556559257209301,-0.009453942999243736
1696958539720941000,34.94194116210937,0.021171506494283676,0.0426093190908432,0.010785484686493874
1696958539730954500,34.95195458984375,0.013714875094592571,-0.007456631399691105,-0.022236740216612816
1696958539740968200,34.96196826171875,0.021171506494283676,0.02023942768573761,0.017176883295178413
1696958539750982000,34.97198193359375,0.021171506494283676,0.02769605815410614,0.0033288532868027687
1696958539760995600,34.98199560546875,0.013714875094592571,0.0031956990715116262,-0.031823836266994476
1696958539771009300,34.99200927734375,0.016910573467612267,0.02769605815410614,0.023568280041217804
1696958539781022700,35.002022705078126,0.023301972076296806,0.01491326279938221,-0.006258244160562754
1696958539791036400,35.01203637695313,0.016910573467612267,0.02450035884976387,-0.030758604407310486
1696958539801050000,35.02205004882813,0.014780107885599136,0.00852186419069767,0.009720250964164734
1696958539811063800,35.03206372070313,0.023301972076296806,0.02982652559876442,-0.0009320789249613881
1696958539821077500,35.04207739257812,0.021171506494283676,0.0053261648863554,-0.019041040912270546
1696958539831091000,35.05209106445312,0.012649642303586006,0.02450035884976387,-0.012649642303586006
1696958539841104600,35.06210473632812,0.023301972076296806,0.01384802907705307,0.018242115154862404
1696958539851118300,35.072118408203124,0.022236740216612816,0.0010652330238372087,-0.026497671380639076
1696958539861132000,35.082132080078125,0.012649642303586006,0.012782796286046505,-0.007323476951569319
1696958539871145700,35.092145751953126,0.019041040912270546,0.0010652330238372087,0.006524552125483751
1696958539881159200,35.1021591796875,0.027562905102968216,0.0021304660476744175,0.007589785382151604
1696958539891172900,35.1121728515625,0.015845341607928276,-0.0159784946590662,-0.020106272771954536
1696958539901186600,35.1221865234375,0.014780107885599136,0.0159784946590662,0.009720250964164734
1696958539911200300,35.1322001953125,0.025432437658309937,-0.01491326279938221,0.025698747485876083
1696958539921214000,35.1422138671875,0.012649642303586006,-0.0063913981430232525,-0.024367205798625946
1696958539931227400,35.15222729492187,0.007323476951569319,0.01917419396340847,0.017176883295178413
1696958539941241000,35.16224096679687,0.021171506494283676,-0.02023942768573761,0.036351077258586884
1696958539951254800,35.1722548828125,0.009453942999243736,0.01704372838139534,-0.010519175790250301
1696958539961268500,35.1822685546875,0.0009320789249613881,0.0010652330238372087,0.004394086077809334
1696958539971282200,35.1922822265625,0.014780107885599136,-0.02450035884976387,0.047003407031297684
1696958539981295900,35.2022958984375,0.008388710208237171,0.01917419396340847,-0.006258244160562754
1696958539991309300,35.21230932617188,-0.0001331541279796511,-0.02876129187643528,0.010785484686493874
1696958540001323000,35.22232299804688,0.005193010903894901,-0.007456631399691105,0.027829213067889214
1696958540011336400,35.23233642578125,0.009453942999243736,0.0106523297727108,0.024633513763546944
1696958540021350100,35.24235009765625,0.0009320789249613881,-0.05113118514418602,-0.021171506494283676
1696958540031363800,35.25236376953125,-0.0011983871227130294,-0.0021304660476744175,0.028894444927573204
1696958540041377300,35.26237719726562,0.006258244160562754,0.01171756349503994,0.028894444927573204
1696958540051391000,35.27239086914062,-0.00226362026296556,-0.03834838792681694,-0.037150003015995026
1696958540061404400,35.282404296875,-0.004394086077809334,0.012782796286046505,0.031024912372231483
1696958540071418000,35.292418212890624,-0.0001331541279796511,0.0031956990715116262,0.0033288532868027687
1696958540081431800,35.302431884765625,-0.0033288532868027687,0.0053261648863554,-0.015845341607928276
1696958540091445200,35.3124453125,-0.007589785382151604,-0.01171756349503994,0.009720250964164734
1696958540101459000,35.322458984375,-0.00226362026296556,0.01171756349503994,-0.0030625448562204838
1696958540111472400,35.332472412109375,-0.004394086077809334,0.009587096981704235,-0.0030625448562204838
1696958540121486000,35.342486083984376,-0.008655018173158169,-0.02982652559876442,-0.016910573467612267
1696958540131499800,35.35249975585938,-0.009720250964164734,0.0159784946590662,0.004394086077809334
1696958540141513200,35.36251318359375,-0.0001331541279796511,-0.01704372838139534,0.009720250964164734
1696958540151527000,35.37252685546875,-0.006524552125483751,-0.05752258375287056,-0.035019535571336746
1696958540161540400,35.38254028320313,-0.011850717477500439,0.0010652330238372087,0.012915950268507004
1696958540171554000,35.39255395507813,-0.0033288532868027687,-0.04367455467581749,-0.0009320789249613881
1696958540181567700,35.40256762695312,-0.005459319334477186,-0.03302222490310669,-0.005193010903894901
1696958540191581200,35.41258129882812,-0.016111649572849274,-0.03621792420744896,-0.015845341607928276
1696958540201595000,35.42259497070312,-0.011850717477500439,-0.0031956990715116262,0.021437814459204674
1696958540211608300,35.4326083984375,-0.005459319334477186,-0.0426093190908432,0.0001331541279796511
1696958540221622000,35.4426220703125,-0.018242115154862404,-0.0213046595454216,-0.014780107885599136
1696958540231635700,35.4526357421875,-0.020372580736875534,-0.0010652330238372087,0.016111649572849274
1696958540241649200,35.462649169921875,-0.011850717477500439,-0.0213046595454216,0.020372580736875534
1696958540251662800,35.472662841796875,-0.018242115154862404,-0.02236989326775074,-0.016910573467612267
1696958540261676300,35.48267626953125,-0.027829213067889214,-0.0106523297727108,0.017176883295178413
1696958540271690000,35.49268994140625,-0.019307348877191544,0.0031956990715116262,0.010785484686493874
1696958540281703700,35.50270361328125,-0.018242115154862404,-0.02343512699007988,0.023568280041217804
1696958540291717000,35.51271704101563,-0.028894444927573204,-0.03408745676279068,-0.026497671380639076
1696958540301730800,35.52273071289063,-0.023568280041217804,0.01810896210372448,0.054460037499666214
1696958540311744500,35.53274462890625,-0.022503048181533813,-0.03941362351179123,-0.006258244160562754
1696958540321758000,35.54275805664062,-0.026763979345560074,0,-0.007323476951569319
1696958540331771600,35.55277172851562,-0.029959678649902344,-0.01491326279938221,0.043807707726955414
1696958540341785300,35.562785400390624,-0.025698747485876083,0.007456631399691105,-0.028628136962652206
1696958540351799000,35.572799072265624,-0.021437814459204674,-0.0159784946590662,0.050199106335639954
1696958540361812700,35.582812744140625,-0.037416309118270874,-0.0031956990715116262,-0.040345702320337296
1696958540371826200,35.592826171875,-0.025698747485876083,0.03089175745844841,0.050199106335639954
1696958540381840000,35.60283984375,-0.024633513763546944,-0.02236989326775074,-0.029693370684981346
1696958540391853600,35.612853515625,-0.034220609813928604,0.04047885537147522,0.023568280041217804
1696958540401867300,35.6228671875,-0.031024912372231483,-0.0063913981430232525,-0.017975807189941406
1696958540411881000,35.632880859375,-0.021437814459204674,0.01384802907705307,0.03528584539890289
1696958540421894400,35.64289428710938,-0.029959678649902344,0.0106523297727108,-0.028628136962652206
1696958540431908000,35.652908203125,-0.028894444927573204,0.02023942768573761,0.022503048181533813
1696958540441921800,35.662921875,-0.019307348877191544,-0.02982652559876442,-0.010519175790250301
1696958540451935500,35.672935546875,-0.031024912372231483,0.03834838792681694,-0.019041040912270546
1696958540461949200,35.68294921875,-0.029959678649902344,-0.0031956990715116262,0.0001331541279796511
1696958540471962600,35.692962646484375,-0.018242115154862404,0.004260932095348835,0.016111649572849274
1696958540481976300,35.702976318359376,-0.024633513763546944,0,-0.035019535571336746
1696958540491990000,35.71298999023438,-0.03209014609456062,0.03302222490310669,0.021437814459204674
1696958540502003700,35.72300366210938,-0.019307348877191544,-0.0021304660476744175,-0.005193010903894901
1696958540512017400,35.73301733398438,-0.019307348877191544,0.0159784946590662,0.00226362026296556
1696958540522030800,35.74303076171875,-0.033155377954244614,0.01704372838139534,-0.037150003015995026
1696958540532044500,35.75304443359375,-0.020372580736875534,0.03728315606713295,0.043807707726955414
1696958540542058200,35.76305834960937,-0.019307348877191544,-0.03302222490310669,-0.03608476743102074
1696958540552072000,35.773072021484374,-0.03209014609456062,0.0532616525888443,-0.016910573467612267
1696958540562085600,35.783085693359375,-0.020372580736875534,-0.02663082629442215,0.029959678649902344
1696958540572099000,35.79309912109375,-0.018242115154862404,-0.009587096981704235,-0.038215234875679016
1696958540582112800,35.80311279296875,-0.031024912372231483,0.0319569893181324,0.0011983871227130294
1696958540592126500,35.81312646484375,-0.020372580736875534,-0.03834838792681694,0.010785484686493874
1696958540602140200,35.82314013671875,-0.015046416781842709,-0.00852186419069767,0.005459319334477186
1696958540612153900,35.83315380859375,-0.033155377954244614,0.02450035884976387,-0.026497671380639076
1696958540622167300,35.84316723632813,-0.018242115154862404,-0.02663082629442215,0.040612008422613144
1696958540632181000,35.85318090820312,-0.015046416781842709,-0.00852186419069767,0.008655018173158169
1696958540642194700,35.86319458007812,-0.033155377954244614,0.0159784946590662,-0.038215234875679016
1696958540652208400,35.87320849609375,-0.021437814459204674,0.0063913981430232525,0.07150376588106155
1696958540662222000,35.88322216796875,-0.018242115154862404,-0.01171756349503994,-0.021171506494283676
1696958540672235500,35.893235595703125,-0.03209014609456062,0.04900071769952774,-0.0030625448562204838
1696958540682249200,35.903249267578126,-0.021437814459204674,-0.01704372838139534,0.043807707726955414
1696958540692263000,35.913262939453126,-0.019307348877191544,0.02023942768573761,-0.021171506494283676
1696958540702276600,35.92327661132813,-0.031024912372231483,0.03408745676279068,0.0011983871227130294
1696958540712290300,35.93329028320313,-0.021437814459204674,0.0010652330238372087,0.021437814459204674
1696958540722304000,35.94330395507812,-0.021437814459204674,0.02023942768573761,-0.016910573467612267
1696958540732317400,35.9533173828125,-0.027829213067889214,0.01704372838139534,-0.010519175790250301
1696958540742331100,35.9633310546875,-0.018242115154862404,-0.007456631399691105,0.018242115154862404
1696958540752344800,35.9733447265625,-0.018242115154862404,0.0031956990715116262,-0.019041040912270546
1696958540762358500,35.983358642578125,-0.026763979345560074,0.0106523297727108,-0.022236740216612816
1696958540772372200,35.993372314453126,-0.021437814459204674,0,0.011850717477500439
1696958540782385700,36.0033857421875,-0.016111649572849274,-0.01704372838139534,-0.009453942999243736
1696958540792399400,36.0133994140625,-0.027829213067889214,0.00852186419069767,-0.019041040912270546
1696958540802413000,36.0234130859375,-0.023568280041217804,0.0021304660476744175,0.011850717477500439
1696958540812426800,36.0334267578125,-0.016111649572849274,-0.03728315606713295,-0.006258244160562754
1696958540822440400,36.0434404296875,-0.03209014609456062,0.03302222490310669,-0.015845341607928276
1696958540832454000,36.05345385742187,-0.028894444927573204,-0.012782796286046505,0.013981183059513569
1696958540842467600,36.06346752929687,-0.019307348877191544,-0.009587096981704235,0.004394086077809334
1696958540852481300,36.07348120117187,-0.03209014609456062,0.009587096981704235,-0.001997311832383275
1696958540862495000,36.083494873046874,-0.029959678649902344,-0.0031956990715116262,0.0001331541279796511
1696958540872508700,36.0935087890625,-0.016111649572849274,-0.01384802907705307,0.047003407031297684
1696958540882522000,36.103522216796875,-0.029959678649902344,0.0053261648863554,-0.045671865344047546
1696958540892535800,36.113535888671876,-0.028894444927573204,0.012782796286046505,0.051264338195323944
1696958540902549500,36.12354956054688,-0.017176883295178413,-0.02450035884976387,0.025698747485876083
1696958540912563200,36.13356323242188,-0.031024912372231483,0.02556559257209301,-0.022236740216612816
1696958540922577000,36.14357690429687,-0.029959678649902344,-0.007456631399691105,0.0555252730846405
1696958540932590300,36.15359033203125,-0.020372580736875534,-0.01171756349503994,0.005459319334477186
1696958540942604000,36.16360400390625,-0.027829213067889214,0.0319569893181324,0.009720250964164734
1696958540952617700,36.17361767578125,-0.031024912372231483,-0.03089175745844841,0.020372580736875534
1696958540962631400,36.18363134765625,-0.019307348877191544,0.0063913981430232525,0.027829213067889214
1696958540972645000,36.19364501953125,-0.026763979345560074,0,-0.007323476951569319
